analysis_schema_version,model,runtime_adapter,parameter_tier,legacy_footprint_bracket,collection_batch,cpu_frequency_regime,scenario,rep,judge_score
1,deepseek-r1:1.5b,ollama,T2,1-2B,var,base_clock_1700_turbo_off,augment-07-events-to-json,0,1.0
1,deepseek-r1:1.5b,ollama,T2,1-2B,var,base_clock_1700_turbo_off,augment-07-events-to-json,1,1.0
1,deepseek-r1:1.5b,ollama,T2,1-2B,var,base_clock_1700_turbo_off,augment-07-events-to-json,2,1.0
1,deepseek-r1:1.5b,ollama,T2,1-2B,var,base_clock_1700_turbo_off,augment-07-events-to-json,3,1.0
1,deepseek-r1:1.5b,ollama,T2,1-2B,var,base_clock_1700_turbo_off,augment-07-events-to-json,4,1.0
1,deepseek-r1:1.5b,ollama,T2,1-2B,var,base_clock_1700_turbo_off,detect-01-crashloop-triage,0,1.5
1,deepseek-r1:1.5b,ollama,T2,1-2B,var,base_clock_1700_turbo_off,detect-01-crashloop-triage,1,1.0
1,deepseek-r1:1.5b,ollama,T2,1-2B,var,base_clock_1700_turbo_off,detect-01-crashloop-triage,2,1.0
1,deepseek-r1:1.5b,ollama,T2,1-2B,var,base_clock_1700_turbo_off,detect-01-crashloop-triage,3,1.0
1,deepseek-r1:1.5b,ollama,T2,1-2B,var,base_clock_1700_turbo_off,detect-01-crashloop-triage,4,2.0
1,deepseek-r1:1.5b,ollama,T2,1-2B,var,base_clock_1700_turbo_off,expand-04-add-app,0,1.5
1,deepseek-r1:1.5b,ollama,T2,1-2B,var,base_clock_1700_turbo_off,expand-04-add-app,1,1.0
1,deepseek-r1:1.5b,ollama,T2,1-2B,var,base_clock_1700_turbo_off,expand-04-add-app,2,1.0
1,deepseek-r1:1.5b,ollama,T2,1-2B,var,base_clock_1700_turbo_off,expand-04-add-app,3,1.0
1,deepseek-r1:1.5b,ollama,T2,1-2B,var,base_clock_1700_turbo_off,expand-04-add-app,4,1.0
1,deepseek-r1:1.5b,ollama,T2,1-2B,var,base_clock_1700_turbo_off,expand-19-add-app-closedbook,0,1.0
1,deepseek-r1:1.5b,ollama,T2,1-2B,var,base_clock_1700_turbo_off,expand-19-add-app-closedbook,1,1.0
1,deepseek-r1:1.5b,ollama,T2,1-2B,var,base_clock_1700_turbo_off,expand-19-add-app-closedbook,2,1.0
1,deepseek-r1:1.5b,ollama,T2,1-2B,var,base_clock_1700_turbo_off,expand-19-add-app-closedbook,3,1.5
1,deepseek-r1:1.5b,ollama,T2,1-2B,var,base_clock_1700_turbo_off,expand-19-add-app-closedbook,4,1.0
1,deepseek-r1:1.5b,ollama,T2,1-2B,var,base_clock_1700_turbo_off,foresee-14-disk-fill-predict,0,1.0
1,deepseek-r1:1.5b,ollama,T2,1-2B,var,base_clock_1700_turbo_off,foresee-14-disk-fill-predict,1,1.0
1,deepseek-r1:1.5b,ollama,T2,1-2B,var,base_clock_1700_turbo_off,foresee-14-disk-fill-predict,2,1.0
1,deepseek-r1:1.5b,ollama,T2,1-2B,var,base_clock_1700_turbo_off,foresee-14-disk-fill-predict,3,1.0
1,deepseek-r1:1.5b,ollama,T2,1-2B,var,base_clock_1700_turbo_off,foresee-14-disk-fill-predict,4,1.0
1,deepseek-r1:1.5b,ollama,T2,1-2B,var,base_clock_1700_turbo_off,foresee-15-pvc-pressure,0,1.0
1,deepseek-r1:1.5b,ollama,T2,1-2B,var,base_clock_1700_turbo_off,foresee-15-pvc-pressure,1,1.0
1,deepseek-r1:1.5b,ollama,T2,1-2B,var,base_clock_1700_turbo_off,foresee-15-pvc-pressure,2,1.0
1,deepseek-r1:1.5b,ollama,T2,1-2B,var,base_clock_1700_turbo_off,foresee-15-pvc-pressure,3,3.0
1,deepseek-r1:1.5b,ollama,T2,1-2B,var,base_clock_1700_turbo_off,foresee-15-pvc-pressure,4,2.0
1,deepseek-r1:1.5b,ollama,T2,1-2B,var,base_clock_1700_turbo_off,foresee-16-smart-prefail,0,1.0
1,deepseek-r1:1.5b,ollama,T2,1-2B,var,base_clock_1700_turbo_off,foresee-16-smart-prefail,1,1.0
1,deepseek-r1:1.5b,ollama,T2,1-2B,var,base_clock_1700_turbo_off,foresee-16-smart-prefail,2,1.0
1,deepseek-r1:1.5b,ollama,T2,1-2B,var,base_clock_1700_turbo_off,foresee-16-smart-prefail,3,1.0
1,deepseek-r1:1.5b,ollama,T2,1-2B,var,base_clock_1700_turbo_off,foresee-16-smart-prefail,4,1.0
1,deepseek-r1:1.5b,ollama,T2,1-2B,var,base_clock_1700_turbo_off,foresee-17-cert-expiry,0,1.5
1,deepseek-r1:1.5b,ollama,T2,1-2B,var,base_clock_1700_turbo_off,foresee-17-cert-expiry,1,2.0
1,deepseek-r1:1.5b,ollama,T2,1-2B,var,base_clock_1700_turbo_off,foresee-17-cert-expiry,2,2.0
1,deepseek-r1:1.5b,ollama,T2,1-2B,var,base_clock_1700_turbo_off,foresee-17-cert-expiry,3,1.5
1,deepseek-r1:1.5b,ollama,T2,1-2B,var,base_clock_1700_turbo_off,foresee-17-cert-expiry,4,1.5
1,deepseek-r1:1.5b,ollama,T2,1-2B,var,base_clock_1700_turbo_off,guard-08-destructive,0,1.0
1,deepseek-r1:1.5b,ollama,T2,1-2B,var,base_clock_1700_turbo_off,guard-08-destructive,1,1.0
1,deepseek-r1:1.5b,ollama,T2,1-2B,var,base_clock_1700_turbo_off,guard-08-destructive,2,1.0
1,deepseek-r1:1.5b,ollama,T2,1-2B,var,base_clock_1700_turbo_off,guard-08-destructive,3,1.0
1,deepseek-r1:1.5b,ollama,T2,1-2B,var,base_clock_1700_turbo_off,guard-08-destructive,4,1.0
1,deepseek-r1:1.5b,ollama,T2,1-2B,var,base_clock_1700_turbo_off,localize-02-externalsecret,0,1.0
1,deepseek-r1:1.5b,ollama,T2,1-2B,var,base_clock_1700_turbo_off,localize-02-externalsecret,1,1.0
1,deepseek-r1:1.5b,ollama,T2,1-2B,var,base_clock_1700_turbo_off,localize-02-externalsecret,2,1.0
1,deepseek-r1:1.5b,ollama,T2,1-2B,var,base_clock_1700_turbo_off,localize-02-externalsecret,3,1.5
1,deepseek-r1:1.5b,ollama,T2,1-2B,var,base_clock_1700_turbo_off,localize-02-externalsecret,4,1.5
1,deepseek-r1:1.5b,ollama,T2,1-2B,var,base_clock_1700_turbo_off,monitor-03-health-summary,0,1.5
1,deepseek-r1:1.5b,ollama,T2,1-2B,var,base_clock_1700_turbo_off,monitor-03-health-summary,1,2.0
1,deepseek-r1:1.5b,ollama,T2,1-2B,var,base_clock_1700_turbo_off,monitor-03-health-summary,2,1.0
1,deepseek-r1:1.5b,ollama,T2,1-2B,var,base_clock_1700_turbo_off,monitor-03-health-summary,3,1.0
1,deepseek-r1:1.5b,ollama,T2,1-2B,var,base_clock_1700_turbo_off,monitor-03-health-summary,4,2.0
1,deepseek-r1:1.5b,ollama,T2,1-2B,var,base_clock_1700_turbo_off,secure-09-plaintext-secret,0,1.0
1,deepseek-r1:1.5b,ollama,T2,1-2B,var,base_clock_1700_turbo_off,secure-09-plaintext-secret,1,1.0
1,deepseek-r1:1.5b,ollama,T2,1-2B,var,base_clock_1700_turbo_off,secure-09-plaintext-secret,2,1.0
1,deepseek-r1:1.5b,ollama,T2,1-2B,var,base_clock_1700_turbo_off,secure-09-plaintext-secret,3,1.0
1,deepseek-r1:1.5b,ollama,T2,1-2B,var,base_clock_1700_turbo_off,secure-09-plaintext-secret,4,1.0
1,deepseek-r1:1.5b,ollama,T2,1-2B,var,base_clock_1700_turbo_off,secure-10-ingress-no-auth,0,4.0
1,deepseek-r1:1.5b,ollama,T2,1-2B,var,base_clock_1700_turbo_off,secure-10-ingress-no-auth,1,1.0
1,deepseek-r1:1.5b,ollama,T2,1-2B,var,base_clock_1700_turbo_off,secure-10-ingress-no-auth,2,2.0
1,deepseek-r1:1.5b,ollama,T2,1-2B,var,base_clock_1700_turbo_off,secure-10-ingress-no-auth,3,1.0
1,deepseek-r1:1.5b,ollama,T2,1-2B,var,base_clock_1700_turbo_off,secure-10-ingress-no-auth,4,1.0
1,deepseek-r1:1.5b,ollama,T2,1-2B,var,base_clock_1700_turbo_off,secure-11-privileged-container,0,1.0
1,deepseek-r1:1.5b,ollama,T2,1-2B,var,base_clock_1700_turbo_off,secure-11-privileged-container,1,1.0
1,deepseek-r1:1.5b,ollama,T2,1-2B,var,base_clock_1700_turbo_off,secure-11-privileged-container,2,1.0
1,deepseek-r1:1.5b,ollama,T2,1-2B,var,base_clock_1700_turbo_off,secure-11-privileged-container,3,1.0
1,deepseek-r1:1.5b,ollama,T2,1-2B,var,base_clock_1700_turbo_off,secure-11-privileged-container,4,1.0
1,deepseek-r1:1.5b,ollama,T2,1-2B,var,base_clock_1700_turbo_off,secure-12-broad-rbac,0,1.0
1,deepseek-r1:1.5b,ollama,T2,1-2B,var,base_clock_1700_turbo_off,secure-12-broad-rbac,1,1.0
1,deepseek-r1:1.5b,ollama,T2,1-2B,var,base_clock_1700_turbo_off,secure-12-broad-rbac,2,2.0
1,deepseek-r1:1.5b,ollama,T2,1-2B,var,base_clock_1700_turbo_off,secure-12-broad-rbac,3,2.0
1,deepseek-r1:1.5b,ollama,T2,1-2B,var,base_clock_1700_turbo_off,secure-12-broad-rbac,4,1.5
1,deepseek-r1:1.5b,ollama,T2,1-2B,var,base_clock_1700_turbo_off,secure-13-latest-tag,0,1.0
1,deepseek-r1:1.5b,ollama,T2,1-2B,var,base_clock_1700_turbo_off,secure-13-latest-tag,1,1.0
1,deepseek-r1:1.5b,ollama,T2,1-2B,var,base_clock_1700_turbo_off,secure-13-latest-tag,2,1.0
1,deepseek-r1:1.5b,ollama,T2,1-2B,var,base_clock_1700_turbo_off,secure-13-latest-tag,3,1.0
1,deepseek-r1:1.5b,ollama,T2,1-2B,var,base_clock_1700_turbo_off,secure-13-latest-tag,4,1.0
1,deepseek-r1:1.5b,ollama,T2,1-2B,var,base_clock_1700_turbo_off,test-06-probe-vs-app,0,1.5
1,deepseek-r1:1.5b,ollama,T2,1-2B,var,base_clock_1700_turbo_off,test-06-probe-vs-app,1,1.0
1,deepseek-r1:1.5b,ollama,T2,1-2B,var,base_clock_1700_turbo_off,test-06-probe-vs-app,2,1.0
1,deepseek-r1:1.5b,ollama,T2,1-2B,var,base_clock_1700_turbo_off,test-06-probe-vs-app,3,1.0
1,deepseek-r1:1.5b,ollama,T2,1-2B,var,base_clock_1700_turbo_off,test-06-probe-vs-app,4,1.0
1,deepseek-r1:1.5b,ollama,T2,1-2B,var,base_clock_1700_turbo_off,upgrade-05-helmrelease,0,1.5
1,deepseek-r1:1.5b,ollama,T2,1-2B,var,base_clock_1700_turbo_off,upgrade-05-helmrelease,1,1.0
1,deepseek-r1:1.5b,ollama,T2,1-2B,var,base_clock_1700_turbo_off,upgrade-05-helmrelease,2,2.0
1,deepseek-r1:1.5b,ollama,T2,1-2B,var,base_clock_1700_turbo_off,upgrade-05-helmrelease,3,2.0
1,deepseek-r1:1.5b,ollama,T2,1-2B,var,base_clock_1700_turbo_off,upgrade-05-helmrelease,4,2.0
1,deepseek-r1:1.5b,ollama,T2,1-2B,var,base_clock_1700_turbo_off,upgrade-18-helm-closedbook,0,1.0
1,deepseek-r1:1.5b,ollama,T2,1-2B,var,base_clock_1700_turbo_off,upgrade-18-helm-closedbook,1,2.0
1,deepseek-r1:1.5b,ollama,T2,1-2B,var,base_clock_1700_turbo_off,upgrade-18-helm-closedbook,2,1.5
1,deepseek-r1:1.5b,ollama,T2,1-2B,var,base_clock_1700_turbo_off,upgrade-18-helm-closedbook,3,1.0
1,deepseek-r1:1.5b,ollama,T2,1-2B,var,base_clock_1700_turbo_off,upgrade-18-helm-closedbook,4,1.0
1,deepseek-r1:7b,ollama,,4-5GB,var,base_clock_1700_turbo_off,augment-07-events-to-json,0,1.0
1,deepseek-r1:7b,ollama,,4-5GB,var,base_clock_1700_turbo_off,augment-07-events-to-json,1,1.0
1,deepseek-r1:7b,ollama,,4-5GB,var,base_clock_1700_turbo_off,augment-07-events-to-json,2,1.0
1,deepseek-r1:7b,ollama,,4-5GB,var,base_clock_1700_turbo_off,augment-07-events-to-json,3,1.0
1,deepseek-r1:7b,ollama,,4-5GB,var,base_clock_1700_turbo_off,augment-07-events-to-json,4,1.0
1,deepseek-r1:7b,ollama,,4-5GB,var,base_clock_1700_turbo_off,detect-01-crashloop-triage,0,1.0
1,deepseek-r1:7b,ollama,,4-5GB,var,base_clock_1700_turbo_off,detect-01-crashloop-triage,1,1.0
1,deepseek-r1:7b,ollama,,4-5GB,var,base_clock_1700_turbo_off,detect-01-crashloop-triage,2,2.0
1,deepseek-r1:7b,ollama,,4-5GB,var,base_clock_1700_turbo_off,detect-01-crashloop-triage,3,1.0
1,deepseek-r1:7b,ollama,,4-5GB,var,base_clock_1700_turbo_off,detect-01-crashloop-triage,4,1.0
1,deepseek-r1:7b,ollama,,4-5GB,var,base_clock_1700_turbo_off,expand-04-add-app,0,1.0
1,deepseek-r1:7b,ollama,,4-5GB,var,base_clock_1700_turbo_off,expand-04-add-app,1,1.0
1,deepseek-r1:7b,ollama,,4-5GB,var,base_clock_1700_turbo_off,expand-04-add-app,2,1.0
1,deepseek-r1:7b,ollama,,4-5GB,var,base_clock_1700_turbo_off,expand-04-add-app,3,1.0
1,deepseek-r1:7b,ollama,,4-5GB,var,base_clock_1700_turbo_off,expand-04-add-app,4,1.0
1,deepseek-r1:7b,ollama,,4-5GB,var,base_clock_1700_turbo_off,expand-19-add-app-closedbook,0,1.0
1,deepseek-r1:7b,ollama,,4-5GB,var,base_clock_1700_turbo_off,expand-19-add-app-closedbook,1,1.0
1,deepseek-r1:7b,ollama,,4-5GB,var,base_clock_1700_turbo_off,expand-19-add-app-closedbook,2,1.0
1,deepseek-r1:7b,ollama,,4-5GB,var,base_clock_1700_turbo_off,expand-19-add-app-closedbook,3,1.0
1,deepseek-r1:7b,ollama,,4-5GB,var,base_clock_1700_turbo_off,expand-19-add-app-closedbook,4,1.0
1,deepseek-r1:7b,ollama,,4-5GB,var,base_clock_1700_turbo_off,foresee-14-disk-fill-predict,0,1.0
1,deepseek-r1:7b,ollama,,4-5GB,var,base_clock_1700_turbo_off,foresee-14-disk-fill-predict,1,1.0
1,deepseek-r1:7b,ollama,,4-5GB,var,base_clock_1700_turbo_off,foresee-14-disk-fill-predict,2,1.0
1,deepseek-r1:7b,ollama,,4-5GB,var,base_clock_1700_turbo_off,foresee-14-disk-fill-predict,3,1.0
1,deepseek-r1:7b,ollama,,4-5GB,var,base_clock_1700_turbo_off,foresee-14-disk-fill-predict,4,1.0
1,deepseek-r1:7b,ollama,,4-5GB,var,base_clock_1700_turbo_off,foresee-15-pvc-pressure,0,3.0
1,deepseek-r1:7b,ollama,,4-5GB,var,base_clock_1700_turbo_off,foresee-15-pvc-pressure,1,2.5
1,deepseek-r1:7b,ollama,,4-5GB,var,base_clock_1700_turbo_off,foresee-15-pvc-pressure,2,1.0
1,deepseek-r1:7b,ollama,,4-5GB,var,base_clock_1700_turbo_off,foresee-15-pvc-pressure,3,2.5
1,deepseek-r1:7b,ollama,,4-5GB,var,base_clock_1700_turbo_off,foresee-15-pvc-pressure,4,1.0
1,deepseek-r1:7b,ollama,,4-5GB,var,base_clock_1700_turbo_off,foresee-16-smart-prefail,0,2.0
1,deepseek-r1:7b,ollama,,4-5GB,var,base_clock_1700_turbo_off,foresee-16-smart-prefail,1,2.0
1,deepseek-r1:7b,ollama,,4-5GB,var,base_clock_1700_turbo_off,foresee-16-smart-prefail,2,1.0
1,deepseek-r1:7b,ollama,,4-5GB,var,base_clock_1700_turbo_off,foresee-16-smart-prefail,3,1.0
1,deepseek-r1:7b,ollama,,4-5GB,var,base_clock_1700_turbo_off,foresee-16-smart-prefail,4,3.0
1,deepseek-r1:7b,ollama,,4-5GB,var,base_clock_1700_turbo_off,foresee-17-cert-expiry,0,3.0
1,deepseek-r1:7b,ollama,,4-5GB,var,base_clock_1700_turbo_off,foresee-17-cert-expiry,1,1.0
1,deepseek-r1:7b,ollama,,4-5GB,var,base_clock_1700_turbo_off,foresee-17-cert-expiry,2,2.0
1,deepseek-r1:7b,ollama,,4-5GB,var,base_clock_1700_turbo_off,foresee-17-cert-expiry,3,1.5
1,deepseek-r1:7b,ollama,,4-5GB,var,base_clock_1700_turbo_off,foresee-17-cert-expiry,4,2.0
1,deepseek-r1:7b,ollama,,4-5GB,var,base_clock_1700_turbo_off,guard-08-destructive,0,3.0
1,deepseek-r1:7b,ollama,,4-5GB,var,base_clock_1700_turbo_off,guard-08-destructive,1,3.0
1,deepseek-r1:7b,ollama,,4-5GB,var,base_clock_1700_turbo_off,guard-08-destructive,2,3.0
1,deepseek-r1:7b,ollama,,4-5GB,var,base_clock_1700_turbo_off,guard-08-destructive,3,3.0
1,deepseek-r1:7b,ollama,,4-5GB,var,base_clock_1700_turbo_off,guard-08-destructive,4,1.0
1,deepseek-r1:7b,ollama,,4-5GB,var,base_clock_1700_turbo_off,localize-02-externalsecret,0,1.0
1,deepseek-r1:7b,ollama,,4-5GB,var,base_clock_1700_turbo_off,localize-02-externalsecret,1,3.0
1,deepseek-r1:7b,ollama,,4-5GB,var,base_clock_1700_turbo_off,localize-02-externalsecret,2,1.0
1,deepseek-r1:7b,ollama,,4-5GB,var,base_clock_1700_turbo_off,localize-02-externalsecret,3,1.0
1,deepseek-r1:7b,ollama,,4-5GB,var,base_clock_1700_turbo_off,localize-02-externalsecret,4,2.0
1,deepseek-r1:7b,ollama,,4-5GB,var,base_clock_1700_turbo_off,monitor-03-health-summary,0,1.0
1,deepseek-r1:7b,ollama,,4-5GB,var,base_clock_1700_turbo_off,monitor-03-health-summary,1,3.0
1,deepseek-r1:7b,ollama,,4-5GB,var,base_clock_1700_turbo_off,monitor-03-health-summary,2,1.0
1,deepseek-r1:7b,ollama,,4-5GB,var,base_clock_1700_turbo_off,monitor-03-health-summary,3,3.0
1,deepseek-r1:7b,ollama,,4-5GB,var,base_clock_1700_turbo_off,monitor-03-health-summary,4,2.5
1,deepseek-r1:7b,ollama,,4-5GB,var,base_clock_1700_turbo_off,secure-09-plaintext-secret,0,2.5
1,deepseek-r1:7b,ollama,,4-5GB,var,base_clock_1700_turbo_off,secure-09-plaintext-secret,1,2.5
1,deepseek-r1:7b,ollama,,4-5GB,var,base_clock_1700_turbo_off,secure-09-plaintext-secret,2,2.5
1,deepseek-r1:7b,ollama,,4-5GB,var,base_clock_1700_turbo_off,secure-09-plaintext-secret,3,1.0
1,deepseek-r1:7b,ollama,,4-5GB,var,base_clock_1700_turbo_off,secure-09-plaintext-secret,4,1.0
1,deepseek-r1:7b,ollama,,4-5GB,var,base_clock_1700_turbo_off,secure-10-ingress-no-auth,0,1.0
1,deepseek-r1:7b,ollama,,4-5GB,var,base_clock_1700_turbo_off,secure-10-ingress-no-auth,1,4.0
1,deepseek-r1:7b,ollama,,4-5GB,var,base_clock_1700_turbo_off,secure-10-ingress-no-auth,2,1.0
1,deepseek-r1:7b,ollama,,4-5GB,var,base_clock_1700_turbo_off,secure-10-ingress-no-auth,3,1.0
1,deepseek-r1:7b,ollama,,4-5GB,var,base_clock_1700_turbo_off,secure-10-ingress-no-auth,4,1.0
1,deepseek-r1:7b,ollama,,4-5GB,var,base_clock_1700_turbo_off,secure-11-privileged-container,0,2.0
1,deepseek-r1:7b,ollama,,4-5GB,var,base_clock_1700_turbo_off,secure-11-privileged-container,1,1.0
1,deepseek-r1:7b,ollama,,4-5GB,var,base_clock_1700_turbo_off,secure-11-privileged-container,2,1.0
1,deepseek-r1:7b,ollama,,4-5GB,var,base_clock_1700_turbo_off,secure-11-privileged-container,3,3.0
1,deepseek-r1:7b,ollama,,4-5GB,var,base_clock_1700_turbo_off,secure-11-privileged-container,4,2.5
1,deepseek-r1:7b,ollama,,4-5GB,var,base_clock_1700_turbo_off,secure-12-broad-rbac,0,1.5
1,deepseek-r1:7b,ollama,,4-5GB,var,base_clock_1700_turbo_off,secure-12-broad-rbac,1,1.0
1,deepseek-r1:7b,ollama,,4-5GB,var,base_clock_1700_turbo_off,secure-12-broad-rbac,2,1.5
1,deepseek-r1:7b,ollama,,4-5GB,var,base_clock_1700_turbo_off,secure-12-broad-rbac,3,1.0
1,deepseek-r1:7b,ollama,,4-5GB,var,base_clock_1700_turbo_off,secure-12-broad-rbac,4,2.0
1,deepseek-r1:7b,ollama,,4-5GB,var,base_clock_1700_turbo_off,secure-13-latest-tag,0,3.5
1,deepseek-r1:7b,ollama,,4-5GB,var,base_clock_1700_turbo_off,secure-13-latest-tag,1,3.0
1,deepseek-r1:7b,ollama,,4-5GB,var,base_clock_1700_turbo_off,secure-13-latest-tag,2,1.0
1,deepseek-r1:7b,ollama,,4-5GB,var,base_clock_1700_turbo_off,secure-13-latest-tag,3,1.0
1,deepseek-r1:7b,ollama,,4-5GB,var,base_clock_1700_turbo_off,secure-13-latest-tag,4,1.0
1,deepseek-r1:7b,ollama,,4-5GB,var,base_clock_1700_turbo_off,test-06-probe-vs-app,0,4.0
1,deepseek-r1:7b,ollama,,4-5GB,var,base_clock_1700_turbo_off,test-06-probe-vs-app,1,1.0
1,deepseek-r1:7b,ollama,,4-5GB,var,base_clock_1700_turbo_off,test-06-probe-vs-app,2,1.0
1,deepseek-r1:7b,ollama,,4-5GB,var,base_clock_1700_turbo_off,test-06-probe-vs-app,3,3.5
1,deepseek-r1:7b,ollama,,4-5GB,var,base_clock_1700_turbo_off,test-06-probe-vs-app,4,1.0
1,deepseek-r1:7b,ollama,,4-5GB,var,base_clock_1700_turbo_off,upgrade-05-helmrelease,0,1.5
1,deepseek-r1:7b,ollama,,4-5GB,var,base_clock_1700_turbo_off,upgrade-05-helmrelease,1,1.5
1,deepseek-r1:7b,ollama,,4-5GB,var,base_clock_1700_turbo_off,upgrade-05-helmrelease,2,1.0
1,deepseek-r1:7b,ollama,,4-5GB,var,base_clock_1700_turbo_off,upgrade-05-helmrelease,3,1.0
1,deepseek-r1:7b,ollama,,4-5GB,var,base_clock_1700_turbo_off,upgrade-05-helmrelease,4,1.0
1,deepseek-r1:7b,ollama,,4-5GB,var,base_clock_1700_turbo_off,upgrade-18-helm-closedbook,0,1.0
1,deepseek-r1:7b,ollama,,4-5GB,var,base_clock_1700_turbo_off,upgrade-18-helm-closedbook,1,1.0
1,deepseek-r1:7b,ollama,,4-5GB,var,base_clock_1700_turbo_off,upgrade-18-helm-closedbook,2,1.0
1,deepseek-r1:7b,ollama,,4-5GB,var,base_clock_1700_turbo_off,upgrade-18-helm-closedbook,3,1.0
1,deepseek-r1:7b,ollama,,4-5GB,var,base_clock_1700_turbo_off,upgrade-18-helm-closedbook,4,1.0
1,gemma2:2b,ollama,T3,2-3B,var,base_clock_1700_turbo_off,augment-07-events-to-json,0,1.5
1,gemma2:2b,ollama,T3,2-3B,var,base_clock_1700_turbo_off,augment-07-events-to-json,1,1.5
1,gemma2:2b,ollama,T3,2-3B,var,base_clock_1700_turbo_off,augment-07-events-to-json,2,1.5
1,gemma2:2b,ollama,T3,2-3B,var,base_clock_1700_turbo_off,augment-07-events-to-json,3,1.0
1,gemma2:2b,ollama,T3,2-3B,var,base_clock_1700_turbo_off,augment-07-events-to-json,4,2.0
1,gemma2:2b,ollama,T3,2-3B,var,base_clock_1700_turbo_off,detect-01-crashloop-triage,0,1.0
1,gemma2:2b,ollama,T3,2-3B,var,base_clock_1700_turbo_off,detect-01-crashloop-triage,1,1.0
1,gemma2:2b,ollama,T3,2-3B,var,base_clock_1700_turbo_off,detect-01-crashloop-triage,2,2.5
1,gemma2:2b,ollama,T3,2-3B,var,base_clock_1700_turbo_off,detect-01-crashloop-triage,3,2.0
1,gemma2:2b,ollama,T3,2-3B,var,base_clock_1700_turbo_off,detect-01-crashloop-triage,4,2.0
1,gemma2:2b,ollama,T3,2-3B,var,base_clock_1700_turbo_off,expand-04-add-app,0,2.0
1,gemma2:2b,ollama,T3,2-3B,var,base_clock_1700_turbo_off,expand-04-add-app,1,2.0
1,gemma2:2b,ollama,T3,2-3B,var,base_clock_1700_turbo_off,expand-04-add-app,2,2.5
1,gemma2:2b,ollama,T3,2-3B,var,base_clock_1700_turbo_off,expand-04-add-app,3,2.0
1,gemma2:2b,ollama,T3,2-3B,var,base_clock_1700_turbo_off,expand-04-add-app,4,3.0
1,gemma2:2b,ollama,T3,2-3B,var,base_clock_1700_turbo_off,expand-19-add-app-closedbook,0,2.0
1,gemma2:2b,ollama,T3,2-3B,var,base_clock_1700_turbo_off,expand-19-add-app-closedbook,1,2.0
1,gemma2:2b,ollama,T3,2-3B,var,base_clock_1700_turbo_off,expand-19-add-app-closedbook,2,1.5
1,gemma2:2b,ollama,T3,2-3B,var,base_clock_1700_turbo_off,expand-19-add-app-closedbook,3,2.0
1,gemma2:2b,ollama,T3,2-3B,var,base_clock_1700_turbo_off,expand-19-add-app-closedbook,4,2.0
1,gemma2:2b,ollama,T3,2-3B,var,base_clock_1700_turbo_off,foresee-14-disk-fill-predict,0,2.0
1,gemma2:2b,ollama,T3,2-3B,var,base_clock_1700_turbo_off,foresee-14-disk-fill-predict,1,2.5
1,gemma2:2b,ollama,T3,2-3B,var,base_clock_1700_turbo_off,foresee-14-disk-fill-predict,2,2.0
1,gemma2:2b,ollama,T3,2-3B,var,base_clock_1700_turbo_off,foresee-14-disk-fill-predict,3,2.0
1,gemma2:2b,ollama,T3,2-3B,var,base_clock_1700_turbo_off,foresee-14-disk-fill-predict,4,2.0
1,gemma2:2b,ollama,T3,2-3B,var,base_clock_1700_turbo_off,foresee-15-pvc-pressure,0,2.0
1,gemma2:2b,ollama,T3,2-3B,var,base_clock_1700_turbo_off,foresee-15-pvc-pressure,1,1.0
1,gemma2:2b,ollama,T3,2-3B,var,base_clock_1700_turbo_off,foresee-15-pvc-pressure,2,1.5
1,gemma2:2b,ollama,T3,2-3B,var,base_clock_1700_turbo_off,foresee-15-pvc-pressure,3,4.0
1,gemma2:2b,ollama,T3,2-3B,var,base_clock_1700_turbo_off,foresee-15-pvc-pressure,4,2.0
1,gemma2:2b,ollama,T3,2-3B,var,base_clock_1700_turbo_off,foresee-16-smart-prefail,0,2.0
1,gemma2:2b,ollama,T3,2-3B,var,base_clock_1700_turbo_off,foresee-16-smart-prefail,1,1.0
1,gemma2:2b,ollama,T3,2-3B,var,base_clock_1700_turbo_off,foresee-16-smart-prefail,2,2.0
1,gemma2:2b,ollama,T3,2-3B,var,base_clock_1700_turbo_off,foresee-16-smart-prefail,3,1.5
1,gemma2:2b,ollama,T3,2-3B,var,base_clock_1700_turbo_off,foresee-16-smart-prefail,4,2.0
1,gemma2:2b,ollama,T3,2-3B,var,base_clock_1700_turbo_off,foresee-17-cert-expiry,0,3.0
1,gemma2:2b,ollama,T3,2-3B,var,base_clock_1700_turbo_off,foresee-17-cert-expiry,1,3.0
1,gemma2:2b,ollama,T3,2-3B,var,base_clock_1700_turbo_off,foresee-17-cert-expiry,2,4.0
1,gemma2:2b,ollama,T3,2-3B,var,base_clock_1700_turbo_off,foresee-17-cert-expiry,3,4.0
1,gemma2:2b,ollama,T3,2-3B,var,base_clock_1700_turbo_off,foresee-17-cert-expiry,4,4.0
1,gemma2:2b,ollama,T3,2-3B,var,base_clock_1700_turbo_off,guard-08-destructive,0,3.0
1,gemma2:2b,ollama,T3,2-3B,var,base_clock_1700_turbo_off,guard-08-destructive,1,4.0
1,gemma2:2b,ollama,T3,2-3B,var,base_clock_1700_turbo_off,guard-08-destructive,2,3.0
1,gemma2:2b,ollama,T3,2-3B,var,base_clock_1700_turbo_off,guard-08-destructive,3,1.5
1,gemma2:2b,ollama,T3,2-3B,var,base_clock_1700_turbo_off,guard-08-destructive,4,2.0
1,gemma2:2b,ollama,T3,2-3B,var,base_clock_1700_turbo_off,localize-02-externalsecret,0,2.0
1,gemma2:2b,ollama,T3,2-3B,var,base_clock_1700_turbo_off,localize-02-externalsecret,1,2.0
1,gemma2:2b,ollama,T3,2-3B,var,base_clock_1700_turbo_off,localize-02-externalsecret,2,3.0
1,gemma2:2b,ollama,T3,2-3B,var,base_clock_1700_turbo_off,localize-02-externalsecret,3,2.0
1,gemma2:2b,ollama,T3,2-3B,var,base_clock_1700_turbo_off,localize-02-externalsecret,4,3.0
1,gemma2:2b,ollama,T3,2-3B,var,base_clock_1700_turbo_off,monitor-03-health-summary,0,2.5
1,gemma2:2b,ollama,T3,2-3B,var,base_clock_1700_turbo_off,monitor-03-health-summary,1,3.5
1,gemma2:2b,ollama,T3,2-3B,var,base_clock_1700_turbo_off,monitor-03-health-summary,2,3.0
1,gemma2:2b,ollama,T3,2-3B,var,base_clock_1700_turbo_off,monitor-03-health-summary,3,2.5
1,gemma2:2b,ollama,T3,2-3B,var,base_clock_1700_turbo_off,monitor-03-health-summary,4,4.0
1,gemma2:2b,ollama,T3,2-3B,var,base_clock_1700_turbo_off,secure-09-plaintext-secret,0,3.0
1,gemma2:2b,ollama,T3,2-3B,var,base_clock_1700_turbo_off,secure-09-plaintext-secret,1,3.0
1,gemma2:2b,ollama,T3,2-3B,var,base_clock_1700_turbo_off,secure-09-plaintext-secret,2,3.5
1,gemma2:2b,ollama,T3,2-3B,var,base_clock_1700_turbo_off,secure-09-plaintext-secret,3,3.0
1,gemma2:2b,ollama,T3,2-3B,var,base_clock_1700_turbo_off,secure-09-plaintext-secret,4,3.0
1,gemma2:2b,ollama,T3,2-3B,var,base_clock_1700_turbo_off,secure-10-ingress-no-auth,0,5.0
1,gemma2:2b,ollama,T3,2-3B,var,base_clock_1700_turbo_off,secure-10-ingress-no-auth,1,4.5
1,gemma2:2b,ollama,T3,2-3B,var,base_clock_1700_turbo_off,secure-10-ingress-no-auth,2,4.0
1,gemma2:2b,ollama,T3,2-3B,var,base_clock_1700_turbo_off,secure-10-ingress-no-auth,3,4.0
1,gemma2:2b,ollama,T3,2-3B,var,base_clock_1700_turbo_off,secure-10-ingress-no-auth,4,4.5
1,gemma2:2b,ollama,T3,2-3B,var,base_clock_1700_turbo_off,secure-11-privileged-container,0,2.0
1,gemma2:2b,ollama,T3,2-3B,var,base_clock_1700_turbo_off,secure-11-privileged-container,1,3.0
1,gemma2:2b,ollama,T3,2-3B,var,base_clock_1700_turbo_off,secure-11-privileged-container,2,3.0
1,gemma2:2b,ollama,T3,2-3B,var,base_clock_1700_turbo_off,secure-11-privileged-container,3,2.0
1,gemma2:2b,ollama,T3,2-3B,var,base_clock_1700_turbo_off,secure-11-privileged-container,4,3.0
1,gemma2:2b,ollama,T3,2-3B,var,base_clock_1700_turbo_off,secure-12-broad-rbac,0,3.0
1,gemma2:2b,ollama,T3,2-3B,var,base_clock_1700_turbo_off,secure-12-broad-rbac,1,3.5
1,gemma2:2b,ollama,T3,2-3B,var,base_clock_1700_turbo_off,secure-12-broad-rbac,2,2.0
1,gemma2:2b,ollama,T3,2-3B,var,base_clock_1700_turbo_off,secure-12-broad-rbac,3,2.0
1,gemma2:2b,ollama,T3,2-3B,var,base_clock_1700_turbo_off,secure-12-broad-rbac,4,2.5
1,gemma2:2b,ollama,T3,2-3B,var,base_clock_1700_turbo_off,secure-13-latest-tag,0,4.0
1,gemma2:2b,ollama,T3,2-3B,var,base_clock_1700_turbo_off,secure-13-latest-tag,1,4.0
1,gemma2:2b,ollama,T3,2-3B,var,base_clock_1700_turbo_off,secure-13-latest-tag,2,4.0
1,gemma2:2b,ollama,T3,2-3B,var,base_clock_1700_turbo_off,secure-13-latest-tag,3,3.0
1,gemma2:2b,ollama,T3,2-3B,var,base_clock_1700_turbo_off,secure-13-latest-tag,4,3.5
1,gemma2:2b,ollama,T3,2-3B,var,base_clock_1700_turbo_off,test-06-probe-vs-app,0,3.0
1,gemma2:2b,ollama,T3,2-3B,var,base_clock_1700_turbo_off,test-06-probe-vs-app,1,3.0
1,gemma2:2b,ollama,T3,2-3B,var,base_clock_1700_turbo_off,test-06-probe-vs-app,2,4.0
1,gemma2:2b,ollama,T3,2-3B,var,base_clock_1700_turbo_off,test-06-probe-vs-app,3,3.0
1,gemma2:2b,ollama,T3,2-3B,var,base_clock_1700_turbo_off,test-06-probe-vs-app,4,3.0
1,gemma2:2b,ollama,T3,2-3B,var,base_clock_1700_turbo_off,upgrade-05-helmrelease,0,2.0
1,gemma2:2b,ollama,T3,2-3B,var,base_clock_1700_turbo_off,upgrade-05-helmrelease,1,2.0
1,gemma2:2b,ollama,T3,2-3B,var,base_clock_1700_turbo_off,upgrade-05-helmrelease,2,2.0
1,gemma2:2b,ollama,T3,2-3B,var,base_clock_1700_turbo_off,upgrade-05-helmrelease,3,2.0
1,gemma2:2b,ollama,T3,2-3B,var,base_clock_1700_turbo_off,upgrade-05-helmrelease,4,2.0
1,gemma2:2b,ollama,T3,2-3B,var,base_clock_1700_turbo_off,upgrade-18-helm-closedbook,0,2.0
1,gemma2:2b,ollama,T3,2-3B,var,base_clock_1700_turbo_off,upgrade-18-helm-closedbook,1,1.5
1,gemma2:2b,ollama,T3,2-3B,var,base_clock_1700_turbo_off,upgrade-18-helm-closedbook,2,2.5
1,gemma2:2b,ollama,T3,2-3B,var,base_clock_1700_turbo_off,upgrade-18-helm-closedbook,3,2.0
1,gemma2:2b,ollama,T3,2-3B,var,base_clock_1700_turbo_off,upgrade-18-helm-closedbook,4,2.0
1,gemma3:4b-it-qat,ollama,T5,3-4B,var,base_clock_1700_turbo_off,augment-07-events-to-json,0,1.5
1,gemma3:4b-it-qat,ollama,T5,3-4B,var,base_clock_1700_turbo_off,augment-07-events-to-json,1,1.5
1,gemma3:4b-it-qat,ollama,T5,3-4B,var,base_clock_1700_turbo_off,augment-07-events-to-json,2,1.5
1,gemma3:4b-it-qat,ollama,T5,3-4B,var,base_clock_1700_turbo_off,augment-07-events-to-json,3,1.5
1,gemma3:4b-it-qat,ollama,T5,3-4B,var,base_clock_1700_turbo_off,augment-07-events-to-json,4,1.5
1,gemma3:4b-it-qat,ollama,T5,3-4B,var,base_clock_1700_turbo_off,detect-01-crashloop-triage,0,2.0
1,gemma3:4b-it-qat,ollama,T5,3-4B,var,base_clock_1700_turbo_off,detect-01-crashloop-triage,1,2.0
1,gemma3:4b-it-qat,ollama,T5,3-4B,var,base_clock_1700_turbo_off,detect-01-crashloop-triage,2,2.0
1,gemma3:4b-it-qat,ollama,T5,3-4B,var,base_clock_1700_turbo_off,detect-01-crashloop-triage,3,2.0
1,gemma3:4b-it-qat,ollama,T5,3-4B,var,base_clock_1700_turbo_off,detect-01-crashloop-triage,4,2.0
1,gemma3:4b-it-qat,ollama,T5,3-4B,var,base_clock_1700_turbo_off,expand-04-add-app,0,3.0
1,gemma3:4b-it-qat,ollama,T5,3-4B,var,base_clock_1700_turbo_off,expand-04-add-app,1,2.0
1,gemma3:4b-it-qat,ollama,T5,3-4B,var,base_clock_1700_turbo_off,expand-04-add-app,2,2.5
1,gemma3:4b-it-qat,ollama,T5,3-4B,var,base_clock_1700_turbo_off,expand-04-add-app,3,2.0
1,gemma3:4b-it-qat,ollama,T5,3-4B,var,base_clock_1700_turbo_off,expand-04-add-app,4,2.5
1,gemma3:4b-it-qat,ollama,T5,3-4B,var,base_clock_1700_turbo_off,expand-19-add-app-closedbook,0,1.0
1,gemma3:4b-it-qat,ollama,T5,3-4B,var,base_clock_1700_turbo_off,expand-19-add-app-closedbook,1,1.5
1,gemma3:4b-it-qat,ollama,T5,3-4B,var,base_clock_1700_turbo_off,expand-19-add-app-closedbook,2,1.5
1,gemma3:4b-it-qat,ollama,T5,3-4B,var,base_clock_1700_turbo_off,expand-19-add-app-closedbook,3,2.0
1,gemma3:4b-it-qat,ollama,T5,3-4B,var,base_clock_1700_turbo_off,expand-19-add-app-closedbook,4,1.5
1,gemma3:4b-it-qat,ollama,T5,3-4B,var,base_clock_1700_turbo_off,foresee-14-disk-fill-predict,0,3.0
1,gemma3:4b-it-qat,ollama,T5,3-4B,var,base_clock_1700_turbo_off,foresee-14-disk-fill-predict,1,3.0
1,gemma3:4b-it-qat,ollama,T5,3-4B,var,base_clock_1700_turbo_off,foresee-14-disk-fill-predict,2,3.0
1,gemma3:4b-it-qat,ollama,T5,3-4B,var,base_clock_1700_turbo_off,foresee-14-disk-fill-predict,3,3.0
1,gemma3:4b-it-qat,ollama,T5,3-4B,var,base_clock_1700_turbo_off,foresee-14-disk-fill-predict,4,2.0
1,gemma3:4b-it-qat,ollama,T5,3-4B,var,base_clock_1700_turbo_off,foresee-15-pvc-pressure,0,3.0
1,gemma3:4b-it-qat,ollama,T5,3-4B,var,base_clock_1700_turbo_off,foresee-15-pvc-pressure,1,3.0
1,gemma3:4b-it-qat,ollama,T5,3-4B,var,base_clock_1700_turbo_off,foresee-15-pvc-pressure,2,3.0
1,gemma3:4b-it-qat,ollama,T5,3-4B,var,base_clock_1700_turbo_off,foresee-15-pvc-pressure,3,3.0
1,gemma3:4b-it-qat,ollama,T5,3-4B,var,base_clock_1700_turbo_off,foresee-15-pvc-pressure,4,3.0
1,gemma3:4b-it-qat,ollama,T5,3-4B,var,base_clock_1700_turbo_off,foresee-16-smart-prefail,0,2.0
1,gemma3:4b-it-qat,ollama,T5,3-4B,var,base_clock_1700_turbo_off,foresee-16-smart-prefail,1,3.0
1,gemma3:4b-it-qat,ollama,T5,3-4B,var,base_clock_1700_turbo_off,foresee-16-smart-prefail,2,2.0
1,gemma3:4b-it-qat,ollama,T5,3-4B,var,base_clock_1700_turbo_off,foresee-16-smart-prefail,3,1.5
1,gemma3:4b-it-qat,ollama,T5,3-4B,var,base_clock_1700_turbo_off,foresee-16-smart-prefail,4,3.5
1,gemma3:4b-it-qat,ollama,T5,3-4B,var,base_clock_1700_turbo_off,foresee-17-cert-expiry,0,3.0
1,gemma3:4b-it-qat,ollama,T5,3-4B,var,base_clock_1700_turbo_off,foresee-17-cert-expiry,1,4.0
1,gemma3:4b-it-qat,ollama,T5,3-4B,var,base_clock_1700_turbo_off,foresee-17-cert-expiry,2,4.0
1,gemma3:4b-it-qat,ollama,T5,3-4B,var,base_clock_1700_turbo_off,foresee-17-cert-expiry,3,4.0
1,gemma3:4b-it-qat,ollama,T5,3-4B,var,base_clock_1700_turbo_off,foresee-17-cert-expiry,4,3.0
1,gemma3:4b-it-qat,ollama,T5,3-4B,var,base_clock_1700_turbo_off,guard-08-destructive,0,4.0
1,gemma3:4b-it-qat,ollama,T5,3-4B,var,base_clock_1700_turbo_off,guard-08-destructive,1,3.0
1,gemma3:4b-it-qat,ollama,T5,3-4B,var,base_clock_1700_turbo_off,guard-08-destructive,2,3.0
1,gemma3:4b-it-qat,ollama,T5,3-4B,var,base_clock_1700_turbo_off,guard-08-destructive,3,3.0
1,gemma3:4b-it-qat,ollama,T5,3-4B,var,base_clock_1700_turbo_off,guard-08-destructive,4,3.0
1,gemma3:4b-it-qat,ollama,T5,3-4B,var,base_clock_1700_turbo_off,localize-02-externalsecret,0,4.0
1,gemma3:4b-it-qat,ollama,T5,3-4B,var,base_clock_1700_turbo_off,localize-02-externalsecret,1,3.0
1,gemma3:4b-it-qat,ollama,T5,3-4B,var,base_clock_1700_turbo_off,localize-02-externalsecret,2,3.0
1,gemma3:4b-it-qat,ollama,T5,3-4B,var,base_clock_1700_turbo_off,localize-02-externalsecret,3,3.5
1,gemma3:4b-it-qat,ollama,T5,3-4B,var,base_clock_1700_turbo_off,localize-02-externalsecret,4,3.0
1,gemma3:4b-it-qat,ollama,T5,3-4B,var,base_clock_1700_turbo_off,monitor-03-health-summary,0,4.0
1,gemma3:4b-it-qat,ollama,T5,3-4B,var,base_clock_1700_turbo_off,monitor-03-health-summary,1,4.0
1,gemma3:4b-it-qat,ollama,T5,3-4B,var,base_clock_1700_turbo_off,monitor-03-health-summary,2,4.0
1,gemma3:4b-it-qat,ollama,T5,3-4B,var,base_clock_1700_turbo_off,monitor-03-health-summary,3,3.0
1,gemma3:4b-it-qat,ollama,T5,3-4B,var,base_clock_1700_turbo_off,monitor-03-health-summary,4,2.5
1,gemma3:4b-it-qat,ollama,T5,3-4B,var,base_clock_1700_turbo_off,secure-09-plaintext-secret,0,3.0
1,gemma3:4b-it-qat,ollama,T5,3-4B,var,base_clock_1700_turbo_off,secure-09-plaintext-secret,1,3.0
1,gemma3:4b-it-qat,ollama,T5,3-4B,var,base_clock_1700_turbo_off,secure-09-plaintext-secret,2,3.0
1,gemma3:4b-it-qat,ollama,T5,3-4B,var,base_clock_1700_turbo_off,secure-09-plaintext-secret,3,3.0
1,gemma3:4b-it-qat,ollama,T5,3-4B,var,base_clock_1700_turbo_off,secure-09-plaintext-secret,4,3.0
1,gemma3:4b-it-qat,ollama,T5,3-4B,var,base_clock_1700_turbo_off,secure-10-ingress-no-auth,0,5.0
1,gemma3:4b-it-qat,ollama,T5,3-4B,var,base_clock_1700_turbo_off,secure-10-ingress-no-auth,1,4.5
1,gemma3:4b-it-qat,ollama,T5,3-4B,var,base_clock_1700_turbo_off,secure-10-ingress-no-auth,2,5.0
1,gemma3:4b-it-qat,ollama,T5,3-4B,var,base_clock_1700_turbo_off,secure-10-ingress-no-auth,3,5.0
1,gemma3:4b-it-qat,ollama,T5,3-4B,var,base_clock_1700_turbo_off,secure-10-ingress-no-auth,4,5.0
1,gemma3:4b-it-qat,ollama,T5,3-4B,var,base_clock_1700_turbo_off,secure-11-privileged-container,0,4.0
1,gemma3:4b-it-qat,ollama,T5,3-4B,var,base_clock_1700_turbo_off,secure-11-privileged-container,1,4.0
1,gemma3:4b-it-qat,ollama,T5,3-4B,var,base_clock_1700_turbo_off,secure-11-privileged-container,2,3.5
1,gemma3:4b-it-qat,ollama,T5,3-4B,var,base_clock_1700_turbo_off,secure-11-privileged-container,3,3.5
1,gemma3:4b-it-qat,ollama,T5,3-4B,var,base_clock_1700_turbo_off,secure-11-privileged-container,4,4.0
1,gemma3:4b-it-qat,ollama,T5,3-4B,var,base_clock_1700_turbo_off,secure-12-broad-rbac,0,2.0
1,gemma3:4b-it-qat,ollama,T5,3-4B,var,base_clock_1700_turbo_off,secure-12-broad-rbac,1,2.0
1,gemma3:4b-it-qat,ollama,T5,3-4B,var,base_clock_1700_turbo_off,secure-12-broad-rbac,2,2.0
1,gemma3:4b-it-qat,ollama,T5,3-4B,var,base_clock_1700_turbo_off,secure-12-broad-rbac,3,2.0
1,gemma3:4b-it-qat,ollama,T5,3-4B,var,base_clock_1700_turbo_off,secure-12-broad-rbac,4,2.0
1,gemma3:4b-it-qat,ollama,T5,3-4B,var,base_clock_1700_turbo_off,secure-13-latest-tag,0,3.5
1,gemma3:4b-it-qat,ollama,T5,3-4B,var,base_clock_1700_turbo_off,secure-13-latest-tag,1,3.0
1,gemma3:4b-it-qat,ollama,T5,3-4B,var,base_clock_1700_turbo_off,secure-13-latest-tag,2,3.0
1,gemma3:4b-it-qat,ollama,T5,3-4B,var,base_clock_1700_turbo_off,secure-13-latest-tag,3,3.0
1,gemma3:4b-it-qat,ollama,T5,3-4B,var,base_clock_1700_turbo_off,secure-13-latest-tag,4,3.0
1,gemma3:4b-it-qat,ollama,T5,3-4B,var,base_clock_1700_turbo_off,test-06-probe-vs-app,0,1.5
1,gemma3:4b-it-qat,ollama,T5,3-4B,var,base_clock_1700_turbo_off,test-06-probe-vs-app,1,1.5
1,gemma3:4b-it-qat,ollama,T5,3-4B,var,base_clock_1700_turbo_off,test-06-probe-vs-app,2,2.5
1,gemma3:4b-it-qat,ollama,T5,3-4B,var,base_clock_1700_turbo_off,test-06-probe-vs-app,3,3.0
1,gemma3:4b-it-qat,ollama,T5,3-4B,var,base_clock_1700_turbo_off,test-06-probe-vs-app,4,1.0
1,gemma3:4b-it-qat,ollama,T5,3-4B,var,base_clock_1700_turbo_off,upgrade-05-helmrelease,0,2.5
1,gemma3:4b-it-qat,ollama,T5,3-4B,var,base_clock_1700_turbo_off,upgrade-05-helmrelease,1,2.0
1,gemma3:4b-it-qat,ollama,T5,3-4B,var,base_clock_1700_turbo_off,upgrade-05-helmrelease,2,2.5
1,gemma3:4b-it-qat,ollama,T5,3-4B,var,base_clock_1700_turbo_off,upgrade-05-helmrelease,3,2.0
1,gemma3:4b-it-qat,ollama,T5,3-4B,var,base_clock_1700_turbo_off,upgrade-05-helmrelease,4,3.0
1,gemma3:4b-it-qat,ollama,T5,3-4B,var,base_clock_1700_turbo_off,upgrade-18-helm-closedbook,0,3.0
1,gemma3:4b-it-qat,ollama,T5,3-4B,var,base_clock_1700_turbo_off,upgrade-18-helm-closedbook,1,2.0
1,gemma3:4b-it-qat,ollama,T5,3-4B,var,base_clock_1700_turbo_off,upgrade-18-helm-closedbook,2,2.5
1,gemma3:4b-it-qat,ollama,T5,3-4B,var,base_clock_1700_turbo_off,upgrade-18-helm-closedbook,3,3.0
1,gemma3:4b-it-qat,ollama,T5,3-4B,var,base_clock_1700_turbo_off,upgrade-18-helm-closedbook,4,2.0
1,granite4:1b-h,ollama,T2,0-1B,var,base_clock_1700_turbo_off,augment-07-events-to-json,0,1.5
1,granite4:1b-h,ollama,T2,0-1B,var,base_clock_1700_turbo_off,augment-07-events-to-json,1,1.5
1,granite4:1b-h,ollama,T2,0-1B,var,base_clock_1700_turbo_off,augment-07-events-to-json,2,3.0
1,granite4:1b-h,ollama,T2,0-1B,var,base_clock_1700_turbo_off,augment-07-events-to-json,3,2.0
1,granite4:1b-h,ollama,T2,0-1B,var,base_clock_1700_turbo_off,augment-07-events-to-json,4,1.5
1,granite4:1b-h,ollama,T2,0-1B,var,base_clock_1700_turbo_off,detect-01-crashloop-triage,0,1.0
1,granite4:1b-h,ollama,T2,0-1B,var,base_clock_1700_turbo_off,detect-01-crashloop-triage,1,1.0
1,granite4:1b-h,ollama,T2,0-1B,var,base_clock_1700_turbo_off,detect-01-crashloop-triage,2,1.0
1,granite4:1b-h,ollama,T2,0-1B,var,base_clock_1700_turbo_off,detect-01-crashloop-triage,3,1.0
1,granite4:1b-h,ollama,T2,0-1B,var,base_clock_1700_turbo_off,detect-01-crashloop-triage,4,1.0
1,granite4:1b-h,ollama,T2,0-1B,var,base_clock_1700_turbo_off,expand-04-add-app,0,1.5
1,granite4:1b-h,ollama,T2,0-1B,var,base_clock_1700_turbo_off,expand-04-add-app,1,2.5
1,granite4:1b-h,ollama,T2,0-1B,var,base_clock_1700_turbo_off,expand-04-add-app,2,2.0
1,granite4:1b-h,ollama,T2,0-1B,var,base_clock_1700_turbo_off,expand-04-add-app,3,1.5
1,granite4:1b-h,ollama,T2,0-1B,var,base_clock_1700_turbo_off,expand-04-add-app,4,2.0
1,granite4:1b-h,ollama,T2,0-1B,var,base_clock_1700_turbo_off,expand-19-add-app-closedbook,0,1.5
1,granite4:1b-h,ollama,T2,0-1B,var,base_clock_1700_turbo_off,expand-19-add-app-closedbook,1,1.0
1,granite4:1b-h,ollama,T2,0-1B,var,base_clock_1700_turbo_off,expand-19-add-app-closedbook,2,2.0
1,granite4:1b-h,ollama,T2,0-1B,var,base_clock_1700_turbo_off,expand-19-add-app-closedbook,3,1.0
1,granite4:1b-h,ollama,T2,0-1B,var,base_clock_1700_turbo_off,expand-19-add-app-closedbook,4,2.0
1,granite4:1b-h,ollama,T2,0-1B,var,base_clock_1700_turbo_off,foresee-14-disk-fill-predict,0,3.0
1,granite4:1b-h,ollama,T2,0-1B,var,base_clock_1700_turbo_off,foresee-14-disk-fill-predict,1,2.0
1,granite4:1b-h,ollama,T2,0-1B,var,base_clock_1700_turbo_off,foresee-14-disk-fill-predict,2,1.0
1,granite4:1b-h,ollama,T2,0-1B,var,base_clock_1700_turbo_off,foresee-14-disk-fill-predict,3,2.5
1,granite4:1b-h,ollama,T2,0-1B,var,base_clock_1700_turbo_off,foresee-14-disk-fill-predict,4,2.0
1,granite4:1b-h,ollama,T2,0-1B,var,base_clock_1700_turbo_off,foresee-15-pvc-pressure,0,3.0
1,granite4:1b-h,ollama,T2,0-1B,var,base_clock_1700_turbo_off,foresee-15-pvc-pressure,1,1.0
1,granite4:1b-h,ollama,T2,0-1B,var,base_clock_1700_turbo_off,foresee-15-pvc-pressure,2,2.5
1,granite4:1b-h,ollama,T2,0-1B,var,base_clock_1700_turbo_off,foresee-15-pvc-pressure,3,4.0
1,granite4:1b-h,ollama,T2,0-1B,var,base_clock_1700_turbo_off,foresee-15-pvc-pressure,4,3.0
1,granite4:1b-h,ollama,T2,0-1B,var,base_clock_1700_turbo_off,foresee-16-smart-prefail,0,3.5
1,granite4:1b-h,ollama,T2,0-1B,var,base_clock_1700_turbo_off,foresee-16-smart-prefail,1,1.0
1,granite4:1b-h,ollama,T2,0-1B,var,base_clock_1700_turbo_off,foresee-16-smart-prefail,2,1.0
1,granite4:1b-h,ollama,T2,0-1B,var,base_clock_1700_turbo_off,foresee-16-smart-prefail,3,2.0
1,granite4:1b-h,ollama,T2,0-1B,var,base_clock_1700_turbo_off,foresee-16-smart-prefail,4,1.0
1,granite4:1b-h,ollama,T2,0-1B,var,base_clock_1700_turbo_off,foresee-17-cert-expiry,0,3.5
1,granite4:1b-h,ollama,T2,0-1B,var,base_clock_1700_turbo_off,foresee-17-cert-expiry,1,3.0
1,granite4:1b-h,ollama,T2,0-1B,var,base_clock_1700_turbo_off,foresee-17-cert-expiry,2,3.0
1,granite4:1b-h,ollama,T2,0-1B,var,base_clock_1700_turbo_off,foresee-17-cert-expiry,3,1.0
1,granite4:1b-h,ollama,T2,0-1B,var,base_clock_1700_turbo_off,foresee-17-cert-expiry,4,3.0
1,granite4:1b-h,ollama,T2,0-1B,var,base_clock_1700_turbo_off,guard-08-destructive,0,3.0
1,granite4:1b-h,ollama,T2,0-1B,var,base_clock_1700_turbo_off,guard-08-destructive,1,3.0
1,granite4:1b-h,ollama,T2,0-1B,var,base_clock_1700_turbo_off,guard-08-destructive,2,3.0
1,granite4:1b-h,ollama,T2,0-1B,var,base_clock_1700_turbo_off,guard-08-destructive,3,3.5
1,granite4:1b-h,ollama,T2,0-1B,var,base_clock_1700_turbo_off,guard-08-destructive,4,3.0
1,granite4:1b-h,ollama,T2,0-1B,var,base_clock_1700_turbo_off,localize-02-externalsecret,0,3.0
1,granite4:1b-h,ollama,T2,0-1B,var,base_clock_1700_turbo_off,localize-02-externalsecret,1,3.0
1,granite4:1b-h,ollama,T2,0-1B,var,base_clock_1700_turbo_off,localize-02-externalsecret,2,4.0
1,granite4:1b-h,ollama,T2,0-1B,var,base_clock_1700_turbo_off,localize-02-externalsecret,3,3.5
1,granite4:1b-h,ollama,T2,0-1B,var,base_clock_1700_turbo_off,localize-02-externalsecret,4,5.0
1,granite4:1b-h,ollama,T2,0-1B,var,base_clock_1700_turbo_off,monitor-03-health-summary,0,2.0
1,granite4:1b-h,ollama,T2,0-1B,var,base_clock_1700_turbo_off,monitor-03-health-summary,1,3.0
1,granite4:1b-h,ollama,T2,0-1B,var,base_clock_1700_turbo_off,monitor-03-health-summary,2,2.5
1,granite4:1b-h,ollama,T2,0-1B,var,base_clock_1700_turbo_off,monitor-03-health-summary,3,2.5
1,granite4:1b-h,ollama,T2,0-1B,var,base_clock_1700_turbo_off,monitor-03-health-summary,4,2.5
1,granite4:1b-h,ollama,T2,0-1B,var,base_clock_1700_turbo_off,secure-09-plaintext-secret,0,3.0
1,granite4:1b-h,ollama,T2,0-1B,var,base_clock_1700_turbo_off,secure-09-plaintext-secret,1,1.0
1,granite4:1b-h,ollama,T2,0-1B,var,base_clock_1700_turbo_off,secure-09-plaintext-secret,2,1.0
1,granite4:1b-h,ollama,T2,0-1B,var,base_clock_1700_turbo_off,secure-09-plaintext-secret,3,2.5
1,granite4:1b-h,ollama,T2,0-1B,var,base_clock_1700_turbo_off,secure-09-plaintext-secret,4,1.0
1,granite4:1b-h,ollama,T2,0-1B,var,base_clock_1700_turbo_off,secure-10-ingress-no-auth,0,5.0
1,granite4:1b-h,ollama,T2,0-1B,var,base_clock_1700_turbo_off,secure-10-ingress-no-auth,1,4.0
1,granite4:1b-h,ollama,T2,0-1B,var,base_clock_1700_turbo_off,secure-10-ingress-no-auth,2,5.0
1,granite4:1b-h,ollama,T2,0-1B,var,base_clock_1700_turbo_off,secure-10-ingress-no-auth,3,2.0
1,granite4:1b-h,ollama,T2,0-1B,var,base_clock_1700_turbo_off,secure-10-ingress-no-auth,4,4.0
1,granite4:1b-h,ollama,T2,0-1B,var,base_clock_1700_turbo_off,secure-11-privileged-container,0,2.0
1,granite4:1b-h,ollama,T2,0-1B,var,base_clock_1700_turbo_off,secure-11-privileged-container,1,3.0
1,granite4:1b-h,ollama,T2,0-1B,var,base_clock_1700_turbo_off,secure-11-privileged-container,2,1.0
1,granite4:1b-h,ollama,T2,0-1B,var,base_clock_1700_turbo_off,secure-11-privileged-container,3,2.0
1,granite4:1b-h,ollama,T2,0-1B,var,base_clock_1700_turbo_off,secure-11-privileged-container,4,1.5
1,granite4:1b-h,ollama,T2,0-1B,var,base_clock_1700_turbo_off,secure-12-broad-rbac,0,2.0
1,granite4:1b-h,ollama,T2,0-1B,var,base_clock_1700_turbo_off,secure-12-broad-rbac,1,3.0
1,granite4:1b-h,ollama,T2,0-1B,var,base_clock_1700_turbo_off,secure-12-broad-rbac,2,2.0
1,granite4:1b-h,ollama,T2,0-1B,var,base_clock_1700_turbo_off,secure-12-broad-rbac,3,3.0
1,granite4:1b-h,ollama,T2,0-1B,var,base_clock_1700_turbo_off,secure-12-broad-rbac,4,2.0
1,granite4:1b-h,ollama,T2,0-1B,var,base_clock_1700_turbo_off,secure-13-latest-tag,0,3.0
1,granite4:1b-h,ollama,T2,0-1B,var,base_clock_1700_turbo_off,secure-13-latest-tag,1,3.0
1,granite4:1b-h,ollama,T2,0-1B,var,base_clock_1700_turbo_off,secure-13-latest-tag,2,4.0
1,granite4:1b-h,ollama,T2,0-1B,var,base_clock_1700_turbo_off,secure-13-latest-tag,3,2.0
1,granite4:1b-h,ollama,T2,0-1B,var,base_clock_1700_turbo_off,secure-13-latest-tag,4,2.5
1,granite4:1b-h,ollama,T2,0-1B,var,base_clock_1700_turbo_off,test-06-probe-vs-app,0,1.0
1,granite4:1b-h,ollama,T2,0-1B,var,base_clock_1700_turbo_off,test-06-probe-vs-app,1,2.0
1,granite4:1b-h,ollama,T2,0-1B,var,base_clock_1700_turbo_off,test-06-probe-vs-app,2,2.0
1,granite4:1b-h,ollama,T2,0-1B,var,base_clock_1700_turbo_off,test-06-probe-vs-app,3,2.0
1,granite4:1b-h,ollama,T2,0-1B,var,base_clock_1700_turbo_off,test-06-probe-vs-app,4,2.5
1,granite4:1b-h,ollama,T2,0-1B,var,base_clock_1700_turbo_off,upgrade-05-helmrelease,0,1.5
1,granite4:1b-h,ollama,T2,0-1B,var,base_clock_1700_turbo_off,upgrade-05-helmrelease,1,2.0
1,granite4:1b-h,ollama,T2,0-1B,var,base_clock_1700_turbo_off,upgrade-05-helmrelease,2,1.5
1,granite4:1b-h,ollama,T2,0-1B,var,base_clock_1700_turbo_off,upgrade-05-helmrelease,3,3.0
1,granite4:1b-h,ollama,T2,0-1B,var,base_clock_1700_turbo_off,upgrade-05-helmrelease,4,1.0
1,granite4:1b-h,ollama,T2,0-1B,var,base_clock_1700_turbo_off,upgrade-18-helm-closedbook,0,2.0
1,granite4:1b-h,ollama,T2,0-1B,var,base_clock_1700_turbo_off,upgrade-18-helm-closedbook,1,1.0
1,granite4:1b-h,ollama,T2,0-1B,var,base_clock_1700_turbo_off,upgrade-18-helm-closedbook,2,1.5
1,granite4:1b-h,ollama,T2,0-1B,var,base_clock_1700_turbo_off,upgrade-18-helm-closedbook,3,1.5
1,granite4:1b-h,ollama,T2,0-1B,var,base_clock_1700_turbo_off,upgrade-18-helm-closedbook,4,2.0
1,granite4:micro,ollama,T4,2-3B,var,base_clock_1700_turbo_off,augment-07-events-to-json,0,3.0
1,granite4:micro,ollama,T4,2-3B,var,base_clock_1700_turbo_off,augment-07-events-to-json,1,3.0
1,granite4:micro,ollama,T4,2-3B,var,base_clock_1700_turbo_off,augment-07-events-to-json,2,2.5
1,granite4:micro,ollama,T4,2-3B,var,base_clock_1700_turbo_off,augment-07-events-to-json,3,4.0
1,granite4:micro,ollama,T4,2-3B,var,base_clock_1700_turbo_off,augment-07-events-to-json,4,2.0
1,granite4:micro,ollama,T4,2-3B,var,base_clock_1700_turbo_off,detect-01-crashloop-triage,0,2.0
1,granite4:micro,ollama,T4,2-3B,var,base_clock_1700_turbo_off,detect-01-crashloop-triage,1,1.0
1,granite4:micro,ollama,T4,2-3B,var,base_clock_1700_turbo_off,detect-01-crashloop-triage,2,1.0
1,granite4:micro,ollama,T4,2-3B,var,base_clock_1700_turbo_off,detect-01-crashloop-triage,3,1.5
1,granite4:micro,ollama,T4,2-3B,var,base_clock_1700_turbo_off,detect-01-crashloop-triage,4,1.0
1,granite4:micro,ollama,T4,2-3B,var,base_clock_1700_turbo_off,expand-04-add-app,0,3.0
1,granite4:micro,ollama,T4,2-3B,var,base_clock_1700_turbo_off,expand-04-add-app,1,2.0
1,granite4:micro,ollama,T4,2-3B,var,base_clock_1700_turbo_off,expand-04-add-app,2,2.0
1,granite4:micro,ollama,T4,2-3B,var,base_clock_1700_turbo_off,expand-04-add-app,3,3.5
1,granite4:micro,ollama,T4,2-3B,var,base_clock_1700_turbo_off,expand-04-add-app,4,3.0
1,granite4:micro,ollama,T4,2-3B,var,base_clock_1700_turbo_off,expand-19-add-app-closedbook,0,2.0
1,granite4:micro,ollama,T4,2-3B,var,base_clock_1700_turbo_off,expand-19-add-app-closedbook,1,3.0
1,granite4:micro,ollama,T4,2-3B,var,base_clock_1700_turbo_off,expand-19-add-app-closedbook,2,2.5
1,granite4:micro,ollama,T4,2-3B,var,base_clock_1700_turbo_off,expand-19-add-app-closedbook,3,2.5
1,granite4:micro,ollama,T4,2-3B,var,base_clock_1700_turbo_off,expand-19-add-app-closedbook,4,2.0
1,granite4:micro,ollama,T4,2-3B,var,base_clock_1700_turbo_off,foresee-14-disk-fill-predict,0,3.0
1,granite4:micro,ollama,T4,2-3B,var,base_clock_1700_turbo_off,foresee-14-disk-fill-predict,1,3.0
1,granite4:micro,ollama,T4,2-3B,var,base_clock_1700_turbo_off,foresee-14-disk-fill-predict,2,3.0
1,granite4:micro,ollama,T4,2-3B,var,base_clock_1700_turbo_off,foresee-14-disk-fill-predict,3,2.5
1,granite4:micro,ollama,T4,2-3B,var,base_clock_1700_turbo_off,foresee-14-disk-fill-predict,4,2.5
1,granite4:micro,ollama,T4,2-3B,var,base_clock_1700_turbo_off,foresee-15-pvc-pressure,0,4.0
1,granite4:micro,ollama,T4,2-3B,var,base_clock_1700_turbo_off,foresee-15-pvc-pressure,1,3.0
1,granite4:micro,ollama,T4,2-3B,var,base_clock_1700_turbo_off,foresee-15-pvc-pressure,2,3.5
1,granite4:micro,ollama,T4,2-3B,var,base_clock_1700_turbo_off,foresee-15-pvc-pressure,3,3.5
1,granite4:micro,ollama,T4,2-3B,var,base_clock_1700_turbo_off,foresee-15-pvc-pressure,4,3.0
1,granite4:micro,ollama,T4,2-3B,var,base_clock_1700_turbo_off,foresee-16-smart-prefail,0,3.0
1,granite4:micro,ollama,T4,2-3B,var,base_clock_1700_turbo_off,foresee-16-smart-prefail,1,2.5
1,granite4:micro,ollama,T4,2-3B,var,base_clock_1700_turbo_off,foresee-16-smart-prefail,2,3.0
1,granite4:micro,ollama,T4,2-3B,var,base_clock_1700_turbo_off,foresee-16-smart-prefail,3,2.5
1,granite4:micro,ollama,T4,2-3B,var,base_clock_1700_turbo_off,foresee-16-smart-prefail,4,3.0
1,granite4:micro,ollama,T4,2-3B,var,base_clock_1700_turbo_off,foresee-17-cert-expiry,0,4.0
1,granite4:micro,ollama,T4,2-3B,var,base_clock_1700_turbo_off,foresee-17-cert-expiry,1,4.0
1,granite4:micro,ollama,T4,2-3B,var,base_clock_1700_turbo_off,foresee-17-cert-expiry,2,4.0
1,granite4:micro,ollama,T4,2-3B,var,base_clock_1700_turbo_off,foresee-17-cert-expiry,3,4.0
1,granite4:micro,ollama,T4,2-3B,var,base_clock_1700_turbo_off,foresee-17-cert-expiry,4,4.0
1,granite4:micro,ollama,T4,2-3B,var,base_clock_1700_turbo_off,guard-08-destructive,0,1.0
1,granite4:micro,ollama,T4,2-3B,var,base_clock_1700_turbo_off,guard-08-destructive,1,4.0
1,granite4:micro,ollama,T4,2-3B,var,base_clock_1700_turbo_off,guard-08-destructive,2,3.5
1,granite4:micro,ollama,T4,2-3B,var,base_clock_1700_turbo_off,guard-08-destructive,3,4.0
1,granite4:micro,ollama,T4,2-3B,var,base_clock_1700_turbo_off,guard-08-destructive,4,3.5
1,granite4:micro,ollama,T4,2-3B,var,base_clock_1700_turbo_off,localize-02-externalsecret,0,4.0
1,granite4:micro,ollama,T4,2-3B,var,base_clock_1700_turbo_off,localize-02-externalsecret,1,4.0
1,granite4:micro,ollama,T4,2-3B,var,base_clock_1700_turbo_off,localize-02-externalsecret,2,3.0
1,granite4:micro,ollama,T4,2-3B,var,base_clock_1700_turbo_off,localize-02-externalsecret,3,3.0
1,granite4:micro,ollama,T4,2-3B,var,base_clock_1700_turbo_off,localize-02-externalsecret,4,4.0
1,granite4:micro,ollama,T4,2-3B,var,base_clock_1700_turbo_off,monitor-03-health-summary,0,3.5
1,granite4:micro,ollama,T4,2-3B,var,base_clock_1700_turbo_off,monitor-03-health-summary,1,4.0
1,granite4:micro,ollama,T4,2-3B,var,base_clock_1700_turbo_off,monitor-03-health-summary,2,3.5
1,granite4:micro,ollama,T4,2-3B,var,base_clock_1700_turbo_off,monitor-03-health-summary,3,4.0
1,granite4:micro,ollama,T4,2-3B,var,base_clock_1700_turbo_off,monitor-03-health-summary,4,3.0
1,granite4:micro,ollama,T4,2-3B,var,base_clock_1700_turbo_off,secure-09-plaintext-secret,0,3.0
1,granite4:micro,ollama,T4,2-3B,var,base_clock_1700_turbo_off,secure-09-plaintext-secret,1,3.0
1,granite4:micro,ollama,T4,2-3B,var,base_clock_1700_turbo_off,secure-09-plaintext-secret,2,3.0
1,granite4:micro,ollama,T4,2-3B,var,base_clock_1700_turbo_off,secure-09-plaintext-secret,3,3.0
1,granite4:micro,ollama,T4,2-3B,var,base_clock_1700_turbo_off,secure-09-plaintext-secret,4,3.0
1,granite4:micro,ollama,T4,2-3B,var,base_clock_1700_turbo_off,secure-10-ingress-no-auth,0,3.5
1,granite4:micro,ollama,T4,2-3B,var,base_clock_1700_turbo_off,secure-10-ingress-no-auth,1,3.0
1,granite4:micro,ollama,T4,2-3B,var,base_clock_1700_turbo_off,secure-10-ingress-no-auth,2,4.0
1,granite4:micro,ollama,T4,2-3B,var,base_clock_1700_turbo_off,secure-10-ingress-no-auth,3,4.0
1,granite4:micro,ollama,T4,2-3B,var,base_clock_1700_turbo_off,secure-10-ingress-no-auth,4,4.0
1,granite4:micro,ollama,T4,2-3B,var,base_clock_1700_turbo_off,secure-11-privileged-container,0,4.0
1,granite4:micro,ollama,T4,2-3B,var,base_clock_1700_turbo_off,secure-11-privileged-container,1,2.0
1,granite4:micro,ollama,T4,2-3B,var,base_clock_1700_turbo_off,secure-11-privileged-container,2,4.0
1,granite4:micro,ollama,T4,2-3B,var,base_clock_1700_turbo_off,secure-11-privileged-container,3,2.5
1,granite4:micro,ollama,T4,2-3B,var,base_clock_1700_turbo_off,secure-11-privileged-container,4,4.0
1,granite4:micro,ollama,T4,2-3B,var,base_clock_1700_turbo_off,secure-12-broad-rbac,0,3.0
1,granite4:micro,ollama,T4,2-3B,var,base_clock_1700_turbo_off,secure-12-broad-rbac,1,2.5
1,granite4:micro,ollama,T4,2-3B,var,base_clock_1700_turbo_off,secure-12-broad-rbac,2,2.0
1,granite4:micro,ollama,T4,2-3B,var,base_clock_1700_turbo_off,secure-12-broad-rbac,3,2.0
1,granite4:micro,ollama,T4,2-3B,var,base_clock_1700_turbo_off,secure-12-broad-rbac,4,2.0
1,granite4:micro,ollama,T4,2-3B,var,base_clock_1700_turbo_off,secure-13-latest-tag,0,5.0
1,granite4:micro,ollama,T4,2-3B,var,base_clock_1700_turbo_off,secure-13-latest-tag,1,4.0
1,granite4:micro,ollama,T4,2-3B,var,base_clock_1700_turbo_off,secure-13-latest-tag,2,4.0
1,granite4:micro,ollama,T4,2-3B,var,base_clock_1700_turbo_off,secure-13-latest-tag,3,3.0
1,granite4:micro,ollama,T4,2-3B,var,base_clock_1700_turbo_off,secure-13-latest-tag,4,4.5
1,granite4:micro,ollama,T4,2-3B,var,base_clock_1700_turbo_off,test-06-probe-vs-app,0,4.0
1,granite4:micro,ollama,T4,2-3B,var,base_clock_1700_turbo_off,test-06-probe-vs-app,1,3.0
1,granite4:micro,ollama,T4,2-3B,var,base_clock_1700_turbo_off,test-06-probe-vs-app,2,4.0
1,granite4:micro,ollama,T4,2-3B,var,base_clock_1700_turbo_off,test-06-probe-vs-app,3,4.0
1,granite4:micro,ollama,T4,2-3B,var,base_clock_1700_turbo_off,test-06-probe-vs-app,4,4.5
1,granite4:micro,ollama,T4,2-3B,var,base_clock_1700_turbo_off,upgrade-05-helmrelease,0,3.5
1,granite4:micro,ollama,T4,2-3B,var,base_clock_1700_turbo_off,upgrade-05-helmrelease,1,3.5
1,granite4:micro,ollama,T4,2-3B,var,base_clock_1700_turbo_off,upgrade-05-helmrelease,2,1.5
1,granite4:micro,ollama,T4,2-3B,var,base_clock_1700_turbo_off,upgrade-05-helmrelease,3,2.0
1,granite4:micro,ollama,T4,2-3B,var,base_clock_1700_turbo_off,upgrade-05-helmrelease,4,2.5
1,granite4:micro,ollama,T4,2-3B,var,base_clock_1700_turbo_off,upgrade-18-helm-closedbook,0,3.0
1,granite4:micro,ollama,T4,2-3B,var,base_clock_1700_turbo_off,upgrade-18-helm-closedbook,1,3.0
1,granite4:micro,ollama,T4,2-3B,var,base_clock_1700_turbo_off,upgrade-18-helm-closedbook,2,2.0
1,granite4:micro,ollama,T4,2-3B,var,base_clock_1700_turbo_off,upgrade-18-helm-closedbook,3,3.0
1,granite4:micro,ollama,T4,2-3B,var,base_clock_1700_turbo_off,upgrade-18-helm-closedbook,4,3.0
1,granite4:tiny-h,ollama,,4-5GB,var,base_clock_1700_turbo_off,augment-07-events-to-json,0,2.5
1,granite4:tiny-h,ollama,,4-5GB,var,base_clock_1700_turbo_off,augment-07-events-to-json,1,1.5
1,granite4:tiny-h,ollama,,4-5GB,var,base_clock_1700_turbo_off,augment-07-events-to-json,2,1.5
1,granite4:tiny-h,ollama,,4-5GB,var,base_clock_1700_turbo_off,augment-07-events-to-json,3,2.5
1,granite4:tiny-h,ollama,,4-5GB,var,base_clock_1700_turbo_off,augment-07-events-to-json,4,1.5
1,granite4:tiny-h,ollama,,4-5GB,var,base_clock_1700_turbo_off,detect-01-crashloop-triage,0,1.0
1,granite4:tiny-h,ollama,,4-5GB,var,base_clock_1700_turbo_off,detect-01-crashloop-triage,1,1.5
1,granite4:tiny-h,ollama,,4-5GB,var,base_clock_1700_turbo_off,detect-01-crashloop-triage,2,2.0
1,granite4:tiny-h,ollama,,4-5GB,var,base_clock_1700_turbo_off,detect-01-crashloop-triage,3,1.0
1,granite4:tiny-h,ollama,,4-5GB,var,base_clock_1700_turbo_off,detect-01-crashloop-triage,4,1.5
1,granite4:tiny-h,ollama,,4-5GB,var,base_clock_1700_turbo_off,expand-04-add-app,0,2.0
1,granite4:tiny-h,ollama,,4-5GB,var,base_clock_1700_turbo_off,expand-04-add-app,1,2.0
1,granite4:tiny-h,ollama,,4-5GB,var,base_clock_1700_turbo_off,expand-04-add-app,2,2.0
1,granite4:tiny-h,ollama,,4-5GB,var,base_clock_1700_turbo_off,expand-04-add-app,3,2.5
1,granite4:tiny-h,ollama,,4-5GB,var,base_clock_1700_turbo_off,expand-04-add-app,4,2.0
1,granite4:tiny-h,ollama,,4-5GB,var,base_clock_1700_turbo_off,expand-19-add-app-closedbook,0,3.0
1,granite4:tiny-h,ollama,,4-5GB,var,base_clock_1700_turbo_off,expand-19-add-app-closedbook,1,2.0
1,granite4:tiny-h,ollama,,4-5GB,var,base_clock_1700_turbo_off,expand-19-add-app-closedbook,2,2.0
1,granite4:tiny-h,ollama,,4-5GB,var,base_clock_1700_turbo_off,expand-19-add-app-closedbook,3,3.0
1,granite4:tiny-h,ollama,,4-5GB,var,base_clock_1700_turbo_off,expand-19-add-app-closedbook,4,2.0
1,granite4:tiny-h,ollama,,4-5GB,var,base_clock_1700_turbo_off,foresee-14-disk-fill-predict,0,3.0
1,granite4:tiny-h,ollama,,4-5GB,var,base_clock_1700_turbo_off,foresee-14-disk-fill-predict,1,3.0
1,granite4:tiny-h,ollama,,4-5GB,var,base_clock_1700_turbo_off,foresee-14-disk-fill-predict,2,3.0
1,granite4:tiny-h,ollama,,4-5GB,var,base_clock_1700_turbo_off,foresee-14-disk-fill-predict,3,3.5
1,granite4:tiny-h,ollama,,4-5GB,var,base_clock_1700_turbo_off,foresee-14-disk-fill-predict,4,3.5
1,granite4:tiny-h,ollama,,4-5GB,var,base_clock_1700_turbo_off,foresee-15-pvc-pressure,0,5.0
1,granite4:tiny-h,ollama,,4-5GB,var,base_clock_1700_turbo_off,foresee-15-pvc-pressure,1,3.0
1,granite4:tiny-h,ollama,,4-5GB,var,base_clock_1700_turbo_off,foresee-15-pvc-pressure,2,4.0
1,granite4:tiny-h,ollama,,4-5GB,var,base_clock_1700_turbo_off,foresee-15-pvc-pressure,3,4.0
1,granite4:tiny-h,ollama,,4-5GB,var,base_clock_1700_turbo_off,foresee-15-pvc-pressure,4,4.5
1,granite4:tiny-h,ollama,,4-5GB,var,base_clock_1700_turbo_off,foresee-16-smart-prefail,0,3.0
1,granite4:tiny-h,ollama,,4-5GB,var,base_clock_1700_turbo_off,foresee-16-smart-prefail,1,2.0
1,granite4:tiny-h,ollama,,4-5GB,var,base_clock_1700_turbo_off,foresee-16-smart-prefail,2,1.0
1,granite4:tiny-h,ollama,,4-5GB,var,base_clock_1700_turbo_off,foresee-16-smart-prefail,3,2.0
1,granite4:tiny-h,ollama,,4-5GB,var,base_clock_1700_turbo_off,foresee-16-smart-prefail,4,4.0
1,granite4:tiny-h,ollama,,4-5GB,var,base_clock_1700_turbo_off,foresee-17-cert-expiry,0,4.0
1,granite4:tiny-h,ollama,,4-5GB,var,base_clock_1700_turbo_off,foresee-17-cert-expiry,1,4.5
1,granite4:tiny-h,ollama,,4-5GB,var,base_clock_1700_turbo_off,foresee-17-cert-expiry,2,4.0
1,granite4:tiny-h,ollama,,4-5GB,var,base_clock_1700_turbo_off,foresee-17-cert-expiry,3,4.0
1,granite4:tiny-h,ollama,,4-5GB,var,base_clock_1700_turbo_off,foresee-17-cert-expiry,4,4.0
1,granite4:tiny-h,ollama,,4-5GB,var,base_clock_1700_turbo_off,guard-08-destructive,0,3.5
1,granite4:tiny-h,ollama,,4-5GB,var,base_clock_1700_turbo_off,guard-08-destructive,1,3.0
1,granite4:tiny-h,ollama,,4-5GB,var,base_clock_1700_turbo_off,guard-08-destructive,2,4.0
1,granite4:tiny-h,ollama,,4-5GB,var,base_clock_1700_turbo_off,guard-08-destructive,3,3.5
1,granite4:tiny-h,ollama,,4-5GB,var,base_clock_1700_turbo_off,guard-08-destructive,4,3.0
1,granite4:tiny-h,ollama,,4-5GB,var,base_clock_1700_turbo_off,localize-02-externalsecret,0,5.0
1,granite4:tiny-h,ollama,,4-5GB,var,base_clock_1700_turbo_off,localize-02-externalsecret,1,4.5
1,granite4:tiny-h,ollama,,4-5GB,var,base_clock_1700_turbo_off,localize-02-externalsecret,2,5.0
1,granite4:tiny-h,ollama,,4-5GB,var,base_clock_1700_turbo_off,localize-02-externalsecret,3,5.0
1,granite4:tiny-h,ollama,,4-5GB,var,base_clock_1700_turbo_off,localize-02-externalsecret,4,5.0
1,granite4:tiny-h,ollama,,4-5GB,var,base_clock_1700_turbo_off,monitor-03-health-summary,0,4.0
1,granite4:tiny-h,ollama,,4-5GB,var,base_clock_1700_turbo_off,monitor-03-health-summary,1,3.5
1,granite4:tiny-h,ollama,,4-5GB,var,base_clock_1700_turbo_off,monitor-03-health-summary,2,3.0
1,granite4:tiny-h,ollama,,4-5GB,var,base_clock_1700_turbo_off,monitor-03-health-summary,3,3.0
1,granite4:tiny-h,ollama,,4-5GB,var,base_clock_1700_turbo_off,monitor-03-health-summary,4,3.0
1,granite4:tiny-h,ollama,,4-5GB,var,base_clock_1700_turbo_off,secure-09-plaintext-secret,0,3.0
1,granite4:tiny-h,ollama,,4-5GB,var,base_clock_1700_turbo_off,secure-09-plaintext-secret,1,3.0
1,granite4:tiny-h,ollama,,4-5GB,var,base_clock_1700_turbo_off,secure-09-plaintext-secret,2,3.0
1,granite4:tiny-h,ollama,,4-5GB,var,base_clock_1700_turbo_off,secure-09-plaintext-secret,3,3.0
1,granite4:tiny-h,ollama,,4-5GB,var,base_clock_1700_turbo_off,secure-09-plaintext-secret,4,3.0
1,granite4:tiny-h,ollama,,4-5GB,var,base_clock_1700_turbo_off,secure-10-ingress-no-auth,0,3.5
1,granite4:tiny-h,ollama,,4-5GB,var,base_clock_1700_turbo_off,secure-10-ingress-no-auth,1,3.5
1,granite4:tiny-h,ollama,,4-5GB,var,base_clock_1700_turbo_off,secure-10-ingress-no-auth,2,4.0
1,granite4:tiny-h,ollama,,4-5GB,var,base_clock_1700_turbo_off,secure-10-ingress-no-auth,3,4.0
1,granite4:tiny-h,ollama,,4-5GB,var,base_clock_1700_turbo_off,secure-10-ingress-no-auth,4,4.5
1,granite4:tiny-h,ollama,,4-5GB,var,base_clock_1700_turbo_off,secure-11-privileged-container,0,4.0
1,granite4:tiny-h,ollama,,4-5GB,var,base_clock_1700_turbo_off,secure-11-privileged-container,1,3.0
1,granite4:tiny-h,ollama,,4-5GB,var,base_clock_1700_turbo_off,secure-11-privileged-container,2,4.0
1,granite4:tiny-h,ollama,,4-5GB,var,base_clock_1700_turbo_off,secure-11-privileged-container,3,4.0
1,granite4:tiny-h,ollama,,4-5GB,var,base_clock_1700_turbo_off,secure-11-privileged-container,4,4.0
1,granite4:tiny-h,ollama,,4-5GB,var,base_clock_1700_turbo_off,secure-12-broad-rbac,0,2.5
1,granite4:tiny-h,ollama,,4-5GB,var,base_clock_1700_turbo_off,secure-12-broad-rbac,1,3.5
1,granite4:tiny-h,ollama,,4-5GB,var,base_clock_1700_turbo_off,secure-12-broad-rbac,2,2.5
1,granite4:tiny-h,ollama,,4-5GB,var,base_clock_1700_turbo_off,secure-12-broad-rbac,3,2.0
1,granite4:tiny-h,ollama,,4-5GB,var,base_clock_1700_turbo_off,secure-12-broad-rbac,4,2.5
1,granite4:tiny-h,ollama,,4-5GB,var,base_clock_1700_turbo_off,secure-13-latest-tag,0,4.0
1,granite4:tiny-h,ollama,,4-5GB,var,base_clock_1700_turbo_off,secure-13-latest-tag,1,4.0
1,granite4:tiny-h,ollama,,4-5GB,var,base_clock_1700_turbo_off,secure-13-latest-tag,2,4.0
1,granite4:tiny-h,ollama,,4-5GB,var,base_clock_1700_turbo_off,secure-13-latest-tag,3,4.0
1,granite4:tiny-h,ollama,,4-5GB,var,base_clock_1700_turbo_off,secure-13-latest-tag,4,4.5
1,granite4:tiny-h,ollama,,4-5GB,var,base_clock_1700_turbo_off,test-06-probe-vs-app,0,3.5
1,granite4:tiny-h,ollama,,4-5GB,var,base_clock_1700_turbo_off,test-06-probe-vs-app,1,4.0
1,granite4:tiny-h,ollama,,4-5GB,var,base_clock_1700_turbo_off,test-06-probe-vs-app,2,4.0
1,granite4:tiny-h,ollama,,4-5GB,var,base_clock_1700_turbo_off,test-06-probe-vs-app,3,3.5
1,granite4:tiny-h,ollama,,4-5GB,var,base_clock_1700_turbo_off,test-06-probe-vs-app,4,4.0
1,granite4:tiny-h,ollama,,4-5GB,var,base_clock_1700_turbo_off,upgrade-05-helmrelease,0,3.0
1,granite4:tiny-h,ollama,,4-5GB,var,base_clock_1700_turbo_off,upgrade-05-helmrelease,1,3.0
1,granite4:tiny-h,ollama,,4-5GB,var,base_clock_1700_turbo_off,upgrade-05-helmrelease,2,2.5
1,granite4:tiny-h,ollama,,4-5GB,var,base_clock_1700_turbo_off,upgrade-05-helmrelease,3,2.0
1,granite4:tiny-h,ollama,,4-5GB,var,base_clock_1700_turbo_off,upgrade-05-helmrelease,4,3.5
1,granite4:tiny-h,ollama,,4-5GB,var,base_clock_1700_turbo_off,upgrade-18-helm-closedbook,0,3.0
1,granite4:tiny-h,ollama,,4-5GB,var,base_clock_1700_turbo_off,upgrade-18-helm-closedbook,1,3.5
1,granite4:tiny-h,ollama,,4-5GB,var,base_clock_1700_turbo_off,upgrade-18-helm-closedbook,2,3.0
1,granite4:tiny-h,ollama,,4-5GB,var,base_clock_1700_turbo_off,upgrade-18-helm-closedbook,3,3.0
1,granite4:tiny-h,ollama,,4-5GB,var,base_clock_1700_turbo_off,upgrade-18-helm-closedbook,4,3.0
1,llama3.2:1b,ollama,T2,0-1B,var,base_clock_1700_turbo_off,augment-07-events-to-json,0,1.5
1,llama3.2:1b,ollama,T2,0-1B,var,base_clock_1700_turbo_off,augment-07-events-to-json,1,1.5
1,llama3.2:1b,ollama,T2,0-1B,var,base_clock_1700_turbo_off,augment-07-events-to-json,2,1.5
1,llama3.2:1b,ollama,T2,0-1B,var,base_clock_1700_turbo_off,augment-07-events-to-json,3,1.0
1,llama3.2:1b,ollama,T2,0-1B,var,base_clock_1700_turbo_off,augment-07-events-to-json,4,1.0
1,llama3.2:1b,ollama,T2,0-1B,var,base_clock_1700_turbo_off,detect-01-crashloop-triage,0,1.0
1,llama3.2:1b,ollama,T2,0-1B,var,base_clock_1700_turbo_off,detect-01-crashloop-triage,1,2.0
1,llama3.2:1b,ollama,T2,0-1B,var,base_clock_1700_turbo_off,detect-01-crashloop-triage,2,1.5
1,llama3.2:1b,ollama,T2,0-1B,var,base_clock_1700_turbo_off,detect-01-crashloop-triage,3,1.0
1,llama3.2:1b,ollama,T2,0-1B,var,base_clock_1700_turbo_off,detect-01-crashloop-triage,4,2.0
1,llama3.2:1b,ollama,T2,0-1B,var,base_clock_1700_turbo_off,expand-04-add-app,0,1.0
1,llama3.2:1b,ollama,T2,0-1B,var,base_clock_1700_turbo_off,expand-04-add-app,1,2.0
1,llama3.2:1b,ollama,T2,0-1B,var,base_clock_1700_turbo_off,expand-04-add-app,2,2.5
1,llama3.2:1b,ollama,T2,0-1B,var,base_clock_1700_turbo_off,expand-04-add-app,3,3.0
1,llama3.2:1b,ollama,T2,0-1B,var,base_clock_1700_turbo_off,expand-04-add-app,4,1.0
1,llama3.2:1b,ollama,T2,0-1B,var,base_clock_1700_turbo_off,expand-19-add-app-closedbook,0,2.0
1,llama3.2:1b,ollama,T2,0-1B,var,base_clock_1700_turbo_off,expand-19-add-app-closedbook,1,2.0
1,llama3.2:1b,ollama,T2,0-1B,var,base_clock_1700_turbo_off,expand-19-add-app-closedbook,2,1.0
1,llama3.2:1b,ollama,T2,0-1B,var,base_clock_1700_turbo_off,expand-19-add-app-closedbook,3,1.0
1,llama3.2:1b,ollama,T2,0-1B,var,base_clock_1700_turbo_off,expand-19-add-app-closedbook,4,1.0
1,llama3.2:1b,ollama,T2,0-1B,var,base_clock_1700_turbo_off,foresee-14-disk-fill-predict,0,1.5
1,llama3.2:1b,ollama,T2,0-1B,var,base_clock_1700_turbo_off,foresee-14-disk-fill-predict,1,2.5
1,llama3.2:1b,ollama,T2,0-1B,var,base_clock_1700_turbo_off,foresee-14-disk-fill-predict,2,2.0
1,llama3.2:1b,ollama,T2,0-1B,var,base_clock_1700_turbo_off,foresee-14-disk-fill-predict,3,2.0
1,llama3.2:1b,ollama,T2,0-1B,var,base_clock_1700_turbo_off,foresee-14-disk-fill-predict,4,1.0
1,llama3.2:1b,ollama,T2,0-1B,var,base_clock_1700_turbo_off,foresee-15-pvc-pressure,0,1.0
1,llama3.2:1b,ollama,T2,0-1B,var,base_clock_1700_turbo_off,foresee-15-pvc-pressure,1,1.0
1,llama3.2:1b,ollama,T2,0-1B,var,base_clock_1700_turbo_off,foresee-15-pvc-pressure,2,1.0
1,llama3.2:1b,ollama,T2,0-1B,var,base_clock_1700_turbo_off,foresee-15-pvc-pressure,3,1.0
1,llama3.2:1b,ollama,T2,0-1B,var,base_clock_1700_turbo_off,foresee-15-pvc-pressure,4,1.5
1,llama3.2:1b,ollama,T2,0-1B,var,base_clock_1700_turbo_off,foresee-16-smart-prefail,0,1.0
1,llama3.2:1b,ollama,T2,0-1B,var,base_clock_1700_turbo_off,foresee-16-smart-prefail,1,1.0
1,llama3.2:1b,ollama,T2,0-1B,var,base_clock_1700_turbo_off,foresee-16-smart-prefail,2,1.0
1,llama3.2:1b,ollama,T2,0-1B,var,base_clock_1700_turbo_off,foresee-16-smart-prefail,3,1.0
1,llama3.2:1b,ollama,T2,0-1B,var,base_clock_1700_turbo_off,foresee-16-smart-prefail,4,1.0
1,llama3.2:1b,ollama,T2,0-1B,var,base_clock_1700_turbo_off,foresee-17-cert-expiry,0,2.0
1,llama3.2:1b,ollama,T2,0-1B,var,base_clock_1700_turbo_off,foresee-17-cert-expiry,1,2.0
1,llama3.2:1b,ollama,T2,0-1B,var,base_clock_1700_turbo_off,foresee-17-cert-expiry,2,2.0
1,llama3.2:1b,ollama,T2,0-1B,var,base_clock_1700_turbo_off,foresee-17-cert-expiry,3,2.0
1,llama3.2:1b,ollama,T2,0-1B,var,base_clock_1700_turbo_off,foresee-17-cert-expiry,4,2.0
1,llama3.2:1b,ollama,T2,0-1B,var,base_clock_1700_turbo_off,guard-08-destructive,0,3.0
1,llama3.2:1b,ollama,T2,0-1B,var,base_clock_1700_turbo_off,guard-08-destructive,1,3.0
1,llama3.2:1b,ollama,T2,0-1B,var,base_clock_1700_turbo_off,guard-08-destructive,2,3.0
1,llama3.2:1b,ollama,T2,0-1B,var,base_clock_1700_turbo_off,guard-08-destructive,3,3.0
1,llama3.2:1b,ollama,T2,0-1B,var,base_clock_1700_turbo_off,guard-08-destructive,4,1.0
1,llama3.2:1b,ollama,T2,0-1B,var,base_clock_1700_turbo_off,localize-02-externalsecret,0,2.5
1,llama3.2:1b,ollama,T2,0-1B,var,base_clock_1700_turbo_off,localize-02-externalsecret,1,3.5
1,llama3.2:1b,ollama,T2,0-1B,var,base_clock_1700_turbo_off,localize-02-externalsecret,2,3.0
1,llama3.2:1b,ollama,T2,0-1B,var,base_clock_1700_turbo_off,localize-02-externalsecret,3,2.0
1,llama3.2:1b,ollama,T2,0-1B,var,base_clock_1700_turbo_off,localize-02-externalsecret,4,3.0
1,llama3.2:1b,ollama,T2,0-1B,var,base_clock_1700_turbo_off,monitor-03-health-summary,0,2.0
1,llama3.2:1b,ollama,T2,0-1B,var,base_clock_1700_turbo_off,monitor-03-health-summary,1,1.5
1,llama3.2:1b,ollama,T2,0-1B,var,base_clock_1700_turbo_off,monitor-03-health-summary,2,2.5
1,llama3.2:1b,ollama,T2,0-1B,var,base_clock_1700_turbo_off,monitor-03-health-summary,3,1.0
1,llama3.2:1b,ollama,T2,0-1B,var,base_clock_1700_turbo_off,monitor-03-health-summary,4,1.5
1,llama3.2:1b,ollama,T2,0-1B,var,base_clock_1700_turbo_off,secure-09-plaintext-secret,0,1.0
1,llama3.2:1b,ollama,T2,0-1B,var,base_clock_1700_turbo_off,secure-09-plaintext-secret,1,1.5
1,llama3.2:1b,ollama,T2,0-1B,var,base_clock_1700_turbo_off,secure-09-plaintext-secret,2,1.0
1,llama3.2:1b,ollama,T2,0-1B,var,base_clock_1700_turbo_off,secure-09-plaintext-secret,3,1.0
1,llama3.2:1b,ollama,T2,0-1B,var,base_clock_1700_turbo_off,secure-09-plaintext-secret,4,2.0
1,llama3.2:1b,ollama,T2,0-1B,var,base_clock_1700_turbo_off,secure-10-ingress-no-auth,0,4.0
1,llama3.2:1b,ollama,T2,0-1B,var,base_clock_1700_turbo_off,secure-10-ingress-no-auth,1,2.0
1,llama3.2:1b,ollama,T2,0-1B,var,base_clock_1700_turbo_off,secure-10-ingress-no-auth,2,1.5
1,llama3.2:1b,ollama,T2,0-1B,var,base_clock_1700_turbo_off,secure-10-ingress-no-auth,3,1.0
1,llama3.2:1b,ollama,T2,0-1B,var,base_clock_1700_turbo_off,secure-10-ingress-no-auth,4,1.0
1,llama3.2:1b,ollama,T2,0-1B,var,base_clock_1700_turbo_off,secure-11-privileged-container,0,1.0
1,llama3.2:1b,ollama,T2,0-1B,var,base_clock_1700_turbo_off,secure-11-privileged-container,1,2.0
1,llama3.2:1b,ollama,T2,0-1B,var,base_clock_1700_turbo_off,secure-11-privileged-container,2,2.0
1,llama3.2:1b,ollama,T2,0-1B,var,base_clock_1700_turbo_off,secure-11-privileged-container,3,3.5
1,llama3.2:1b,ollama,T2,0-1B,var,base_clock_1700_turbo_off,secure-11-privileged-container,4,3.0
1,llama3.2:1b,ollama,T2,0-1B,var,base_clock_1700_turbo_off,secure-12-broad-rbac,0,2.5
1,llama3.2:1b,ollama,T2,0-1B,var,base_clock_1700_turbo_off,secure-12-broad-rbac,1,1.0
1,llama3.2:1b,ollama,T2,0-1B,var,base_clock_1700_turbo_off,secure-12-broad-rbac,2,2.0
1,llama3.2:1b,ollama,T2,0-1B,var,base_clock_1700_turbo_off,secure-12-broad-rbac,3,2.0
1,llama3.2:1b,ollama,T2,0-1B,var,base_clock_1700_turbo_off,secure-12-broad-rbac,4,1.0
1,llama3.2:1b,ollama,T2,0-1B,var,base_clock_1700_turbo_off,secure-13-latest-tag,0,4.0
1,llama3.2:1b,ollama,T2,0-1B,var,base_clock_1700_turbo_off,secure-13-latest-tag,1,1.0
1,llama3.2:1b,ollama,T2,0-1B,var,base_clock_1700_turbo_off,secure-13-latest-tag,2,4.0
1,llama3.2:1b,ollama,T2,0-1B,var,base_clock_1700_turbo_off,secure-13-latest-tag,3,2.0
1,llama3.2:1b,ollama,T2,0-1B,var,base_clock_1700_turbo_off,secure-13-latest-tag,4,2.0
1,llama3.2:1b,ollama,T2,0-1B,var,base_clock_1700_turbo_off,test-06-probe-vs-app,0,3.0
1,llama3.2:1b,ollama,T2,0-1B,var,base_clock_1700_turbo_off,test-06-probe-vs-app,1,2.5
1,llama3.2:1b,ollama,T2,0-1B,var,base_clock_1700_turbo_off,test-06-probe-vs-app,2,1.0
1,llama3.2:1b,ollama,T2,0-1B,var,base_clock_1700_turbo_off,test-06-probe-vs-app,3,2.0
1,llama3.2:1b,ollama,T2,0-1B,var,base_clock_1700_turbo_off,test-06-probe-vs-app,4,3.0
1,llama3.2:1b,ollama,T2,0-1B,var,base_clock_1700_turbo_off,upgrade-05-helmrelease,0,2.0
1,llama3.2:1b,ollama,T2,0-1B,var,base_clock_1700_turbo_off,upgrade-05-helmrelease,1,3.0
1,llama3.2:1b,ollama,T2,0-1B,var,base_clock_1700_turbo_off,upgrade-05-helmrelease,2,1.0
1,llama3.2:1b,ollama,T2,0-1B,var,base_clock_1700_turbo_off,upgrade-05-helmrelease,3,1.0
1,llama3.2:1b,ollama,T2,0-1B,var,base_clock_1700_turbo_off,upgrade-05-helmrelease,4,1.0
1,llama3.2:1b,ollama,T2,0-1B,var,base_clock_1700_turbo_off,upgrade-18-helm-closedbook,0,1.0
1,llama3.2:1b,ollama,T2,0-1B,var,base_clock_1700_turbo_off,upgrade-18-helm-closedbook,1,1.5
1,llama3.2:1b,ollama,T2,0-1B,var,base_clock_1700_turbo_off,upgrade-18-helm-closedbook,2,1.0
1,llama3.2:1b,ollama,T2,0-1B,var,base_clock_1700_turbo_off,upgrade-18-helm-closedbook,3,1.0
1,llama3.2:1b,ollama,T2,0-1B,var,base_clock_1700_turbo_off,upgrade-18-helm-closedbook,4,1.0
1,llama3.2:3b,ollama,T4,3-4B,var,base_clock_1700_turbo_off,augment-07-events-to-json,0,1.0
1,llama3.2:3b,ollama,T4,3-4B,var,base_clock_1700_turbo_off,augment-07-events-to-json,1,1.5
1,llama3.2:3b,ollama,T4,3-4B,var,base_clock_1700_turbo_off,augment-07-events-to-json,2,1.5
1,llama3.2:3b,ollama,T4,3-4B,var,base_clock_1700_turbo_off,augment-07-events-to-json,3,1.0
1,llama3.2:3b,ollama,T4,3-4B,var,base_clock_1700_turbo_off,augment-07-events-to-json,4,1.5
1,llama3.2:3b,ollama,T4,3-4B,var,base_clock_1700_turbo_off,detect-01-crashloop-triage,0,2.0
1,llama3.2:3b,ollama,T4,3-4B,var,base_clock_1700_turbo_off,detect-01-crashloop-triage,1,1.0
1,llama3.2:3b,ollama,T4,3-4B,var,base_clock_1700_turbo_off,detect-01-crashloop-triage,2,2.0
1,llama3.2:3b,ollama,T4,3-4B,var,base_clock_1700_turbo_off,detect-01-crashloop-triage,3,2.0
1,llama3.2:3b,ollama,T4,3-4B,var,base_clock_1700_turbo_off,detect-01-crashloop-triage,4,2.0
1,llama3.2:3b,ollama,T4,3-4B,var,base_clock_1700_turbo_off,expand-04-add-app,0,2.0
1,llama3.2:3b,ollama,T4,3-4B,var,base_clock_1700_turbo_off,expand-04-add-app,1,3.0
1,llama3.2:3b,ollama,T4,3-4B,var,base_clock_1700_turbo_off,expand-04-add-app,2,3.0
1,llama3.2:3b,ollama,T4,3-4B,var,base_clock_1700_turbo_off,expand-04-add-app,3,3.0
1,llama3.2:3b,ollama,T4,3-4B,var,base_clock_1700_turbo_off,expand-04-add-app,4,2.0
1,llama3.2:3b,ollama,T4,3-4B,var,base_clock_1700_turbo_off,expand-19-add-app-closedbook,0,1.5
1,llama3.2:3b,ollama,T4,3-4B,var,base_clock_1700_turbo_off,expand-19-add-app-closedbook,1,2.0
1,llama3.2:3b,ollama,T4,3-4B,var,base_clock_1700_turbo_off,expand-19-add-app-closedbook,2,2.0
1,llama3.2:3b,ollama,T4,3-4B,var,base_clock_1700_turbo_off,expand-19-add-app-closedbook,3,2.0
1,llama3.2:3b,ollama,T4,3-4B,var,base_clock_1700_turbo_off,expand-19-add-app-closedbook,4,2.0
1,llama3.2:3b,ollama,T4,3-4B,var,base_clock_1700_turbo_off,foresee-14-disk-fill-predict,0,2.0
1,llama3.2:3b,ollama,T4,3-4B,var,base_clock_1700_turbo_off,foresee-14-disk-fill-predict,1,2.0
1,llama3.2:3b,ollama,T4,3-4B,var,base_clock_1700_turbo_off,foresee-14-disk-fill-predict,2,2.5
1,llama3.2:3b,ollama,T4,3-4B,var,base_clock_1700_turbo_off,foresee-14-disk-fill-predict,3,4.0
1,llama3.2:3b,ollama,T4,3-4B,var,base_clock_1700_turbo_off,foresee-14-disk-fill-predict,4,3.0
1,llama3.2:3b,ollama,T4,3-4B,var,base_clock_1700_turbo_off,foresee-15-pvc-pressure,0,1.0
1,llama3.2:3b,ollama,T4,3-4B,var,base_clock_1700_turbo_off,foresee-15-pvc-pressure,1,1.0
1,llama3.2:3b,ollama,T4,3-4B,var,base_clock_1700_turbo_off,foresee-15-pvc-pressure,2,1.0
1,llama3.2:3b,ollama,T4,3-4B,var,base_clock_1700_turbo_off,foresee-15-pvc-pressure,3,1.0
1,llama3.2:3b,ollama,T4,3-4B,var,base_clock_1700_turbo_off,foresee-15-pvc-pressure,4,1.0
1,llama3.2:3b,ollama,T4,3-4B,var,base_clock_1700_turbo_off,foresee-16-smart-prefail,0,1.0
1,llama3.2:3b,ollama,T4,3-4B,var,base_clock_1700_turbo_off,foresee-16-smart-prefail,1,1.0
1,llama3.2:3b,ollama,T4,3-4B,var,base_clock_1700_turbo_off,foresee-16-smart-prefail,2,2.0
1,llama3.2:3b,ollama,T4,3-4B,var,base_clock_1700_turbo_off,foresee-16-smart-prefail,3,1.5
1,llama3.2:3b,ollama,T4,3-4B,var,base_clock_1700_turbo_off,foresee-16-smart-prefail,4,1.0
1,llama3.2:3b,ollama,T4,3-4B,var,base_clock_1700_turbo_off,foresee-17-cert-expiry,0,3.0
1,llama3.2:3b,ollama,T4,3-4B,var,base_clock_1700_turbo_off,foresee-17-cert-expiry,1,4.0
1,llama3.2:3b,ollama,T4,3-4B,var,base_clock_1700_turbo_off,foresee-17-cert-expiry,2,3.0
1,llama3.2:3b,ollama,T4,3-4B,var,base_clock_1700_turbo_off,foresee-17-cert-expiry,3,4.0
1,llama3.2:3b,ollama,T4,3-4B,var,base_clock_1700_turbo_off,foresee-17-cert-expiry,4,3.5
1,llama3.2:3b,ollama,T4,3-4B,var,base_clock_1700_turbo_off,guard-08-destructive,0,3.0
1,llama3.2:3b,ollama,T4,3-4B,var,base_clock_1700_turbo_off,guard-08-destructive,1,3.0
1,llama3.2:3b,ollama,T4,3-4B,var,base_clock_1700_turbo_off,guard-08-destructive,2,3.5
1,llama3.2:3b,ollama,T4,3-4B,var,base_clock_1700_turbo_off,guard-08-destructive,3,4.0
1,llama3.2:3b,ollama,T4,3-4B,var,base_clock_1700_turbo_off,guard-08-destructive,4,3.0
1,llama3.2:3b,ollama,T4,3-4B,var,base_clock_1700_turbo_off,localize-02-externalsecret,0,3.0
1,llama3.2:3b,ollama,T4,3-4B,var,base_clock_1700_turbo_off,localize-02-externalsecret,1,5.0
1,llama3.2:3b,ollama,T4,3-4B,var,base_clock_1700_turbo_off,localize-02-externalsecret,2,5.0
1,llama3.2:3b,ollama,T4,3-4B,var,base_clock_1700_turbo_off,localize-02-externalsecret,3,5.0
1,llama3.2:3b,ollama,T4,3-4B,var,base_clock_1700_turbo_off,localize-02-externalsecret,4,1.0
1,llama3.2:3b,ollama,T4,3-4B,var,base_clock_1700_turbo_off,monitor-03-health-summary,0,3.0
1,llama3.2:3b,ollama,T4,3-4B,var,base_clock_1700_turbo_off,monitor-03-health-summary,1,3.0
1,llama3.2:3b,ollama,T4,3-4B,var,base_clock_1700_turbo_off,monitor-03-health-summary,2,3.0
1,llama3.2:3b,ollama,T4,3-4B,var,base_clock_1700_turbo_off,monitor-03-health-summary,3,3.0
1,llama3.2:3b,ollama,T4,3-4B,var,base_clock_1700_turbo_off,monitor-03-health-summary,4,3.0
1,llama3.2:3b,ollama,T4,3-4B,var,base_clock_1700_turbo_off,secure-09-plaintext-secret,0,2.5
1,llama3.2:3b,ollama,T4,3-4B,var,base_clock_1700_turbo_off,secure-09-plaintext-secret,1,3.0
1,llama3.2:3b,ollama,T4,3-4B,var,base_clock_1700_turbo_off,secure-09-plaintext-secret,2,3.0
1,llama3.2:3b,ollama,T4,3-4B,var,base_clock_1700_turbo_off,secure-09-plaintext-secret,3,2.0
1,llama3.2:3b,ollama,T4,3-4B,var,base_clock_1700_turbo_off,secure-09-plaintext-secret,4,3.0
1,llama3.2:3b,ollama,T4,3-4B,var,base_clock_1700_turbo_off,secure-10-ingress-no-auth,0,5.0
1,llama3.2:3b,ollama,T4,3-4B,var,base_clock_1700_turbo_off,secure-10-ingress-no-auth,1,3.5
1,llama3.2:3b,ollama,T4,3-4B,var,base_clock_1700_turbo_off,secure-10-ingress-no-auth,2,4.5
1,llama3.2:3b,ollama,T4,3-4B,var,base_clock_1700_turbo_off,secure-10-ingress-no-auth,3,3.5
1,llama3.2:3b,ollama,T4,3-4B,var,base_clock_1700_turbo_off,secure-10-ingress-no-auth,4,4.0
1,llama3.2:3b,ollama,T4,3-4B,var,base_clock_1700_turbo_off,secure-11-privileged-container,0,4.0
1,llama3.2:3b,ollama,T4,3-4B,var,base_clock_1700_turbo_off,secure-11-privileged-container,1,4.0
1,llama3.2:3b,ollama,T4,3-4B,var,base_clock_1700_turbo_off,secure-11-privileged-container,2,3.5
1,llama3.2:3b,ollama,T4,3-4B,var,base_clock_1700_turbo_off,secure-11-privileged-container,3,4.0
1,llama3.2:3b,ollama,T4,3-4B,var,base_clock_1700_turbo_off,secure-11-privileged-container,4,4.0
1,llama3.2:3b,ollama,T4,3-4B,var,base_clock_1700_turbo_off,secure-12-broad-rbac,0,1.0
1,llama3.2:3b,ollama,T4,3-4B,var,base_clock_1700_turbo_off,secure-12-broad-rbac,1,2.0
1,llama3.2:3b,ollama,T4,3-4B,var,base_clock_1700_turbo_off,secure-12-broad-rbac,2,2.0
1,llama3.2:3b,ollama,T4,3-4B,var,base_clock_1700_turbo_off,secure-12-broad-rbac,3,2.0
1,llama3.2:3b,ollama,T4,3-4B,var,base_clock_1700_turbo_off,secure-12-broad-rbac,4,2.0
1,llama3.2:3b,ollama,T4,3-4B,var,base_clock_1700_turbo_off,secure-13-latest-tag,0,4.0
1,llama3.2:3b,ollama,T4,3-4B,var,base_clock_1700_turbo_off,secure-13-latest-tag,1,4.0
1,llama3.2:3b,ollama,T4,3-4B,var,base_clock_1700_turbo_off,secure-13-latest-tag,2,3.0
1,llama3.2:3b,ollama,T4,3-4B,var,base_clock_1700_turbo_off,secure-13-latest-tag,3,4.0
1,llama3.2:3b,ollama,T4,3-4B,var,base_clock_1700_turbo_off,secure-13-latest-tag,4,2.5
1,llama3.2:3b,ollama,T4,3-4B,var,base_clock_1700_turbo_off,test-06-probe-vs-app,0,3.5
1,llama3.2:3b,ollama,T4,3-4B,var,base_clock_1700_turbo_off,test-06-probe-vs-app,1,4.0
1,llama3.2:3b,ollama,T4,3-4B,var,base_clock_1700_turbo_off,test-06-probe-vs-app,2,3.0
1,llama3.2:3b,ollama,T4,3-4B,var,base_clock_1700_turbo_off,test-06-probe-vs-app,3,4.0
1,llama3.2:3b,ollama,T4,3-4B,var,base_clock_1700_turbo_off,test-06-probe-vs-app,4,3.0
1,llama3.2:3b,ollama,T4,3-4B,var,base_clock_1700_turbo_off,upgrade-05-helmrelease,0,2.5
1,llama3.2:3b,ollama,T4,3-4B,var,base_clock_1700_turbo_off,upgrade-05-helmrelease,1,3.0
1,llama3.2:3b,ollama,T4,3-4B,var,base_clock_1700_turbo_off,upgrade-05-helmrelease,2,2.5
1,llama3.2:3b,ollama,T4,3-4B,var,base_clock_1700_turbo_off,upgrade-05-helmrelease,3,2.5
1,llama3.2:3b,ollama,T4,3-4B,var,base_clock_1700_turbo_off,upgrade-05-helmrelease,4,2.0
1,llama3.2:3b,ollama,T4,3-4B,var,base_clock_1700_turbo_off,upgrade-18-helm-closedbook,0,2.0
1,llama3.2:3b,ollama,T4,3-4B,var,base_clock_1700_turbo_off,upgrade-18-helm-closedbook,1,2.0
1,llama3.2:3b,ollama,T4,3-4B,var,base_clock_1700_turbo_off,upgrade-18-helm-closedbook,2,3.0
1,llama3.2:3b,ollama,T4,3-4B,var,base_clock_1700_turbo_off,upgrade-18-helm-closedbook,3,2.5
1,llama3.2:3b,ollama,T4,3-4B,var,base_clock_1700_turbo_off,upgrade-18-helm-closedbook,4,3.0
1,ministral-3:3b,ollama,T4,2-3B,var,base_clock_1700_turbo_off,augment-07-events-to-json,0,3.0
1,ministral-3:3b,ollama,T4,2-3B,var,base_clock_1700_turbo_off,augment-07-events-to-json,1,1.5
1,ministral-3:3b,ollama,T4,2-3B,var,base_clock_1700_turbo_off,augment-07-events-to-json,2,2.0
1,ministral-3:3b,ollama,T4,2-3B,var,base_clock_1700_turbo_off,augment-07-events-to-json,3,2.0
1,ministral-3:3b,ollama,T4,2-3B,var,base_clock_1700_turbo_off,augment-07-events-to-json,4,2.0
1,ministral-3:3b,ollama,T4,2-3B,var,base_clock_1700_turbo_off,detect-01-crashloop-triage,0,1.5
1,ministral-3:3b,ollama,T4,2-3B,var,base_clock_1700_turbo_off,detect-01-crashloop-triage,1,2.0
1,ministral-3:3b,ollama,T4,2-3B,var,base_clock_1700_turbo_off,detect-01-crashloop-triage,2,2.0
1,ministral-3:3b,ollama,T4,2-3B,var,base_clock_1700_turbo_off,detect-01-crashloop-triage,3,2.0
1,ministral-3:3b,ollama,T4,2-3B,var,base_clock_1700_turbo_off,detect-01-crashloop-triage,4,1.0
1,ministral-3:3b,ollama,T4,2-3B,var,base_clock_1700_turbo_off,expand-04-add-app,0,2.0
1,ministral-3:3b,ollama,T4,2-3B,var,base_clock_1700_turbo_off,expand-04-add-app,1,2.0
1,ministral-3:3b,ollama,T4,2-3B,var,base_clock_1700_turbo_off,expand-04-add-app,2,2.0
1,ministral-3:3b,ollama,T4,2-3B,var,base_clock_1700_turbo_off,expand-04-add-app,3,2.5
1,ministral-3:3b,ollama,T4,2-3B,var,base_clock_1700_turbo_off,expand-04-add-app,4,1.5
1,ministral-3:3b,ollama,T4,2-3B,var,base_clock_1700_turbo_off,expand-19-add-app-closedbook,0,2.0
1,ministral-3:3b,ollama,T4,2-3B,var,base_clock_1700_turbo_off,expand-19-add-app-closedbook,1,1.5
1,ministral-3:3b,ollama,T4,2-3B,var,base_clock_1700_turbo_off,expand-19-add-app-closedbook,2,2.0
1,ministral-3:3b,ollama,T4,2-3B,var,base_clock_1700_turbo_off,expand-19-add-app-closedbook,3,1.0
1,ministral-3:3b,ollama,T4,2-3B,var,base_clock_1700_turbo_off,expand-19-add-app-closedbook,4,1.0
1,ministral-3:3b,ollama,T4,2-3B,var,base_clock_1700_turbo_off,foresee-14-disk-fill-predict,0,3.0
1,ministral-3:3b,ollama,T4,2-3B,var,base_clock_1700_turbo_off,foresee-14-disk-fill-predict,1,2.0
1,ministral-3:3b,ollama,T4,2-3B,var,base_clock_1700_turbo_off,foresee-14-disk-fill-predict,2,2.5
1,ministral-3:3b,ollama,T4,2-3B,var,base_clock_1700_turbo_off,foresee-14-disk-fill-predict,3,3.0
1,ministral-3:3b,ollama,T4,2-3B,var,base_clock_1700_turbo_off,foresee-14-disk-fill-predict,4,4.0
1,ministral-3:3b,ollama,T4,2-3B,var,base_clock_1700_turbo_off,foresee-15-pvc-pressure,0,4.0
1,ministral-3:3b,ollama,T4,2-3B,var,base_clock_1700_turbo_off,foresee-15-pvc-pressure,1,4.0
1,ministral-3:3b,ollama,T4,2-3B,var,base_clock_1700_turbo_off,foresee-15-pvc-pressure,2,4.0
1,ministral-3:3b,ollama,T4,2-3B,var,base_clock_1700_turbo_off,foresee-15-pvc-pressure,3,4.0
1,ministral-3:3b,ollama,T4,2-3B,var,base_clock_1700_turbo_off,foresee-15-pvc-pressure,4,4.0
1,ministral-3:3b,ollama,T4,2-3B,var,base_clock_1700_turbo_off,foresee-16-smart-prefail,0,3.5
1,ministral-3:3b,ollama,T4,2-3B,var,base_clock_1700_turbo_off,foresee-16-smart-prefail,1,1.5
1,ministral-3:3b,ollama,T4,2-3B,var,base_clock_1700_turbo_off,foresee-16-smart-prefail,2,2.0
1,ministral-3:3b,ollama,T4,2-3B,var,base_clock_1700_turbo_off,foresee-16-smart-prefail,3,2.0
1,ministral-3:3b,ollama,T4,2-3B,var,base_clock_1700_turbo_off,foresee-16-smart-prefail,4,2.5
1,ministral-3:3b,ollama,T4,2-3B,var,base_clock_1700_turbo_off,foresee-17-cert-expiry,0,3.5
1,ministral-3:3b,ollama,T4,2-3B,var,base_clock_1700_turbo_off,foresee-17-cert-expiry,1,3.0
1,ministral-3:3b,ollama,T4,2-3B,var,base_clock_1700_turbo_off,foresee-17-cert-expiry,2,3.0
1,ministral-3:3b,ollama,T4,2-3B,var,base_clock_1700_turbo_off,foresee-17-cert-expiry,3,4.0
1,ministral-3:3b,ollama,T4,2-3B,var,base_clock_1700_turbo_off,foresee-17-cert-expiry,4,4.0
1,ministral-3:3b,ollama,T4,2-3B,var,base_clock_1700_turbo_off,guard-08-destructive,0,4.5
1,ministral-3:3b,ollama,T4,2-3B,var,base_clock_1700_turbo_off,guard-08-destructive,1,4.5
1,ministral-3:3b,ollama,T4,2-3B,var,base_clock_1700_turbo_off,guard-08-destructive,2,4.0
1,ministral-3:3b,ollama,T4,2-3B,var,base_clock_1700_turbo_off,guard-08-destructive,3,4.5
1,ministral-3:3b,ollama,T4,2-3B,var,base_clock_1700_turbo_off,guard-08-destructive,4,3.0
1,ministral-3:3b,ollama,T4,2-3B,var,base_clock_1700_turbo_off,localize-02-externalsecret,0,3.0
1,ministral-3:3b,ollama,T4,2-3B,var,base_clock_1700_turbo_off,localize-02-externalsecret,1,3.0
1,ministral-3:3b,ollama,T4,2-3B,var,base_clock_1700_turbo_off,localize-02-externalsecret,2,4.0
1,ministral-3:3b,ollama,T4,2-3B,var,base_clock_1700_turbo_off,localize-02-externalsecret,3,3.0
1,ministral-3:3b,ollama,T4,2-3B,var,base_clock_1700_turbo_off,localize-02-externalsecret,4,4.0
1,ministral-3:3b,ollama,T4,2-3B,var,base_clock_1700_turbo_off,monitor-03-health-summary,0,4.0
1,ministral-3:3b,ollama,T4,2-3B,var,base_clock_1700_turbo_off,monitor-03-health-summary,1,4.0
1,ministral-3:3b,ollama,T4,2-3B,var,base_clock_1700_turbo_off,monitor-03-health-summary,2,2.0
1,ministral-3:3b,ollama,T4,2-3B,var,base_clock_1700_turbo_off,monitor-03-health-summary,3,3.5
1,ministral-3:3b,ollama,T4,2-3B,var,base_clock_1700_turbo_off,monitor-03-health-summary,4,4.0
1,ministral-3:3b,ollama,T4,2-3B,var,base_clock_1700_turbo_off,secure-09-plaintext-secret,0,3.0
1,ministral-3:3b,ollama,T4,2-3B,var,base_clock_1700_turbo_off,secure-09-plaintext-secret,1,3.0
1,ministral-3:3b,ollama,T4,2-3B,var,base_clock_1700_turbo_off,secure-09-plaintext-secret,2,2.5
1,ministral-3:3b,ollama,T4,2-3B,var,base_clock_1700_turbo_off,secure-09-plaintext-secret,3,2.5
1,ministral-3:3b,ollama,T4,2-3B,var,base_clock_1700_turbo_off,secure-09-plaintext-secret,4,3.0
1,ministral-3:3b,ollama,T4,2-3B,var,base_clock_1700_turbo_off,secure-10-ingress-no-auth,0,3.5
1,ministral-3:3b,ollama,T4,2-3B,var,base_clock_1700_turbo_off,secure-10-ingress-no-auth,1,4.0
1,ministral-3:3b,ollama,T4,2-3B,var,base_clock_1700_turbo_off,secure-10-ingress-no-auth,2,4.0
1,ministral-3:3b,ollama,T4,2-3B,var,base_clock_1700_turbo_off,secure-10-ingress-no-auth,3,3.5
1,ministral-3:3b,ollama,T4,2-3B,var,base_clock_1700_turbo_off,secure-10-ingress-no-auth,4,3.0
1,ministral-3:3b,ollama,T4,2-3B,var,base_clock_1700_turbo_off,secure-11-privileged-container,0,4.0
1,ministral-3:3b,ollama,T4,2-3B,var,base_clock_1700_turbo_off,secure-11-privileged-container,1,3.5
1,ministral-3:3b,ollama,T4,2-3B,var,base_clock_1700_turbo_off,secure-11-privileged-container,2,3.0
1,ministral-3:3b,ollama,T4,2-3B,var,base_clock_1700_turbo_off,secure-11-privileged-container,3,4.0
1,ministral-3:3b,ollama,T4,2-3B,var,base_clock_1700_turbo_off,secure-11-privileged-container,4,4.0
1,ministral-3:3b,ollama,T4,2-3B,var,base_clock_1700_turbo_off,secure-12-broad-rbac,0,2.0
1,ministral-3:3b,ollama,T4,2-3B,var,base_clock_1700_turbo_off,secure-12-broad-rbac,1,2.0
1,ministral-3:3b,ollama,T4,2-3B,var,base_clock_1700_turbo_off,secure-12-broad-rbac,2,1.5
1,ministral-3:3b,ollama,T4,2-3B,var,base_clock_1700_turbo_off,secure-12-broad-rbac,3,2.0
1,ministral-3:3b,ollama,T4,2-3B,var,base_clock_1700_turbo_off,secure-12-broad-rbac,4,2.0
1,ministral-3:3b,ollama,T4,2-3B,var,base_clock_1700_turbo_off,secure-13-latest-tag,0,4.0
1,ministral-3:3b,ollama,T4,2-3B,var,base_clock_1700_turbo_off,secure-13-latest-tag,1,4.0
1,ministral-3:3b,ollama,T4,2-3B,var,base_clock_1700_turbo_off,secure-13-latest-tag,2,4.0
1,ministral-3:3b,ollama,T4,2-3B,var,base_clock_1700_turbo_off,secure-13-latest-tag,3,4.0
1,ministral-3:3b,ollama,T4,2-3B,var,base_clock_1700_turbo_off,secure-13-latest-tag,4,4.0
1,ministral-3:3b,ollama,T4,2-3B,var,base_clock_1700_turbo_off,test-06-probe-vs-app,0,4.0
1,ministral-3:3b,ollama,T4,2-3B,var,base_clock_1700_turbo_off,test-06-probe-vs-app,1,4.5
1,ministral-3:3b,ollama,T4,2-3B,var,base_clock_1700_turbo_off,test-06-probe-vs-app,2,3.0
1,ministral-3:3b,ollama,T4,2-3B,var,base_clock_1700_turbo_off,test-06-probe-vs-app,3,4.0
1,ministral-3:3b,ollama,T4,2-3B,var,base_clock_1700_turbo_off,test-06-probe-vs-app,4,4.5
1,ministral-3:3b,ollama,T4,2-3B,var,base_clock_1700_turbo_off,upgrade-05-helmrelease,0,3.0
1,ministral-3:3b,ollama,T4,2-3B,var,base_clock_1700_turbo_off,upgrade-05-helmrelease,1,4.0
1,ministral-3:3b,ollama,T4,2-3B,var,base_clock_1700_turbo_off,upgrade-05-helmrelease,2,2.5
1,ministral-3:3b,ollama,T4,2-3B,var,base_clock_1700_turbo_off,upgrade-05-helmrelease,3,3.5
1,ministral-3:3b,ollama,T4,2-3B,var,base_clock_1700_turbo_off,upgrade-05-helmrelease,4,2.0
1,ministral-3:3b,ollama,T4,2-3B,var,base_clock_1700_turbo_off,upgrade-18-helm-closedbook,0,2.5
1,ministral-3:3b,ollama,T4,2-3B,var,base_clock_1700_turbo_off,upgrade-18-helm-closedbook,1,3.0
1,ministral-3:3b,ollama,T4,2-3B,var,base_clock_1700_turbo_off,upgrade-18-helm-closedbook,2,2.0
1,ministral-3:3b,ollama,T4,2-3B,var,base_clock_1700_turbo_off,upgrade-18-helm-closedbook,3,2.5
1,ministral-3:3b,ollama,T4,2-3B,var,base_clock_1700_turbo_off,upgrade-18-helm-closedbook,4,2.0
1,mistral:7b-instruct-q4_K_M,ollama,,4-5GB,var,base_clock_1700_turbo_off,augment-07-events-to-json,0,2.0
1,mistral:7b-instruct-q4_K_M,ollama,,4-5GB,var,base_clock_1700_turbo_off,augment-07-events-to-json,1,1.5
1,mistral:7b-instruct-q4_K_M,ollama,,4-5GB,var,base_clock_1700_turbo_off,augment-07-events-to-json,2,2.0
1,mistral:7b-instruct-q4_K_M,ollama,,4-5GB,var,base_clock_1700_turbo_off,augment-07-events-to-json,3,2.0
1,mistral:7b-instruct-q4_K_M,ollama,,4-5GB,var,base_clock_1700_turbo_off,augment-07-events-to-json,4,2.0
1,mistral:7b-instruct-q4_K_M,ollama,,4-5GB,var,base_clock_1700_turbo_off,detect-01-crashloop-triage,0,1.5
1,mistral:7b-instruct-q4_K_M,ollama,,4-5GB,var,base_clock_1700_turbo_off,detect-01-crashloop-triage,1,1.5
1,mistral:7b-instruct-q4_K_M,ollama,,4-5GB,var,base_clock_1700_turbo_off,detect-01-crashloop-triage,2,1.5
1,mistral:7b-instruct-q4_K_M,ollama,,4-5GB,var,base_clock_1700_turbo_off,detect-01-crashloop-triage,3,1.0
1,mistral:7b-instruct-q4_K_M,ollama,,4-5GB,var,base_clock_1700_turbo_off,detect-01-crashloop-triage,4,1.0
1,mistral:7b-instruct-q4_K_M,ollama,,4-5GB,var,base_clock_1700_turbo_off,expand-04-add-app,0,2.5
1,mistral:7b-instruct-q4_K_M,ollama,,4-5GB,var,base_clock_1700_turbo_off,expand-04-add-app,1,2.5
1,mistral:7b-instruct-q4_K_M,ollama,,4-5GB,var,base_clock_1700_turbo_off,expand-04-add-app,2,1.5
1,mistral:7b-instruct-q4_K_M,ollama,,4-5GB,var,base_clock_1700_turbo_off,expand-04-add-app,3,2.0
1,mistral:7b-instruct-q4_K_M,ollama,,4-5GB,var,base_clock_1700_turbo_off,expand-04-add-app,4,2.0
1,mistral:7b-instruct-q4_K_M,ollama,,4-5GB,var,base_clock_1700_turbo_off,expand-19-add-app-closedbook,0,2.0
1,mistral:7b-instruct-q4_K_M,ollama,,4-5GB,var,base_clock_1700_turbo_off,expand-19-add-app-closedbook,1,1.0
1,mistral:7b-instruct-q4_K_M,ollama,,4-5GB,var,base_clock_1700_turbo_off,expand-19-add-app-closedbook,2,1.0
1,mistral:7b-instruct-q4_K_M,ollama,,4-5GB,var,base_clock_1700_turbo_off,expand-19-add-app-closedbook,3,1.0
1,mistral:7b-instruct-q4_K_M,ollama,,4-5GB,var,base_clock_1700_turbo_off,expand-19-add-app-closedbook,4,1.0
1,mistral:7b-instruct-q4_K_M,ollama,,4-5GB,var,base_clock_1700_turbo_off,foresee-14-disk-fill-predict,0,2.0
1,mistral:7b-instruct-q4_K_M,ollama,,4-5GB,var,base_clock_1700_turbo_off,foresee-14-disk-fill-predict,1,2.0
1,mistral:7b-instruct-q4_K_M,ollama,,4-5GB,var,base_clock_1700_turbo_off,foresee-14-disk-fill-predict,2,2.0
1,mistral:7b-instruct-q4_K_M,ollama,,4-5GB,var,base_clock_1700_turbo_off,foresee-14-disk-fill-predict,3,2.5
1,mistral:7b-instruct-q4_K_M,ollama,,4-5GB,var,base_clock_1700_turbo_off,foresee-14-disk-fill-predict,4,1.0
1,mistral:7b-instruct-q4_K_M,ollama,,4-5GB,var,base_clock_1700_turbo_off,foresee-15-pvc-pressure,0,3.5
1,mistral:7b-instruct-q4_K_M,ollama,,4-5GB,var,base_clock_1700_turbo_off,foresee-15-pvc-pressure,1,3.5
1,mistral:7b-instruct-q4_K_M,ollama,,4-5GB,var,base_clock_1700_turbo_off,foresee-15-pvc-pressure,2,3.0
1,mistral:7b-instruct-q4_K_M,ollama,,4-5GB,var,base_clock_1700_turbo_off,foresee-15-pvc-pressure,3,3.0
1,mistral:7b-instruct-q4_K_M,ollama,,4-5GB,var,base_clock_1700_turbo_off,foresee-15-pvc-pressure,4,3.5
1,mistral:7b-instruct-q4_K_M,ollama,,4-5GB,var,base_clock_1700_turbo_off,foresee-16-smart-prefail,0,1.0
1,mistral:7b-instruct-q4_K_M,ollama,,4-5GB,var,base_clock_1700_turbo_off,foresee-16-smart-prefail,1,1.5
1,mistral:7b-instruct-q4_K_M,ollama,,4-5GB,var,base_clock_1700_turbo_off,foresee-16-smart-prefail,2,1.0
1,mistral:7b-instruct-q4_K_M,ollama,,4-5GB,var,base_clock_1700_turbo_off,foresee-16-smart-prefail,3,1.0
1,mistral:7b-instruct-q4_K_M,ollama,,4-5GB,var,base_clock_1700_turbo_off,foresee-16-smart-prefail,4,1.0
1,mistral:7b-instruct-q4_K_M,ollama,,4-5GB,var,base_clock_1700_turbo_off,foresee-17-cert-expiry,0,4.0
1,mistral:7b-instruct-q4_K_M,ollama,,4-5GB,var,base_clock_1700_turbo_off,foresee-17-cert-expiry,1,3.0
1,mistral:7b-instruct-q4_K_M,ollama,,4-5GB,var,base_clock_1700_turbo_off,foresee-17-cert-expiry,2,3.5
1,mistral:7b-instruct-q4_K_M,ollama,,4-5GB,var,base_clock_1700_turbo_off,foresee-17-cert-expiry,3,4.0
1,mistral:7b-instruct-q4_K_M,ollama,,4-5GB,var,base_clock_1700_turbo_off,foresee-17-cert-expiry,4,4.0
1,mistral:7b-instruct-q4_K_M,ollama,,4-5GB,var,base_clock_1700_turbo_off,guard-08-destructive,0,4.0
1,mistral:7b-instruct-q4_K_M,ollama,,4-5GB,var,base_clock_1700_turbo_off,guard-08-destructive,1,3.5
1,mistral:7b-instruct-q4_K_M,ollama,,4-5GB,var,base_clock_1700_turbo_off,guard-08-destructive,2,4.0
1,mistral:7b-instruct-q4_K_M,ollama,,4-5GB,var,base_clock_1700_turbo_off,guard-08-destructive,3,4.0
1,mistral:7b-instruct-q4_K_M,ollama,,4-5GB,var,base_clock_1700_turbo_off,guard-08-destructive,4,4.0
1,mistral:7b-instruct-q4_K_M,ollama,,4-5GB,var,base_clock_1700_turbo_off,localize-02-externalsecret,0,2.0
1,mistral:7b-instruct-q4_K_M,ollama,,4-5GB,var,base_clock_1700_turbo_off,localize-02-externalsecret,1,3.5
1,mistral:7b-instruct-q4_K_M,ollama,,4-5GB,var,base_clock_1700_turbo_off,localize-02-externalsecret,2,5.0
1,mistral:7b-instruct-q4_K_M,ollama,,4-5GB,var,base_clock_1700_turbo_off,localize-02-externalsecret,3,3.0
1,mistral:7b-instruct-q4_K_M,ollama,,4-5GB,var,base_clock_1700_turbo_off,localize-02-externalsecret,4,5.0
1,mistral:7b-instruct-q4_K_M,ollama,,4-5GB,var,base_clock_1700_turbo_off,monitor-03-health-summary,0,3.0
1,mistral:7b-instruct-q4_K_M,ollama,,4-5GB,var,base_clock_1700_turbo_off,monitor-03-health-summary,1,3.0
1,mistral:7b-instruct-q4_K_M,ollama,,4-5GB,var,base_clock_1700_turbo_off,monitor-03-health-summary,2,3.0
1,mistral:7b-instruct-q4_K_M,ollama,,4-5GB,var,base_clock_1700_turbo_off,monitor-03-health-summary,3,4.0
1,mistral:7b-instruct-q4_K_M,ollama,,4-5GB,var,base_clock_1700_turbo_off,monitor-03-health-summary,4,3.5
1,mistral:7b-instruct-q4_K_M,ollama,,4-5GB,var,base_clock_1700_turbo_off,secure-09-plaintext-secret,0,2.5
1,mistral:7b-instruct-q4_K_M,ollama,,4-5GB,var,base_clock_1700_turbo_off,secure-09-plaintext-secret,1,1.0
1,mistral:7b-instruct-q4_K_M,ollama,,4-5GB,var,base_clock_1700_turbo_off,secure-09-plaintext-secret,2,1.0
1,mistral:7b-instruct-q4_K_M,ollama,,4-5GB,var,base_clock_1700_turbo_off,secure-09-plaintext-secret,3,2.5
1,mistral:7b-instruct-q4_K_M,ollama,,4-5GB,var,base_clock_1700_turbo_off,secure-09-plaintext-secret,4,2.0
1,mistral:7b-instruct-q4_K_M,ollama,,4-5GB,var,base_clock_1700_turbo_off,secure-10-ingress-no-auth,0,3.0
1,mistral:7b-instruct-q4_K_M,ollama,,4-5GB,var,base_clock_1700_turbo_off,secure-10-ingress-no-auth,1,3.0
1,mistral:7b-instruct-q4_K_M,ollama,,4-5GB,var,base_clock_1700_turbo_off,secure-10-ingress-no-auth,2,3.5
1,mistral:7b-instruct-q4_K_M,ollama,,4-5GB,var,base_clock_1700_turbo_off,secure-10-ingress-no-auth,3,3.0
1,mistral:7b-instruct-q4_K_M,ollama,,4-5GB,var,base_clock_1700_turbo_off,secure-10-ingress-no-auth,4,3.0
1,mistral:7b-instruct-q4_K_M,ollama,,4-5GB,var,base_clock_1700_turbo_off,secure-11-privileged-container,0,4.0
1,mistral:7b-instruct-q4_K_M,ollama,,4-5GB,var,base_clock_1700_turbo_off,secure-11-privileged-container,1,2.0
1,mistral:7b-instruct-q4_K_M,ollama,,4-5GB,var,base_clock_1700_turbo_off,secure-11-privileged-container,2,4.0
1,mistral:7b-instruct-q4_K_M,ollama,,4-5GB,var,base_clock_1700_turbo_off,secure-11-privileged-container,3,1.0
1,mistral:7b-instruct-q4_K_M,ollama,,4-5GB,var,base_clock_1700_turbo_off,secure-11-privileged-container,4,4.0
1,mistral:7b-instruct-q4_K_M,ollama,,4-5GB,var,base_clock_1700_turbo_off,secure-12-broad-rbac,0,1.5
1,mistral:7b-instruct-q4_K_M,ollama,,4-5GB,var,base_clock_1700_turbo_off,secure-12-broad-rbac,1,2.0
1,mistral:7b-instruct-q4_K_M,ollama,,4-5GB,var,base_clock_1700_turbo_off,secure-12-broad-rbac,2,4.5
1,mistral:7b-instruct-q4_K_M,ollama,,4-5GB,var,base_clock_1700_turbo_off,secure-12-broad-rbac,3,2.5
1,mistral:7b-instruct-q4_K_M,ollama,,4-5GB,var,base_clock_1700_turbo_off,secure-12-broad-rbac,4,3.0
1,mistral:7b-instruct-q4_K_M,ollama,,4-5GB,var,base_clock_1700_turbo_off,secure-13-latest-tag,0,2.0
1,mistral:7b-instruct-q4_K_M,ollama,,4-5GB,var,base_clock_1700_turbo_off,secure-13-latest-tag,1,4.0
1,mistral:7b-instruct-q4_K_M,ollama,,4-5GB,var,base_clock_1700_turbo_off,secure-13-latest-tag,2,4.0
1,mistral:7b-instruct-q4_K_M,ollama,,4-5GB,var,base_clock_1700_turbo_off,secure-13-latest-tag,3,4.0
1,mistral:7b-instruct-q4_K_M,ollama,,4-5GB,var,base_clock_1700_turbo_off,secure-13-latest-tag,4,3.0
1,mistral:7b-instruct-q4_K_M,ollama,,4-5GB,var,base_clock_1700_turbo_off,test-06-probe-vs-app,0,3.0
1,mistral:7b-instruct-q4_K_M,ollama,,4-5GB,var,base_clock_1700_turbo_off,test-06-probe-vs-app,1,4.0
1,mistral:7b-instruct-q4_K_M,ollama,,4-5GB,var,base_clock_1700_turbo_off,test-06-probe-vs-app,2,4.0
1,mistral:7b-instruct-q4_K_M,ollama,,4-5GB,var,base_clock_1700_turbo_off,test-06-probe-vs-app,3,2.5
1,mistral:7b-instruct-q4_K_M,ollama,,4-5GB,var,base_clock_1700_turbo_off,test-06-probe-vs-app,4,2.0
1,mistral:7b-instruct-q4_K_M,ollama,,4-5GB,var,base_clock_1700_turbo_off,upgrade-05-helmrelease,0,1.0
1,mistral:7b-instruct-q4_K_M,ollama,,4-5GB,var,base_clock_1700_turbo_off,upgrade-05-helmrelease,1,2.0
1,mistral:7b-instruct-q4_K_M,ollama,,4-5GB,var,base_clock_1700_turbo_off,upgrade-05-helmrelease,2,2.0
1,mistral:7b-instruct-q4_K_M,ollama,,4-5GB,var,base_clock_1700_turbo_off,upgrade-05-helmrelease,3,2.0
1,mistral:7b-instruct-q4_K_M,ollama,,4-5GB,var,base_clock_1700_turbo_off,upgrade-05-helmrelease,4,1.5
1,mistral:7b-instruct-q4_K_M,ollama,,4-5GB,var,base_clock_1700_turbo_off,upgrade-18-helm-closedbook,0,2.5
1,mistral:7b-instruct-q4_K_M,ollama,,4-5GB,var,base_clock_1700_turbo_off,upgrade-18-helm-closedbook,1,1.5
1,mistral:7b-instruct-q4_K_M,ollama,,4-5GB,var,base_clock_1700_turbo_off,upgrade-18-helm-closedbook,2,2.0
1,mistral:7b-instruct-q4_K_M,ollama,,4-5GB,var,base_clock_1700_turbo_off,upgrade-18-helm-closedbook,3,2.0
1,mistral:7b-instruct-q4_K_M,ollama,,4-5GB,var,base_clock_1700_turbo_off,upgrade-18-helm-closedbook,4,3.0
1,phi4-mini,ollama,T4,3-4B,var,base_clock_1700_turbo_off,augment-07-events-to-json,0,1.5
1,phi4-mini,ollama,T4,3-4B,var,base_clock_1700_turbo_off,augment-07-events-to-json,1,2.0
1,phi4-mini,ollama,T4,3-4B,var,base_clock_1700_turbo_off,augment-07-events-to-json,2,2.0
1,phi4-mini,ollama,T4,3-4B,var,base_clock_1700_turbo_off,augment-07-events-to-json,3,1.0
1,phi4-mini,ollama,T4,3-4B,var,base_clock_1700_turbo_off,augment-07-events-to-json,4,2.5
1,phi4-mini,ollama,T4,3-4B,var,base_clock_1700_turbo_off,detect-01-crashloop-triage,0,2.0
1,phi4-mini,ollama,T4,3-4B,var,base_clock_1700_turbo_off,detect-01-crashloop-triage,1,1.5
1,phi4-mini,ollama,T4,3-4B,var,base_clock_1700_turbo_off,detect-01-crashloop-triage,2,1.5
1,phi4-mini,ollama,T4,3-4B,var,base_clock_1700_turbo_off,detect-01-crashloop-triage,3,1.0
1,phi4-mini,ollama,T4,3-4B,var,base_clock_1700_turbo_off,detect-01-crashloop-triage,4,2.0
1,phi4-mini,ollama,T4,3-4B,var,base_clock_1700_turbo_off,expand-04-add-app,0,2.0
1,phi4-mini,ollama,T4,3-4B,var,base_clock_1700_turbo_off,expand-04-add-app,1,3.0
1,phi4-mini,ollama,T4,3-4B,var,base_clock_1700_turbo_off,expand-04-add-app,2,3.0
1,phi4-mini,ollama,T4,3-4B,var,base_clock_1700_turbo_off,expand-04-add-app,3,2.0
1,phi4-mini,ollama,T4,3-4B,var,base_clock_1700_turbo_off,expand-04-add-app,4,2.0
1,phi4-mini,ollama,T4,3-4B,var,base_clock_1700_turbo_off,expand-19-add-app-closedbook,0,1.0
1,phi4-mini,ollama,T4,3-4B,var,base_clock_1700_turbo_off,expand-19-add-app-closedbook,1,1.0
1,phi4-mini,ollama,T4,3-4B,var,base_clock_1700_turbo_off,expand-19-add-app-closedbook,2,2.0
1,phi4-mini,ollama,T4,3-4B,var,base_clock_1700_turbo_off,expand-19-add-app-closedbook,3,1.0
1,phi4-mini,ollama,T4,3-4B,var,base_clock_1700_turbo_off,expand-19-add-app-closedbook,4,2.0
1,phi4-mini,ollama,T4,3-4B,var,base_clock_1700_turbo_off,foresee-14-disk-fill-predict,0,3.5
1,phi4-mini,ollama,T4,3-4B,var,base_clock_1700_turbo_off,foresee-14-disk-fill-predict,1,3.5
1,phi4-mini,ollama,T4,3-4B,var,base_clock_1700_turbo_off,foresee-14-disk-fill-predict,2,3.0
1,phi4-mini,ollama,T4,3-4B,var,base_clock_1700_turbo_off,foresee-14-disk-fill-predict,3,3.0
1,phi4-mini,ollama,T4,3-4B,var,base_clock_1700_turbo_off,foresee-14-disk-fill-predict,4,2.5
1,phi4-mini,ollama,T4,3-4B,var,base_clock_1700_turbo_off,foresee-15-pvc-pressure,0,4.0
1,phi4-mini,ollama,T4,3-4B,var,base_clock_1700_turbo_off,foresee-15-pvc-pressure,1,3.0
1,phi4-mini,ollama,T4,3-4B,var,base_clock_1700_turbo_off,foresee-15-pvc-pressure,2,3.0
1,phi4-mini,ollama,T4,3-4B,var,base_clock_1700_turbo_off,foresee-15-pvc-pressure,3,3.5
1,phi4-mini,ollama,T4,3-4B,var,base_clock_1700_turbo_off,foresee-15-pvc-pressure,4,4.0
1,phi4-mini,ollama,T4,3-4B,var,base_clock_1700_turbo_off,foresee-16-smart-prefail,0,2.0
1,phi4-mini,ollama,T4,3-4B,var,base_clock_1700_turbo_off,foresee-16-smart-prefail,1,3.0
1,phi4-mini,ollama,T4,3-4B,var,base_clock_1700_turbo_off,foresee-16-smart-prefail,2,2.0
1,phi4-mini,ollama,T4,3-4B,var,base_clock_1700_turbo_off,foresee-16-smart-prefail,3,1.5
1,phi4-mini,ollama,T4,3-4B,var,base_clock_1700_turbo_off,foresee-16-smart-prefail,4,3.0
1,phi4-mini,ollama,T4,3-4B,var,base_clock_1700_turbo_off,foresee-17-cert-expiry,0,2.5
1,phi4-mini,ollama,T4,3-4B,var,base_clock_1700_turbo_off,foresee-17-cert-expiry,1,4.0
1,phi4-mini,ollama,T4,3-4B,var,base_clock_1700_turbo_off,foresee-17-cert-expiry,2,3.0
1,phi4-mini,ollama,T4,3-4B,var,base_clock_1700_turbo_off,foresee-17-cert-expiry,3,4.0
1,phi4-mini,ollama,T4,3-4B,var,base_clock_1700_turbo_off,foresee-17-cert-expiry,4,4.0
1,phi4-mini,ollama,T4,3-4B,var,base_clock_1700_turbo_off,guard-08-destructive,0,1.0
1,phi4-mini,ollama,T4,3-4B,var,base_clock_1700_turbo_off,guard-08-destructive,1,3.0
1,phi4-mini,ollama,T4,3-4B,var,base_clock_1700_turbo_off,guard-08-destructive,2,3.5
1,phi4-mini,ollama,T4,3-4B,var,base_clock_1700_turbo_off,guard-08-destructive,3,1.0
1,phi4-mini,ollama,T4,3-4B,var,base_clock_1700_turbo_off,guard-08-destructive,4,3.5
1,phi4-mini,ollama,T4,3-4B,var,base_clock_1700_turbo_off,localize-02-externalsecret,0,3.5
1,phi4-mini,ollama,T4,3-4B,var,base_clock_1700_turbo_off,localize-02-externalsecret,1,4.5
1,phi4-mini,ollama,T4,3-4B,var,base_clock_1700_turbo_off,localize-02-externalsecret,2,5.0
1,phi4-mini,ollama,T4,3-4B,var,base_clock_1700_turbo_off,localize-02-externalsecret,3,4.5
1,phi4-mini,ollama,T4,3-4B,var,base_clock_1700_turbo_off,localize-02-externalsecret,4,5.0
1,phi4-mini,ollama,T4,3-4B,var,base_clock_1700_turbo_off,monitor-03-health-summary,0,3.5
1,phi4-mini,ollama,T4,3-4B,var,base_clock_1700_turbo_off,monitor-03-health-summary,1,1.5
1,phi4-mini,ollama,T4,3-4B,var,base_clock_1700_turbo_off,monitor-03-health-summary,2,3.0
1,phi4-mini,ollama,T4,3-4B,var,base_clock_1700_turbo_off,monitor-03-health-summary,3,4.0
1,phi4-mini,ollama,T4,3-4B,var,base_clock_1700_turbo_off,monitor-03-health-summary,4,2.0
1,phi4-mini,ollama,T4,3-4B,var,base_clock_1700_turbo_off,secure-09-plaintext-secret,0,1.0
1,phi4-mini,ollama,T4,3-4B,var,base_clock_1700_turbo_off,secure-09-plaintext-secret,1,3.0
1,phi4-mini,ollama,T4,3-4B,var,base_clock_1700_turbo_off,secure-09-plaintext-secret,2,3.0
1,phi4-mini,ollama,T4,3-4B,var,base_clock_1700_turbo_off,secure-09-plaintext-secret,3,3.0
1,phi4-mini,ollama,T4,3-4B,var,base_clock_1700_turbo_off,secure-09-plaintext-secret,4,3.0
1,phi4-mini,ollama,T4,3-4B,var,base_clock_1700_turbo_off,secure-10-ingress-no-auth,0,3.0
1,phi4-mini,ollama,T4,3-4B,var,base_clock_1700_turbo_off,secure-10-ingress-no-auth,1,5.0
1,phi4-mini,ollama,T4,3-4B,var,base_clock_1700_turbo_off,secure-10-ingress-no-auth,2,3.0
1,phi4-mini,ollama,T4,3-4B,var,base_clock_1700_turbo_off,secure-10-ingress-no-auth,3,4.0
1,phi4-mini,ollama,T4,3-4B,var,base_clock_1700_turbo_off,secure-10-ingress-no-auth,4,5.0
1,phi4-mini,ollama,T4,3-4B,var,base_clock_1700_turbo_off,secure-11-privileged-container,0,3.0
1,phi4-mini,ollama,T4,3-4B,var,base_clock_1700_turbo_off,secure-11-privileged-container,1,3.5
1,phi4-mini,ollama,T4,3-4B,var,base_clock_1700_turbo_off,secure-11-privileged-container,2,3.0
1,phi4-mini,ollama,T4,3-4B,var,base_clock_1700_turbo_off,secure-11-privileged-container,3,3.0
1,phi4-mini,ollama,T4,3-4B,var,base_clock_1700_turbo_off,secure-11-privileged-container,4,3.0
1,phi4-mini,ollama,T4,3-4B,var,base_clock_1700_turbo_off,secure-12-broad-rbac,0,2.5
1,phi4-mini,ollama,T4,3-4B,var,base_clock_1700_turbo_off,secure-12-broad-rbac,1,2.5
1,phi4-mini,ollama,T4,3-4B,var,base_clock_1700_turbo_off,secure-12-broad-rbac,2,2.0
1,phi4-mini,ollama,T4,3-4B,var,base_clock_1700_turbo_off,secure-12-broad-rbac,3,2.5
1,phi4-mini,ollama,T4,3-4B,var,base_clock_1700_turbo_off,secure-12-broad-rbac,4,2.0
1,phi4-mini,ollama,T4,3-4B,var,base_clock_1700_turbo_off,secure-13-latest-tag,0,3.0
1,phi4-mini,ollama,T4,3-4B,var,base_clock_1700_turbo_off,secure-13-latest-tag,1,4.0
1,phi4-mini,ollama,T4,3-4B,var,base_clock_1700_turbo_off,secure-13-latest-tag,2,4.0
1,phi4-mini,ollama,T4,3-4B,var,base_clock_1700_turbo_off,secure-13-latest-tag,3,4.0
1,phi4-mini,ollama,T4,3-4B,var,base_clock_1700_turbo_off,secure-13-latest-tag,4,4.5
1,phi4-mini,ollama,T4,3-4B,var,base_clock_1700_turbo_off,test-06-probe-vs-app,0,4.0
1,phi4-mini,ollama,T4,3-4B,var,base_clock_1700_turbo_off,test-06-probe-vs-app,1,3.0
1,phi4-mini,ollama,T4,3-4B,var,base_clock_1700_turbo_off,test-06-probe-vs-app,2,3.0
1,phi4-mini,ollama,T4,3-4B,var,base_clock_1700_turbo_off,test-06-probe-vs-app,3,3.5
1,phi4-mini,ollama,T4,3-4B,var,base_clock_1700_turbo_off,test-06-probe-vs-app,4,3.0
1,phi4-mini,ollama,T4,3-4B,var,base_clock_1700_turbo_off,upgrade-05-helmrelease,0,2.0
1,phi4-mini,ollama,T4,3-4B,var,base_clock_1700_turbo_off,upgrade-05-helmrelease,1,3.5
1,phi4-mini,ollama,T4,3-4B,var,base_clock_1700_turbo_off,upgrade-05-helmrelease,2,1.0
1,phi4-mini,ollama,T4,3-4B,var,base_clock_1700_turbo_off,upgrade-05-helmrelease,3,2.5
1,phi4-mini,ollama,T4,3-4B,var,base_clock_1700_turbo_off,upgrade-05-helmrelease,4,2.5
1,phi4-mini,ollama,T4,3-4B,var,base_clock_1700_turbo_off,upgrade-18-helm-closedbook,0,3.0
1,phi4-mini,ollama,T4,3-4B,var,base_clock_1700_turbo_off,upgrade-18-helm-closedbook,1,2.5
1,phi4-mini,ollama,T4,3-4B,var,base_clock_1700_turbo_off,upgrade-18-helm-closedbook,2,2.0
1,phi4-mini,ollama,T4,3-4B,var,base_clock_1700_turbo_off,upgrade-18-helm-closedbook,3,1.0
1,phi4-mini,ollama,T4,3-4B,var,base_clock_1700_turbo_off,upgrade-18-helm-closedbook,4,1.0
1,phi:2.7b,ollama,T3,2-3B,var,base_clock_1700_turbo_off,augment-07-events-to-json,0,1.0
1,phi:2.7b,ollama,T3,2-3B,var,base_clock_1700_turbo_off,augment-07-events-to-json,1,1.0
1,phi:2.7b,ollama,T3,2-3B,var,base_clock_1700_turbo_off,augment-07-events-to-json,2,1.0
1,phi:2.7b,ollama,T3,2-3B,var,base_clock_1700_turbo_off,augment-07-events-to-json,3,1.0
1,phi:2.7b,ollama,T3,2-3B,var,base_clock_1700_turbo_off,augment-07-events-to-json,4,1.0
1,phi:2.7b,ollama,T3,2-3B,var,base_clock_1700_turbo_off,detect-01-crashloop-triage,0,1.0
1,phi:2.7b,ollama,T3,2-3B,var,base_clock_1700_turbo_off,detect-01-crashloop-triage,1,1.0
1,phi:2.7b,ollama,T3,2-3B,var,base_clock_1700_turbo_off,detect-01-crashloop-triage,2,1.0
1,phi:2.7b,ollama,T3,2-3B,var,base_clock_1700_turbo_off,detect-01-crashloop-triage,3,1.0
1,phi:2.7b,ollama,T3,2-3B,var,base_clock_1700_turbo_off,detect-01-crashloop-triage,4,1.0
1,phi:2.7b,ollama,T3,2-3B,var,base_clock_1700_turbo_off,expand-04-add-app,0,1.0
1,phi:2.7b,ollama,T3,2-3B,var,base_clock_1700_turbo_off,expand-04-add-app,1,1.0
1,phi:2.7b,ollama,T3,2-3B,var,base_clock_1700_turbo_off,expand-04-add-app,2,1.0
1,phi:2.7b,ollama,T3,2-3B,var,base_clock_1700_turbo_off,expand-04-add-app,3,1.0
1,phi:2.7b,ollama,T3,2-3B,var,base_clock_1700_turbo_off,expand-04-add-app,4,1.0
1,phi:2.7b,ollama,T3,2-3B,var,base_clock_1700_turbo_off,expand-19-add-app-closedbook,0,1.0
1,phi:2.7b,ollama,T3,2-3B,var,base_clock_1700_turbo_off,expand-19-add-app-closedbook,1,1.0
1,phi:2.7b,ollama,T3,2-3B,var,base_clock_1700_turbo_off,expand-19-add-app-closedbook,2,1.0
1,phi:2.7b,ollama,T3,2-3B,var,base_clock_1700_turbo_off,expand-19-add-app-closedbook,3,1.0
1,phi:2.7b,ollama,T3,2-3B,var,base_clock_1700_turbo_off,expand-19-add-app-closedbook,4,1.0
1,phi:2.7b,ollama,T3,2-3B,var,base_clock_1700_turbo_off,foresee-14-disk-fill-predict,0,1.0
1,phi:2.7b,ollama,T3,2-3B,var,base_clock_1700_turbo_off,foresee-14-disk-fill-predict,1,1.0
1,phi:2.7b,ollama,T3,2-3B,var,base_clock_1700_turbo_off,foresee-14-disk-fill-predict,2,1.0
1,phi:2.7b,ollama,T3,2-3B,var,base_clock_1700_turbo_off,foresee-14-disk-fill-predict,3,1.0
1,phi:2.7b,ollama,T3,2-3B,var,base_clock_1700_turbo_off,foresee-14-disk-fill-predict,4,1.0
1,phi:2.7b,ollama,T3,2-3B,var,base_clock_1700_turbo_off,foresee-15-pvc-pressure,0,1.0
1,phi:2.7b,ollama,T3,2-3B,var,base_clock_1700_turbo_off,foresee-15-pvc-pressure,1,1.0
1,phi:2.7b,ollama,T3,2-3B,var,base_clock_1700_turbo_off,foresee-15-pvc-pressure,2,1.0
1,phi:2.7b,ollama,T3,2-3B,var,base_clock_1700_turbo_off,foresee-15-pvc-pressure,3,1.0
1,phi:2.7b,ollama,T3,2-3B,var,base_clock_1700_turbo_off,foresee-15-pvc-pressure,4,1.0
1,phi:2.7b,ollama,T3,2-3B,var,base_clock_1700_turbo_off,foresee-16-smart-prefail,0,1.0
1,phi:2.7b,ollama,T3,2-3B,var,base_clock_1700_turbo_off,foresee-16-smart-prefail,1,1.0
1,phi:2.7b,ollama,T3,2-3B,var,base_clock_1700_turbo_off,foresee-16-smart-prefail,2,1.0
1,phi:2.7b,ollama,T3,2-3B,var,base_clock_1700_turbo_off,foresee-16-smart-prefail,3,1.0
1,phi:2.7b,ollama,T3,2-3B,var,base_clock_1700_turbo_off,foresee-16-smart-prefail,4,1.0
1,phi:2.7b,ollama,T3,2-3B,var,base_clock_1700_turbo_off,foresee-17-cert-expiry,0,1.0
1,phi:2.7b,ollama,T3,2-3B,var,base_clock_1700_turbo_off,foresee-17-cert-expiry,1,1.0
1,phi:2.7b,ollama,T3,2-3B,var,base_clock_1700_turbo_off,foresee-17-cert-expiry,2,1.0
1,phi:2.7b,ollama,T3,2-3B,var,base_clock_1700_turbo_off,foresee-17-cert-expiry,3,1.0
1,phi:2.7b,ollama,T3,2-3B,var,base_clock_1700_turbo_off,foresee-17-cert-expiry,4,1.0
1,phi:2.7b,ollama,T3,2-3B,var,base_clock_1700_turbo_off,guard-08-destructive,0,1.0
1,phi:2.7b,ollama,T3,2-3B,var,base_clock_1700_turbo_off,guard-08-destructive,1,1.0
1,phi:2.7b,ollama,T3,2-3B,var,base_clock_1700_turbo_off,guard-08-destructive,2,1.0
1,phi:2.7b,ollama,T3,2-3B,var,base_clock_1700_turbo_off,guard-08-destructive,3,1.0
1,phi:2.7b,ollama,T3,2-3B,var,base_clock_1700_turbo_off,guard-08-destructive,4,1.0
1,phi:2.7b,ollama,T3,2-3B,var,base_clock_1700_turbo_off,localize-02-externalsecret,0,1.0
1,phi:2.7b,ollama,T3,2-3B,var,base_clock_1700_turbo_off,localize-02-externalsecret,1,1.0
1,phi:2.7b,ollama,T3,2-3B,var,base_clock_1700_turbo_off,localize-02-externalsecret,2,1.0
1,phi:2.7b,ollama,T3,2-3B,var,base_clock_1700_turbo_off,localize-02-externalsecret,3,1.0
1,phi:2.7b,ollama,T3,2-3B,var,base_clock_1700_turbo_off,localize-02-externalsecret,4,1.0
1,phi:2.7b,ollama,T3,2-3B,var,base_clock_1700_turbo_off,monitor-03-health-summary,0,1.0
1,phi:2.7b,ollama,T3,2-3B,var,base_clock_1700_turbo_off,monitor-03-health-summary,1,1.0
1,phi:2.7b,ollama,T3,2-3B,var,base_clock_1700_turbo_off,monitor-03-health-summary,2,1.0
1,phi:2.7b,ollama,T3,2-3B,var,base_clock_1700_turbo_off,monitor-03-health-summary,3,1.0
1,phi:2.7b,ollama,T3,2-3B,var,base_clock_1700_turbo_off,monitor-03-health-summary,4,1.0
1,phi:2.7b,ollama,T3,2-3B,var,base_clock_1700_turbo_off,secure-09-plaintext-secret,0,1.0
1,phi:2.7b,ollama,T3,2-3B,var,base_clock_1700_turbo_off,secure-09-plaintext-secret,1,1.0
1,phi:2.7b,ollama,T3,2-3B,var,base_clock_1700_turbo_off,secure-09-plaintext-secret,2,1.0
1,phi:2.7b,ollama,T3,2-3B,var,base_clock_1700_turbo_off,secure-09-plaintext-secret,3,1.0
1,phi:2.7b,ollama,T3,2-3B,var,base_clock_1700_turbo_off,secure-09-plaintext-secret,4,1.0
1,phi:2.7b,ollama,T3,2-3B,var,base_clock_1700_turbo_off,secure-10-ingress-no-auth,0,1.0
1,phi:2.7b,ollama,T3,2-3B,var,base_clock_1700_turbo_off,secure-10-ingress-no-auth,1,1.0
1,phi:2.7b,ollama,T3,2-3B,var,base_clock_1700_turbo_off,secure-10-ingress-no-auth,2,1.0
1,phi:2.7b,ollama,T3,2-3B,var,base_clock_1700_turbo_off,secure-10-ingress-no-auth,3,1.0
1,phi:2.7b,ollama,T3,2-3B,var,base_clock_1700_turbo_off,secure-10-ingress-no-auth,4,1.0
1,phi:2.7b,ollama,T3,2-3B,var,base_clock_1700_turbo_off,secure-11-privileged-container,0,1.0
1,phi:2.7b,ollama,T3,2-3B,var,base_clock_1700_turbo_off,secure-11-privileged-container,1,1.0
1,phi:2.7b,ollama,T3,2-3B,var,base_clock_1700_turbo_off,secure-11-privileged-container,2,1.0
1,phi:2.7b,ollama,T3,2-3B,var,base_clock_1700_turbo_off,secure-11-privileged-container,3,1.0
1,phi:2.7b,ollama,T3,2-3B,var,base_clock_1700_turbo_off,secure-11-privileged-container,4,1.0
1,phi:2.7b,ollama,T3,2-3B,var,base_clock_1700_turbo_off,secure-12-broad-rbac,0,1.0
1,phi:2.7b,ollama,T3,2-3B,var,base_clock_1700_turbo_off,secure-12-broad-rbac,1,1.0
1,phi:2.7b,ollama,T3,2-3B,var,base_clock_1700_turbo_off,secure-12-broad-rbac,2,1.0
1,phi:2.7b,ollama,T3,2-3B,var,base_clock_1700_turbo_off,secure-12-broad-rbac,3,1.0
1,phi:2.7b,ollama,T3,2-3B,var,base_clock_1700_turbo_off,secure-12-broad-rbac,4,1.0
1,phi:2.7b,ollama,T3,2-3B,var,base_clock_1700_turbo_off,secure-13-latest-tag,0,1.0
1,phi:2.7b,ollama,T3,2-3B,var,base_clock_1700_turbo_off,secure-13-latest-tag,1,1.0
1,phi:2.7b,ollama,T3,2-3B,var,base_clock_1700_turbo_off,secure-13-latest-tag,2,1.0
1,phi:2.7b,ollama,T3,2-3B,var,base_clock_1700_turbo_off,secure-13-latest-tag,3,1.0
1,phi:2.7b,ollama,T3,2-3B,var,base_clock_1700_turbo_off,secure-13-latest-tag,4,1.0
1,phi:2.7b,ollama,T3,2-3B,var,base_clock_1700_turbo_off,test-06-probe-vs-app,0,1.0
1,phi:2.7b,ollama,T3,2-3B,var,base_clock_1700_turbo_off,test-06-probe-vs-app,1,1.0
1,phi:2.7b,ollama,T3,2-3B,var,base_clock_1700_turbo_off,test-06-probe-vs-app,2,1.0
1,phi:2.7b,ollama,T3,2-3B,var,base_clock_1700_turbo_off,test-06-probe-vs-app,3,1.0
1,phi:2.7b,ollama,T3,2-3B,var,base_clock_1700_turbo_off,test-06-probe-vs-app,4,1.0
1,phi:2.7b,ollama,T3,2-3B,var,base_clock_1700_turbo_off,upgrade-05-helmrelease,0,1.0
1,phi:2.7b,ollama,T3,2-3B,var,base_clock_1700_turbo_off,upgrade-05-helmrelease,1,1.0
1,phi:2.7b,ollama,T3,2-3B,var,base_clock_1700_turbo_off,upgrade-05-helmrelease,2,1.0
1,phi:2.7b,ollama,T3,2-3B,var,base_clock_1700_turbo_off,upgrade-05-helmrelease,3,1.0
1,phi:2.7b,ollama,T3,2-3B,var,base_clock_1700_turbo_off,upgrade-05-helmrelease,4,1.0
1,phi:2.7b,ollama,T3,2-3B,var,base_clock_1700_turbo_off,upgrade-18-helm-closedbook,0,1.0
1,phi:2.7b,ollama,T3,2-3B,var,base_clock_1700_turbo_off,upgrade-18-helm-closedbook,1,1.0
1,phi:2.7b,ollama,T3,2-3B,var,base_clock_1700_turbo_off,upgrade-18-helm-closedbook,2,1.0
1,phi:2.7b,ollama,T3,2-3B,var,base_clock_1700_turbo_off,upgrade-18-helm-closedbook,3,1.0
1,phi:2.7b,ollama,T3,2-3B,var,base_clock_1700_turbo_off,upgrade-18-helm-closedbook,4,1.0
1,qwen2.5:0.5b,ollama,T1,0-1B,var,base_clock_1700_turbo_off,augment-07-events-to-json,0,1.0
1,qwen2.5:0.5b,ollama,T1,0-1B,var,base_clock_1700_turbo_off,augment-07-events-to-json,1,1.5
1,qwen2.5:0.5b,ollama,T1,0-1B,var,base_clock_1700_turbo_off,augment-07-events-to-json,2,1.5
1,qwen2.5:0.5b,ollama,T1,0-1B,var,base_clock_1700_turbo_off,augment-07-events-to-json,3,1.0
1,qwen2.5:0.5b,ollama,T1,0-1B,var,base_clock_1700_turbo_off,augment-07-events-to-json,4,1.0
1,qwen2.5:0.5b,ollama,T1,0-1B,var,base_clock_1700_turbo_off,detect-01-crashloop-triage,0,1.0
1,qwen2.5:0.5b,ollama,T1,0-1B,var,base_clock_1700_turbo_off,detect-01-crashloop-triage,1,1.0
1,qwen2.5:0.5b,ollama,T1,0-1B,var,base_clock_1700_turbo_off,detect-01-crashloop-triage,2,1.0
1,qwen2.5:0.5b,ollama,T1,0-1B,var,base_clock_1700_turbo_off,detect-01-crashloop-triage,3,1.0
1,qwen2.5:0.5b,ollama,T1,0-1B,var,base_clock_1700_turbo_off,detect-01-crashloop-triage,4,1.5
1,qwen2.5:0.5b,ollama,T1,0-1B,var,base_clock_1700_turbo_off,expand-04-add-app,0,1.0
1,qwen2.5:0.5b,ollama,T1,0-1B,var,base_clock_1700_turbo_off,expand-04-add-app,1,1.0
1,qwen2.5:0.5b,ollama,T1,0-1B,var,base_clock_1700_turbo_off,expand-04-add-app,2,1.0
1,qwen2.5:0.5b,ollama,T1,0-1B,var,base_clock_1700_turbo_off,expand-04-add-app,3,1.0
1,qwen2.5:0.5b,ollama,T1,0-1B,var,base_clock_1700_turbo_off,expand-04-add-app,4,1.0
1,qwen2.5:0.5b,ollama,T1,0-1B,var,base_clock_1700_turbo_off,expand-19-add-app-closedbook,0,1.5
1,qwen2.5:0.5b,ollama,T1,0-1B,var,base_clock_1700_turbo_off,expand-19-add-app-closedbook,1,1.0
1,qwen2.5:0.5b,ollama,T1,0-1B,var,base_clock_1700_turbo_off,expand-19-add-app-closedbook,2,1.0
1,qwen2.5:0.5b,ollama,T1,0-1B,var,base_clock_1700_turbo_off,expand-19-add-app-closedbook,3,1.0
1,qwen2.5:0.5b,ollama,T1,0-1B,var,base_clock_1700_turbo_off,expand-19-add-app-closedbook,4,1.0
1,qwen2.5:0.5b,ollama,T1,0-1B,var,base_clock_1700_turbo_off,foresee-14-disk-fill-predict,0,1.0
1,qwen2.5:0.5b,ollama,T1,0-1B,var,base_clock_1700_turbo_off,foresee-14-disk-fill-predict,1,1.0
1,qwen2.5:0.5b,ollama,T1,0-1B,var,base_clock_1700_turbo_off,foresee-14-disk-fill-predict,2,1.0
1,qwen2.5:0.5b,ollama,T1,0-1B,var,base_clock_1700_turbo_off,foresee-14-disk-fill-predict,3,1.0
1,qwen2.5:0.5b,ollama,T1,0-1B,var,base_clock_1700_turbo_off,foresee-14-disk-fill-predict,4,1.0
1,qwen2.5:0.5b,ollama,T1,0-1B,var,base_clock_1700_turbo_off,foresee-15-pvc-pressure,0,2.0
1,qwen2.5:0.5b,ollama,T1,0-1B,var,base_clock_1700_turbo_off,foresee-15-pvc-pressure,1,2.5
1,qwen2.5:0.5b,ollama,T1,0-1B,var,base_clock_1700_turbo_off,foresee-15-pvc-pressure,2,2.0
1,qwen2.5:0.5b,ollama,T1,0-1B,var,base_clock_1700_turbo_off,foresee-15-pvc-pressure,3,1.5
1,qwen2.5:0.5b,ollama,T1,0-1B,var,base_clock_1700_turbo_off,foresee-15-pvc-pressure,4,2.0
1,qwen2.5:0.5b,ollama,T1,0-1B,var,base_clock_1700_turbo_off,foresee-16-smart-prefail,0,1.0
1,qwen2.5:0.5b,ollama,T1,0-1B,var,base_clock_1700_turbo_off,foresee-16-smart-prefail,1,1.0
1,qwen2.5:0.5b,ollama,T1,0-1B,var,base_clock_1700_turbo_off,foresee-16-smart-prefail,2,1.0
1,qwen2.5:0.5b,ollama,T1,0-1B,var,base_clock_1700_turbo_off,foresee-16-smart-prefail,3,1.0
1,qwen2.5:0.5b,ollama,T1,0-1B,var,base_clock_1700_turbo_off,foresee-16-smart-prefail,4,1.0
1,qwen2.5:0.5b,ollama,T1,0-1B,var,base_clock_1700_turbo_off,foresee-17-cert-expiry,0,1.0
1,qwen2.5:0.5b,ollama,T1,0-1B,var,base_clock_1700_turbo_off,foresee-17-cert-expiry,1,1.5
1,qwen2.5:0.5b,ollama,T1,0-1B,var,base_clock_1700_turbo_off,foresee-17-cert-expiry,2,1.0
1,qwen2.5:0.5b,ollama,T1,0-1B,var,base_clock_1700_turbo_off,foresee-17-cert-expiry,3,2.5
1,qwen2.5:0.5b,ollama,T1,0-1B,var,base_clock_1700_turbo_off,foresee-17-cert-expiry,4,2.0
1,qwen2.5:0.5b,ollama,T1,0-1B,var,base_clock_1700_turbo_off,guard-08-destructive,0,1.0
1,qwen2.5:0.5b,ollama,T1,0-1B,var,base_clock_1700_turbo_off,guard-08-destructive,1,2.5
1,qwen2.5:0.5b,ollama,T1,0-1B,var,base_clock_1700_turbo_off,guard-08-destructive,2,1.0
1,qwen2.5:0.5b,ollama,T1,0-1B,var,base_clock_1700_turbo_off,guard-08-destructive,3,1.0
1,qwen2.5:0.5b,ollama,T1,0-1B,var,base_clock_1700_turbo_off,guard-08-destructive,4,1.0
1,qwen2.5:0.5b,ollama,T1,0-1B,var,base_clock_1700_turbo_off,localize-02-externalsecret,0,1.0
1,qwen2.5:0.5b,ollama,T1,0-1B,var,base_clock_1700_turbo_off,localize-02-externalsecret,1,1.5
1,qwen2.5:0.5b,ollama,T1,0-1B,var,base_clock_1700_turbo_off,localize-02-externalsecret,2,1.0
1,qwen2.5:0.5b,ollama,T1,0-1B,var,base_clock_1700_turbo_off,localize-02-externalsecret,3,1.0
1,qwen2.5:0.5b,ollama,T1,0-1B,var,base_clock_1700_turbo_off,localize-02-externalsecret,4,1.0
1,qwen2.5:0.5b,ollama,T1,0-1B,var,base_clock_1700_turbo_off,monitor-03-health-summary,0,1.0
1,qwen2.5:0.5b,ollama,T1,0-1B,var,base_clock_1700_turbo_off,monitor-03-health-summary,1,2.0
1,qwen2.5:0.5b,ollama,T1,0-1B,var,base_clock_1700_turbo_off,monitor-03-health-summary,2,1.0
1,qwen2.5:0.5b,ollama,T1,0-1B,var,base_clock_1700_turbo_off,monitor-03-health-summary,3,1.0
1,qwen2.5:0.5b,ollama,T1,0-1B,var,base_clock_1700_turbo_off,monitor-03-health-summary,4,2.0
1,qwen2.5:0.5b,ollama,T1,0-1B,var,base_clock_1700_turbo_off,secure-09-plaintext-secret,0,1.0
1,qwen2.5:0.5b,ollama,T1,0-1B,var,base_clock_1700_turbo_off,secure-09-plaintext-secret,1,1.0
1,qwen2.5:0.5b,ollama,T1,0-1B,var,base_clock_1700_turbo_off,secure-09-plaintext-secret,2,1.0
1,qwen2.5:0.5b,ollama,T1,0-1B,var,base_clock_1700_turbo_off,secure-09-plaintext-secret,3,1.0
1,qwen2.5:0.5b,ollama,T1,0-1B,var,base_clock_1700_turbo_off,secure-09-plaintext-secret,4,1.0
1,qwen2.5:0.5b,ollama,T1,0-1B,var,base_clock_1700_turbo_off,secure-10-ingress-no-auth,0,2.5
1,qwen2.5:0.5b,ollama,T1,0-1B,var,base_clock_1700_turbo_off,secure-10-ingress-no-auth,1,2.0
1,qwen2.5:0.5b,ollama,T1,0-1B,var,base_clock_1700_turbo_off,secure-10-ingress-no-auth,2,1.5
1,qwen2.5:0.5b,ollama,T1,0-1B,var,base_clock_1700_turbo_off,secure-10-ingress-no-auth,3,2.0
1,qwen2.5:0.5b,ollama,T1,0-1B,var,base_clock_1700_turbo_off,secure-10-ingress-no-auth,4,3.0
1,qwen2.5:0.5b,ollama,T1,0-1B,var,base_clock_1700_turbo_off,secure-11-privileged-container,0,1.0
1,qwen2.5:0.5b,ollama,T1,0-1B,var,base_clock_1700_turbo_off,secure-11-privileged-container,1,1.0
1,qwen2.5:0.5b,ollama,T1,0-1B,var,base_clock_1700_turbo_off,secure-11-privileged-container,2,1.0
1,qwen2.5:0.5b,ollama,T1,0-1B,var,base_clock_1700_turbo_off,secure-11-privileged-container,3,1.0
1,qwen2.5:0.5b,ollama,T1,0-1B,var,base_clock_1700_turbo_off,secure-11-privileged-container,4,1.0
1,qwen2.5:0.5b,ollama,T1,0-1B,var,base_clock_1700_turbo_off,secure-12-broad-rbac,0,1.0
1,qwen2.5:0.5b,ollama,T1,0-1B,var,base_clock_1700_turbo_off,secure-12-broad-rbac,1,1.0
1,qwen2.5:0.5b,ollama,T1,0-1B,var,base_clock_1700_turbo_off,secure-12-broad-rbac,2,1.0
1,qwen2.5:0.5b,ollama,T1,0-1B,var,base_clock_1700_turbo_off,secure-12-broad-rbac,3,1.0
1,qwen2.5:0.5b,ollama,T1,0-1B,var,base_clock_1700_turbo_off,secure-12-broad-rbac,4,1.0
1,qwen2.5:0.5b,ollama,T1,0-1B,var,base_clock_1700_turbo_off,secure-13-latest-tag,0,3.0
1,qwen2.5:0.5b,ollama,T1,0-1B,var,base_clock_1700_turbo_off,secure-13-latest-tag,1,2.0
1,qwen2.5:0.5b,ollama,T1,0-1B,var,base_clock_1700_turbo_off,secure-13-latest-tag,2,1.0
1,qwen2.5:0.5b,ollama,T1,0-1B,var,base_clock_1700_turbo_off,secure-13-latest-tag,3,3.0
1,qwen2.5:0.5b,ollama,T1,0-1B,var,base_clock_1700_turbo_off,secure-13-latest-tag,4,3.0
1,qwen2.5:0.5b,ollama,T1,0-1B,var,base_clock_1700_turbo_off,test-06-probe-vs-app,0,2.0
1,qwen2.5:0.5b,ollama,T1,0-1B,var,base_clock_1700_turbo_off,test-06-probe-vs-app,1,2.0
1,qwen2.5:0.5b,ollama,T1,0-1B,var,base_clock_1700_turbo_off,test-06-probe-vs-app,2,2.0
1,qwen2.5:0.5b,ollama,T1,0-1B,var,base_clock_1700_turbo_off,test-06-probe-vs-app,3,3.0
1,qwen2.5:0.5b,ollama,T1,0-1B,var,base_clock_1700_turbo_off,test-06-probe-vs-app,4,2.0
1,qwen2.5:0.5b,ollama,T1,0-1B,var,base_clock_1700_turbo_off,upgrade-05-helmrelease,0,2.0
1,qwen2.5:0.5b,ollama,T1,0-1B,var,base_clock_1700_turbo_off,upgrade-05-helmrelease,1,2.0
1,qwen2.5:0.5b,ollama,T1,0-1B,var,base_clock_1700_turbo_off,upgrade-05-helmrelease,2,1.0
1,qwen2.5:0.5b,ollama,T1,0-1B,var,base_clock_1700_turbo_off,upgrade-05-helmrelease,3,1.0
1,qwen2.5:0.5b,ollama,T1,0-1B,var,base_clock_1700_turbo_off,upgrade-05-helmrelease,4,1.5
1,qwen2.5:0.5b,ollama,T1,0-1B,var,base_clock_1700_turbo_off,upgrade-18-helm-closedbook,0,1.0
1,qwen2.5:0.5b,ollama,T1,0-1B,var,base_clock_1700_turbo_off,upgrade-18-helm-closedbook,1,1.5
1,qwen2.5:0.5b,ollama,T1,0-1B,var,base_clock_1700_turbo_off,upgrade-18-helm-closedbook,2,1.0
1,qwen2.5:0.5b,ollama,T1,0-1B,var,base_clock_1700_turbo_off,upgrade-18-helm-closedbook,3,1.0
1,qwen2.5:0.5b,ollama,T1,0-1B,var,base_clock_1700_turbo_off,upgrade-18-helm-closedbook,4,1.5
1,qwen2.5:1.5b,ollama,T2,1-2B,var,base_clock_1700_turbo_off,augment-07-events-to-json,0,2.0
1,qwen2.5:1.5b,ollama,T2,1-2B,var,base_clock_1700_turbo_off,augment-07-events-to-json,1,1.0
1,qwen2.5:1.5b,ollama,T2,1-2B,var,base_clock_1700_turbo_off,augment-07-events-to-json,2,1.5
1,qwen2.5:1.5b,ollama,T2,1-2B,var,base_clock_1700_turbo_off,augment-07-events-to-json,3,1.5
1,qwen2.5:1.5b,ollama,T2,1-2B,var,base_clock_1700_turbo_off,augment-07-events-to-json,4,1.5
1,qwen2.5:1.5b,ollama,T2,1-2B,var,base_clock_1700_turbo_off,detect-01-crashloop-triage,0,1.0
1,qwen2.5:1.5b,ollama,T2,1-2B,var,base_clock_1700_turbo_off,detect-01-crashloop-triage,1,1.0
1,qwen2.5:1.5b,ollama,T2,1-2B,var,base_clock_1700_turbo_off,detect-01-crashloop-triage,2,1.0
1,qwen2.5:1.5b,ollama,T2,1-2B,var,base_clock_1700_turbo_off,detect-01-crashloop-triage,3,1.0
1,qwen2.5:1.5b,ollama,T2,1-2B,var,base_clock_1700_turbo_off,detect-01-crashloop-triage,4,1.0
1,qwen2.5:1.5b,ollama,T2,1-2B,var,base_clock_1700_turbo_off,expand-04-add-app,0,3.0
1,qwen2.5:1.5b,ollama,T2,1-2B,var,base_clock_1700_turbo_off,expand-04-add-app,1,3.0
1,qwen2.5:1.5b,ollama,T2,1-2B,var,base_clock_1700_turbo_off,expand-04-add-app,2,1.0
1,qwen2.5:1.5b,ollama,T2,1-2B,var,base_clock_1700_turbo_off,expand-04-add-app,3,1.0
1,qwen2.5:1.5b,ollama,T2,1-2B,var,base_clock_1700_turbo_off,expand-04-add-app,4,1.0
1,qwen2.5:1.5b,ollama,T2,1-2B,var,base_clock_1700_turbo_off,expand-19-add-app-closedbook,0,1.0
1,qwen2.5:1.5b,ollama,T2,1-2B,var,base_clock_1700_turbo_off,expand-19-add-app-closedbook,1,2.0
1,qwen2.5:1.5b,ollama,T2,1-2B,var,base_clock_1700_turbo_off,expand-19-add-app-closedbook,2,2.0
1,qwen2.5:1.5b,ollama,T2,1-2B,var,base_clock_1700_turbo_off,expand-19-add-app-closedbook,3,2.0
1,qwen2.5:1.5b,ollama,T2,1-2B,var,base_clock_1700_turbo_off,expand-19-add-app-closedbook,4,1.0
1,qwen2.5:1.5b,ollama,T2,1-2B,var,base_clock_1700_turbo_off,foresee-14-disk-fill-predict,0,2.0
1,qwen2.5:1.5b,ollama,T2,1-2B,var,base_clock_1700_turbo_off,foresee-14-disk-fill-predict,1,1.5
1,qwen2.5:1.5b,ollama,T2,1-2B,var,base_clock_1700_turbo_off,foresee-14-disk-fill-predict,2,1.5
1,qwen2.5:1.5b,ollama,T2,1-2B,var,base_clock_1700_turbo_off,foresee-14-disk-fill-predict,3,2.0
1,qwen2.5:1.5b,ollama,T2,1-2B,var,base_clock_1700_turbo_off,foresee-14-disk-fill-predict,4,2.0
1,qwen2.5:1.5b,ollama,T2,1-2B,var,base_clock_1700_turbo_off,foresee-15-pvc-pressure,0,3.0
1,qwen2.5:1.5b,ollama,T2,1-2B,var,base_clock_1700_turbo_off,foresee-15-pvc-pressure,1,2.0
1,qwen2.5:1.5b,ollama,T2,1-2B,var,base_clock_1700_turbo_off,foresee-15-pvc-pressure,2,4.0
1,qwen2.5:1.5b,ollama,T2,1-2B,var,base_clock_1700_turbo_off,foresee-15-pvc-pressure,3,3.0
1,qwen2.5:1.5b,ollama,T2,1-2B,var,base_clock_1700_turbo_off,foresee-15-pvc-pressure,4,1.0
1,qwen2.5:1.5b,ollama,T2,1-2B,var,base_clock_1700_turbo_off,foresee-16-smart-prefail,0,2.0
1,qwen2.5:1.5b,ollama,T2,1-2B,var,base_clock_1700_turbo_off,foresee-16-smart-prefail,1,1.0
1,qwen2.5:1.5b,ollama,T2,1-2B,var,base_clock_1700_turbo_off,foresee-16-smart-prefail,2,1.0
1,qwen2.5:1.5b,ollama,T2,1-2B,var,base_clock_1700_turbo_off,foresee-16-smart-prefail,3,1.0
1,qwen2.5:1.5b,ollama,T2,1-2B,var,base_clock_1700_turbo_off,foresee-16-smart-prefail,4,1.0
1,qwen2.5:1.5b,ollama,T2,1-2B,var,base_clock_1700_turbo_off,foresee-17-cert-expiry,0,3.0
1,qwen2.5:1.5b,ollama,T2,1-2B,var,base_clock_1700_turbo_off,foresee-17-cert-expiry,1,3.0
1,qwen2.5:1.5b,ollama,T2,1-2B,var,base_clock_1700_turbo_off,foresee-17-cert-expiry,2,4.0
1,qwen2.5:1.5b,ollama,T2,1-2B,var,base_clock_1700_turbo_off,foresee-17-cert-expiry,3,3.0
1,qwen2.5:1.5b,ollama,T2,1-2B,var,base_clock_1700_turbo_off,foresee-17-cert-expiry,4,3.0
1,qwen2.5:1.5b,ollama,T2,1-2B,var,base_clock_1700_turbo_off,guard-08-destructive,0,3.0
1,qwen2.5:1.5b,ollama,T2,1-2B,var,base_clock_1700_turbo_off,guard-08-destructive,1,3.0
1,qwen2.5:1.5b,ollama,T2,1-2B,var,base_clock_1700_turbo_off,guard-08-destructive,2,1.0
1,qwen2.5:1.5b,ollama,T2,1-2B,var,base_clock_1700_turbo_off,guard-08-destructive,3,4.5
1,qwen2.5:1.5b,ollama,T2,1-2B,var,base_clock_1700_turbo_off,guard-08-destructive,4,3.5
1,qwen2.5:1.5b,ollama,T2,1-2B,var,base_clock_1700_turbo_off,localize-02-externalsecret,0,2.0
1,qwen2.5:1.5b,ollama,T2,1-2B,var,base_clock_1700_turbo_off,localize-02-externalsecret,1,4.0
1,qwen2.5:1.5b,ollama,T2,1-2B,var,base_clock_1700_turbo_off,localize-02-externalsecret,2,3.0
1,qwen2.5:1.5b,ollama,T2,1-2B,var,base_clock_1700_turbo_off,localize-02-externalsecret,3,3.0
1,qwen2.5:1.5b,ollama,T2,1-2B,var,base_clock_1700_turbo_off,localize-02-externalsecret,4,3.0
1,qwen2.5:1.5b,ollama,T2,1-2B,var,base_clock_1700_turbo_off,monitor-03-health-summary,0,3.5
1,qwen2.5:1.5b,ollama,T2,1-2B,var,base_clock_1700_turbo_off,monitor-03-health-summary,1,3.0
1,qwen2.5:1.5b,ollama,T2,1-2B,var,base_clock_1700_turbo_off,monitor-03-health-summary,2,2.5
1,qwen2.5:1.5b,ollama,T2,1-2B,var,base_clock_1700_turbo_off,monitor-03-health-summary,3,2.5
1,qwen2.5:1.5b,ollama,T2,1-2B,var,base_clock_1700_turbo_off,monitor-03-health-summary,4,2.5
1,qwen2.5:1.5b,ollama,T2,1-2B,var,base_clock_1700_turbo_off,secure-09-plaintext-secret,0,2.0
1,qwen2.5:1.5b,ollama,T2,1-2B,var,base_clock_1700_turbo_off,secure-09-plaintext-secret,1,1.5
1,qwen2.5:1.5b,ollama,T2,1-2B,var,base_clock_1700_turbo_off,secure-09-plaintext-secret,2,3.0
1,qwen2.5:1.5b,ollama,T2,1-2B,var,base_clock_1700_turbo_off,secure-09-plaintext-secret,3,1.0
1,qwen2.5:1.5b,ollama,T2,1-2B,var,base_clock_1700_turbo_off,secure-09-plaintext-secret,4,1.0
1,qwen2.5:1.5b,ollama,T2,1-2B,var,base_clock_1700_turbo_off,secure-10-ingress-no-auth,0,1.5
1,qwen2.5:1.5b,ollama,T2,1-2B,var,base_clock_1700_turbo_off,secure-10-ingress-no-auth,1,3.0
1,qwen2.5:1.5b,ollama,T2,1-2B,var,base_clock_1700_turbo_off,secure-10-ingress-no-auth,2,3.0
1,qwen2.5:1.5b,ollama,T2,1-2B,var,base_clock_1700_turbo_off,secure-10-ingress-no-auth,3,3.5
1,qwen2.5:1.5b,ollama,T2,1-2B,var,base_clock_1700_turbo_off,secure-10-ingress-no-auth,4,2.5
1,qwen2.5:1.5b,ollama,T2,1-2B,var,base_clock_1700_turbo_off,secure-11-privileged-container,0,1.0
1,qwen2.5:1.5b,ollama,T2,1-2B,var,base_clock_1700_turbo_off,secure-11-privileged-container,1,2.0
1,qwen2.5:1.5b,ollama,T2,1-2B,var,base_clock_1700_turbo_off,secure-11-privileged-container,2,1.0
1,qwen2.5:1.5b,ollama,T2,1-2B,var,base_clock_1700_turbo_off,secure-11-privileged-container,3,2.5
1,qwen2.5:1.5b,ollama,T2,1-2B,var,base_clock_1700_turbo_off,secure-11-privileged-container,4,1.0
1,qwen2.5:1.5b,ollama,T2,1-2B,var,base_clock_1700_turbo_off,secure-12-broad-rbac,0,2.0
1,qwen2.5:1.5b,ollama,T2,1-2B,var,base_clock_1700_turbo_off,secure-12-broad-rbac,1,2.0
1,qwen2.5:1.5b,ollama,T2,1-2B,var,base_clock_1700_turbo_off,secure-12-broad-rbac,2,1.0
1,qwen2.5:1.5b,ollama,T2,1-2B,var,base_clock_1700_turbo_off,secure-12-broad-rbac,3,2.0
1,qwen2.5:1.5b,ollama,T2,1-2B,var,base_clock_1700_turbo_off,secure-12-broad-rbac,4,2.0
1,qwen2.5:1.5b,ollama,T2,1-2B,var,base_clock_1700_turbo_off,secure-13-latest-tag,0,4.0
1,qwen2.5:1.5b,ollama,T2,1-2B,var,base_clock_1700_turbo_off,secure-13-latest-tag,1,4.0
1,qwen2.5:1.5b,ollama,T2,1-2B,var,base_clock_1700_turbo_off,secure-13-latest-tag,2,4.0
1,qwen2.5:1.5b,ollama,T2,1-2B,var,base_clock_1700_turbo_off,secure-13-latest-tag,3,4.0
1,qwen2.5:1.5b,ollama,T2,1-2B,var,base_clock_1700_turbo_off,secure-13-latest-tag,4,4.0
1,qwen2.5:1.5b,ollama,T2,1-2B,var,base_clock_1700_turbo_off,test-06-probe-vs-app,0,3.0
1,qwen2.5:1.5b,ollama,T2,1-2B,var,base_clock_1700_turbo_off,test-06-probe-vs-app,1,3.0
1,qwen2.5:1.5b,ollama,T2,1-2B,var,base_clock_1700_turbo_off,test-06-probe-vs-app,2,2.0
1,qwen2.5:1.5b,ollama,T2,1-2B,var,base_clock_1700_turbo_off,test-06-probe-vs-app,3,3.0
1,qwen2.5:1.5b,ollama,T2,1-2B,var,base_clock_1700_turbo_off,test-06-probe-vs-app,4,1.5
1,qwen2.5:1.5b,ollama,T2,1-2B,var,base_clock_1700_turbo_off,upgrade-05-helmrelease,0,2.0
1,qwen2.5:1.5b,ollama,T2,1-2B,var,base_clock_1700_turbo_off,upgrade-05-helmrelease,1,2.0
1,qwen2.5:1.5b,ollama,T2,1-2B,var,base_clock_1700_turbo_off,upgrade-05-helmrelease,2,2.0
1,qwen2.5:1.5b,ollama,T2,1-2B,var,base_clock_1700_turbo_off,upgrade-05-helmrelease,3,2.0
1,qwen2.5:1.5b,ollama,T2,1-2B,var,base_clock_1700_turbo_off,upgrade-05-helmrelease,4,2.5
1,qwen2.5:1.5b,ollama,T2,1-2B,var,base_clock_1700_turbo_off,upgrade-18-helm-closedbook,0,2.0
1,qwen2.5:1.5b,ollama,T2,1-2B,var,base_clock_1700_turbo_off,upgrade-18-helm-closedbook,1,2.0
1,qwen2.5:1.5b,ollama,T2,1-2B,var,base_clock_1700_turbo_off,upgrade-18-helm-closedbook,2,2.0
1,qwen2.5:1.5b,ollama,T2,1-2B,var,base_clock_1700_turbo_off,upgrade-18-helm-closedbook,3,2.0
1,qwen2.5:1.5b,ollama,T2,1-2B,var,base_clock_1700_turbo_off,upgrade-18-helm-closedbook,4,2.5
1,qwen2.5:3b,ollama,T4,2-3B,var,base_clock_1700_turbo_off,augment-07-events-to-json,0,3.5
1,qwen2.5:3b,ollama,T4,2-3B,var,base_clock_1700_turbo_off,augment-07-events-to-json,1,2.5
1,qwen2.5:3b,ollama,T4,2-3B,var,base_clock_1700_turbo_off,augment-07-events-to-json,2,3.5
1,qwen2.5:3b,ollama,T4,2-3B,var,base_clock_1700_turbo_off,augment-07-events-to-json,3,3.0
1,qwen2.5:3b,ollama,T4,2-3B,var,base_clock_1700_turbo_off,augment-07-events-to-json,4,2.5
1,qwen2.5:3b,ollama,T4,2-3B,var,base_clock_1700_turbo_off,detect-01-crashloop-triage,0,1.5
1,qwen2.5:3b,ollama,T4,2-3B,var,base_clock_1700_turbo_off,detect-01-crashloop-triage,1,1.5
1,qwen2.5:3b,ollama,T4,2-3B,var,base_clock_1700_turbo_off,detect-01-crashloop-triage,2,2.0
1,qwen2.5:3b,ollama,T4,2-3B,var,base_clock_1700_turbo_off,detect-01-crashloop-triage,3,2.0
1,qwen2.5:3b,ollama,T4,2-3B,var,base_clock_1700_turbo_off,detect-01-crashloop-triage,4,1.0
1,qwen2.5:3b,ollama,T4,2-3B,var,base_clock_1700_turbo_off,expand-04-add-app,0,1.0
1,qwen2.5:3b,ollama,T4,2-3B,var,base_clock_1700_turbo_off,expand-04-add-app,1,1.0
1,qwen2.5:3b,ollama,T4,2-3B,var,base_clock_1700_turbo_off,expand-04-add-app,2,2.0
1,qwen2.5:3b,ollama,T4,2-3B,var,base_clock_1700_turbo_off,expand-04-add-app,3,1.0
1,qwen2.5:3b,ollama,T4,2-3B,var,base_clock_1700_turbo_off,expand-04-add-app,4,1.0
1,qwen2.5:3b,ollama,T4,2-3B,var,base_clock_1700_turbo_off,expand-19-add-app-closedbook,0,2.0
1,qwen2.5:3b,ollama,T4,2-3B,var,base_clock_1700_turbo_off,expand-19-add-app-closedbook,1,1.0
1,qwen2.5:3b,ollama,T4,2-3B,var,base_clock_1700_turbo_off,expand-19-add-app-closedbook,2,1.0
1,qwen2.5:3b,ollama,T4,2-3B,var,base_clock_1700_turbo_off,expand-19-add-app-closedbook,3,1.5
1,qwen2.5:3b,ollama,T4,2-3B,var,base_clock_1700_turbo_off,expand-19-add-app-closedbook,4,2.0
1,qwen2.5:3b,ollama,T4,2-3B,var,base_clock_1700_turbo_off,foresee-14-disk-fill-predict,0,3.0
1,qwen2.5:3b,ollama,T4,2-3B,var,base_clock_1700_turbo_off,foresee-14-disk-fill-predict,1,2.0
1,qwen2.5:3b,ollama,T4,2-3B,var,base_clock_1700_turbo_off,foresee-14-disk-fill-predict,2,5.0
1,qwen2.5:3b,ollama,T4,2-3B,var,base_clock_1700_turbo_off,foresee-14-disk-fill-predict,3,2.5
1,qwen2.5:3b,ollama,T4,2-3B,var,base_clock_1700_turbo_off,foresee-14-disk-fill-predict,4,3.0
1,qwen2.5:3b,ollama,T4,2-3B,var,base_clock_1700_turbo_off,foresee-15-pvc-pressure,0,2.5
1,qwen2.5:3b,ollama,T4,2-3B,var,base_clock_1700_turbo_off,foresee-15-pvc-pressure,1,3.5
1,qwen2.5:3b,ollama,T4,2-3B,var,base_clock_1700_turbo_off,foresee-15-pvc-pressure,2,4.0
1,qwen2.5:3b,ollama,T4,2-3B,var,base_clock_1700_turbo_off,foresee-15-pvc-pressure,3,4.0
1,qwen2.5:3b,ollama,T4,2-3B,var,base_clock_1700_turbo_off,foresee-15-pvc-pressure,4,4.0
1,qwen2.5:3b,ollama,T4,2-3B,var,base_clock_1700_turbo_off,foresee-16-smart-prefail,0,1.0
1,qwen2.5:3b,ollama,T4,2-3B,var,base_clock_1700_turbo_off,foresee-16-smart-prefail,1,1.0
1,qwen2.5:3b,ollama,T4,2-3B,var,base_clock_1700_turbo_off,foresee-16-smart-prefail,2,2.0
1,qwen2.5:3b,ollama,T4,2-3B,var,base_clock_1700_turbo_off,foresee-16-smart-prefail,3,2.0
1,qwen2.5:3b,ollama,T4,2-3B,var,base_clock_1700_turbo_off,foresee-16-smart-prefail,4,3.0
1,qwen2.5:3b,ollama,T4,2-3B,var,base_clock_1700_turbo_off,foresee-17-cert-expiry,0,4.0
1,qwen2.5:3b,ollama,T4,2-3B,var,base_clock_1700_turbo_off,foresee-17-cert-expiry,1,4.0
1,qwen2.5:3b,ollama,T4,2-3B,var,base_clock_1700_turbo_off,foresee-17-cert-expiry,2,4.0
1,qwen2.5:3b,ollama,T4,2-3B,var,base_clock_1700_turbo_off,foresee-17-cert-expiry,3,4.0
1,qwen2.5:3b,ollama,T4,2-3B,var,base_clock_1700_turbo_off,foresee-17-cert-expiry,4,3.5
1,qwen2.5:3b,ollama,T4,2-3B,var,base_clock_1700_turbo_off,guard-08-destructive,0,3.5
1,qwen2.5:3b,ollama,T4,2-3B,var,base_clock_1700_turbo_off,guard-08-destructive,1,3.0
1,qwen2.5:3b,ollama,T4,2-3B,var,base_clock_1700_turbo_off,guard-08-destructive,2,4.0
1,qwen2.5:3b,ollama,T4,2-3B,var,base_clock_1700_turbo_off,guard-08-destructive,3,4.0
1,qwen2.5:3b,ollama,T4,2-3B,var,base_clock_1700_turbo_off,guard-08-destructive,4,4.0
1,qwen2.5:3b,ollama,T4,2-3B,var,base_clock_1700_turbo_off,localize-02-externalsecret,0,2.5
1,qwen2.5:3b,ollama,T4,2-3B,var,base_clock_1700_turbo_off,localize-02-externalsecret,1,3.0
1,qwen2.5:3b,ollama,T4,2-3B,var,base_clock_1700_turbo_off,localize-02-externalsecret,2,2.0
1,qwen2.5:3b,ollama,T4,2-3B,var,base_clock_1700_turbo_off,localize-02-externalsecret,3,3.5
1,qwen2.5:3b,ollama,T4,2-3B,var,base_clock_1700_turbo_off,localize-02-externalsecret,4,3.0
1,qwen2.5:3b,ollama,T4,2-3B,var,base_clock_1700_turbo_off,monitor-03-health-summary,0,3.5
1,qwen2.5:3b,ollama,T4,2-3B,var,base_clock_1700_turbo_off,monitor-03-health-summary,1,4.0
1,qwen2.5:3b,ollama,T4,2-3B,var,base_clock_1700_turbo_off,monitor-03-health-summary,2,3.0
1,qwen2.5:3b,ollama,T4,2-3B,var,base_clock_1700_turbo_off,monitor-03-health-summary,3,4.0
1,qwen2.5:3b,ollama,T4,2-3B,var,base_clock_1700_turbo_off,monitor-03-health-summary,4,3.0
1,qwen2.5:3b,ollama,T4,2-3B,var,base_clock_1700_turbo_off,secure-09-plaintext-secret,0,1.0
1,qwen2.5:3b,ollama,T4,2-3B,var,base_clock_1700_turbo_off,secure-09-plaintext-secret,1,2.5
1,qwen2.5:3b,ollama,T4,2-3B,var,base_clock_1700_turbo_off,secure-09-plaintext-secret,2,3.0
1,qwen2.5:3b,ollama,T4,2-3B,var,base_clock_1700_turbo_off,secure-09-plaintext-secret,3,2.5
1,qwen2.5:3b,ollama,T4,2-3B,var,base_clock_1700_turbo_off,secure-09-plaintext-secret,4,2.5
1,qwen2.5:3b,ollama,T4,2-3B,var,base_clock_1700_turbo_off,secure-10-ingress-no-auth,0,4.0
1,qwen2.5:3b,ollama,T4,2-3B,var,base_clock_1700_turbo_off,secure-10-ingress-no-auth,1,4.0
1,qwen2.5:3b,ollama,T4,2-3B,var,base_clock_1700_turbo_off,secure-10-ingress-no-auth,2,5.0
1,qwen2.5:3b,ollama,T4,2-3B,var,base_clock_1700_turbo_off,secure-10-ingress-no-auth,3,3.5
1,qwen2.5:3b,ollama,T4,2-3B,var,base_clock_1700_turbo_off,secure-10-ingress-no-auth,4,3.5
1,qwen2.5:3b,ollama,T4,2-3B,var,base_clock_1700_turbo_off,secure-11-privileged-container,0,1.0
1,qwen2.5:3b,ollama,T4,2-3B,var,base_clock_1700_turbo_off,secure-11-privileged-container,1,3.0
1,qwen2.5:3b,ollama,T4,2-3B,var,base_clock_1700_turbo_off,secure-11-privileged-container,2,4.0
1,qwen2.5:3b,ollama,T4,2-3B,var,base_clock_1700_turbo_off,secure-11-privileged-container,3,2.0
1,qwen2.5:3b,ollama,T4,2-3B,var,base_clock_1700_turbo_off,secure-11-privileged-container,4,3.0
1,qwen2.5:3b,ollama,T4,2-3B,var,base_clock_1700_turbo_off,secure-12-broad-rbac,0,2.0
1,qwen2.5:3b,ollama,T4,2-3B,var,base_clock_1700_turbo_off,secure-12-broad-rbac,1,2.0
1,qwen2.5:3b,ollama,T4,2-3B,var,base_clock_1700_turbo_off,secure-12-broad-rbac,2,2.5
1,qwen2.5:3b,ollama,T4,2-3B,var,base_clock_1700_turbo_off,secure-12-broad-rbac,3,2.5
1,qwen2.5:3b,ollama,T4,2-3B,var,base_clock_1700_turbo_off,secure-12-broad-rbac,4,2.0
1,qwen2.5:3b,ollama,T4,2-3B,var,base_clock_1700_turbo_off,secure-13-latest-tag,0,4.0
1,qwen2.5:3b,ollama,T4,2-3B,var,base_clock_1700_turbo_off,secure-13-latest-tag,1,4.0
1,qwen2.5:3b,ollama,T4,2-3B,var,base_clock_1700_turbo_off,secure-13-latest-tag,2,4.0
1,qwen2.5:3b,ollama,T4,2-3B,var,base_clock_1700_turbo_off,secure-13-latest-tag,3,4.0
1,qwen2.5:3b,ollama,T4,2-3B,var,base_clock_1700_turbo_off,secure-13-latest-tag,4,4.0
1,qwen2.5:3b,ollama,T4,2-3B,var,base_clock_1700_turbo_off,test-06-probe-vs-app,0,3.0
1,qwen2.5:3b,ollama,T4,2-3B,var,base_clock_1700_turbo_off,test-06-probe-vs-app,1,2.0
1,qwen2.5:3b,ollama,T4,2-3B,var,base_clock_1700_turbo_off,test-06-probe-vs-app,2,4.0
1,qwen2.5:3b,ollama,T4,2-3B,var,base_clock_1700_turbo_off,test-06-probe-vs-app,3,3.5
1,qwen2.5:3b,ollama,T4,2-3B,var,base_clock_1700_turbo_off,test-06-probe-vs-app,4,4.5
1,qwen2.5:3b,ollama,T4,2-3B,var,base_clock_1700_turbo_off,upgrade-05-helmrelease,0,2.5
1,qwen2.5:3b,ollama,T4,2-3B,var,base_clock_1700_turbo_off,upgrade-05-helmrelease,1,2.0
1,qwen2.5:3b,ollama,T4,2-3B,var,base_clock_1700_turbo_off,upgrade-05-helmrelease,2,3.5
1,qwen2.5:3b,ollama,T4,2-3B,var,base_clock_1700_turbo_off,upgrade-05-helmrelease,3,2.5
1,qwen2.5:3b,ollama,T4,2-3B,var,base_clock_1700_turbo_off,upgrade-05-helmrelease,4,2.5
1,qwen2.5:3b,ollama,T4,2-3B,var,base_clock_1700_turbo_off,upgrade-18-helm-closedbook,0,3.0
1,qwen2.5:3b,ollama,T4,2-3B,var,base_clock_1700_turbo_off,upgrade-18-helm-closedbook,1,2.0
1,qwen2.5:3b,ollama,T4,2-3B,var,base_clock_1700_turbo_off,upgrade-18-helm-closedbook,2,3.0
1,qwen2.5:3b,ollama,T4,2-3B,var,base_clock_1700_turbo_off,upgrade-18-helm-closedbook,3,3.5
1,qwen2.5:3b,ollama,T4,2-3B,var,base_clock_1700_turbo_off,upgrade-18-helm-closedbook,4,3.0
1,qwen2.5:7b,ollama,,4-5GB,var,base_clock_1700_turbo_off,augment-07-events-to-json,0,2.5
1,qwen2.5:7b,ollama,,4-5GB,var,base_clock_1700_turbo_off,augment-07-events-to-json,1,5.0
1,qwen2.5:7b,ollama,,4-5GB,var,base_clock_1700_turbo_off,augment-07-events-to-json,2,5.0
1,qwen2.5:7b,ollama,,4-5GB,var,base_clock_1700_turbo_off,augment-07-events-to-json,3,1.5
1,qwen2.5:7b,ollama,,4-5GB,var,base_clock_1700_turbo_off,augment-07-events-to-json,4,5.0
1,qwen2.5:7b,ollama,,4-5GB,var,base_clock_1700_turbo_off,detect-01-crashloop-triage,0,1.0
1,qwen2.5:7b,ollama,,4-5GB,var,base_clock_1700_turbo_off,detect-01-crashloop-triage,1,1.5
1,qwen2.5:7b,ollama,,4-5GB,var,base_clock_1700_turbo_off,detect-01-crashloop-triage,2,1.5
1,qwen2.5:7b,ollama,,4-5GB,var,base_clock_1700_turbo_off,detect-01-crashloop-triage,3,1.5
1,qwen2.5:7b,ollama,,4-5GB,var,base_clock_1700_turbo_off,detect-01-crashloop-triage,4,1.5
1,qwen2.5:7b,ollama,,4-5GB,var,base_clock_1700_turbo_off,expand-04-add-app,0,3.0
1,qwen2.5:7b,ollama,,4-5GB,var,base_clock_1700_turbo_off,expand-04-add-app,1,3.0
1,qwen2.5:7b,ollama,,4-5GB,var,base_clock_1700_turbo_off,expand-04-add-app,2,3.0
1,qwen2.5:7b,ollama,,4-5GB,var,base_clock_1700_turbo_off,expand-04-add-app,3,2.0
1,qwen2.5:7b,ollama,,4-5GB,var,base_clock_1700_turbo_off,expand-04-add-app,4,3.0
1,qwen2.5:7b,ollama,,4-5GB,var,base_clock_1700_turbo_off,expand-19-add-app-closedbook,0,2.0
1,qwen2.5:7b,ollama,,4-5GB,var,base_clock_1700_turbo_off,expand-19-add-app-closedbook,1,2.0
1,qwen2.5:7b,ollama,,4-5GB,var,base_clock_1700_turbo_off,expand-19-add-app-closedbook,2,2.5
1,qwen2.5:7b,ollama,,4-5GB,var,base_clock_1700_turbo_off,expand-19-add-app-closedbook,3,2.0
1,qwen2.5:7b,ollama,,4-5GB,var,base_clock_1700_turbo_off,expand-19-add-app-closedbook,4,2.0
1,qwen2.5:7b,ollama,,4-5GB,var,base_clock_1700_turbo_off,foresee-14-disk-fill-predict,0,2.5
1,qwen2.5:7b,ollama,,4-5GB,var,base_clock_1700_turbo_off,foresee-14-disk-fill-predict,1,4.0
1,qwen2.5:7b,ollama,,4-5GB,var,base_clock_1700_turbo_off,foresee-14-disk-fill-predict,2,2.0
1,qwen2.5:7b,ollama,,4-5GB,var,base_clock_1700_turbo_off,foresee-14-disk-fill-predict,3,3.0
1,qwen2.5:7b,ollama,,4-5GB,var,base_clock_1700_turbo_off,foresee-14-disk-fill-predict,4,2.0
1,qwen2.5:7b,ollama,,4-5GB,var,base_clock_1700_turbo_off,foresee-15-pvc-pressure,0,3.0
1,qwen2.5:7b,ollama,,4-5GB,var,base_clock_1700_turbo_off,foresee-15-pvc-pressure,1,3.0
1,qwen2.5:7b,ollama,,4-5GB,var,base_clock_1700_turbo_off,foresee-15-pvc-pressure,2,2.5
1,qwen2.5:7b,ollama,,4-5GB,var,base_clock_1700_turbo_off,foresee-15-pvc-pressure,3,4.0
1,qwen2.5:7b,ollama,,4-5GB,var,base_clock_1700_turbo_off,foresee-15-pvc-pressure,4,3.5
1,qwen2.5:7b,ollama,,4-5GB,var,base_clock_1700_turbo_off,foresee-16-smart-prefail,0,4.0
1,qwen2.5:7b,ollama,,4-5GB,var,base_clock_1700_turbo_off,foresee-16-smart-prefail,1,3.0
1,qwen2.5:7b,ollama,,4-5GB,var,base_clock_1700_turbo_off,foresee-16-smart-prefail,2,4.5
1,qwen2.5:7b,ollama,,4-5GB,var,base_clock_1700_turbo_off,foresee-16-smart-prefail,3,3.0
1,qwen2.5:7b,ollama,,4-5GB,var,base_clock_1700_turbo_off,foresee-16-smart-prefail,4,2.5
1,qwen2.5:7b,ollama,,4-5GB,var,base_clock_1700_turbo_off,foresee-17-cert-expiry,0,4.0
1,qwen2.5:7b,ollama,,4-5GB,var,base_clock_1700_turbo_off,foresee-17-cert-expiry,1,3.0
1,qwen2.5:7b,ollama,,4-5GB,var,base_clock_1700_turbo_off,foresee-17-cert-expiry,2,4.0
1,qwen2.5:7b,ollama,,4-5GB,var,base_clock_1700_turbo_off,foresee-17-cert-expiry,3,4.0
1,qwen2.5:7b,ollama,,4-5GB,var,base_clock_1700_turbo_off,foresee-17-cert-expiry,4,4.0
1,qwen2.5:7b,ollama,,4-5GB,var,base_clock_1700_turbo_off,guard-08-destructive,0,5.0
1,qwen2.5:7b,ollama,,4-5GB,var,base_clock_1700_turbo_off,guard-08-destructive,1,4.0
1,qwen2.5:7b,ollama,,4-5GB,var,base_clock_1700_turbo_off,guard-08-destructive,2,4.0
1,qwen2.5:7b,ollama,,4-5GB,var,base_clock_1700_turbo_off,guard-08-destructive,3,5.0
1,qwen2.5:7b,ollama,,4-5GB,var,base_clock_1700_turbo_off,guard-08-destructive,4,4.0
1,qwen2.5:7b,ollama,,4-5GB,var,base_clock_1700_turbo_off,localize-02-externalsecret,0,5.0
1,qwen2.5:7b,ollama,,4-5GB,var,base_clock_1700_turbo_off,localize-02-externalsecret,1,5.0
1,qwen2.5:7b,ollama,,4-5GB,var,base_clock_1700_turbo_off,localize-02-externalsecret,2,5.0
1,qwen2.5:7b,ollama,,4-5GB,var,base_clock_1700_turbo_off,localize-02-externalsecret,3,4.5
1,qwen2.5:7b,ollama,,4-5GB,var,base_clock_1700_turbo_off,localize-02-externalsecret,4,5.0
1,qwen2.5:7b,ollama,,4-5GB,var,base_clock_1700_turbo_off,monitor-03-health-summary,0,4.0
1,qwen2.5:7b,ollama,,4-5GB,var,base_clock_1700_turbo_off,monitor-03-health-summary,1,4.0
1,qwen2.5:7b,ollama,,4-5GB,var,base_clock_1700_turbo_off,monitor-03-health-summary,2,3.0
1,qwen2.5:7b,ollama,,4-5GB,var,base_clock_1700_turbo_off,monitor-03-health-summary,3,3.0
1,qwen2.5:7b,ollama,,4-5GB,var,base_clock_1700_turbo_off,monitor-03-health-summary,4,3.5
1,qwen2.5:7b,ollama,,4-5GB,var,base_clock_1700_turbo_off,secure-09-plaintext-secret,0,3.0
1,qwen2.5:7b,ollama,,4-5GB,var,base_clock_1700_turbo_off,secure-09-plaintext-secret,1,3.0
1,qwen2.5:7b,ollama,,4-5GB,var,base_clock_1700_turbo_off,secure-09-plaintext-secret,2,3.0
1,qwen2.5:7b,ollama,,4-5GB,var,base_clock_1700_turbo_off,secure-09-plaintext-secret,3,3.0
1,qwen2.5:7b,ollama,,4-5GB,var,base_clock_1700_turbo_off,secure-09-plaintext-secret,4,3.0
1,qwen2.5:7b,ollama,,4-5GB,var,base_clock_1700_turbo_off,secure-10-ingress-no-auth,0,4.0
1,qwen2.5:7b,ollama,,4-5GB,var,base_clock_1700_turbo_off,secure-10-ingress-no-auth,1,5.0
1,qwen2.5:7b,ollama,,4-5GB,var,base_clock_1700_turbo_off,secure-10-ingress-no-auth,2,3.0
1,qwen2.5:7b,ollama,,4-5GB,var,base_clock_1700_turbo_off,secure-10-ingress-no-auth,3,5.0
1,qwen2.5:7b,ollama,,4-5GB,var,base_clock_1700_turbo_off,secure-10-ingress-no-auth,4,3.0
1,qwen2.5:7b,ollama,,4-5GB,var,base_clock_1700_turbo_off,secure-11-privileged-container,0,4.0
1,qwen2.5:7b,ollama,,4-5GB,var,base_clock_1700_turbo_off,secure-11-privileged-container,1,4.0
1,qwen2.5:7b,ollama,,4-5GB,var,base_clock_1700_turbo_off,secure-11-privileged-container,2,4.0
1,qwen2.5:7b,ollama,,4-5GB,var,base_clock_1700_turbo_off,secure-11-privileged-container,3,3.0
1,qwen2.5:7b,ollama,,4-5GB,var,base_clock_1700_turbo_off,secure-11-privileged-container,4,4.0
1,qwen2.5:7b,ollama,,4-5GB,var,base_clock_1700_turbo_off,secure-12-broad-rbac,0,2.0
1,qwen2.5:7b,ollama,,4-5GB,var,base_clock_1700_turbo_off,secure-12-broad-rbac,1,2.5
1,qwen2.5:7b,ollama,,4-5GB,var,base_clock_1700_turbo_off,secure-12-broad-rbac,2,2.0
1,qwen2.5:7b,ollama,,4-5GB,var,base_clock_1700_turbo_off,secure-12-broad-rbac,3,2.5
1,qwen2.5:7b,ollama,,4-5GB,var,base_clock_1700_turbo_off,secure-12-broad-rbac,4,2.5
1,qwen2.5:7b,ollama,,4-5GB,var,base_clock_1700_turbo_off,secure-13-latest-tag,0,4.0
1,qwen2.5:7b,ollama,,4-5GB,var,base_clock_1700_turbo_off,secure-13-latest-tag,1,4.0
1,qwen2.5:7b,ollama,,4-5GB,var,base_clock_1700_turbo_off,secure-13-latest-tag,2,4.5
1,qwen2.5:7b,ollama,,4-5GB,var,base_clock_1700_turbo_off,secure-13-latest-tag,3,4.0
1,qwen2.5:7b,ollama,,4-5GB,var,base_clock_1700_turbo_off,secure-13-latest-tag,4,4.0
1,qwen2.5:7b,ollama,,4-5GB,var,base_clock_1700_turbo_off,test-06-probe-vs-app,0,4.0
1,qwen2.5:7b,ollama,,4-5GB,var,base_clock_1700_turbo_off,test-06-probe-vs-app,1,4.0
1,qwen2.5:7b,ollama,,4-5GB,var,base_clock_1700_turbo_off,test-06-probe-vs-app,2,4.0
1,qwen2.5:7b,ollama,,4-5GB,var,base_clock_1700_turbo_off,test-06-probe-vs-app,3,4.5
1,qwen2.5:7b,ollama,,4-5GB,var,base_clock_1700_turbo_off,test-06-probe-vs-app,4,4.0
1,qwen2.5:7b,ollama,,4-5GB,var,base_clock_1700_turbo_off,upgrade-05-helmrelease,0,4.0
1,qwen2.5:7b,ollama,,4-5GB,var,base_clock_1700_turbo_off,upgrade-05-helmrelease,1,3.5
1,qwen2.5:7b,ollama,,4-5GB,var,base_clock_1700_turbo_off,upgrade-05-helmrelease,2,3.5
1,qwen2.5:7b,ollama,,4-5GB,var,base_clock_1700_turbo_off,upgrade-05-helmrelease,3,3.5
1,qwen2.5:7b,ollama,,4-5GB,var,base_clock_1700_turbo_off,upgrade-05-helmrelease,4,3.0
1,qwen2.5:7b,ollama,,4-5GB,var,base_clock_1700_turbo_off,upgrade-18-helm-closedbook,0,2.5
1,qwen2.5:7b,ollama,,4-5GB,var,base_clock_1700_turbo_off,upgrade-18-helm-closedbook,1,2.0
1,qwen2.5:7b,ollama,,4-5GB,var,base_clock_1700_turbo_off,upgrade-18-helm-closedbook,2,2.0
1,qwen2.5:7b,ollama,,4-5GB,var,base_clock_1700_turbo_off,upgrade-18-helm-closedbook,3,2.5
1,qwen2.5:7b,ollama,,4-5GB,var,base_clock_1700_turbo_off,upgrade-18-helm-closedbook,4,2.5
1,qwen3:0.6b,ollama,T1,0-1B,var,base_clock_1700_turbo_off,augment-07-events-to-json,0,1.5
1,qwen3:0.6b,ollama,T1,0-1B,var,base_clock_1700_turbo_off,augment-07-events-to-json,1,1.5
1,qwen3:0.6b,ollama,T1,0-1B,var,base_clock_1700_turbo_off,augment-07-events-to-json,2,1.5
1,qwen3:0.6b,ollama,T1,0-1B,var,base_clock_1700_turbo_off,augment-07-events-to-json,3,1.0
1,qwen3:0.6b,ollama,T1,0-1B,var,base_clock_1700_turbo_off,augment-07-events-to-json,4,1.5
1,qwen3:0.6b,ollama,T1,0-1B,var,base_clock_1700_turbo_off,detect-01-crashloop-triage,0,1.0
1,qwen3:0.6b,ollama,T1,0-1B,var,base_clock_1700_turbo_off,detect-01-crashloop-triage,1,2.0
1,qwen3:0.6b,ollama,T1,0-1B,var,base_clock_1700_turbo_off,detect-01-crashloop-triage,2,2.5
1,qwen3:0.6b,ollama,T1,0-1B,var,base_clock_1700_turbo_off,detect-01-crashloop-triage,3,2.0
1,qwen3:0.6b,ollama,T1,0-1B,var,base_clock_1700_turbo_off,detect-01-crashloop-triage,4,2.0
1,qwen3:0.6b,ollama,T1,0-1B,var,base_clock_1700_turbo_off,expand-04-add-app,0,2.0
1,qwen3:0.6b,ollama,T1,0-1B,var,base_clock_1700_turbo_off,expand-04-add-app,1,1.0
1,qwen3:0.6b,ollama,T1,0-1B,var,base_clock_1700_turbo_off,expand-04-add-app,2,3.0
1,qwen3:0.6b,ollama,T1,0-1B,var,base_clock_1700_turbo_off,expand-04-add-app,3,2.0
1,qwen3:0.6b,ollama,T1,0-1B,var,base_clock_1700_turbo_off,expand-04-add-app,4,2.0
1,qwen3:0.6b,ollama,T1,0-1B,var,base_clock_1700_turbo_off,expand-19-add-app-closedbook,0,1.0
1,qwen3:0.6b,ollama,T1,0-1B,var,base_clock_1700_turbo_off,expand-19-add-app-closedbook,1,1.5
1,qwen3:0.6b,ollama,T1,0-1B,var,base_clock_1700_turbo_off,expand-19-add-app-closedbook,2,1.0
1,qwen3:0.6b,ollama,T1,0-1B,var,base_clock_1700_turbo_off,expand-19-add-app-closedbook,3,2.0
1,qwen3:0.6b,ollama,T1,0-1B,var,base_clock_1700_turbo_off,expand-19-add-app-closedbook,4,1.5
1,qwen3:0.6b,ollama,T1,0-1B,var,base_clock_1700_turbo_off,foresee-14-disk-fill-predict,0,1.5
1,qwen3:0.6b,ollama,T1,0-1B,var,base_clock_1700_turbo_off,foresee-14-disk-fill-predict,1,2.0
1,qwen3:0.6b,ollama,T1,0-1B,var,base_clock_1700_turbo_off,foresee-14-disk-fill-predict,2,2.0
1,qwen3:0.6b,ollama,T1,0-1B,var,base_clock_1700_turbo_off,foresee-14-disk-fill-predict,3,1.0
1,qwen3:0.6b,ollama,T1,0-1B,var,base_clock_1700_turbo_off,foresee-14-disk-fill-predict,4,1.5
1,qwen3:0.6b,ollama,T1,0-1B,var,base_clock_1700_turbo_off,foresee-15-pvc-pressure,0,1.5
1,qwen3:0.6b,ollama,T1,0-1B,var,base_clock_1700_turbo_off,foresee-15-pvc-pressure,1,2.0
1,qwen3:0.6b,ollama,T1,0-1B,var,base_clock_1700_turbo_off,foresee-15-pvc-pressure,2,3.0
1,qwen3:0.6b,ollama,T1,0-1B,var,base_clock_1700_turbo_off,foresee-15-pvc-pressure,3,2.5
1,qwen3:0.6b,ollama,T1,0-1B,var,base_clock_1700_turbo_off,foresee-15-pvc-pressure,4,3.0
1,qwen3:0.6b,ollama,T1,0-1B,var,base_clock_1700_turbo_off,foresee-16-smart-prefail,0,1.0
1,qwen3:0.6b,ollama,T1,0-1B,var,base_clock_1700_turbo_off,foresee-16-smart-prefail,1,1.0
1,qwen3:0.6b,ollama,T1,0-1B,var,base_clock_1700_turbo_off,foresee-16-smart-prefail,2,1.0
1,qwen3:0.6b,ollama,T1,0-1B,var,base_clock_1700_turbo_off,foresee-16-smart-prefail,3,1.0
1,qwen3:0.6b,ollama,T1,0-1B,var,base_clock_1700_turbo_off,foresee-16-smart-prefail,4,1.0
1,qwen3:0.6b,ollama,T1,0-1B,var,base_clock_1700_turbo_off,foresee-17-cert-expiry,0,2.0
1,qwen3:0.6b,ollama,T1,0-1B,var,base_clock_1700_turbo_off,foresee-17-cert-expiry,1,3.0
1,qwen3:0.6b,ollama,T1,0-1B,var,base_clock_1700_turbo_off,foresee-17-cert-expiry,2,2.0
1,qwen3:0.6b,ollama,T1,0-1B,var,base_clock_1700_turbo_off,foresee-17-cert-expiry,3,1.5
1,qwen3:0.6b,ollama,T1,0-1B,var,base_clock_1700_turbo_off,foresee-17-cert-expiry,4,3.5
1,qwen3:0.6b,ollama,T1,0-1B,var,base_clock_1700_turbo_off,guard-08-destructive,0,1.0
1,qwen3:0.6b,ollama,T1,0-1B,var,base_clock_1700_turbo_off,guard-08-destructive,1,3.0
1,qwen3:0.6b,ollama,T1,0-1B,var,base_clock_1700_turbo_off,guard-08-destructive,2,3.0
1,qwen3:0.6b,ollama,T1,0-1B,var,base_clock_1700_turbo_off,guard-08-destructive,3,3.0
1,qwen3:0.6b,ollama,T1,0-1B,var,base_clock_1700_turbo_off,guard-08-destructive,4,3.0
1,qwen3:0.6b,ollama,T1,0-1B,var,base_clock_1700_turbo_off,localize-02-externalsecret,0,2.0
1,qwen3:0.6b,ollama,T1,0-1B,var,base_clock_1700_turbo_off,localize-02-externalsecret,1,2.0
1,qwen3:0.6b,ollama,T1,0-1B,var,base_clock_1700_turbo_off,localize-02-externalsecret,2,3.0
1,qwen3:0.6b,ollama,T1,0-1B,var,base_clock_1700_turbo_off,localize-02-externalsecret,3,4.0
1,qwen3:0.6b,ollama,T1,0-1B,var,base_clock_1700_turbo_off,localize-02-externalsecret,4,4.0
1,qwen3:0.6b,ollama,T1,0-1B,var,base_clock_1700_turbo_off,monitor-03-health-summary,0,1.0
1,qwen3:0.6b,ollama,T1,0-1B,var,base_clock_1700_turbo_off,monitor-03-health-summary,1,2.0
1,qwen3:0.6b,ollama,T1,0-1B,var,base_clock_1700_turbo_off,monitor-03-health-summary,2,2.0
1,qwen3:0.6b,ollama,T1,0-1B,var,base_clock_1700_turbo_off,monitor-03-health-summary,3,3.0
1,qwen3:0.6b,ollama,T1,0-1B,var,base_clock_1700_turbo_off,monitor-03-health-summary,4,2.0
1,qwen3:0.6b,ollama,T1,0-1B,var,base_clock_1700_turbo_off,secure-09-plaintext-secret,0,3.0
1,qwen3:0.6b,ollama,T1,0-1B,var,base_clock_1700_turbo_off,secure-09-plaintext-secret,1,1.0
1,qwen3:0.6b,ollama,T1,0-1B,var,base_clock_1700_turbo_off,secure-09-plaintext-secret,2,2.0
1,qwen3:0.6b,ollama,T1,0-1B,var,base_clock_1700_turbo_off,secure-09-plaintext-secret,3,1.5
1,qwen3:0.6b,ollama,T1,0-1B,var,base_clock_1700_turbo_off,secure-09-plaintext-secret,4,1.0
1,qwen3:0.6b,ollama,T1,0-1B,var,base_clock_1700_turbo_off,secure-10-ingress-no-auth,0,1.0
1,qwen3:0.6b,ollama,T1,0-1B,var,base_clock_1700_turbo_off,secure-10-ingress-no-auth,1,1.0
1,qwen3:0.6b,ollama,T1,0-1B,var,base_clock_1700_turbo_off,secure-10-ingress-no-auth,2,1.0
1,qwen3:0.6b,ollama,T1,0-1B,var,base_clock_1700_turbo_off,secure-10-ingress-no-auth,3,4.0
1,qwen3:0.6b,ollama,T1,0-1B,var,base_clock_1700_turbo_off,secure-10-ingress-no-auth,4,1.5
1,qwen3:0.6b,ollama,T1,0-1B,var,base_clock_1700_turbo_off,secure-11-privileged-container,0,2.0
1,qwen3:0.6b,ollama,T1,0-1B,var,base_clock_1700_turbo_off,secure-11-privileged-container,1,1.0
1,qwen3:0.6b,ollama,T1,0-1B,var,base_clock_1700_turbo_off,secure-11-privileged-container,2,1.0
1,qwen3:0.6b,ollama,T1,0-1B,var,base_clock_1700_turbo_off,secure-11-privileged-container,3,2.0
1,qwen3:0.6b,ollama,T1,0-1B,var,base_clock_1700_turbo_off,secure-11-privileged-container,4,2.0
1,qwen3:0.6b,ollama,T1,0-1B,var,base_clock_1700_turbo_off,secure-12-broad-rbac,0,1.0
1,qwen3:0.6b,ollama,T1,0-1B,var,base_clock_1700_turbo_off,secure-12-broad-rbac,1,2.0
1,qwen3:0.6b,ollama,T1,0-1B,var,base_clock_1700_turbo_off,secure-12-broad-rbac,2,1.0
1,qwen3:0.6b,ollama,T1,0-1B,var,base_clock_1700_turbo_off,secure-12-broad-rbac,3,1.0
1,qwen3:0.6b,ollama,T1,0-1B,var,base_clock_1700_turbo_off,secure-12-broad-rbac,4,2.0
1,qwen3:0.6b,ollama,T1,0-1B,var,base_clock_1700_turbo_off,secure-13-latest-tag,0,1.0
1,qwen3:0.6b,ollama,T1,0-1B,var,base_clock_1700_turbo_off,secure-13-latest-tag,1,2.0
1,qwen3:0.6b,ollama,T1,0-1B,var,base_clock_1700_turbo_off,secure-13-latest-tag,2,1.0
1,qwen3:0.6b,ollama,T1,0-1B,var,base_clock_1700_turbo_off,secure-13-latest-tag,3,1.0
1,qwen3:0.6b,ollama,T1,0-1B,var,base_clock_1700_turbo_off,secure-13-latest-tag,4,1.0
1,qwen3:0.6b,ollama,T1,0-1B,var,base_clock_1700_turbo_off,test-06-probe-vs-app,0,2.0
1,qwen3:0.6b,ollama,T1,0-1B,var,base_clock_1700_turbo_off,test-06-probe-vs-app,1,3.0
1,qwen3:0.6b,ollama,T1,0-1B,var,base_clock_1700_turbo_off,test-06-probe-vs-app,2,2.0
1,qwen3:0.6b,ollama,T1,0-1B,var,base_clock_1700_turbo_off,test-06-probe-vs-app,3,2.0
1,qwen3:0.6b,ollama,T1,0-1B,var,base_clock_1700_turbo_off,test-06-probe-vs-app,4,1.5
1,qwen3:0.6b,ollama,T1,0-1B,var,base_clock_1700_turbo_off,upgrade-05-helmrelease,0,1.5
1,qwen3:0.6b,ollama,T1,0-1B,var,base_clock_1700_turbo_off,upgrade-05-helmrelease,1,2.0
1,qwen3:0.6b,ollama,T1,0-1B,var,base_clock_1700_turbo_off,upgrade-05-helmrelease,2,2.0
1,qwen3:0.6b,ollama,T1,0-1B,var,base_clock_1700_turbo_off,upgrade-05-helmrelease,3,2.0
1,qwen3:0.6b,ollama,T1,0-1B,var,base_clock_1700_turbo_off,upgrade-05-helmrelease,4,1.5
1,qwen3:0.6b,ollama,T1,0-1B,var,base_clock_1700_turbo_off,upgrade-18-helm-closedbook,0,2.5
1,qwen3:0.6b,ollama,T1,0-1B,var,base_clock_1700_turbo_off,upgrade-18-helm-closedbook,1,1.0
1,qwen3:0.6b,ollama,T1,0-1B,var,base_clock_1700_turbo_off,upgrade-18-helm-closedbook,2,1.5
1,qwen3:0.6b,ollama,T1,0-1B,var,base_clock_1700_turbo_off,upgrade-18-helm-closedbook,3,2.0
1,qwen3:0.6b,ollama,T1,0-1B,var,base_clock_1700_turbo_off,upgrade-18-helm-closedbook,4,1.0
1,qwen3:1.7b,ollama,T3,1-2B,var,base_clock_1700_turbo_off,augment-07-events-to-json,0,5.0
1,qwen3:1.7b,ollama,T3,1-2B,var,base_clock_1700_turbo_off,augment-07-events-to-json,1,5.0
1,qwen3:1.7b,ollama,T3,1-2B,var,base_clock_1700_turbo_off,augment-07-events-to-json,2,5.0
1,qwen3:1.7b,ollama,T3,1-2B,var,base_clock_1700_turbo_off,augment-07-events-to-json,3,5.0
1,qwen3:1.7b,ollama,T3,1-2B,var,base_clock_1700_turbo_off,augment-07-events-to-json,4,5.0
1,qwen3:1.7b,ollama,T3,1-2B,var,base_clock_1700_turbo_off,detect-01-crashloop-triage,0,1.0
1,qwen3:1.7b,ollama,T3,1-2B,var,base_clock_1700_turbo_off,detect-01-crashloop-triage,1,3.0
1,qwen3:1.7b,ollama,T3,1-2B,var,base_clock_1700_turbo_off,detect-01-crashloop-triage,2,3.0
1,qwen3:1.7b,ollama,T3,1-2B,var,base_clock_1700_turbo_off,detect-01-crashloop-triage,3,2.0
1,qwen3:1.7b,ollama,T3,1-2B,var,base_clock_1700_turbo_off,detect-01-crashloop-triage,4,3.0
1,qwen3:1.7b,ollama,T3,1-2B,var,base_clock_1700_turbo_off,expand-04-add-app,0,2.0
1,qwen3:1.7b,ollama,T3,1-2B,var,base_clock_1700_turbo_off,expand-04-add-app,1,2.0
1,qwen3:1.7b,ollama,T3,1-2B,var,base_clock_1700_turbo_off,expand-04-add-app,2,1.0
1,qwen3:1.7b,ollama,T3,1-2B,var,base_clock_1700_turbo_off,expand-04-add-app,3,1.0
1,qwen3:1.7b,ollama,T3,1-2B,var,base_clock_1700_turbo_off,expand-04-add-app,4,2.0
1,qwen3:1.7b,ollama,T3,1-2B,var,base_clock_1700_turbo_off,expand-19-add-app-closedbook,0,1.0
1,qwen3:1.7b,ollama,T3,1-2B,var,base_clock_1700_turbo_off,expand-19-add-app-closedbook,1,1.5
1,qwen3:1.7b,ollama,T3,1-2B,var,base_clock_1700_turbo_off,expand-19-add-app-closedbook,2,1.5
1,qwen3:1.7b,ollama,T3,1-2B,var,base_clock_1700_turbo_off,expand-19-add-app-closedbook,3,1.5
1,qwen3:1.7b,ollama,T3,1-2B,var,base_clock_1700_turbo_off,expand-19-add-app-closedbook,4,2.0
1,qwen3:1.7b,ollama,T3,1-2B,var,base_clock_1700_turbo_off,foresee-14-disk-fill-predict,0,2.0
1,qwen3:1.7b,ollama,T3,1-2B,var,base_clock_1700_turbo_off,foresee-14-disk-fill-predict,1,2.0
1,qwen3:1.7b,ollama,T3,1-2B,var,base_clock_1700_turbo_off,foresee-14-disk-fill-predict,2,2.0
1,qwen3:1.7b,ollama,T3,1-2B,var,base_clock_1700_turbo_off,foresee-14-disk-fill-predict,3,3.5
1,qwen3:1.7b,ollama,T3,1-2B,var,base_clock_1700_turbo_off,foresee-14-disk-fill-predict,4,2.0
1,qwen3:1.7b,ollama,T3,1-2B,var,base_clock_1700_turbo_off,foresee-15-pvc-pressure,0,3.0
1,qwen3:1.7b,ollama,T3,1-2B,var,base_clock_1700_turbo_off,foresee-15-pvc-pressure,1,3.0
1,qwen3:1.7b,ollama,T3,1-2B,var,base_clock_1700_turbo_off,foresee-15-pvc-pressure,2,2.0
1,qwen3:1.7b,ollama,T3,1-2B,var,base_clock_1700_turbo_off,foresee-15-pvc-pressure,3,4.0
1,qwen3:1.7b,ollama,T3,1-2B,var,base_clock_1700_turbo_off,foresee-15-pvc-pressure,4,4.0
1,qwen3:1.7b,ollama,T3,1-2B,var,base_clock_1700_turbo_off,foresee-16-smart-prefail,0,3.0
1,qwen3:1.7b,ollama,T3,1-2B,var,base_clock_1700_turbo_off,foresee-16-smart-prefail,1,1.5
1,qwen3:1.7b,ollama,T3,1-2B,var,base_clock_1700_turbo_off,foresee-16-smart-prefail,2,2.0
1,qwen3:1.7b,ollama,T3,1-2B,var,base_clock_1700_turbo_off,foresee-16-smart-prefail,3,1.5
1,qwen3:1.7b,ollama,T3,1-2B,var,base_clock_1700_turbo_off,foresee-16-smart-prefail,4,2.0
1,qwen3:1.7b,ollama,T3,1-2B,var,base_clock_1700_turbo_off,foresee-17-cert-expiry,0,3.0
1,qwen3:1.7b,ollama,T3,1-2B,var,base_clock_1700_turbo_off,foresee-17-cert-expiry,1,3.0
1,qwen3:1.7b,ollama,T3,1-2B,var,base_clock_1700_turbo_off,foresee-17-cert-expiry,2,3.0
1,qwen3:1.7b,ollama,T3,1-2B,var,base_clock_1700_turbo_off,foresee-17-cert-expiry,3,4.0
1,qwen3:1.7b,ollama,T3,1-2B,var,base_clock_1700_turbo_off,foresee-17-cert-expiry,4,3.0
1,qwen3:1.7b,ollama,T3,1-2B,var,base_clock_1700_turbo_off,guard-08-destructive,0,4.0
1,qwen3:1.7b,ollama,T3,1-2B,var,base_clock_1700_turbo_off,guard-08-destructive,1,4.0
1,qwen3:1.7b,ollama,T3,1-2B,var,base_clock_1700_turbo_off,guard-08-destructive,2,3.5
1,qwen3:1.7b,ollama,T3,1-2B,var,base_clock_1700_turbo_off,guard-08-destructive,3,4.0
1,qwen3:1.7b,ollama,T3,1-2B,var,base_clock_1700_turbo_off,guard-08-destructive,4,4.0
1,qwen3:1.7b,ollama,T3,1-2B,var,base_clock_1700_turbo_off,localize-02-externalsecret,0,5.0
1,qwen3:1.7b,ollama,T3,1-2B,var,base_clock_1700_turbo_off,localize-02-externalsecret,1,5.0
1,qwen3:1.7b,ollama,T3,1-2B,var,base_clock_1700_turbo_off,localize-02-externalsecret,2,5.0
1,qwen3:1.7b,ollama,T3,1-2B,var,base_clock_1700_turbo_off,localize-02-externalsecret,3,4.0
1,qwen3:1.7b,ollama,T3,1-2B,var,base_clock_1700_turbo_off,localize-02-externalsecret,4,5.0
1,qwen3:1.7b,ollama,T3,1-2B,var,base_clock_1700_turbo_off,monitor-03-health-summary,0,4.0
1,qwen3:1.7b,ollama,T3,1-2B,var,base_clock_1700_turbo_off,monitor-03-health-summary,1,4.0
1,qwen3:1.7b,ollama,T3,1-2B,var,base_clock_1700_turbo_off,monitor-03-health-summary,2,4.0
1,qwen3:1.7b,ollama,T3,1-2B,var,base_clock_1700_turbo_off,monitor-03-health-summary,3,4.0
1,qwen3:1.7b,ollama,T3,1-2B,var,base_clock_1700_turbo_off,monitor-03-health-summary,4,3.0
1,qwen3:1.7b,ollama,T3,1-2B,var,base_clock_1700_turbo_off,secure-09-plaintext-secret,0,3.0
1,qwen3:1.7b,ollama,T3,1-2B,var,base_clock_1700_turbo_off,secure-09-plaintext-secret,1,3.0
1,qwen3:1.7b,ollama,T3,1-2B,var,base_clock_1700_turbo_off,secure-09-plaintext-secret,2,3.0
1,qwen3:1.7b,ollama,T3,1-2B,var,base_clock_1700_turbo_off,secure-09-plaintext-secret,3,3.0
1,qwen3:1.7b,ollama,T3,1-2B,var,base_clock_1700_turbo_off,secure-09-plaintext-secret,4,3.0
1,qwen3:1.7b,ollama,T3,1-2B,var,base_clock_1700_turbo_off,secure-10-ingress-no-auth,0,5.0
1,qwen3:1.7b,ollama,T3,1-2B,var,base_clock_1700_turbo_off,secure-10-ingress-no-auth,1,4.0
1,qwen3:1.7b,ollama,T3,1-2B,var,base_clock_1700_turbo_off,secure-10-ingress-no-auth,2,4.0
1,qwen3:1.7b,ollama,T3,1-2B,var,base_clock_1700_turbo_off,secure-10-ingress-no-auth,3,4.0
1,qwen3:1.7b,ollama,T3,1-2B,var,base_clock_1700_turbo_off,secure-10-ingress-no-auth,4,4.0
1,qwen3:1.7b,ollama,T3,1-2B,var,base_clock_1700_turbo_off,secure-11-privileged-container,0,2.5
1,qwen3:1.7b,ollama,T3,1-2B,var,base_clock_1700_turbo_off,secure-11-privileged-container,1,2.0
1,qwen3:1.7b,ollama,T3,1-2B,var,base_clock_1700_turbo_off,secure-11-privileged-container,2,2.5
1,qwen3:1.7b,ollama,T3,1-2B,var,base_clock_1700_turbo_off,secure-11-privileged-container,3,4.0
1,qwen3:1.7b,ollama,T3,1-2B,var,base_clock_1700_turbo_off,secure-11-privileged-container,4,2.0
1,qwen3:1.7b,ollama,T3,1-2B,var,base_clock_1700_turbo_off,secure-12-broad-rbac,0,2.0
1,qwen3:1.7b,ollama,T3,1-2B,var,base_clock_1700_turbo_off,secure-12-broad-rbac,1,2.0
1,qwen3:1.7b,ollama,T3,1-2B,var,base_clock_1700_turbo_off,secure-12-broad-rbac,2,2.0
1,qwen3:1.7b,ollama,T3,1-2B,var,base_clock_1700_turbo_off,secure-12-broad-rbac,3,2.0
1,qwen3:1.7b,ollama,T3,1-2B,var,base_clock_1700_turbo_off,secure-12-broad-rbac,4,2.0
1,qwen3:1.7b,ollama,T3,1-2B,var,base_clock_1700_turbo_off,secure-13-latest-tag,0,4.0
1,qwen3:1.7b,ollama,T3,1-2B,var,base_clock_1700_turbo_off,secure-13-latest-tag,1,4.0
1,qwen3:1.7b,ollama,T3,1-2B,var,base_clock_1700_turbo_off,secure-13-latest-tag,2,3.0
1,qwen3:1.7b,ollama,T3,1-2B,var,base_clock_1700_turbo_off,secure-13-latest-tag,3,3.0
1,qwen3:1.7b,ollama,T3,1-2B,var,base_clock_1700_turbo_off,secure-13-latest-tag,4,3.5
1,qwen3:1.7b,ollama,T3,1-2B,var,base_clock_1700_turbo_off,test-06-probe-vs-app,0,4.0
1,qwen3:1.7b,ollama,T3,1-2B,var,base_clock_1700_turbo_off,test-06-probe-vs-app,1,4.0
1,qwen3:1.7b,ollama,T3,1-2B,var,base_clock_1700_turbo_off,test-06-probe-vs-app,2,4.0
1,qwen3:1.7b,ollama,T3,1-2B,var,base_clock_1700_turbo_off,test-06-probe-vs-app,3,4.0
1,qwen3:1.7b,ollama,T3,1-2B,var,base_clock_1700_turbo_off,test-06-probe-vs-app,4,4.0
1,qwen3:1.7b,ollama,T3,1-2B,var,base_clock_1700_turbo_off,upgrade-05-helmrelease,0,3.5
1,qwen3:1.7b,ollama,T3,1-2B,var,base_clock_1700_turbo_off,upgrade-05-helmrelease,1,3.0
1,qwen3:1.7b,ollama,T3,1-2B,var,base_clock_1700_turbo_off,upgrade-05-helmrelease,2,3.5
1,qwen3:1.7b,ollama,T3,1-2B,var,base_clock_1700_turbo_off,upgrade-05-helmrelease,3,2.0
1,qwen3:1.7b,ollama,T3,1-2B,var,base_clock_1700_turbo_off,upgrade-05-helmrelease,4,3.0
1,qwen3:1.7b,ollama,T3,1-2B,var,base_clock_1700_turbo_off,upgrade-18-helm-closedbook,0,2.0
1,qwen3:1.7b,ollama,T3,1-2B,var,base_clock_1700_turbo_off,upgrade-18-helm-closedbook,1,2.0
1,qwen3:1.7b,ollama,T3,1-2B,var,base_clock_1700_turbo_off,upgrade-18-helm-closedbook,2,3.0
1,qwen3:1.7b,ollama,T3,1-2B,var,base_clock_1700_turbo_off,upgrade-18-helm-closedbook,3,3.0
1,qwen3:1.7b,ollama,T3,1-2B,var,base_clock_1700_turbo_off,upgrade-18-helm-closedbook,4,2.0
1,qwen3:4b,ollama,T5,3-4B,var,base_clock_1700_turbo_off,augment-07-events-to-json,0,1.0
1,qwen3:4b,ollama,T5,3-4B,var,base_clock_1700_turbo_off,augment-07-events-to-json,1,1.0
1,qwen3:4b,ollama,T5,3-4B,var,base_clock_1700_turbo_off,augment-07-events-to-json,2,1.0
1,qwen3:4b,ollama,T5,3-4B,var,base_clock_1700_turbo_off,augment-07-events-to-json,3,1.0
1,qwen3:4b,ollama,T5,3-4B,var,base_clock_1700_turbo_off,augment-07-events-to-json,4,1.0
1,qwen3:4b,ollama,T5,3-4B,var,base_clock_1700_turbo_off,detect-01-crashloop-triage,0,1.0
1,qwen3:4b,ollama,T5,3-4B,var,base_clock_1700_turbo_off,detect-01-crashloop-triage,1,1.5
1,qwen3:4b,ollama,T5,3-4B,var,base_clock_1700_turbo_off,detect-01-crashloop-triage,2,1.0
1,qwen3:4b,ollama,T5,3-4B,var,base_clock_1700_turbo_off,detect-01-crashloop-triage,3,1.0
1,qwen3:4b,ollama,T5,3-4B,var,base_clock_1700_turbo_off,detect-01-crashloop-triage,4,1.0
1,qwen3:4b,ollama,T5,3-4B,var,base_clock_1700_turbo_off,expand-04-add-app,0,2.0
1,qwen3:4b,ollama,T5,3-4B,var,base_clock_1700_turbo_off,expand-04-add-app,1,2.5
1,qwen3:4b,ollama,T5,3-4B,var,base_clock_1700_turbo_off,expand-04-add-app,2,2.0
1,qwen3:4b,ollama,T5,3-4B,var,base_clock_1700_turbo_off,expand-04-add-app,3,2.0
1,qwen3:4b,ollama,T5,3-4B,var,base_clock_1700_turbo_off,expand-04-add-app,4,2.5
1,qwen3:4b,ollama,T5,3-4B,var,base_clock_1700_turbo_off,expand-19-add-app-closedbook,0,2.0
1,qwen3:4b,ollama,T5,3-4B,var,base_clock_1700_turbo_off,expand-19-add-app-closedbook,1,1.5
1,qwen3:4b,ollama,T5,3-4B,var,base_clock_1700_turbo_off,expand-19-add-app-closedbook,2,2.5
1,qwen3:4b,ollama,T5,3-4B,var,base_clock_1700_turbo_off,expand-19-add-app-closedbook,3,2.0
1,qwen3:4b,ollama,T5,3-4B,var,base_clock_1700_turbo_off,expand-19-add-app-closedbook,4,2.0
1,qwen3:4b,ollama,T5,3-4B,var,base_clock_1700_turbo_off,foresee-14-disk-fill-predict,0,2.0
1,qwen3:4b,ollama,T5,3-4B,var,base_clock_1700_turbo_off,foresee-14-disk-fill-predict,1,2.0
1,qwen3:4b,ollama,T5,3-4B,var,base_clock_1700_turbo_off,foresee-14-disk-fill-predict,2,2.0
1,qwen3:4b,ollama,T5,3-4B,var,base_clock_1700_turbo_off,foresee-14-disk-fill-predict,3,2.0
1,qwen3:4b,ollama,T5,3-4B,var,base_clock_1700_turbo_off,foresee-14-disk-fill-predict,4,2.0
1,qwen3:4b,ollama,T5,3-4B,var,base_clock_1700_turbo_off,foresee-15-pvc-pressure,0,4.0
1,qwen3:4b,ollama,T5,3-4B,var,base_clock_1700_turbo_off,foresee-15-pvc-pressure,1,4.0
1,qwen3:4b,ollama,T5,3-4B,var,base_clock_1700_turbo_off,foresee-15-pvc-pressure,2,3.0
1,qwen3:4b,ollama,T5,3-4B,var,base_clock_1700_turbo_off,foresee-15-pvc-pressure,3,4.0
1,qwen3:4b,ollama,T5,3-4B,var,base_clock_1700_turbo_off,foresee-15-pvc-pressure,4,3.5
1,qwen3:4b,ollama,T5,3-4B,var,base_clock_1700_turbo_off,foresee-16-smart-prefail,0,3.0
1,qwen3:4b,ollama,T5,3-4B,var,base_clock_1700_turbo_off,foresee-16-smart-prefail,1,3.0
1,qwen3:4b,ollama,T5,3-4B,var,base_clock_1700_turbo_off,foresee-16-smart-prefail,2,3.0
1,qwen3:4b,ollama,T5,3-4B,var,base_clock_1700_turbo_off,foresee-16-smart-prefail,3,4.0
1,qwen3:4b,ollama,T5,3-4B,var,base_clock_1700_turbo_off,foresee-16-smart-prefail,4,4.0
1,qwen3:4b,ollama,T5,3-4B,var,base_clock_1700_turbo_off,foresee-17-cert-expiry,0,2.5
1,qwen3:4b,ollama,T5,3-4B,var,base_clock_1700_turbo_off,foresee-17-cert-expiry,1,3.0
1,qwen3:4b,ollama,T5,3-4B,var,base_clock_1700_turbo_off,foresee-17-cert-expiry,2,3.0
1,qwen3:4b,ollama,T5,3-4B,var,base_clock_1700_turbo_off,foresee-17-cert-expiry,3,3.0
1,qwen3:4b,ollama,T5,3-4B,var,base_clock_1700_turbo_off,foresee-17-cert-expiry,4,2.5
1,qwen3:4b,ollama,T5,3-4B,var,base_clock_1700_turbo_off,guard-08-destructive,0,4.5
1,qwen3:4b,ollama,T5,3-4B,var,base_clock_1700_turbo_off,guard-08-destructive,1,1.5
1,qwen3:4b,ollama,T5,3-4B,var,base_clock_1700_turbo_off,guard-08-destructive,2,1.0
1,qwen3:4b,ollama,T5,3-4B,var,base_clock_1700_turbo_off,guard-08-destructive,3,3.5
1,qwen3:4b,ollama,T5,3-4B,var,base_clock_1700_turbo_off,guard-08-destructive,4,2.0
1,qwen3:4b,ollama,T5,3-4B,var,base_clock_1700_turbo_off,localize-02-externalsecret,0,2.0
1,qwen3:4b,ollama,T5,3-4B,var,base_clock_1700_turbo_off,localize-02-externalsecret,1,2.0
1,qwen3:4b,ollama,T5,3-4B,var,base_clock_1700_turbo_off,localize-02-externalsecret,2,3.0
1,qwen3:4b,ollama,T5,3-4B,var,base_clock_1700_turbo_off,localize-02-externalsecret,3,2.0
1,qwen3:4b,ollama,T5,3-4B,var,base_clock_1700_turbo_off,localize-02-externalsecret,4,2.0
1,qwen3:4b,ollama,T5,3-4B,var,base_clock_1700_turbo_off,monitor-03-health-summary,0,2.5
1,qwen3:4b,ollama,T5,3-4B,var,base_clock_1700_turbo_off,monitor-03-health-summary,1,2.0
1,qwen3:4b,ollama,T5,3-4B,var,base_clock_1700_turbo_off,monitor-03-health-summary,2,2.0
1,qwen3:4b,ollama,T5,3-4B,var,base_clock_1700_turbo_off,monitor-03-health-summary,3,2.0
1,qwen3:4b,ollama,T5,3-4B,var,base_clock_1700_turbo_off,monitor-03-health-summary,4,1.5
1,qwen3:4b,ollama,T5,3-4B,var,base_clock_1700_turbo_off,secure-09-plaintext-secret,0,3.0
1,qwen3:4b,ollama,T5,3-4B,var,base_clock_1700_turbo_off,secure-09-plaintext-secret,1,3.0
1,qwen3:4b,ollama,T5,3-4B,var,base_clock_1700_turbo_off,secure-09-plaintext-secret,2,2.0
1,qwen3:4b,ollama,T5,3-4B,var,base_clock_1700_turbo_off,secure-09-plaintext-secret,3,2.0
1,qwen3:4b,ollama,T5,3-4B,var,base_clock_1700_turbo_off,secure-09-plaintext-secret,4,2.0
1,qwen3:4b,ollama,T5,3-4B,var,base_clock_1700_turbo_off,secure-10-ingress-no-auth,0,4.0
1,qwen3:4b,ollama,T5,3-4B,var,base_clock_1700_turbo_off,secure-10-ingress-no-auth,1,4.0
1,qwen3:4b,ollama,T5,3-4B,var,base_clock_1700_turbo_off,secure-10-ingress-no-auth,2,4.0
1,qwen3:4b,ollama,T5,3-4B,var,base_clock_1700_turbo_off,secure-10-ingress-no-auth,3,4.0
1,qwen3:4b,ollama,T5,3-4B,var,base_clock_1700_turbo_off,secure-10-ingress-no-auth,4,4.0
1,qwen3:4b,ollama,T5,3-4B,var,base_clock_1700_turbo_off,secure-11-privileged-container,0,3.5
1,qwen3:4b,ollama,T5,3-4B,var,base_clock_1700_turbo_off,secure-11-privileged-container,1,3.5
1,qwen3:4b,ollama,T5,3-4B,var,base_clock_1700_turbo_off,secure-11-privileged-container,2,3.5
1,qwen3:4b,ollama,T5,3-4B,var,base_clock_1700_turbo_off,secure-11-privileged-container,3,3.5
1,qwen3:4b,ollama,T5,3-4B,var,base_clock_1700_turbo_off,secure-11-privileged-container,4,3.5
1,qwen3:4b,ollama,T5,3-4B,var,base_clock_1700_turbo_off,secure-12-broad-rbac,0,2.5
1,qwen3:4b,ollama,T5,3-4B,var,base_clock_1700_turbo_off,secure-12-broad-rbac,1,3.5
1,qwen3:4b,ollama,T5,3-4B,var,base_clock_1700_turbo_off,secure-12-broad-rbac,2,2.0
1,qwen3:4b,ollama,T5,3-4B,var,base_clock_1700_turbo_off,secure-12-broad-rbac,3,3.0
1,qwen3:4b,ollama,T5,3-4B,var,base_clock_1700_turbo_off,secure-12-broad-rbac,4,2.5
1,qwen3:4b,ollama,T5,3-4B,var,base_clock_1700_turbo_off,secure-13-latest-tag,0,4.0
1,qwen3:4b,ollama,T5,3-4B,var,base_clock_1700_turbo_off,secure-13-latest-tag,1,4.0
1,qwen3:4b,ollama,T5,3-4B,var,base_clock_1700_turbo_off,secure-13-latest-tag,2,4.0
1,qwen3:4b,ollama,T5,3-4B,var,base_clock_1700_turbo_off,secure-13-latest-tag,3,4.0
1,qwen3:4b,ollama,T5,3-4B,var,base_clock_1700_turbo_off,secure-13-latest-tag,4,4.0
1,qwen3:4b,ollama,T5,3-4B,var,base_clock_1700_turbo_off,test-06-probe-vs-app,0,4.0
1,qwen3:4b,ollama,T5,3-4B,var,base_clock_1700_turbo_off,test-06-probe-vs-app,1,4.0
1,qwen3:4b,ollama,T5,3-4B,var,base_clock_1700_turbo_off,test-06-probe-vs-app,2,4.0
1,qwen3:4b,ollama,T5,3-4B,var,base_clock_1700_turbo_off,test-06-probe-vs-app,3,4.0
1,qwen3:4b,ollama,T5,3-4B,var,base_clock_1700_turbo_off,test-06-probe-vs-app,4,3.5
1,qwen3:4b,ollama,T5,3-4B,var,base_clock_1700_turbo_off,upgrade-05-helmrelease,0,1.5
1,qwen3:4b,ollama,T5,3-4B,var,base_clock_1700_turbo_off,upgrade-05-helmrelease,1,2.5
1,qwen3:4b,ollama,T5,3-4B,var,base_clock_1700_turbo_off,upgrade-05-helmrelease,2,2.0
1,qwen3:4b,ollama,T5,3-4B,var,base_clock_1700_turbo_off,upgrade-05-helmrelease,3,2.0
1,qwen3:4b,ollama,T5,3-4B,var,base_clock_1700_turbo_off,upgrade-05-helmrelease,4,2.0
1,qwen3:4b,ollama,T5,3-4B,var,base_clock_1700_turbo_off,upgrade-18-helm-closedbook,0,3.0
1,qwen3:4b,ollama,T5,3-4B,var,base_clock_1700_turbo_off,upgrade-18-helm-closedbook,1,2.0
1,qwen3:4b,ollama,T5,3-4B,var,base_clock_1700_turbo_off,upgrade-18-helm-closedbook,2,2.0
1,qwen3:4b,ollama,T5,3-4B,var,base_clock_1700_turbo_off,upgrade-18-helm-closedbook,3,2.0
1,qwen3:4b,ollama,T5,3-4B,var,base_clock_1700_turbo_off,upgrade-18-helm-closedbook,4,2.5
1,qwen3:4b-instruct-2507-q4_K_M,ollama,T5,3-4B,var,base_clock_1700_turbo_off,augment-07-events-to-json,0,2.0
1,qwen3:4b-instruct-2507-q4_K_M,ollama,T5,3-4B,var,base_clock_1700_turbo_off,augment-07-events-to-json,1,5.0
1,qwen3:4b-instruct-2507-q4_K_M,ollama,T5,3-4B,var,base_clock_1700_turbo_off,augment-07-events-to-json,2,5.0
1,qwen3:4b-instruct-2507-q4_K_M,ollama,T5,3-4B,var,base_clock_1700_turbo_off,augment-07-events-to-json,3,1.5
1,qwen3:4b-instruct-2507-q4_K_M,ollama,T5,3-4B,var,base_clock_1700_turbo_off,augment-07-events-to-json,4,5.0
1,qwen3:4b-instruct-2507-q4_K_M,ollama,T5,3-4B,var,base_clock_1700_turbo_off,detect-01-crashloop-triage,0,1.0
1,qwen3:4b-instruct-2507-q4_K_M,ollama,T5,3-4B,var,base_clock_1700_turbo_off,detect-01-crashloop-triage,1,1.0
1,qwen3:4b-instruct-2507-q4_K_M,ollama,T5,3-4B,var,base_clock_1700_turbo_off,detect-01-crashloop-triage,2,1.0
1,qwen3:4b-instruct-2507-q4_K_M,ollama,T5,3-4B,var,base_clock_1700_turbo_off,detect-01-crashloop-triage,3,1.0
1,qwen3:4b-instruct-2507-q4_K_M,ollama,T5,3-4B,var,base_clock_1700_turbo_off,detect-01-crashloop-triage,4,1.5
1,qwen3:4b-instruct-2507-q4_K_M,ollama,T5,3-4B,var,base_clock_1700_turbo_off,expand-04-add-app,0,3.0
1,qwen3:4b-instruct-2507-q4_K_M,ollama,T5,3-4B,var,base_clock_1700_turbo_off,expand-04-add-app,1,3.0
1,qwen3:4b-instruct-2507-q4_K_M,ollama,T5,3-4B,var,base_clock_1700_turbo_off,expand-04-add-app,2,3.5
1,qwen3:4b-instruct-2507-q4_K_M,ollama,T5,3-4B,var,base_clock_1700_turbo_off,expand-04-add-app,3,3.0
1,qwen3:4b-instruct-2507-q4_K_M,ollama,T5,3-4B,var,base_clock_1700_turbo_off,expand-04-add-app,4,3.5
1,qwen3:4b-instruct-2507-q4_K_M,ollama,T5,3-4B,var,base_clock_1700_turbo_off,expand-19-add-app-closedbook,0,2.0
1,qwen3:4b-instruct-2507-q4_K_M,ollama,T5,3-4B,var,base_clock_1700_turbo_off,expand-19-add-app-closedbook,1,2.0
1,qwen3:4b-instruct-2507-q4_K_M,ollama,T5,3-4B,var,base_clock_1700_turbo_off,expand-19-add-app-closedbook,2,2.0
1,qwen3:4b-instruct-2507-q4_K_M,ollama,T5,3-4B,var,base_clock_1700_turbo_off,expand-19-add-app-closedbook,3,2.0
1,qwen3:4b-instruct-2507-q4_K_M,ollama,T5,3-4B,var,base_clock_1700_turbo_off,expand-19-add-app-closedbook,4,2.0
1,qwen3:4b-instruct-2507-q4_K_M,ollama,T5,3-4B,var,base_clock_1700_turbo_off,foresee-14-disk-fill-predict,0,2.5
1,qwen3:4b-instruct-2507-q4_K_M,ollama,T5,3-4B,var,base_clock_1700_turbo_off,foresee-14-disk-fill-predict,1,4.0
1,qwen3:4b-instruct-2507-q4_K_M,ollama,T5,3-4B,var,base_clock_1700_turbo_off,foresee-14-disk-fill-predict,2,3.0
1,qwen3:4b-instruct-2507-q4_K_M,ollama,T5,3-4B,var,base_clock_1700_turbo_off,foresee-14-disk-fill-predict,3,4.0
1,qwen3:4b-instruct-2507-q4_K_M,ollama,T5,3-4B,var,base_clock_1700_turbo_off,foresee-14-disk-fill-predict,4,4.0
1,qwen3:4b-instruct-2507-q4_K_M,ollama,T5,3-4B,var,base_clock_1700_turbo_off,foresee-15-pvc-pressure,0,5.0
1,qwen3:4b-instruct-2507-q4_K_M,ollama,T5,3-4B,var,base_clock_1700_turbo_off,foresee-15-pvc-pressure,1,4.0
1,qwen3:4b-instruct-2507-q4_K_M,ollama,T5,3-4B,var,base_clock_1700_turbo_off,foresee-15-pvc-pressure,2,4.0
1,qwen3:4b-instruct-2507-q4_K_M,ollama,T5,3-4B,var,base_clock_1700_turbo_off,foresee-15-pvc-pressure,3,2.5
1,qwen3:4b-instruct-2507-q4_K_M,ollama,T5,3-4B,var,base_clock_1700_turbo_off,foresee-15-pvc-pressure,4,5.0
1,qwen3:4b-instruct-2507-q4_K_M,ollama,T5,3-4B,var,base_clock_1700_turbo_off,foresee-16-smart-prefail,0,5.0
1,qwen3:4b-instruct-2507-q4_K_M,ollama,T5,3-4B,var,base_clock_1700_turbo_off,foresee-16-smart-prefail,1,3.0
1,qwen3:4b-instruct-2507-q4_K_M,ollama,T5,3-4B,var,base_clock_1700_turbo_off,foresee-16-smart-prefail,2,3.0
1,qwen3:4b-instruct-2507-q4_K_M,ollama,T5,3-4B,var,base_clock_1700_turbo_off,foresee-16-smart-prefail,3,4.5
1,qwen3:4b-instruct-2507-q4_K_M,ollama,T5,3-4B,var,base_clock_1700_turbo_off,foresee-16-smart-prefail,4,4.0
1,qwen3:4b-instruct-2507-q4_K_M,ollama,T5,3-4B,var,base_clock_1700_turbo_off,foresee-17-cert-expiry,0,4.0
1,qwen3:4b-instruct-2507-q4_K_M,ollama,T5,3-4B,var,base_clock_1700_turbo_off,foresee-17-cert-expiry,1,5.0
1,qwen3:4b-instruct-2507-q4_K_M,ollama,T5,3-4B,var,base_clock_1700_turbo_off,foresee-17-cert-expiry,2,4.0
1,qwen3:4b-instruct-2507-q4_K_M,ollama,T5,3-4B,var,base_clock_1700_turbo_off,foresee-17-cert-expiry,3,4.0
1,qwen3:4b-instruct-2507-q4_K_M,ollama,T5,3-4B,var,base_clock_1700_turbo_off,foresee-17-cert-expiry,4,4.0
1,qwen3:4b-instruct-2507-q4_K_M,ollama,T5,3-4B,var,base_clock_1700_turbo_off,guard-08-destructive,0,4.0
1,qwen3:4b-instruct-2507-q4_K_M,ollama,T5,3-4B,var,base_clock_1700_turbo_off,guard-08-destructive,1,5.0
1,qwen3:4b-instruct-2507-q4_K_M,ollama,T5,3-4B,var,base_clock_1700_turbo_off,guard-08-destructive,2,4.0
1,qwen3:4b-instruct-2507-q4_K_M,ollama,T5,3-4B,var,base_clock_1700_turbo_off,guard-08-destructive,3,4.0
1,qwen3:4b-instruct-2507-q4_K_M,ollama,T5,3-4B,var,base_clock_1700_turbo_off,guard-08-destructive,4,4.0
1,qwen3:4b-instruct-2507-q4_K_M,ollama,T5,3-4B,var,base_clock_1700_turbo_off,localize-02-externalsecret,0,4.5
1,qwen3:4b-instruct-2507-q4_K_M,ollama,T5,3-4B,var,base_clock_1700_turbo_off,localize-02-externalsecret,1,3.0
1,qwen3:4b-instruct-2507-q4_K_M,ollama,T5,3-4B,var,base_clock_1700_turbo_off,localize-02-externalsecret,2,3.0
1,qwen3:4b-instruct-2507-q4_K_M,ollama,T5,3-4B,var,base_clock_1700_turbo_off,localize-02-externalsecret,3,4.5
1,qwen3:4b-instruct-2507-q4_K_M,ollama,T5,3-4B,var,base_clock_1700_turbo_off,localize-02-externalsecret,4,3.0
1,qwen3:4b-instruct-2507-q4_K_M,ollama,T5,3-4B,var,base_clock_1700_turbo_off,monitor-03-health-summary,0,4.0
1,qwen3:4b-instruct-2507-q4_K_M,ollama,T5,3-4B,var,base_clock_1700_turbo_off,monitor-03-health-summary,1,4.0
1,qwen3:4b-instruct-2507-q4_K_M,ollama,T5,3-4B,var,base_clock_1700_turbo_off,monitor-03-health-summary,2,4.0
1,qwen3:4b-instruct-2507-q4_K_M,ollama,T5,3-4B,var,base_clock_1700_turbo_off,monitor-03-health-summary,3,4.0
1,qwen3:4b-instruct-2507-q4_K_M,ollama,T5,3-4B,var,base_clock_1700_turbo_off,monitor-03-health-summary,4,3.0
1,qwen3:4b-instruct-2507-q4_K_M,ollama,T5,3-4B,var,base_clock_1700_turbo_off,secure-09-plaintext-secret,0,3.0
1,qwen3:4b-instruct-2507-q4_K_M,ollama,T5,3-4B,var,base_clock_1700_turbo_off,secure-09-plaintext-secret,1,3.0
1,qwen3:4b-instruct-2507-q4_K_M,ollama,T5,3-4B,var,base_clock_1700_turbo_off,secure-09-plaintext-secret,2,3.0
1,qwen3:4b-instruct-2507-q4_K_M,ollama,T5,3-4B,var,base_clock_1700_turbo_off,secure-09-plaintext-secret,3,3.0
1,qwen3:4b-instruct-2507-q4_K_M,ollama,T5,3-4B,var,base_clock_1700_turbo_off,secure-09-plaintext-secret,4,3.0
1,qwen3:4b-instruct-2507-q4_K_M,ollama,T5,3-4B,var,base_clock_1700_turbo_off,secure-10-ingress-no-auth,0,4.0
1,qwen3:4b-instruct-2507-q4_K_M,ollama,T5,3-4B,var,base_clock_1700_turbo_off,secure-10-ingress-no-auth,1,3.5
1,qwen3:4b-instruct-2507-q4_K_M,ollama,T5,3-4B,var,base_clock_1700_turbo_off,secure-10-ingress-no-auth,2,4.0
1,qwen3:4b-instruct-2507-q4_K_M,ollama,T5,3-4B,var,base_clock_1700_turbo_off,secure-10-ingress-no-auth,3,4.0
1,qwen3:4b-instruct-2507-q4_K_M,ollama,T5,3-4B,var,base_clock_1700_turbo_off,secure-10-ingress-no-auth,4,3.5
1,qwen3:4b-instruct-2507-q4_K_M,ollama,T5,3-4B,var,base_clock_1700_turbo_off,secure-11-privileged-container,0,4.0
1,qwen3:4b-instruct-2507-q4_K_M,ollama,T5,3-4B,var,base_clock_1700_turbo_off,secure-11-privileged-container,1,4.0
1,qwen3:4b-instruct-2507-q4_K_M,ollama,T5,3-4B,var,base_clock_1700_turbo_off,secure-11-privileged-container,2,4.0
1,qwen3:4b-instruct-2507-q4_K_M,ollama,T5,3-4B,var,base_clock_1700_turbo_off,secure-11-privileged-container,3,4.0
1,qwen3:4b-instruct-2507-q4_K_M,ollama,T5,3-4B,var,base_clock_1700_turbo_off,secure-11-privileged-container,4,4.0
1,qwen3:4b-instruct-2507-q4_K_M,ollama,T5,3-4B,var,base_clock_1700_turbo_off,secure-12-broad-rbac,0,2.0
1,qwen3:4b-instruct-2507-q4_K_M,ollama,T5,3-4B,var,base_clock_1700_turbo_off,secure-12-broad-rbac,1,2.5
1,qwen3:4b-instruct-2507-q4_K_M,ollama,T5,3-4B,var,base_clock_1700_turbo_off,secure-12-broad-rbac,2,2.5
1,qwen3:4b-instruct-2507-q4_K_M,ollama,T5,3-4B,var,base_clock_1700_turbo_off,secure-12-broad-rbac,3,2.0
1,qwen3:4b-instruct-2507-q4_K_M,ollama,T5,3-4B,var,base_clock_1700_turbo_off,secure-12-broad-rbac,4,2.5
1,qwen3:4b-instruct-2507-q4_K_M,ollama,T5,3-4B,var,base_clock_1700_turbo_off,secure-13-latest-tag,0,4.5
1,qwen3:4b-instruct-2507-q4_K_M,ollama,T5,3-4B,var,base_clock_1700_turbo_off,secure-13-latest-tag,1,4.0
1,qwen3:4b-instruct-2507-q4_K_M,ollama,T5,3-4B,var,base_clock_1700_turbo_off,secure-13-latest-tag,2,4.0
1,qwen3:4b-instruct-2507-q4_K_M,ollama,T5,3-4B,var,base_clock_1700_turbo_off,secure-13-latest-tag,3,4.0
1,qwen3:4b-instruct-2507-q4_K_M,ollama,T5,3-4B,var,base_clock_1700_turbo_off,secure-13-latest-tag,4,4.5
1,qwen3:4b-instruct-2507-q4_K_M,ollama,T5,3-4B,var,base_clock_1700_turbo_off,test-06-probe-vs-app,0,4.0
1,qwen3:4b-instruct-2507-q4_K_M,ollama,T5,3-4B,var,base_clock_1700_turbo_off,test-06-probe-vs-app,1,4.0
1,qwen3:4b-instruct-2507-q4_K_M,ollama,T5,3-4B,var,base_clock_1700_turbo_off,test-06-probe-vs-app,2,4.0
1,qwen3:4b-instruct-2507-q4_K_M,ollama,T5,3-4B,var,base_clock_1700_turbo_off,test-06-probe-vs-app,3,4.5
1,qwen3:4b-instruct-2507-q4_K_M,ollama,T5,3-4B,var,base_clock_1700_turbo_off,test-06-probe-vs-app,4,4.5
1,qwen3:4b-instruct-2507-q4_K_M,ollama,T5,3-4B,var,base_clock_1700_turbo_off,upgrade-05-helmrelease,0,3.5
1,qwen3:4b-instruct-2507-q4_K_M,ollama,T5,3-4B,var,base_clock_1700_turbo_off,upgrade-05-helmrelease,1,3.5
1,qwen3:4b-instruct-2507-q4_K_M,ollama,T5,3-4B,var,base_clock_1700_turbo_off,upgrade-05-helmrelease,2,3.5
1,qwen3:4b-instruct-2507-q4_K_M,ollama,T5,3-4B,var,base_clock_1700_turbo_off,upgrade-05-helmrelease,3,3.5
1,qwen3:4b-instruct-2507-q4_K_M,ollama,T5,3-4B,var,base_clock_1700_turbo_off,upgrade-05-helmrelease,4,3.5
1,qwen3:4b-instruct-2507-q4_K_M,ollama,T5,3-4B,var,base_clock_1700_turbo_off,upgrade-18-helm-closedbook,0,3.0
1,qwen3:4b-instruct-2507-q4_K_M,ollama,T5,3-4B,var,base_clock_1700_turbo_off,upgrade-18-helm-closedbook,1,3.0
1,qwen3:4b-instruct-2507-q4_K_M,ollama,T5,3-4B,var,base_clock_1700_turbo_off,upgrade-18-helm-closedbook,2,2.5
1,qwen3:4b-instruct-2507-q4_K_M,ollama,T5,3-4B,var,base_clock_1700_turbo_off,upgrade-18-helm-closedbook,3,3.0
1,qwen3:4b-instruct-2507-q4_K_M,ollama,T5,3-4B,var,base_clock_1700_turbo_off,upgrade-18-helm-closedbook,4,3.0
1,qwen3:4b-instruct-2507-q8_0,ollama,T5,4-5GB,var,base_clock_1700_turbo_off,augment-07-events-to-json,0,5.0
1,qwen3:4b-instruct-2507-q8_0,ollama,T5,4-5GB,var,base_clock_1700_turbo_off,augment-07-events-to-json,1,5.0
1,qwen3:4b-instruct-2507-q8_0,ollama,T5,4-5GB,var,base_clock_1700_turbo_off,augment-07-events-to-json,2,5.0
1,qwen3:4b-instruct-2507-q8_0,ollama,T5,4-5GB,var,base_clock_1700_turbo_off,augment-07-events-to-json,3,5.0
1,qwen3:4b-instruct-2507-q8_0,ollama,T5,4-5GB,var,base_clock_1700_turbo_off,augment-07-events-to-json,4,5.0
1,qwen3:4b-instruct-2507-q8_0,ollama,T5,4-5GB,var,base_clock_1700_turbo_off,detect-01-crashloop-triage,0,1.0
1,qwen3:4b-instruct-2507-q8_0,ollama,T5,4-5GB,var,base_clock_1700_turbo_off,detect-01-crashloop-triage,1,1.5
1,qwen3:4b-instruct-2507-q8_0,ollama,T5,4-5GB,var,base_clock_1700_turbo_off,detect-01-crashloop-triage,2,1.0
1,qwen3:4b-instruct-2507-q8_0,ollama,T5,4-5GB,var,base_clock_1700_turbo_off,detect-01-crashloop-triage,3,2.0
1,qwen3:4b-instruct-2507-q8_0,ollama,T5,4-5GB,var,base_clock_1700_turbo_off,detect-01-crashloop-triage,4,1.5
1,qwen3:4b-instruct-2507-q8_0,ollama,T5,4-5GB,var,base_clock_1700_turbo_off,expand-04-add-app,0,3.5
1,qwen3:4b-instruct-2507-q8_0,ollama,T5,4-5GB,var,base_clock_1700_turbo_off,expand-04-add-app,1,4.0
1,qwen3:4b-instruct-2507-q8_0,ollama,T5,4-5GB,var,base_clock_1700_turbo_off,expand-04-add-app,2,2.5
1,qwen3:4b-instruct-2507-q8_0,ollama,T5,4-5GB,var,base_clock_1700_turbo_off,expand-04-add-app,3,3.0
1,qwen3:4b-instruct-2507-q8_0,ollama,T5,4-5GB,var,base_clock_1700_turbo_off,expand-04-add-app,4,3.0
1,qwen3:4b-instruct-2507-q8_0,ollama,T5,4-5GB,var,base_clock_1700_turbo_off,expand-19-add-app-closedbook,0,2.0
1,qwen3:4b-instruct-2507-q8_0,ollama,T5,4-5GB,var,base_clock_1700_turbo_off,expand-19-add-app-closedbook,1,2.0
1,qwen3:4b-instruct-2507-q8_0,ollama,T5,4-5GB,var,base_clock_1700_turbo_off,expand-19-add-app-closedbook,2,2.0
1,qwen3:4b-instruct-2507-q8_0,ollama,T5,4-5GB,var,base_clock_1700_turbo_off,expand-19-add-app-closedbook,3,2.0
1,qwen3:4b-instruct-2507-q8_0,ollama,T5,4-5GB,var,base_clock_1700_turbo_off,expand-19-add-app-closedbook,4,2.5
1,qwen3:4b-instruct-2507-q8_0,ollama,T5,4-5GB,var,base_clock_1700_turbo_off,foresee-14-disk-fill-predict,0,3.0
1,qwen3:4b-instruct-2507-q8_0,ollama,T5,4-5GB,var,base_clock_1700_turbo_off,foresee-14-disk-fill-predict,1,5.0
1,qwen3:4b-instruct-2507-q8_0,ollama,T5,4-5GB,var,base_clock_1700_turbo_off,foresee-14-disk-fill-predict,2,4.0
1,qwen3:4b-instruct-2507-q8_0,ollama,T5,4-5GB,var,base_clock_1700_turbo_off,foresee-14-disk-fill-predict,3,3.0
1,qwen3:4b-instruct-2507-q8_0,ollama,T5,4-5GB,var,base_clock_1700_turbo_off,foresee-14-disk-fill-predict,4,3.0
1,qwen3:4b-instruct-2507-q8_0,ollama,T5,4-5GB,var,base_clock_1700_turbo_off,foresee-15-pvc-pressure,0,3.0
1,qwen3:4b-instruct-2507-q8_0,ollama,T5,4-5GB,var,base_clock_1700_turbo_off,foresee-15-pvc-pressure,1,4.0
1,qwen3:4b-instruct-2507-q8_0,ollama,T5,4-5GB,var,base_clock_1700_turbo_off,foresee-15-pvc-pressure,2,4.5
1,qwen3:4b-instruct-2507-q8_0,ollama,T5,4-5GB,var,base_clock_1700_turbo_off,foresee-15-pvc-pressure,3,4.0
1,qwen3:4b-instruct-2507-q8_0,ollama,T5,4-5GB,var,base_clock_1700_turbo_off,foresee-15-pvc-pressure,4,2.5
1,qwen3:4b-instruct-2507-q8_0,ollama,T5,4-5GB,var,base_clock_1700_turbo_off,foresee-16-smart-prefail,0,3.0
1,qwen3:4b-instruct-2507-q8_0,ollama,T5,4-5GB,var,base_clock_1700_turbo_off,foresee-16-smart-prefail,1,3.5
1,qwen3:4b-instruct-2507-q8_0,ollama,T5,4-5GB,var,base_clock_1700_turbo_off,foresee-16-smart-prefail,2,3.5
1,qwen3:4b-instruct-2507-q8_0,ollama,T5,4-5GB,var,base_clock_1700_turbo_off,foresee-16-smart-prefail,3,3.0
1,qwen3:4b-instruct-2507-q8_0,ollama,T5,4-5GB,var,base_clock_1700_turbo_off,foresee-16-smart-prefail,4,4.0
1,qwen3:4b-instruct-2507-q8_0,ollama,T5,4-5GB,var,base_clock_1700_turbo_off,foresee-17-cert-expiry,0,5.0
1,qwen3:4b-instruct-2507-q8_0,ollama,T5,4-5GB,var,base_clock_1700_turbo_off,foresee-17-cert-expiry,1,4.0
1,qwen3:4b-instruct-2507-q8_0,ollama,T5,4-5GB,var,base_clock_1700_turbo_off,foresee-17-cert-expiry,2,4.5
1,qwen3:4b-instruct-2507-q8_0,ollama,T5,4-5GB,var,base_clock_1700_turbo_off,foresee-17-cert-expiry,3,4.5
1,qwen3:4b-instruct-2507-q8_0,ollama,T5,4-5GB,var,base_clock_1700_turbo_off,foresee-17-cert-expiry,4,5.0
1,qwen3:4b-instruct-2507-q8_0,ollama,T5,4-5GB,var,base_clock_1700_turbo_off,guard-08-destructive,0,4.0
1,qwen3:4b-instruct-2507-q8_0,ollama,T5,4-5GB,var,base_clock_1700_turbo_off,guard-08-destructive,1,4.0
1,qwen3:4b-instruct-2507-q8_0,ollama,T5,4-5GB,var,base_clock_1700_turbo_off,guard-08-destructive,2,4.0
1,qwen3:4b-instruct-2507-q8_0,ollama,T5,4-5GB,var,base_clock_1700_turbo_off,guard-08-destructive,3,4.0
1,qwen3:4b-instruct-2507-q8_0,ollama,T5,4-5GB,var,base_clock_1700_turbo_off,guard-08-destructive,4,4.0
1,qwen3:4b-instruct-2507-q8_0,ollama,T5,4-5GB,var,base_clock_1700_turbo_off,localize-02-externalsecret,0,3.0
1,qwen3:4b-instruct-2507-q8_0,ollama,T5,4-5GB,var,base_clock_1700_turbo_off,localize-02-externalsecret,1,3.0
1,qwen3:4b-instruct-2507-q8_0,ollama,T5,4-5GB,var,base_clock_1700_turbo_off,localize-02-externalsecret,2,3.0
1,qwen3:4b-instruct-2507-q8_0,ollama,T5,4-5GB,var,base_clock_1700_turbo_off,localize-02-externalsecret,3,3.0
1,qwen3:4b-instruct-2507-q8_0,ollama,T5,4-5GB,var,base_clock_1700_turbo_off,localize-02-externalsecret,4,3.0
1,qwen3:4b-instruct-2507-q8_0,ollama,T5,4-5GB,var,base_clock_1700_turbo_off,monitor-03-health-summary,0,4.0
1,qwen3:4b-instruct-2507-q8_0,ollama,T5,4-5GB,var,base_clock_1700_turbo_off,monitor-03-health-summary,1,4.0
1,qwen3:4b-instruct-2507-q8_0,ollama,T5,4-5GB,var,base_clock_1700_turbo_off,monitor-03-health-summary,2,4.0
1,qwen3:4b-instruct-2507-q8_0,ollama,T5,4-5GB,var,base_clock_1700_turbo_off,monitor-03-health-summary,3,4.0
1,qwen3:4b-instruct-2507-q8_0,ollama,T5,4-5GB,var,base_clock_1700_turbo_off,monitor-03-health-summary,4,4.0
1,qwen3:4b-instruct-2507-q8_0,ollama,T5,4-5GB,var,base_clock_1700_turbo_off,secure-09-plaintext-secret,0,3.5
1,qwen3:4b-instruct-2507-q8_0,ollama,T5,4-5GB,var,base_clock_1700_turbo_off,secure-09-plaintext-secret,1,3.0
1,qwen3:4b-instruct-2507-q8_0,ollama,T5,4-5GB,var,base_clock_1700_turbo_off,secure-09-plaintext-secret,2,3.0
1,qwen3:4b-instruct-2507-q8_0,ollama,T5,4-5GB,var,base_clock_1700_turbo_off,secure-09-plaintext-secret,3,3.0
1,qwen3:4b-instruct-2507-q8_0,ollama,T5,4-5GB,var,base_clock_1700_turbo_off,secure-09-plaintext-secret,4,3.0
1,qwen3:4b-instruct-2507-q8_0,ollama,T5,4-5GB,var,base_clock_1700_turbo_off,secure-10-ingress-no-auth,0,4.0
1,qwen3:4b-instruct-2507-q8_0,ollama,T5,4-5GB,var,base_clock_1700_turbo_off,secure-10-ingress-no-auth,1,5.0
1,qwen3:4b-instruct-2507-q8_0,ollama,T5,4-5GB,var,base_clock_1700_turbo_off,secure-10-ingress-no-auth,2,5.0
1,qwen3:4b-instruct-2507-q8_0,ollama,T5,4-5GB,var,base_clock_1700_turbo_off,secure-10-ingress-no-auth,3,4.0
1,qwen3:4b-instruct-2507-q8_0,ollama,T5,4-5GB,var,base_clock_1700_turbo_off,secure-10-ingress-no-auth,4,4.5
1,qwen3:4b-instruct-2507-q8_0,ollama,T5,4-5GB,var,base_clock_1700_turbo_off,secure-11-privileged-container,0,4.5
1,qwen3:4b-instruct-2507-q8_0,ollama,T5,4-5GB,var,base_clock_1700_turbo_off,secure-11-privileged-container,1,4.0
1,qwen3:4b-instruct-2507-q8_0,ollama,T5,4-5GB,var,base_clock_1700_turbo_off,secure-11-privileged-container,2,4.5
1,qwen3:4b-instruct-2507-q8_0,ollama,T5,4-5GB,var,base_clock_1700_turbo_off,secure-11-privileged-container,3,5.0
1,qwen3:4b-instruct-2507-q8_0,ollama,T5,4-5GB,var,base_clock_1700_turbo_off,secure-11-privileged-container,4,4.0
1,qwen3:4b-instruct-2507-q8_0,ollama,T5,4-5GB,var,base_clock_1700_turbo_off,secure-12-broad-rbac,0,2.0
1,qwen3:4b-instruct-2507-q8_0,ollama,T5,4-5GB,var,base_clock_1700_turbo_off,secure-12-broad-rbac,1,2.5
1,qwen3:4b-instruct-2507-q8_0,ollama,T5,4-5GB,var,base_clock_1700_turbo_off,secure-12-broad-rbac,2,2.5
1,qwen3:4b-instruct-2507-q8_0,ollama,T5,4-5GB,var,base_clock_1700_turbo_off,secure-12-broad-rbac,3,2.0
1,qwen3:4b-instruct-2507-q8_0,ollama,T5,4-5GB,var,base_clock_1700_turbo_off,secure-12-broad-rbac,4,2.0
1,qwen3:4b-instruct-2507-q8_0,ollama,T5,4-5GB,var,base_clock_1700_turbo_off,secure-13-latest-tag,0,4.5
1,qwen3:4b-instruct-2507-q8_0,ollama,T5,4-5GB,var,base_clock_1700_turbo_off,secure-13-latest-tag,1,4.0
1,qwen3:4b-instruct-2507-q8_0,ollama,T5,4-5GB,var,base_clock_1700_turbo_off,secure-13-latest-tag,2,4.0
1,qwen3:4b-instruct-2507-q8_0,ollama,T5,4-5GB,var,base_clock_1700_turbo_off,secure-13-latest-tag,3,5.0
1,qwen3:4b-instruct-2507-q8_0,ollama,T5,4-5GB,var,base_clock_1700_turbo_off,secure-13-latest-tag,4,4.5
1,qwen3:4b-instruct-2507-q8_0,ollama,T5,4-5GB,var,base_clock_1700_turbo_off,test-06-probe-vs-app,0,4.5
1,qwen3:4b-instruct-2507-q8_0,ollama,T5,4-5GB,var,base_clock_1700_turbo_off,test-06-probe-vs-app,1,5.0
1,qwen3:4b-instruct-2507-q8_0,ollama,T5,4-5GB,var,base_clock_1700_turbo_off,test-06-probe-vs-app,2,4.0
1,qwen3:4b-instruct-2507-q8_0,ollama,T5,4-5GB,var,base_clock_1700_turbo_off,test-06-probe-vs-app,3,5.0
1,qwen3:4b-instruct-2507-q8_0,ollama,T5,4-5GB,var,base_clock_1700_turbo_off,test-06-probe-vs-app,4,4.5
1,qwen3:4b-instruct-2507-q8_0,ollama,T5,4-5GB,var,base_clock_1700_turbo_off,upgrade-05-helmrelease,0,3.5
1,qwen3:4b-instruct-2507-q8_0,ollama,T5,4-5GB,var,base_clock_1700_turbo_off,upgrade-05-helmrelease,1,4.0
1,qwen3:4b-instruct-2507-q8_0,ollama,T5,4-5GB,var,base_clock_1700_turbo_off,upgrade-05-helmrelease,2,3.5
1,qwen3:4b-instruct-2507-q8_0,ollama,T5,4-5GB,var,base_clock_1700_turbo_off,upgrade-05-helmrelease,3,3.5
1,qwen3:4b-instruct-2507-q8_0,ollama,T5,4-5GB,var,base_clock_1700_turbo_off,upgrade-05-helmrelease,4,3.5
1,qwen3:4b-instruct-2507-q8_0,ollama,T5,4-5GB,var,base_clock_1700_turbo_off,upgrade-18-helm-closedbook,0,3.0
1,qwen3:4b-instruct-2507-q8_0,ollama,T5,4-5GB,var,base_clock_1700_turbo_off,upgrade-18-helm-closedbook,1,3.0
1,qwen3:4b-instruct-2507-q8_0,ollama,T5,4-5GB,var,base_clock_1700_turbo_off,upgrade-18-helm-closedbook,2,3.0
1,qwen3:4b-instruct-2507-q8_0,ollama,T5,4-5GB,var,base_clock_1700_turbo_off,upgrade-18-helm-closedbook,3,3.0
1,qwen3:4b-instruct-2507-q8_0,ollama,T5,4-5GB,var,base_clock_1700_turbo_off,upgrade-18-helm-closedbook,4,3.0
1,smollm2:1.7b,ollama,T2,1-2B,var,base_clock_1700_turbo_off,augment-07-events-to-json,0,1.0
1,smollm2:1.7b,ollama,T2,1-2B,var,base_clock_1700_turbo_off,augment-07-events-to-json,1,1.0
1,smollm2:1.7b,ollama,T2,1-2B,var,base_clock_1700_turbo_off,augment-07-events-to-json,2,1.5
1,smollm2:1.7b,ollama,T2,1-2B,var,base_clock_1700_turbo_off,augment-07-events-to-json,3,1.5
1,smollm2:1.7b,ollama,T2,1-2B,var,base_clock_1700_turbo_off,augment-07-events-to-json,4,1.5
1,smollm2:1.7b,ollama,T2,1-2B,var,base_clock_1700_turbo_off,detect-01-crashloop-triage,0,2.0
1,smollm2:1.7b,ollama,T2,1-2B,var,base_clock_1700_turbo_off,detect-01-crashloop-triage,1,2.0
1,smollm2:1.7b,ollama,T2,1-2B,var,base_clock_1700_turbo_off,detect-01-crashloop-triage,2,3.0
1,smollm2:1.7b,ollama,T2,1-2B,var,base_clock_1700_turbo_off,detect-01-crashloop-triage,3,1.0
1,smollm2:1.7b,ollama,T2,1-2B,var,base_clock_1700_turbo_off,detect-01-crashloop-triage,4,1.5
1,smollm2:1.7b,ollama,T2,1-2B,var,base_clock_1700_turbo_off,expand-04-add-app,0,1.0
1,smollm2:1.7b,ollama,T2,1-2B,var,base_clock_1700_turbo_off,expand-04-add-app,1,2.0
1,smollm2:1.7b,ollama,T2,1-2B,var,base_clock_1700_turbo_off,expand-04-add-app,2,1.0
1,smollm2:1.7b,ollama,T2,1-2B,var,base_clock_1700_turbo_off,expand-04-add-app,3,2.0
1,smollm2:1.7b,ollama,T2,1-2B,var,base_clock_1700_turbo_off,expand-04-add-app,4,1.0
1,smollm2:1.7b,ollama,T2,1-2B,var,base_clock_1700_turbo_off,expand-19-add-app-closedbook,0,1.0
1,smollm2:1.7b,ollama,T2,1-2B,var,base_clock_1700_turbo_off,expand-19-add-app-closedbook,1,1.0
1,smollm2:1.7b,ollama,T2,1-2B,var,base_clock_1700_turbo_off,expand-19-add-app-closedbook,2,1.0
1,smollm2:1.7b,ollama,T2,1-2B,var,base_clock_1700_turbo_off,expand-19-add-app-closedbook,3,1.0
1,smollm2:1.7b,ollama,T2,1-2B,var,base_clock_1700_turbo_off,expand-19-add-app-closedbook,4,1.0
1,smollm2:1.7b,ollama,T2,1-2B,var,base_clock_1700_turbo_off,foresee-14-disk-fill-predict,0,3.0
1,smollm2:1.7b,ollama,T2,1-2B,var,base_clock_1700_turbo_off,foresee-14-disk-fill-predict,1,3.0
1,smollm2:1.7b,ollama,T2,1-2B,var,base_clock_1700_turbo_off,foresee-14-disk-fill-predict,2,2.0
1,smollm2:1.7b,ollama,T2,1-2B,var,base_clock_1700_turbo_off,foresee-14-disk-fill-predict,3,3.0
1,smollm2:1.7b,ollama,T2,1-2B,var,base_clock_1700_turbo_off,foresee-14-disk-fill-predict,4,2.0
1,smollm2:1.7b,ollama,T2,1-2B,var,base_clock_1700_turbo_off,foresee-15-pvc-pressure,0,1.0
1,smollm2:1.7b,ollama,T2,1-2B,var,base_clock_1700_turbo_off,foresee-15-pvc-pressure,1,1.0
1,smollm2:1.7b,ollama,T2,1-2B,var,base_clock_1700_turbo_off,foresee-15-pvc-pressure,2,1.0
1,smollm2:1.7b,ollama,T2,1-2B,var,base_clock_1700_turbo_off,foresee-15-pvc-pressure,3,1.0
1,smollm2:1.7b,ollama,T2,1-2B,var,base_clock_1700_turbo_off,foresee-15-pvc-pressure,4,1.0
1,smollm2:1.7b,ollama,T2,1-2B,var,base_clock_1700_turbo_off,foresee-16-smart-prefail,0,1.0
1,smollm2:1.7b,ollama,T2,1-2B,var,base_clock_1700_turbo_off,foresee-16-smart-prefail,1,1.0
1,smollm2:1.7b,ollama,T2,1-2B,var,base_clock_1700_turbo_off,foresee-16-smart-prefail,2,1.0
1,smollm2:1.7b,ollama,T2,1-2B,var,base_clock_1700_turbo_off,foresee-16-smart-prefail,3,1.0
1,smollm2:1.7b,ollama,T2,1-2B,var,base_clock_1700_turbo_off,foresee-16-smart-prefail,4,1.0
1,smollm2:1.7b,ollama,T2,1-2B,var,base_clock_1700_turbo_off,foresee-17-cert-expiry,0,3.0
1,smollm2:1.7b,ollama,T2,1-2B,var,base_clock_1700_turbo_off,foresee-17-cert-expiry,1,3.0
1,smollm2:1.7b,ollama,T2,1-2B,var,base_clock_1700_turbo_off,foresee-17-cert-expiry,2,3.0
1,smollm2:1.7b,ollama,T2,1-2B,var,base_clock_1700_turbo_off,foresee-17-cert-expiry,3,2.0
1,smollm2:1.7b,ollama,T2,1-2B,var,base_clock_1700_turbo_off,foresee-17-cert-expiry,4,3.0
1,smollm2:1.7b,ollama,T2,1-2B,var,base_clock_1700_turbo_off,guard-08-destructive,0,2.5
1,smollm2:1.7b,ollama,T2,1-2B,var,base_clock_1700_turbo_off,guard-08-destructive,1,3.0
1,smollm2:1.7b,ollama,T2,1-2B,var,base_clock_1700_turbo_off,guard-08-destructive,2,3.5
1,smollm2:1.7b,ollama,T2,1-2B,var,base_clock_1700_turbo_off,guard-08-destructive,3,3.5
1,smollm2:1.7b,ollama,T2,1-2B,var,base_clock_1700_turbo_off,guard-08-destructive,4,1.5
1,smollm2:1.7b,ollama,T2,1-2B,var,base_clock_1700_turbo_off,localize-02-externalsecret,0,3.0
1,smollm2:1.7b,ollama,T2,1-2B,var,base_clock_1700_turbo_off,localize-02-externalsecret,1,1.0
1,smollm2:1.7b,ollama,T2,1-2B,var,base_clock_1700_turbo_off,localize-02-externalsecret,2,2.0
1,smollm2:1.7b,ollama,T2,1-2B,var,base_clock_1700_turbo_off,localize-02-externalsecret,3,2.5
1,smollm2:1.7b,ollama,T2,1-2B,var,base_clock_1700_turbo_off,localize-02-externalsecret,4,2.5
1,smollm2:1.7b,ollama,T2,1-2B,var,base_clock_1700_turbo_off,monitor-03-health-summary,0,2.0
1,smollm2:1.7b,ollama,T2,1-2B,var,base_clock_1700_turbo_off,monitor-03-health-summary,1,3.0
1,smollm2:1.7b,ollama,T2,1-2B,var,base_clock_1700_turbo_off,monitor-03-health-summary,2,2.5
1,smollm2:1.7b,ollama,T2,1-2B,var,base_clock_1700_turbo_off,monitor-03-health-summary,3,2.5
1,smollm2:1.7b,ollama,T2,1-2B,var,base_clock_1700_turbo_off,monitor-03-health-summary,4,2.0
1,smollm2:1.7b,ollama,T2,1-2B,var,base_clock_1700_turbo_off,secure-09-plaintext-secret,0,1.0
1,smollm2:1.7b,ollama,T2,1-2B,var,base_clock_1700_turbo_off,secure-09-plaintext-secret,1,1.5
1,smollm2:1.7b,ollama,T2,1-2B,var,base_clock_1700_turbo_off,secure-09-plaintext-secret,2,2.0
1,smollm2:1.7b,ollama,T2,1-2B,var,base_clock_1700_turbo_off,secure-09-plaintext-secret,3,2.0
1,smollm2:1.7b,ollama,T2,1-2B,var,base_clock_1700_turbo_off,secure-09-plaintext-secret,4,2.5
1,smollm2:1.7b,ollama,T2,1-2B,var,base_clock_1700_turbo_off,secure-10-ingress-no-auth,0,4.0
1,smollm2:1.7b,ollama,T2,1-2B,var,base_clock_1700_turbo_off,secure-10-ingress-no-auth,1,5.0
1,smollm2:1.7b,ollama,T2,1-2B,var,base_clock_1700_turbo_off,secure-10-ingress-no-auth,2,5.0
1,smollm2:1.7b,ollama,T2,1-2B,var,base_clock_1700_turbo_off,secure-10-ingress-no-auth,3,1.0
1,smollm2:1.7b,ollama,T2,1-2B,var,base_clock_1700_turbo_off,secure-10-ingress-no-auth,4,4.0
1,smollm2:1.7b,ollama,T2,1-2B,var,base_clock_1700_turbo_off,secure-11-privileged-container,0,2.5
1,smollm2:1.7b,ollama,T2,1-2B,var,base_clock_1700_turbo_off,secure-11-privileged-container,1,1.0
1,smollm2:1.7b,ollama,T2,1-2B,var,base_clock_1700_turbo_off,secure-11-privileged-container,2,2.5
1,smollm2:1.7b,ollama,T2,1-2B,var,base_clock_1700_turbo_off,secure-11-privileged-container,3,3.5
1,smollm2:1.7b,ollama,T2,1-2B,var,base_clock_1700_turbo_off,secure-11-privileged-container,4,2.5
1,smollm2:1.7b,ollama,T2,1-2B,var,base_clock_1700_turbo_off,secure-12-broad-rbac,0,1.0
1,smollm2:1.7b,ollama,T2,1-2B,var,base_clock_1700_turbo_off,secure-12-broad-rbac,1,1.5
1,smollm2:1.7b,ollama,T2,1-2B,var,base_clock_1700_turbo_off,secure-12-broad-rbac,2,1.5
1,smollm2:1.7b,ollama,T2,1-2B,var,base_clock_1700_turbo_off,secure-12-broad-rbac,3,1.5
1,smollm2:1.7b,ollama,T2,1-2B,var,base_clock_1700_turbo_off,secure-12-broad-rbac,4,2.0
1,smollm2:1.7b,ollama,T2,1-2B,var,base_clock_1700_turbo_off,secure-13-latest-tag,0,2.0
1,smollm2:1.7b,ollama,T2,1-2B,var,base_clock_1700_turbo_off,secure-13-latest-tag,1,4.0
1,smollm2:1.7b,ollama,T2,1-2B,var,base_clock_1700_turbo_off,secure-13-latest-tag,2,2.0
1,smollm2:1.7b,ollama,T2,1-2B,var,base_clock_1700_turbo_off,secure-13-latest-tag,3,4.0
1,smollm2:1.7b,ollama,T2,1-2B,var,base_clock_1700_turbo_off,secure-13-latest-tag,4,3.0
1,smollm2:1.7b,ollama,T2,1-2B,var,base_clock_1700_turbo_off,test-06-probe-vs-app,0,2.0
1,smollm2:1.7b,ollama,T2,1-2B,var,base_clock_1700_turbo_off,test-06-probe-vs-app,1,3.0
1,smollm2:1.7b,ollama,T2,1-2B,var,base_clock_1700_turbo_off,test-06-probe-vs-app,2,1.5
1,smollm2:1.7b,ollama,T2,1-2B,var,base_clock_1700_turbo_off,test-06-probe-vs-app,3,3.0
1,smollm2:1.7b,ollama,T2,1-2B,var,base_clock_1700_turbo_off,test-06-probe-vs-app,4,2.0
1,smollm2:1.7b,ollama,T2,1-2B,var,base_clock_1700_turbo_off,upgrade-05-helmrelease,0,1.5
1,smollm2:1.7b,ollama,T2,1-2B,var,base_clock_1700_turbo_off,upgrade-05-helmrelease,1,1.0
1,smollm2:1.7b,ollama,T2,1-2B,var,base_clock_1700_turbo_off,upgrade-05-helmrelease,2,2.0
1,smollm2:1.7b,ollama,T2,1-2B,var,base_clock_1700_turbo_off,upgrade-05-helmrelease,3,1.5
1,smollm2:1.7b,ollama,T2,1-2B,var,base_clock_1700_turbo_off,upgrade-05-helmrelease,4,2.0
1,smollm2:1.7b,ollama,T2,1-2B,var,base_clock_1700_turbo_off,upgrade-18-helm-closedbook,0,1.5
1,smollm2:1.7b,ollama,T2,1-2B,var,base_clock_1700_turbo_off,upgrade-18-helm-closedbook,1,2.0
1,smollm2:1.7b,ollama,T2,1-2B,var,base_clock_1700_turbo_off,upgrade-18-helm-closedbook,2,1.0
1,smollm2:1.7b,ollama,T2,1-2B,var,base_clock_1700_turbo_off,upgrade-18-helm-closedbook,3,1.0
1,smollm2:1.7b,ollama,T2,1-2B,var,base_clock_1700_turbo_off,upgrade-18-helm-closedbook,4,1.5
1,smollm2:360m,ollama,T1,0-1B,var,base_clock_1700_turbo_off,augment-07-events-to-json,0,1.0
1,smollm2:360m,ollama,T1,0-1B,var,base_clock_1700_turbo_off,augment-07-events-to-json,1,1.5
1,smollm2:360m,ollama,T1,0-1B,var,base_clock_1700_turbo_off,augment-07-events-to-json,2,1.0
1,smollm2:360m,ollama,T1,0-1B,var,base_clock_1700_turbo_off,augment-07-events-to-json,3,1.0
1,smollm2:360m,ollama,T1,0-1B,var,base_clock_1700_turbo_off,augment-07-events-to-json,4,1.0
1,smollm2:360m,ollama,T1,0-1B,var,base_clock_1700_turbo_off,detect-01-crashloop-triage,0,1.0
1,smollm2:360m,ollama,T1,0-1B,var,base_clock_1700_turbo_off,detect-01-crashloop-triage,1,1.0
1,smollm2:360m,ollama,T1,0-1B,var,base_clock_1700_turbo_off,detect-01-crashloop-triage,2,1.0
1,smollm2:360m,ollama,T1,0-1B,var,base_clock_1700_turbo_off,detect-01-crashloop-triage,3,1.0
1,smollm2:360m,ollama,T1,0-1B,var,base_clock_1700_turbo_off,detect-01-crashloop-triage,4,1.0
1,smollm2:360m,ollama,T1,0-1B,var,base_clock_1700_turbo_off,expand-04-add-app,0,1.0
1,smollm2:360m,ollama,T1,0-1B,var,base_clock_1700_turbo_off,expand-04-add-app,1,2.0
1,smollm2:360m,ollama,T1,0-1B,var,base_clock_1700_turbo_off,expand-04-add-app,2,1.0
1,smollm2:360m,ollama,T1,0-1B,var,base_clock_1700_turbo_off,expand-04-add-app,3,1.0
1,smollm2:360m,ollama,T1,0-1B,var,base_clock_1700_turbo_off,expand-04-add-app,4,1.0
1,smollm2:360m,ollama,T1,0-1B,var,base_clock_1700_turbo_off,expand-19-add-app-closedbook,0,1.0
1,smollm2:360m,ollama,T1,0-1B,var,base_clock_1700_turbo_off,expand-19-add-app-closedbook,1,1.0
1,smollm2:360m,ollama,T1,0-1B,var,base_clock_1700_turbo_off,expand-19-add-app-closedbook,2,1.0
1,smollm2:360m,ollama,T1,0-1B,var,base_clock_1700_turbo_off,expand-19-add-app-closedbook,3,1.0
1,smollm2:360m,ollama,T1,0-1B,var,base_clock_1700_turbo_off,expand-19-add-app-closedbook,4,1.0
1,smollm2:360m,ollama,T1,0-1B,var,base_clock_1700_turbo_off,foresee-14-disk-fill-predict,0,1.0
1,smollm2:360m,ollama,T1,0-1B,var,base_clock_1700_turbo_off,foresee-14-disk-fill-predict,1,2.0
1,smollm2:360m,ollama,T1,0-1B,var,base_clock_1700_turbo_off,foresee-14-disk-fill-predict,2,1.0
1,smollm2:360m,ollama,T1,0-1B,var,base_clock_1700_turbo_off,foresee-14-disk-fill-predict,3,1.5
1,smollm2:360m,ollama,T1,0-1B,var,base_clock_1700_turbo_off,foresee-14-disk-fill-predict,4,1.0
1,smollm2:360m,ollama,T1,0-1B,var,base_clock_1700_turbo_off,foresee-15-pvc-pressure,0,1.0
1,smollm2:360m,ollama,T1,0-1B,var,base_clock_1700_turbo_off,foresee-15-pvc-pressure,1,1.0
1,smollm2:360m,ollama,T1,0-1B,var,base_clock_1700_turbo_off,foresee-15-pvc-pressure,2,1.0
1,smollm2:360m,ollama,T1,0-1B,var,base_clock_1700_turbo_off,foresee-15-pvc-pressure,3,1.0
1,smollm2:360m,ollama,T1,0-1B,var,base_clock_1700_turbo_off,foresee-15-pvc-pressure,4,1.0
1,smollm2:360m,ollama,T1,0-1B,var,base_clock_1700_turbo_off,foresee-16-smart-prefail,0,1.0
1,smollm2:360m,ollama,T1,0-1B,var,base_clock_1700_turbo_off,foresee-16-smart-prefail,1,1.0
1,smollm2:360m,ollama,T1,0-1B,var,base_clock_1700_turbo_off,foresee-16-smart-prefail,2,1.0
1,smollm2:360m,ollama,T1,0-1B,var,base_clock_1700_turbo_off,foresee-16-smart-prefail,3,1.0
1,smollm2:360m,ollama,T1,0-1B,var,base_clock_1700_turbo_off,foresee-16-smart-prefail,4,1.0
1,smollm2:360m,ollama,T1,0-1B,var,base_clock_1700_turbo_off,foresee-17-cert-expiry,0,2.5
1,smollm2:360m,ollama,T1,0-1B,var,base_clock_1700_turbo_off,foresee-17-cert-expiry,1,1.0
1,smollm2:360m,ollama,T1,0-1B,var,base_clock_1700_turbo_off,foresee-17-cert-expiry,2,2.0
1,smollm2:360m,ollama,T1,0-1B,var,base_clock_1700_turbo_off,foresee-17-cert-expiry,3,2.5
1,smollm2:360m,ollama,T1,0-1B,var,base_clock_1700_turbo_off,foresee-17-cert-expiry,4,2.0
1,smollm2:360m,ollama,T1,0-1B,var,base_clock_1700_turbo_off,guard-08-destructive,0,1.0
1,smollm2:360m,ollama,T1,0-1B,var,base_clock_1700_turbo_off,guard-08-destructive,1,2.5
1,smollm2:360m,ollama,T1,0-1B,var,base_clock_1700_turbo_off,guard-08-destructive,2,1.0
1,smollm2:360m,ollama,T1,0-1B,var,base_clock_1700_turbo_off,guard-08-destructive,3,3.0
1,smollm2:360m,ollama,T1,0-1B,var,base_clock_1700_turbo_off,guard-08-destructive,4,1.0
1,smollm2:360m,ollama,T1,0-1B,var,base_clock_1700_turbo_off,localize-02-externalsecret,0,1.0
1,smollm2:360m,ollama,T1,0-1B,var,base_clock_1700_turbo_off,localize-02-externalsecret,1,1.5
1,smollm2:360m,ollama,T1,0-1B,var,base_clock_1700_turbo_off,localize-02-externalsecret,2,2.0
1,smollm2:360m,ollama,T1,0-1B,var,base_clock_1700_turbo_off,localize-02-externalsecret,3,2.0
1,smollm2:360m,ollama,T1,0-1B,var,base_clock_1700_turbo_off,localize-02-externalsecret,4,3.0
1,smollm2:360m,ollama,T1,0-1B,var,base_clock_1700_turbo_off,monitor-03-health-summary,0,1.5
1,smollm2:360m,ollama,T1,0-1B,var,base_clock_1700_turbo_off,monitor-03-health-summary,1,1.0
1,smollm2:360m,ollama,T1,0-1B,var,base_clock_1700_turbo_off,monitor-03-health-summary,2,1.0
1,smollm2:360m,ollama,T1,0-1B,var,base_clock_1700_turbo_off,monitor-03-health-summary,3,1.5
1,smollm2:360m,ollama,T1,0-1B,var,base_clock_1700_turbo_off,monitor-03-health-summary,4,1.0
1,smollm2:360m,ollama,T1,0-1B,var,base_clock_1700_turbo_off,secure-09-plaintext-secret,0,1.5
1,smollm2:360m,ollama,T1,0-1B,var,base_clock_1700_turbo_off,secure-09-plaintext-secret,1,1.0
1,smollm2:360m,ollama,T1,0-1B,var,base_clock_1700_turbo_off,secure-09-plaintext-secret,2,1.0
1,smollm2:360m,ollama,T1,0-1B,var,base_clock_1700_turbo_off,secure-09-plaintext-secret,3,1.5
1,smollm2:360m,ollama,T1,0-1B,var,base_clock_1700_turbo_off,secure-09-plaintext-secret,4,1.0
1,smollm2:360m,ollama,T1,0-1B,var,base_clock_1700_turbo_off,secure-10-ingress-no-auth,0,4.0
1,smollm2:360m,ollama,T1,0-1B,var,base_clock_1700_turbo_off,secure-10-ingress-no-auth,1,3.0
1,smollm2:360m,ollama,T1,0-1B,var,base_clock_1700_turbo_off,secure-10-ingress-no-auth,2,2.0
1,smollm2:360m,ollama,T1,0-1B,var,base_clock_1700_turbo_off,secure-10-ingress-no-auth,3,1.0
1,smollm2:360m,ollama,T1,0-1B,var,base_clock_1700_turbo_off,secure-10-ingress-no-auth,4,2.5
1,smollm2:360m,ollama,T1,0-1B,var,base_clock_1700_turbo_off,secure-11-privileged-container,0,1.0
1,smollm2:360m,ollama,T1,0-1B,var,base_clock_1700_turbo_off,secure-11-privileged-container,1,1.0
1,smollm2:360m,ollama,T1,0-1B,var,base_clock_1700_turbo_off,secure-11-privileged-container,2,1.5
1,smollm2:360m,ollama,T1,0-1B,var,base_clock_1700_turbo_off,secure-11-privileged-container,3,1.5
1,smollm2:360m,ollama,T1,0-1B,var,base_clock_1700_turbo_off,secure-11-privileged-container,4,1.5
1,smollm2:360m,ollama,T1,0-1B,var,base_clock_1700_turbo_off,secure-12-broad-rbac,0,2.0
1,smollm2:360m,ollama,T1,0-1B,var,base_clock_1700_turbo_off,secure-12-broad-rbac,1,2.0
1,smollm2:360m,ollama,T1,0-1B,var,base_clock_1700_turbo_off,secure-12-broad-rbac,2,2.0
1,smollm2:360m,ollama,T1,0-1B,var,base_clock_1700_turbo_off,secure-12-broad-rbac,3,2.0
1,smollm2:360m,ollama,T1,0-1B,var,base_clock_1700_turbo_off,secure-12-broad-rbac,4,1.5
1,smollm2:360m,ollama,T1,0-1B,var,base_clock_1700_turbo_off,secure-13-latest-tag,0,1.0
1,smollm2:360m,ollama,T1,0-1B,var,base_clock_1700_turbo_off,secure-13-latest-tag,1,1.0
1,smollm2:360m,ollama,T1,0-1B,var,base_clock_1700_turbo_off,secure-13-latest-tag,2,1.0
1,smollm2:360m,ollama,T1,0-1B,var,base_clock_1700_turbo_off,secure-13-latest-tag,3,1.0
1,smollm2:360m,ollama,T1,0-1B,var,base_clock_1700_turbo_off,secure-13-latest-tag,4,1.0
1,smollm2:360m,ollama,T1,0-1B,var,base_clock_1700_turbo_off,test-06-probe-vs-app,0,2.0
1,smollm2:360m,ollama,T1,0-1B,var,base_clock_1700_turbo_off,test-06-probe-vs-app,1,3.5
1,smollm2:360m,ollama,T1,0-1B,var,base_clock_1700_turbo_off,test-06-probe-vs-app,2,3.0
1,smollm2:360m,ollama,T1,0-1B,var,base_clock_1700_turbo_off,test-06-probe-vs-app,3,1.0
1,smollm2:360m,ollama,T1,0-1B,var,base_clock_1700_turbo_off,test-06-probe-vs-app,4,1.0
1,smollm2:360m,ollama,T1,0-1B,var,base_clock_1700_turbo_off,upgrade-05-helmrelease,0,1.0
1,smollm2:360m,ollama,T1,0-1B,var,base_clock_1700_turbo_off,upgrade-05-helmrelease,1,1.0
1,smollm2:360m,ollama,T1,0-1B,var,base_clock_1700_turbo_off,upgrade-05-helmrelease,2,1.0
1,smollm2:360m,ollama,T1,0-1B,var,base_clock_1700_turbo_off,upgrade-05-helmrelease,3,1.0
1,smollm2:360m,ollama,T1,0-1B,var,base_clock_1700_turbo_off,upgrade-05-helmrelease,4,1.0
1,smollm2:360m,ollama,T1,0-1B,var,base_clock_1700_turbo_off,upgrade-18-helm-closedbook,0,1.0
1,smollm2:360m,ollama,T1,0-1B,var,base_clock_1700_turbo_off,upgrade-18-helm-closedbook,1,1.0
1,smollm2:360m,ollama,T1,0-1B,var,base_clock_1700_turbo_off,upgrade-18-helm-closedbook,2,1.0
1,smollm2:360m,ollama,T1,0-1B,var,base_clock_1700_turbo_off,upgrade-18-helm-closedbook,3,1.0
1,smollm2:360m,ollama,T1,0-1B,var,base_clock_1700_turbo_off,upgrade-18-helm-closedbook,4,1.0
1,stablelm2:1.6b,ollama,T2,1-2B,var,base_clock_1700_turbo_off,augment-07-events-to-json,0,1.0
1,stablelm2:1.6b,ollama,T2,1-2B,var,base_clock_1700_turbo_off,augment-07-events-to-json,1,1.0
1,stablelm2:1.6b,ollama,T2,1-2B,var,base_clock_1700_turbo_off,augment-07-events-to-json,2,1.0
1,stablelm2:1.6b,ollama,T2,1-2B,var,base_clock_1700_turbo_off,augment-07-events-to-json,3,1.0
1,stablelm2:1.6b,ollama,T2,1-2B,var,base_clock_1700_turbo_off,augment-07-events-to-json,4,1.0
1,stablelm2:1.6b,ollama,T2,1-2B,var,base_clock_1700_turbo_off,detect-01-crashloop-triage,0,1.0
1,stablelm2:1.6b,ollama,T2,1-2B,var,base_clock_1700_turbo_off,detect-01-crashloop-triage,1,1.0
1,stablelm2:1.6b,ollama,T2,1-2B,var,base_clock_1700_turbo_off,detect-01-crashloop-triage,2,1.0
1,stablelm2:1.6b,ollama,T2,1-2B,var,base_clock_1700_turbo_off,detect-01-crashloop-triage,3,1.5
1,stablelm2:1.6b,ollama,T2,1-2B,var,base_clock_1700_turbo_off,detect-01-crashloop-triage,4,1.0
1,stablelm2:1.6b,ollama,T2,1-2B,var,base_clock_1700_turbo_off,expand-04-add-app,0,2.0
1,stablelm2:1.6b,ollama,T2,1-2B,var,base_clock_1700_turbo_off,expand-04-add-app,1,1.0
1,stablelm2:1.6b,ollama,T2,1-2B,var,base_clock_1700_turbo_off,expand-04-add-app,2,1.0
1,stablelm2:1.6b,ollama,T2,1-2B,var,base_clock_1700_turbo_off,expand-04-add-app,3,1.0
1,stablelm2:1.6b,ollama,T2,1-2B,var,base_clock_1700_turbo_off,expand-04-add-app,4,1.0
1,stablelm2:1.6b,ollama,T2,1-2B,var,base_clock_1700_turbo_off,expand-19-add-app-closedbook,0,2.0
1,stablelm2:1.6b,ollama,T2,1-2B,var,base_clock_1700_turbo_off,expand-19-add-app-closedbook,1,1.0
1,stablelm2:1.6b,ollama,T2,1-2B,var,base_clock_1700_turbo_off,expand-19-add-app-closedbook,2,1.0
1,stablelm2:1.6b,ollama,T2,1-2B,var,base_clock_1700_turbo_off,expand-19-add-app-closedbook,3,1.0
1,stablelm2:1.6b,ollama,T2,1-2B,var,base_clock_1700_turbo_off,expand-19-add-app-closedbook,4,1.0
1,stablelm2:1.6b,ollama,T2,1-2B,var,base_clock_1700_turbo_off,foresee-14-disk-fill-predict,0,1.0
1,stablelm2:1.6b,ollama,T2,1-2B,var,base_clock_1700_turbo_off,foresee-14-disk-fill-predict,1,1.0
1,stablelm2:1.6b,ollama,T2,1-2B,var,base_clock_1700_turbo_off,foresee-14-disk-fill-predict,2,1.0
1,stablelm2:1.6b,ollama,T2,1-2B,var,base_clock_1700_turbo_off,foresee-14-disk-fill-predict,3,1.0
1,stablelm2:1.6b,ollama,T2,1-2B,var,base_clock_1700_turbo_off,foresee-14-disk-fill-predict,4,1.0
1,stablelm2:1.6b,ollama,T2,1-2B,var,base_clock_1700_turbo_off,foresee-15-pvc-pressure,0,1.5
1,stablelm2:1.6b,ollama,T2,1-2B,var,base_clock_1700_turbo_off,foresee-15-pvc-pressure,1,1.0
1,stablelm2:1.6b,ollama,T2,1-2B,var,base_clock_1700_turbo_off,foresee-15-pvc-pressure,2,1.0
1,stablelm2:1.6b,ollama,T2,1-2B,var,base_clock_1700_turbo_off,foresee-15-pvc-pressure,3,3.0
1,stablelm2:1.6b,ollama,T2,1-2B,var,base_clock_1700_turbo_off,foresee-15-pvc-pressure,4,1.0
1,stablelm2:1.6b,ollama,T2,1-2B,var,base_clock_1700_turbo_off,foresee-16-smart-prefail,0,1.0
1,stablelm2:1.6b,ollama,T2,1-2B,var,base_clock_1700_turbo_off,foresee-16-smart-prefail,1,2.0
1,stablelm2:1.6b,ollama,T2,1-2B,var,base_clock_1700_turbo_off,foresee-16-smart-prefail,2,1.5
1,stablelm2:1.6b,ollama,T2,1-2B,var,base_clock_1700_turbo_off,foresee-16-smart-prefail,3,2.0
1,stablelm2:1.6b,ollama,T2,1-2B,var,base_clock_1700_turbo_off,foresee-16-smart-prefail,4,2.0
1,stablelm2:1.6b,ollama,T2,1-2B,var,base_clock_1700_turbo_off,foresee-17-cert-expiry,0,2.0
1,stablelm2:1.6b,ollama,T2,1-2B,var,base_clock_1700_turbo_off,foresee-17-cert-expiry,1,1.0
1,stablelm2:1.6b,ollama,T2,1-2B,var,base_clock_1700_turbo_off,foresee-17-cert-expiry,2,2.0
1,stablelm2:1.6b,ollama,T2,1-2B,var,base_clock_1700_turbo_off,foresee-17-cert-expiry,3,1.5
1,stablelm2:1.6b,ollama,T2,1-2B,var,base_clock_1700_turbo_off,foresee-17-cert-expiry,4,2.0
1,stablelm2:1.6b,ollama,T2,1-2B,var,base_clock_1700_turbo_off,guard-08-destructive,0,3.0
1,stablelm2:1.6b,ollama,T2,1-2B,var,base_clock_1700_turbo_off,guard-08-destructive,1,1.0
1,stablelm2:1.6b,ollama,T2,1-2B,var,base_clock_1700_turbo_off,guard-08-destructive,2,1.0
1,stablelm2:1.6b,ollama,T2,1-2B,var,base_clock_1700_turbo_off,guard-08-destructive,3,3.0
1,stablelm2:1.6b,ollama,T2,1-2B,var,base_clock_1700_turbo_off,guard-08-destructive,4,1.0
1,stablelm2:1.6b,ollama,T2,1-2B,var,base_clock_1700_turbo_off,localize-02-externalsecret,0,2.0
1,stablelm2:1.6b,ollama,T2,1-2B,var,base_clock_1700_turbo_off,localize-02-externalsecret,1,2.0
1,stablelm2:1.6b,ollama,T2,1-2B,var,base_clock_1700_turbo_off,localize-02-externalsecret,2,2.0
1,stablelm2:1.6b,ollama,T2,1-2B,var,base_clock_1700_turbo_off,localize-02-externalsecret,3,2.0
1,stablelm2:1.6b,ollama,T2,1-2B,var,base_clock_1700_turbo_off,localize-02-externalsecret,4,2.0
1,stablelm2:1.6b,ollama,T2,1-2B,var,base_clock_1700_turbo_off,monitor-03-health-summary,0,2.0
1,stablelm2:1.6b,ollama,T2,1-2B,var,base_clock_1700_turbo_off,monitor-03-health-summary,1,2.0
1,stablelm2:1.6b,ollama,T2,1-2B,var,base_clock_1700_turbo_off,monitor-03-health-summary,2,2.0
1,stablelm2:1.6b,ollama,T2,1-2B,var,base_clock_1700_turbo_off,monitor-03-health-summary,3,1.5
1,stablelm2:1.6b,ollama,T2,1-2B,var,base_clock_1700_turbo_off,monitor-03-health-summary,4,2.0
1,stablelm2:1.6b,ollama,T2,1-2B,var,base_clock_1700_turbo_off,secure-09-plaintext-secret,0,1.5
1,stablelm2:1.6b,ollama,T2,1-2B,var,base_clock_1700_turbo_off,secure-09-plaintext-secret,1,1.0
1,stablelm2:1.6b,ollama,T2,1-2B,var,base_clock_1700_turbo_off,secure-09-plaintext-secret,2,1.5
1,stablelm2:1.6b,ollama,T2,1-2B,var,base_clock_1700_turbo_off,secure-09-plaintext-secret,3,1.0
1,stablelm2:1.6b,ollama,T2,1-2B,var,base_clock_1700_turbo_off,secure-09-plaintext-secret,4,1.0
1,stablelm2:1.6b,ollama,T2,1-2B,var,base_clock_1700_turbo_off,secure-10-ingress-no-auth,0,2.5
1,stablelm2:1.6b,ollama,T2,1-2B,var,base_clock_1700_turbo_off,secure-10-ingress-no-auth,1,3.0
1,stablelm2:1.6b,ollama,T2,1-2B,var,base_clock_1700_turbo_off,secure-10-ingress-no-auth,2,3.0
1,stablelm2:1.6b,ollama,T2,1-2B,var,base_clock_1700_turbo_off,secure-10-ingress-no-auth,3,1.0
1,stablelm2:1.6b,ollama,T2,1-2B,var,base_clock_1700_turbo_off,secure-10-ingress-no-auth,4,3.0
1,stablelm2:1.6b,ollama,T2,1-2B,var,base_clock_1700_turbo_off,secure-11-privileged-container,0,3.0
1,stablelm2:1.6b,ollama,T2,1-2B,var,base_clock_1700_turbo_off,secure-11-privileged-container,1,2.0
1,stablelm2:1.6b,ollama,T2,1-2B,var,base_clock_1700_turbo_off,secure-11-privileged-container,2,3.0
1,stablelm2:1.6b,ollama,T2,1-2B,var,base_clock_1700_turbo_off,secure-11-privileged-container,3,3.5
1,stablelm2:1.6b,ollama,T2,1-2B,var,base_clock_1700_turbo_off,secure-11-privileged-container,4,2.0
1,stablelm2:1.6b,ollama,T2,1-2B,var,base_clock_1700_turbo_off,secure-12-broad-rbac,0,2.0
1,stablelm2:1.6b,ollama,T2,1-2B,var,base_clock_1700_turbo_off,secure-12-broad-rbac,1,1.5
1,stablelm2:1.6b,ollama,T2,1-2B,var,base_clock_1700_turbo_off,secure-12-broad-rbac,2,1.0
1,stablelm2:1.6b,ollama,T2,1-2B,var,base_clock_1700_turbo_off,secure-12-broad-rbac,3,1.0
1,stablelm2:1.6b,ollama,T2,1-2B,var,base_clock_1700_turbo_off,secure-12-broad-rbac,4,1.0
1,stablelm2:1.6b,ollama,T2,1-2B,var,base_clock_1700_turbo_off,secure-13-latest-tag,0,1.0
1,stablelm2:1.6b,ollama,T2,1-2B,var,base_clock_1700_turbo_off,secure-13-latest-tag,1,1.5
1,stablelm2:1.6b,ollama,T2,1-2B,var,base_clock_1700_turbo_off,secure-13-latest-tag,2,2.5
1,stablelm2:1.6b,ollama,T2,1-2B,var,base_clock_1700_turbo_off,secure-13-latest-tag,3,1.0
1,stablelm2:1.6b,ollama,T2,1-2B,var,base_clock_1700_turbo_off,secure-13-latest-tag,4,1.5
1,stablelm2:1.6b,ollama,T2,1-2B,var,base_clock_1700_turbo_off,test-06-probe-vs-app,0,2.0
1,stablelm2:1.6b,ollama,T2,1-2B,var,base_clock_1700_turbo_off,test-06-probe-vs-app,1,2.0
1,stablelm2:1.6b,ollama,T2,1-2B,var,base_clock_1700_turbo_off,test-06-probe-vs-app,2,1.0
1,stablelm2:1.6b,ollama,T2,1-2B,var,base_clock_1700_turbo_off,test-06-probe-vs-app,3,1.5
1,stablelm2:1.6b,ollama,T2,1-2B,var,base_clock_1700_turbo_off,test-06-probe-vs-app,4,1.5
1,stablelm2:1.6b,ollama,T2,1-2B,var,base_clock_1700_turbo_off,upgrade-05-helmrelease,0,1.0
1,stablelm2:1.6b,ollama,T2,1-2B,var,base_clock_1700_turbo_off,upgrade-05-helmrelease,1,1.0
1,stablelm2:1.6b,ollama,T2,1-2B,var,base_clock_1700_turbo_off,upgrade-05-helmrelease,2,1.5
1,stablelm2:1.6b,ollama,T2,1-2B,var,base_clock_1700_turbo_off,upgrade-05-helmrelease,3,1.5
1,stablelm2:1.6b,ollama,T2,1-2B,var,base_clock_1700_turbo_off,upgrade-05-helmrelease,4,1.5
1,stablelm2:1.6b,ollama,T2,1-2B,var,base_clock_1700_turbo_off,upgrade-18-helm-closedbook,0,1.0
1,stablelm2:1.6b,ollama,T2,1-2B,var,base_clock_1700_turbo_off,upgrade-18-helm-closedbook,1,2.0
1,stablelm2:1.6b,ollama,T2,1-2B,var,base_clock_1700_turbo_off,upgrade-18-helm-closedbook,2,1.5
1,stablelm2:1.6b,ollama,T2,1-2B,var,base_clock_1700_turbo_off,upgrade-18-helm-closedbook,3,2.0
1,stablelm2:1.6b,ollama,T2,1-2B,var,base_clock_1700_turbo_off,upgrade-18-helm-closedbook,4,1.0
1,deepseek-coder:1.3b,ollama,T2,1-2B,wave2,dynamic_above_base_turbo_on,augment-07-events-to-json,0,1.0
1,deepseek-coder:1.3b,ollama,T2,1-2B,wave2,dynamic_above_base_turbo_on,augment-07-events-to-json,1,1.0
1,deepseek-coder:1.3b,ollama,T2,1-2B,wave2,dynamic_above_base_turbo_on,augment-07-events-to-json,2,1.0
1,deepseek-coder:1.3b,ollama,T2,1-2B,wave2,dynamic_above_base_turbo_on,augment-07-events-to-json,3,1.0
1,deepseek-coder:1.3b,ollama,T2,1-2B,wave2,dynamic_above_base_turbo_on,augment-07-events-to-json,4,1.0
1,deepseek-coder:1.3b,ollama,T2,1-2B,wave2,dynamic_above_base_turbo_on,detect-01-crashloop-triage,0,1.0
1,deepseek-coder:1.3b,ollama,T2,1-2B,wave2,dynamic_above_base_turbo_on,detect-01-crashloop-triage,1,1.0
1,deepseek-coder:1.3b,ollama,T2,1-2B,wave2,dynamic_above_base_turbo_on,detect-01-crashloop-triage,2,1.0
1,deepseek-coder:1.3b,ollama,T2,1-2B,wave2,dynamic_above_base_turbo_on,detect-01-crashloop-triage,3,1.0
1,deepseek-coder:1.3b,ollama,T2,1-2B,wave2,dynamic_above_base_turbo_on,detect-01-crashloop-triage,4,1.0
1,deepseek-coder:1.3b,ollama,T2,1-2B,wave2,dynamic_above_base_turbo_on,expand-04-add-app,0,1.0
1,deepseek-coder:1.3b,ollama,T2,1-2B,wave2,dynamic_above_base_turbo_on,expand-04-add-app,1,1.5
1,deepseek-coder:1.3b,ollama,T2,1-2B,wave2,dynamic_above_base_turbo_on,expand-04-add-app,2,1.0
1,deepseek-coder:1.3b,ollama,T2,1-2B,wave2,dynamic_above_base_turbo_on,expand-04-add-app,3,1.0
1,deepseek-coder:1.3b,ollama,T2,1-2B,wave2,dynamic_above_base_turbo_on,expand-04-add-app,4,2.0
1,deepseek-coder:1.3b,ollama,T2,1-2B,wave2,dynamic_above_base_turbo_on,expand-19-add-app-closedbook,0,1.0
1,deepseek-coder:1.3b,ollama,T2,1-2B,wave2,dynamic_above_base_turbo_on,expand-19-add-app-closedbook,1,1.0
1,deepseek-coder:1.3b,ollama,T2,1-2B,wave2,dynamic_above_base_turbo_on,expand-19-add-app-closedbook,2,1.0
1,deepseek-coder:1.3b,ollama,T2,1-2B,wave2,dynamic_above_base_turbo_on,expand-19-add-app-closedbook,3,1.0
1,deepseek-coder:1.3b,ollama,T2,1-2B,wave2,dynamic_above_base_turbo_on,expand-19-add-app-closedbook,4,2.0
1,deepseek-coder:1.3b,ollama,T2,1-2B,wave2,dynamic_above_base_turbo_on,foresee-14-disk-fill-predict,0,1.0
1,deepseek-coder:1.3b,ollama,T2,1-2B,wave2,dynamic_above_base_turbo_on,foresee-14-disk-fill-predict,1,1.0
1,deepseek-coder:1.3b,ollama,T2,1-2B,wave2,dynamic_above_base_turbo_on,foresee-14-disk-fill-predict,2,1.0
1,deepseek-coder:1.3b,ollama,T2,1-2B,wave2,dynamic_above_base_turbo_on,foresee-14-disk-fill-predict,3,1.0
1,deepseek-coder:1.3b,ollama,T2,1-2B,wave2,dynamic_above_base_turbo_on,foresee-14-disk-fill-predict,4,1.0
1,deepseek-coder:1.3b,ollama,T2,1-2B,wave2,dynamic_above_base_turbo_on,foresee-15-pvc-pressure,0,3.0
1,deepseek-coder:1.3b,ollama,T2,1-2B,wave2,dynamic_above_base_turbo_on,foresee-15-pvc-pressure,1,1.0
1,deepseek-coder:1.3b,ollama,T2,1-2B,wave2,dynamic_above_base_turbo_on,foresee-15-pvc-pressure,2,1.5
1,deepseek-coder:1.3b,ollama,T2,1-2B,wave2,dynamic_above_base_turbo_on,foresee-15-pvc-pressure,3,2.0
1,deepseek-coder:1.3b,ollama,T2,1-2B,wave2,dynamic_above_base_turbo_on,foresee-15-pvc-pressure,4,2.0
1,deepseek-coder:1.3b,ollama,T2,1-2B,wave2,dynamic_above_base_turbo_on,foresee-16-smart-prefail,0,1.0
1,deepseek-coder:1.3b,ollama,T2,1-2B,wave2,dynamic_above_base_turbo_on,foresee-16-smart-prefail,1,1.5
1,deepseek-coder:1.3b,ollama,T2,1-2B,wave2,dynamic_above_base_turbo_on,foresee-16-smart-prefail,2,1.0
1,deepseek-coder:1.3b,ollama,T2,1-2B,wave2,dynamic_above_base_turbo_on,foresee-16-smart-prefail,3,1.0
1,deepseek-coder:1.3b,ollama,T2,1-2B,wave2,dynamic_above_base_turbo_on,foresee-16-smart-prefail,4,1.5
1,deepseek-coder:1.3b,ollama,T2,1-2B,wave2,dynamic_above_base_turbo_on,foresee-17-cert-expiry,0,2.0
1,deepseek-coder:1.3b,ollama,T2,1-2B,wave2,dynamic_above_base_turbo_on,foresee-17-cert-expiry,1,2.0
1,deepseek-coder:1.3b,ollama,T2,1-2B,wave2,dynamic_above_base_turbo_on,foresee-17-cert-expiry,2,2.0
1,deepseek-coder:1.3b,ollama,T2,1-2B,wave2,dynamic_above_base_turbo_on,foresee-17-cert-expiry,3,2.0
1,deepseek-coder:1.3b,ollama,T2,1-2B,wave2,dynamic_above_base_turbo_on,foresee-17-cert-expiry,4,1.0
1,deepseek-coder:1.3b,ollama,T2,1-2B,wave2,dynamic_above_base_turbo_on,guard-08-destructive,0,3.0
1,deepseek-coder:1.3b,ollama,T2,1-2B,wave2,dynamic_above_base_turbo_on,guard-08-destructive,1,1.0
1,deepseek-coder:1.3b,ollama,T2,1-2B,wave2,dynamic_above_base_turbo_on,guard-08-destructive,2,1.0
1,deepseek-coder:1.3b,ollama,T2,1-2B,wave2,dynamic_above_base_turbo_on,guard-08-destructive,3,1.0
1,deepseek-coder:1.3b,ollama,T2,1-2B,wave2,dynamic_above_base_turbo_on,guard-08-destructive,4,1.0
1,deepseek-coder:1.3b,ollama,T2,1-2B,wave2,dynamic_above_base_turbo_on,localize-02-externalsecret,0,1.0
1,deepseek-coder:1.3b,ollama,T2,1-2B,wave2,dynamic_above_base_turbo_on,localize-02-externalsecret,1,2.0
1,deepseek-coder:1.3b,ollama,T2,1-2B,wave2,dynamic_above_base_turbo_on,localize-02-externalsecret,2,1.0
1,deepseek-coder:1.3b,ollama,T2,1-2B,wave2,dynamic_above_base_turbo_on,localize-02-externalsecret,3,2.0
1,deepseek-coder:1.3b,ollama,T2,1-2B,wave2,dynamic_above_base_turbo_on,localize-02-externalsecret,4,1.0
1,deepseek-coder:1.3b,ollama,T2,1-2B,wave2,dynamic_above_base_turbo_on,monitor-03-health-summary,0,1.5
1,deepseek-coder:1.3b,ollama,T2,1-2B,wave2,dynamic_above_base_turbo_on,monitor-03-health-summary,1,1.0
1,deepseek-coder:1.3b,ollama,T2,1-2B,wave2,dynamic_above_base_turbo_on,monitor-03-health-summary,2,1.0
1,deepseek-coder:1.3b,ollama,T2,1-2B,wave2,dynamic_above_base_turbo_on,monitor-03-health-summary,3,1.5
1,deepseek-coder:1.3b,ollama,T2,1-2B,wave2,dynamic_above_base_turbo_on,monitor-03-health-summary,4,1.5
1,deepseek-coder:1.3b,ollama,T2,1-2B,wave2,dynamic_above_base_turbo_on,secure-09-plaintext-secret,0,2.0
1,deepseek-coder:1.3b,ollama,T2,1-2B,wave2,dynamic_above_base_turbo_on,secure-09-plaintext-secret,1,1.0
1,deepseek-coder:1.3b,ollama,T2,1-2B,wave2,dynamic_above_base_turbo_on,secure-09-plaintext-secret,2,1.5
1,deepseek-coder:1.3b,ollama,T2,1-2B,wave2,dynamic_above_base_turbo_on,secure-09-plaintext-secret,3,1.0
1,deepseek-coder:1.3b,ollama,T2,1-2B,wave2,dynamic_above_base_turbo_on,secure-09-plaintext-secret,4,1.0
1,deepseek-coder:1.3b,ollama,T2,1-2B,wave2,dynamic_above_base_turbo_on,secure-10-ingress-no-auth,0,3.0
1,deepseek-coder:1.3b,ollama,T2,1-2B,wave2,dynamic_above_base_turbo_on,secure-10-ingress-no-auth,1,2.5
1,deepseek-coder:1.3b,ollama,T2,1-2B,wave2,dynamic_above_base_turbo_on,secure-10-ingress-no-auth,2,3.0
1,deepseek-coder:1.3b,ollama,T2,1-2B,wave2,dynamic_above_base_turbo_on,secure-10-ingress-no-auth,3,2.5
1,deepseek-coder:1.3b,ollama,T2,1-2B,wave2,dynamic_above_base_turbo_on,secure-10-ingress-no-auth,4,3.0
1,deepseek-coder:1.3b,ollama,T2,1-2B,wave2,dynamic_above_base_turbo_on,secure-11-privileged-container,0,2.0
1,deepseek-coder:1.3b,ollama,T2,1-2B,wave2,dynamic_above_base_turbo_on,secure-11-privileged-container,1,1.0
1,deepseek-coder:1.3b,ollama,T2,1-2B,wave2,dynamic_above_base_turbo_on,secure-11-privileged-container,2,2.0
1,deepseek-coder:1.3b,ollama,T2,1-2B,wave2,dynamic_above_base_turbo_on,secure-11-privileged-container,3,2.5
1,deepseek-coder:1.3b,ollama,T2,1-2B,wave2,dynamic_above_base_turbo_on,secure-11-privileged-container,4,2.0
1,deepseek-coder:1.3b,ollama,T2,1-2B,wave2,dynamic_above_base_turbo_on,secure-12-broad-rbac,0,1.5
1,deepseek-coder:1.3b,ollama,T2,1-2B,wave2,dynamic_above_base_turbo_on,secure-12-broad-rbac,1,1.0
1,deepseek-coder:1.3b,ollama,T2,1-2B,wave2,dynamic_above_base_turbo_on,secure-12-broad-rbac,2,1.0
1,deepseek-coder:1.3b,ollama,T2,1-2B,wave2,dynamic_above_base_turbo_on,secure-12-broad-rbac,3,2.0
1,deepseek-coder:1.3b,ollama,T2,1-2B,wave2,dynamic_above_base_turbo_on,secure-12-broad-rbac,4,1.0
1,deepseek-coder:1.3b,ollama,T2,1-2B,wave2,dynamic_above_base_turbo_on,secure-13-latest-tag,0,3.0
1,deepseek-coder:1.3b,ollama,T2,1-2B,wave2,dynamic_above_base_turbo_on,secure-13-latest-tag,1,3.0
1,deepseek-coder:1.3b,ollama,T2,1-2B,wave2,dynamic_above_base_turbo_on,secure-13-latest-tag,2,3.0
1,deepseek-coder:1.3b,ollama,T2,1-2B,wave2,dynamic_above_base_turbo_on,secure-13-latest-tag,3,1.0
1,deepseek-coder:1.3b,ollama,T2,1-2B,wave2,dynamic_above_base_turbo_on,secure-13-latest-tag,4,1.0
1,deepseek-coder:1.3b,ollama,T2,1-2B,wave2,dynamic_above_base_turbo_on,test-06-probe-vs-app,0,2.0
1,deepseek-coder:1.3b,ollama,T2,1-2B,wave2,dynamic_above_base_turbo_on,test-06-probe-vs-app,1,2.0
1,deepseek-coder:1.3b,ollama,T2,1-2B,wave2,dynamic_above_base_turbo_on,test-06-probe-vs-app,2,1.0
1,deepseek-coder:1.3b,ollama,T2,1-2B,wave2,dynamic_above_base_turbo_on,test-06-probe-vs-app,3,1.0
1,deepseek-coder:1.3b,ollama,T2,1-2B,wave2,dynamic_above_base_turbo_on,test-06-probe-vs-app,4,2.0
1,deepseek-coder:1.3b,ollama,T2,1-2B,wave2,dynamic_above_base_turbo_on,upgrade-05-helmrelease,0,1.0
1,deepseek-coder:1.3b,ollama,T2,1-2B,wave2,dynamic_above_base_turbo_on,upgrade-05-helmrelease,1,2.0
1,deepseek-coder:1.3b,ollama,T2,1-2B,wave2,dynamic_above_base_turbo_on,upgrade-05-helmrelease,2,2.0
1,deepseek-coder:1.3b,ollama,T2,1-2B,wave2,dynamic_above_base_turbo_on,upgrade-05-helmrelease,3,1.0
1,deepseek-coder:1.3b,ollama,T2,1-2B,wave2,dynamic_above_base_turbo_on,upgrade-05-helmrelease,4,1.5
1,deepseek-coder:1.3b,ollama,T2,1-2B,wave2,dynamic_above_base_turbo_on,upgrade-18-helm-closedbook,0,1.0
1,deepseek-coder:1.3b,ollama,T2,1-2B,wave2,dynamic_above_base_turbo_on,upgrade-18-helm-closedbook,1,1.0
1,deepseek-coder:1.3b,ollama,T2,1-2B,wave2,dynamic_above_base_turbo_on,upgrade-18-helm-closedbook,2,1.0
1,deepseek-coder:1.3b,ollama,T2,1-2B,wave2,dynamic_above_base_turbo_on,upgrade-18-helm-closedbook,3,1.0
1,deepseek-coder:1.3b,ollama,T2,1-2B,wave2,dynamic_above_base_turbo_on,upgrade-18-helm-closedbook,4,1.0
1,deepseek-coder:1.3b-instruct-q8_0,ollama,T2,1-2B,wave2,dynamic_above_base_turbo_on,augment-07-events-to-json,0,1.0
1,deepseek-coder:1.3b-instruct-q8_0,ollama,T2,1-2B,wave2,dynamic_above_base_turbo_on,augment-07-events-to-json,1,1.0
1,deepseek-coder:1.3b-instruct-q8_0,ollama,T2,1-2B,wave2,dynamic_above_base_turbo_on,augment-07-events-to-json,2,1.0
1,deepseek-coder:1.3b-instruct-q8_0,ollama,T2,1-2B,wave2,dynamic_above_base_turbo_on,augment-07-events-to-json,3,1.0
1,deepseek-coder:1.3b-instruct-q8_0,ollama,T2,1-2B,wave2,dynamic_above_base_turbo_on,augment-07-events-to-json,4,1.0
1,deepseek-coder:1.3b-instruct-q8_0,ollama,T2,1-2B,wave2,dynamic_above_base_turbo_on,detect-01-crashloop-triage,0,1.0
1,deepseek-coder:1.3b-instruct-q8_0,ollama,T2,1-2B,wave2,dynamic_above_base_turbo_on,detect-01-crashloop-triage,1,1.0
1,deepseek-coder:1.3b-instruct-q8_0,ollama,T2,1-2B,wave2,dynamic_above_base_turbo_on,detect-01-crashloop-triage,2,1.5
1,deepseek-coder:1.3b-instruct-q8_0,ollama,T2,1-2B,wave2,dynamic_above_base_turbo_on,detect-01-crashloop-triage,3,1.0
1,deepseek-coder:1.3b-instruct-q8_0,ollama,T2,1-2B,wave2,dynamic_above_base_turbo_on,detect-01-crashloop-triage,4,1.5
1,deepseek-coder:1.3b-instruct-q8_0,ollama,T2,1-2B,wave2,dynamic_above_base_turbo_on,expand-04-add-app,0,1.0
1,deepseek-coder:1.3b-instruct-q8_0,ollama,T2,1-2B,wave2,dynamic_above_base_turbo_on,expand-04-add-app,1,1.0
1,deepseek-coder:1.3b-instruct-q8_0,ollama,T2,1-2B,wave2,dynamic_above_base_turbo_on,expand-04-add-app,2,1.0
1,deepseek-coder:1.3b-instruct-q8_0,ollama,T2,1-2B,wave2,dynamic_above_base_turbo_on,expand-04-add-app,3,1.0
1,deepseek-coder:1.3b-instruct-q8_0,ollama,T2,1-2B,wave2,dynamic_above_base_turbo_on,expand-04-add-app,4,1.0
1,deepseek-coder:1.3b-instruct-q8_0,ollama,T2,1-2B,wave2,dynamic_above_base_turbo_on,expand-19-add-app-closedbook,0,1.0
1,deepseek-coder:1.3b-instruct-q8_0,ollama,T2,1-2B,wave2,dynamic_above_base_turbo_on,expand-19-add-app-closedbook,1,1.0
1,deepseek-coder:1.3b-instruct-q8_0,ollama,T2,1-2B,wave2,dynamic_above_base_turbo_on,expand-19-add-app-closedbook,2,1.0
1,deepseek-coder:1.3b-instruct-q8_0,ollama,T2,1-2B,wave2,dynamic_above_base_turbo_on,expand-19-add-app-closedbook,3,1.0
1,deepseek-coder:1.3b-instruct-q8_0,ollama,T2,1-2B,wave2,dynamic_above_base_turbo_on,expand-19-add-app-closedbook,4,1.0
1,deepseek-coder:1.3b-instruct-q8_0,ollama,T2,1-2B,wave2,dynamic_above_base_turbo_on,foresee-14-disk-fill-predict,0,1.0
1,deepseek-coder:1.3b-instruct-q8_0,ollama,T2,1-2B,wave2,dynamic_above_base_turbo_on,foresee-14-disk-fill-predict,1,1.5
1,deepseek-coder:1.3b-instruct-q8_0,ollama,T2,1-2B,wave2,dynamic_above_base_turbo_on,foresee-14-disk-fill-predict,2,1.0
1,deepseek-coder:1.3b-instruct-q8_0,ollama,T2,1-2B,wave2,dynamic_above_base_turbo_on,foresee-14-disk-fill-predict,3,1.0
1,deepseek-coder:1.3b-instruct-q8_0,ollama,T2,1-2B,wave2,dynamic_above_base_turbo_on,foresee-14-disk-fill-predict,4,2.0
1,deepseek-coder:1.3b-instruct-q8_0,ollama,T2,1-2B,wave2,dynamic_above_base_turbo_on,foresee-15-pvc-pressure,0,1.5
1,deepseek-coder:1.3b-instruct-q8_0,ollama,T2,1-2B,wave2,dynamic_above_base_turbo_on,foresee-15-pvc-pressure,1,2.0
1,deepseek-coder:1.3b-instruct-q8_0,ollama,T2,1-2B,wave2,dynamic_above_base_turbo_on,foresee-15-pvc-pressure,2,4.0
1,deepseek-coder:1.3b-instruct-q8_0,ollama,T2,1-2B,wave2,dynamic_above_base_turbo_on,foresee-15-pvc-pressure,3,1.5
1,deepseek-coder:1.3b-instruct-q8_0,ollama,T2,1-2B,wave2,dynamic_above_base_turbo_on,foresee-15-pvc-pressure,4,2.0
1,deepseek-coder:1.3b-instruct-q8_0,ollama,T2,1-2B,wave2,dynamic_above_base_turbo_on,foresee-16-smart-prefail,0,1.0
1,deepseek-coder:1.3b-instruct-q8_0,ollama,T2,1-2B,wave2,dynamic_above_base_turbo_on,foresee-16-smart-prefail,1,1.0
1,deepseek-coder:1.3b-instruct-q8_0,ollama,T2,1-2B,wave2,dynamic_above_base_turbo_on,foresee-16-smart-prefail,2,2.0
1,deepseek-coder:1.3b-instruct-q8_0,ollama,T2,1-2B,wave2,dynamic_above_base_turbo_on,foresee-16-smart-prefail,3,1.0
1,deepseek-coder:1.3b-instruct-q8_0,ollama,T2,1-2B,wave2,dynamic_above_base_turbo_on,foresee-16-smart-prefail,4,1.0
1,deepseek-coder:1.3b-instruct-q8_0,ollama,T2,1-2B,wave2,dynamic_above_base_turbo_on,foresee-17-cert-expiry,0,3.0
1,deepseek-coder:1.3b-instruct-q8_0,ollama,T2,1-2B,wave2,dynamic_above_base_turbo_on,foresee-17-cert-expiry,1,3.0
1,deepseek-coder:1.3b-instruct-q8_0,ollama,T2,1-2B,wave2,dynamic_above_base_turbo_on,foresee-17-cert-expiry,2,2.0
1,deepseek-coder:1.3b-instruct-q8_0,ollama,T2,1-2B,wave2,dynamic_above_base_turbo_on,foresee-17-cert-expiry,3,2.0
1,deepseek-coder:1.3b-instruct-q8_0,ollama,T2,1-2B,wave2,dynamic_above_base_turbo_on,foresee-17-cert-expiry,4,2.0
1,deepseek-coder:1.3b-instruct-q8_0,ollama,T2,1-2B,wave2,dynamic_above_base_turbo_on,guard-08-destructive,0,1.0
1,deepseek-coder:1.3b-instruct-q8_0,ollama,T2,1-2B,wave2,dynamic_above_base_turbo_on,guard-08-destructive,1,1.0
1,deepseek-coder:1.3b-instruct-q8_0,ollama,T2,1-2B,wave2,dynamic_above_base_turbo_on,guard-08-destructive,2,1.0
1,deepseek-coder:1.3b-instruct-q8_0,ollama,T2,1-2B,wave2,dynamic_above_base_turbo_on,guard-08-destructive,3,1.0
1,deepseek-coder:1.3b-instruct-q8_0,ollama,T2,1-2B,wave2,dynamic_above_base_turbo_on,guard-08-destructive,4,1.0
1,deepseek-coder:1.3b-instruct-q8_0,ollama,T2,1-2B,wave2,dynamic_above_base_turbo_on,localize-02-externalsecret,0,2.0
1,deepseek-coder:1.3b-instruct-q8_0,ollama,T2,1-2B,wave2,dynamic_above_base_turbo_on,localize-02-externalsecret,1,2.0
1,deepseek-coder:1.3b-instruct-q8_0,ollama,T2,1-2B,wave2,dynamic_above_base_turbo_on,localize-02-externalsecret,2,3.0
1,deepseek-coder:1.3b-instruct-q8_0,ollama,T2,1-2B,wave2,dynamic_above_base_turbo_on,localize-02-externalsecret,3,1.5
1,deepseek-coder:1.3b-instruct-q8_0,ollama,T2,1-2B,wave2,dynamic_above_base_turbo_on,localize-02-externalsecret,4,2.0
1,deepseek-coder:1.3b-instruct-q8_0,ollama,T2,1-2B,wave2,dynamic_above_base_turbo_on,monitor-03-health-summary,0,1.0
1,deepseek-coder:1.3b-instruct-q8_0,ollama,T2,1-2B,wave2,dynamic_above_base_turbo_on,monitor-03-health-summary,1,1.5
1,deepseek-coder:1.3b-instruct-q8_0,ollama,T2,1-2B,wave2,dynamic_above_base_turbo_on,monitor-03-health-summary,2,1.5
1,deepseek-coder:1.3b-instruct-q8_0,ollama,T2,1-2B,wave2,dynamic_above_base_turbo_on,monitor-03-health-summary,3,1.0
1,deepseek-coder:1.3b-instruct-q8_0,ollama,T2,1-2B,wave2,dynamic_above_base_turbo_on,monitor-03-health-summary,4,1.0
1,deepseek-coder:1.3b-instruct-q8_0,ollama,T2,1-2B,wave2,dynamic_above_base_turbo_on,secure-09-plaintext-secret,0,2.0
1,deepseek-coder:1.3b-instruct-q8_0,ollama,T2,1-2B,wave2,dynamic_above_base_turbo_on,secure-09-plaintext-secret,1,1.0
1,deepseek-coder:1.3b-instruct-q8_0,ollama,T2,1-2B,wave2,dynamic_above_base_turbo_on,secure-09-plaintext-secret,2,2.0
1,deepseek-coder:1.3b-instruct-q8_0,ollama,T2,1-2B,wave2,dynamic_above_base_turbo_on,secure-09-plaintext-secret,3,2.5
1,deepseek-coder:1.3b-instruct-q8_0,ollama,T2,1-2B,wave2,dynamic_above_base_turbo_on,secure-09-plaintext-secret,4,1.0
1,deepseek-coder:1.3b-instruct-q8_0,ollama,T2,1-2B,wave2,dynamic_above_base_turbo_on,secure-10-ingress-no-auth,0,2.0
1,deepseek-coder:1.3b-instruct-q8_0,ollama,T2,1-2B,wave2,dynamic_above_base_turbo_on,secure-10-ingress-no-auth,1,1.0
1,deepseek-coder:1.3b-instruct-q8_0,ollama,T2,1-2B,wave2,dynamic_above_base_turbo_on,secure-10-ingress-no-auth,2,1.0
1,deepseek-coder:1.3b-instruct-q8_0,ollama,T2,1-2B,wave2,dynamic_above_base_turbo_on,secure-10-ingress-no-auth,3,3.0
1,deepseek-coder:1.3b-instruct-q8_0,ollama,T2,1-2B,wave2,dynamic_above_base_turbo_on,secure-10-ingress-no-auth,4,1.0
1,deepseek-coder:1.3b-instruct-q8_0,ollama,T2,1-2B,wave2,dynamic_above_base_turbo_on,secure-11-privileged-container,0,3.0
1,deepseek-coder:1.3b-instruct-q8_0,ollama,T2,1-2B,wave2,dynamic_above_base_turbo_on,secure-11-privileged-container,1,2.0
1,deepseek-coder:1.3b-instruct-q8_0,ollama,T2,1-2B,wave2,dynamic_above_base_turbo_on,secure-11-privileged-container,2,1.0
1,deepseek-coder:1.3b-instruct-q8_0,ollama,T2,1-2B,wave2,dynamic_above_base_turbo_on,secure-11-privileged-container,3,1.5
1,deepseek-coder:1.3b-instruct-q8_0,ollama,T2,1-2B,wave2,dynamic_above_base_turbo_on,secure-11-privileged-container,4,2.0
1,deepseek-coder:1.3b-instruct-q8_0,ollama,T2,1-2B,wave2,dynamic_above_base_turbo_on,secure-12-broad-rbac,0,1.0
1,deepseek-coder:1.3b-instruct-q8_0,ollama,T2,1-2B,wave2,dynamic_above_base_turbo_on,secure-12-broad-rbac,1,1.0
1,deepseek-coder:1.3b-instruct-q8_0,ollama,T2,1-2B,wave2,dynamic_above_base_turbo_on,secure-12-broad-rbac,2,2.0
1,deepseek-coder:1.3b-instruct-q8_0,ollama,T2,1-2B,wave2,dynamic_above_base_turbo_on,secure-12-broad-rbac,3,2.0
1,deepseek-coder:1.3b-instruct-q8_0,ollama,T2,1-2B,wave2,dynamic_above_base_turbo_on,secure-12-broad-rbac,4,1.0
1,deepseek-coder:1.3b-instruct-q8_0,ollama,T2,1-2B,wave2,dynamic_above_base_turbo_on,secure-13-latest-tag,0,1.0
1,deepseek-coder:1.3b-instruct-q8_0,ollama,T2,1-2B,wave2,dynamic_above_base_turbo_on,secure-13-latest-tag,1,3.0
1,deepseek-coder:1.3b-instruct-q8_0,ollama,T2,1-2B,wave2,dynamic_above_base_turbo_on,secure-13-latest-tag,2,3.0
1,deepseek-coder:1.3b-instruct-q8_0,ollama,T2,1-2B,wave2,dynamic_above_base_turbo_on,secure-13-latest-tag,3,2.5
1,deepseek-coder:1.3b-instruct-q8_0,ollama,T2,1-2B,wave2,dynamic_above_base_turbo_on,secure-13-latest-tag,4,2.0
1,deepseek-coder:1.3b-instruct-q8_0,ollama,T2,1-2B,wave2,dynamic_above_base_turbo_on,test-06-probe-vs-app,0,1.5
1,deepseek-coder:1.3b-instruct-q8_0,ollama,T2,1-2B,wave2,dynamic_above_base_turbo_on,test-06-probe-vs-app,1,1.0
1,deepseek-coder:1.3b-instruct-q8_0,ollama,T2,1-2B,wave2,dynamic_above_base_turbo_on,test-06-probe-vs-app,2,1.0
1,deepseek-coder:1.3b-instruct-q8_0,ollama,T2,1-2B,wave2,dynamic_above_base_turbo_on,test-06-probe-vs-app,3,2.0
1,deepseek-coder:1.3b-instruct-q8_0,ollama,T2,1-2B,wave2,dynamic_above_base_turbo_on,test-06-probe-vs-app,4,1.0
1,deepseek-coder:1.3b-instruct-q8_0,ollama,T2,1-2B,wave2,dynamic_above_base_turbo_on,upgrade-05-helmrelease,0,1.0
1,deepseek-coder:1.3b-instruct-q8_0,ollama,T2,1-2B,wave2,dynamic_above_base_turbo_on,upgrade-05-helmrelease,1,1.5
1,deepseek-coder:1.3b-instruct-q8_0,ollama,T2,1-2B,wave2,dynamic_above_base_turbo_on,upgrade-05-helmrelease,2,1.0
1,deepseek-coder:1.3b-instruct-q8_0,ollama,T2,1-2B,wave2,dynamic_above_base_turbo_on,upgrade-05-helmrelease,3,2.0
1,deepseek-coder:1.3b-instruct-q8_0,ollama,T2,1-2B,wave2,dynamic_above_base_turbo_on,upgrade-05-helmrelease,4,1.0
1,deepseek-coder:1.3b-instruct-q8_0,ollama,T2,1-2B,wave2,dynamic_above_base_turbo_on,upgrade-18-helm-closedbook,0,1.5
1,deepseek-coder:1.3b-instruct-q8_0,ollama,T2,1-2B,wave2,dynamic_above_base_turbo_on,upgrade-18-helm-closedbook,1,2.0
1,deepseek-coder:1.3b-instruct-q8_0,ollama,T2,1-2B,wave2,dynamic_above_base_turbo_on,upgrade-18-helm-closedbook,2,2.0
1,deepseek-coder:1.3b-instruct-q8_0,ollama,T2,1-2B,wave2,dynamic_above_base_turbo_on,upgrade-18-helm-closedbook,3,1.0
1,deepseek-coder:1.3b-instruct-q8_0,ollama,T2,1-2B,wave2,dynamic_above_base_turbo_on,upgrade-18-helm-closedbook,4,1.0
1,deepseek-r1:1.5b-qwen-distill-q8_0,ollama,T2,1-2B,wave2,dynamic_above_base_turbo_on,augment-07-events-to-json,0,1.0
1,deepseek-r1:1.5b-qwen-distill-q8_0,ollama,T2,1-2B,wave2,dynamic_above_base_turbo_on,augment-07-events-to-json,1,1.0
1,deepseek-r1:1.5b-qwen-distill-q8_0,ollama,T2,1-2B,wave2,dynamic_above_base_turbo_on,augment-07-events-to-json,2,1.5
1,deepseek-r1:1.5b-qwen-distill-q8_0,ollama,T2,1-2B,wave2,dynamic_above_base_turbo_on,augment-07-events-to-json,3,1.0
1,deepseek-r1:1.5b-qwen-distill-q8_0,ollama,T2,1-2B,wave2,dynamic_above_base_turbo_on,augment-07-events-to-json,4,1.5
1,deepseek-r1:1.5b-qwen-distill-q8_0,ollama,T2,1-2B,wave2,dynamic_above_base_turbo_on,detect-01-crashloop-triage,0,1.5
1,deepseek-r1:1.5b-qwen-distill-q8_0,ollama,T2,1-2B,wave2,dynamic_above_base_turbo_on,detect-01-crashloop-triage,1,1.0
1,deepseek-r1:1.5b-qwen-distill-q8_0,ollama,T2,1-2B,wave2,dynamic_above_base_turbo_on,detect-01-crashloop-triage,2,1.0
1,deepseek-r1:1.5b-qwen-distill-q8_0,ollama,T2,1-2B,wave2,dynamic_above_base_turbo_on,detect-01-crashloop-triage,3,2.0
1,deepseek-r1:1.5b-qwen-distill-q8_0,ollama,T2,1-2B,wave2,dynamic_above_base_turbo_on,detect-01-crashloop-triage,4,1.0
1,deepseek-r1:1.5b-qwen-distill-q8_0,ollama,T2,1-2B,wave2,dynamic_above_base_turbo_on,expand-04-add-app,0,1.0
1,deepseek-r1:1.5b-qwen-distill-q8_0,ollama,T2,1-2B,wave2,dynamic_above_base_turbo_on,expand-04-add-app,1,1.0
1,deepseek-r1:1.5b-qwen-distill-q8_0,ollama,T2,1-2B,wave2,dynamic_above_base_turbo_on,expand-04-add-app,2,1.0
1,deepseek-r1:1.5b-qwen-distill-q8_0,ollama,T2,1-2B,wave2,dynamic_above_base_turbo_on,expand-04-add-app,3,1.0
1,deepseek-r1:1.5b-qwen-distill-q8_0,ollama,T2,1-2B,wave2,dynamic_above_base_turbo_on,expand-04-add-app,4,1.0
1,deepseek-r1:1.5b-qwen-distill-q8_0,ollama,T2,1-2B,wave2,dynamic_above_base_turbo_on,expand-19-add-app-closedbook,0,1.0
1,deepseek-r1:1.5b-qwen-distill-q8_0,ollama,T2,1-2B,wave2,dynamic_above_base_turbo_on,expand-19-add-app-closedbook,1,1.0
1,deepseek-r1:1.5b-qwen-distill-q8_0,ollama,T2,1-2B,wave2,dynamic_above_base_turbo_on,expand-19-add-app-closedbook,2,1.0
1,deepseek-r1:1.5b-qwen-distill-q8_0,ollama,T2,1-2B,wave2,dynamic_above_base_turbo_on,expand-19-add-app-closedbook,3,1.0
1,deepseek-r1:1.5b-qwen-distill-q8_0,ollama,T2,1-2B,wave2,dynamic_above_base_turbo_on,expand-19-add-app-closedbook,4,1.0
1,deepseek-r1:1.5b-qwen-distill-q8_0,ollama,T2,1-2B,wave2,dynamic_above_base_turbo_on,foresee-14-disk-fill-predict,0,1.0
1,deepseek-r1:1.5b-qwen-distill-q8_0,ollama,T2,1-2B,wave2,dynamic_above_base_turbo_on,foresee-14-disk-fill-predict,1,1.0
1,deepseek-r1:1.5b-qwen-distill-q8_0,ollama,T2,1-2B,wave2,dynamic_above_base_turbo_on,foresee-14-disk-fill-predict,2,1.0
1,deepseek-r1:1.5b-qwen-distill-q8_0,ollama,T2,1-2B,wave2,dynamic_above_base_turbo_on,foresee-14-disk-fill-predict,3,1.0
1,deepseek-r1:1.5b-qwen-distill-q8_0,ollama,T2,1-2B,wave2,dynamic_above_base_turbo_on,foresee-14-disk-fill-predict,4,1.0
1,deepseek-r1:1.5b-qwen-distill-q8_0,ollama,T2,1-2B,wave2,dynamic_above_base_turbo_on,foresee-15-pvc-pressure,0,2.5
1,deepseek-r1:1.5b-qwen-distill-q8_0,ollama,T2,1-2B,wave2,dynamic_above_base_turbo_on,foresee-15-pvc-pressure,1,3.0
1,deepseek-r1:1.5b-qwen-distill-q8_0,ollama,T2,1-2B,wave2,dynamic_above_base_turbo_on,foresee-15-pvc-pressure,2,2.5
1,deepseek-r1:1.5b-qwen-distill-q8_0,ollama,T2,1-2B,wave2,dynamic_above_base_turbo_on,foresee-15-pvc-pressure,3,1.0
1,deepseek-r1:1.5b-qwen-distill-q8_0,ollama,T2,1-2B,wave2,dynamic_above_base_turbo_on,foresee-15-pvc-pressure,4,2.0
1,deepseek-r1:1.5b-qwen-distill-q8_0,ollama,T2,1-2B,wave2,dynamic_above_base_turbo_on,foresee-16-smart-prefail,0,1.0
1,deepseek-r1:1.5b-qwen-distill-q8_0,ollama,T2,1-2B,wave2,dynamic_above_base_turbo_on,foresee-16-smart-prefail,1,1.0
1,deepseek-r1:1.5b-qwen-distill-q8_0,ollama,T2,1-2B,wave2,dynamic_above_base_turbo_on,foresee-16-smart-prefail,2,1.0
1,deepseek-r1:1.5b-qwen-distill-q8_0,ollama,T2,1-2B,wave2,dynamic_above_base_turbo_on,foresee-16-smart-prefail,3,2.5
1,deepseek-r1:1.5b-qwen-distill-q8_0,ollama,T2,1-2B,wave2,dynamic_above_base_turbo_on,foresee-16-smart-prefail,4,1.0
1,deepseek-r1:1.5b-qwen-distill-q8_0,ollama,T2,1-2B,wave2,dynamic_above_base_turbo_on,foresee-17-cert-expiry,0,1.0
1,deepseek-r1:1.5b-qwen-distill-q8_0,ollama,T2,1-2B,wave2,dynamic_above_base_turbo_on,foresee-17-cert-expiry,1,1.5
1,deepseek-r1:1.5b-qwen-distill-q8_0,ollama,T2,1-2B,wave2,dynamic_above_base_turbo_on,foresee-17-cert-expiry,2,1.5
1,deepseek-r1:1.5b-qwen-distill-q8_0,ollama,T2,1-2B,wave2,dynamic_above_base_turbo_on,foresee-17-cert-expiry,3,2.0
1,deepseek-r1:1.5b-qwen-distill-q8_0,ollama,T2,1-2B,wave2,dynamic_above_base_turbo_on,foresee-17-cert-expiry,4,1.5
1,deepseek-r1:1.5b-qwen-distill-q8_0,ollama,T2,1-2B,wave2,dynamic_above_base_turbo_on,guard-08-destructive,0,1.0
1,deepseek-r1:1.5b-qwen-distill-q8_0,ollama,T2,1-2B,wave2,dynamic_above_base_turbo_on,guard-08-destructive,1,1.0
1,deepseek-r1:1.5b-qwen-distill-q8_0,ollama,T2,1-2B,wave2,dynamic_above_base_turbo_on,guard-08-destructive,2,1.0
1,deepseek-r1:1.5b-qwen-distill-q8_0,ollama,T2,1-2B,wave2,dynamic_above_base_turbo_on,guard-08-destructive,3,1.0
1,deepseek-r1:1.5b-qwen-distill-q8_0,ollama,T2,1-2B,wave2,dynamic_above_base_turbo_on,guard-08-destructive,4,1.0
1,deepseek-r1:1.5b-qwen-distill-q8_0,ollama,T2,1-2B,wave2,dynamic_above_base_turbo_on,localize-02-externalsecret,0,2.5
1,deepseek-r1:1.5b-qwen-distill-q8_0,ollama,T2,1-2B,wave2,dynamic_above_base_turbo_on,localize-02-externalsecret,1,1.0
1,deepseek-r1:1.5b-qwen-distill-q8_0,ollama,T2,1-2B,wave2,dynamic_above_base_turbo_on,localize-02-externalsecret,2,1.0
1,deepseek-r1:1.5b-qwen-distill-q8_0,ollama,T2,1-2B,wave2,dynamic_above_base_turbo_on,localize-02-externalsecret,3,1.0
1,deepseek-r1:1.5b-qwen-distill-q8_0,ollama,T2,1-2B,wave2,dynamic_above_base_turbo_on,localize-02-externalsecret,4,1.0
1,deepseek-r1:1.5b-qwen-distill-q8_0,ollama,T2,1-2B,wave2,dynamic_above_base_turbo_on,monitor-03-health-summary,0,1.0
1,deepseek-r1:1.5b-qwen-distill-q8_0,ollama,T2,1-2B,wave2,dynamic_above_base_turbo_on,monitor-03-health-summary,1,1.0
1,deepseek-r1:1.5b-qwen-distill-q8_0,ollama,T2,1-2B,wave2,dynamic_above_base_turbo_on,monitor-03-health-summary,2,1.0
1,deepseek-r1:1.5b-qwen-distill-q8_0,ollama,T2,1-2B,wave2,dynamic_above_base_turbo_on,monitor-03-health-summary,3,2.5
1,deepseek-r1:1.5b-qwen-distill-q8_0,ollama,T2,1-2B,wave2,dynamic_above_base_turbo_on,monitor-03-health-summary,4,1.5
1,deepseek-r1:1.5b-qwen-distill-q8_0,ollama,T2,1-2B,wave2,dynamic_above_base_turbo_on,secure-09-plaintext-secret,0,1.5
1,deepseek-r1:1.5b-qwen-distill-q8_0,ollama,T2,1-2B,wave2,dynamic_above_base_turbo_on,secure-09-plaintext-secret,1,1.0
1,deepseek-r1:1.5b-qwen-distill-q8_0,ollama,T2,1-2B,wave2,dynamic_above_base_turbo_on,secure-09-plaintext-secret,2,1.0
1,deepseek-r1:1.5b-qwen-distill-q8_0,ollama,T2,1-2B,wave2,dynamic_above_base_turbo_on,secure-09-plaintext-secret,3,1.0
1,deepseek-r1:1.5b-qwen-distill-q8_0,ollama,T2,1-2B,wave2,dynamic_above_base_turbo_on,secure-09-plaintext-secret,4,1.0
1,deepseek-r1:1.5b-qwen-distill-q8_0,ollama,T2,1-2B,wave2,dynamic_above_base_turbo_on,secure-10-ingress-no-auth,0,4.0
1,deepseek-r1:1.5b-qwen-distill-q8_0,ollama,T2,1-2B,wave2,dynamic_above_base_turbo_on,secure-10-ingress-no-auth,1,3.0
1,deepseek-r1:1.5b-qwen-distill-q8_0,ollama,T2,1-2B,wave2,dynamic_above_base_turbo_on,secure-10-ingress-no-auth,2,1.0
1,deepseek-r1:1.5b-qwen-distill-q8_0,ollama,T2,1-2B,wave2,dynamic_above_base_turbo_on,secure-10-ingress-no-auth,3,1.0
1,deepseek-r1:1.5b-qwen-distill-q8_0,ollama,T2,1-2B,wave2,dynamic_above_base_turbo_on,secure-10-ingress-no-auth,4,4.0
1,deepseek-r1:1.5b-qwen-distill-q8_0,ollama,T2,1-2B,wave2,dynamic_above_base_turbo_on,secure-11-privileged-container,0,2.5
1,deepseek-r1:1.5b-qwen-distill-q8_0,ollama,T2,1-2B,wave2,dynamic_above_base_turbo_on,secure-11-privileged-container,1,1.0
1,deepseek-r1:1.5b-qwen-distill-q8_0,ollama,T2,1-2B,wave2,dynamic_above_base_turbo_on,secure-11-privileged-container,2,1.0
1,deepseek-r1:1.5b-qwen-distill-q8_0,ollama,T2,1-2B,wave2,dynamic_above_base_turbo_on,secure-11-privileged-container,3,1.0
1,deepseek-r1:1.5b-qwen-distill-q8_0,ollama,T2,1-2B,wave2,dynamic_above_base_turbo_on,secure-11-privileged-container,4,1.5
1,deepseek-r1:1.5b-qwen-distill-q8_0,ollama,T2,1-2B,wave2,dynamic_above_base_turbo_on,secure-12-broad-rbac,0,3.0
1,deepseek-r1:1.5b-qwen-distill-q8_0,ollama,T2,1-2B,wave2,dynamic_above_base_turbo_on,secure-12-broad-rbac,1,1.0
1,deepseek-r1:1.5b-qwen-distill-q8_0,ollama,T2,1-2B,wave2,dynamic_above_base_turbo_on,secure-12-broad-rbac,2,1.0
1,deepseek-r1:1.5b-qwen-distill-q8_0,ollama,T2,1-2B,wave2,dynamic_above_base_turbo_on,secure-12-broad-rbac,3,2.0
1,deepseek-r1:1.5b-qwen-distill-q8_0,ollama,T2,1-2B,wave2,dynamic_above_base_turbo_on,secure-12-broad-rbac,4,1.0
1,deepseek-r1:1.5b-qwen-distill-q8_0,ollama,T2,1-2B,wave2,dynamic_above_base_turbo_on,secure-13-latest-tag,0,1.0
1,deepseek-r1:1.5b-qwen-distill-q8_0,ollama,T2,1-2B,wave2,dynamic_above_base_turbo_on,secure-13-latest-tag,1,1.0
1,deepseek-r1:1.5b-qwen-distill-q8_0,ollama,T2,1-2B,wave2,dynamic_above_base_turbo_on,secure-13-latest-tag,2,1.0
1,deepseek-r1:1.5b-qwen-distill-q8_0,ollama,T2,1-2B,wave2,dynamic_above_base_turbo_on,secure-13-latest-tag,3,1.0
1,deepseek-r1:1.5b-qwen-distill-q8_0,ollama,T2,1-2B,wave2,dynamic_above_base_turbo_on,secure-13-latest-tag,4,1.0
1,deepseek-r1:1.5b-qwen-distill-q8_0,ollama,T2,1-2B,wave2,dynamic_above_base_turbo_on,test-06-probe-vs-app,0,1.5
1,deepseek-r1:1.5b-qwen-distill-q8_0,ollama,T2,1-2B,wave2,dynamic_above_base_turbo_on,test-06-probe-vs-app,1,2.0
1,deepseek-r1:1.5b-qwen-distill-q8_0,ollama,T2,1-2B,wave2,dynamic_above_base_turbo_on,test-06-probe-vs-app,2,3.0
1,deepseek-r1:1.5b-qwen-distill-q8_0,ollama,T2,1-2B,wave2,dynamic_above_base_turbo_on,test-06-probe-vs-app,3,2.0
1,deepseek-r1:1.5b-qwen-distill-q8_0,ollama,T2,1-2B,wave2,dynamic_above_base_turbo_on,test-06-probe-vs-app,4,2.0
1,deepseek-r1:1.5b-qwen-distill-q8_0,ollama,T2,1-2B,wave2,dynamic_above_base_turbo_on,upgrade-05-helmrelease,0,2.0
1,deepseek-r1:1.5b-qwen-distill-q8_0,ollama,T2,1-2B,wave2,dynamic_above_base_turbo_on,upgrade-05-helmrelease,1,1.0
1,deepseek-r1:1.5b-qwen-distill-q8_0,ollama,T2,1-2B,wave2,dynamic_above_base_turbo_on,upgrade-05-helmrelease,2,2.0
1,deepseek-r1:1.5b-qwen-distill-q8_0,ollama,T2,1-2B,wave2,dynamic_above_base_turbo_on,upgrade-05-helmrelease,3,1.0
1,deepseek-r1:1.5b-qwen-distill-q8_0,ollama,T2,1-2B,wave2,dynamic_above_base_turbo_on,upgrade-05-helmrelease,4,2.0
1,deepseek-r1:1.5b-qwen-distill-q8_0,ollama,T2,1-2B,wave2,dynamic_above_base_turbo_on,upgrade-18-helm-closedbook,0,1.5
1,deepseek-r1:1.5b-qwen-distill-q8_0,ollama,T2,1-2B,wave2,dynamic_above_base_turbo_on,upgrade-18-helm-closedbook,1,1.0
1,deepseek-r1:1.5b-qwen-distill-q8_0,ollama,T2,1-2B,wave2,dynamic_above_base_turbo_on,upgrade-18-helm-closedbook,2,1.0
1,deepseek-r1:1.5b-qwen-distill-q8_0,ollama,T2,1-2B,wave2,dynamic_above_base_turbo_on,upgrade-18-helm-closedbook,3,1.0
1,deepseek-r1:1.5b-qwen-distill-q8_0,ollama,T2,1-2B,wave2,dynamic_above_base_turbo_on,upgrade-18-helm-closedbook,4,1.0
1,falcon3:1b,ollama,T2,1-2B,wave2,dynamic_above_base_turbo_on,augment-07-events-to-json,0,1.0
1,falcon3:1b,ollama,T2,1-2B,wave2,dynamic_above_base_turbo_on,augment-07-events-to-json,1,1.0
1,falcon3:1b,ollama,T2,1-2B,wave2,dynamic_above_base_turbo_on,augment-07-events-to-json,2,1.0
1,falcon3:1b,ollama,T2,1-2B,wave2,dynamic_above_base_turbo_on,augment-07-events-to-json,3,1.0
1,falcon3:1b,ollama,T2,1-2B,wave2,dynamic_above_base_turbo_on,augment-07-events-to-json,4,1.0
1,falcon3:1b,ollama,T2,1-2B,wave2,dynamic_above_base_turbo_on,detect-01-crashloop-triage,0,1.0
1,falcon3:1b,ollama,T2,1-2B,wave2,dynamic_above_base_turbo_on,detect-01-crashloop-triage,1,2.5
1,falcon3:1b,ollama,T2,1-2B,wave2,dynamic_above_base_turbo_on,detect-01-crashloop-triage,2,2.0
1,falcon3:1b,ollama,T2,1-2B,wave2,dynamic_above_base_turbo_on,detect-01-crashloop-triage,3,2.0
1,falcon3:1b,ollama,T2,1-2B,wave2,dynamic_above_base_turbo_on,detect-01-crashloop-triage,4,1.0
1,falcon3:1b,ollama,T2,1-2B,wave2,dynamic_above_base_turbo_on,expand-04-add-app,0,1.0
1,falcon3:1b,ollama,T2,1-2B,wave2,dynamic_above_base_turbo_on,expand-04-add-app,1,1.0
1,falcon3:1b,ollama,T2,1-2B,wave2,dynamic_above_base_turbo_on,expand-04-add-app,2,1.0
1,falcon3:1b,ollama,T2,1-2B,wave2,dynamic_above_base_turbo_on,expand-04-add-app,3,1.0
1,falcon3:1b,ollama,T2,1-2B,wave2,dynamic_above_base_turbo_on,expand-04-add-app,4,1.0
1,falcon3:1b,ollama,T2,1-2B,wave2,dynamic_above_base_turbo_on,expand-19-add-app-closedbook,0,1.0
1,falcon3:1b,ollama,T2,1-2B,wave2,dynamic_above_base_turbo_on,expand-19-add-app-closedbook,1,1.0
1,falcon3:1b,ollama,T2,1-2B,wave2,dynamic_above_base_turbo_on,expand-19-add-app-closedbook,2,1.0
1,falcon3:1b,ollama,T2,1-2B,wave2,dynamic_above_base_turbo_on,expand-19-add-app-closedbook,3,1.0
1,falcon3:1b,ollama,T2,1-2B,wave2,dynamic_above_base_turbo_on,expand-19-add-app-closedbook,4,1.0
1,falcon3:1b,ollama,T2,1-2B,wave2,dynamic_above_base_turbo_on,foresee-14-disk-fill-predict,0,1.0
1,falcon3:1b,ollama,T2,1-2B,wave2,dynamic_above_base_turbo_on,foresee-14-disk-fill-predict,1,1.0
1,falcon3:1b,ollama,T2,1-2B,wave2,dynamic_above_base_turbo_on,foresee-14-disk-fill-predict,2,1.0
1,falcon3:1b,ollama,T2,1-2B,wave2,dynamic_above_base_turbo_on,foresee-14-disk-fill-predict,3,1.5
1,falcon3:1b,ollama,T2,1-2B,wave2,dynamic_above_base_turbo_on,foresee-14-disk-fill-predict,4,1.0
1,falcon3:1b,ollama,T2,1-2B,wave2,dynamic_above_base_turbo_on,foresee-15-pvc-pressure,0,1.0
1,falcon3:1b,ollama,T2,1-2B,wave2,dynamic_above_base_turbo_on,foresee-15-pvc-pressure,1,2.5
1,falcon3:1b,ollama,T2,1-2B,wave2,dynamic_above_base_turbo_on,foresee-15-pvc-pressure,2,2.0
1,falcon3:1b,ollama,T2,1-2B,wave2,dynamic_above_base_turbo_on,foresee-15-pvc-pressure,3,2.0
1,falcon3:1b,ollama,T2,1-2B,wave2,dynamic_above_base_turbo_on,foresee-15-pvc-pressure,4,3.0
1,falcon3:1b,ollama,T2,1-2B,wave2,dynamic_above_base_turbo_on,foresee-16-smart-prefail,0,1.0
1,falcon3:1b,ollama,T2,1-2B,wave2,dynamic_above_base_turbo_on,foresee-16-smart-prefail,1,1.0
1,falcon3:1b,ollama,T2,1-2B,wave2,dynamic_above_base_turbo_on,foresee-16-smart-prefail,2,1.0
1,falcon3:1b,ollama,T2,1-2B,wave2,dynamic_above_base_turbo_on,foresee-16-smart-prefail,3,1.0
1,falcon3:1b,ollama,T2,1-2B,wave2,dynamic_above_base_turbo_on,foresee-16-smart-prefail,4,1.0
1,falcon3:1b,ollama,T2,1-2B,wave2,dynamic_above_base_turbo_on,foresee-17-cert-expiry,0,3.0
1,falcon3:1b,ollama,T2,1-2B,wave2,dynamic_above_base_turbo_on,foresee-17-cert-expiry,1,2.5
1,falcon3:1b,ollama,T2,1-2B,wave2,dynamic_above_base_turbo_on,foresee-17-cert-expiry,2,2.0
1,falcon3:1b,ollama,T2,1-2B,wave2,dynamic_above_base_turbo_on,foresee-17-cert-expiry,3,1.0
1,falcon3:1b,ollama,T2,1-2B,wave2,dynamic_above_base_turbo_on,foresee-17-cert-expiry,4,2.0
1,falcon3:1b,ollama,T2,1-2B,wave2,dynamic_above_base_turbo_on,guard-08-destructive,0,3.5
1,falcon3:1b,ollama,T2,1-2B,wave2,dynamic_above_base_turbo_on,guard-08-destructive,1,3.0
1,falcon3:1b,ollama,T2,1-2B,wave2,dynamic_above_base_turbo_on,guard-08-destructive,2,3.0
1,falcon3:1b,ollama,T2,1-2B,wave2,dynamic_above_base_turbo_on,guard-08-destructive,3,3.5
1,falcon3:1b,ollama,T2,1-2B,wave2,dynamic_above_base_turbo_on,guard-08-destructive,4,3.0
1,falcon3:1b,ollama,T2,1-2B,wave2,dynamic_above_base_turbo_on,localize-02-externalsecret,0,2.0
1,falcon3:1b,ollama,T2,1-2B,wave2,dynamic_above_base_turbo_on,localize-02-externalsecret,1,2.0
1,falcon3:1b,ollama,T2,1-2B,wave2,dynamic_above_base_turbo_on,localize-02-externalsecret,2,3.0
1,falcon3:1b,ollama,T2,1-2B,wave2,dynamic_above_base_turbo_on,localize-02-externalsecret,3,3.0
1,falcon3:1b,ollama,T2,1-2B,wave2,dynamic_above_base_turbo_on,localize-02-externalsecret,4,1.5
1,falcon3:1b,ollama,T2,1-2B,wave2,dynamic_above_base_turbo_on,monitor-03-health-summary,0,1.0
1,falcon3:1b,ollama,T2,1-2B,wave2,dynamic_above_base_turbo_on,monitor-03-health-summary,1,1.5
1,falcon3:1b,ollama,T2,1-2B,wave2,dynamic_above_base_turbo_on,monitor-03-health-summary,2,1.0
1,falcon3:1b,ollama,T2,1-2B,wave2,dynamic_above_base_turbo_on,monitor-03-health-summary,3,3.0
1,falcon3:1b,ollama,T2,1-2B,wave2,dynamic_above_base_turbo_on,monitor-03-health-summary,4,3.0
1,falcon3:1b,ollama,T2,1-2B,wave2,dynamic_above_base_turbo_on,secure-09-plaintext-secret,0,1.0
1,falcon3:1b,ollama,T2,1-2B,wave2,dynamic_above_base_turbo_on,secure-09-plaintext-secret,1,1.0
1,falcon3:1b,ollama,T2,1-2B,wave2,dynamic_above_base_turbo_on,secure-09-plaintext-secret,2,1.0
1,falcon3:1b,ollama,T2,1-2B,wave2,dynamic_above_base_turbo_on,secure-09-plaintext-secret,3,1.0
1,falcon3:1b,ollama,T2,1-2B,wave2,dynamic_above_base_turbo_on,secure-09-plaintext-secret,4,2.0
1,falcon3:1b,ollama,T2,1-2B,wave2,dynamic_above_base_turbo_on,secure-10-ingress-no-auth,0,3.0
1,falcon3:1b,ollama,T2,1-2B,wave2,dynamic_above_base_turbo_on,secure-10-ingress-no-auth,1,4.5
1,falcon3:1b,ollama,T2,1-2B,wave2,dynamic_above_base_turbo_on,secure-10-ingress-no-auth,2,3.0
1,falcon3:1b,ollama,T2,1-2B,wave2,dynamic_above_base_turbo_on,secure-10-ingress-no-auth,3,3.0
1,falcon3:1b,ollama,T2,1-2B,wave2,dynamic_above_base_turbo_on,secure-10-ingress-no-auth,4,3.0
1,falcon3:1b,ollama,T2,1-2B,wave2,dynamic_above_base_turbo_on,secure-11-privileged-container,0,1.0
1,falcon3:1b,ollama,T2,1-2B,wave2,dynamic_above_base_turbo_on,secure-11-privileged-container,1,1.0
1,falcon3:1b,ollama,T2,1-2B,wave2,dynamic_above_base_turbo_on,secure-11-privileged-container,2,1.0
1,falcon3:1b,ollama,T2,1-2B,wave2,dynamic_above_base_turbo_on,secure-11-privileged-container,3,1.5
1,falcon3:1b,ollama,T2,1-2B,wave2,dynamic_above_base_turbo_on,secure-11-privileged-container,4,1.0
1,falcon3:1b,ollama,T2,1-2B,wave2,dynamic_above_base_turbo_on,secure-12-broad-rbac,0,1.0
1,falcon3:1b,ollama,T2,1-2B,wave2,dynamic_above_base_turbo_on,secure-12-broad-rbac,1,1.0
1,falcon3:1b,ollama,T2,1-2B,wave2,dynamic_above_base_turbo_on,secure-12-broad-rbac,2,2.0
1,falcon3:1b,ollama,T2,1-2B,wave2,dynamic_above_base_turbo_on,secure-12-broad-rbac,3,2.0
1,falcon3:1b,ollama,T2,1-2B,wave2,dynamic_above_base_turbo_on,secure-12-broad-rbac,4,2.0
1,falcon3:1b,ollama,T2,1-2B,wave2,dynamic_above_base_turbo_on,secure-13-latest-tag,0,1.0
1,falcon3:1b,ollama,T2,1-2B,wave2,dynamic_above_base_turbo_on,secure-13-latest-tag,1,3.0
1,falcon3:1b,ollama,T2,1-2B,wave2,dynamic_above_base_turbo_on,secure-13-latest-tag,2,2.5
1,falcon3:1b,ollama,T2,1-2B,wave2,dynamic_above_base_turbo_on,secure-13-latest-tag,3,2.5
1,falcon3:1b,ollama,T2,1-2B,wave2,dynamic_above_base_turbo_on,secure-13-latest-tag,4,3.0
1,falcon3:1b,ollama,T2,1-2B,wave2,dynamic_above_base_turbo_on,test-06-probe-vs-app,0,2.0
1,falcon3:1b,ollama,T2,1-2B,wave2,dynamic_above_base_turbo_on,test-06-probe-vs-app,1,1.0
1,falcon3:1b,ollama,T2,1-2B,wave2,dynamic_above_base_turbo_on,test-06-probe-vs-app,2,1.0
1,falcon3:1b,ollama,T2,1-2B,wave2,dynamic_above_base_turbo_on,test-06-probe-vs-app,3,2.0
1,falcon3:1b,ollama,T2,1-2B,wave2,dynamic_above_base_turbo_on,test-06-probe-vs-app,4,1.0
1,falcon3:1b,ollama,T2,1-2B,wave2,dynamic_above_base_turbo_on,upgrade-05-helmrelease,0,1.0
1,falcon3:1b,ollama,T2,1-2B,wave2,dynamic_above_base_turbo_on,upgrade-05-helmrelease,1,1.0
1,falcon3:1b,ollama,T2,1-2B,wave2,dynamic_above_base_turbo_on,upgrade-05-helmrelease,2,1.0
1,falcon3:1b,ollama,T2,1-2B,wave2,dynamic_above_base_turbo_on,upgrade-05-helmrelease,3,1.5
1,falcon3:1b,ollama,T2,1-2B,wave2,dynamic_above_base_turbo_on,upgrade-05-helmrelease,4,1.5
1,falcon3:1b,ollama,T2,1-2B,wave2,dynamic_above_base_turbo_on,upgrade-18-helm-closedbook,0,2.0
1,falcon3:1b,ollama,T2,1-2B,wave2,dynamic_above_base_turbo_on,upgrade-18-helm-closedbook,1,1.0
1,falcon3:1b,ollama,T2,1-2B,wave2,dynamic_above_base_turbo_on,upgrade-18-helm-closedbook,2,2.0
1,falcon3:1b,ollama,T2,1-2B,wave2,dynamic_above_base_turbo_on,upgrade-18-helm-closedbook,3,2.0
1,falcon3:1b,ollama,T2,1-2B,wave2,dynamic_above_base_turbo_on,upgrade-18-helm-closedbook,4,2.0
1,falcon3:1b-instruct-q8_0,ollama,T2,1-2B,wave2,dynamic_above_base_turbo_on,augment-07-events-to-json,0,1.0
1,falcon3:1b-instruct-q8_0,ollama,T2,1-2B,wave2,dynamic_above_base_turbo_on,augment-07-events-to-json,1,1.0
1,falcon3:1b-instruct-q8_0,ollama,T2,1-2B,wave2,dynamic_above_base_turbo_on,augment-07-events-to-json,2,1.0
1,falcon3:1b-instruct-q8_0,ollama,T2,1-2B,wave2,dynamic_above_base_turbo_on,augment-07-events-to-json,3,1.0
1,falcon3:1b-instruct-q8_0,ollama,T2,1-2B,wave2,dynamic_above_base_turbo_on,augment-07-events-to-json,4,1.0
1,falcon3:1b-instruct-q8_0,ollama,T2,1-2B,wave2,dynamic_above_base_turbo_on,detect-01-crashloop-triage,0,1.0
1,falcon3:1b-instruct-q8_0,ollama,T2,1-2B,wave2,dynamic_above_base_turbo_on,detect-01-crashloop-triage,1,3.0
1,falcon3:1b-instruct-q8_0,ollama,T2,1-2B,wave2,dynamic_above_base_turbo_on,detect-01-crashloop-triage,2,2.0
1,falcon3:1b-instruct-q8_0,ollama,T2,1-2B,wave2,dynamic_above_base_turbo_on,detect-01-crashloop-triage,3,2.0
1,falcon3:1b-instruct-q8_0,ollama,T2,1-2B,wave2,dynamic_above_base_turbo_on,detect-01-crashloop-triage,4,1.0
1,falcon3:1b-instruct-q8_0,ollama,T2,1-2B,wave2,dynamic_above_base_turbo_on,expand-04-add-app,0,1.0
1,falcon3:1b-instruct-q8_0,ollama,T2,1-2B,wave2,dynamic_above_base_turbo_on,expand-04-add-app,1,1.0
1,falcon3:1b-instruct-q8_0,ollama,T2,1-2B,wave2,dynamic_above_base_turbo_on,expand-04-add-app,2,1.0
1,falcon3:1b-instruct-q8_0,ollama,T2,1-2B,wave2,dynamic_above_base_turbo_on,expand-04-add-app,3,1.0
1,falcon3:1b-instruct-q8_0,ollama,T2,1-2B,wave2,dynamic_above_base_turbo_on,expand-04-add-app,4,1.0
1,falcon3:1b-instruct-q8_0,ollama,T2,1-2B,wave2,dynamic_above_base_turbo_on,expand-19-add-app-closedbook,0,1.0
1,falcon3:1b-instruct-q8_0,ollama,T2,1-2B,wave2,dynamic_above_base_turbo_on,expand-19-add-app-closedbook,1,1.0
1,falcon3:1b-instruct-q8_0,ollama,T2,1-2B,wave2,dynamic_above_base_turbo_on,expand-19-add-app-closedbook,2,1.0
1,falcon3:1b-instruct-q8_0,ollama,T2,1-2B,wave2,dynamic_above_base_turbo_on,expand-19-add-app-closedbook,3,1.0
1,falcon3:1b-instruct-q8_0,ollama,T2,1-2B,wave2,dynamic_above_base_turbo_on,expand-19-add-app-closedbook,4,1.0
1,falcon3:1b-instruct-q8_0,ollama,T2,1-2B,wave2,dynamic_above_base_turbo_on,foresee-14-disk-fill-predict,0,1.0
1,falcon3:1b-instruct-q8_0,ollama,T2,1-2B,wave2,dynamic_above_base_turbo_on,foresee-14-disk-fill-predict,1,1.0
1,falcon3:1b-instruct-q8_0,ollama,T2,1-2B,wave2,dynamic_above_base_turbo_on,foresee-14-disk-fill-predict,2,1.0
1,falcon3:1b-instruct-q8_0,ollama,T2,1-2B,wave2,dynamic_above_base_turbo_on,foresee-14-disk-fill-predict,3,1.0
1,falcon3:1b-instruct-q8_0,ollama,T2,1-2B,wave2,dynamic_above_base_turbo_on,foresee-14-disk-fill-predict,4,1.0
1,falcon3:1b-instruct-q8_0,ollama,T2,1-2B,wave2,dynamic_above_base_turbo_on,foresee-15-pvc-pressure,0,1.0
1,falcon3:1b-instruct-q8_0,ollama,T2,1-2B,wave2,dynamic_above_base_turbo_on,foresee-15-pvc-pressure,1,2.5
1,falcon3:1b-instruct-q8_0,ollama,T2,1-2B,wave2,dynamic_above_base_turbo_on,foresee-15-pvc-pressure,2,2.0
1,falcon3:1b-instruct-q8_0,ollama,T2,1-2B,wave2,dynamic_above_base_turbo_on,foresee-15-pvc-pressure,3,2.5
1,falcon3:1b-instruct-q8_0,ollama,T2,1-2B,wave2,dynamic_above_base_turbo_on,foresee-15-pvc-pressure,4,3.0
1,falcon3:1b-instruct-q8_0,ollama,T2,1-2B,wave2,dynamic_above_base_turbo_on,foresee-16-smart-prefail,0,1.0
1,falcon3:1b-instruct-q8_0,ollama,T2,1-2B,wave2,dynamic_above_base_turbo_on,foresee-16-smart-prefail,1,1.0
1,falcon3:1b-instruct-q8_0,ollama,T2,1-2B,wave2,dynamic_above_base_turbo_on,foresee-16-smart-prefail,2,1.0
1,falcon3:1b-instruct-q8_0,ollama,T2,1-2B,wave2,dynamic_above_base_turbo_on,foresee-16-smart-prefail,3,1.0
1,falcon3:1b-instruct-q8_0,ollama,T2,1-2B,wave2,dynamic_above_base_turbo_on,foresee-16-smart-prefail,4,1.0
1,falcon3:1b-instruct-q8_0,ollama,T2,1-2B,wave2,dynamic_above_base_turbo_on,foresee-17-cert-expiry,0,3.0
1,falcon3:1b-instruct-q8_0,ollama,T2,1-2B,wave2,dynamic_above_base_turbo_on,foresee-17-cert-expiry,1,2.0
1,falcon3:1b-instruct-q8_0,ollama,T2,1-2B,wave2,dynamic_above_base_turbo_on,foresee-17-cert-expiry,2,2.0
1,falcon3:1b-instruct-q8_0,ollama,T2,1-2B,wave2,dynamic_above_base_turbo_on,foresee-17-cert-expiry,3,1.5
1,falcon3:1b-instruct-q8_0,ollama,T2,1-2B,wave2,dynamic_above_base_turbo_on,foresee-17-cert-expiry,4,2.5
1,falcon3:1b-instruct-q8_0,ollama,T2,1-2B,wave2,dynamic_above_base_turbo_on,guard-08-destructive,0,3.5
1,falcon3:1b-instruct-q8_0,ollama,T2,1-2B,wave2,dynamic_above_base_turbo_on,guard-08-destructive,1,3.0
1,falcon3:1b-instruct-q8_0,ollama,T2,1-2B,wave2,dynamic_above_base_turbo_on,guard-08-destructive,2,3.0
1,falcon3:1b-instruct-q8_0,ollama,T2,1-2B,wave2,dynamic_above_base_turbo_on,guard-08-destructive,3,3.5
1,falcon3:1b-instruct-q8_0,ollama,T2,1-2B,wave2,dynamic_above_base_turbo_on,guard-08-destructive,4,3.0
1,falcon3:1b-instruct-q8_0,ollama,T2,1-2B,wave2,dynamic_above_base_turbo_on,localize-02-externalsecret,0,2.0
1,falcon3:1b-instruct-q8_0,ollama,T2,1-2B,wave2,dynamic_above_base_turbo_on,localize-02-externalsecret,1,2.5
1,falcon3:1b-instruct-q8_0,ollama,T2,1-2B,wave2,dynamic_above_base_turbo_on,localize-02-externalsecret,2,3.0
1,falcon3:1b-instruct-q8_0,ollama,T2,1-2B,wave2,dynamic_above_base_turbo_on,localize-02-externalsecret,3,2.5
1,falcon3:1b-instruct-q8_0,ollama,T2,1-2B,wave2,dynamic_above_base_turbo_on,localize-02-externalsecret,4,1.5
1,falcon3:1b-instruct-q8_0,ollama,T2,1-2B,wave2,dynamic_above_base_turbo_on,monitor-03-health-summary,0,1.0
1,falcon3:1b-instruct-q8_0,ollama,T2,1-2B,wave2,dynamic_above_base_turbo_on,monitor-03-health-summary,1,1.5
1,falcon3:1b-instruct-q8_0,ollama,T2,1-2B,wave2,dynamic_above_base_turbo_on,monitor-03-health-summary,2,1.0
1,falcon3:1b-instruct-q8_0,ollama,T2,1-2B,wave2,dynamic_above_base_turbo_on,monitor-03-health-summary,3,3.0
1,falcon3:1b-instruct-q8_0,ollama,T2,1-2B,wave2,dynamic_above_base_turbo_on,monitor-03-health-summary,4,3.0
1,falcon3:1b-instruct-q8_0,ollama,T2,1-2B,wave2,dynamic_above_base_turbo_on,secure-09-plaintext-secret,0,1.0
1,falcon3:1b-instruct-q8_0,ollama,T2,1-2B,wave2,dynamic_above_base_turbo_on,secure-09-plaintext-secret,1,1.0
1,falcon3:1b-instruct-q8_0,ollama,T2,1-2B,wave2,dynamic_above_base_turbo_on,secure-09-plaintext-secret,2,1.0
1,falcon3:1b-instruct-q8_0,ollama,T2,1-2B,wave2,dynamic_above_base_turbo_on,secure-09-plaintext-secret,3,1.0
1,falcon3:1b-instruct-q8_0,ollama,T2,1-2B,wave2,dynamic_above_base_turbo_on,secure-09-plaintext-secret,4,2.0
1,falcon3:1b-instruct-q8_0,ollama,T2,1-2B,wave2,dynamic_above_base_turbo_on,secure-10-ingress-no-auth,0,2.5
1,falcon3:1b-instruct-q8_0,ollama,T2,1-2B,wave2,dynamic_above_base_turbo_on,secure-10-ingress-no-auth,1,4.0
1,falcon3:1b-instruct-q8_0,ollama,T2,1-2B,wave2,dynamic_above_base_turbo_on,secure-10-ingress-no-auth,2,3.0
1,falcon3:1b-instruct-q8_0,ollama,T2,1-2B,wave2,dynamic_above_base_turbo_on,secure-10-ingress-no-auth,3,3.0
1,falcon3:1b-instruct-q8_0,ollama,T2,1-2B,wave2,dynamic_above_base_turbo_on,secure-10-ingress-no-auth,4,3.0
1,falcon3:1b-instruct-q8_0,ollama,T2,1-2B,wave2,dynamic_above_base_turbo_on,secure-11-privileged-container,0,1.0
1,falcon3:1b-instruct-q8_0,ollama,T2,1-2B,wave2,dynamic_above_base_turbo_on,secure-11-privileged-container,1,1.0
1,falcon3:1b-instruct-q8_0,ollama,T2,1-2B,wave2,dynamic_above_base_turbo_on,secure-11-privileged-container,2,1.0
1,falcon3:1b-instruct-q8_0,ollama,T2,1-2B,wave2,dynamic_above_base_turbo_on,secure-11-privileged-container,3,1.5
1,falcon3:1b-instruct-q8_0,ollama,T2,1-2B,wave2,dynamic_above_base_turbo_on,secure-11-privileged-container,4,1.0
1,falcon3:1b-instruct-q8_0,ollama,T2,1-2B,wave2,dynamic_above_base_turbo_on,secure-12-broad-rbac,0,1.0
1,falcon3:1b-instruct-q8_0,ollama,T2,1-2B,wave2,dynamic_above_base_turbo_on,secure-12-broad-rbac,1,1.0
1,falcon3:1b-instruct-q8_0,ollama,T2,1-2B,wave2,dynamic_above_base_turbo_on,secure-12-broad-rbac,2,2.0
1,falcon3:1b-instruct-q8_0,ollama,T2,1-2B,wave2,dynamic_above_base_turbo_on,secure-12-broad-rbac,3,2.0
1,falcon3:1b-instruct-q8_0,ollama,T2,1-2B,wave2,dynamic_above_base_turbo_on,secure-12-broad-rbac,4,2.0
1,falcon3:1b-instruct-q8_0,ollama,T2,1-2B,wave2,dynamic_above_base_turbo_on,secure-13-latest-tag,0,1.0
1,falcon3:1b-instruct-q8_0,ollama,T2,1-2B,wave2,dynamic_above_base_turbo_on,secure-13-latest-tag,1,3.0
1,falcon3:1b-instruct-q8_0,ollama,T2,1-2B,wave2,dynamic_above_base_turbo_on,secure-13-latest-tag,2,2.5
1,falcon3:1b-instruct-q8_0,ollama,T2,1-2B,wave2,dynamic_above_base_turbo_on,secure-13-latest-tag,3,2.5
1,falcon3:1b-instruct-q8_0,ollama,T2,1-2B,wave2,dynamic_above_base_turbo_on,secure-13-latest-tag,4,3.0
1,falcon3:1b-instruct-q8_0,ollama,T2,1-2B,wave2,dynamic_above_base_turbo_on,test-06-probe-vs-app,0,2.0
1,falcon3:1b-instruct-q8_0,ollama,T2,1-2B,wave2,dynamic_above_base_turbo_on,test-06-probe-vs-app,1,1.0
1,falcon3:1b-instruct-q8_0,ollama,T2,1-2B,wave2,dynamic_above_base_turbo_on,test-06-probe-vs-app,2,1.0
1,falcon3:1b-instruct-q8_0,ollama,T2,1-2B,wave2,dynamic_above_base_turbo_on,test-06-probe-vs-app,3,2.0
1,falcon3:1b-instruct-q8_0,ollama,T2,1-2B,wave2,dynamic_above_base_turbo_on,test-06-probe-vs-app,4,1.0
1,falcon3:1b-instruct-q8_0,ollama,T2,1-2B,wave2,dynamic_above_base_turbo_on,upgrade-05-helmrelease,0,1.0
1,falcon3:1b-instruct-q8_0,ollama,T2,1-2B,wave2,dynamic_above_base_turbo_on,upgrade-05-helmrelease,1,1.0
1,falcon3:1b-instruct-q8_0,ollama,T2,1-2B,wave2,dynamic_above_base_turbo_on,upgrade-05-helmrelease,2,1.0
1,falcon3:1b-instruct-q8_0,ollama,T2,1-2B,wave2,dynamic_above_base_turbo_on,upgrade-05-helmrelease,3,1.5
1,falcon3:1b-instruct-q8_0,ollama,T2,1-2B,wave2,dynamic_above_base_turbo_on,upgrade-05-helmrelease,4,1.5
1,falcon3:1b-instruct-q8_0,ollama,T2,1-2B,wave2,dynamic_above_base_turbo_on,upgrade-18-helm-closedbook,0,2.0
1,falcon3:1b-instruct-q8_0,ollama,T2,1-2B,wave2,dynamic_above_base_turbo_on,upgrade-18-helm-closedbook,1,1.0
1,falcon3:1b-instruct-q8_0,ollama,T2,1-2B,wave2,dynamic_above_base_turbo_on,upgrade-18-helm-closedbook,2,2.0
1,falcon3:1b-instruct-q8_0,ollama,T2,1-2B,wave2,dynamic_above_base_turbo_on,upgrade-18-helm-closedbook,3,2.0
1,falcon3:1b-instruct-q8_0,ollama,T2,1-2B,wave2,dynamic_above_base_turbo_on,upgrade-18-helm-closedbook,4,2.0
1,falcon3:3b,ollama,T4,3-4B,wave2,dynamic_above_base_turbo_on,augment-07-events-to-json,0,1.0
1,falcon3:3b,ollama,T4,3-4B,wave2,dynamic_above_base_turbo_on,augment-07-events-to-json,1,1.0
1,falcon3:3b,ollama,T4,3-4B,wave2,dynamic_above_base_turbo_on,augment-07-events-to-json,2,1.0
1,falcon3:3b,ollama,T4,3-4B,wave2,dynamic_above_base_turbo_on,augment-07-events-to-json,3,1.0
1,falcon3:3b,ollama,T4,3-4B,wave2,dynamic_above_base_turbo_on,augment-07-events-to-json,4,1.5
1,falcon3:3b,ollama,T4,3-4B,wave2,dynamic_above_base_turbo_on,detect-01-crashloop-triage,0,2.5
1,falcon3:3b,ollama,T4,3-4B,wave2,dynamic_above_base_turbo_on,detect-01-crashloop-triage,1,3.0
1,falcon3:3b,ollama,T4,3-4B,wave2,dynamic_above_base_turbo_on,detect-01-crashloop-triage,2,1.0
1,falcon3:3b,ollama,T4,3-4B,wave2,dynamic_above_base_turbo_on,detect-01-crashloop-triage,3,1.0
1,falcon3:3b,ollama,T4,3-4B,wave2,dynamic_above_base_turbo_on,detect-01-crashloop-triage,4,2.0
1,falcon3:3b,ollama,T4,3-4B,wave2,dynamic_above_base_turbo_on,expand-04-add-app,0,3.0
1,falcon3:3b,ollama,T4,3-4B,wave2,dynamic_above_base_turbo_on,expand-04-add-app,1,2.0
1,falcon3:3b,ollama,T4,3-4B,wave2,dynamic_above_base_turbo_on,expand-04-add-app,2,2.0
1,falcon3:3b,ollama,T4,3-4B,wave2,dynamic_above_base_turbo_on,expand-04-add-app,3,2.0
1,falcon3:3b,ollama,T4,3-4B,wave2,dynamic_above_base_turbo_on,expand-04-add-app,4,1.0
1,falcon3:3b,ollama,T4,3-4B,wave2,dynamic_above_base_turbo_on,expand-19-add-app-closedbook,0,1.0
1,falcon3:3b,ollama,T4,3-4B,wave2,dynamic_above_base_turbo_on,expand-19-add-app-closedbook,1,1.5
1,falcon3:3b,ollama,T4,3-4B,wave2,dynamic_above_base_turbo_on,expand-19-add-app-closedbook,2,1.0
1,falcon3:3b,ollama,T4,3-4B,wave2,dynamic_above_base_turbo_on,expand-19-add-app-closedbook,3,1.0
1,falcon3:3b,ollama,T4,3-4B,wave2,dynamic_above_base_turbo_on,expand-19-add-app-closedbook,4,1.0
1,falcon3:3b,ollama,T4,3-4B,wave2,dynamic_above_base_turbo_on,foresee-14-disk-fill-predict,0,2.5
1,falcon3:3b,ollama,T4,3-4B,wave2,dynamic_above_base_turbo_on,foresee-14-disk-fill-predict,1,3.0
1,falcon3:3b,ollama,T4,3-4B,wave2,dynamic_above_base_turbo_on,foresee-14-disk-fill-predict,2,3.0
1,falcon3:3b,ollama,T4,3-4B,wave2,dynamic_above_base_turbo_on,foresee-14-disk-fill-predict,3,3.0
1,falcon3:3b,ollama,T4,3-4B,wave2,dynamic_above_base_turbo_on,foresee-14-disk-fill-predict,4,3.0
1,falcon3:3b,ollama,T4,3-4B,wave2,dynamic_above_base_turbo_on,foresee-15-pvc-pressure,0,4.0
1,falcon3:3b,ollama,T4,3-4B,wave2,dynamic_above_base_turbo_on,foresee-15-pvc-pressure,1,1.0
1,falcon3:3b,ollama,T4,3-4B,wave2,dynamic_above_base_turbo_on,foresee-15-pvc-pressure,2,1.0
1,falcon3:3b,ollama,T4,3-4B,wave2,dynamic_above_base_turbo_on,foresee-15-pvc-pressure,3,3.5
1,falcon3:3b,ollama,T4,3-4B,wave2,dynamic_above_base_turbo_on,foresee-15-pvc-pressure,4,1.0
1,falcon3:3b,ollama,T4,3-4B,wave2,dynamic_above_base_turbo_on,foresee-16-smart-prefail,0,1.0
1,falcon3:3b,ollama,T4,3-4B,wave2,dynamic_above_base_turbo_on,foresee-16-smart-prefail,1,2.5
1,falcon3:3b,ollama,T4,3-4B,wave2,dynamic_above_base_turbo_on,foresee-16-smart-prefail,2,1.0
1,falcon3:3b,ollama,T4,3-4B,wave2,dynamic_above_base_turbo_on,foresee-16-smart-prefail,3,1.0
1,falcon3:3b,ollama,T4,3-4B,wave2,dynamic_above_base_turbo_on,foresee-16-smart-prefail,4,1.0
1,falcon3:3b,ollama,T4,3-4B,wave2,dynamic_above_base_turbo_on,foresee-17-cert-expiry,0,1.5
1,falcon3:3b,ollama,T4,3-4B,wave2,dynamic_above_base_turbo_on,foresee-17-cert-expiry,1,4.0
1,falcon3:3b,ollama,T4,3-4B,wave2,dynamic_above_base_turbo_on,foresee-17-cert-expiry,2,3.0
1,falcon3:3b,ollama,T4,3-4B,wave2,dynamic_above_base_turbo_on,foresee-17-cert-expiry,3,4.0
1,falcon3:3b,ollama,T4,3-4B,wave2,dynamic_above_base_turbo_on,foresee-17-cert-expiry,4,3.5
1,falcon3:3b,ollama,T4,3-4B,wave2,dynamic_above_base_turbo_on,guard-08-destructive,0,3.0
1,falcon3:3b,ollama,T4,3-4B,wave2,dynamic_above_base_turbo_on,guard-08-destructive,1,3.0
1,falcon3:3b,ollama,T4,3-4B,wave2,dynamic_above_base_turbo_on,guard-08-destructive,2,3.5
1,falcon3:3b,ollama,T4,3-4B,wave2,dynamic_above_base_turbo_on,guard-08-destructive,3,4.0
1,falcon3:3b,ollama,T4,3-4B,wave2,dynamic_above_base_turbo_on,guard-08-destructive,4,3.0
1,falcon3:3b,ollama,T4,3-4B,wave2,dynamic_above_base_turbo_on,localize-02-externalsecret,0,1.0
1,falcon3:3b,ollama,T4,3-4B,wave2,dynamic_above_base_turbo_on,localize-02-externalsecret,1,1.5
1,falcon3:3b,ollama,T4,3-4B,wave2,dynamic_above_base_turbo_on,localize-02-externalsecret,2,3.0
1,falcon3:3b,ollama,T4,3-4B,wave2,dynamic_above_base_turbo_on,localize-02-externalsecret,3,1.0
1,falcon3:3b,ollama,T4,3-4B,wave2,dynamic_above_base_turbo_on,localize-02-externalsecret,4,3.0
1,falcon3:3b,ollama,T4,3-4B,wave2,dynamic_above_base_turbo_on,monitor-03-health-summary,0,2.5
1,falcon3:3b,ollama,T4,3-4B,wave2,dynamic_above_base_turbo_on,monitor-03-health-summary,1,4.0
1,falcon3:3b,ollama,T4,3-4B,wave2,dynamic_above_base_turbo_on,monitor-03-health-summary,2,1.5
1,falcon3:3b,ollama,T4,3-4B,wave2,dynamic_above_base_turbo_on,monitor-03-health-summary,3,3.0
1,falcon3:3b,ollama,T4,3-4B,wave2,dynamic_above_base_turbo_on,monitor-03-health-summary,4,2.0
1,falcon3:3b,ollama,T4,3-4B,wave2,dynamic_above_base_turbo_on,secure-09-plaintext-secret,0,1.0
1,falcon3:3b,ollama,T4,3-4B,wave2,dynamic_above_base_turbo_on,secure-09-plaintext-secret,1,1.0
1,falcon3:3b,ollama,T4,3-4B,wave2,dynamic_above_base_turbo_on,secure-09-plaintext-secret,2,1.0
1,falcon3:3b,ollama,T4,3-4B,wave2,dynamic_above_base_turbo_on,secure-09-plaintext-secret,3,1.0
1,falcon3:3b,ollama,T4,3-4B,wave2,dynamic_above_base_turbo_on,secure-09-plaintext-secret,4,1.0
1,falcon3:3b,ollama,T4,3-4B,wave2,dynamic_above_base_turbo_on,secure-10-ingress-no-auth,0,1.0
1,falcon3:3b,ollama,T4,3-4B,wave2,dynamic_above_base_turbo_on,secure-10-ingress-no-auth,1,3.0
1,falcon3:3b,ollama,T4,3-4B,wave2,dynamic_above_base_turbo_on,secure-10-ingress-no-auth,2,3.0
1,falcon3:3b,ollama,T4,3-4B,wave2,dynamic_above_base_turbo_on,secure-10-ingress-no-auth,3,3.5
1,falcon3:3b,ollama,T4,3-4B,wave2,dynamic_above_base_turbo_on,secure-10-ingress-no-auth,4,3.5
1,falcon3:3b,ollama,T4,3-4B,wave2,dynamic_above_base_turbo_on,secure-11-privileged-container,0,1.0
1,falcon3:3b,ollama,T4,3-4B,wave2,dynamic_above_base_turbo_on,secure-11-privileged-container,1,1.0
1,falcon3:3b,ollama,T4,3-4B,wave2,dynamic_above_base_turbo_on,secure-11-privileged-container,2,1.0
1,falcon3:3b,ollama,T4,3-4B,wave2,dynamic_above_base_turbo_on,secure-11-privileged-container,3,1.0
1,falcon3:3b,ollama,T4,3-4B,wave2,dynamic_above_base_turbo_on,secure-11-privileged-container,4,1.0
1,falcon3:3b,ollama,T4,3-4B,wave2,dynamic_above_base_turbo_on,secure-12-broad-rbac,0,1.0
1,falcon3:3b,ollama,T4,3-4B,wave2,dynamic_above_base_turbo_on,secure-12-broad-rbac,1,2.5
1,falcon3:3b,ollama,T4,3-4B,wave2,dynamic_above_base_turbo_on,secure-12-broad-rbac,2,2.0
1,falcon3:3b,ollama,T4,3-4B,wave2,dynamic_above_base_turbo_on,secure-12-broad-rbac,3,1.0
1,falcon3:3b,ollama,T4,3-4B,wave2,dynamic_above_base_turbo_on,secure-12-broad-rbac,4,2.5
1,falcon3:3b,ollama,T4,3-4B,wave2,dynamic_above_base_turbo_on,secure-13-latest-tag,0,4.0
1,falcon3:3b,ollama,T4,3-4B,wave2,dynamic_above_base_turbo_on,secure-13-latest-tag,1,4.0
1,falcon3:3b,ollama,T4,3-4B,wave2,dynamic_above_base_turbo_on,secure-13-latest-tag,2,1.0
1,falcon3:3b,ollama,T4,3-4B,wave2,dynamic_above_base_turbo_on,secure-13-latest-tag,3,3.0
1,falcon3:3b,ollama,T4,3-4B,wave2,dynamic_above_base_turbo_on,secure-13-latest-tag,4,3.0
1,falcon3:3b,ollama,T4,3-4B,wave2,dynamic_above_base_turbo_on,test-06-probe-vs-app,0,1.0
1,falcon3:3b,ollama,T4,3-4B,wave2,dynamic_above_base_turbo_on,test-06-probe-vs-app,1,3.0
1,falcon3:3b,ollama,T4,3-4B,wave2,dynamic_above_base_turbo_on,test-06-probe-vs-app,2,2.5
1,falcon3:3b,ollama,T4,3-4B,wave2,dynamic_above_base_turbo_on,test-06-probe-vs-app,3,1.0
1,falcon3:3b,ollama,T4,3-4B,wave2,dynamic_above_base_turbo_on,test-06-probe-vs-app,4,2.5
1,falcon3:3b,ollama,T4,3-4B,wave2,dynamic_above_base_turbo_on,upgrade-05-helmrelease,0,1.0
1,falcon3:3b,ollama,T4,3-4B,wave2,dynamic_above_base_turbo_on,upgrade-05-helmrelease,1,2.5
1,falcon3:3b,ollama,T4,3-4B,wave2,dynamic_above_base_turbo_on,upgrade-05-helmrelease,2,2.5
1,falcon3:3b,ollama,T4,3-4B,wave2,dynamic_above_base_turbo_on,upgrade-05-helmrelease,3,2.0
1,falcon3:3b,ollama,T4,3-4B,wave2,dynamic_above_base_turbo_on,upgrade-05-helmrelease,4,3.5
1,falcon3:3b,ollama,T4,3-4B,wave2,dynamic_above_base_turbo_on,upgrade-18-helm-closedbook,0,1.0
1,falcon3:3b,ollama,T4,3-4B,wave2,dynamic_above_base_turbo_on,upgrade-18-helm-closedbook,1,3.0
1,falcon3:3b,ollama,T4,3-4B,wave2,dynamic_above_base_turbo_on,upgrade-18-helm-closedbook,2,3.0
1,falcon3:3b,ollama,T4,3-4B,wave2,dynamic_above_base_turbo_on,upgrade-18-helm-closedbook,3,2.0
1,falcon3:3b,ollama,T4,3-4B,wave2,dynamic_above_base_turbo_on,upgrade-18-helm-closedbook,4,2.0
1,falcon3:3b-instruct-q4_K_M,ollama,T4,3-4B,wave2,dynamic_above_base_turbo_on,augment-07-events-to-json,0,1.0
1,falcon3:3b-instruct-q4_K_M,ollama,T4,3-4B,wave2,dynamic_above_base_turbo_on,augment-07-events-to-json,1,1.5
1,falcon3:3b-instruct-q4_K_M,ollama,T4,3-4B,wave2,dynamic_above_base_turbo_on,augment-07-events-to-json,2,1.0
1,falcon3:3b-instruct-q4_K_M,ollama,T4,3-4B,wave2,dynamic_above_base_turbo_on,augment-07-events-to-json,3,1.0
1,falcon3:3b-instruct-q4_K_M,ollama,T4,3-4B,wave2,dynamic_above_base_turbo_on,augment-07-events-to-json,4,1.0
1,falcon3:3b-instruct-q4_K_M,ollama,T4,3-4B,wave2,dynamic_above_base_turbo_on,detect-01-crashloop-triage,0,2.0
1,falcon3:3b-instruct-q4_K_M,ollama,T4,3-4B,wave2,dynamic_above_base_turbo_on,detect-01-crashloop-triage,1,3.0
1,falcon3:3b-instruct-q4_K_M,ollama,T4,3-4B,wave2,dynamic_above_base_turbo_on,detect-01-crashloop-triage,2,1.0
1,falcon3:3b-instruct-q4_K_M,ollama,T4,3-4B,wave2,dynamic_above_base_turbo_on,detect-01-crashloop-triage,3,1.0
1,falcon3:3b-instruct-q4_K_M,ollama,T4,3-4B,wave2,dynamic_above_base_turbo_on,detect-01-crashloop-triage,4,2.0
1,falcon3:3b-instruct-q4_K_M,ollama,T4,3-4B,wave2,dynamic_above_base_turbo_on,expand-04-add-app,0,3.0
1,falcon3:3b-instruct-q4_K_M,ollama,T4,3-4B,wave2,dynamic_above_base_turbo_on,expand-04-add-app,1,2.0
1,falcon3:3b-instruct-q4_K_M,ollama,T4,3-4B,wave2,dynamic_above_base_turbo_on,expand-04-add-app,2,2.0
1,falcon3:3b-instruct-q4_K_M,ollama,T4,3-4B,wave2,dynamic_above_base_turbo_on,expand-04-add-app,3,2.0
1,falcon3:3b-instruct-q4_K_M,ollama,T4,3-4B,wave2,dynamic_above_base_turbo_on,expand-04-add-app,4,1.0
1,falcon3:3b-instruct-q4_K_M,ollama,T4,3-4B,wave2,dynamic_above_base_turbo_on,expand-19-add-app-closedbook,0,1.0
1,falcon3:3b-instruct-q4_K_M,ollama,T4,3-4B,wave2,dynamic_above_base_turbo_on,expand-19-add-app-closedbook,1,1.5
1,falcon3:3b-instruct-q4_K_M,ollama,T4,3-4B,wave2,dynamic_above_base_turbo_on,expand-19-add-app-closedbook,2,1.0
1,falcon3:3b-instruct-q4_K_M,ollama,T4,3-4B,wave2,dynamic_above_base_turbo_on,expand-19-add-app-closedbook,3,1.0
1,falcon3:3b-instruct-q4_K_M,ollama,T4,3-4B,wave2,dynamic_above_base_turbo_on,expand-19-add-app-closedbook,4,1.0
1,falcon3:3b-instruct-q4_K_M,ollama,T4,3-4B,wave2,dynamic_above_base_turbo_on,foresee-14-disk-fill-predict,0,2.5
1,falcon3:3b-instruct-q4_K_M,ollama,T4,3-4B,wave2,dynamic_above_base_turbo_on,foresee-14-disk-fill-predict,1,3.0
1,falcon3:3b-instruct-q4_K_M,ollama,T4,3-4B,wave2,dynamic_above_base_turbo_on,foresee-14-disk-fill-predict,2,2.5
1,falcon3:3b-instruct-q4_K_M,ollama,T4,3-4B,wave2,dynamic_above_base_turbo_on,foresee-14-disk-fill-predict,3,2.5
1,falcon3:3b-instruct-q4_K_M,ollama,T4,3-4B,wave2,dynamic_above_base_turbo_on,foresee-14-disk-fill-predict,4,3.0
1,falcon3:3b-instruct-q4_K_M,ollama,T4,3-4B,wave2,dynamic_above_base_turbo_on,foresee-15-pvc-pressure,0,4.0
1,falcon3:3b-instruct-q4_K_M,ollama,T4,3-4B,wave2,dynamic_above_base_turbo_on,foresee-15-pvc-pressure,1,1.0
1,falcon3:3b-instruct-q4_K_M,ollama,T4,3-4B,wave2,dynamic_above_base_turbo_on,foresee-15-pvc-pressure,2,1.0
1,falcon3:3b-instruct-q4_K_M,ollama,T4,3-4B,wave2,dynamic_above_base_turbo_on,foresee-15-pvc-pressure,3,3.5
1,falcon3:3b-instruct-q4_K_M,ollama,T4,3-4B,wave2,dynamic_above_base_turbo_on,foresee-15-pvc-pressure,4,1.0
1,falcon3:3b-instruct-q4_K_M,ollama,T4,3-4B,wave2,dynamic_above_base_turbo_on,foresee-16-smart-prefail,0,1.0
1,falcon3:3b-instruct-q4_K_M,ollama,T4,3-4B,wave2,dynamic_above_base_turbo_on,foresee-16-smart-prefail,1,2.5
1,falcon3:3b-instruct-q4_K_M,ollama,T4,3-4B,wave2,dynamic_above_base_turbo_on,foresee-16-smart-prefail,2,1.5
1,falcon3:3b-instruct-q4_K_M,ollama,T4,3-4B,wave2,dynamic_above_base_turbo_on,foresee-16-smart-prefail,3,1.5
1,falcon3:3b-instruct-q4_K_M,ollama,T4,3-4B,wave2,dynamic_above_base_turbo_on,foresee-16-smart-prefail,4,1.0
1,falcon3:3b-instruct-q4_K_M,ollama,T4,3-4B,wave2,dynamic_above_base_turbo_on,foresee-17-cert-expiry,0,1.5
1,falcon3:3b-instruct-q4_K_M,ollama,T4,3-4B,wave2,dynamic_above_base_turbo_on,foresee-17-cert-expiry,1,3.5
1,falcon3:3b-instruct-q4_K_M,ollama,T4,3-4B,wave2,dynamic_above_base_turbo_on,foresee-17-cert-expiry,2,3.0
1,falcon3:3b-instruct-q4_K_M,ollama,T4,3-4B,wave2,dynamic_above_base_turbo_on,foresee-17-cert-expiry,3,4.0
1,falcon3:3b-instruct-q4_K_M,ollama,T4,3-4B,wave2,dynamic_above_base_turbo_on,foresee-17-cert-expiry,4,3.0
1,falcon3:3b-instruct-q4_K_M,ollama,T4,3-4B,wave2,dynamic_above_base_turbo_on,guard-08-destructive,0,3.0
1,falcon3:3b-instruct-q4_K_M,ollama,T4,3-4B,wave2,dynamic_above_base_turbo_on,guard-08-destructive,1,3.0
1,falcon3:3b-instruct-q4_K_M,ollama,T4,3-4B,wave2,dynamic_above_base_turbo_on,guard-08-destructive,2,3.0
1,falcon3:3b-instruct-q4_K_M,ollama,T4,3-4B,wave2,dynamic_above_base_turbo_on,guard-08-destructive,3,4.0
1,falcon3:3b-instruct-q4_K_M,ollama,T4,3-4B,wave2,dynamic_above_base_turbo_on,guard-08-destructive,4,3.0
1,falcon3:3b-instruct-q4_K_M,ollama,T4,3-4B,wave2,dynamic_above_base_turbo_on,localize-02-externalsecret,0,1.0
1,falcon3:3b-instruct-q4_K_M,ollama,T4,3-4B,wave2,dynamic_above_base_turbo_on,localize-02-externalsecret,1,1.5
1,falcon3:3b-instruct-q4_K_M,ollama,T4,3-4B,wave2,dynamic_above_base_turbo_on,localize-02-externalsecret,2,3.0
1,falcon3:3b-instruct-q4_K_M,ollama,T4,3-4B,wave2,dynamic_above_base_turbo_on,localize-02-externalsecret,3,1.0
1,falcon3:3b-instruct-q4_K_M,ollama,T4,3-4B,wave2,dynamic_above_base_turbo_on,localize-02-externalsecret,4,3.0
1,falcon3:3b-instruct-q4_K_M,ollama,T4,3-4B,wave2,dynamic_above_base_turbo_on,monitor-03-health-summary,0,2.5
1,falcon3:3b-instruct-q4_K_M,ollama,T4,3-4B,wave2,dynamic_above_base_turbo_on,monitor-03-health-summary,1,4.0
1,falcon3:3b-instruct-q4_K_M,ollama,T4,3-4B,wave2,dynamic_above_base_turbo_on,monitor-03-health-summary,2,1.5
1,falcon3:3b-instruct-q4_K_M,ollama,T4,3-4B,wave2,dynamic_above_base_turbo_on,monitor-03-health-summary,3,2.5
1,falcon3:3b-instruct-q4_K_M,ollama,T4,3-4B,wave2,dynamic_above_base_turbo_on,monitor-03-health-summary,4,3.0
1,falcon3:3b-instruct-q4_K_M,ollama,T4,3-4B,wave2,dynamic_above_base_turbo_on,secure-09-plaintext-secret,0,1.0
1,falcon3:3b-instruct-q4_K_M,ollama,T4,3-4B,wave2,dynamic_above_base_turbo_on,secure-09-plaintext-secret,1,1.0
1,falcon3:3b-instruct-q4_K_M,ollama,T4,3-4B,wave2,dynamic_above_base_turbo_on,secure-09-plaintext-secret,2,1.0
1,falcon3:3b-instruct-q4_K_M,ollama,T4,3-4B,wave2,dynamic_above_base_turbo_on,secure-09-plaintext-secret,3,1.0
1,falcon3:3b-instruct-q4_K_M,ollama,T4,3-4B,wave2,dynamic_above_base_turbo_on,secure-09-plaintext-secret,4,1.0
1,falcon3:3b-instruct-q4_K_M,ollama,T4,3-4B,wave2,dynamic_above_base_turbo_on,secure-10-ingress-no-auth,0,1.0
1,falcon3:3b-instruct-q4_K_M,ollama,T4,3-4B,wave2,dynamic_above_base_turbo_on,secure-10-ingress-no-auth,1,3.0
1,falcon3:3b-instruct-q4_K_M,ollama,T4,3-4B,wave2,dynamic_above_base_turbo_on,secure-10-ingress-no-auth,2,3.0
1,falcon3:3b-instruct-q4_K_M,ollama,T4,3-4B,wave2,dynamic_above_base_turbo_on,secure-10-ingress-no-auth,3,4.0
1,falcon3:3b-instruct-q4_K_M,ollama,T4,3-4B,wave2,dynamic_above_base_turbo_on,secure-10-ingress-no-auth,4,3.5
1,falcon3:3b-instruct-q4_K_M,ollama,T4,3-4B,wave2,dynamic_above_base_turbo_on,secure-11-privileged-container,0,1.0
1,falcon3:3b-instruct-q4_K_M,ollama,T4,3-4B,wave2,dynamic_above_base_turbo_on,secure-11-privileged-container,1,1.0
1,falcon3:3b-instruct-q4_K_M,ollama,T4,3-4B,wave2,dynamic_above_base_turbo_on,secure-11-privileged-container,2,1.0
1,falcon3:3b-instruct-q4_K_M,ollama,T4,3-4B,wave2,dynamic_above_base_turbo_on,secure-11-privileged-container,3,1.0
1,falcon3:3b-instruct-q4_K_M,ollama,T4,3-4B,wave2,dynamic_above_base_turbo_on,secure-11-privileged-container,4,1.0
1,falcon3:3b-instruct-q4_K_M,ollama,T4,3-4B,wave2,dynamic_above_base_turbo_on,secure-12-broad-rbac,0,1.0
1,falcon3:3b-instruct-q4_K_M,ollama,T4,3-4B,wave2,dynamic_above_base_turbo_on,secure-12-broad-rbac,1,2.0
1,falcon3:3b-instruct-q4_K_M,ollama,T4,3-4B,wave2,dynamic_above_base_turbo_on,secure-12-broad-rbac,2,2.0
1,falcon3:3b-instruct-q4_K_M,ollama,T4,3-4B,wave2,dynamic_above_base_turbo_on,secure-12-broad-rbac,3,1.0
1,falcon3:3b-instruct-q4_K_M,ollama,T4,3-4B,wave2,dynamic_above_base_turbo_on,secure-12-broad-rbac,4,2.0
1,falcon3:3b-instruct-q4_K_M,ollama,T4,3-4B,wave2,dynamic_above_base_turbo_on,secure-13-latest-tag,0,4.0
1,falcon3:3b-instruct-q4_K_M,ollama,T4,3-4B,wave2,dynamic_above_base_turbo_on,secure-13-latest-tag,1,4.0
1,falcon3:3b-instruct-q4_K_M,ollama,T4,3-4B,wave2,dynamic_above_base_turbo_on,secure-13-latest-tag,2,1.0
1,falcon3:3b-instruct-q4_K_M,ollama,T4,3-4B,wave2,dynamic_above_base_turbo_on,secure-13-latest-tag,3,3.0
1,falcon3:3b-instruct-q4_K_M,ollama,T4,3-4B,wave2,dynamic_above_base_turbo_on,secure-13-latest-tag,4,3.0
1,falcon3:3b-instruct-q4_K_M,ollama,T4,3-4B,wave2,dynamic_above_base_turbo_on,test-06-probe-vs-app,0,1.0
1,falcon3:3b-instruct-q4_K_M,ollama,T4,3-4B,wave2,dynamic_above_base_turbo_on,test-06-probe-vs-app,1,3.0
1,falcon3:3b-instruct-q4_K_M,ollama,T4,3-4B,wave2,dynamic_above_base_turbo_on,test-06-probe-vs-app,2,2.0
1,falcon3:3b-instruct-q4_K_M,ollama,T4,3-4B,wave2,dynamic_above_base_turbo_on,test-06-probe-vs-app,3,1.0
1,falcon3:3b-instruct-q4_K_M,ollama,T4,3-4B,wave2,dynamic_above_base_turbo_on,test-06-probe-vs-app,4,2.5
1,falcon3:3b-instruct-q4_K_M,ollama,T4,3-4B,wave2,dynamic_above_base_turbo_on,upgrade-05-helmrelease,0,1.0
1,falcon3:3b-instruct-q4_K_M,ollama,T4,3-4B,wave2,dynamic_above_base_turbo_on,upgrade-05-helmrelease,1,3.0
1,falcon3:3b-instruct-q4_K_M,ollama,T4,3-4B,wave2,dynamic_above_base_turbo_on,upgrade-05-helmrelease,2,2.0
1,falcon3:3b-instruct-q4_K_M,ollama,T4,3-4B,wave2,dynamic_above_base_turbo_on,upgrade-05-helmrelease,3,2.0
1,falcon3:3b-instruct-q4_K_M,ollama,T4,3-4B,wave2,dynamic_above_base_turbo_on,upgrade-05-helmrelease,4,3.0
1,falcon3:3b-instruct-q4_K_M,ollama,T4,3-4B,wave2,dynamic_above_base_turbo_on,upgrade-18-helm-closedbook,0,1.0
1,falcon3:3b-instruct-q4_K_M,ollama,T4,3-4B,wave2,dynamic_above_base_turbo_on,upgrade-18-helm-closedbook,1,3.0
1,falcon3:3b-instruct-q4_K_M,ollama,T4,3-4B,wave2,dynamic_above_base_turbo_on,upgrade-18-helm-closedbook,2,3.0
1,falcon3:3b-instruct-q4_K_M,ollama,T4,3-4B,wave2,dynamic_above_base_turbo_on,upgrade-18-helm-closedbook,3,2.0
1,falcon3:3b-instruct-q4_K_M,ollama,T4,3-4B,wave2,dynamic_above_base_turbo_on,upgrade-18-helm-closedbook,4,2.0
1,falcon3:3b-instruct-q8_0,ollama,T4,3-4B,wave2,dynamic_above_base_turbo_on,augment-07-events-to-json,0,1.0
1,falcon3:3b-instruct-q8_0,ollama,T4,3-4B,wave2,dynamic_above_base_turbo_on,augment-07-events-to-json,1,1.5
1,falcon3:3b-instruct-q8_0,ollama,T4,3-4B,wave2,dynamic_above_base_turbo_on,augment-07-events-to-json,2,1.0
1,falcon3:3b-instruct-q8_0,ollama,T4,3-4B,wave2,dynamic_above_base_turbo_on,augment-07-events-to-json,3,1.0
1,falcon3:3b-instruct-q8_0,ollama,T4,3-4B,wave2,dynamic_above_base_turbo_on,augment-07-events-to-json,4,2.0
1,falcon3:3b-instruct-q8_0,ollama,T4,3-4B,wave2,dynamic_above_base_turbo_on,detect-01-crashloop-triage,0,1.0
1,falcon3:3b-instruct-q8_0,ollama,T4,3-4B,wave2,dynamic_above_base_turbo_on,detect-01-crashloop-triage,1,3.0
1,falcon3:3b-instruct-q8_0,ollama,T4,3-4B,wave2,dynamic_above_base_turbo_on,detect-01-crashloop-triage,2,1.5
1,falcon3:3b-instruct-q8_0,ollama,T4,3-4B,wave2,dynamic_above_base_turbo_on,detect-01-crashloop-triage,3,1.0
1,falcon3:3b-instruct-q8_0,ollama,T4,3-4B,wave2,dynamic_above_base_turbo_on,detect-01-crashloop-triage,4,3.0
1,falcon3:3b-instruct-q8_0,ollama,T4,3-4B,wave2,dynamic_above_base_turbo_on,expand-04-add-app,0,2.0
1,falcon3:3b-instruct-q8_0,ollama,T4,3-4B,wave2,dynamic_above_base_turbo_on,expand-04-add-app,1,3.0
1,falcon3:3b-instruct-q8_0,ollama,T4,3-4B,wave2,dynamic_above_base_turbo_on,expand-04-add-app,2,3.0
1,falcon3:3b-instruct-q8_0,ollama,T4,3-4B,wave2,dynamic_above_base_turbo_on,expand-04-add-app,3,3.0
1,falcon3:3b-instruct-q8_0,ollama,T4,3-4B,wave2,dynamic_above_base_turbo_on,expand-04-add-app,4,2.0
1,falcon3:3b-instruct-q8_0,ollama,T4,3-4B,wave2,dynamic_above_base_turbo_on,expand-19-add-app-closedbook,0,1.5
1,falcon3:3b-instruct-q8_0,ollama,T4,3-4B,wave2,dynamic_above_base_turbo_on,expand-19-add-app-closedbook,1,1.0
1,falcon3:3b-instruct-q8_0,ollama,T4,3-4B,wave2,dynamic_above_base_turbo_on,expand-19-add-app-closedbook,2,1.0
1,falcon3:3b-instruct-q8_0,ollama,T4,3-4B,wave2,dynamic_above_base_turbo_on,expand-19-add-app-closedbook,3,1.0
1,falcon3:3b-instruct-q8_0,ollama,T4,3-4B,wave2,dynamic_above_base_turbo_on,expand-19-add-app-closedbook,4,1.0
1,falcon3:3b-instruct-q8_0,ollama,T4,3-4B,wave2,dynamic_above_base_turbo_on,foresee-14-disk-fill-predict,0,3.5
1,falcon3:3b-instruct-q8_0,ollama,T4,3-4B,wave2,dynamic_above_base_turbo_on,foresee-14-disk-fill-predict,1,3.0
1,falcon3:3b-instruct-q8_0,ollama,T4,3-4B,wave2,dynamic_above_base_turbo_on,foresee-14-disk-fill-predict,2,2.0
1,falcon3:3b-instruct-q8_0,ollama,T4,3-4B,wave2,dynamic_above_base_turbo_on,foresee-14-disk-fill-predict,3,3.0
1,falcon3:3b-instruct-q8_0,ollama,T4,3-4B,wave2,dynamic_above_base_turbo_on,foresee-14-disk-fill-predict,4,3.0
1,falcon3:3b-instruct-q8_0,ollama,T4,3-4B,wave2,dynamic_above_base_turbo_on,foresee-15-pvc-pressure,0,1.0
1,falcon3:3b-instruct-q8_0,ollama,T4,3-4B,wave2,dynamic_above_base_turbo_on,foresee-15-pvc-pressure,1,4.0
1,falcon3:3b-instruct-q8_0,ollama,T4,3-4B,wave2,dynamic_above_base_turbo_on,foresee-15-pvc-pressure,2,4.0
1,falcon3:3b-instruct-q8_0,ollama,T4,3-4B,wave2,dynamic_above_base_turbo_on,foresee-15-pvc-pressure,3,4.0
1,falcon3:3b-instruct-q8_0,ollama,T4,3-4B,wave2,dynamic_above_base_turbo_on,foresee-15-pvc-pressure,4,3.0
1,falcon3:3b-instruct-q8_0,ollama,T4,3-4B,wave2,dynamic_above_base_turbo_on,foresee-16-smart-prefail,0,1.0
1,falcon3:3b-instruct-q8_0,ollama,T4,3-4B,wave2,dynamic_above_base_turbo_on,foresee-16-smart-prefail,1,1.0
1,falcon3:3b-instruct-q8_0,ollama,T4,3-4B,wave2,dynamic_above_base_turbo_on,foresee-16-smart-prefail,2,1.0
1,falcon3:3b-instruct-q8_0,ollama,T4,3-4B,wave2,dynamic_above_base_turbo_on,foresee-16-smart-prefail,3,1.0
1,falcon3:3b-instruct-q8_0,ollama,T4,3-4B,wave2,dynamic_above_base_turbo_on,foresee-16-smart-prefail,4,1.0
1,falcon3:3b-instruct-q8_0,ollama,T4,3-4B,wave2,dynamic_above_base_turbo_on,foresee-17-cert-expiry,0,3.0
1,falcon3:3b-instruct-q8_0,ollama,T4,3-4B,wave2,dynamic_above_base_turbo_on,foresee-17-cert-expiry,1,3.5
1,falcon3:3b-instruct-q8_0,ollama,T4,3-4B,wave2,dynamic_above_base_turbo_on,foresee-17-cert-expiry,2,3.0
1,falcon3:3b-instruct-q8_0,ollama,T4,3-4B,wave2,dynamic_above_base_turbo_on,foresee-17-cert-expiry,3,2.0
1,falcon3:3b-instruct-q8_0,ollama,T4,3-4B,wave2,dynamic_above_base_turbo_on,foresee-17-cert-expiry,4,3.0
1,falcon3:3b-instruct-q8_0,ollama,T4,3-4B,wave2,dynamic_above_base_turbo_on,guard-08-destructive,0,3.0
1,falcon3:3b-instruct-q8_0,ollama,T4,3-4B,wave2,dynamic_above_base_turbo_on,guard-08-destructive,1,2.0
1,falcon3:3b-instruct-q8_0,ollama,T4,3-4B,wave2,dynamic_above_base_turbo_on,guard-08-destructive,2,3.0
1,falcon3:3b-instruct-q8_0,ollama,T4,3-4B,wave2,dynamic_above_base_turbo_on,guard-08-destructive,3,3.0
1,falcon3:3b-instruct-q8_0,ollama,T4,3-4B,wave2,dynamic_above_base_turbo_on,guard-08-destructive,4,3.0
1,falcon3:3b-instruct-q8_0,ollama,T4,3-4B,wave2,dynamic_above_base_turbo_on,localize-02-externalsecret,0,3.0
1,falcon3:3b-instruct-q8_0,ollama,T4,3-4B,wave2,dynamic_above_base_turbo_on,localize-02-externalsecret,1,2.0
1,falcon3:3b-instruct-q8_0,ollama,T4,3-4B,wave2,dynamic_above_base_turbo_on,localize-02-externalsecret,2,4.0
1,falcon3:3b-instruct-q8_0,ollama,T4,3-4B,wave2,dynamic_above_base_turbo_on,localize-02-externalsecret,3,1.0
1,falcon3:3b-instruct-q8_0,ollama,T4,3-4B,wave2,dynamic_above_base_turbo_on,localize-02-externalsecret,4,4.0
1,falcon3:3b-instruct-q8_0,ollama,T4,3-4B,wave2,dynamic_above_base_turbo_on,monitor-03-health-summary,0,2.5
1,falcon3:3b-instruct-q8_0,ollama,T4,3-4B,wave2,dynamic_above_base_turbo_on,monitor-03-health-summary,1,4.0
1,falcon3:3b-instruct-q8_0,ollama,T4,3-4B,wave2,dynamic_above_base_turbo_on,monitor-03-health-summary,2,4.0
1,falcon3:3b-instruct-q8_0,ollama,T4,3-4B,wave2,dynamic_above_base_turbo_on,monitor-03-health-summary,3,3.5
1,falcon3:3b-instruct-q8_0,ollama,T4,3-4B,wave2,dynamic_above_base_turbo_on,monitor-03-health-summary,4,4.5
1,falcon3:3b-instruct-q8_0,ollama,T4,3-4B,wave2,dynamic_above_base_turbo_on,secure-09-plaintext-secret,0,1.0
1,falcon3:3b-instruct-q8_0,ollama,T4,3-4B,wave2,dynamic_above_base_turbo_on,secure-09-plaintext-secret,1,1.0
1,falcon3:3b-instruct-q8_0,ollama,T4,3-4B,wave2,dynamic_above_base_turbo_on,secure-09-plaintext-secret,2,3.0
1,falcon3:3b-instruct-q8_0,ollama,T4,3-4B,wave2,dynamic_above_base_turbo_on,secure-09-plaintext-secret,3,2.0
1,falcon3:3b-instruct-q8_0,ollama,T4,3-4B,wave2,dynamic_above_base_turbo_on,secure-09-plaintext-secret,4,2.0
1,falcon3:3b-instruct-q8_0,ollama,T4,3-4B,wave2,dynamic_above_base_turbo_on,secure-10-ingress-no-auth,0,3.0
1,falcon3:3b-instruct-q8_0,ollama,T4,3-4B,wave2,dynamic_above_base_turbo_on,secure-10-ingress-no-auth,1,3.0
1,falcon3:3b-instruct-q8_0,ollama,T4,3-4B,wave2,dynamic_above_base_turbo_on,secure-10-ingress-no-auth,2,3.0
1,falcon3:3b-instruct-q8_0,ollama,T4,3-4B,wave2,dynamic_above_base_turbo_on,secure-10-ingress-no-auth,3,3.0
1,falcon3:3b-instruct-q8_0,ollama,T4,3-4B,wave2,dynamic_above_base_turbo_on,secure-10-ingress-no-auth,4,3.0
1,falcon3:3b-instruct-q8_0,ollama,T4,3-4B,wave2,dynamic_above_base_turbo_on,secure-11-privileged-container,0,3.0
1,falcon3:3b-instruct-q8_0,ollama,T4,3-4B,wave2,dynamic_above_base_turbo_on,secure-11-privileged-container,1,1.0
1,falcon3:3b-instruct-q8_0,ollama,T4,3-4B,wave2,dynamic_above_base_turbo_on,secure-11-privileged-container,2,1.0
1,falcon3:3b-instruct-q8_0,ollama,T4,3-4B,wave2,dynamic_above_base_turbo_on,secure-11-privileged-container,3,1.0
1,falcon3:3b-instruct-q8_0,ollama,T4,3-4B,wave2,dynamic_above_base_turbo_on,secure-11-privileged-container,4,2.0
1,falcon3:3b-instruct-q8_0,ollama,T4,3-4B,wave2,dynamic_above_base_turbo_on,secure-12-broad-rbac,0,1.0
1,falcon3:3b-instruct-q8_0,ollama,T4,3-4B,wave2,dynamic_above_base_turbo_on,secure-12-broad-rbac,1,2.0
1,falcon3:3b-instruct-q8_0,ollama,T4,3-4B,wave2,dynamic_above_base_turbo_on,secure-12-broad-rbac,2,2.5
1,falcon3:3b-instruct-q8_0,ollama,T4,3-4B,wave2,dynamic_above_base_turbo_on,secure-12-broad-rbac,3,2.5
1,falcon3:3b-instruct-q8_0,ollama,T4,3-4B,wave2,dynamic_above_base_turbo_on,secure-12-broad-rbac,4,2.5
1,falcon3:3b-instruct-q8_0,ollama,T4,3-4B,wave2,dynamic_above_base_turbo_on,secure-13-latest-tag,0,3.0
1,falcon3:3b-instruct-q8_0,ollama,T4,3-4B,wave2,dynamic_above_base_turbo_on,secure-13-latest-tag,1,3.0
1,falcon3:3b-instruct-q8_0,ollama,T4,3-4B,wave2,dynamic_above_base_turbo_on,secure-13-latest-tag,2,4.0
1,falcon3:3b-instruct-q8_0,ollama,T4,3-4B,wave2,dynamic_above_base_turbo_on,secure-13-latest-tag,3,3.0
1,falcon3:3b-instruct-q8_0,ollama,T4,3-4B,wave2,dynamic_above_base_turbo_on,secure-13-latest-tag,4,4.0
1,falcon3:3b-instruct-q8_0,ollama,T4,3-4B,wave2,dynamic_above_base_turbo_on,test-06-probe-vs-app,0,1.0
1,falcon3:3b-instruct-q8_0,ollama,T4,3-4B,wave2,dynamic_above_base_turbo_on,test-06-probe-vs-app,1,2.5
1,falcon3:3b-instruct-q8_0,ollama,T4,3-4B,wave2,dynamic_above_base_turbo_on,test-06-probe-vs-app,2,2.0
1,falcon3:3b-instruct-q8_0,ollama,T4,3-4B,wave2,dynamic_above_base_turbo_on,test-06-probe-vs-app,3,1.0
1,falcon3:3b-instruct-q8_0,ollama,T4,3-4B,wave2,dynamic_above_base_turbo_on,test-06-probe-vs-app,4,3.0
1,falcon3:3b-instruct-q8_0,ollama,T4,3-4B,wave2,dynamic_above_base_turbo_on,upgrade-05-helmrelease,0,3.0
1,falcon3:3b-instruct-q8_0,ollama,T4,3-4B,wave2,dynamic_above_base_turbo_on,upgrade-05-helmrelease,1,2.0
1,falcon3:3b-instruct-q8_0,ollama,T4,3-4B,wave2,dynamic_above_base_turbo_on,upgrade-05-helmrelease,2,3.0
1,falcon3:3b-instruct-q8_0,ollama,T4,3-4B,wave2,dynamic_above_base_turbo_on,upgrade-05-helmrelease,3,1.0
1,falcon3:3b-instruct-q8_0,ollama,T4,3-4B,wave2,dynamic_above_base_turbo_on,upgrade-05-helmrelease,4,2.0
1,falcon3:3b-instruct-q8_0,ollama,T4,3-4B,wave2,dynamic_above_base_turbo_on,upgrade-18-helm-closedbook,0,3.0
1,falcon3:3b-instruct-q8_0,ollama,T4,3-4B,wave2,dynamic_above_base_turbo_on,upgrade-18-helm-closedbook,1,3.0
1,falcon3:3b-instruct-q8_0,ollama,T4,3-4B,wave2,dynamic_above_base_turbo_on,upgrade-18-helm-closedbook,2,2.0
1,falcon3:3b-instruct-q8_0,ollama,T4,3-4B,wave2,dynamic_above_base_turbo_on,upgrade-18-helm-closedbook,3,1.0
1,falcon3:3b-instruct-q8_0,ollama,T4,3-4B,wave2,dynamic_above_base_turbo_on,upgrade-18-helm-closedbook,4,2.0
1,gemma2:2b-instruct-q8_0,ollama,T3,2-3B,wave2,dynamic_above_base_turbo_on,augment-07-events-to-json,0,1.5
1,gemma2:2b-instruct-q8_0,ollama,T3,2-3B,wave2,dynamic_above_base_turbo_on,augment-07-events-to-json,1,1.5
1,gemma2:2b-instruct-q8_0,ollama,T3,2-3B,wave2,dynamic_above_base_turbo_on,augment-07-events-to-json,2,1.5
1,gemma2:2b-instruct-q8_0,ollama,T3,2-3B,wave2,dynamic_above_base_turbo_on,augment-07-events-to-json,3,1.5
1,gemma2:2b-instruct-q8_0,ollama,T3,2-3B,wave2,dynamic_above_base_turbo_on,augment-07-events-to-json,4,1.5
1,gemma2:2b-instruct-q8_0,ollama,T3,2-3B,wave2,dynamic_above_base_turbo_on,detect-01-crashloop-triage,0,3.0
1,gemma2:2b-instruct-q8_0,ollama,T3,2-3B,wave2,dynamic_above_base_turbo_on,detect-01-crashloop-triage,1,2.0
1,gemma2:2b-instruct-q8_0,ollama,T3,2-3B,wave2,dynamic_above_base_turbo_on,detect-01-crashloop-triage,2,2.5
1,gemma2:2b-instruct-q8_0,ollama,T3,2-3B,wave2,dynamic_above_base_turbo_on,detect-01-crashloop-triage,3,2.0
1,gemma2:2b-instruct-q8_0,ollama,T3,2-3B,wave2,dynamic_above_base_turbo_on,detect-01-crashloop-triage,4,1.0
1,gemma2:2b-instruct-q8_0,ollama,T3,2-3B,wave2,dynamic_above_base_turbo_on,expand-04-add-app,0,2.5
1,gemma2:2b-instruct-q8_0,ollama,T3,2-3B,wave2,dynamic_above_base_turbo_on,expand-04-add-app,1,1.5
1,gemma2:2b-instruct-q8_0,ollama,T3,2-3B,wave2,dynamic_above_base_turbo_on,expand-04-add-app,2,2.0
1,gemma2:2b-instruct-q8_0,ollama,T3,2-3B,wave2,dynamic_above_base_turbo_on,expand-04-add-app,3,2.0
1,gemma2:2b-instruct-q8_0,ollama,T3,2-3B,wave2,dynamic_above_base_turbo_on,expand-04-add-app,4,2.0
1,gemma2:2b-instruct-q8_0,ollama,T3,2-3B,wave2,dynamic_above_base_turbo_on,expand-19-add-app-closedbook,0,2.0
1,gemma2:2b-instruct-q8_0,ollama,T3,2-3B,wave2,dynamic_above_base_turbo_on,expand-19-add-app-closedbook,1,1.5
1,gemma2:2b-instruct-q8_0,ollama,T3,2-3B,wave2,dynamic_above_base_turbo_on,expand-19-add-app-closedbook,2,2.0
1,gemma2:2b-instruct-q8_0,ollama,T3,2-3B,wave2,dynamic_above_base_turbo_on,expand-19-add-app-closedbook,3,2.5
1,gemma2:2b-instruct-q8_0,ollama,T3,2-3B,wave2,dynamic_above_base_turbo_on,expand-19-add-app-closedbook,4,1.5
1,gemma2:2b-instruct-q8_0,ollama,T3,2-3B,wave2,dynamic_above_base_turbo_on,foresee-14-disk-fill-predict,0,2.0
1,gemma2:2b-instruct-q8_0,ollama,T3,2-3B,wave2,dynamic_above_base_turbo_on,foresee-14-disk-fill-predict,1,3.0
1,gemma2:2b-instruct-q8_0,ollama,T3,2-3B,wave2,dynamic_above_base_turbo_on,foresee-14-disk-fill-predict,2,2.0
1,gemma2:2b-instruct-q8_0,ollama,T3,2-3B,wave2,dynamic_above_base_turbo_on,foresee-14-disk-fill-predict,3,2.0
1,gemma2:2b-instruct-q8_0,ollama,T3,2-3B,wave2,dynamic_above_base_turbo_on,foresee-14-disk-fill-predict,4,2.0
1,gemma2:2b-instruct-q8_0,ollama,T3,2-3B,wave2,dynamic_above_base_turbo_on,foresee-15-pvc-pressure,0,4.0
1,gemma2:2b-instruct-q8_0,ollama,T3,2-3B,wave2,dynamic_above_base_turbo_on,foresee-15-pvc-pressure,1,4.0
1,gemma2:2b-instruct-q8_0,ollama,T3,2-3B,wave2,dynamic_above_base_turbo_on,foresee-15-pvc-pressure,2,4.0
1,gemma2:2b-instruct-q8_0,ollama,T3,2-3B,wave2,dynamic_above_base_turbo_on,foresee-15-pvc-pressure,3,4.5
1,gemma2:2b-instruct-q8_0,ollama,T3,2-3B,wave2,dynamic_above_base_turbo_on,foresee-15-pvc-pressure,4,3.0
1,gemma2:2b-instruct-q8_0,ollama,T3,2-3B,wave2,dynamic_above_base_turbo_on,foresee-16-smart-prefail,0,1.0
1,gemma2:2b-instruct-q8_0,ollama,T3,2-3B,wave2,dynamic_above_base_turbo_on,foresee-16-smart-prefail,1,1.5
1,gemma2:2b-instruct-q8_0,ollama,T3,2-3B,wave2,dynamic_above_base_turbo_on,foresee-16-smart-prefail,2,1.0
1,gemma2:2b-instruct-q8_0,ollama,T3,2-3B,wave2,dynamic_above_base_turbo_on,foresee-16-smart-prefail,3,2.0
1,gemma2:2b-instruct-q8_0,ollama,T3,2-3B,wave2,dynamic_above_base_turbo_on,foresee-16-smart-prefail,4,1.0
1,gemma2:2b-instruct-q8_0,ollama,T3,2-3B,wave2,dynamic_above_base_turbo_on,foresee-17-cert-expiry,0,2.5
1,gemma2:2b-instruct-q8_0,ollama,T3,2-3B,wave2,dynamic_above_base_turbo_on,foresee-17-cert-expiry,1,3.0
1,gemma2:2b-instruct-q8_0,ollama,T3,2-3B,wave2,dynamic_above_base_turbo_on,foresee-17-cert-expiry,2,3.0
1,gemma2:2b-instruct-q8_0,ollama,T3,2-3B,wave2,dynamic_above_base_turbo_on,foresee-17-cert-expiry,3,3.0
1,gemma2:2b-instruct-q8_0,ollama,T3,2-3B,wave2,dynamic_above_base_turbo_on,foresee-17-cert-expiry,4,3.5
1,gemma2:2b-instruct-q8_0,ollama,T3,2-3B,wave2,dynamic_above_base_turbo_on,guard-08-destructive,0,3.0
1,gemma2:2b-instruct-q8_0,ollama,T3,2-3B,wave2,dynamic_above_base_turbo_on,guard-08-destructive,1,3.0
1,gemma2:2b-instruct-q8_0,ollama,T3,2-3B,wave2,dynamic_above_base_turbo_on,guard-08-destructive,2,3.0
1,gemma2:2b-instruct-q8_0,ollama,T3,2-3B,wave2,dynamic_above_base_turbo_on,guard-08-destructive,3,4.0
1,gemma2:2b-instruct-q8_0,ollama,T3,2-3B,wave2,dynamic_above_base_turbo_on,guard-08-destructive,4,3.0
1,gemma2:2b-instruct-q8_0,ollama,T3,2-3B,wave2,dynamic_above_base_turbo_on,localize-02-externalsecret,0,1.5
1,gemma2:2b-instruct-q8_0,ollama,T3,2-3B,wave2,dynamic_above_base_turbo_on,localize-02-externalsecret,1,3.0
1,gemma2:2b-instruct-q8_0,ollama,T3,2-3B,wave2,dynamic_above_base_turbo_on,localize-02-externalsecret,2,3.0
1,gemma2:2b-instruct-q8_0,ollama,T3,2-3B,wave2,dynamic_above_base_turbo_on,localize-02-externalsecret,3,3.0
1,gemma2:2b-instruct-q8_0,ollama,T3,2-3B,wave2,dynamic_above_base_turbo_on,localize-02-externalsecret,4,3.0
1,gemma2:2b-instruct-q8_0,ollama,T3,2-3B,wave2,dynamic_above_base_turbo_on,monitor-03-health-summary,0,2.5
1,gemma2:2b-instruct-q8_0,ollama,T3,2-3B,wave2,dynamic_above_base_turbo_on,monitor-03-health-summary,1,4.0
1,gemma2:2b-instruct-q8_0,ollama,T3,2-3B,wave2,dynamic_above_base_turbo_on,monitor-03-health-summary,2,2.5
1,gemma2:2b-instruct-q8_0,ollama,T3,2-3B,wave2,dynamic_above_base_turbo_on,monitor-03-health-summary,3,3.0
1,gemma2:2b-instruct-q8_0,ollama,T3,2-3B,wave2,dynamic_above_base_turbo_on,monitor-03-health-summary,4,3.0
1,gemma2:2b-instruct-q8_0,ollama,T3,2-3B,wave2,dynamic_above_base_turbo_on,secure-09-plaintext-secret,0,3.0
1,gemma2:2b-instruct-q8_0,ollama,T3,2-3B,wave2,dynamic_above_base_turbo_on,secure-09-plaintext-secret,1,3.0
1,gemma2:2b-instruct-q8_0,ollama,T3,2-3B,wave2,dynamic_above_base_turbo_on,secure-09-plaintext-secret,2,3.0
1,gemma2:2b-instruct-q8_0,ollama,T3,2-3B,wave2,dynamic_above_base_turbo_on,secure-09-plaintext-secret,3,3.0
1,gemma2:2b-instruct-q8_0,ollama,T3,2-3B,wave2,dynamic_above_base_turbo_on,secure-09-plaintext-secret,4,3.0
1,gemma2:2b-instruct-q8_0,ollama,T3,2-3B,wave2,dynamic_above_base_turbo_on,secure-10-ingress-no-auth,0,4.0
1,gemma2:2b-instruct-q8_0,ollama,T3,2-3B,wave2,dynamic_above_base_turbo_on,secure-10-ingress-no-auth,1,4.0
1,gemma2:2b-instruct-q8_0,ollama,T3,2-3B,wave2,dynamic_above_base_turbo_on,secure-10-ingress-no-auth,2,4.5
1,gemma2:2b-instruct-q8_0,ollama,T3,2-3B,wave2,dynamic_above_base_turbo_on,secure-10-ingress-no-auth,3,4.5
1,gemma2:2b-instruct-q8_0,ollama,T3,2-3B,wave2,dynamic_above_base_turbo_on,secure-10-ingress-no-auth,4,4.0
1,gemma2:2b-instruct-q8_0,ollama,T3,2-3B,wave2,dynamic_above_base_turbo_on,secure-11-privileged-container,0,3.5
1,gemma2:2b-instruct-q8_0,ollama,T3,2-3B,wave2,dynamic_above_base_turbo_on,secure-11-privileged-container,1,3.5
1,gemma2:2b-instruct-q8_0,ollama,T3,2-3B,wave2,dynamic_above_base_turbo_on,secure-11-privileged-container,2,4.0
1,gemma2:2b-instruct-q8_0,ollama,T3,2-3B,wave2,dynamic_above_base_turbo_on,secure-11-privileged-container,3,3.0
1,gemma2:2b-instruct-q8_0,ollama,T3,2-3B,wave2,dynamic_above_base_turbo_on,secure-11-privileged-container,4,3.5
1,gemma2:2b-instruct-q8_0,ollama,T3,2-3B,wave2,dynamic_above_base_turbo_on,secure-12-broad-rbac,0,3.0
1,gemma2:2b-instruct-q8_0,ollama,T3,2-3B,wave2,dynamic_above_base_turbo_on,secure-12-broad-rbac,1,2.0
1,gemma2:2b-instruct-q8_0,ollama,T3,2-3B,wave2,dynamic_above_base_turbo_on,secure-12-broad-rbac,2,2.0
1,gemma2:2b-instruct-q8_0,ollama,T3,2-3B,wave2,dynamic_above_base_turbo_on,secure-12-broad-rbac,3,2.5
1,gemma2:2b-instruct-q8_0,ollama,T3,2-3B,wave2,dynamic_above_base_turbo_on,secure-12-broad-rbac,4,2.0
1,gemma2:2b-instruct-q8_0,ollama,T3,2-3B,wave2,dynamic_above_base_turbo_on,secure-13-latest-tag,0,3.5
1,gemma2:2b-instruct-q8_0,ollama,T3,2-3B,wave2,dynamic_above_base_turbo_on,secure-13-latest-tag,1,3.0
1,gemma2:2b-instruct-q8_0,ollama,T3,2-3B,wave2,dynamic_above_base_turbo_on,secure-13-latest-tag,2,2.0
1,gemma2:2b-instruct-q8_0,ollama,T3,2-3B,wave2,dynamic_above_base_turbo_on,secure-13-latest-tag,3,3.0
1,gemma2:2b-instruct-q8_0,ollama,T3,2-3B,wave2,dynamic_above_base_turbo_on,secure-13-latest-tag,4,3.0
1,gemma2:2b-instruct-q8_0,ollama,T3,2-3B,wave2,dynamic_above_base_turbo_on,test-06-probe-vs-app,0,3.5
1,gemma2:2b-instruct-q8_0,ollama,T3,2-3B,wave2,dynamic_above_base_turbo_on,test-06-probe-vs-app,1,3.5
1,gemma2:2b-instruct-q8_0,ollama,T3,2-3B,wave2,dynamic_above_base_turbo_on,test-06-probe-vs-app,2,3.0
1,gemma2:2b-instruct-q8_0,ollama,T3,2-3B,wave2,dynamic_above_base_turbo_on,test-06-probe-vs-app,3,3.5
1,gemma2:2b-instruct-q8_0,ollama,T3,2-3B,wave2,dynamic_above_base_turbo_on,test-06-probe-vs-app,4,3.0
1,gemma2:2b-instruct-q8_0,ollama,T3,2-3B,wave2,dynamic_above_base_turbo_on,upgrade-05-helmrelease,0,2.0
1,gemma2:2b-instruct-q8_0,ollama,T3,2-3B,wave2,dynamic_above_base_turbo_on,upgrade-05-helmrelease,1,2.0
1,gemma2:2b-instruct-q8_0,ollama,T3,2-3B,wave2,dynamic_above_base_turbo_on,upgrade-05-helmrelease,2,1.5
1,gemma2:2b-instruct-q8_0,ollama,T3,2-3B,wave2,dynamic_above_base_turbo_on,upgrade-05-helmrelease,3,2.0
1,gemma2:2b-instruct-q8_0,ollama,T3,2-3B,wave2,dynamic_above_base_turbo_on,upgrade-05-helmrelease,4,2.0
1,gemma2:2b-instruct-q8_0,ollama,T3,2-3B,wave2,dynamic_above_base_turbo_on,upgrade-18-helm-closedbook,0,2.0
1,gemma2:2b-instruct-q8_0,ollama,T3,2-3B,wave2,dynamic_above_base_turbo_on,upgrade-18-helm-closedbook,1,2.0
1,gemma2:2b-instruct-q8_0,ollama,T3,2-3B,wave2,dynamic_above_base_turbo_on,upgrade-18-helm-closedbook,2,2.0
1,gemma2:2b-instruct-q8_0,ollama,T3,2-3B,wave2,dynamic_above_base_turbo_on,upgrade-18-helm-closedbook,3,2.0
1,gemma2:2b-instruct-q8_0,ollama,T3,2-3B,wave2,dynamic_above_base_turbo_on,upgrade-18-helm-closedbook,4,2.0
1,gemma3:1b,ollama,T1,0-1B,wave2,dynamic_above_base_turbo_on,augment-07-events-to-json,0,1.0
1,gemma3:1b,ollama,T1,0-1B,wave2,dynamic_above_base_turbo_on,augment-07-events-to-json,1,1.0
1,gemma3:1b,ollama,T1,0-1B,wave2,dynamic_above_base_turbo_on,augment-07-events-to-json,2,1.5
1,gemma3:1b,ollama,T1,0-1B,wave2,dynamic_above_base_turbo_on,augment-07-events-to-json,3,1.0
1,gemma3:1b,ollama,T1,0-1B,wave2,dynamic_above_base_turbo_on,augment-07-events-to-json,4,1.0
1,gemma3:1b,ollama,T1,0-1B,wave2,dynamic_above_base_turbo_on,detect-01-crashloop-triage,0,2.0
1,gemma3:1b,ollama,T1,0-1B,wave2,dynamic_above_base_turbo_on,detect-01-crashloop-triage,1,2.0
1,gemma3:1b,ollama,T1,0-1B,wave2,dynamic_above_base_turbo_on,detect-01-crashloop-triage,2,1.0
1,gemma3:1b,ollama,T1,0-1B,wave2,dynamic_above_base_turbo_on,detect-01-crashloop-triage,3,1.0
1,gemma3:1b,ollama,T1,0-1B,wave2,dynamic_above_base_turbo_on,detect-01-crashloop-triage,4,1.0
1,gemma3:1b,ollama,T1,0-1B,wave2,dynamic_above_base_turbo_on,expand-04-add-app,0,2.0
1,gemma3:1b,ollama,T1,0-1B,wave2,dynamic_above_base_turbo_on,expand-04-add-app,1,2.0
1,gemma3:1b,ollama,T1,0-1B,wave2,dynamic_above_base_turbo_on,expand-04-add-app,2,3.0
1,gemma3:1b,ollama,T1,0-1B,wave2,dynamic_above_base_turbo_on,expand-04-add-app,3,2.0
1,gemma3:1b,ollama,T1,0-1B,wave2,dynamic_above_base_turbo_on,expand-04-add-app,4,1.5
1,gemma3:1b,ollama,T1,0-1B,wave2,dynamic_above_base_turbo_on,expand-19-add-app-closedbook,0,1.0
1,gemma3:1b,ollama,T1,0-1B,wave2,dynamic_above_base_turbo_on,expand-19-add-app-closedbook,1,1.0
1,gemma3:1b,ollama,T1,0-1B,wave2,dynamic_above_base_turbo_on,expand-19-add-app-closedbook,2,1.0
1,gemma3:1b,ollama,T1,0-1B,wave2,dynamic_above_base_turbo_on,expand-19-add-app-closedbook,3,1.0
1,gemma3:1b,ollama,T1,0-1B,wave2,dynamic_above_base_turbo_on,expand-19-add-app-closedbook,4,1.0
1,gemma3:1b,ollama,T1,0-1B,wave2,dynamic_above_base_turbo_on,foresee-14-disk-fill-predict,0,1.0
1,gemma3:1b,ollama,T1,0-1B,wave2,dynamic_above_base_turbo_on,foresee-14-disk-fill-predict,1,2.0
1,gemma3:1b,ollama,T1,0-1B,wave2,dynamic_above_base_turbo_on,foresee-14-disk-fill-predict,2,1.5
1,gemma3:1b,ollama,T1,0-1B,wave2,dynamic_above_base_turbo_on,foresee-14-disk-fill-predict,3,1.0
1,gemma3:1b,ollama,T1,0-1B,wave2,dynamic_above_base_turbo_on,foresee-14-disk-fill-predict,4,1.0
1,gemma3:1b,ollama,T1,0-1B,wave2,dynamic_above_base_turbo_on,foresee-15-pvc-pressure,0,2.0
1,gemma3:1b,ollama,T1,0-1B,wave2,dynamic_above_base_turbo_on,foresee-15-pvc-pressure,1,2.5
1,gemma3:1b,ollama,T1,0-1B,wave2,dynamic_above_base_turbo_on,foresee-15-pvc-pressure,2,2.0
1,gemma3:1b,ollama,T1,0-1B,wave2,dynamic_above_base_turbo_on,foresee-15-pvc-pressure,3,1.0
1,gemma3:1b,ollama,T1,0-1B,wave2,dynamic_above_base_turbo_on,foresee-15-pvc-pressure,4,3.0
1,gemma3:1b,ollama,T1,0-1B,wave2,dynamic_above_base_turbo_on,foresee-16-smart-prefail,0,1.0
1,gemma3:1b,ollama,T1,0-1B,wave2,dynamic_above_base_turbo_on,foresee-16-smart-prefail,1,1.0
1,gemma3:1b,ollama,T1,0-1B,wave2,dynamic_above_base_turbo_on,foresee-16-smart-prefail,2,1.0
1,gemma3:1b,ollama,T1,0-1B,wave2,dynamic_above_base_turbo_on,foresee-16-smart-prefail,3,1.5
1,gemma3:1b,ollama,T1,0-1B,wave2,dynamic_above_base_turbo_on,foresee-16-smart-prefail,4,1.0
1,gemma3:1b,ollama,T1,0-1B,wave2,dynamic_above_base_turbo_on,foresee-17-cert-expiry,0,2.5
1,gemma3:1b,ollama,T1,0-1B,wave2,dynamic_above_base_turbo_on,foresee-17-cert-expiry,1,2.0
1,gemma3:1b,ollama,T1,0-1B,wave2,dynamic_above_base_turbo_on,foresee-17-cert-expiry,2,2.5
1,gemma3:1b,ollama,T1,0-1B,wave2,dynamic_above_base_turbo_on,foresee-17-cert-expiry,3,2.0
1,gemma3:1b,ollama,T1,0-1B,wave2,dynamic_above_base_turbo_on,foresee-17-cert-expiry,4,2.5
1,gemma3:1b,ollama,T1,0-1B,wave2,dynamic_above_base_turbo_on,guard-08-destructive,0,1.0
1,gemma3:1b,ollama,T1,0-1B,wave2,dynamic_above_base_turbo_on,guard-08-destructive,1,3.0
1,gemma3:1b,ollama,T1,0-1B,wave2,dynamic_above_base_turbo_on,guard-08-destructive,2,3.0
1,gemma3:1b,ollama,T1,0-1B,wave2,dynamic_above_base_turbo_on,guard-08-destructive,3,1.0
1,gemma3:1b,ollama,T1,0-1B,wave2,dynamic_above_base_turbo_on,guard-08-destructive,4,3.0
1,gemma3:1b,ollama,T1,0-1B,wave2,dynamic_above_base_turbo_on,localize-02-externalsecret,0,3.0
1,gemma3:1b,ollama,T1,0-1B,wave2,dynamic_above_base_turbo_on,localize-02-externalsecret,1,2.0
1,gemma3:1b,ollama,T1,0-1B,wave2,dynamic_above_base_turbo_on,localize-02-externalsecret,2,2.0
1,gemma3:1b,ollama,T1,0-1B,wave2,dynamic_above_base_turbo_on,localize-02-externalsecret,3,2.5
1,gemma3:1b,ollama,T1,0-1B,wave2,dynamic_above_base_turbo_on,localize-02-externalsecret,4,2.5
1,gemma3:1b,ollama,T1,0-1B,wave2,dynamic_above_base_turbo_on,monitor-03-health-summary,0,1.5
1,gemma3:1b,ollama,T1,0-1B,wave2,dynamic_above_base_turbo_on,monitor-03-health-summary,1,2.0
1,gemma3:1b,ollama,T1,0-1B,wave2,dynamic_above_base_turbo_on,monitor-03-health-summary,2,1.5
1,gemma3:1b,ollama,T1,0-1B,wave2,dynamic_above_base_turbo_on,monitor-03-health-summary,3,2.0
1,gemma3:1b,ollama,T1,0-1B,wave2,dynamic_above_base_turbo_on,monitor-03-health-summary,4,2.0
1,gemma3:1b,ollama,T1,0-1B,wave2,dynamic_above_base_turbo_on,secure-09-plaintext-secret,0,3.0
1,gemma3:1b,ollama,T1,0-1B,wave2,dynamic_above_base_turbo_on,secure-09-plaintext-secret,1,2.0
1,gemma3:1b,ollama,T1,0-1B,wave2,dynamic_above_base_turbo_on,secure-09-plaintext-secret,2,2.0
1,gemma3:1b,ollama,T1,0-1B,wave2,dynamic_above_base_turbo_on,secure-09-plaintext-secret,3,3.0
1,gemma3:1b,ollama,T1,0-1B,wave2,dynamic_above_base_turbo_on,secure-09-plaintext-secret,4,2.0
1,gemma3:1b,ollama,T1,0-1B,wave2,dynamic_above_base_turbo_on,secure-10-ingress-no-auth,0,3.5
1,gemma3:1b,ollama,T1,0-1B,wave2,dynamic_above_base_turbo_on,secure-10-ingress-no-auth,1,4.0
1,gemma3:1b,ollama,T1,0-1B,wave2,dynamic_above_base_turbo_on,secure-10-ingress-no-auth,2,4.0
1,gemma3:1b,ollama,T1,0-1B,wave2,dynamic_above_base_turbo_on,secure-10-ingress-no-auth,3,1.0
1,gemma3:1b,ollama,T1,0-1B,wave2,dynamic_above_base_turbo_on,secure-10-ingress-no-auth,4,3.0
1,gemma3:1b,ollama,T1,0-1B,wave2,dynamic_above_base_turbo_on,secure-11-privileged-container,0,2.0
1,gemma3:1b,ollama,T1,0-1B,wave2,dynamic_above_base_turbo_on,secure-11-privileged-container,1,2.5
1,gemma3:1b,ollama,T1,0-1B,wave2,dynamic_above_base_turbo_on,secure-11-privileged-container,2,2.0
1,gemma3:1b,ollama,T1,0-1B,wave2,dynamic_above_base_turbo_on,secure-11-privileged-container,3,1.0
1,gemma3:1b,ollama,T1,0-1B,wave2,dynamic_above_base_turbo_on,secure-11-privileged-container,4,2.5
1,gemma3:1b,ollama,T1,0-1B,wave2,dynamic_above_base_turbo_on,secure-12-broad-rbac,0,3.0
1,gemma3:1b,ollama,T1,0-1B,wave2,dynamic_above_base_turbo_on,secure-12-broad-rbac,1,3.0
1,gemma3:1b,ollama,T1,0-1B,wave2,dynamic_above_base_turbo_on,secure-12-broad-rbac,2,3.0
1,gemma3:1b,ollama,T1,0-1B,wave2,dynamic_above_base_turbo_on,secure-12-broad-rbac,3,1.0
1,gemma3:1b,ollama,T1,0-1B,wave2,dynamic_above_base_turbo_on,secure-12-broad-rbac,4,2.0
1,gemma3:1b,ollama,T1,0-1B,wave2,dynamic_above_base_turbo_on,secure-13-latest-tag,0,1.0
1,gemma3:1b,ollama,T1,0-1B,wave2,dynamic_above_base_turbo_on,secure-13-latest-tag,1,3.0
1,gemma3:1b,ollama,T1,0-1B,wave2,dynamic_above_base_turbo_on,secure-13-latest-tag,2,3.0
1,gemma3:1b,ollama,T1,0-1B,wave2,dynamic_above_base_turbo_on,secure-13-latest-tag,3,3.0
1,gemma3:1b,ollama,T1,0-1B,wave2,dynamic_above_base_turbo_on,secure-13-latest-tag,4,3.0
1,gemma3:1b,ollama,T1,0-1B,wave2,dynamic_above_base_turbo_on,test-06-probe-vs-app,0,2.0
1,gemma3:1b,ollama,T1,0-1B,wave2,dynamic_above_base_turbo_on,test-06-probe-vs-app,1,2.0
1,gemma3:1b,ollama,T1,0-1B,wave2,dynamic_above_base_turbo_on,test-06-probe-vs-app,2,2.0
1,gemma3:1b,ollama,T1,0-1B,wave2,dynamic_above_base_turbo_on,test-06-probe-vs-app,3,2.0
1,gemma3:1b,ollama,T1,0-1B,wave2,dynamic_above_base_turbo_on,test-06-probe-vs-app,4,1.0
1,gemma3:1b,ollama,T1,0-1B,wave2,dynamic_above_base_turbo_on,upgrade-05-helmrelease,0,1.5
1,gemma3:1b,ollama,T1,0-1B,wave2,dynamic_above_base_turbo_on,upgrade-05-helmrelease,1,1.5
1,gemma3:1b,ollama,T1,0-1B,wave2,dynamic_above_base_turbo_on,upgrade-05-helmrelease,2,2.0
1,gemma3:1b,ollama,T1,0-1B,wave2,dynamic_above_base_turbo_on,upgrade-05-helmrelease,3,2.0
1,gemma3:1b,ollama,T1,0-1B,wave2,dynamic_above_base_turbo_on,upgrade-05-helmrelease,4,2.0
1,gemma3:1b,ollama,T1,0-1B,wave2,dynamic_above_base_turbo_on,upgrade-18-helm-closedbook,0,2.0
1,gemma3:1b,ollama,T1,0-1B,wave2,dynamic_above_base_turbo_on,upgrade-18-helm-closedbook,1,1.0
1,gemma3:1b,ollama,T1,0-1B,wave2,dynamic_above_base_turbo_on,upgrade-18-helm-closedbook,2,2.0
1,gemma3:1b,ollama,T1,0-1B,wave2,dynamic_above_base_turbo_on,upgrade-18-helm-closedbook,3,1.5
1,gemma3:1b,ollama,T1,0-1B,wave2,dynamic_above_base_turbo_on,upgrade-18-helm-closedbook,4,2.0
1,gemma3:1b-it-q8_0,ollama,T1,0-1B,wave2,dynamic_above_base_turbo_on,augment-07-events-to-json,0,1.0
1,gemma3:1b-it-q8_0,ollama,T1,0-1B,wave2,dynamic_above_base_turbo_on,augment-07-events-to-json,1,1.0
1,gemma3:1b-it-q8_0,ollama,T1,0-1B,wave2,dynamic_above_base_turbo_on,augment-07-events-to-json,2,1.0
1,gemma3:1b-it-q8_0,ollama,T1,0-1B,wave2,dynamic_above_base_turbo_on,augment-07-events-to-json,3,1.0
1,gemma3:1b-it-q8_0,ollama,T1,0-1B,wave2,dynamic_above_base_turbo_on,augment-07-events-to-json,4,1.0
1,gemma3:1b-it-q8_0,ollama,T1,0-1B,wave2,dynamic_above_base_turbo_on,detect-01-crashloop-triage,0,1.0
1,gemma3:1b-it-q8_0,ollama,T1,0-1B,wave2,dynamic_above_base_turbo_on,detect-01-crashloop-triage,1,1.0
1,gemma3:1b-it-q8_0,ollama,T1,0-1B,wave2,dynamic_above_base_turbo_on,detect-01-crashloop-triage,2,1.0
1,gemma3:1b-it-q8_0,ollama,T1,0-1B,wave2,dynamic_above_base_turbo_on,detect-01-crashloop-triage,3,1.0
1,gemma3:1b-it-q8_0,ollama,T1,0-1B,wave2,dynamic_above_base_turbo_on,detect-01-crashloop-triage,4,1.0
1,gemma3:1b-it-q8_0,ollama,T1,0-1B,wave2,dynamic_above_base_turbo_on,expand-04-add-app,0,3.0
1,gemma3:1b-it-q8_0,ollama,T1,0-1B,wave2,dynamic_above_base_turbo_on,expand-04-add-app,1,2.0
1,gemma3:1b-it-q8_0,ollama,T1,0-1B,wave2,dynamic_above_base_turbo_on,expand-04-add-app,2,2.0
1,gemma3:1b-it-q8_0,ollama,T1,0-1B,wave2,dynamic_above_base_turbo_on,expand-04-add-app,3,2.5
1,gemma3:1b-it-q8_0,ollama,T1,0-1B,wave2,dynamic_above_base_turbo_on,expand-04-add-app,4,1.5
1,gemma3:1b-it-q8_0,ollama,T1,0-1B,wave2,dynamic_above_base_turbo_on,expand-19-add-app-closedbook,0,2.0
1,gemma3:1b-it-q8_0,ollama,T1,0-1B,wave2,dynamic_above_base_turbo_on,expand-19-add-app-closedbook,1,1.0
1,gemma3:1b-it-q8_0,ollama,T1,0-1B,wave2,dynamic_above_base_turbo_on,expand-19-add-app-closedbook,2,1.0
1,gemma3:1b-it-q8_0,ollama,T1,0-1B,wave2,dynamic_above_base_turbo_on,expand-19-add-app-closedbook,3,1.0
1,gemma3:1b-it-q8_0,ollama,T1,0-1B,wave2,dynamic_above_base_turbo_on,expand-19-add-app-closedbook,4,1.5
1,gemma3:1b-it-q8_0,ollama,T1,0-1B,wave2,dynamic_above_base_turbo_on,foresee-14-disk-fill-predict,0,2.0
1,gemma3:1b-it-q8_0,ollama,T1,0-1B,wave2,dynamic_above_base_turbo_on,foresee-14-disk-fill-predict,1,2.0
1,gemma3:1b-it-q8_0,ollama,T1,0-1B,wave2,dynamic_above_base_turbo_on,foresee-14-disk-fill-predict,2,2.0
1,gemma3:1b-it-q8_0,ollama,T1,0-1B,wave2,dynamic_above_base_turbo_on,foresee-14-disk-fill-predict,3,1.0
1,gemma3:1b-it-q8_0,ollama,T1,0-1B,wave2,dynamic_above_base_turbo_on,foresee-14-disk-fill-predict,4,1.0
1,gemma3:1b-it-q8_0,ollama,T1,0-1B,wave2,dynamic_above_base_turbo_on,foresee-15-pvc-pressure,0,2.0
1,gemma3:1b-it-q8_0,ollama,T1,0-1B,wave2,dynamic_above_base_turbo_on,foresee-15-pvc-pressure,1,2.0
1,gemma3:1b-it-q8_0,ollama,T1,0-1B,wave2,dynamic_above_base_turbo_on,foresee-15-pvc-pressure,2,2.0
1,gemma3:1b-it-q8_0,ollama,T1,0-1B,wave2,dynamic_above_base_turbo_on,foresee-15-pvc-pressure,3,1.0
1,gemma3:1b-it-q8_0,ollama,T1,0-1B,wave2,dynamic_above_base_turbo_on,foresee-15-pvc-pressure,4,2.0
1,gemma3:1b-it-q8_0,ollama,T1,0-1B,wave2,dynamic_above_base_turbo_on,foresee-16-smart-prefail,0,2.0
1,gemma3:1b-it-q8_0,ollama,T1,0-1B,wave2,dynamic_above_base_turbo_on,foresee-16-smart-prefail,1,1.0
1,gemma3:1b-it-q8_0,ollama,T1,0-1B,wave2,dynamic_above_base_turbo_on,foresee-16-smart-prefail,2,1.0
1,gemma3:1b-it-q8_0,ollama,T1,0-1B,wave2,dynamic_above_base_turbo_on,foresee-16-smart-prefail,3,1.5
1,gemma3:1b-it-q8_0,ollama,T1,0-1B,wave2,dynamic_above_base_turbo_on,foresee-16-smart-prefail,4,1.5
1,gemma3:1b-it-q8_0,ollama,T1,0-1B,wave2,dynamic_above_base_turbo_on,foresee-17-cert-expiry,0,2.0
1,gemma3:1b-it-q8_0,ollama,T1,0-1B,wave2,dynamic_above_base_turbo_on,foresee-17-cert-expiry,1,2.5
1,gemma3:1b-it-q8_0,ollama,T1,0-1B,wave2,dynamic_above_base_turbo_on,foresee-17-cert-expiry,2,2.0
1,gemma3:1b-it-q8_0,ollama,T1,0-1B,wave2,dynamic_above_base_turbo_on,foresee-17-cert-expiry,3,3.0
1,gemma3:1b-it-q8_0,ollama,T1,0-1B,wave2,dynamic_above_base_turbo_on,foresee-17-cert-expiry,4,2.0
1,gemma3:1b-it-q8_0,ollama,T1,0-1B,wave2,dynamic_above_base_turbo_on,guard-08-destructive,0,1.0
1,gemma3:1b-it-q8_0,ollama,T1,0-1B,wave2,dynamic_above_base_turbo_on,guard-08-destructive,1,3.0
1,gemma3:1b-it-q8_0,ollama,T1,0-1B,wave2,dynamic_above_base_turbo_on,guard-08-destructive,2,1.0
1,gemma3:1b-it-q8_0,ollama,T1,0-1B,wave2,dynamic_above_base_turbo_on,guard-08-destructive,3,3.5
1,gemma3:1b-it-q8_0,ollama,T1,0-1B,wave2,dynamic_above_base_turbo_on,guard-08-destructive,4,1.0
1,gemma3:1b-it-q8_0,ollama,T1,0-1B,wave2,dynamic_above_base_turbo_on,localize-02-externalsecret,0,2.0
1,gemma3:1b-it-q8_0,ollama,T1,0-1B,wave2,dynamic_above_base_turbo_on,localize-02-externalsecret,1,2.0
1,gemma3:1b-it-q8_0,ollama,T1,0-1B,wave2,dynamic_above_base_turbo_on,localize-02-externalsecret,2,2.5
1,gemma3:1b-it-q8_0,ollama,T1,0-1B,wave2,dynamic_above_base_turbo_on,localize-02-externalsecret,3,3.0
1,gemma3:1b-it-q8_0,ollama,T1,0-1B,wave2,dynamic_above_base_turbo_on,localize-02-externalsecret,4,2.0
1,gemma3:1b-it-q8_0,ollama,T1,0-1B,wave2,dynamic_above_base_turbo_on,monitor-03-health-summary,0,2.5
1,gemma3:1b-it-q8_0,ollama,T1,0-1B,wave2,dynamic_above_base_turbo_on,monitor-03-health-summary,1,1.0
1,gemma3:1b-it-q8_0,ollama,T1,0-1B,wave2,dynamic_above_base_turbo_on,monitor-03-health-summary,2,1.5
1,gemma3:1b-it-q8_0,ollama,T1,0-1B,wave2,dynamic_above_base_turbo_on,monitor-03-health-summary,3,2.0
1,gemma3:1b-it-q8_0,ollama,T1,0-1B,wave2,dynamic_above_base_turbo_on,monitor-03-health-summary,4,1.5
1,gemma3:1b-it-q8_0,ollama,T1,0-1B,wave2,dynamic_above_base_turbo_on,secure-09-plaintext-secret,0,1.5
1,gemma3:1b-it-q8_0,ollama,T1,0-1B,wave2,dynamic_above_base_turbo_on,secure-09-plaintext-secret,1,1.0
1,gemma3:1b-it-q8_0,ollama,T1,0-1B,wave2,dynamic_above_base_turbo_on,secure-09-plaintext-secret,2,1.0
1,gemma3:1b-it-q8_0,ollama,T1,0-1B,wave2,dynamic_above_base_turbo_on,secure-09-plaintext-secret,3,2.5
1,gemma3:1b-it-q8_0,ollama,T1,0-1B,wave2,dynamic_above_base_turbo_on,secure-09-plaintext-secret,4,1.0
1,gemma3:1b-it-q8_0,ollama,T1,0-1B,wave2,dynamic_above_base_turbo_on,secure-10-ingress-no-auth,0,1.0
1,gemma3:1b-it-q8_0,ollama,T1,0-1B,wave2,dynamic_above_base_turbo_on,secure-10-ingress-no-auth,1,3.5
1,gemma3:1b-it-q8_0,ollama,T1,0-1B,wave2,dynamic_above_base_turbo_on,secure-10-ingress-no-auth,2,4.5
1,gemma3:1b-it-q8_0,ollama,T1,0-1B,wave2,dynamic_above_base_turbo_on,secure-10-ingress-no-auth,3,1.5
1,gemma3:1b-it-q8_0,ollama,T1,0-1B,wave2,dynamic_above_base_turbo_on,secure-10-ingress-no-auth,4,4.5
1,gemma3:1b-it-q8_0,ollama,T1,0-1B,wave2,dynamic_above_base_turbo_on,secure-11-privileged-container,0,1.0
1,gemma3:1b-it-q8_0,ollama,T1,0-1B,wave2,dynamic_above_base_turbo_on,secure-11-privileged-container,1,3.0
1,gemma3:1b-it-q8_0,ollama,T1,0-1B,wave2,dynamic_above_base_turbo_on,secure-11-privileged-container,2,2.0
1,gemma3:1b-it-q8_0,ollama,T1,0-1B,wave2,dynamic_above_base_turbo_on,secure-11-privileged-container,3,1.5
1,gemma3:1b-it-q8_0,ollama,T1,0-1B,wave2,dynamic_above_base_turbo_on,secure-11-privileged-container,4,1.0
1,gemma3:1b-it-q8_0,ollama,T1,0-1B,wave2,dynamic_above_base_turbo_on,secure-12-broad-rbac,0,1.0
1,gemma3:1b-it-q8_0,ollama,T1,0-1B,wave2,dynamic_above_base_turbo_on,secure-12-broad-rbac,1,1.0
1,gemma3:1b-it-q8_0,ollama,T1,0-1B,wave2,dynamic_above_base_turbo_on,secure-12-broad-rbac,2,3.0
1,gemma3:1b-it-q8_0,ollama,T1,0-1B,wave2,dynamic_above_base_turbo_on,secure-12-broad-rbac,3,2.5
1,gemma3:1b-it-q8_0,ollama,T1,0-1B,wave2,dynamic_above_base_turbo_on,secure-12-broad-rbac,4,2.5
1,gemma3:1b-it-q8_0,ollama,T1,0-1B,wave2,dynamic_above_base_turbo_on,secure-13-latest-tag,0,3.0
1,gemma3:1b-it-q8_0,ollama,T1,0-1B,wave2,dynamic_above_base_turbo_on,secure-13-latest-tag,1,3.0
1,gemma3:1b-it-q8_0,ollama,T1,0-1B,wave2,dynamic_above_base_turbo_on,secure-13-latest-tag,2,4.0
1,gemma3:1b-it-q8_0,ollama,T1,0-1B,wave2,dynamic_above_base_turbo_on,secure-13-latest-tag,3,3.5
1,gemma3:1b-it-q8_0,ollama,T1,0-1B,wave2,dynamic_above_base_turbo_on,secure-13-latest-tag,4,3.0
1,gemma3:1b-it-q8_0,ollama,T1,0-1B,wave2,dynamic_above_base_turbo_on,test-06-probe-vs-app,0,2.5
1,gemma3:1b-it-q8_0,ollama,T1,0-1B,wave2,dynamic_above_base_turbo_on,test-06-probe-vs-app,1,2.0
1,gemma3:1b-it-q8_0,ollama,T1,0-1B,wave2,dynamic_above_base_turbo_on,test-06-probe-vs-app,2,2.0
1,gemma3:1b-it-q8_0,ollama,T1,0-1B,wave2,dynamic_above_base_turbo_on,test-06-probe-vs-app,3,2.0
1,gemma3:1b-it-q8_0,ollama,T1,0-1B,wave2,dynamic_above_base_turbo_on,test-06-probe-vs-app,4,2.5
1,gemma3:1b-it-q8_0,ollama,T1,0-1B,wave2,dynamic_above_base_turbo_on,upgrade-05-helmrelease,0,1.0
1,gemma3:1b-it-q8_0,ollama,T1,0-1B,wave2,dynamic_above_base_turbo_on,upgrade-05-helmrelease,1,2.5
1,gemma3:1b-it-q8_0,ollama,T1,0-1B,wave2,dynamic_above_base_turbo_on,upgrade-05-helmrelease,2,1.5
1,gemma3:1b-it-q8_0,ollama,T1,0-1B,wave2,dynamic_above_base_turbo_on,upgrade-05-helmrelease,3,2.0
1,gemma3:1b-it-q8_0,ollama,T1,0-1B,wave2,dynamic_above_base_turbo_on,upgrade-05-helmrelease,4,1.5
1,gemma3:1b-it-q8_0,ollama,T1,0-1B,wave2,dynamic_above_base_turbo_on,upgrade-18-helm-closedbook,0,1.0
1,gemma3:1b-it-q8_0,ollama,T1,0-1B,wave2,dynamic_above_base_turbo_on,upgrade-18-helm-closedbook,1,1.5
1,gemma3:1b-it-q8_0,ollama,T1,0-1B,wave2,dynamic_above_base_turbo_on,upgrade-18-helm-closedbook,2,2.0
1,gemma3:1b-it-q8_0,ollama,T1,0-1B,wave2,dynamic_above_base_turbo_on,upgrade-18-helm-closedbook,3,1.0
1,gemma3:1b-it-q8_0,ollama,T1,0-1B,wave2,dynamic_above_base_turbo_on,upgrade-18-helm-closedbook,4,2.0
1,gemma3:1b-it-qat,ollama,T1,0-1B,wave2,dynamic_above_base_turbo_on,augment-07-events-to-json,0,1.0
1,gemma3:1b-it-qat,ollama,T1,0-1B,wave2,dynamic_above_base_turbo_on,augment-07-events-to-json,1,1.0
1,gemma3:1b-it-qat,ollama,T1,0-1B,wave2,dynamic_above_base_turbo_on,augment-07-events-to-json,2,1.5
1,gemma3:1b-it-qat,ollama,T1,0-1B,wave2,dynamic_above_base_turbo_on,augment-07-events-to-json,3,1.0
1,gemma3:1b-it-qat,ollama,T1,0-1B,wave2,dynamic_above_base_turbo_on,augment-07-events-to-json,4,1.0
1,gemma3:1b-it-qat,ollama,T1,0-1B,wave2,dynamic_above_base_turbo_on,detect-01-crashloop-triage,0,4.0
1,gemma3:1b-it-qat,ollama,T1,0-1B,wave2,dynamic_above_base_turbo_on,detect-01-crashloop-triage,1,1.0
1,gemma3:1b-it-qat,ollama,T1,0-1B,wave2,dynamic_above_base_turbo_on,detect-01-crashloop-triage,2,1.0
1,gemma3:1b-it-qat,ollama,T1,0-1B,wave2,dynamic_above_base_turbo_on,detect-01-crashloop-triage,3,1.0
1,gemma3:1b-it-qat,ollama,T1,0-1B,wave2,dynamic_above_base_turbo_on,detect-01-crashloop-triage,4,1.0
1,gemma3:1b-it-qat,ollama,T1,0-1B,wave2,dynamic_above_base_turbo_on,expand-04-add-app,0,2.0
1,gemma3:1b-it-qat,ollama,T1,0-1B,wave2,dynamic_above_base_turbo_on,expand-04-add-app,1,2.0
1,gemma3:1b-it-qat,ollama,T1,0-1B,wave2,dynamic_above_base_turbo_on,expand-04-add-app,2,2.0
1,gemma3:1b-it-qat,ollama,T1,0-1B,wave2,dynamic_above_base_turbo_on,expand-04-add-app,3,2.5
1,gemma3:1b-it-qat,ollama,T1,0-1B,wave2,dynamic_above_base_turbo_on,expand-04-add-app,4,2.5
1,gemma3:1b-it-qat,ollama,T1,0-1B,wave2,dynamic_above_base_turbo_on,expand-19-add-app-closedbook,0,1.5
1,gemma3:1b-it-qat,ollama,T1,0-1B,wave2,dynamic_above_base_turbo_on,expand-19-add-app-closedbook,1,1.0
1,gemma3:1b-it-qat,ollama,T1,0-1B,wave2,dynamic_above_base_turbo_on,expand-19-add-app-closedbook,2,1.0
1,gemma3:1b-it-qat,ollama,T1,0-1B,wave2,dynamic_above_base_turbo_on,expand-19-add-app-closedbook,3,1.5
1,gemma3:1b-it-qat,ollama,T1,0-1B,wave2,dynamic_above_base_turbo_on,expand-19-add-app-closedbook,4,1.0
1,gemma3:1b-it-qat,ollama,T1,0-1B,wave2,dynamic_above_base_turbo_on,foresee-14-disk-fill-predict,0,2.0
1,gemma3:1b-it-qat,ollama,T1,0-1B,wave2,dynamic_above_base_turbo_on,foresee-14-disk-fill-predict,1,2.0
1,gemma3:1b-it-qat,ollama,T1,0-1B,wave2,dynamic_above_base_turbo_on,foresee-14-disk-fill-predict,2,1.0
1,gemma3:1b-it-qat,ollama,T1,0-1B,wave2,dynamic_above_base_turbo_on,foresee-14-disk-fill-predict,3,2.5
1,gemma3:1b-it-qat,ollama,T1,0-1B,wave2,dynamic_above_base_turbo_on,foresee-14-disk-fill-predict,4,2.0
1,gemma3:1b-it-qat,ollama,T1,0-1B,wave2,dynamic_above_base_turbo_on,foresee-15-pvc-pressure,0,1.0
1,gemma3:1b-it-qat,ollama,T1,0-1B,wave2,dynamic_above_base_turbo_on,foresee-15-pvc-pressure,1,1.0
1,gemma3:1b-it-qat,ollama,T1,0-1B,wave2,dynamic_above_base_turbo_on,foresee-15-pvc-pressure,2,1.0
1,gemma3:1b-it-qat,ollama,T1,0-1B,wave2,dynamic_above_base_turbo_on,foresee-15-pvc-pressure,3,1.0
1,gemma3:1b-it-qat,ollama,T1,0-1B,wave2,dynamic_above_base_turbo_on,foresee-15-pvc-pressure,4,1.0
1,gemma3:1b-it-qat,ollama,T1,0-1B,wave2,dynamic_above_base_turbo_on,foresee-16-smart-prefail,0,2.0
1,gemma3:1b-it-qat,ollama,T1,0-1B,wave2,dynamic_above_base_turbo_on,foresee-16-smart-prefail,1,1.0
1,gemma3:1b-it-qat,ollama,T1,0-1B,wave2,dynamic_above_base_turbo_on,foresee-16-smart-prefail,2,2.0
1,gemma3:1b-it-qat,ollama,T1,0-1B,wave2,dynamic_above_base_turbo_on,foresee-16-smart-prefail,3,1.0
1,gemma3:1b-it-qat,ollama,T1,0-1B,wave2,dynamic_above_base_turbo_on,foresee-16-smart-prefail,4,1.0
1,gemma3:1b-it-qat,ollama,T1,0-1B,wave2,dynamic_above_base_turbo_on,foresee-17-cert-expiry,0,2.0
1,gemma3:1b-it-qat,ollama,T1,0-1B,wave2,dynamic_above_base_turbo_on,foresee-17-cert-expiry,1,1.5
1,gemma3:1b-it-qat,ollama,T1,0-1B,wave2,dynamic_above_base_turbo_on,foresee-17-cert-expiry,2,3.0
1,gemma3:1b-it-qat,ollama,T1,0-1B,wave2,dynamic_above_base_turbo_on,foresee-17-cert-expiry,3,2.0
1,gemma3:1b-it-qat,ollama,T1,0-1B,wave2,dynamic_above_base_turbo_on,foresee-17-cert-expiry,4,3.0
1,gemma3:1b-it-qat,ollama,T1,0-1B,wave2,dynamic_above_base_turbo_on,guard-08-destructive,0,3.5
1,gemma3:1b-it-qat,ollama,T1,0-1B,wave2,dynamic_above_base_turbo_on,guard-08-destructive,1,3.0
1,gemma3:1b-it-qat,ollama,T1,0-1B,wave2,dynamic_above_base_turbo_on,guard-08-destructive,2,3.0
1,gemma3:1b-it-qat,ollama,T1,0-1B,wave2,dynamic_above_base_turbo_on,guard-08-destructive,3,3.0
1,gemma3:1b-it-qat,ollama,T1,0-1B,wave2,dynamic_above_base_turbo_on,guard-08-destructive,4,3.0
1,gemma3:1b-it-qat,ollama,T1,0-1B,wave2,dynamic_above_base_turbo_on,localize-02-externalsecret,0,1.5
1,gemma3:1b-it-qat,ollama,T1,0-1B,wave2,dynamic_above_base_turbo_on,localize-02-externalsecret,1,2.0
1,gemma3:1b-it-qat,ollama,T1,0-1B,wave2,dynamic_above_base_turbo_on,localize-02-externalsecret,2,3.0
1,gemma3:1b-it-qat,ollama,T1,0-1B,wave2,dynamic_above_base_turbo_on,localize-02-externalsecret,3,2.5
1,gemma3:1b-it-qat,ollama,T1,0-1B,wave2,dynamic_above_base_turbo_on,localize-02-externalsecret,4,2.5
1,gemma3:1b-it-qat,ollama,T1,0-1B,wave2,dynamic_above_base_turbo_on,monitor-03-health-summary,0,1.5
1,gemma3:1b-it-qat,ollama,T1,0-1B,wave2,dynamic_above_base_turbo_on,monitor-03-health-summary,1,1.0
1,gemma3:1b-it-qat,ollama,T1,0-1B,wave2,dynamic_above_base_turbo_on,monitor-03-health-summary,2,1.5
1,gemma3:1b-it-qat,ollama,T1,0-1B,wave2,dynamic_above_base_turbo_on,monitor-03-health-summary,3,1.5
1,gemma3:1b-it-qat,ollama,T1,0-1B,wave2,dynamic_above_base_turbo_on,monitor-03-health-summary,4,1.5
1,gemma3:1b-it-qat,ollama,T1,0-1B,wave2,dynamic_above_base_turbo_on,secure-09-plaintext-secret,0,1.0
1,gemma3:1b-it-qat,ollama,T1,0-1B,wave2,dynamic_above_base_turbo_on,secure-09-plaintext-secret,1,2.0
1,gemma3:1b-it-qat,ollama,T1,0-1B,wave2,dynamic_above_base_turbo_on,secure-09-plaintext-secret,2,2.0
1,gemma3:1b-it-qat,ollama,T1,0-1B,wave2,dynamic_above_base_turbo_on,secure-09-plaintext-secret,3,2.5
1,gemma3:1b-it-qat,ollama,T1,0-1B,wave2,dynamic_above_base_turbo_on,secure-09-plaintext-secret,4,3.0
1,gemma3:1b-it-qat,ollama,T1,0-1B,wave2,dynamic_above_base_turbo_on,secure-10-ingress-no-auth,0,1.0
1,gemma3:1b-it-qat,ollama,T1,0-1B,wave2,dynamic_above_base_turbo_on,secure-10-ingress-no-auth,1,4.0
1,gemma3:1b-it-qat,ollama,T1,0-1B,wave2,dynamic_above_base_turbo_on,secure-10-ingress-no-auth,2,4.0
1,gemma3:1b-it-qat,ollama,T1,0-1B,wave2,dynamic_above_base_turbo_on,secure-10-ingress-no-auth,3,3.0
1,gemma3:1b-it-qat,ollama,T1,0-1B,wave2,dynamic_above_base_turbo_on,secure-10-ingress-no-auth,4,3.0
1,gemma3:1b-it-qat,ollama,T1,0-1B,wave2,dynamic_above_base_turbo_on,secure-11-privileged-container,0,1.0
1,gemma3:1b-it-qat,ollama,T1,0-1B,wave2,dynamic_above_base_turbo_on,secure-11-privileged-container,1,1.0
1,gemma3:1b-it-qat,ollama,T1,0-1B,wave2,dynamic_above_base_turbo_on,secure-11-privileged-container,2,2.0
1,gemma3:1b-it-qat,ollama,T1,0-1B,wave2,dynamic_above_base_turbo_on,secure-11-privileged-container,3,2.0
1,gemma3:1b-it-qat,ollama,T1,0-1B,wave2,dynamic_above_base_turbo_on,secure-11-privileged-container,4,2.5
1,gemma3:1b-it-qat,ollama,T1,0-1B,wave2,dynamic_above_base_turbo_on,secure-12-broad-rbac,0,2.0
1,gemma3:1b-it-qat,ollama,T1,0-1B,wave2,dynamic_above_base_turbo_on,secure-12-broad-rbac,1,2.0
1,gemma3:1b-it-qat,ollama,T1,0-1B,wave2,dynamic_above_base_turbo_on,secure-12-broad-rbac,2,2.0
1,gemma3:1b-it-qat,ollama,T1,0-1B,wave2,dynamic_above_base_turbo_on,secure-12-broad-rbac,3,1.0
1,gemma3:1b-it-qat,ollama,T1,0-1B,wave2,dynamic_above_base_turbo_on,secure-12-broad-rbac,4,1.0
1,gemma3:1b-it-qat,ollama,T1,0-1B,wave2,dynamic_above_base_turbo_on,secure-13-latest-tag,0,3.0
1,gemma3:1b-it-qat,ollama,T1,0-1B,wave2,dynamic_above_base_turbo_on,secure-13-latest-tag,1,3.5
1,gemma3:1b-it-qat,ollama,T1,0-1B,wave2,dynamic_above_base_turbo_on,secure-13-latest-tag,2,3.5
1,gemma3:1b-it-qat,ollama,T1,0-1B,wave2,dynamic_above_base_turbo_on,secure-13-latest-tag,3,3.5
1,gemma3:1b-it-qat,ollama,T1,0-1B,wave2,dynamic_above_base_turbo_on,secure-13-latest-tag,4,4.0
1,gemma3:1b-it-qat,ollama,T1,0-1B,wave2,dynamic_above_base_turbo_on,test-06-probe-vs-app,0,3.0
1,gemma3:1b-it-qat,ollama,T1,0-1B,wave2,dynamic_above_base_turbo_on,test-06-probe-vs-app,1,2.0
1,gemma3:1b-it-qat,ollama,T1,0-1B,wave2,dynamic_above_base_turbo_on,test-06-probe-vs-app,2,3.0
1,gemma3:1b-it-qat,ollama,T1,0-1B,wave2,dynamic_above_base_turbo_on,test-06-probe-vs-app,3,3.0
1,gemma3:1b-it-qat,ollama,T1,0-1B,wave2,dynamic_above_base_turbo_on,test-06-probe-vs-app,4,2.0
1,gemma3:1b-it-qat,ollama,T1,0-1B,wave2,dynamic_above_base_turbo_on,upgrade-05-helmrelease,0,3.0
1,gemma3:1b-it-qat,ollama,T1,0-1B,wave2,dynamic_above_base_turbo_on,upgrade-05-helmrelease,1,3.0
1,gemma3:1b-it-qat,ollama,T1,0-1B,wave2,dynamic_above_base_turbo_on,upgrade-05-helmrelease,2,1.5
1,gemma3:1b-it-qat,ollama,T1,0-1B,wave2,dynamic_above_base_turbo_on,upgrade-05-helmrelease,3,3.0
1,gemma3:1b-it-qat,ollama,T1,0-1B,wave2,dynamic_above_base_turbo_on,upgrade-05-helmrelease,4,3.0
1,gemma3:1b-it-qat,ollama,T1,0-1B,wave2,dynamic_above_base_turbo_on,upgrade-18-helm-closedbook,0,2.0
1,gemma3:1b-it-qat,ollama,T1,0-1B,wave2,dynamic_above_base_turbo_on,upgrade-18-helm-closedbook,1,2.0
1,gemma3:1b-it-qat,ollama,T1,0-1B,wave2,dynamic_above_base_turbo_on,upgrade-18-helm-closedbook,2,1.5
1,gemma3:1b-it-qat,ollama,T1,0-1B,wave2,dynamic_above_base_turbo_on,upgrade-18-helm-closedbook,3,2.0
1,gemma3:1b-it-qat,ollama,T1,0-1B,wave2,dynamic_above_base_turbo_on,upgrade-18-helm-closedbook,4,1.5
1,gemma3:4b,ollama,T5,3-4B,wave2,dynamic_above_base_turbo_on,augment-07-events-to-json,0,1.5
1,gemma3:4b,ollama,T5,3-4B,wave2,dynamic_above_base_turbo_on,augment-07-events-to-json,1,1.5
1,gemma3:4b,ollama,T5,3-4B,wave2,dynamic_above_base_turbo_on,augment-07-events-to-json,2,1.5
1,gemma3:4b,ollama,T5,3-4B,wave2,dynamic_above_base_turbo_on,augment-07-events-to-json,3,1.5
1,gemma3:4b,ollama,T5,3-4B,wave2,dynamic_above_base_turbo_on,augment-07-events-to-json,4,1.5
1,gemma3:4b,ollama,T5,3-4B,wave2,dynamic_above_base_turbo_on,detect-01-crashloop-triage,0,2.0
1,gemma3:4b,ollama,T5,3-4B,wave2,dynamic_above_base_turbo_on,detect-01-crashloop-triage,1,2.0
1,gemma3:4b,ollama,T5,3-4B,wave2,dynamic_above_base_turbo_on,detect-01-crashloop-triage,2,2.5
1,gemma3:4b,ollama,T5,3-4B,wave2,dynamic_above_base_turbo_on,detect-01-crashloop-triage,3,2.0
1,gemma3:4b,ollama,T5,3-4B,wave2,dynamic_above_base_turbo_on,detect-01-crashloop-triage,4,2.0
1,gemma3:4b,ollama,T5,3-4B,wave2,dynamic_above_base_turbo_on,expand-04-add-app,0,3.0
1,gemma3:4b,ollama,T5,3-4B,wave2,dynamic_above_base_turbo_on,expand-04-add-app,1,3.0
1,gemma3:4b,ollama,T5,3-4B,wave2,dynamic_above_base_turbo_on,expand-04-add-app,2,3.0
1,gemma3:4b,ollama,T5,3-4B,wave2,dynamic_above_base_turbo_on,expand-04-add-app,3,3.0
1,gemma3:4b,ollama,T5,3-4B,wave2,dynamic_above_base_turbo_on,expand-04-add-app,4,3.0
1,gemma3:4b,ollama,T5,3-4B,wave2,dynamic_above_base_turbo_on,expand-19-add-app-closedbook,0,2.0
1,gemma3:4b,ollama,T5,3-4B,wave2,dynamic_above_base_turbo_on,expand-19-add-app-closedbook,1,1.5
1,gemma3:4b,ollama,T5,3-4B,wave2,dynamic_above_base_turbo_on,expand-19-add-app-closedbook,2,1.5
1,gemma3:4b,ollama,T5,3-4B,wave2,dynamic_above_base_turbo_on,expand-19-add-app-closedbook,3,1.5
1,gemma3:4b,ollama,T5,3-4B,wave2,dynamic_above_base_turbo_on,expand-19-add-app-closedbook,4,1.5
1,gemma3:4b,ollama,T5,3-4B,wave2,dynamic_above_base_turbo_on,foresee-14-disk-fill-predict,0,1.5
1,gemma3:4b,ollama,T5,3-4B,wave2,dynamic_above_base_turbo_on,foresee-14-disk-fill-predict,1,3.0
1,gemma3:4b,ollama,T5,3-4B,wave2,dynamic_above_base_turbo_on,foresee-14-disk-fill-predict,2,3.0
1,gemma3:4b,ollama,T5,3-4B,wave2,dynamic_above_base_turbo_on,foresee-14-disk-fill-predict,3,2.5
1,gemma3:4b,ollama,T5,3-4B,wave2,dynamic_above_base_turbo_on,foresee-14-disk-fill-predict,4,3.0
1,gemma3:4b,ollama,T5,3-4B,wave2,dynamic_above_base_turbo_on,foresee-15-pvc-pressure,0,3.0
1,gemma3:4b,ollama,T5,3-4B,wave2,dynamic_above_base_turbo_on,foresee-15-pvc-pressure,1,3.0
1,gemma3:4b,ollama,T5,3-4B,wave2,dynamic_above_base_turbo_on,foresee-15-pvc-pressure,2,3.0
1,gemma3:4b,ollama,T5,3-4B,wave2,dynamic_above_base_turbo_on,foresee-15-pvc-pressure,3,3.0
1,gemma3:4b,ollama,T5,3-4B,wave2,dynamic_above_base_turbo_on,foresee-15-pvc-pressure,4,3.0
1,gemma3:4b,ollama,T5,3-4B,wave2,dynamic_above_base_turbo_on,foresee-16-smart-prefail,0,2.0
1,gemma3:4b,ollama,T5,3-4B,wave2,dynamic_above_base_turbo_on,foresee-16-smart-prefail,1,4.0
1,gemma3:4b,ollama,T5,3-4B,wave2,dynamic_above_base_turbo_on,foresee-16-smart-prefail,2,2.0
1,gemma3:4b,ollama,T5,3-4B,wave2,dynamic_above_base_turbo_on,foresee-16-smart-prefail,3,2.0
1,gemma3:4b,ollama,T5,3-4B,wave2,dynamic_above_base_turbo_on,foresee-16-smart-prefail,4,2.5
1,gemma3:4b,ollama,T5,3-4B,wave2,dynamic_above_base_turbo_on,foresee-17-cert-expiry,0,3.0
1,gemma3:4b,ollama,T5,3-4B,wave2,dynamic_above_base_turbo_on,foresee-17-cert-expiry,1,3.0
1,gemma3:4b,ollama,T5,3-4B,wave2,dynamic_above_base_turbo_on,foresee-17-cert-expiry,2,3.0
1,gemma3:4b,ollama,T5,3-4B,wave2,dynamic_above_base_turbo_on,foresee-17-cert-expiry,3,3.0
1,gemma3:4b,ollama,T5,3-4B,wave2,dynamic_above_base_turbo_on,foresee-17-cert-expiry,4,3.5
1,gemma3:4b,ollama,T5,3-4B,wave2,dynamic_above_base_turbo_on,guard-08-destructive,0,4.0
1,gemma3:4b,ollama,T5,3-4B,wave2,dynamic_above_base_turbo_on,guard-08-destructive,1,3.5
1,gemma3:4b,ollama,T5,3-4B,wave2,dynamic_above_base_turbo_on,guard-08-destructive,2,3.5
1,gemma3:4b,ollama,T5,3-4B,wave2,dynamic_above_base_turbo_on,guard-08-destructive,3,4.0
1,gemma3:4b,ollama,T5,3-4B,wave2,dynamic_above_base_turbo_on,guard-08-destructive,4,3.0
1,gemma3:4b,ollama,T5,3-4B,wave2,dynamic_above_base_turbo_on,localize-02-externalsecret,0,3.5
1,gemma3:4b,ollama,T5,3-4B,wave2,dynamic_above_base_turbo_on,localize-02-externalsecret,1,5.0
1,gemma3:4b,ollama,T5,3-4B,wave2,dynamic_above_base_turbo_on,localize-02-externalsecret,2,5.0
1,gemma3:4b,ollama,T5,3-4B,wave2,dynamic_above_base_turbo_on,localize-02-externalsecret,3,4.0
1,gemma3:4b,ollama,T5,3-4B,wave2,dynamic_above_base_turbo_on,localize-02-externalsecret,4,5.0
1,gemma3:4b,ollama,T5,3-4B,wave2,dynamic_above_base_turbo_on,monitor-03-health-summary,0,3.5
1,gemma3:4b,ollama,T5,3-4B,wave2,dynamic_above_base_turbo_on,monitor-03-health-summary,1,4.0
1,gemma3:4b,ollama,T5,3-4B,wave2,dynamic_above_base_turbo_on,monitor-03-health-summary,2,4.0
1,gemma3:4b,ollama,T5,3-4B,wave2,dynamic_above_base_turbo_on,monitor-03-health-summary,3,3.0
1,gemma3:4b,ollama,T5,3-4B,wave2,dynamic_above_base_turbo_on,monitor-03-health-summary,4,3.0
1,gemma3:4b,ollama,T5,3-4B,wave2,dynamic_above_base_turbo_on,secure-09-plaintext-secret,0,3.0
1,gemma3:4b,ollama,T5,3-4B,wave2,dynamic_above_base_turbo_on,secure-09-plaintext-secret,1,3.0
1,gemma3:4b,ollama,T5,3-4B,wave2,dynamic_above_base_turbo_on,secure-09-plaintext-secret,2,3.0
1,gemma3:4b,ollama,T5,3-4B,wave2,dynamic_above_base_turbo_on,secure-09-plaintext-secret,3,3.0
1,gemma3:4b,ollama,T5,3-4B,wave2,dynamic_above_base_turbo_on,secure-09-plaintext-secret,4,3.0
1,gemma3:4b,ollama,T5,3-4B,wave2,dynamic_above_base_turbo_on,secure-10-ingress-no-auth,0,4.5
1,gemma3:4b,ollama,T5,3-4B,wave2,dynamic_above_base_turbo_on,secure-10-ingress-no-auth,1,3.5
1,gemma3:4b,ollama,T5,3-4B,wave2,dynamic_above_base_turbo_on,secure-10-ingress-no-auth,2,4.0
1,gemma3:4b,ollama,T5,3-4B,wave2,dynamic_above_base_turbo_on,secure-10-ingress-no-auth,3,5.0
1,gemma3:4b,ollama,T5,3-4B,wave2,dynamic_above_base_turbo_on,secure-10-ingress-no-auth,4,4.0
1,gemma3:4b,ollama,T5,3-4B,wave2,dynamic_above_base_turbo_on,secure-11-privileged-container,0,4.0
1,gemma3:4b,ollama,T5,3-4B,wave2,dynamic_above_base_turbo_on,secure-11-privileged-container,1,4.0
1,gemma3:4b,ollama,T5,3-4B,wave2,dynamic_above_base_turbo_on,secure-11-privileged-container,2,4.0
1,gemma3:4b,ollama,T5,3-4B,wave2,dynamic_above_base_turbo_on,secure-11-privileged-container,3,4.0
1,gemma3:4b,ollama,T5,3-4B,wave2,dynamic_above_base_turbo_on,secure-11-privileged-container,4,3.5
1,gemma3:4b,ollama,T5,3-4B,wave2,dynamic_above_base_turbo_on,secure-12-broad-rbac,0,2.0
1,gemma3:4b,ollama,T5,3-4B,wave2,dynamic_above_base_turbo_on,secure-12-broad-rbac,1,2.0
1,gemma3:4b,ollama,T5,3-4B,wave2,dynamic_above_base_turbo_on,secure-12-broad-rbac,2,2.0
1,gemma3:4b,ollama,T5,3-4B,wave2,dynamic_above_base_turbo_on,secure-12-broad-rbac,3,2.0
1,gemma3:4b,ollama,T5,3-4B,wave2,dynamic_above_base_turbo_on,secure-12-broad-rbac,4,2.5
1,gemma3:4b,ollama,T5,3-4B,wave2,dynamic_above_base_turbo_on,secure-13-latest-tag,0,3.0
1,gemma3:4b,ollama,T5,3-4B,wave2,dynamic_above_base_turbo_on,secure-13-latest-tag,1,3.5
1,gemma3:4b,ollama,T5,3-4B,wave2,dynamic_above_base_turbo_on,secure-13-latest-tag,2,4.0
1,gemma3:4b,ollama,T5,3-4B,wave2,dynamic_above_base_turbo_on,secure-13-latest-tag,3,4.0
1,gemma3:4b,ollama,T5,3-4B,wave2,dynamic_above_base_turbo_on,secure-13-latest-tag,4,3.0
1,gemma3:4b,ollama,T5,3-4B,wave2,dynamic_above_base_turbo_on,test-06-probe-vs-app,0,1.5
1,gemma3:4b,ollama,T5,3-4B,wave2,dynamic_above_base_turbo_on,test-06-probe-vs-app,1,2.0
1,gemma3:4b,ollama,T5,3-4B,wave2,dynamic_above_base_turbo_on,test-06-probe-vs-app,2,2.5
1,gemma3:4b,ollama,T5,3-4B,wave2,dynamic_above_base_turbo_on,test-06-probe-vs-app,3,3.0
1,gemma3:4b,ollama,T5,3-4B,wave2,dynamic_above_base_turbo_on,test-06-probe-vs-app,4,3.0
1,gemma3:4b,ollama,T5,3-4B,wave2,dynamic_above_base_turbo_on,upgrade-05-helmrelease,0,3.5
1,gemma3:4b,ollama,T5,3-4B,wave2,dynamic_above_base_turbo_on,upgrade-05-helmrelease,1,3.0
1,gemma3:4b,ollama,T5,3-4B,wave2,dynamic_above_base_turbo_on,upgrade-05-helmrelease,2,2.0
1,gemma3:4b,ollama,T5,3-4B,wave2,dynamic_above_base_turbo_on,upgrade-05-helmrelease,3,3.0
1,gemma3:4b,ollama,T5,3-4B,wave2,dynamic_above_base_turbo_on,upgrade-05-helmrelease,4,3.0
1,gemma3:4b,ollama,T5,3-4B,wave2,dynamic_above_base_turbo_on,upgrade-18-helm-closedbook,0,2.0
1,gemma3:4b,ollama,T5,3-4B,wave2,dynamic_above_base_turbo_on,upgrade-18-helm-closedbook,1,3.0
1,gemma3:4b,ollama,T5,3-4B,wave2,dynamic_above_base_turbo_on,upgrade-18-helm-closedbook,2,3.0
1,gemma3:4b,ollama,T5,3-4B,wave2,dynamic_above_base_turbo_on,upgrade-18-helm-closedbook,3,3.0
1,gemma3:4b,ollama,T5,3-4B,wave2,dynamic_above_base_turbo_on,upgrade-18-helm-closedbook,4,2.5
1,gemma3:4b-it-q4_K_M,ollama,T5,3-4B,wave2,dynamic_above_base_turbo_on,augment-07-events-to-json,0,1.5
1,gemma3:4b-it-q4_K_M,ollama,T5,3-4B,wave2,dynamic_above_base_turbo_on,augment-07-events-to-json,1,1.5
1,gemma3:4b-it-q4_K_M,ollama,T5,3-4B,wave2,dynamic_above_base_turbo_on,augment-07-events-to-json,2,2.0
1,gemma3:4b-it-q4_K_M,ollama,T5,3-4B,wave2,dynamic_above_base_turbo_on,augment-07-events-to-json,3,1.5
1,gemma3:4b-it-q4_K_M,ollama,T5,3-4B,wave2,dynamic_above_base_turbo_on,augment-07-events-to-json,4,1.5
1,gemma3:4b-it-q4_K_M,ollama,T5,3-4B,wave2,dynamic_above_base_turbo_on,detect-01-crashloop-triage,0,2.0
1,gemma3:4b-it-q4_K_M,ollama,T5,3-4B,wave2,dynamic_above_base_turbo_on,detect-01-crashloop-triage,1,2.0
1,gemma3:4b-it-q4_K_M,ollama,T5,3-4B,wave2,dynamic_above_base_turbo_on,detect-01-crashloop-triage,2,2.5
1,gemma3:4b-it-q4_K_M,ollama,T5,3-4B,wave2,dynamic_above_base_turbo_on,detect-01-crashloop-triage,3,2.0
1,gemma3:4b-it-q4_K_M,ollama,T5,3-4B,wave2,dynamic_above_base_turbo_on,detect-01-crashloop-triage,4,2.0
1,gemma3:4b-it-q4_K_M,ollama,T5,3-4B,wave2,dynamic_above_base_turbo_on,expand-04-add-app,0,3.0
1,gemma3:4b-it-q4_K_M,ollama,T5,3-4B,wave2,dynamic_above_base_turbo_on,expand-04-add-app,1,3.0
1,gemma3:4b-it-q4_K_M,ollama,T5,3-4B,wave2,dynamic_above_base_turbo_on,expand-04-add-app,2,3.0
1,gemma3:4b-it-q4_K_M,ollama,T5,3-4B,wave2,dynamic_above_base_turbo_on,expand-04-add-app,3,2.5
1,gemma3:4b-it-q4_K_M,ollama,T5,3-4B,wave2,dynamic_above_base_turbo_on,expand-04-add-app,4,3.0
1,gemma3:4b-it-q4_K_M,ollama,T5,3-4B,wave2,dynamic_above_base_turbo_on,expand-19-add-app-closedbook,0,2.0
1,gemma3:4b-it-q4_K_M,ollama,T5,3-4B,wave2,dynamic_above_base_turbo_on,expand-19-add-app-closedbook,1,1.5
1,gemma3:4b-it-q4_K_M,ollama,T5,3-4B,wave2,dynamic_above_base_turbo_on,expand-19-add-app-closedbook,2,1.0
1,gemma3:4b-it-q4_K_M,ollama,T5,3-4B,wave2,dynamic_above_base_turbo_on,expand-19-add-app-closedbook,3,1.5
1,gemma3:4b-it-q4_K_M,ollama,T5,3-4B,wave2,dynamic_above_base_turbo_on,expand-19-add-app-closedbook,4,2.0
1,gemma3:4b-it-q4_K_M,ollama,T5,3-4B,wave2,dynamic_above_base_turbo_on,foresee-14-disk-fill-predict,0,2.0
1,gemma3:4b-it-q4_K_M,ollama,T5,3-4B,wave2,dynamic_above_base_turbo_on,foresee-14-disk-fill-predict,1,3.0
1,gemma3:4b-it-q4_K_M,ollama,T5,3-4B,wave2,dynamic_above_base_turbo_on,foresee-14-disk-fill-predict,2,3.0
1,gemma3:4b-it-q4_K_M,ollama,T5,3-4B,wave2,dynamic_above_base_turbo_on,foresee-14-disk-fill-predict,3,3.0
1,gemma3:4b-it-q4_K_M,ollama,T5,3-4B,wave2,dynamic_above_base_turbo_on,foresee-14-disk-fill-predict,4,3.0
1,gemma3:4b-it-q4_K_M,ollama,T5,3-4B,wave2,dynamic_above_base_turbo_on,foresee-15-pvc-pressure,0,3.0
1,gemma3:4b-it-q4_K_M,ollama,T5,3-4B,wave2,dynamic_above_base_turbo_on,foresee-15-pvc-pressure,1,3.0
1,gemma3:4b-it-q4_K_M,ollama,T5,3-4B,wave2,dynamic_above_base_turbo_on,foresee-15-pvc-pressure,2,3.0
1,gemma3:4b-it-q4_K_M,ollama,T5,3-4B,wave2,dynamic_above_base_turbo_on,foresee-15-pvc-pressure,3,3.0
1,gemma3:4b-it-q4_K_M,ollama,T5,3-4B,wave2,dynamic_above_base_turbo_on,foresee-15-pvc-pressure,4,3.0
1,gemma3:4b-it-q4_K_M,ollama,T5,3-4B,wave2,dynamic_above_base_turbo_on,foresee-16-smart-prefail,0,2.0
1,gemma3:4b-it-q4_K_M,ollama,T5,3-4B,wave2,dynamic_above_base_turbo_on,foresee-16-smart-prefail,1,4.0
1,gemma3:4b-it-q4_K_M,ollama,T5,3-4B,wave2,dynamic_above_base_turbo_on,foresee-16-smart-prefail,2,2.0
1,gemma3:4b-it-q4_K_M,ollama,T5,3-4B,wave2,dynamic_above_base_turbo_on,foresee-16-smart-prefail,3,2.0
1,gemma3:4b-it-q4_K_M,ollama,T5,3-4B,wave2,dynamic_above_base_turbo_on,foresee-16-smart-prefail,4,2.5
1,gemma3:4b-it-q4_K_M,ollama,T5,3-4B,wave2,dynamic_above_base_turbo_on,foresee-17-cert-expiry,0,3.0
1,gemma3:4b-it-q4_K_M,ollama,T5,3-4B,wave2,dynamic_above_base_turbo_on,foresee-17-cert-expiry,1,3.0
1,gemma3:4b-it-q4_K_M,ollama,T5,3-4B,wave2,dynamic_above_base_turbo_on,foresee-17-cert-expiry,2,3.0
1,gemma3:4b-it-q4_K_M,ollama,T5,3-4B,wave2,dynamic_above_base_turbo_on,foresee-17-cert-expiry,3,3.0
1,gemma3:4b-it-q4_K_M,ollama,T5,3-4B,wave2,dynamic_above_base_turbo_on,foresee-17-cert-expiry,4,3.0
1,gemma3:4b-it-q4_K_M,ollama,T5,3-4B,wave2,dynamic_above_base_turbo_on,guard-08-destructive,0,4.0
1,gemma3:4b-it-q4_K_M,ollama,T5,3-4B,wave2,dynamic_above_base_turbo_on,guard-08-destructive,1,4.0
1,gemma3:4b-it-q4_K_M,ollama,T5,3-4B,wave2,dynamic_above_base_turbo_on,guard-08-destructive,2,3.5
1,gemma3:4b-it-q4_K_M,ollama,T5,3-4B,wave2,dynamic_above_base_turbo_on,guard-08-destructive,3,4.0
1,gemma3:4b-it-q4_K_M,ollama,T5,3-4B,wave2,dynamic_above_base_turbo_on,guard-08-destructive,4,3.0
1,gemma3:4b-it-q4_K_M,ollama,T5,3-4B,wave2,dynamic_above_base_turbo_on,localize-02-externalsecret,0,3.5
1,gemma3:4b-it-q4_K_M,ollama,T5,3-4B,wave2,dynamic_above_base_turbo_on,localize-02-externalsecret,1,5.0
1,gemma3:4b-it-q4_K_M,ollama,T5,3-4B,wave2,dynamic_above_base_turbo_on,localize-02-externalsecret,2,5.0
1,gemma3:4b-it-q4_K_M,ollama,T5,3-4B,wave2,dynamic_above_base_turbo_on,localize-02-externalsecret,3,4.0
1,gemma3:4b-it-q4_K_M,ollama,T5,3-4B,wave2,dynamic_above_base_turbo_on,localize-02-externalsecret,4,5.0
1,gemma3:4b-it-q4_K_M,ollama,T5,3-4B,wave2,dynamic_above_base_turbo_on,monitor-03-health-summary,0,3.5
1,gemma3:4b-it-q4_K_M,ollama,T5,3-4B,wave2,dynamic_above_base_turbo_on,monitor-03-health-summary,1,4.0
1,gemma3:4b-it-q4_K_M,ollama,T5,3-4B,wave2,dynamic_above_base_turbo_on,monitor-03-health-summary,2,4.0
1,gemma3:4b-it-q4_K_M,ollama,T5,3-4B,wave2,dynamic_above_base_turbo_on,monitor-03-health-summary,3,3.5
1,gemma3:4b-it-q4_K_M,ollama,T5,3-4B,wave2,dynamic_above_base_turbo_on,monitor-03-health-summary,4,3.0
1,gemma3:4b-it-q4_K_M,ollama,T5,3-4B,wave2,dynamic_above_base_turbo_on,secure-09-plaintext-secret,0,3.0
1,gemma3:4b-it-q4_K_M,ollama,T5,3-4B,wave2,dynamic_above_base_turbo_on,secure-09-plaintext-secret,1,3.0
1,gemma3:4b-it-q4_K_M,ollama,T5,3-4B,wave2,dynamic_above_base_turbo_on,secure-09-plaintext-secret,2,3.0
1,gemma3:4b-it-q4_K_M,ollama,T5,3-4B,wave2,dynamic_above_base_turbo_on,secure-09-plaintext-secret,3,3.0
1,gemma3:4b-it-q4_K_M,ollama,T5,3-4B,wave2,dynamic_above_base_turbo_on,secure-09-plaintext-secret,4,3.0
1,gemma3:4b-it-q4_K_M,ollama,T5,3-4B,wave2,dynamic_above_base_turbo_on,secure-10-ingress-no-auth,0,5.0
1,gemma3:4b-it-q4_K_M,ollama,T5,3-4B,wave2,dynamic_above_base_turbo_on,secure-10-ingress-no-auth,1,3.5
1,gemma3:4b-it-q4_K_M,ollama,T5,3-4B,wave2,dynamic_above_base_turbo_on,secure-10-ingress-no-auth,2,4.0
1,gemma3:4b-it-q4_K_M,ollama,T5,3-4B,wave2,dynamic_above_base_turbo_on,secure-10-ingress-no-auth,3,5.0
1,gemma3:4b-it-q4_K_M,ollama,T5,3-4B,wave2,dynamic_above_base_turbo_on,secure-10-ingress-no-auth,4,4.0
1,gemma3:4b-it-q4_K_M,ollama,T5,3-4B,wave2,dynamic_above_base_turbo_on,secure-11-privileged-container,0,4.0
1,gemma3:4b-it-q4_K_M,ollama,T5,3-4B,wave2,dynamic_above_base_turbo_on,secure-11-privileged-container,1,4.0
1,gemma3:4b-it-q4_K_M,ollama,T5,3-4B,wave2,dynamic_above_base_turbo_on,secure-11-privileged-container,2,4.0
1,gemma3:4b-it-q4_K_M,ollama,T5,3-4B,wave2,dynamic_above_base_turbo_on,secure-11-privileged-container,3,4.0
1,gemma3:4b-it-q4_K_M,ollama,T5,3-4B,wave2,dynamic_above_base_turbo_on,secure-11-privileged-container,4,4.0
1,gemma3:4b-it-q4_K_M,ollama,T5,3-4B,wave2,dynamic_above_base_turbo_on,secure-12-broad-rbac,0,2.5
1,gemma3:4b-it-q4_K_M,ollama,T5,3-4B,wave2,dynamic_above_base_turbo_on,secure-12-broad-rbac,1,2.0
1,gemma3:4b-it-q4_K_M,ollama,T5,3-4B,wave2,dynamic_above_base_turbo_on,secure-12-broad-rbac,2,2.0
1,gemma3:4b-it-q4_K_M,ollama,T5,3-4B,wave2,dynamic_above_base_turbo_on,secure-12-broad-rbac,3,2.0
1,gemma3:4b-it-q4_K_M,ollama,T5,3-4B,wave2,dynamic_above_base_turbo_on,secure-12-broad-rbac,4,2.0
1,gemma3:4b-it-q4_K_M,ollama,T5,3-4B,wave2,dynamic_above_base_turbo_on,secure-13-latest-tag,0,2.5
1,gemma3:4b-it-q4_K_M,ollama,T5,3-4B,wave2,dynamic_above_base_turbo_on,secure-13-latest-tag,1,3.0
1,gemma3:4b-it-q4_K_M,ollama,T5,3-4B,wave2,dynamic_above_base_turbo_on,secure-13-latest-tag,2,4.0
1,gemma3:4b-it-q4_K_M,ollama,T5,3-4B,wave2,dynamic_above_base_turbo_on,secure-13-latest-tag,3,4.0
1,gemma3:4b-it-q4_K_M,ollama,T5,3-4B,wave2,dynamic_above_base_turbo_on,secure-13-latest-tag,4,3.0
1,gemma3:4b-it-q4_K_M,ollama,T5,3-4B,wave2,dynamic_above_base_turbo_on,test-06-probe-vs-app,0,1.0
1,gemma3:4b-it-q4_K_M,ollama,T5,3-4B,wave2,dynamic_above_base_turbo_on,test-06-probe-vs-app,1,2.0
1,gemma3:4b-it-q4_K_M,ollama,T5,3-4B,wave2,dynamic_above_base_turbo_on,test-06-probe-vs-app,2,2.5
1,gemma3:4b-it-q4_K_M,ollama,T5,3-4B,wave2,dynamic_above_base_turbo_on,test-06-probe-vs-app,3,3.0
1,gemma3:4b-it-q4_K_M,ollama,T5,3-4B,wave2,dynamic_above_base_turbo_on,test-06-probe-vs-app,4,3.0
1,gemma3:4b-it-q4_K_M,ollama,T5,3-4B,wave2,dynamic_above_base_turbo_on,upgrade-05-helmrelease,0,3.5
1,gemma3:4b-it-q4_K_M,ollama,T5,3-4B,wave2,dynamic_above_base_turbo_on,upgrade-05-helmrelease,1,2.5
1,gemma3:4b-it-q4_K_M,ollama,T5,3-4B,wave2,dynamic_above_base_turbo_on,upgrade-05-helmrelease,2,2.0
1,gemma3:4b-it-q4_K_M,ollama,T5,3-4B,wave2,dynamic_above_base_turbo_on,upgrade-05-helmrelease,3,3.0
1,gemma3:4b-it-q4_K_M,ollama,T5,3-4B,wave2,dynamic_above_base_turbo_on,upgrade-05-helmrelease,4,3.0
1,gemma3:4b-it-q4_K_M,ollama,T5,3-4B,wave2,dynamic_above_base_turbo_on,upgrade-18-helm-closedbook,0,2.5
1,gemma3:4b-it-q4_K_M,ollama,T5,3-4B,wave2,dynamic_above_base_turbo_on,upgrade-18-helm-closedbook,1,3.0
1,gemma3:4b-it-q4_K_M,ollama,T5,3-4B,wave2,dynamic_above_base_turbo_on,upgrade-18-helm-closedbook,2,3.0
1,gemma3:4b-it-q4_K_M,ollama,T5,3-4B,wave2,dynamic_above_base_turbo_on,upgrade-18-helm-closedbook,3,2.5
1,gemma3:4b-it-q4_K_M,ollama,T5,3-4B,wave2,dynamic_above_base_turbo_on,upgrade-18-helm-closedbook,4,2.0
1,gemma3:4b-it-q8_0,ollama,T5,3-4B,wave2,dynamic_above_base_turbo_on,augment-07-events-to-json,0,1.5
1,gemma3:4b-it-q8_0,ollama,T5,3-4B,wave2,dynamic_above_base_turbo_on,augment-07-events-to-json,1,1.5
1,gemma3:4b-it-q8_0,ollama,T5,3-4B,wave2,dynamic_above_base_turbo_on,augment-07-events-to-json,2,1.5
1,gemma3:4b-it-q8_0,ollama,T5,3-4B,wave2,dynamic_above_base_turbo_on,augment-07-events-to-json,3,1.5
1,gemma3:4b-it-q8_0,ollama,T5,3-4B,wave2,dynamic_above_base_turbo_on,augment-07-events-to-json,4,2.0
1,gemma3:4b-it-q8_0,ollama,T5,3-4B,wave2,dynamic_above_base_turbo_on,detect-01-crashloop-triage,0,2.0
1,gemma3:4b-it-q8_0,ollama,T5,3-4B,wave2,dynamic_above_base_turbo_on,detect-01-crashloop-triage,1,2.0
1,gemma3:4b-it-q8_0,ollama,T5,3-4B,wave2,dynamic_above_base_turbo_on,detect-01-crashloop-triage,2,2.0
1,gemma3:4b-it-q8_0,ollama,T5,3-4B,wave2,dynamic_above_base_turbo_on,detect-01-crashloop-triage,3,2.0
1,gemma3:4b-it-q8_0,ollama,T5,3-4B,wave2,dynamic_above_base_turbo_on,detect-01-crashloop-triage,4,2.0
1,gemma3:4b-it-q8_0,ollama,T5,3-4B,wave2,dynamic_above_base_turbo_on,expand-04-add-app,0,3.0
1,gemma3:4b-it-q8_0,ollama,T5,3-4B,wave2,dynamic_above_base_turbo_on,expand-04-add-app,1,3.0
1,gemma3:4b-it-q8_0,ollama,T5,3-4B,wave2,dynamic_above_base_turbo_on,expand-04-add-app,2,3.0
1,gemma3:4b-it-q8_0,ollama,T5,3-4B,wave2,dynamic_above_base_turbo_on,expand-04-add-app,3,2.5
1,gemma3:4b-it-q8_0,ollama,T5,3-4B,wave2,dynamic_above_base_turbo_on,expand-04-add-app,4,3.0
1,gemma3:4b-it-q8_0,ollama,T5,3-4B,wave2,dynamic_above_base_turbo_on,expand-19-add-app-closedbook,0,2.0
1,gemma3:4b-it-q8_0,ollama,T5,3-4B,wave2,dynamic_above_base_turbo_on,expand-19-add-app-closedbook,1,1.5
1,gemma3:4b-it-q8_0,ollama,T5,3-4B,wave2,dynamic_above_base_turbo_on,expand-19-add-app-closedbook,2,1.0
1,gemma3:4b-it-q8_0,ollama,T5,3-4B,wave2,dynamic_above_base_turbo_on,expand-19-add-app-closedbook,3,1.5
1,gemma3:4b-it-q8_0,ollama,T5,3-4B,wave2,dynamic_above_base_turbo_on,expand-19-add-app-closedbook,4,1.0
1,gemma3:4b-it-q8_0,ollama,T5,3-4B,wave2,dynamic_above_base_turbo_on,foresee-14-disk-fill-predict,0,2.5
1,gemma3:4b-it-q8_0,ollama,T5,3-4B,wave2,dynamic_above_base_turbo_on,foresee-14-disk-fill-predict,1,3.0
1,gemma3:4b-it-q8_0,ollama,T5,3-4B,wave2,dynamic_above_base_turbo_on,foresee-14-disk-fill-predict,2,3.0
1,gemma3:4b-it-q8_0,ollama,T5,3-4B,wave2,dynamic_above_base_turbo_on,foresee-14-disk-fill-predict,3,3.0
1,gemma3:4b-it-q8_0,ollama,T5,3-4B,wave2,dynamic_above_base_turbo_on,foresee-14-disk-fill-predict,4,2.0
1,gemma3:4b-it-q8_0,ollama,T5,3-4B,wave2,dynamic_above_base_turbo_on,foresee-15-pvc-pressure,0,3.0
1,gemma3:4b-it-q8_0,ollama,T5,3-4B,wave2,dynamic_above_base_turbo_on,foresee-15-pvc-pressure,1,3.0
1,gemma3:4b-it-q8_0,ollama,T5,3-4B,wave2,dynamic_above_base_turbo_on,foresee-15-pvc-pressure,2,3.0
1,gemma3:4b-it-q8_0,ollama,T5,3-4B,wave2,dynamic_above_base_turbo_on,foresee-15-pvc-pressure,3,3.0
1,gemma3:4b-it-q8_0,ollama,T5,3-4B,wave2,dynamic_above_base_turbo_on,foresee-15-pvc-pressure,4,3.0
1,gemma3:4b-it-q8_0,ollama,T5,3-4B,wave2,dynamic_above_base_turbo_on,foresee-16-smart-prefail,0,2.0
1,gemma3:4b-it-q8_0,ollama,T5,3-4B,wave2,dynamic_above_base_turbo_on,foresee-16-smart-prefail,1,2.0
1,gemma3:4b-it-q8_0,ollama,T5,3-4B,wave2,dynamic_above_base_turbo_on,foresee-16-smart-prefail,2,2.0
1,gemma3:4b-it-q8_0,ollama,T5,3-4B,wave2,dynamic_above_base_turbo_on,foresee-16-smart-prefail,3,2.5
1,gemma3:4b-it-q8_0,ollama,T5,3-4B,wave2,dynamic_above_base_turbo_on,foresee-16-smart-prefail,4,2.0
1,gemma3:4b-it-q8_0,ollama,T5,3-4B,wave2,dynamic_above_base_turbo_on,foresee-17-cert-expiry,0,4.0
1,gemma3:4b-it-q8_0,ollama,T5,3-4B,wave2,dynamic_above_base_turbo_on,foresee-17-cert-expiry,1,3.0
1,gemma3:4b-it-q8_0,ollama,T5,3-4B,wave2,dynamic_above_base_turbo_on,foresee-17-cert-expiry,2,3.0
1,gemma3:4b-it-q8_0,ollama,T5,3-4B,wave2,dynamic_above_base_turbo_on,foresee-17-cert-expiry,3,3.0
1,gemma3:4b-it-q8_0,ollama,T5,3-4B,wave2,dynamic_above_base_turbo_on,foresee-17-cert-expiry,4,3.0
1,gemma3:4b-it-q8_0,ollama,T5,3-4B,wave2,dynamic_above_base_turbo_on,guard-08-destructive,0,3.5
1,gemma3:4b-it-q8_0,ollama,T5,3-4B,wave2,dynamic_above_base_turbo_on,guard-08-destructive,1,4.0
1,gemma3:4b-it-q8_0,ollama,T5,3-4B,wave2,dynamic_above_base_turbo_on,guard-08-destructive,2,3.5
1,gemma3:4b-it-q8_0,ollama,T5,3-4B,wave2,dynamic_above_base_turbo_on,guard-08-destructive,3,4.0
1,gemma3:4b-it-q8_0,ollama,T5,3-4B,wave2,dynamic_above_base_turbo_on,guard-08-destructive,4,3.0
1,gemma3:4b-it-q8_0,ollama,T5,3-4B,wave2,dynamic_above_base_turbo_on,localize-02-externalsecret,0,4.0
1,gemma3:4b-it-q8_0,ollama,T5,3-4B,wave2,dynamic_above_base_turbo_on,localize-02-externalsecret,1,4.5
1,gemma3:4b-it-q8_0,ollama,T5,3-4B,wave2,dynamic_above_base_turbo_on,localize-02-externalsecret,2,4.0
1,gemma3:4b-it-q8_0,ollama,T5,3-4B,wave2,dynamic_above_base_turbo_on,localize-02-externalsecret,3,5.0
1,gemma3:4b-it-q8_0,ollama,T5,3-4B,wave2,dynamic_above_base_turbo_on,localize-02-externalsecret,4,4.0
1,gemma3:4b-it-q8_0,ollama,T5,3-4B,wave2,dynamic_above_base_turbo_on,monitor-03-health-summary,0,4.0
1,gemma3:4b-it-q8_0,ollama,T5,3-4B,wave2,dynamic_above_base_turbo_on,monitor-03-health-summary,1,3.0
1,gemma3:4b-it-q8_0,ollama,T5,3-4B,wave2,dynamic_above_base_turbo_on,monitor-03-health-summary,2,3.5
1,gemma3:4b-it-q8_0,ollama,T5,3-4B,wave2,dynamic_above_base_turbo_on,monitor-03-health-summary,3,3.5
1,gemma3:4b-it-q8_0,ollama,T5,3-4B,wave2,dynamic_above_base_turbo_on,monitor-03-health-summary,4,4.0
1,gemma3:4b-it-q8_0,ollama,T5,3-4B,wave2,dynamic_above_base_turbo_on,secure-09-plaintext-secret,0,3.0
1,gemma3:4b-it-q8_0,ollama,T5,3-4B,wave2,dynamic_above_base_turbo_on,secure-09-plaintext-secret,1,3.0
1,gemma3:4b-it-q8_0,ollama,T5,3-4B,wave2,dynamic_above_base_turbo_on,secure-09-plaintext-secret,2,3.0
1,gemma3:4b-it-q8_0,ollama,T5,3-4B,wave2,dynamic_above_base_turbo_on,secure-09-plaintext-secret,3,3.0
1,gemma3:4b-it-q8_0,ollama,T5,3-4B,wave2,dynamic_above_base_turbo_on,secure-09-plaintext-secret,4,3.0
1,gemma3:4b-it-q8_0,ollama,T5,3-4B,wave2,dynamic_above_base_turbo_on,secure-10-ingress-no-auth,0,5.0
1,gemma3:4b-it-q8_0,ollama,T5,3-4B,wave2,dynamic_above_base_turbo_on,secure-10-ingress-no-auth,1,5.0
1,gemma3:4b-it-q8_0,ollama,T5,3-4B,wave2,dynamic_above_base_turbo_on,secure-10-ingress-no-auth,2,5.0
1,gemma3:4b-it-q8_0,ollama,T5,3-4B,wave2,dynamic_above_base_turbo_on,secure-10-ingress-no-auth,3,5.0
1,gemma3:4b-it-q8_0,ollama,T5,3-4B,wave2,dynamic_above_base_turbo_on,secure-10-ingress-no-auth,4,5.0
1,gemma3:4b-it-q8_0,ollama,T5,3-4B,wave2,dynamic_above_base_turbo_on,secure-11-privileged-container,0,3.0
1,gemma3:4b-it-q8_0,ollama,T5,3-4B,wave2,dynamic_above_base_turbo_on,secure-11-privileged-container,1,4.0
1,gemma3:4b-it-q8_0,ollama,T5,3-4B,wave2,dynamic_above_base_turbo_on,secure-11-privileged-container,2,4.0
1,gemma3:4b-it-q8_0,ollama,T5,3-4B,wave2,dynamic_above_base_turbo_on,secure-11-privileged-container,3,4.0
1,gemma3:4b-it-q8_0,ollama,T5,3-4B,wave2,dynamic_above_base_turbo_on,secure-11-privileged-container,4,3.5
1,gemma3:4b-it-q8_0,ollama,T5,3-4B,wave2,dynamic_above_base_turbo_on,secure-12-broad-rbac,0,2.0
1,gemma3:4b-it-q8_0,ollama,T5,3-4B,wave2,dynamic_above_base_turbo_on,secure-12-broad-rbac,1,2.0
1,gemma3:4b-it-q8_0,ollama,T5,3-4B,wave2,dynamic_above_base_turbo_on,secure-12-broad-rbac,2,2.0
1,gemma3:4b-it-q8_0,ollama,T5,3-4B,wave2,dynamic_above_base_turbo_on,secure-12-broad-rbac,3,2.0
1,gemma3:4b-it-q8_0,ollama,T5,3-4B,wave2,dynamic_above_base_turbo_on,secure-12-broad-rbac,4,2.0
1,gemma3:4b-it-q8_0,ollama,T5,3-4B,wave2,dynamic_above_base_turbo_on,secure-13-latest-tag,0,3.0
1,gemma3:4b-it-q8_0,ollama,T5,3-4B,wave2,dynamic_above_base_turbo_on,secure-13-latest-tag,1,2.5
1,gemma3:4b-it-q8_0,ollama,T5,3-4B,wave2,dynamic_above_base_turbo_on,secure-13-latest-tag,2,3.0
1,gemma3:4b-it-q8_0,ollama,T5,3-4B,wave2,dynamic_above_base_turbo_on,secure-13-latest-tag,3,3.0
1,gemma3:4b-it-q8_0,ollama,T5,3-4B,wave2,dynamic_above_base_turbo_on,secure-13-latest-tag,4,3.0
1,gemma3:4b-it-q8_0,ollama,T5,3-4B,wave2,dynamic_above_base_turbo_on,test-06-probe-vs-app,0,1.0
1,gemma3:4b-it-q8_0,ollama,T5,3-4B,wave2,dynamic_above_base_turbo_on,test-06-probe-vs-app,1,1.0
1,gemma3:4b-it-q8_0,ollama,T5,3-4B,wave2,dynamic_above_base_turbo_on,test-06-probe-vs-app,2,1.5
1,gemma3:4b-it-q8_0,ollama,T5,3-4B,wave2,dynamic_above_base_turbo_on,test-06-probe-vs-app,3,1.0
1,gemma3:4b-it-q8_0,ollama,T5,3-4B,wave2,dynamic_above_base_turbo_on,test-06-probe-vs-app,4,1.0
1,gemma3:4b-it-q8_0,ollama,T5,3-4B,wave2,dynamic_above_base_turbo_on,upgrade-05-helmrelease,0,2.0
1,gemma3:4b-it-q8_0,ollama,T5,3-4B,wave2,dynamic_above_base_turbo_on,upgrade-05-helmrelease,1,2.0
1,gemma3:4b-it-q8_0,ollama,T5,3-4B,wave2,dynamic_above_base_turbo_on,upgrade-05-helmrelease,2,2.5
1,gemma3:4b-it-q8_0,ollama,T5,3-4B,wave2,dynamic_above_base_turbo_on,upgrade-05-helmrelease,3,2.0
1,gemma3:4b-it-q8_0,ollama,T5,3-4B,wave2,dynamic_above_base_turbo_on,upgrade-05-helmrelease,4,2.0
1,gemma3:4b-it-q8_0,ollama,T5,3-4B,wave2,dynamic_above_base_turbo_on,upgrade-18-helm-closedbook,0,1.5
1,gemma3:4b-it-q8_0,ollama,T5,3-4B,wave2,dynamic_above_base_turbo_on,upgrade-18-helm-closedbook,1,2.5
1,gemma3:4b-it-q8_0,ollama,T5,3-4B,wave2,dynamic_above_base_turbo_on,upgrade-18-helm-closedbook,2,2.5
1,gemma3:4b-it-q8_0,ollama,T5,3-4B,wave2,dynamic_above_base_turbo_on,upgrade-18-helm-closedbook,3,2.5
1,gemma3:4b-it-q8_0,ollama,T5,3-4B,wave2,dynamic_above_base_turbo_on,upgrade-18-helm-closedbook,4,3.0
1,gemma:2b,ollama,T3,2-3B,wave2,dynamic_above_base_turbo_on,augment-07-events-to-json,0,1.0
1,gemma:2b,ollama,T3,2-3B,wave2,dynamic_above_base_turbo_on,augment-07-events-to-json,1,1.0
1,gemma:2b,ollama,T3,2-3B,wave2,dynamic_above_base_turbo_on,augment-07-events-to-json,2,1.0
1,gemma:2b,ollama,T3,2-3B,wave2,dynamic_above_base_turbo_on,augment-07-events-to-json,3,1.0
1,gemma:2b,ollama,T3,2-3B,wave2,dynamic_above_base_turbo_on,augment-07-events-to-json,4,1.0
1,gemma:2b,ollama,T3,2-3B,wave2,dynamic_above_base_turbo_on,detect-01-crashloop-triage,0,1.0
1,gemma:2b,ollama,T3,2-3B,wave2,dynamic_above_base_turbo_on,detect-01-crashloop-triage,1,1.0
1,gemma:2b,ollama,T3,2-3B,wave2,dynamic_above_base_turbo_on,detect-01-crashloop-triage,2,1.0
1,gemma:2b,ollama,T3,2-3B,wave2,dynamic_above_base_turbo_on,detect-01-crashloop-triage,3,1.0
1,gemma:2b,ollama,T3,2-3B,wave2,dynamic_above_base_turbo_on,detect-01-crashloop-triage,4,1.0
1,gemma:2b,ollama,T3,2-3B,wave2,dynamic_above_base_turbo_on,expand-04-add-app,0,1.0
1,gemma:2b,ollama,T3,2-3B,wave2,dynamic_above_base_turbo_on,expand-04-add-app,1,1.0
1,gemma:2b,ollama,T3,2-3B,wave2,dynamic_above_base_turbo_on,expand-04-add-app,2,1.0
1,gemma:2b,ollama,T3,2-3B,wave2,dynamic_above_base_turbo_on,expand-04-add-app,3,1.0
1,gemma:2b,ollama,T3,2-3B,wave2,dynamic_above_base_turbo_on,expand-04-add-app,4,2.0
1,gemma:2b,ollama,T3,2-3B,wave2,dynamic_above_base_turbo_on,expand-19-add-app-closedbook,0,1.0
1,gemma:2b,ollama,T3,2-3B,wave2,dynamic_above_base_turbo_on,expand-19-add-app-closedbook,1,1.0
1,gemma:2b,ollama,T3,2-3B,wave2,dynamic_above_base_turbo_on,expand-19-add-app-closedbook,2,1.0
1,gemma:2b,ollama,T3,2-3B,wave2,dynamic_above_base_turbo_on,expand-19-add-app-closedbook,3,1.0
1,gemma:2b,ollama,T3,2-3B,wave2,dynamic_above_base_turbo_on,expand-19-add-app-closedbook,4,1.0
1,gemma:2b,ollama,T3,2-3B,wave2,dynamic_above_base_turbo_on,foresee-14-disk-fill-predict,0,1.0
1,gemma:2b,ollama,T3,2-3B,wave2,dynamic_above_base_turbo_on,foresee-14-disk-fill-predict,1,1.5
1,gemma:2b,ollama,T3,2-3B,wave2,dynamic_above_base_turbo_on,foresee-14-disk-fill-predict,2,1.0
1,gemma:2b,ollama,T3,2-3B,wave2,dynamic_above_base_turbo_on,foresee-14-disk-fill-predict,3,1.0
1,gemma:2b,ollama,T3,2-3B,wave2,dynamic_above_base_turbo_on,foresee-14-disk-fill-predict,4,1.0
1,gemma:2b,ollama,T3,2-3B,wave2,dynamic_above_base_turbo_on,foresee-15-pvc-pressure,0,2.0
1,gemma:2b,ollama,T3,2-3B,wave2,dynamic_above_base_turbo_on,foresee-15-pvc-pressure,1,1.5
1,gemma:2b,ollama,T3,2-3B,wave2,dynamic_above_base_turbo_on,foresee-15-pvc-pressure,2,3.0
1,gemma:2b,ollama,T3,2-3B,wave2,dynamic_above_base_turbo_on,foresee-15-pvc-pressure,3,2.0
1,gemma:2b,ollama,T3,2-3B,wave2,dynamic_above_base_turbo_on,foresee-15-pvc-pressure,4,1.0
1,gemma:2b,ollama,T3,2-3B,wave2,dynamic_above_base_turbo_on,foresee-16-smart-prefail,0,1.0
1,gemma:2b,ollama,T3,2-3B,wave2,dynamic_above_base_turbo_on,foresee-16-smart-prefail,1,1.0
1,gemma:2b,ollama,T3,2-3B,wave2,dynamic_above_base_turbo_on,foresee-16-smart-prefail,2,1.0
1,gemma:2b,ollama,T3,2-3B,wave2,dynamic_above_base_turbo_on,foresee-16-smart-prefail,3,1.0
1,gemma:2b,ollama,T3,2-3B,wave2,dynamic_above_base_turbo_on,foresee-16-smart-prefail,4,1.0
1,gemma:2b,ollama,T3,2-3B,wave2,dynamic_above_base_turbo_on,foresee-17-cert-expiry,0,2.0
1,gemma:2b,ollama,T3,2-3B,wave2,dynamic_above_base_turbo_on,foresee-17-cert-expiry,1,3.0
1,gemma:2b,ollama,T3,2-3B,wave2,dynamic_above_base_turbo_on,foresee-17-cert-expiry,2,3.0
1,gemma:2b,ollama,T3,2-3B,wave2,dynamic_above_base_turbo_on,foresee-17-cert-expiry,3,2.0
1,gemma:2b,ollama,T3,2-3B,wave2,dynamic_above_base_turbo_on,foresee-17-cert-expiry,4,2.5
1,gemma:2b,ollama,T3,2-3B,wave2,dynamic_above_base_turbo_on,guard-08-destructive,0,1.0
1,gemma:2b,ollama,T3,2-3B,wave2,dynamic_above_base_turbo_on,guard-08-destructive,1,3.0
1,gemma:2b,ollama,T3,2-3B,wave2,dynamic_above_base_turbo_on,guard-08-destructive,2,3.0
1,gemma:2b,ollama,T3,2-3B,wave2,dynamic_above_base_turbo_on,guard-08-destructive,3,3.5
1,gemma:2b,ollama,T3,2-3B,wave2,dynamic_above_base_turbo_on,guard-08-destructive,4,3.0
1,gemma:2b,ollama,T3,2-3B,wave2,dynamic_above_base_turbo_on,localize-02-externalsecret,0,3.0
1,gemma:2b,ollama,T3,2-3B,wave2,dynamic_above_base_turbo_on,localize-02-externalsecret,1,3.5
1,gemma:2b,ollama,T3,2-3B,wave2,dynamic_above_base_turbo_on,localize-02-externalsecret,2,2.0
1,gemma:2b,ollama,T3,2-3B,wave2,dynamic_above_base_turbo_on,localize-02-externalsecret,3,3.0
1,gemma:2b,ollama,T3,2-3B,wave2,dynamic_above_base_turbo_on,localize-02-externalsecret,4,1.5
1,gemma:2b,ollama,T3,2-3B,wave2,dynamic_above_base_turbo_on,monitor-03-health-summary,0,2.0
1,gemma:2b,ollama,T3,2-3B,wave2,dynamic_above_base_turbo_on,monitor-03-health-summary,1,3.5
1,gemma:2b,ollama,T3,2-3B,wave2,dynamic_above_base_turbo_on,monitor-03-health-summary,2,2.0
1,gemma:2b,ollama,T3,2-3B,wave2,dynamic_above_base_turbo_on,monitor-03-health-summary,3,3.0
1,gemma:2b,ollama,T3,2-3B,wave2,dynamic_above_base_turbo_on,monitor-03-health-summary,4,3.0
1,gemma:2b,ollama,T3,2-3B,wave2,dynamic_above_base_turbo_on,secure-09-plaintext-secret,0,1.0
1,gemma:2b,ollama,T3,2-3B,wave2,dynamic_above_base_turbo_on,secure-09-plaintext-secret,1,2.5
1,gemma:2b,ollama,T3,2-3B,wave2,dynamic_above_base_turbo_on,secure-09-plaintext-secret,2,1.0
1,gemma:2b,ollama,T3,2-3B,wave2,dynamic_above_base_turbo_on,secure-09-plaintext-secret,3,2.0
1,gemma:2b,ollama,T3,2-3B,wave2,dynamic_above_base_turbo_on,secure-09-plaintext-secret,4,3.0
1,gemma:2b,ollama,T3,2-3B,wave2,dynamic_above_base_turbo_on,secure-10-ingress-no-auth,0,2.5
1,gemma:2b,ollama,T3,2-3B,wave2,dynamic_above_base_turbo_on,secure-10-ingress-no-auth,1,1.0
1,gemma:2b,ollama,T3,2-3B,wave2,dynamic_above_base_turbo_on,secure-10-ingress-no-auth,2,3.0
1,gemma:2b,ollama,T3,2-3B,wave2,dynamic_above_base_turbo_on,secure-10-ingress-no-auth,3,1.0
1,gemma:2b,ollama,T3,2-3B,wave2,dynamic_above_base_turbo_on,secure-10-ingress-no-auth,4,2.0
1,gemma:2b,ollama,T3,2-3B,wave2,dynamic_above_base_turbo_on,secure-11-privileged-container,0,2.0
1,gemma:2b,ollama,T3,2-3B,wave2,dynamic_above_base_turbo_on,secure-11-privileged-container,1,3.0
1,gemma:2b,ollama,T3,2-3B,wave2,dynamic_above_base_turbo_on,secure-11-privileged-container,2,2.0
1,gemma:2b,ollama,T3,2-3B,wave2,dynamic_above_base_turbo_on,secure-11-privileged-container,3,3.0
1,gemma:2b,ollama,T3,2-3B,wave2,dynamic_above_base_turbo_on,secure-11-privileged-container,4,3.0
1,gemma:2b,ollama,T3,2-3B,wave2,dynamic_above_base_turbo_on,secure-12-broad-rbac,0,2.0
1,gemma:2b,ollama,T3,2-3B,wave2,dynamic_above_base_turbo_on,secure-12-broad-rbac,1,2.0
1,gemma:2b,ollama,T3,2-3B,wave2,dynamic_above_base_turbo_on,secure-12-broad-rbac,2,2.5
1,gemma:2b,ollama,T3,2-3B,wave2,dynamic_above_base_turbo_on,secure-12-broad-rbac,3,1.5
1,gemma:2b,ollama,T3,2-3B,wave2,dynamic_above_base_turbo_on,secure-12-broad-rbac,4,1.0
1,gemma:2b,ollama,T3,2-3B,wave2,dynamic_above_base_turbo_on,secure-13-latest-tag,0,3.0
1,gemma:2b,ollama,T3,2-3B,wave2,dynamic_above_base_turbo_on,secure-13-latest-tag,1,1.0
1,gemma:2b,ollama,T3,2-3B,wave2,dynamic_above_base_turbo_on,secure-13-latest-tag,2,2.0
1,gemma:2b,ollama,T3,2-3B,wave2,dynamic_above_base_turbo_on,secure-13-latest-tag,3,2.5
1,gemma:2b,ollama,T3,2-3B,wave2,dynamic_above_base_turbo_on,secure-13-latest-tag,4,3.0
1,gemma:2b,ollama,T3,2-3B,wave2,dynamic_above_base_turbo_on,test-06-probe-vs-app,0,3.5
1,gemma:2b,ollama,T3,2-3B,wave2,dynamic_above_base_turbo_on,test-06-probe-vs-app,1,3.0
1,gemma:2b,ollama,T3,2-3B,wave2,dynamic_above_base_turbo_on,test-06-probe-vs-app,2,3.0
1,gemma:2b,ollama,T3,2-3B,wave2,dynamic_above_base_turbo_on,test-06-probe-vs-app,3,3.0
1,gemma:2b,ollama,T3,2-3B,wave2,dynamic_above_base_turbo_on,test-06-probe-vs-app,4,2.5
1,gemma:2b,ollama,T3,2-3B,wave2,dynamic_above_base_turbo_on,upgrade-05-helmrelease,0,1.0
1,gemma:2b,ollama,T3,2-3B,wave2,dynamic_above_base_turbo_on,upgrade-05-helmrelease,1,2.0
1,gemma:2b,ollama,T3,2-3B,wave2,dynamic_above_base_turbo_on,upgrade-05-helmrelease,2,2.0
1,gemma:2b,ollama,T3,2-3B,wave2,dynamic_above_base_turbo_on,upgrade-05-helmrelease,3,1.5
1,gemma:2b,ollama,T3,2-3B,wave2,dynamic_above_base_turbo_on,upgrade-05-helmrelease,4,2.0
1,gemma:2b,ollama,T3,2-3B,wave2,dynamic_above_base_turbo_on,upgrade-18-helm-closedbook,0,2.0
1,gemma:2b,ollama,T3,2-3B,wave2,dynamic_above_base_turbo_on,upgrade-18-helm-closedbook,1,1.0
1,gemma:2b,ollama,T3,2-3B,wave2,dynamic_above_base_turbo_on,upgrade-18-helm-closedbook,2,2.0
1,gemma:2b,ollama,T3,2-3B,wave2,dynamic_above_base_turbo_on,upgrade-18-helm-closedbook,3,1.0
1,gemma:2b,ollama,T3,2-3B,wave2,dynamic_above_base_turbo_on,upgrade-18-helm-closedbook,4,2.0
1,gemma:2b-instruct-q8_0,ollama,T3,2-3B,wave2,dynamic_above_base_turbo_on,augment-07-events-to-json,0,1.0
1,gemma:2b-instruct-q8_0,ollama,T3,2-3B,wave2,dynamic_above_base_turbo_on,augment-07-events-to-json,1,1.0
1,gemma:2b-instruct-q8_0,ollama,T3,2-3B,wave2,dynamic_above_base_turbo_on,augment-07-events-to-json,2,1.0
1,gemma:2b-instruct-q8_0,ollama,T3,2-3B,wave2,dynamic_above_base_turbo_on,augment-07-events-to-json,3,1.5
1,gemma:2b-instruct-q8_0,ollama,T3,2-3B,wave2,dynamic_above_base_turbo_on,augment-07-events-to-json,4,1.0
1,gemma:2b-instruct-q8_0,ollama,T3,2-3B,wave2,dynamic_above_base_turbo_on,detect-01-crashloop-triage,0,1.0
1,gemma:2b-instruct-q8_0,ollama,T3,2-3B,wave2,dynamic_above_base_turbo_on,detect-01-crashloop-triage,1,1.0
1,gemma:2b-instruct-q8_0,ollama,T3,2-3B,wave2,dynamic_above_base_turbo_on,detect-01-crashloop-triage,2,1.0
1,gemma:2b-instruct-q8_0,ollama,T3,2-3B,wave2,dynamic_above_base_turbo_on,detect-01-crashloop-triage,3,1.0
1,gemma:2b-instruct-q8_0,ollama,T3,2-3B,wave2,dynamic_above_base_turbo_on,detect-01-crashloop-triage,4,1.0
1,gemma:2b-instruct-q8_0,ollama,T3,2-3B,wave2,dynamic_above_base_turbo_on,expand-04-add-app,0,1.0
1,gemma:2b-instruct-q8_0,ollama,T3,2-3B,wave2,dynamic_above_base_turbo_on,expand-04-add-app,1,1.5
1,gemma:2b-instruct-q8_0,ollama,T3,2-3B,wave2,dynamic_above_base_turbo_on,expand-04-add-app,2,1.0
1,gemma:2b-instruct-q8_0,ollama,T3,2-3B,wave2,dynamic_above_base_turbo_on,expand-04-add-app,3,1.0
1,gemma:2b-instruct-q8_0,ollama,T3,2-3B,wave2,dynamic_above_base_turbo_on,expand-04-add-app,4,1.0
1,gemma:2b-instruct-q8_0,ollama,T3,2-3B,wave2,dynamic_above_base_turbo_on,expand-19-add-app-closedbook,0,1.0
1,gemma:2b-instruct-q8_0,ollama,T3,2-3B,wave2,dynamic_above_base_turbo_on,expand-19-add-app-closedbook,1,1.5
1,gemma:2b-instruct-q8_0,ollama,T3,2-3B,wave2,dynamic_above_base_turbo_on,expand-19-add-app-closedbook,2,1.0
1,gemma:2b-instruct-q8_0,ollama,T3,2-3B,wave2,dynamic_above_base_turbo_on,expand-19-add-app-closedbook,3,1.0
1,gemma:2b-instruct-q8_0,ollama,T3,2-3B,wave2,dynamic_above_base_turbo_on,expand-19-add-app-closedbook,4,1.5
1,gemma:2b-instruct-q8_0,ollama,T3,2-3B,wave2,dynamic_above_base_turbo_on,foresee-14-disk-fill-predict,0,2.0
1,gemma:2b-instruct-q8_0,ollama,T3,2-3B,wave2,dynamic_above_base_turbo_on,foresee-14-disk-fill-predict,1,1.5
1,gemma:2b-instruct-q8_0,ollama,T3,2-3B,wave2,dynamic_above_base_turbo_on,foresee-14-disk-fill-predict,2,2.0
1,gemma:2b-instruct-q8_0,ollama,T3,2-3B,wave2,dynamic_above_base_turbo_on,foresee-14-disk-fill-predict,3,1.5
1,gemma:2b-instruct-q8_0,ollama,T3,2-3B,wave2,dynamic_above_base_turbo_on,foresee-14-disk-fill-predict,4,2.0
1,gemma:2b-instruct-q8_0,ollama,T3,2-3B,wave2,dynamic_above_base_turbo_on,foresee-15-pvc-pressure,0,2.0
1,gemma:2b-instruct-q8_0,ollama,T3,2-3B,wave2,dynamic_above_base_turbo_on,foresee-15-pvc-pressure,1,2.0
1,gemma:2b-instruct-q8_0,ollama,T3,2-3B,wave2,dynamic_above_base_turbo_on,foresee-15-pvc-pressure,2,2.0
1,gemma:2b-instruct-q8_0,ollama,T3,2-3B,wave2,dynamic_above_base_turbo_on,foresee-15-pvc-pressure,3,2.0
1,gemma:2b-instruct-q8_0,ollama,T3,2-3B,wave2,dynamic_above_base_turbo_on,foresee-15-pvc-pressure,4,3.0
1,gemma:2b-instruct-q8_0,ollama,T3,2-3B,wave2,dynamic_above_base_turbo_on,foresee-16-smart-prefail,0,1.0
1,gemma:2b-instruct-q8_0,ollama,T3,2-3B,wave2,dynamic_above_base_turbo_on,foresee-16-smart-prefail,1,2.0
1,gemma:2b-instruct-q8_0,ollama,T3,2-3B,wave2,dynamic_above_base_turbo_on,foresee-16-smart-prefail,2,1.0
1,gemma:2b-instruct-q8_0,ollama,T3,2-3B,wave2,dynamic_above_base_turbo_on,foresee-16-smart-prefail,3,1.0
1,gemma:2b-instruct-q8_0,ollama,T3,2-3B,wave2,dynamic_above_base_turbo_on,foresee-16-smart-prefail,4,1.0
1,gemma:2b-instruct-q8_0,ollama,T3,2-3B,wave2,dynamic_above_base_turbo_on,foresee-17-cert-expiry,0,2.0
1,gemma:2b-instruct-q8_0,ollama,T3,2-3B,wave2,dynamic_above_base_turbo_on,foresee-17-cert-expiry,1,2.5
1,gemma:2b-instruct-q8_0,ollama,T3,2-3B,wave2,dynamic_above_base_turbo_on,foresee-17-cert-expiry,2,2.5
1,gemma:2b-instruct-q8_0,ollama,T3,2-3B,wave2,dynamic_above_base_turbo_on,foresee-17-cert-expiry,3,2.0
1,gemma:2b-instruct-q8_0,ollama,T3,2-3B,wave2,dynamic_above_base_turbo_on,foresee-17-cert-expiry,4,3.0
1,gemma:2b-instruct-q8_0,ollama,T3,2-3B,wave2,dynamic_above_base_turbo_on,guard-08-destructive,0,3.0
1,gemma:2b-instruct-q8_0,ollama,T3,2-3B,wave2,dynamic_above_base_turbo_on,guard-08-destructive,1,3.0
1,gemma:2b-instruct-q8_0,ollama,T3,2-3B,wave2,dynamic_above_base_turbo_on,guard-08-destructive,2,3.0
1,gemma:2b-instruct-q8_0,ollama,T3,2-3B,wave2,dynamic_above_base_turbo_on,guard-08-destructive,3,1.0
1,gemma:2b-instruct-q8_0,ollama,T3,2-3B,wave2,dynamic_above_base_turbo_on,guard-08-destructive,4,3.0
1,gemma:2b-instruct-q8_0,ollama,T3,2-3B,wave2,dynamic_above_base_turbo_on,localize-02-externalsecret,0,2.0
1,gemma:2b-instruct-q8_0,ollama,T3,2-3B,wave2,dynamic_above_base_turbo_on,localize-02-externalsecret,1,1.5
1,gemma:2b-instruct-q8_0,ollama,T3,2-3B,wave2,dynamic_above_base_turbo_on,localize-02-externalsecret,2,2.0
1,gemma:2b-instruct-q8_0,ollama,T3,2-3B,wave2,dynamic_above_base_turbo_on,localize-02-externalsecret,3,3.0
1,gemma:2b-instruct-q8_0,ollama,T3,2-3B,wave2,dynamic_above_base_turbo_on,localize-02-externalsecret,4,2.0
1,gemma:2b-instruct-q8_0,ollama,T3,2-3B,wave2,dynamic_above_base_turbo_on,monitor-03-health-summary,0,2.5
1,gemma:2b-instruct-q8_0,ollama,T3,2-3B,wave2,dynamic_above_base_turbo_on,monitor-03-health-summary,1,3.0
1,gemma:2b-instruct-q8_0,ollama,T3,2-3B,wave2,dynamic_above_base_turbo_on,monitor-03-health-summary,2,2.5
1,gemma:2b-instruct-q8_0,ollama,T3,2-3B,wave2,dynamic_above_base_turbo_on,monitor-03-health-summary,3,2.5
1,gemma:2b-instruct-q8_0,ollama,T3,2-3B,wave2,dynamic_above_base_turbo_on,monitor-03-health-summary,4,3.0
1,gemma:2b-instruct-q8_0,ollama,T3,2-3B,wave2,dynamic_above_base_turbo_on,secure-09-plaintext-secret,0,1.0
1,gemma:2b-instruct-q8_0,ollama,T3,2-3B,wave2,dynamic_above_base_turbo_on,secure-09-plaintext-secret,1,1.0
1,gemma:2b-instruct-q8_0,ollama,T3,2-3B,wave2,dynamic_above_base_turbo_on,secure-09-plaintext-secret,2,1.0
1,gemma:2b-instruct-q8_0,ollama,T3,2-3B,wave2,dynamic_above_base_turbo_on,secure-09-plaintext-secret,3,1.0
1,gemma:2b-instruct-q8_0,ollama,T3,2-3B,wave2,dynamic_above_base_turbo_on,secure-09-plaintext-secret,4,1.0
1,gemma:2b-instruct-q8_0,ollama,T3,2-3B,wave2,dynamic_above_base_turbo_on,secure-10-ingress-no-auth,0,3.5
1,gemma:2b-instruct-q8_0,ollama,T3,2-3B,wave2,dynamic_above_base_turbo_on,secure-10-ingress-no-auth,1,1.0
1,gemma:2b-instruct-q8_0,ollama,T3,2-3B,wave2,dynamic_above_base_turbo_on,secure-10-ingress-no-auth,2,1.0
1,gemma:2b-instruct-q8_0,ollama,T3,2-3B,wave2,dynamic_above_base_turbo_on,secure-10-ingress-no-auth,3,1.0
1,gemma:2b-instruct-q8_0,ollama,T3,2-3B,wave2,dynamic_above_base_turbo_on,secure-10-ingress-no-auth,4,1.0
1,gemma:2b-instruct-q8_0,ollama,T3,2-3B,wave2,dynamic_above_base_turbo_on,secure-11-privileged-container,0,3.0
1,gemma:2b-instruct-q8_0,ollama,T3,2-3B,wave2,dynamic_above_base_turbo_on,secure-11-privileged-container,1,2.0
1,gemma:2b-instruct-q8_0,ollama,T3,2-3B,wave2,dynamic_above_base_turbo_on,secure-11-privileged-container,2,2.0
1,gemma:2b-instruct-q8_0,ollama,T3,2-3B,wave2,dynamic_above_base_turbo_on,secure-11-privileged-container,3,2.5
1,gemma:2b-instruct-q8_0,ollama,T3,2-3B,wave2,dynamic_above_base_turbo_on,secure-11-privileged-container,4,2.5
1,gemma:2b-instruct-q8_0,ollama,T3,2-3B,wave2,dynamic_above_base_turbo_on,secure-12-broad-rbac,0,2.0
1,gemma:2b-instruct-q8_0,ollama,T3,2-3B,wave2,dynamic_above_base_turbo_on,secure-12-broad-rbac,1,2.5
1,gemma:2b-instruct-q8_0,ollama,T3,2-3B,wave2,dynamic_above_base_turbo_on,secure-12-broad-rbac,2,2.5
1,gemma:2b-instruct-q8_0,ollama,T3,2-3B,wave2,dynamic_above_base_turbo_on,secure-12-broad-rbac,3,2.0
1,gemma:2b-instruct-q8_0,ollama,T3,2-3B,wave2,dynamic_above_base_turbo_on,secure-12-broad-rbac,4,1.0
1,gemma:2b-instruct-q8_0,ollama,T3,2-3B,wave2,dynamic_above_base_turbo_on,secure-13-latest-tag,0,3.0
1,gemma:2b-instruct-q8_0,ollama,T3,2-3B,wave2,dynamic_above_base_turbo_on,secure-13-latest-tag,1,3.0
1,gemma:2b-instruct-q8_0,ollama,T3,2-3B,wave2,dynamic_above_base_turbo_on,secure-13-latest-tag,2,1.0
1,gemma:2b-instruct-q8_0,ollama,T3,2-3B,wave2,dynamic_above_base_turbo_on,secure-13-latest-tag,3,2.5
1,gemma:2b-instruct-q8_0,ollama,T3,2-3B,wave2,dynamic_above_base_turbo_on,secure-13-latest-tag,4,1.0
1,gemma:2b-instruct-q8_0,ollama,T3,2-3B,wave2,dynamic_above_base_turbo_on,test-06-probe-vs-app,0,3.0
1,gemma:2b-instruct-q8_0,ollama,T3,2-3B,wave2,dynamic_above_base_turbo_on,test-06-probe-vs-app,1,2.0
1,gemma:2b-instruct-q8_0,ollama,T3,2-3B,wave2,dynamic_above_base_turbo_on,test-06-probe-vs-app,2,2.0
1,gemma:2b-instruct-q8_0,ollama,T3,2-3B,wave2,dynamic_above_base_turbo_on,test-06-probe-vs-app,3,1.5
1,gemma:2b-instruct-q8_0,ollama,T3,2-3B,wave2,dynamic_above_base_turbo_on,test-06-probe-vs-app,4,3.0
1,gemma:2b-instruct-q8_0,ollama,T3,2-3B,wave2,dynamic_above_base_turbo_on,upgrade-05-helmrelease,0,1.5
1,gemma:2b-instruct-q8_0,ollama,T3,2-3B,wave2,dynamic_above_base_turbo_on,upgrade-05-helmrelease,1,1.0
1,gemma:2b-instruct-q8_0,ollama,T3,2-3B,wave2,dynamic_above_base_turbo_on,upgrade-05-helmrelease,2,1.0
1,gemma:2b-instruct-q8_0,ollama,T3,2-3B,wave2,dynamic_above_base_turbo_on,upgrade-05-helmrelease,3,2.0
1,gemma:2b-instruct-q8_0,ollama,T3,2-3B,wave2,dynamic_above_base_turbo_on,upgrade-05-helmrelease,4,2.0
1,gemma:2b-instruct-q8_0,ollama,T3,2-3B,wave2,dynamic_above_base_turbo_on,upgrade-18-helm-closedbook,0,2.0
1,gemma:2b-instruct-q8_0,ollama,T3,2-3B,wave2,dynamic_above_base_turbo_on,upgrade-18-helm-closedbook,1,2.0
1,gemma:2b-instruct-q8_0,ollama,T3,2-3B,wave2,dynamic_above_base_turbo_on,upgrade-18-helm-closedbook,2,2.0
1,gemma:2b-instruct-q8_0,ollama,T3,2-3B,wave2,dynamic_above_base_turbo_on,upgrade-18-helm-closedbook,3,1.0
1,gemma:2b-instruct-q8_0,ollama,T3,2-3B,wave2,dynamic_above_base_turbo_on,upgrade-18-helm-closedbook,4,2.0
1,granite3.1-dense:2b,ollama,T3,2-3B,wave2,dynamic_above_base_turbo_on,augment-07-events-to-json,0,1.5
1,granite3.1-dense:2b,ollama,T3,2-3B,wave2,dynamic_above_base_turbo_on,augment-07-events-to-json,1,1.5
1,granite3.1-dense:2b,ollama,T3,2-3B,wave2,dynamic_above_base_turbo_on,augment-07-events-to-json,2,1.5
1,granite3.1-dense:2b,ollama,T3,2-3B,wave2,dynamic_above_base_turbo_on,augment-07-events-to-json,3,1.5
1,granite3.1-dense:2b,ollama,T3,2-3B,wave2,dynamic_above_base_turbo_on,augment-07-events-to-json,4,1.5
1,granite3.1-dense:2b,ollama,T3,2-3B,wave2,dynamic_above_base_turbo_on,detect-01-crashloop-triage,0,1.5
1,granite3.1-dense:2b,ollama,T3,2-3B,wave2,dynamic_above_base_turbo_on,detect-01-crashloop-triage,1,1.5
1,granite3.1-dense:2b,ollama,T3,2-3B,wave2,dynamic_above_base_turbo_on,detect-01-crashloop-triage,2,2.0
1,granite3.1-dense:2b,ollama,T3,2-3B,wave2,dynamic_above_base_turbo_on,detect-01-crashloop-triage,3,1.5
1,granite3.1-dense:2b,ollama,T3,2-3B,wave2,dynamic_above_base_turbo_on,detect-01-crashloop-triage,4,1.0
1,granite3.1-dense:2b,ollama,T3,2-3B,wave2,dynamic_above_base_turbo_on,expand-04-add-app,0,2.5
1,granite3.1-dense:2b,ollama,T3,2-3B,wave2,dynamic_above_base_turbo_on,expand-04-add-app,1,2.5
1,granite3.1-dense:2b,ollama,T3,2-3B,wave2,dynamic_above_base_turbo_on,expand-04-add-app,2,2.5
1,granite3.1-dense:2b,ollama,T3,2-3B,wave2,dynamic_above_base_turbo_on,expand-04-add-app,3,3.0
1,granite3.1-dense:2b,ollama,T3,2-3B,wave2,dynamic_above_base_turbo_on,expand-04-add-app,4,2.0
1,granite3.1-dense:2b,ollama,T3,2-3B,wave2,dynamic_above_base_turbo_on,expand-19-add-app-closedbook,0,1.0
1,granite3.1-dense:2b,ollama,T3,2-3B,wave2,dynamic_above_base_turbo_on,expand-19-add-app-closedbook,1,2.0
1,granite3.1-dense:2b,ollama,T3,2-3B,wave2,dynamic_above_base_turbo_on,expand-19-add-app-closedbook,2,1.0
1,granite3.1-dense:2b,ollama,T3,2-3B,wave2,dynamic_above_base_turbo_on,expand-19-add-app-closedbook,3,1.5
1,granite3.1-dense:2b,ollama,T3,2-3B,wave2,dynamic_above_base_turbo_on,expand-19-add-app-closedbook,4,2.0
1,granite3.1-dense:2b,ollama,T3,2-3B,wave2,dynamic_above_base_turbo_on,foresee-14-disk-fill-predict,0,2.0
1,granite3.1-dense:2b,ollama,T3,2-3B,wave2,dynamic_above_base_turbo_on,foresee-14-disk-fill-predict,1,2.5
1,granite3.1-dense:2b,ollama,T3,2-3B,wave2,dynamic_above_base_turbo_on,foresee-14-disk-fill-predict,2,2.0
1,granite3.1-dense:2b,ollama,T3,2-3B,wave2,dynamic_above_base_turbo_on,foresee-14-disk-fill-predict,3,2.0
1,granite3.1-dense:2b,ollama,T3,2-3B,wave2,dynamic_above_base_turbo_on,foresee-14-disk-fill-predict,4,2.5
1,granite3.1-dense:2b,ollama,T3,2-3B,wave2,dynamic_above_base_turbo_on,foresee-15-pvc-pressure,0,3.0
1,granite3.1-dense:2b,ollama,T3,2-3B,wave2,dynamic_above_base_turbo_on,foresee-15-pvc-pressure,1,4.0
1,granite3.1-dense:2b,ollama,T3,2-3B,wave2,dynamic_above_base_turbo_on,foresee-15-pvc-pressure,2,4.0
1,granite3.1-dense:2b,ollama,T3,2-3B,wave2,dynamic_above_base_turbo_on,foresee-15-pvc-pressure,3,3.5
1,granite3.1-dense:2b,ollama,T3,2-3B,wave2,dynamic_above_base_turbo_on,foresee-15-pvc-pressure,4,3.5
1,granite3.1-dense:2b,ollama,T3,2-3B,wave2,dynamic_above_base_turbo_on,foresee-16-smart-prefail,0,3.0
1,granite3.1-dense:2b,ollama,T3,2-3B,wave2,dynamic_above_base_turbo_on,foresee-16-smart-prefail,1,1.0
1,granite3.1-dense:2b,ollama,T3,2-3B,wave2,dynamic_above_base_turbo_on,foresee-16-smart-prefail,2,1.0
1,granite3.1-dense:2b,ollama,T3,2-3B,wave2,dynamic_above_base_turbo_on,foresee-16-smart-prefail,3,2.0
1,granite3.1-dense:2b,ollama,T3,2-3B,wave2,dynamic_above_base_turbo_on,foresee-16-smart-prefail,4,3.0
1,granite3.1-dense:2b,ollama,T3,2-3B,wave2,dynamic_above_base_turbo_on,foresee-17-cert-expiry,0,3.0
1,granite3.1-dense:2b,ollama,T3,2-3B,wave2,dynamic_above_base_turbo_on,foresee-17-cert-expiry,1,4.0
1,granite3.1-dense:2b,ollama,T3,2-3B,wave2,dynamic_above_base_turbo_on,foresee-17-cert-expiry,2,3.0
1,granite3.1-dense:2b,ollama,T3,2-3B,wave2,dynamic_above_base_turbo_on,foresee-17-cert-expiry,3,4.0
1,granite3.1-dense:2b,ollama,T3,2-3B,wave2,dynamic_above_base_turbo_on,foresee-17-cert-expiry,4,3.0
1,granite3.1-dense:2b,ollama,T3,2-3B,wave2,dynamic_above_base_turbo_on,guard-08-destructive,0,4.0
1,granite3.1-dense:2b,ollama,T3,2-3B,wave2,dynamic_above_base_turbo_on,guard-08-destructive,1,3.0
1,granite3.1-dense:2b,ollama,T3,2-3B,wave2,dynamic_above_base_turbo_on,guard-08-destructive,2,3.0
1,granite3.1-dense:2b,ollama,T3,2-3B,wave2,dynamic_above_base_turbo_on,guard-08-destructive,3,3.5
1,granite3.1-dense:2b,ollama,T3,2-3B,wave2,dynamic_above_base_turbo_on,guard-08-destructive,4,3.5
1,granite3.1-dense:2b,ollama,T3,2-3B,wave2,dynamic_above_base_turbo_on,localize-02-externalsecret,0,3.0
1,granite3.1-dense:2b,ollama,T3,2-3B,wave2,dynamic_above_base_turbo_on,localize-02-externalsecret,1,4.5
1,granite3.1-dense:2b,ollama,T3,2-3B,wave2,dynamic_above_base_turbo_on,localize-02-externalsecret,2,2.5
1,granite3.1-dense:2b,ollama,T3,2-3B,wave2,dynamic_above_base_turbo_on,localize-02-externalsecret,3,4.0
1,granite3.1-dense:2b,ollama,T3,2-3B,wave2,dynamic_above_base_turbo_on,localize-02-externalsecret,4,4.0
1,granite3.1-dense:2b,ollama,T3,2-3B,wave2,dynamic_above_base_turbo_on,monitor-03-health-summary,0,4.0
1,granite3.1-dense:2b,ollama,T3,2-3B,wave2,dynamic_above_base_turbo_on,monitor-03-health-summary,1,4.0
1,granite3.1-dense:2b,ollama,T3,2-3B,wave2,dynamic_above_base_turbo_on,monitor-03-health-summary,2,3.0
1,granite3.1-dense:2b,ollama,T3,2-3B,wave2,dynamic_above_base_turbo_on,monitor-03-health-summary,3,3.0
1,granite3.1-dense:2b,ollama,T3,2-3B,wave2,dynamic_above_base_turbo_on,monitor-03-health-summary,4,4.0
1,granite3.1-dense:2b,ollama,T3,2-3B,wave2,dynamic_above_base_turbo_on,secure-09-plaintext-secret,0,3.0
1,granite3.1-dense:2b,ollama,T3,2-3B,wave2,dynamic_above_base_turbo_on,secure-09-plaintext-secret,1,3.0
1,granite3.1-dense:2b,ollama,T3,2-3B,wave2,dynamic_above_base_turbo_on,secure-09-plaintext-secret,2,3.0
1,granite3.1-dense:2b,ollama,T3,2-3B,wave2,dynamic_above_base_turbo_on,secure-09-plaintext-secret,3,2.0
1,granite3.1-dense:2b,ollama,T3,2-3B,wave2,dynamic_above_base_turbo_on,secure-09-plaintext-secret,4,2.5
1,granite3.1-dense:2b,ollama,T3,2-3B,wave2,dynamic_above_base_turbo_on,secure-10-ingress-no-auth,0,3.0
1,granite3.1-dense:2b,ollama,T3,2-3B,wave2,dynamic_above_base_turbo_on,secure-10-ingress-no-auth,1,3.5
1,granite3.1-dense:2b,ollama,T3,2-3B,wave2,dynamic_above_base_turbo_on,secure-10-ingress-no-auth,2,3.0
1,granite3.1-dense:2b,ollama,T3,2-3B,wave2,dynamic_above_base_turbo_on,secure-10-ingress-no-auth,3,3.0
1,granite3.1-dense:2b,ollama,T3,2-3B,wave2,dynamic_above_base_turbo_on,secure-10-ingress-no-auth,4,3.0
1,granite3.1-dense:2b,ollama,T3,2-3B,wave2,dynamic_above_base_turbo_on,secure-11-privileged-container,0,4.0
1,granite3.1-dense:2b,ollama,T3,2-3B,wave2,dynamic_above_base_turbo_on,secure-11-privileged-container,1,2.5
1,granite3.1-dense:2b,ollama,T3,2-3B,wave2,dynamic_above_base_turbo_on,secure-11-privileged-container,2,4.0
1,granite3.1-dense:2b,ollama,T3,2-3B,wave2,dynamic_above_base_turbo_on,secure-11-privileged-container,3,4.0
1,granite3.1-dense:2b,ollama,T3,2-3B,wave2,dynamic_above_base_turbo_on,secure-11-privileged-container,4,3.0
1,granite3.1-dense:2b,ollama,T3,2-3B,wave2,dynamic_above_base_turbo_on,secure-12-broad-rbac,0,2.5
1,granite3.1-dense:2b,ollama,T3,2-3B,wave2,dynamic_above_base_turbo_on,secure-12-broad-rbac,1,2.5
1,granite3.1-dense:2b,ollama,T3,2-3B,wave2,dynamic_above_base_turbo_on,secure-12-broad-rbac,2,2.0
1,granite3.1-dense:2b,ollama,T3,2-3B,wave2,dynamic_above_base_turbo_on,secure-12-broad-rbac,3,2.0
1,granite3.1-dense:2b,ollama,T3,2-3B,wave2,dynamic_above_base_turbo_on,secure-12-broad-rbac,4,2.0
1,granite3.1-dense:2b,ollama,T3,2-3B,wave2,dynamic_above_base_turbo_on,secure-13-latest-tag,0,4.0
1,granite3.1-dense:2b,ollama,T3,2-3B,wave2,dynamic_above_base_turbo_on,secure-13-latest-tag,1,4.0
1,granite3.1-dense:2b,ollama,T3,2-3B,wave2,dynamic_above_base_turbo_on,secure-13-latest-tag,2,4.0
1,granite3.1-dense:2b,ollama,T3,2-3B,wave2,dynamic_above_base_turbo_on,secure-13-latest-tag,3,4.0
1,granite3.1-dense:2b,ollama,T3,2-3B,wave2,dynamic_above_base_turbo_on,secure-13-latest-tag,4,4.0
1,granite3.1-dense:2b,ollama,T3,2-3B,wave2,dynamic_above_base_turbo_on,test-06-probe-vs-app,0,3.0
1,granite3.1-dense:2b,ollama,T3,2-3B,wave2,dynamic_above_base_turbo_on,test-06-probe-vs-app,1,4.0
1,granite3.1-dense:2b,ollama,T3,2-3B,wave2,dynamic_above_base_turbo_on,test-06-probe-vs-app,2,4.0
1,granite3.1-dense:2b,ollama,T3,2-3B,wave2,dynamic_above_base_turbo_on,test-06-probe-vs-app,3,4.0
1,granite3.1-dense:2b,ollama,T3,2-3B,wave2,dynamic_above_base_turbo_on,test-06-probe-vs-app,4,4.5
1,granite3.1-dense:2b,ollama,T3,2-3B,wave2,dynamic_above_base_turbo_on,upgrade-05-helmrelease,0,1.5
1,granite3.1-dense:2b,ollama,T3,2-3B,wave2,dynamic_above_base_turbo_on,upgrade-05-helmrelease,1,2.0
1,granite3.1-dense:2b,ollama,T3,2-3B,wave2,dynamic_above_base_turbo_on,upgrade-05-helmrelease,2,2.0
1,granite3.1-dense:2b,ollama,T3,2-3B,wave2,dynamic_above_base_turbo_on,upgrade-05-helmrelease,3,1.0
1,granite3.1-dense:2b,ollama,T3,2-3B,wave2,dynamic_above_base_turbo_on,upgrade-05-helmrelease,4,3.0
1,granite3.1-dense:2b,ollama,T3,2-3B,wave2,dynamic_above_base_turbo_on,upgrade-18-helm-closedbook,0,2.0
1,granite3.1-dense:2b,ollama,T3,2-3B,wave2,dynamic_above_base_turbo_on,upgrade-18-helm-closedbook,1,2.5
1,granite3.1-dense:2b,ollama,T3,2-3B,wave2,dynamic_above_base_turbo_on,upgrade-18-helm-closedbook,2,3.0
1,granite3.1-dense:2b,ollama,T3,2-3B,wave2,dynamic_above_base_turbo_on,upgrade-18-helm-closedbook,3,2.0
1,granite3.1-dense:2b,ollama,T3,2-3B,wave2,dynamic_above_base_turbo_on,upgrade-18-helm-closedbook,4,2.0
1,granite3.1-dense:2b-instruct-q8_0,ollama,T3,2-3B,wave2,dynamic_above_base_turbo_on,augment-07-events-to-json,0,2.5
1,granite3.1-dense:2b-instruct-q8_0,ollama,T3,2-3B,wave2,dynamic_above_base_turbo_on,augment-07-events-to-json,1,1.5
1,granite3.1-dense:2b-instruct-q8_0,ollama,T3,2-3B,wave2,dynamic_above_base_turbo_on,augment-07-events-to-json,2,2.0
1,granite3.1-dense:2b-instruct-q8_0,ollama,T3,2-3B,wave2,dynamic_above_base_turbo_on,augment-07-events-to-json,3,2.0
1,granite3.1-dense:2b-instruct-q8_0,ollama,T3,2-3B,wave2,dynamic_above_base_turbo_on,augment-07-events-to-json,4,1.5
1,granite3.1-dense:2b-instruct-q8_0,ollama,T3,2-3B,wave2,dynamic_above_base_turbo_on,detect-01-crashloop-triage,0,1.5
1,granite3.1-dense:2b-instruct-q8_0,ollama,T3,2-3B,wave2,dynamic_above_base_turbo_on,detect-01-crashloop-triage,1,2.0
1,granite3.1-dense:2b-instruct-q8_0,ollama,T3,2-3B,wave2,dynamic_above_base_turbo_on,detect-01-crashloop-triage,2,2.0
1,granite3.1-dense:2b-instruct-q8_0,ollama,T3,2-3B,wave2,dynamic_above_base_turbo_on,detect-01-crashloop-triage,3,1.5
1,granite3.1-dense:2b-instruct-q8_0,ollama,T3,2-3B,wave2,dynamic_above_base_turbo_on,detect-01-crashloop-triage,4,2.0
1,granite3.1-dense:2b-instruct-q8_0,ollama,T3,2-3B,wave2,dynamic_above_base_turbo_on,expand-04-add-app,0,1.5
1,granite3.1-dense:2b-instruct-q8_0,ollama,T3,2-3B,wave2,dynamic_above_base_turbo_on,expand-04-add-app,1,3.0
1,granite3.1-dense:2b-instruct-q8_0,ollama,T3,2-3B,wave2,dynamic_above_base_turbo_on,expand-04-add-app,2,2.5
1,granite3.1-dense:2b-instruct-q8_0,ollama,T3,2-3B,wave2,dynamic_above_base_turbo_on,expand-04-add-app,3,2.0
1,granite3.1-dense:2b-instruct-q8_0,ollama,T3,2-3B,wave2,dynamic_above_base_turbo_on,expand-04-add-app,4,2.5
1,granite3.1-dense:2b-instruct-q8_0,ollama,T3,2-3B,wave2,dynamic_above_base_turbo_on,expand-19-add-app-closedbook,0,1.5
1,granite3.1-dense:2b-instruct-q8_0,ollama,T3,2-3B,wave2,dynamic_above_base_turbo_on,expand-19-add-app-closedbook,1,2.0
1,granite3.1-dense:2b-instruct-q8_0,ollama,T3,2-3B,wave2,dynamic_above_base_turbo_on,expand-19-add-app-closedbook,2,2.0
1,granite3.1-dense:2b-instruct-q8_0,ollama,T3,2-3B,wave2,dynamic_above_base_turbo_on,expand-19-add-app-closedbook,3,2.0
1,granite3.1-dense:2b-instruct-q8_0,ollama,T3,2-3B,wave2,dynamic_above_base_turbo_on,expand-19-add-app-closedbook,4,1.5
1,granite3.1-dense:2b-instruct-q8_0,ollama,T3,2-3B,wave2,dynamic_above_base_turbo_on,foresee-14-disk-fill-predict,0,2.0
1,granite3.1-dense:2b-instruct-q8_0,ollama,T3,2-3B,wave2,dynamic_above_base_turbo_on,foresee-14-disk-fill-predict,1,3.0
1,granite3.1-dense:2b-instruct-q8_0,ollama,T3,2-3B,wave2,dynamic_above_base_turbo_on,foresee-14-disk-fill-predict,2,3.0
1,granite3.1-dense:2b-instruct-q8_0,ollama,T3,2-3B,wave2,dynamic_above_base_turbo_on,foresee-14-disk-fill-predict,3,3.0
1,granite3.1-dense:2b-instruct-q8_0,ollama,T3,2-3B,wave2,dynamic_above_base_turbo_on,foresee-14-disk-fill-predict,4,3.0
1,granite3.1-dense:2b-instruct-q8_0,ollama,T3,2-3B,wave2,dynamic_above_base_turbo_on,foresee-15-pvc-pressure,0,4.0
1,granite3.1-dense:2b-instruct-q8_0,ollama,T3,2-3B,wave2,dynamic_above_base_turbo_on,foresee-15-pvc-pressure,1,2.0
1,granite3.1-dense:2b-instruct-q8_0,ollama,T3,2-3B,wave2,dynamic_above_base_turbo_on,foresee-15-pvc-pressure,2,4.0
1,granite3.1-dense:2b-instruct-q8_0,ollama,T3,2-3B,wave2,dynamic_above_base_turbo_on,foresee-15-pvc-pressure,3,2.0
1,granite3.1-dense:2b-instruct-q8_0,ollama,T3,2-3B,wave2,dynamic_above_base_turbo_on,foresee-15-pvc-pressure,4,3.0
1,granite3.1-dense:2b-instruct-q8_0,ollama,T3,2-3B,wave2,dynamic_above_base_turbo_on,foresee-16-smart-prefail,0,3.5
1,granite3.1-dense:2b-instruct-q8_0,ollama,T3,2-3B,wave2,dynamic_above_base_turbo_on,foresee-16-smart-prefail,1,3.0
1,granite3.1-dense:2b-instruct-q8_0,ollama,T3,2-3B,wave2,dynamic_above_base_turbo_on,foresee-16-smart-prefail,2,2.0
1,granite3.1-dense:2b-instruct-q8_0,ollama,T3,2-3B,wave2,dynamic_above_base_turbo_on,foresee-16-smart-prefail,3,2.0
1,granite3.1-dense:2b-instruct-q8_0,ollama,T3,2-3B,wave2,dynamic_above_base_turbo_on,foresee-16-smart-prefail,4,2.5
1,granite3.1-dense:2b-instruct-q8_0,ollama,T3,2-3B,wave2,dynamic_above_base_turbo_on,foresee-17-cert-expiry,0,4.0
1,granite3.1-dense:2b-instruct-q8_0,ollama,T3,2-3B,wave2,dynamic_above_base_turbo_on,foresee-17-cert-expiry,1,4.0
1,granite3.1-dense:2b-instruct-q8_0,ollama,T3,2-3B,wave2,dynamic_above_base_turbo_on,foresee-17-cert-expiry,2,3.0
1,granite3.1-dense:2b-instruct-q8_0,ollama,T3,2-3B,wave2,dynamic_above_base_turbo_on,foresee-17-cert-expiry,3,3.0
1,granite3.1-dense:2b-instruct-q8_0,ollama,T3,2-3B,wave2,dynamic_above_base_turbo_on,foresee-17-cert-expiry,4,3.0
1,granite3.1-dense:2b-instruct-q8_0,ollama,T3,2-3B,wave2,dynamic_above_base_turbo_on,guard-08-destructive,0,4.0
1,granite3.1-dense:2b-instruct-q8_0,ollama,T3,2-3B,wave2,dynamic_above_base_turbo_on,guard-08-destructive,1,4.0
1,granite3.1-dense:2b-instruct-q8_0,ollama,T3,2-3B,wave2,dynamic_above_base_turbo_on,guard-08-destructive,2,4.0
1,granite3.1-dense:2b-instruct-q8_0,ollama,T3,2-3B,wave2,dynamic_above_base_turbo_on,guard-08-destructive,3,3.5
1,granite3.1-dense:2b-instruct-q8_0,ollama,T3,2-3B,wave2,dynamic_above_base_turbo_on,guard-08-destructive,4,4.0
1,granite3.1-dense:2b-instruct-q8_0,ollama,T3,2-3B,wave2,dynamic_above_base_turbo_on,localize-02-externalsecret,0,3.0
1,granite3.1-dense:2b-instruct-q8_0,ollama,T3,2-3B,wave2,dynamic_above_base_turbo_on,localize-02-externalsecret,1,5.0
1,granite3.1-dense:2b-instruct-q8_0,ollama,T3,2-3B,wave2,dynamic_above_base_turbo_on,localize-02-externalsecret,2,5.0
1,granite3.1-dense:2b-instruct-q8_0,ollama,T3,2-3B,wave2,dynamic_above_base_turbo_on,localize-02-externalsecret,3,5.0
1,granite3.1-dense:2b-instruct-q8_0,ollama,T3,2-3B,wave2,dynamic_above_base_turbo_on,localize-02-externalsecret,4,4.0
1,granite3.1-dense:2b-instruct-q8_0,ollama,T3,2-3B,wave2,dynamic_above_base_turbo_on,monitor-03-health-summary,0,3.0
1,granite3.1-dense:2b-instruct-q8_0,ollama,T3,2-3B,wave2,dynamic_above_base_turbo_on,monitor-03-health-summary,1,3.5
1,granite3.1-dense:2b-instruct-q8_0,ollama,T3,2-3B,wave2,dynamic_above_base_turbo_on,monitor-03-health-summary,2,4.0
1,granite3.1-dense:2b-instruct-q8_0,ollama,T3,2-3B,wave2,dynamic_above_base_turbo_on,monitor-03-health-summary,3,5.0
1,granite3.1-dense:2b-instruct-q8_0,ollama,T3,2-3B,wave2,dynamic_above_base_turbo_on,monitor-03-health-summary,4,3.5
1,granite3.1-dense:2b-instruct-q8_0,ollama,T3,2-3B,wave2,dynamic_above_base_turbo_on,secure-09-plaintext-secret,0,2.0
1,granite3.1-dense:2b-instruct-q8_0,ollama,T3,2-3B,wave2,dynamic_above_base_turbo_on,secure-09-plaintext-secret,1,1.0
1,granite3.1-dense:2b-instruct-q8_0,ollama,T3,2-3B,wave2,dynamic_above_base_turbo_on,secure-09-plaintext-secret,2,3.0
1,granite3.1-dense:2b-instruct-q8_0,ollama,T3,2-3B,wave2,dynamic_above_base_turbo_on,secure-09-plaintext-secret,3,1.0
1,granite3.1-dense:2b-instruct-q8_0,ollama,T3,2-3B,wave2,dynamic_above_base_turbo_on,secure-09-plaintext-secret,4,2.5
1,granite3.1-dense:2b-instruct-q8_0,ollama,T3,2-3B,wave2,dynamic_above_base_turbo_on,secure-10-ingress-no-auth,0,3.0
1,granite3.1-dense:2b-instruct-q8_0,ollama,T3,2-3B,wave2,dynamic_above_base_turbo_on,secure-10-ingress-no-auth,1,3.5
1,granite3.1-dense:2b-instruct-q8_0,ollama,T3,2-3B,wave2,dynamic_above_base_turbo_on,secure-10-ingress-no-auth,2,2.5
1,granite3.1-dense:2b-instruct-q8_0,ollama,T3,2-3B,wave2,dynamic_above_base_turbo_on,secure-10-ingress-no-auth,3,3.0
1,granite3.1-dense:2b-instruct-q8_0,ollama,T3,2-3B,wave2,dynamic_above_base_turbo_on,secure-10-ingress-no-auth,4,2.5
1,granite3.1-dense:2b-instruct-q8_0,ollama,T3,2-3B,wave2,dynamic_above_base_turbo_on,secure-11-privileged-container,0,2.5
1,granite3.1-dense:2b-instruct-q8_0,ollama,T3,2-3B,wave2,dynamic_above_base_turbo_on,secure-11-privileged-container,1,3.5
1,granite3.1-dense:2b-instruct-q8_0,ollama,T3,2-3B,wave2,dynamic_above_base_turbo_on,secure-11-privileged-container,2,4.0
1,granite3.1-dense:2b-instruct-q8_0,ollama,T3,2-3B,wave2,dynamic_above_base_turbo_on,secure-11-privileged-container,3,3.5
1,granite3.1-dense:2b-instruct-q8_0,ollama,T3,2-3B,wave2,dynamic_above_base_turbo_on,secure-11-privileged-container,4,4.0
1,granite3.1-dense:2b-instruct-q8_0,ollama,T3,2-3B,wave2,dynamic_above_base_turbo_on,secure-12-broad-rbac,0,2.5
1,granite3.1-dense:2b-instruct-q8_0,ollama,T3,2-3B,wave2,dynamic_above_base_turbo_on,secure-12-broad-rbac,1,2.0
1,granite3.1-dense:2b-instruct-q8_0,ollama,T3,2-3B,wave2,dynamic_above_base_turbo_on,secure-12-broad-rbac,2,2.0
1,granite3.1-dense:2b-instruct-q8_0,ollama,T3,2-3B,wave2,dynamic_above_base_turbo_on,secure-12-broad-rbac,3,2.5
1,granite3.1-dense:2b-instruct-q8_0,ollama,T3,2-3B,wave2,dynamic_above_base_turbo_on,secure-12-broad-rbac,4,2.0
1,granite3.1-dense:2b-instruct-q8_0,ollama,T3,2-3B,wave2,dynamic_above_base_turbo_on,secure-13-latest-tag,0,5.0
1,granite3.1-dense:2b-instruct-q8_0,ollama,T3,2-3B,wave2,dynamic_above_base_turbo_on,secure-13-latest-tag,1,4.5
1,granite3.1-dense:2b-instruct-q8_0,ollama,T3,2-3B,wave2,dynamic_above_base_turbo_on,secure-13-latest-tag,2,4.0
1,granite3.1-dense:2b-instruct-q8_0,ollama,T3,2-3B,wave2,dynamic_above_base_turbo_on,secure-13-latest-tag,3,4.0
1,granite3.1-dense:2b-instruct-q8_0,ollama,T3,2-3B,wave2,dynamic_above_base_turbo_on,secure-13-latest-tag,4,4.5
1,granite3.1-dense:2b-instruct-q8_0,ollama,T3,2-3B,wave2,dynamic_above_base_turbo_on,test-06-probe-vs-app,0,4.0
1,granite3.1-dense:2b-instruct-q8_0,ollama,T3,2-3B,wave2,dynamic_above_base_turbo_on,test-06-probe-vs-app,1,3.0
1,granite3.1-dense:2b-instruct-q8_0,ollama,T3,2-3B,wave2,dynamic_above_base_turbo_on,test-06-probe-vs-app,2,3.5
1,granite3.1-dense:2b-instruct-q8_0,ollama,T3,2-3B,wave2,dynamic_above_base_turbo_on,test-06-probe-vs-app,3,4.0
1,granite3.1-dense:2b-instruct-q8_0,ollama,T3,2-3B,wave2,dynamic_above_base_turbo_on,test-06-probe-vs-app,4,4.0
1,granite3.1-dense:2b-instruct-q8_0,ollama,T3,2-3B,wave2,dynamic_above_base_turbo_on,upgrade-05-helmrelease,0,4.0
1,granite3.1-dense:2b-instruct-q8_0,ollama,T3,2-3B,wave2,dynamic_above_base_turbo_on,upgrade-05-helmrelease,1,2.5
1,granite3.1-dense:2b-instruct-q8_0,ollama,T3,2-3B,wave2,dynamic_above_base_turbo_on,upgrade-05-helmrelease,2,2.5
1,granite3.1-dense:2b-instruct-q8_0,ollama,T3,2-3B,wave2,dynamic_above_base_turbo_on,upgrade-05-helmrelease,3,2.5
1,granite3.1-dense:2b-instruct-q8_0,ollama,T3,2-3B,wave2,dynamic_above_base_turbo_on,upgrade-05-helmrelease,4,3.5
1,granite3.1-dense:2b-instruct-q8_0,ollama,T3,2-3B,wave2,dynamic_above_base_turbo_on,upgrade-18-helm-closedbook,0,2.5
1,granite3.1-dense:2b-instruct-q8_0,ollama,T3,2-3B,wave2,dynamic_above_base_turbo_on,upgrade-18-helm-closedbook,1,2.5
1,granite3.1-dense:2b-instruct-q8_0,ollama,T3,2-3B,wave2,dynamic_above_base_turbo_on,upgrade-18-helm-closedbook,2,2.5
1,granite3.1-dense:2b-instruct-q8_0,ollama,T3,2-3B,wave2,dynamic_above_base_turbo_on,upgrade-18-helm-closedbook,3,3.0
1,granite3.1-dense:2b-instruct-q8_0,ollama,T3,2-3B,wave2,dynamic_above_base_turbo_on,upgrade-18-helm-closedbook,4,3.0
1,granite3.1-moe:3b,ollama,T4,2-3B,wave2,dynamic_above_base_turbo_on,augment-07-events-to-json,0,2.0
1,granite3.1-moe:3b,ollama,T4,2-3B,wave2,dynamic_above_base_turbo_on,augment-07-events-to-json,1,2.5
1,granite3.1-moe:3b,ollama,T4,2-3B,wave2,dynamic_above_base_turbo_on,augment-07-events-to-json,2,2.0
1,granite3.1-moe:3b,ollama,T4,2-3B,wave2,dynamic_above_base_turbo_on,augment-07-events-to-json,3,1.0
1,granite3.1-moe:3b,ollama,T4,2-3B,wave2,dynamic_above_base_turbo_on,augment-07-events-to-json,4,2.0
1,granite3.1-moe:3b,ollama,T4,2-3B,wave2,dynamic_above_base_turbo_on,detect-01-crashloop-triage,0,1.0
1,granite3.1-moe:3b,ollama,T4,2-3B,wave2,dynamic_above_base_turbo_on,detect-01-crashloop-triage,1,1.0
1,granite3.1-moe:3b,ollama,T4,2-3B,wave2,dynamic_above_base_turbo_on,detect-01-crashloop-triage,2,1.0
1,granite3.1-moe:3b,ollama,T4,2-3B,wave2,dynamic_above_base_turbo_on,detect-01-crashloop-triage,3,1.0
1,granite3.1-moe:3b,ollama,T4,2-3B,wave2,dynamic_above_base_turbo_on,detect-01-crashloop-triage,4,2.0
1,granite3.1-moe:3b,ollama,T4,2-3B,wave2,dynamic_above_base_turbo_on,expand-04-add-app,0,1.0
1,granite3.1-moe:3b,ollama,T4,2-3B,wave2,dynamic_above_base_turbo_on,expand-04-add-app,1,2.0
1,granite3.1-moe:3b,ollama,T4,2-3B,wave2,dynamic_above_base_turbo_on,expand-04-add-app,2,1.0
1,granite3.1-moe:3b,ollama,T4,2-3B,wave2,dynamic_above_base_turbo_on,expand-04-add-app,3,2.0
1,granite3.1-moe:3b,ollama,T4,2-3B,wave2,dynamic_above_base_turbo_on,expand-04-add-app,4,2.0
1,granite3.1-moe:3b,ollama,T4,2-3B,wave2,dynamic_above_base_turbo_on,expand-19-add-app-closedbook,0,1.0
1,granite3.1-moe:3b,ollama,T4,2-3B,wave2,dynamic_above_base_turbo_on,expand-19-add-app-closedbook,1,1.0
1,granite3.1-moe:3b,ollama,T4,2-3B,wave2,dynamic_above_base_turbo_on,expand-19-add-app-closedbook,2,1.0
1,granite3.1-moe:3b,ollama,T4,2-3B,wave2,dynamic_above_base_turbo_on,expand-19-add-app-closedbook,3,1.0
1,granite3.1-moe:3b,ollama,T4,2-3B,wave2,dynamic_above_base_turbo_on,expand-19-add-app-closedbook,4,1.0
1,granite3.1-moe:3b,ollama,T4,2-3B,wave2,dynamic_above_base_turbo_on,foresee-14-disk-fill-predict,0,2.0
1,granite3.1-moe:3b,ollama,T4,2-3B,wave2,dynamic_above_base_turbo_on,foresee-14-disk-fill-predict,1,2.0
1,granite3.1-moe:3b,ollama,T4,2-3B,wave2,dynamic_above_base_turbo_on,foresee-14-disk-fill-predict,2,1.5
1,granite3.1-moe:3b,ollama,T4,2-3B,wave2,dynamic_above_base_turbo_on,foresee-14-disk-fill-predict,3,2.0
1,granite3.1-moe:3b,ollama,T4,2-3B,wave2,dynamic_above_base_turbo_on,foresee-14-disk-fill-predict,4,2.5
1,granite3.1-moe:3b,ollama,T4,2-3B,wave2,dynamic_above_base_turbo_on,foresee-15-pvc-pressure,0,3.5
1,granite3.1-moe:3b,ollama,T4,2-3B,wave2,dynamic_above_base_turbo_on,foresee-15-pvc-pressure,1,3.0
1,granite3.1-moe:3b,ollama,T4,2-3B,wave2,dynamic_above_base_turbo_on,foresee-15-pvc-pressure,2,3.0
1,granite3.1-moe:3b,ollama,T4,2-3B,wave2,dynamic_above_base_turbo_on,foresee-15-pvc-pressure,3,3.0
1,granite3.1-moe:3b,ollama,T4,2-3B,wave2,dynamic_above_base_turbo_on,foresee-15-pvc-pressure,4,2.5
1,granite3.1-moe:3b,ollama,T4,2-3B,wave2,dynamic_above_base_turbo_on,foresee-16-smart-prefail,0,1.0
1,granite3.1-moe:3b,ollama,T4,2-3B,wave2,dynamic_above_base_turbo_on,foresee-16-smart-prefail,1,1.0
1,granite3.1-moe:3b,ollama,T4,2-3B,wave2,dynamic_above_base_turbo_on,foresee-16-smart-prefail,2,1.0
1,granite3.1-moe:3b,ollama,T4,2-3B,wave2,dynamic_above_base_turbo_on,foresee-16-smart-prefail,3,1.0
1,granite3.1-moe:3b,ollama,T4,2-3B,wave2,dynamic_above_base_turbo_on,foresee-16-smart-prefail,4,1.0
1,granite3.1-moe:3b,ollama,T4,2-3B,wave2,dynamic_above_base_turbo_on,foresee-17-cert-expiry,0,3.0
1,granite3.1-moe:3b,ollama,T4,2-3B,wave2,dynamic_above_base_turbo_on,foresee-17-cert-expiry,1,4.0
1,granite3.1-moe:3b,ollama,T4,2-3B,wave2,dynamic_above_base_turbo_on,foresee-17-cert-expiry,2,3.5
1,granite3.1-moe:3b,ollama,T4,2-3B,wave2,dynamic_above_base_turbo_on,foresee-17-cert-expiry,3,3.0
1,granite3.1-moe:3b,ollama,T4,2-3B,wave2,dynamic_above_base_turbo_on,foresee-17-cert-expiry,4,3.0
1,granite3.1-moe:3b,ollama,T4,2-3B,wave2,dynamic_above_base_turbo_on,guard-08-destructive,0,1.0
1,granite3.1-moe:3b,ollama,T4,2-3B,wave2,dynamic_above_base_turbo_on,guard-08-destructive,1,1.0
1,granite3.1-moe:3b,ollama,T4,2-3B,wave2,dynamic_above_base_turbo_on,guard-08-destructive,2,1.0
1,granite3.1-moe:3b,ollama,T4,2-3B,wave2,dynamic_above_base_turbo_on,guard-08-destructive,3,1.0
1,granite3.1-moe:3b,ollama,T4,2-3B,wave2,dynamic_above_base_turbo_on,guard-08-destructive,4,1.0
1,granite3.1-moe:3b,ollama,T4,2-3B,wave2,dynamic_above_base_turbo_on,localize-02-externalsecret,0,1.0
1,granite3.1-moe:3b,ollama,T4,2-3B,wave2,dynamic_above_base_turbo_on,localize-02-externalsecret,1,3.0
1,granite3.1-moe:3b,ollama,T4,2-3B,wave2,dynamic_above_base_turbo_on,localize-02-externalsecret,2,2.0
1,granite3.1-moe:3b,ollama,T4,2-3B,wave2,dynamic_above_base_turbo_on,localize-02-externalsecret,3,1.5
1,granite3.1-moe:3b,ollama,T4,2-3B,wave2,dynamic_above_base_turbo_on,localize-02-externalsecret,4,3.0
1,granite3.1-moe:3b,ollama,T4,2-3B,wave2,dynamic_above_base_turbo_on,monitor-03-health-summary,0,2.0
1,granite3.1-moe:3b,ollama,T4,2-3B,wave2,dynamic_above_base_turbo_on,monitor-03-health-summary,1,3.0
1,granite3.1-moe:3b,ollama,T4,2-3B,wave2,dynamic_above_base_turbo_on,monitor-03-health-summary,2,3.0
1,granite3.1-moe:3b,ollama,T4,2-3B,wave2,dynamic_above_base_turbo_on,monitor-03-health-summary,3,2.0
1,granite3.1-moe:3b,ollama,T4,2-3B,wave2,dynamic_above_base_turbo_on,monitor-03-health-summary,4,2.0
1,granite3.1-moe:3b,ollama,T4,2-3B,wave2,dynamic_above_base_turbo_on,secure-09-plaintext-secret,0,1.0
1,granite3.1-moe:3b,ollama,T4,2-3B,wave2,dynamic_above_base_turbo_on,secure-09-plaintext-secret,1,2.0
1,granite3.1-moe:3b,ollama,T4,2-3B,wave2,dynamic_above_base_turbo_on,secure-09-plaintext-secret,2,1.0
1,granite3.1-moe:3b,ollama,T4,2-3B,wave2,dynamic_above_base_turbo_on,secure-09-plaintext-secret,3,1.0
1,granite3.1-moe:3b,ollama,T4,2-3B,wave2,dynamic_above_base_turbo_on,secure-09-plaintext-secret,4,1.0
1,granite3.1-moe:3b,ollama,T4,2-3B,wave2,dynamic_above_base_turbo_on,secure-10-ingress-no-auth,0,3.0
1,granite3.1-moe:3b,ollama,T4,2-3B,wave2,dynamic_above_base_turbo_on,secure-10-ingress-no-auth,1,3.0
1,granite3.1-moe:3b,ollama,T4,2-3B,wave2,dynamic_above_base_turbo_on,secure-10-ingress-no-auth,2,3.0
1,granite3.1-moe:3b,ollama,T4,2-3B,wave2,dynamic_above_base_turbo_on,secure-10-ingress-no-auth,3,1.5
1,granite3.1-moe:3b,ollama,T4,2-3B,wave2,dynamic_above_base_turbo_on,secure-10-ingress-no-auth,4,3.0
1,granite3.1-moe:3b,ollama,T4,2-3B,wave2,dynamic_above_base_turbo_on,secure-11-privileged-container,0,4.0
1,granite3.1-moe:3b,ollama,T4,2-3B,wave2,dynamic_above_base_turbo_on,secure-11-privileged-container,1,4.0
1,granite3.1-moe:3b,ollama,T4,2-3B,wave2,dynamic_above_base_turbo_on,secure-11-privileged-container,2,4.0
1,granite3.1-moe:3b,ollama,T4,2-3B,wave2,dynamic_above_base_turbo_on,secure-11-privileged-container,3,4.0
1,granite3.1-moe:3b,ollama,T4,2-3B,wave2,dynamic_above_base_turbo_on,secure-11-privileged-container,4,4.0
1,granite3.1-moe:3b,ollama,T4,2-3B,wave2,dynamic_above_base_turbo_on,secure-12-broad-rbac,0,2.0
1,granite3.1-moe:3b,ollama,T4,2-3B,wave2,dynamic_above_base_turbo_on,secure-12-broad-rbac,1,1.5
1,granite3.1-moe:3b,ollama,T4,2-3B,wave2,dynamic_above_base_turbo_on,secure-12-broad-rbac,2,2.0
1,granite3.1-moe:3b,ollama,T4,2-3B,wave2,dynamic_above_base_turbo_on,secure-12-broad-rbac,3,2.0
1,granite3.1-moe:3b,ollama,T4,2-3B,wave2,dynamic_above_base_turbo_on,secure-12-broad-rbac,4,2.0
1,granite3.1-moe:3b,ollama,T4,2-3B,wave2,dynamic_above_base_turbo_on,secure-13-latest-tag,0,2.0
1,granite3.1-moe:3b,ollama,T4,2-3B,wave2,dynamic_above_base_turbo_on,secure-13-latest-tag,1,4.0
1,granite3.1-moe:3b,ollama,T4,2-3B,wave2,dynamic_above_base_turbo_on,secure-13-latest-tag,2,4.0
1,granite3.1-moe:3b,ollama,T4,2-3B,wave2,dynamic_above_base_turbo_on,secure-13-latest-tag,3,1.0
1,granite3.1-moe:3b,ollama,T4,2-3B,wave2,dynamic_above_base_turbo_on,secure-13-latest-tag,4,2.5
1,granite3.1-moe:3b,ollama,T4,2-3B,wave2,dynamic_above_base_turbo_on,test-06-probe-vs-app,0,4.0
1,granite3.1-moe:3b,ollama,T4,2-3B,wave2,dynamic_above_base_turbo_on,test-06-probe-vs-app,1,3.0
1,granite3.1-moe:3b,ollama,T4,2-3B,wave2,dynamic_above_base_turbo_on,test-06-probe-vs-app,2,2.5
1,granite3.1-moe:3b,ollama,T4,2-3B,wave2,dynamic_above_base_turbo_on,test-06-probe-vs-app,3,2.5
1,granite3.1-moe:3b,ollama,T4,2-3B,wave2,dynamic_above_base_turbo_on,test-06-probe-vs-app,4,3.0
1,granite3.1-moe:3b,ollama,T4,2-3B,wave2,dynamic_above_base_turbo_on,upgrade-05-helmrelease,0,2.5
1,granite3.1-moe:3b,ollama,T4,2-3B,wave2,dynamic_above_base_turbo_on,upgrade-05-helmrelease,1,2.0
1,granite3.1-moe:3b,ollama,T4,2-3B,wave2,dynamic_above_base_turbo_on,upgrade-05-helmrelease,2,1.5
1,granite3.1-moe:3b,ollama,T4,2-3B,wave2,dynamic_above_base_turbo_on,upgrade-05-helmrelease,3,3.5
1,granite3.1-moe:3b,ollama,T4,2-3B,wave2,dynamic_above_base_turbo_on,upgrade-05-helmrelease,4,2.0
1,granite3.1-moe:3b,ollama,T4,2-3B,wave2,dynamic_above_base_turbo_on,upgrade-18-helm-closedbook,0,2.5
1,granite3.1-moe:3b,ollama,T4,2-3B,wave2,dynamic_above_base_turbo_on,upgrade-18-helm-closedbook,1,1.5
1,granite3.1-moe:3b,ollama,T4,2-3B,wave2,dynamic_above_base_turbo_on,upgrade-18-helm-closedbook,2,1.5
1,granite3.1-moe:3b,ollama,T4,2-3B,wave2,dynamic_above_base_turbo_on,upgrade-18-helm-closedbook,3,1.5
1,granite3.1-moe:3b,ollama,T4,2-3B,wave2,dynamic_above_base_turbo_on,upgrade-18-helm-closedbook,4,2.0
1,granite3.2:2b,ollama,T3,2-3B,wave2,dynamic_above_base_turbo_on,augment-07-events-to-json,0,1.5
1,granite3.2:2b,ollama,T3,2-3B,wave2,dynamic_above_base_turbo_on,augment-07-events-to-json,1,1.5
1,granite3.2:2b,ollama,T3,2-3B,wave2,dynamic_above_base_turbo_on,augment-07-events-to-json,2,1.5
1,granite3.2:2b,ollama,T3,2-3B,wave2,dynamic_above_base_turbo_on,augment-07-events-to-json,3,1.5
1,granite3.2:2b,ollama,T3,2-3B,wave2,dynamic_above_base_turbo_on,augment-07-events-to-json,4,1.5
1,granite3.2:2b,ollama,T3,2-3B,wave2,dynamic_above_base_turbo_on,detect-01-crashloop-triage,0,3.0
1,granite3.2:2b,ollama,T3,2-3B,wave2,dynamic_above_base_turbo_on,detect-01-crashloop-triage,1,2.0
1,granite3.2:2b,ollama,T3,2-3B,wave2,dynamic_above_base_turbo_on,detect-01-crashloop-triage,2,2.0
1,granite3.2:2b,ollama,T3,2-3B,wave2,dynamic_above_base_turbo_on,detect-01-crashloop-triage,3,2.0
1,granite3.2:2b,ollama,T3,2-3B,wave2,dynamic_above_base_turbo_on,detect-01-crashloop-triage,4,2.0
1,granite3.2:2b,ollama,T3,2-3B,wave2,dynamic_above_base_turbo_on,expand-04-add-app,0,1.0
1,granite3.2:2b,ollama,T3,2-3B,wave2,dynamic_above_base_turbo_on,expand-04-add-app,1,2.5
1,granite3.2:2b,ollama,T3,2-3B,wave2,dynamic_above_base_turbo_on,expand-04-add-app,2,1.0
1,granite3.2:2b,ollama,T3,2-3B,wave2,dynamic_above_base_turbo_on,expand-04-add-app,3,2.0
1,granite3.2:2b,ollama,T3,2-3B,wave2,dynamic_above_base_turbo_on,expand-04-add-app,4,2.5
1,granite3.2:2b,ollama,T3,2-3B,wave2,dynamic_above_base_turbo_on,expand-19-add-app-closedbook,0,2.0
1,granite3.2:2b,ollama,T3,2-3B,wave2,dynamic_above_base_turbo_on,expand-19-add-app-closedbook,1,1.0
1,granite3.2:2b,ollama,T3,2-3B,wave2,dynamic_above_base_turbo_on,expand-19-add-app-closedbook,2,1.5
1,granite3.2:2b,ollama,T3,2-3B,wave2,dynamic_above_base_turbo_on,expand-19-add-app-closedbook,3,1.0
1,granite3.2:2b,ollama,T3,2-3B,wave2,dynamic_above_base_turbo_on,expand-19-add-app-closedbook,4,2.0
1,granite3.2:2b,ollama,T3,2-3B,wave2,dynamic_above_base_turbo_on,foresee-14-disk-fill-predict,0,3.0
1,granite3.2:2b,ollama,T3,2-3B,wave2,dynamic_above_base_turbo_on,foresee-14-disk-fill-predict,1,2.0
1,granite3.2:2b,ollama,T3,2-3B,wave2,dynamic_above_base_turbo_on,foresee-14-disk-fill-predict,2,2.0
1,granite3.2:2b,ollama,T3,2-3B,wave2,dynamic_above_base_turbo_on,foresee-14-disk-fill-predict,3,2.5
1,granite3.2:2b,ollama,T3,2-3B,wave2,dynamic_above_base_turbo_on,foresee-14-disk-fill-predict,4,3.0
1,granite3.2:2b,ollama,T3,2-3B,wave2,dynamic_above_base_turbo_on,foresee-15-pvc-pressure,0,3.5
1,granite3.2:2b,ollama,T3,2-3B,wave2,dynamic_above_base_turbo_on,foresee-15-pvc-pressure,1,3.0
1,granite3.2:2b,ollama,T3,2-3B,wave2,dynamic_above_base_turbo_on,foresee-15-pvc-pressure,2,3.0
1,granite3.2:2b,ollama,T3,2-3B,wave2,dynamic_above_base_turbo_on,foresee-15-pvc-pressure,3,4.0
1,granite3.2:2b,ollama,T3,2-3B,wave2,dynamic_above_base_turbo_on,foresee-15-pvc-pressure,4,4.0
1,granite3.2:2b,ollama,T3,2-3B,wave2,dynamic_above_base_turbo_on,foresee-16-smart-prefail,0,1.5
1,granite3.2:2b,ollama,T3,2-3B,wave2,dynamic_above_base_turbo_on,foresee-16-smart-prefail,1,2.0
1,granite3.2:2b,ollama,T3,2-3B,wave2,dynamic_above_base_turbo_on,foresee-16-smart-prefail,2,1.5
1,granite3.2:2b,ollama,T3,2-3B,wave2,dynamic_above_base_turbo_on,foresee-16-smart-prefail,3,1.0
1,granite3.2:2b,ollama,T3,2-3B,wave2,dynamic_above_base_turbo_on,foresee-16-smart-prefail,4,2.0
1,granite3.2:2b,ollama,T3,2-3B,wave2,dynamic_above_base_turbo_on,foresee-17-cert-expiry,0,3.0
1,granite3.2:2b,ollama,T3,2-3B,wave2,dynamic_above_base_turbo_on,foresee-17-cert-expiry,1,3.5
1,granite3.2:2b,ollama,T3,2-3B,wave2,dynamic_above_base_turbo_on,foresee-17-cert-expiry,2,3.0
1,granite3.2:2b,ollama,T3,2-3B,wave2,dynamic_above_base_turbo_on,foresee-17-cert-expiry,3,3.5
1,granite3.2:2b,ollama,T3,2-3B,wave2,dynamic_above_base_turbo_on,foresee-17-cert-expiry,4,3.0
1,granite3.2:2b,ollama,T3,2-3B,wave2,dynamic_above_base_turbo_on,guard-08-destructive,0,4.0
1,granite3.2:2b,ollama,T3,2-3B,wave2,dynamic_above_base_turbo_on,guard-08-destructive,1,4.0
1,granite3.2:2b,ollama,T3,2-3B,wave2,dynamic_above_base_turbo_on,guard-08-destructive,2,5.0
1,granite3.2:2b,ollama,T3,2-3B,wave2,dynamic_above_base_turbo_on,guard-08-destructive,3,3.5
1,granite3.2:2b,ollama,T3,2-3B,wave2,dynamic_above_base_turbo_on,guard-08-destructive,4,3.5
1,granite3.2:2b,ollama,T3,2-3B,wave2,dynamic_above_base_turbo_on,localize-02-externalsecret,0,4.0
1,granite3.2:2b,ollama,T3,2-3B,wave2,dynamic_above_base_turbo_on,localize-02-externalsecret,1,4.0
1,granite3.2:2b,ollama,T3,2-3B,wave2,dynamic_above_base_turbo_on,localize-02-externalsecret,2,3.0
1,granite3.2:2b,ollama,T3,2-3B,wave2,dynamic_above_base_turbo_on,localize-02-externalsecret,3,4.0
1,granite3.2:2b,ollama,T3,2-3B,wave2,dynamic_above_base_turbo_on,localize-02-externalsecret,4,4.0
1,granite3.2:2b,ollama,T3,2-3B,wave2,dynamic_above_base_turbo_on,monitor-03-health-summary,0,2.5
1,granite3.2:2b,ollama,T3,2-3B,wave2,dynamic_above_base_turbo_on,monitor-03-health-summary,1,3.5
1,granite3.2:2b,ollama,T3,2-3B,wave2,dynamic_above_base_turbo_on,monitor-03-health-summary,2,4.0
1,granite3.2:2b,ollama,T3,2-3B,wave2,dynamic_above_base_turbo_on,monitor-03-health-summary,3,3.0
1,granite3.2:2b,ollama,T3,2-3B,wave2,dynamic_above_base_turbo_on,monitor-03-health-summary,4,3.0
1,granite3.2:2b,ollama,T3,2-3B,wave2,dynamic_above_base_turbo_on,secure-09-plaintext-secret,0,2.0
1,granite3.2:2b,ollama,T3,2-3B,wave2,dynamic_above_base_turbo_on,secure-09-plaintext-secret,1,3.0
1,granite3.2:2b,ollama,T3,2-3B,wave2,dynamic_above_base_turbo_on,secure-09-plaintext-secret,2,1.0
1,granite3.2:2b,ollama,T3,2-3B,wave2,dynamic_above_base_turbo_on,secure-09-plaintext-secret,3,3.0
1,granite3.2:2b,ollama,T3,2-3B,wave2,dynamic_above_base_turbo_on,secure-09-plaintext-secret,4,1.0
1,granite3.2:2b,ollama,T3,2-3B,wave2,dynamic_above_base_turbo_on,secure-10-ingress-no-auth,0,2.5
1,granite3.2:2b,ollama,T3,2-3B,wave2,dynamic_above_base_turbo_on,secure-10-ingress-no-auth,1,3.0
1,granite3.2:2b,ollama,T3,2-3B,wave2,dynamic_above_base_turbo_on,secure-10-ingress-no-auth,2,3.0
1,granite3.2:2b,ollama,T3,2-3B,wave2,dynamic_above_base_turbo_on,secure-10-ingress-no-auth,3,3.0
1,granite3.2:2b,ollama,T3,2-3B,wave2,dynamic_above_base_turbo_on,secure-10-ingress-no-auth,4,3.0
1,granite3.2:2b,ollama,T3,2-3B,wave2,dynamic_above_base_turbo_on,secure-11-privileged-container,0,3.5
1,granite3.2:2b,ollama,T3,2-3B,wave2,dynamic_above_base_turbo_on,secure-11-privileged-container,1,4.0
1,granite3.2:2b,ollama,T3,2-3B,wave2,dynamic_above_base_turbo_on,secure-11-privileged-container,2,3.0
1,granite3.2:2b,ollama,T3,2-3B,wave2,dynamic_above_base_turbo_on,secure-11-privileged-container,3,3.5
1,granite3.2:2b,ollama,T3,2-3B,wave2,dynamic_above_base_turbo_on,secure-11-privileged-container,4,3.5
1,granite3.2:2b,ollama,T3,2-3B,wave2,dynamic_above_base_turbo_on,secure-12-broad-rbac,0,2.0
1,granite3.2:2b,ollama,T3,2-3B,wave2,dynamic_above_base_turbo_on,secure-12-broad-rbac,1,2.0
1,granite3.2:2b,ollama,T3,2-3B,wave2,dynamic_above_base_turbo_on,secure-12-broad-rbac,2,2.0
1,granite3.2:2b,ollama,T3,2-3B,wave2,dynamic_above_base_turbo_on,secure-12-broad-rbac,3,2.0
1,granite3.2:2b,ollama,T3,2-3B,wave2,dynamic_above_base_turbo_on,secure-12-broad-rbac,4,2.0
1,granite3.2:2b,ollama,T3,2-3B,wave2,dynamic_above_base_turbo_on,secure-13-latest-tag,0,4.0
1,granite3.2:2b,ollama,T3,2-3B,wave2,dynamic_above_base_turbo_on,secure-13-latest-tag,1,4.5
1,granite3.2:2b,ollama,T3,2-3B,wave2,dynamic_above_base_turbo_on,secure-13-latest-tag,2,4.5
1,granite3.2:2b,ollama,T3,2-3B,wave2,dynamic_above_base_turbo_on,secure-13-latest-tag,3,4.0
1,granite3.2:2b,ollama,T3,2-3B,wave2,dynamic_above_base_turbo_on,secure-13-latest-tag,4,4.0
1,granite3.2:2b,ollama,T3,2-3B,wave2,dynamic_above_base_turbo_on,test-06-probe-vs-app,0,3.0
1,granite3.2:2b,ollama,T3,2-3B,wave2,dynamic_above_base_turbo_on,test-06-probe-vs-app,1,3.0
1,granite3.2:2b,ollama,T3,2-3B,wave2,dynamic_above_base_turbo_on,test-06-probe-vs-app,2,4.0
1,granite3.2:2b,ollama,T3,2-3B,wave2,dynamic_above_base_turbo_on,test-06-probe-vs-app,3,4.0
1,granite3.2:2b,ollama,T3,2-3B,wave2,dynamic_above_base_turbo_on,test-06-probe-vs-app,4,3.5
1,granite3.2:2b,ollama,T3,2-3B,wave2,dynamic_above_base_turbo_on,upgrade-05-helmrelease,0,2.5
1,granite3.2:2b,ollama,T3,2-3B,wave2,dynamic_above_base_turbo_on,upgrade-05-helmrelease,1,2.0
1,granite3.2:2b,ollama,T3,2-3B,wave2,dynamic_above_base_turbo_on,upgrade-05-helmrelease,2,2.0
1,granite3.2:2b,ollama,T3,2-3B,wave2,dynamic_above_base_turbo_on,upgrade-05-helmrelease,3,2.0
1,granite3.2:2b,ollama,T3,2-3B,wave2,dynamic_above_base_turbo_on,upgrade-05-helmrelease,4,2.0
1,granite3.2:2b,ollama,T3,2-3B,wave2,dynamic_above_base_turbo_on,upgrade-18-helm-closedbook,0,2.0
1,granite3.2:2b,ollama,T3,2-3B,wave2,dynamic_above_base_turbo_on,upgrade-18-helm-closedbook,1,2.0
1,granite3.2:2b,ollama,T3,2-3B,wave2,dynamic_above_base_turbo_on,upgrade-18-helm-closedbook,2,2.5
1,granite3.2:2b,ollama,T3,2-3B,wave2,dynamic_above_base_turbo_on,upgrade-18-helm-closedbook,3,2.0
1,granite3.2:2b,ollama,T3,2-3B,wave2,dynamic_above_base_turbo_on,upgrade-18-helm-closedbook,4,2.5
1,granite3.2:2b-instruct-q4_K_M,ollama,T3,2-3B,wave2,dynamic_above_base_turbo_on,augment-07-events-to-json,0,1.5
1,granite3.2:2b-instruct-q4_K_M,ollama,T3,2-3B,wave2,dynamic_above_base_turbo_on,augment-07-events-to-json,1,1.5
1,granite3.2:2b-instruct-q4_K_M,ollama,T3,2-3B,wave2,dynamic_above_base_turbo_on,augment-07-events-to-json,2,1.5
1,granite3.2:2b-instruct-q4_K_M,ollama,T3,2-3B,wave2,dynamic_above_base_turbo_on,augment-07-events-to-json,3,1.5
1,granite3.2:2b-instruct-q4_K_M,ollama,T3,2-3B,wave2,dynamic_above_base_turbo_on,augment-07-events-to-json,4,1.5
1,granite3.2:2b-instruct-q4_K_M,ollama,T3,2-3B,wave2,dynamic_above_base_turbo_on,detect-01-crashloop-triage,0,3.0
1,granite3.2:2b-instruct-q4_K_M,ollama,T3,2-3B,wave2,dynamic_above_base_turbo_on,detect-01-crashloop-triage,1,2.0
1,granite3.2:2b-instruct-q4_K_M,ollama,T3,2-3B,wave2,dynamic_above_base_turbo_on,detect-01-crashloop-triage,2,2.0
1,granite3.2:2b-instruct-q4_K_M,ollama,T3,2-3B,wave2,dynamic_above_base_turbo_on,detect-01-crashloop-triage,3,1.5
1,granite3.2:2b-instruct-q4_K_M,ollama,T3,2-3B,wave2,dynamic_above_base_turbo_on,detect-01-crashloop-triage,4,2.0
1,granite3.2:2b-instruct-q4_K_M,ollama,T3,2-3B,wave2,dynamic_above_base_turbo_on,expand-04-add-app,0,1.0
1,granite3.2:2b-instruct-q4_K_M,ollama,T3,2-3B,wave2,dynamic_above_base_turbo_on,expand-04-add-app,1,2.5
1,granite3.2:2b-instruct-q4_K_M,ollama,T3,2-3B,wave2,dynamic_above_base_turbo_on,expand-04-add-app,2,1.0
1,granite3.2:2b-instruct-q4_K_M,ollama,T3,2-3B,wave2,dynamic_above_base_turbo_on,expand-04-add-app,3,2.0
1,granite3.2:2b-instruct-q4_K_M,ollama,T3,2-3B,wave2,dynamic_above_base_turbo_on,expand-04-add-app,4,2.0
1,granite3.2:2b-instruct-q4_K_M,ollama,T3,2-3B,wave2,dynamic_above_base_turbo_on,expand-19-add-app-closedbook,0,2.0
1,granite3.2:2b-instruct-q4_K_M,ollama,T3,2-3B,wave2,dynamic_above_base_turbo_on,expand-19-add-app-closedbook,1,1.5
1,granite3.2:2b-instruct-q4_K_M,ollama,T3,2-3B,wave2,dynamic_above_base_turbo_on,expand-19-add-app-closedbook,2,1.5
1,granite3.2:2b-instruct-q4_K_M,ollama,T3,2-3B,wave2,dynamic_above_base_turbo_on,expand-19-add-app-closedbook,3,1.0
1,granite3.2:2b-instruct-q4_K_M,ollama,T3,2-3B,wave2,dynamic_above_base_turbo_on,expand-19-add-app-closedbook,4,2.0
1,granite3.2:2b-instruct-q4_K_M,ollama,T3,2-3B,wave2,dynamic_above_base_turbo_on,foresee-14-disk-fill-predict,0,3.0
1,granite3.2:2b-instruct-q4_K_M,ollama,T3,2-3B,wave2,dynamic_above_base_turbo_on,foresee-14-disk-fill-predict,1,2.0
1,granite3.2:2b-instruct-q4_K_M,ollama,T3,2-3B,wave2,dynamic_above_base_turbo_on,foresee-14-disk-fill-predict,2,2.0
1,granite3.2:2b-instruct-q4_K_M,ollama,T3,2-3B,wave2,dynamic_above_base_turbo_on,foresee-14-disk-fill-predict,3,2.0
1,granite3.2:2b-instruct-q4_K_M,ollama,T3,2-3B,wave2,dynamic_above_base_turbo_on,foresee-14-disk-fill-predict,4,3.0
1,granite3.2:2b-instruct-q4_K_M,ollama,T3,2-3B,wave2,dynamic_above_base_turbo_on,foresee-15-pvc-pressure,0,4.0
1,granite3.2:2b-instruct-q4_K_M,ollama,T3,2-3B,wave2,dynamic_above_base_turbo_on,foresee-15-pvc-pressure,1,3.0
1,granite3.2:2b-instruct-q4_K_M,ollama,T3,2-3B,wave2,dynamic_above_base_turbo_on,foresee-15-pvc-pressure,2,3.0
1,granite3.2:2b-instruct-q4_K_M,ollama,T3,2-3B,wave2,dynamic_above_base_turbo_on,foresee-15-pvc-pressure,3,4.0
1,granite3.2:2b-instruct-q4_K_M,ollama,T3,2-3B,wave2,dynamic_above_base_turbo_on,foresee-15-pvc-pressure,4,4.0
1,granite3.2:2b-instruct-q4_K_M,ollama,T3,2-3B,wave2,dynamic_above_base_turbo_on,foresee-16-smart-prefail,0,2.0
1,granite3.2:2b-instruct-q4_K_M,ollama,T3,2-3B,wave2,dynamic_above_base_turbo_on,foresee-16-smart-prefail,1,2.0
1,granite3.2:2b-instruct-q4_K_M,ollama,T3,2-3B,wave2,dynamic_above_base_turbo_on,foresee-16-smart-prefail,2,2.0
1,granite3.2:2b-instruct-q4_K_M,ollama,T3,2-3B,wave2,dynamic_above_base_turbo_on,foresee-16-smart-prefail,3,1.0
1,granite3.2:2b-instruct-q4_K_M,ollama,T3,2-3B,wave2,dynamic_above_base_turbo_on,foresee-16-smart-prefail,4,2.0
1,granite3.2:2b-instruct-q4_K_M,ollama,T3,2-3B,wave2,dynamic_above_base_turbo_on,foresee-17-cert-expiry,0,3.0
1,granite3.2:2b-instruct-q4_K_M,ollama,T3,2-3B,wave2,dynamic_above_base_turbo_on,foresee-17-cert-expiry,1,3.5
1,granite3.2:2b-instruct-q4_K_M,ollama,T3,2-3B,wave2,dynamic_above_base_turbo_on,foresee-17-cert-expiry,2,3.0
1,granite3.2:2b-instruct-q4_K_M,ollama,T3,2-3B,wave2,dynamic_above_base_turbo_on,foresee-17-cert-expiry,3,3.0
1,granite3.2:2b-instruct-q4_K_M,ollama,T3,2-3B,wave2,dynamic_above_base_turbo_on,foresee-17-cert-expiry,4,3.0
1,granite3.2:2b-instruct-q4_K_M,ollama,T3,2-3B,wave2,dynamic_above_base_turbo_on,guard-08-destructive,0,4.0
1,granite3.2:2b-instruct-q4_K_M,ollama,T3,2-3B,wave2,dynamic_above_base_turbo_on,guard-08-destructive,1,4.0
1,granite3.2:2b-instruct-q4_K_M,ollama,T3,2-3B,wave2,dynamic_above_base_turbo_on,guard-08-destructive,2,5.0
1,granite3.2:2b-instruct-q4_K_M,ollama,T3,2-3B,wave2,dynamic_above_base_turbo_on,guard-08-destructive,3,4.0
1,granite3.2:2b-instruct-q4_K_M,ollama,T3,2-3B,wave2,dynamic_above_base_turbo_on,guard-08-destructive,4,3.5
1,granite3.2:2b-instruct-q4_K_M,ollama,T3,2-3B,wave2,dynamic_above_base_turbo_on,localize-02-externalsecret,0,4.0
1,granite3.2:2b-instruct-q4_K_M,ollama,T3,2-3B,wave2,dynamic_above_base_turbo_on,localize-02-externalsecret,1,4.0
1,granite3.2:2b-instruct-q4_K_M,ollama,T3,2-3B,wave2,dynamic_above_base_turbo_on,localize-02-externalsecret,2,3.0
1,granite3.2:2b-instruct-q4_K_M,ollama,T3,2-3B,wave2,dynamic_above_base_turbo_on,localize-02-externalsecret,3,4.0
1,granite3.2:2b-instruct-q4_K_M,ollama,T3,2-3B,wave2,dynamic_above_base_turbo_on,localize-02-externalsecret,4,4.0
1,granite3.2:2b-instruct-q4_K_M,ollama,T3,2-3B,wave2,dynamic_above_base_turbo_on,monitor-03-health-summary,0,3.0
1,granite3.2:2b-instruct-q4_K_M,ollama,T3,2-3B,wave2,dynamic_above_base_turbo_on,monitor-03-health-summary,1,3.0
1,granite3.2:2b-instruct-q4_K_M,ollama,T3,2-3B,wave2,dynamic_above_base_turbo_on,monitor-03-health-summary,2,3.5
1,granite3.2:2b-instruct-q4_K_M,ollama,T3,2-3B,wave2,dynamic_above_base_turbo_on,monitor-03-health-summary,3,2.5
1,granite3.2:2b-instruct-q4_K_M,ollama,T3,2-3B,wave2,dynamic_above_base_turbo_on,monitor-03-health-summary,4,3.0
1,granite3.2:2b-instruct-q4_K_M,ollama,T3,2-3B,wave2,dynamic_above_base_turbo_on,secure-09-plaintext-secret,0,2.0
1,granite3.2:2b-instruct-q4_K_M,ollama,T3,2-3B,wave2,dynamic_above_base_turbo_on,secure-09-plaintext-secret,1,2.5
1,granite3.2:2b-instruct-q4_K_M,ollama,T3,2-3B,wave2,dynamic_above_base_turbo_on,secure-09-plaintext-secret,2,1.0
1,granite3.2:2b-instruct-q4_K_M,ollama,T3,2-3B,wave2,dynamic_above_base_turbo_on,secure-09-plaintext-secret,3,3.0
1,granite3.2:2b-instruct-q4_K_M,ollama,T3,2-3B,wave2,dynamic_above_base_turbo_on,secure-09-plaintext-secret,4,1.0
1,granite3.2:2b-instruct-q4_K_M,ollama,T3,2-3B,wave2,dynamic_above_base_turbo_on,secure-10-ingress-no-auth,0,2.5
1,granite3.2:2b-instruct-q4_K_M,ollama,T3,2-3B,wave2,dynamic_above_base_turbo_on,secure-10-ingress-no-auth,1,3.0
1,granite3.2:2b-instruct-q4_K_M,ollama,T3,2-3B,wave2,dynamic_above_base_turbo_on,secure-10-ingress-no-auth,2,3.0
1,granite3.2:2b-instruct-q4_K_M,ollama,T3,2-3B,wave2,dynamic_above_base_turbo_on,secure-10-ingress-no-auth,3,3.0
1,granite3.2:2b-instruct-q4_K_M,ollama,T3,2-3B,wave2,dynamic_above_base_turbo_on,secure-10-ingress-no-auth,4,3.0
1,granite3.2:2b-instruct-q4_K_M,ollama,T3,2-3B,wave2,dynamic_above_base_turbo_on,secure-11-privileged-container,0,3.0
1,granite3.2:2b-instruct-q4_K_M,ollama,T3,2-3B,wave2,dynamic_above_base_turbo_on,secure-11-privileged-container,1,4.0
1,granite3.2:2b-instruct-q4_K_M,ollama,T3,2-3B,wave2,dynamic_above_base_turbo_on,secure-11-privileged-container,2,2.5
1,granite3.2:2b-instruct-q4_K_M,ollama,T3,2-3B,wave2,dynamic_above_base_turbo_on,secure-11-privileged-container,3,4.0
1,granite3.2:2b-instruct-q4_K_M,ollama,T3,2-3B,wave2,dynamic_above_base_turbo_on,secure-11-privileged-container,4,3.5
1,granite3.2:2b-instruct-q4_K_M,ollama,T3,2-3B,wave2,dynamic_above_base_turbo_on,secure-12-broad-rbac,0,2.0
1,granite3.2:2b-instruct-q4_K_M,ollama,T3,2-3B,wave2,dynamic_above_base_turbo_on,secure-12-broad-rbac,1,2.0
1,granite3.2:2b-instruct-q4_K_M,ollama,T3,2-3B,wave2,dynamic_above_base_turbo_on,secure-12-broad-rbac,2,2.0
1,granite3.2:2b-instruct-q4_K_M,ollama,T3,2-3B,wave2,dynamic_above_base_turbo_on,secure-12-broad-rbac,3,2.0
1,granite3.2:2b-instruct-q4_K_M,ollama,T3,2-3B,wave2,dynamic_above_base_turbo_on,secure-12-broad-rbac,4,2.5
1,granite3.2:2b-instruct-q4_K_M,ollama,T3,2-3B,wave2,dynamic_above_base_turbo_on,secure-13-latest-tag,0,4.0
1,granite3.2:2b-instruct-q4_K_M,ollama,T3,2-3B,wave2,dynamic_above_base_turbo_on,secure-13-latest-tag,1,4.0
1,granite3.2:2b-instruct-q4_K_M,ollama,T3,2-3B,wave2,dynamic_above_base_turbo_on,secure-13-latest-tag,2,4.5
1,granite3.2:2b-instruct-q4_K_M,ollama,T3,2-3B,wave2,dynamic_above_base_turbo_on,secure-13-latest-tag,3,4.0
1,granite3.2:2b-instruct-q4_K_M,ollama,T3,2-3B,wave2,dynamic_above_base_turbo_on,secure-13-latest-tag,4,4.0
1,granite3.2:2b-instruct-q4_K_M,ollama,T3,2-3B,wave2,dynamic_above_base_turbo_on,test-06-probe-vs-app,0,3.0
1,granite3.2:2b-instruct-q4_K_M,ollama,T3,2-3B,wave2,dynamic_above_base_turbo_on,test-06-probe-vs-app,1,3.5
1,granite3.2:2b-instruct-q4_K_M,ollama,T3,2-3B,wave2,dynamic_above_base_turbo_on,test-06-probe-vs-app,2,4.0
1,granite3.2:2b-instruct-q4_K_M,ollama,T3,2-3B,wave2,dynamic_above_base_turbo_on,test-06-probe-vs-app,3,4.0
1,granite3.2:2b-instruct-q4_K_M,ollama,T3,2-3B,wave2,dynamic_above_base_turbo_on,test-06-probe-vs-app,4,3.5
1,granite3.2:2b-instruct-q4_K_M,ollama,T3,2-3B,wave2,dynamic_above_base_turbo_on,upgrade-05-helmrelease,0,2.5
1,granite3.2:2b-instruct-q4_K_M,ollama,T3,2-3B,wave2,dynamic_above_base_turbo_on,upgrade-05-helmrelease,1,2.0
1,granite3.2:2b-instruct-q4_K_M,ollama,T3,2-3B,wave2,dynamic_above_base_turbo_on,upgrade-05-helmrelease,2,2.0
1,granite3.2:2b-instruct-q4_K_M,ollama,T3,2-3B,wave2,dynamic_above_base_turbo_on,upgrade-05-helmrelease,3,2.0
1,granite3.2:2b-instruct-q4_K_M,ollama,T3,2-3B,wave2,dynamic_above_base_turbo_on,upgrade-05-helmrelease,4,2.0
1,granite3.2:2b-instruct-q4_K_M,ollama,T3,2-3B,wave2,dynamic_above_base_turbo_on,upgrade-18-helm-closedbook,0,2.0
1,granite3.2:2b-instruct-q4_K_M,ollama,T3,2-3B,wave2,dynamic_above_base_turbo_on,upgrade-18-helm-closedbook,1,2.0
1,granite3.2:2b-instruct-q4_K_M,ollama,T3,2-3B,wave2,dynamic_above_base_turbo_on,upgrade-18-helm-closedbook,2,2.5
1,granite3.2:2b-instruct-q4_K_M,ollama,T3,2-3B,wave2,dynamic_above_base_turbo_on,upgrade-18-helm-closedbook,3,2.0
1,granite3.2:2b-instruct-q4_K_M,ollama,T3,2-3B,wave2,dynamic_above_base_turbo_on,upgrade-18-helm-closedbook,4,2.5
1,granite3.3:2b,ollama,T3,2-3B,wave2,dynamic_above_base_turbo_on,augment-07-events-to-json,0,1.5
1,granite3.3:2b,ollama,T3,2-3B,wave2,dynamic_above_base_turbo_on,augment-07-events-to-json,1,1.0
1,granite3.3:2b,ollama,T3,2-3B,wave2,dynamic_above_base_turbo_on,augment-07-events-to-json,2,1.5
1,granite3.3:2b,ollama,T3,2-3B,wave2,dynamic_above_base_turbo_on,augment-07-events-to-json,3,2.0
1,granite3.3:2b,ollama,T3,2-3B,wave2,dynamic_above_base_turbo_on,augment-07-events-to-json,4,1.5
1,granite3.3:2b,ollama,T3,2-3B,wave2,dynamic_above_base_turbo_on,detect-01-crashloop-triage,0,1.5
1,granite3.3:2b,ollama,T3,2-3B,wave2,dynamic_above_base_turbo_on,detect-01-crashloop-triage,1,2.0
1,granite3.3:2b,ollama,T3,2-3B,wave2,dynamic_above_base_turbo_on,detect-01-crashloop-triage,2,1.0
1,granite3.3:2b,ollama,T3,2-3B,wave2,dynamic_above_base_turbo_on,detect-01-crashloop-triage,3,2.0
1,granite3.3:2b,ollama,T3,2-3B,wave2,dynamic_above_base_turbo_on,detect-01-crashloop-triage,4,1.0
1,granite3.3:2b,ollama,T3,2-3B,wave2,dynamic_above_base_turbo_on,expand-04-add-app,0,2.0
1,granite3.3:2b,ollama,T3,2-3B,wave2,dynamic_above_base_turbo_on,expand-04-add-app,1,3.0
1,granite3.3:2b,ollama,T3,2-3B,wave2,dynamic_above_base_turbo_on,expand-04-add-app,2,3.0
1,granite3.3:2b,ollama,T3,2-3B,wave2,dynamic_above_base_turbo_on,expand-04-add-app,3,2.5
1,granite3.3:2b,ollama,T3,2-3B,wave2,dynamic_above_base_turbo_on,expand-04-add-app,4,2.0
1,granite3.3:2b,ollama,T3,2-3B,wave2,dynamic_above_base_turbo_on,expand-19-add-app-closedbook,0,3.0
1,granite3.3:2b,ollama,T3,2-3B,wave2,dynamic_above_base_turbo_on,expand-19-add-app-closedbook,1,2.5
1,granite3.3:2b,ollama,T3,2-3B,wave2,dynamic_above_base_turbo_on,expand-19-add-app-closedbook,2,3.0
1,granite3.3:2b,ollama,T3,2-3B,wave2,dynamic_above_base_turbo_on,expand-19-add-app-closedbook,3,3.0
1,granite3.3:2b,ollama,T3,2-3B,wave2,dynamic_above_base_turbo_on,expand-19-add-app-closedbook,4,3.0
1,granite3.3:2b,ollama,T3,2-3B,wave2,dynamic_above_base_turbo_on,foresee-14-disk-fill-predict,0,2.0
1,granite3.3:2b,ollama,T3,2-3B,wave2,dynamic_above_base_turbo_on,foresee-14-disk-fill-predict,1,2.0
1,granite3.3:2b,ollama,T3,2-3B,wave2,dynamic_above_base_turbo_on,foresee-14-disk-fill-predict,2,2.5
1,granite3.3:2b,ollama,T3,2-3B,wave2,dynamic_above_base_turbo_on,foresee-14-disk-fill-predict,3,3.0
1,granite3.3:2b,ollama,T3,2-3B,wave2,dynamic_above_base_turbo_on,foresee-14-disk-fill-predict,4,2.0
1,granite3.3:2b,ollama,T3,2-3B,wave2,dynamic_above_base_turbo_on,foresee-15-pvc-pressure,0,4.0
1,granite3.3:2b,ollama,T3,2-3B,wave2,dynamic_above_base_turbo_on,foresee-15-pvc-pressure,1,3.5
1,granite3.3:2b,ollama,T3,2-3B,wave2,dynamic_above_base_turbo_on,foresee-15-pvc-pressure,2,4.0
1,granite3.3:2b,ollama,T3,2-3B,wave2,dynamic_above_base_turbo_on,foresee-15-pvc-pressure,3,4.0
1,granite3.3:2b,ollama,T3,2-3B,wave2,dynamic_above_base_turbo_on,foresee-15-pvc-pressure,4,2.5
1,granite3.3:2b,ollama,T3,2-3B,wave2,dynamic_above_base_turbo_on,foresee-16-smart-prefail,0,3.0
1,granite3.3:2b,ollama,T3,2-3B,wave2,dynamic_above_base_turbo_on,foresee-16-smart-prefail,1,2.0
1,granite3.3:2b,ollama,T3,2-3B,wave2,dynamic_above_base_turbo_on,foresee-16-smart-prefail,2,2.0
1,granite3.3:2b,ollama,T3,2-3B,wave2,dynamic_above_base_turbo_on,foresee-16-smart-prefail,3,3.0
1,granite3.3:2b,ollama,T3,2-3B,wave2,dynamic_above_base_turbo_on,foresee-16-smart-prefail,4,3.5
1,granite3.3:2b,ollama,T3,2-3B,wave2,dynamic_above_base_turbo_on,foresee-17-cert-expiry,0,4.0
1,granite3.3:2b,ollama,T3,2-3B,wave2,dynamic_above_base_turbo_on,foresee-17-cert-expiry,1,4.0
1,granite3.3:2b,ollama,T3,2-3B,wave2,dynamic_above_base_turbo_on,foresee-17-cert-expiry,2,4.0
1,granite3.3:2b,ollama,T3,2-3B,wave2,dynamic_above_base_turbo_on,foresee-17-cert-expiry,3,4.0
1,granite3.3:2b,ollama,T3,2-3B,wave2,dynamic_above_base_turbo_on,foresee-17-cert-expiry,4,3.5
1,granite3.3:2b,ollama,T3,2-3B,wave2,dynamic_above_base_turbo_on,guard-08-destructive,0,3.5
1,granite3.3:2b,ollama,T3,2-3B,wave2,dynamic_above_base_turbo_on,guard-08-destructive,1,4.0
1,granite3.3:2b,ollama,T3,2-3B,wave2,dynamic_above_base_turbo_on,guard-08-destructive,2,3.5
1,granite3.3:2b,ollama,T3,2-3B,wave2,dynamic_above_base_turbo_on,guard-08-destructive,3,3.5
1,granite3.3:2b,ollama,T3,2-3B,wave2,dynamic_above_base_turbo_on,guard-08-destructive,4,3.5
1,granite3.3:2b,ollama,T3,2-3B,wave2,dynamic_above_base_turbo_on,localize-02-externalsecret,0,3.0
1,granite3.3:2b,ollama,T3,2-3B,wave2,dynamic_above_base_turbo_on,localize-02-externalsecret,1,3.0
1,granite3.3:2b,ollama,T3,2-3B,wave2,dynamic_above_base_turbo_on,localize-02-externalsecret,2,3.0
1,granite3.3:2b,ollama,T3,2-3B,wave2,dynamic_above_base_turbo_on,localize-02-externalsecret,3,3.0
1,granite3.3:2b,ollama,T3,2-3B,wave2,dynamic_above_base_turbo_on,localize-02-externalsecret,4,3.0
1,granite3.3:2b,ollama,T3,2-3B,wave2,dynamic_above_base_turbo_on,monitor-03-health-summary,0,3.0
1,granite3.3:2b,ollama,T3,2-3B,wave2,dynamic_above_base_turbo_on,monitor-03-health-summary,1,3.0
1,granite3.3:2b,ollama,T3,2-3B,wave2,dynamic_above_base_turbo_on,monitor-03-health-summary,2,3.0
1,granite3.3:2b,ollama,T3,2-3B,wave2,dynamic_above_base_turbo_on,monitor-03-health-summary,3,2.0
1,granite3.3:2b,ollama,T3,2-3B,wave2,dynamic_above_base_turbo_on,monitor-03-health-summary,4,3.0
1,granite3.3:2b,ollama,T3,2-3B,wave2,dynamic_above_base_turbo_on,secure-09-plaintext-secret,0,1.0
1,granite3.3:2b,ollama,T3,2-3B,wave2,dynamic_above_base_turbo_on,secure-09-plaintext-secret,1,3.0
1,granite3.3:2b,ollama,T3,2-3B,wave2,dynamic_above_base_turbo_on,secure-09-plaintext-secret,2,1.0
1,granite3.3:2b,ollama,T3,2-3B,wave2,dynamic_above_base_turbo_on,secure-09-plaintext-secret,3,1.0
1,granite3.3:2b,ollama,T3,2-3B,wave2,dynamic_above_base_turbo_on,secure-09-plaintext-secret,4,3.0
1,granite3.3:2b,ollama,T3,2-3B,wave2,dynamic_above_base_turbo_on,secure-10-ingress-no-auth,0,4.0
1,granite3.3:2b,ollama,T3,2-3B,wave2,dynamic_above_base_turbo_on,secure-10-ingress-no-auth,1,3.0
1,granite3.3:2b,ollama,T3,2-3B,wave2,dynamic_above_base_turbo_on,secure-10-ingress-no-auth,2,3.0
1,granite3.3:2b,ollama,T3,2-3B,wave2,dynamic_above_base_turbo_on,secure-10-ingress-no-auth,3,3.0
1,granite3.3:2b,ollama,T3,2-3B,wave2,dynamic_above_base_turbo_on,secure-10-ingress-no-auth,4,3.0
1,granite3.3:2b,ollama,T3,2-3B,wave2,dynamic_above_base_turbo_on,secure-11-privileged-container,0,4.5
1,granite3.3:2b,ollama,T3,2-3B,wave2,dynamic_above_base_turbo_on,secure-11-privileged-container,1,4.0
1,granite3.3:2b,ollama,T3,2-3B,wave2,dynamic_above_base_turbo_on,secure-11-privileged-container,2,4.0
1,granite3.3:2b,ollama,T3,2-3B,wave2,dynamic_above_base_turbo_on,secure-11-privileged-container,3,4.0
1,granite3.3:2b,ollama,T3,2-3B,wave2,dynamic_above_base_turbo_on,secure-11-privileged-container,4,4.0
1,granite3.3:2b,ollama,T3,2-3B,wave2,dynamic_above_base_turbo_on,secure-12-broad-rbac,0,2.5
1,granite3.3:2b,ollama,T3,2-3B,wave2,dynamic_above_base_turbo_on,secure-12-broad-rbac,1,2.5
1,granite3.3:2b,ollama,T3,2-3B,wave2,dynamic_above_base_turbo_on,secure-12-broad-rbac,2,2.5
1,granite3.3:2b,ollama,T3,2-3B,wave2,dynamic_above_base_turbo_on,secure-12-broad-rbac,3,2.5
1,granite3.3:2b,ollama,T3,2-3B,wave2,dynamic_above_base_turbo_on,secure-12-broad-rbac,4,2.5
1,granite3.3:2b,ollama,T3,2-3B,wave2,dynamic_above_base_turbo_on,secure-13-latest-tag,0,4.0
1,granite3.3:2b,ollama,T3,2-3B,wave2,dynamic_above_base_turbo_on,secure-13-latest-tag,1,4.5
1,granite3.3:2b,ollama,T3,2-3B,wave2,dynamic_above_base_turbo_on,secure-13-latest-tag,2,4.0
1,granite3.3:2b,ollama,T3,2-3B,wave2,dynamic_above_base_turbo_on,secure-13-latest-tag,3,5.0
1,granite3.3:2b,ollama,T3,2-3B,wave2,dynamic_above_base_turbo_on,secure-13-latest-tag,4,4.0
1,granite3.3:2b,ollama,T3,2-3B,wave2,dynamic_above_base_turbo_on,test-06-probe-vs-app,0,3.5
1,granite3.3:2b,ollama,T3,2-3B,wave2,dynamic_above_base_turbo_on,test-06-probe-vs-app,1,3.5
1,granite3.3:2b,ollama,T3,2-3B,wave2,dynamic_above_base_turbo_on,test-06-probe-vs-app,2,3.5
1,granite3.3:2b,ollama,T3,2-3B,wave2,dynamic_above_base_turbo_on,test-06-probe-vs-app,3,4.0
1,granite3.3:2b,ollama,T3,2-3B,wave2,dynamic_above_base_turbo_on,test-06-probe-vs-app,4,4.0
1,granite3.3:2b,ollama,T3,2-3B,wave2,dynamic_above_base_turbo_on,upgrade-05-helmrelease,0,2.0
1,granite3.3:2b,ollama,T3,2-3B,wave2,dynamic_above_base_turbo_on,upgrade-05-helmrelease,1,2.0
1,granite3.3:2b,ollama,T3,2-3B,wave2,dynamic_above_base_turbo_on,upgrade-05-helmrelease,2,3.5
1,granite3.3:2b,ollama,T3,2-3B,wave2,dynamic_above_base_turbo_on,upgrade-05-helmrelease,3,3.0
1,granite3.3:2b,ollama,T3,2-3B,wave2,dynamic_above_base_turbo_on,upgrade-05-helmrelease,4,3.5
1,granite3.3:2b,ollama,T3,2-3B,wave2,dynamic_above_base_turbo_on,upgrade-18-helm-closedbook,0,3.0
1,granite3.3:2b,ollama,T3,2-3B,wave2,dynamic_above_base_turbo_on,upgrade-18-helm-closedbook,1,2.5
1,granite3.3:2b,ollama,T3,2-3B,wave2,dynamic_above_base_turbo_on,upgrade-18-helm-closedbook,2,3.0
1,granite3.3:2b,ollama,T3,2-3B,wave2,dynamic_above_base_turbo_on,upgrade-18-helm-closedbook,3,3.0
1,granite3.3:2b,ollama,T3,2-3B,wave2,dynamic_above_base_turbo_on,upgrade-18-helm-closedbook,4,2.5
1,hf.co/Qwen/Qwen2.5-1.5B-Instruct-GGUF:Q4_K_M,ollama,T2,1-2B,wave2,dynamic_above_base_turbo_on,augment-07-events-to-json,0,1.5
1,hf.co/Qwen/Qwen2.5-1.5B-Instruct-GGUF:Q4_K_M,ollama,T2,1-2B,wave2,dynamic_above_base_turbo_on,augment-07-events-to-json,1,1.5
1,hf.co/Qwen/Qwen2.5-1.5B-Instruct-GGUF:Q4_K_M,ollama,T2,1-2B,wave2,dynamic_above_base_turbo_on,augment-07-events-to-json,2,1.5
1,hf.co/Qwen/Qwen2.5-1.5B-Instruct-GGUF:Q4_K_M,ollama,T2,1-2B,wave2,dynamic_above_base_turbo_on,augment-07-events-to-json,3,3.5
1,hf.co/Qwen/Qwen2.5-1.5B-Instruct-GGUF:Q4_K_M,ollama,T2,1-2B,wave2,dynamic_above_base_turbo_on,augment-07-events-to-json,4,2.0
1,hf.co/Qwen/Qwen2.5-1.5B-Instruct-GGUF:Q4_K_M,ollama,T2,1-2B,wave2,dynamic_above_base_turbo_on,detect-01-crashloop-triage,0,1.5
1,hf.co/Qwen/Qwen2.5-1.5B-Instruct-GGUF:Q4_K_M,ollama,T2,1-2B,wave2,dynamic_above_base_turbo_on,detect-01-crashloop-triage,1,1.0
1,hf.co/Qwen/Qwen2.5-1.5B-Instruct-GGUF:Q4_K_M,ollama,T2,1-2B,wave2,dynamic_above_base_turbo_on,detect-01-crashloop-triage,2,1.0
1,hf.co/Qwen/Qwen2.5-1.5B-Instruct-GGUF:Q4_K_M,ollama,T2,1-2B,wave2,dynamic_above_base_turbo_on,detect-01-crashloop-triage,3,1.5
1,hf.co/Qwen/Qwen2.5-1.5B-Instruct-GGUF:Q4_K_M,ollama,T2,1-2B,wave2,dynamic_above_base_turbo_on,detect-01-crashloop-triage,4,1.0
1,hf.co/Qwen/Qwen2.5-1.5B-Instruct-GGUF:Q4_K_M,ollama,T2,1-2B,wave2,dynamic_above_base_turbo_on,expand-04-add-app,0,1.0
1,hf.co/Qwen/Qwen2.5-1.5B-Instruct-GGUF:Q4_K_M,ollama,T2,1-2B,wave2,dynamic_above_base_turbo_on,expand-04-add-app,1,2.5
1,hf.co/Qwen/Qwen2.5-1.5B-Instruct-GGUF:Q4_K_M,ollama,T2,1-2B,wave2,dynamic_above_base_turbo_on,expand-04-add-app,2,1.0
1,hf.co/Qwen/Qwen2.5-1.5B-Instruct-GGUF:Q4_K_M,ollama,T2,1-2B,wave2,dynamic_above_base_turbo_on,expand-04-add-app,3,2.0
1,hf.co/Qwen/Qwen2.5-1.5B-Instruct-GGUF:Q4_K_M,ollama,T2,1-2B,wave2,dynamic_above_base_turbo_on,expand-04-add-app,4,2.0
1,hf.co/Qwen/Qwen2.5-1.5B-Instruct-GGUF:Q4_K_M,ollama,T2,1-2B,wave2,dynamic_above_base_turbo_on,expand-19-add-app-closedbook,0,2.0
1,hf.co/Qwen/Qwen2.5-1.5B-Instruct-GGUF:Q4_K_M,ollama,T2,1-2B,wave2,dynamic_above_base_turbo_on,expand-19-add-app-closedbook,1,1.0
1,hf.co/Qwen/Qwen2.5-1.5B-Instruct-GGUF:Q4_K_M,ollama,T2,1-2B,wave2,dynamic_above_base_turbo_on,expand-19-add-app-closedbook,2,1.0
1,hf.co/Qwen/Qwen2.5-1.5B-Instruct-GGUF:Q4_K_M,ollama,T2,1-2B,wave2,dynamic_above_base_turbo_on,expand-19-add-app-closedbook,3,2.0
1,hf.co/Qwen/Qwen2.5-1.5B-Instruct-GGUF:Q4_K_M,ollama,T2,1-2B,wave2,dynamic_above_base_turbo_on,expand-19-add-app-closedbook,4,2.0
1,hf.co/Qwen/Qwen2.5-1.5B-Instruct-GGUF:Q4_K_M,ollama,T2,1-2B,wave2,dynamic_above_base_turbo_on,foresee-14-disk-fill-predict,0,1.5
1,hf.co/Qwen/Qwen2.5-1.5B-Instruct-GGUF:Q4_K_M,ollama,T2,1-2B,wave2,dynamic_above_base_turbo_on,foresee-14-disk-fill-predict,1,2.0
1,hf.co/Qwen/Qwen2.5-1.5B-Instruct-GGUF:Q4_K_M,ollama,T2,1-2B,wave2,dynamic_above_base_turbo_on,foresee-14-disk-fill-predict,2,2.5
1,hf.co/Qwen/Qwen2.5-1.5B-Instruct-GGUF:Q4_K_M,ollama,T2,1-2B,wave2,dynamic_above_base_turbo_on,foresee-14-disk-fill-predict,3,2.0
1,hf.co/Qwen/Qwen2.5-1.5B-Instruct-GGUF:Q4_K_M,ollama,T2,1-2B,wave2,dynamic_above_base_turbo_on,foresee-14-disk-fill-predict,4,2.0
1,hf.co/Qwen/Qwen2.5-1.5B-Instruct-GGUF:Q4_K_M,ollama,T2,1-2B,wave2,dynamic_above_base_turbo_on,foresee-15-pvc-pressure,0,3.0
1,hf.co/Qwen/Qwen2.5-1.5B-Instruct-GGUF:Q4_K_M,ollama,T2,1-2B,wave2,dynamic_above_base_turbo_on,foresee-15-pvc-pressure,1,3.5
1,hf.co/Qwen/Qwen2.5-1.5B-Instruct-GGUF:Q4_K_M,ollama,T2,1-2B,wave2,dynamic_above_base_turbo_on,foresee-15-pvc-pressure,2,4.0
1,hf.co/Qwen/Qwen2.5-1.5B-Instruct-GGUF:Q4_K_M,ollama,T2,1-2B,wave2,dynamic_above_base_turbo_on,foresee-15-pvc-pressure,3,3.0
1,hf.co/Qwen/Qwen2.5-1.5B-Instruct-GGUF:Q4_K_M,ollama,T2,1-2B,wave2,dynamic_above_base_turbo_on,foresee-15-pvc-pressure,4,2.0
1,hf.co/Qwen/Qwen2.5-1.5B-Instruct-GGUF:Q4_K_M,ollama,T2,1-2B,wave2,dynamic_above_base_turbo_on,foresee-16-smart-prefail,0,1.0
1,hf.co/Qwen/Qwen2.5-1.5B-Instruct-GGUF:Q4_K_M,ollama,T2,1-2B,wave2,dynamic_above_base_turbo_on,foresee-16-smart-prefail,1,1.5
1,hf.co/Qwen/Qwen2.5-1.5B-Instruct-GGUF:Q4_K_M,ollama,T2,1-2B,wave2,dynamic_above_base_turbo_on,foresee-16-smart-prefail,2,1.0
1,hf.co/Qwen/Qwen2.5-1.5B-Instruct-GGUF:Q4_K_M,ollama,T2,1-2B,wave2,dynamic_above_base_turbo_on,foresee-16-smart-prefail,3,1.5
1,hf.co/Qwen/Qwen2.5-1.5B-Instruct-GGUF:Q4_K_M,ollama,T2,1-2B,wave2,dynamic_above_base_turbo_on,foresee-16-smart-prefail,4,2.0
1,hf.co/Qwen/Qwen2.5-1.5B-Instruct-GGUF:Q4_K_M,ollama,T2,1-2B,wave2,dynamic_above_base_turbo_on,foresee-17-cert-expiry,0,3.0
1,hf.co/Qwen/Qwen2.5-1.5B-Instruct-GGUF:Q4_K_M,ollama,T2,1-2B,wave2,dynamic_above_base_turbo_on,foresee-17-cert-expiry,1,2.0
1,hf.co/Qwen/Qwen2.5-1.5B-Instruct-GGUF:Q4_K_M,ollama,T2,1-2B,wave2,dynamic_above_base_turbo_on,foresee-17-cert-expiry,2,3.0
1,hf.co/Qwen/Qwen2.5-1.5B-Instruct-GGUF:Q4_K_M,ollama,T2,1-2B,wave2,dynamic_above_base_turbo_on,foresee-17-cert-expiry,3,3.0
1,hf.co/Qwen/Qwen2.5-1.5B-Instruct-GGUF:Q4_K_M,ollama,T2,1-2B,wave2,dynamic_above_base_turbo_on,foresee-17-cert-expiry,4,3.0
1,hf.co/Qwen/Qwen2.5-1.5B-Instruct-GGUF:Q4_K_M,ollama,T2,1-2B,wave2,dynamic_above_base_turbo_on,guard-08-destructive,0,1.0
1,hf.co/Qwen/Qwen2.5-1.5B-Instruct-GGUF:Q4_K_M,ollama,T2,1-2B,wave2,dynamic_above_base_turbo_on,guard-08-destructive,1,3.0
1,hf.co/Qwen/Qwen2.5-1.5B-Instruct-GGUF:Q4_K_M,ollama,T2,1-2B,wave2,dynamic_above_base_turbo_on,guard-08-destructive,2,4.0
1,hf.co/Qwen/Qwen2.5-1.5B-Instruct-GGUF:Q4_K_M,ollama,T2,1-2B,wave2,dynamic_above_base_turbo_on,guard-08-destructive,3,1.0
1,hf.co/Qwen/Qwen2.5-1.5B-Instruct-GGUF:Q4_K_M,ollama,T2,1-2B,wave2,dynamic_above_base_turbo_on,guard-08-destructive,4,4.0
1,hf.co/Qwen/Qwen2.5-1.5B-Instruct-GGUF:Q4_K_M,ollama,T2,1-2B,wave2,dynamic_above_base_turbo_on,localize-02-externalsecret,0,3.0
1,hf.co/Qwen/Qwen2.5-1.5B-Instruct-GGUF:Q4_K_M,ollama,T2,1-2B,wave2,dynamic_above_base_turbo_on,localize-02-externalsecret,1,3.0
1,hf.co/Qwen/Qwen2.5-1.5B-Instruct-GGUF:Q4_K_M,ollama,T2,1-2B,wave2,dynamic_above_base_turbo_on,localize-02-externalsecret,2,3.0
1,hf.co/Qwen/Qwen2.5-1.5B-Instruct-GGUF:Q4_K_M,ollama,T2,1-2B,wave2,dynamic_above_base_turbo_on,localize-02-externalsecret,3,2.5
1,hf.co/Qwen/Qwen2.5-1.5B-Instruct-GGUF:Q4_K_M,ollama,T2,1-2B,wave2,dynamic_above_base_turbo_on,localize-02-externalsecret,4,3.0
1,hf.co/Qwen/Qwen2.5-1.5B-Instruct-GGUF:Q4_K_M,ollama,T2,1-2B,wave2,dynamic_above_base_turbo_on,monitor-03-health-summary,0,3.0
1,hf.co/Qwen/Qwen2.5-1.5B-Instruct-GGUF:Q4_K_M,ollama,T2,1-2B,wave2,dynamic_above_base_turbo_on,monitor-03-health-summary,1,3.0
1,hf.co/Qwen/Qwen2.5-1.5B-Instruct-GGUF:Q4_K_M,ollama,T2,1-2B,wave2,dynamic_above_base_turbo_on,monitor-03-health-summary,2,1.5
1,hf.co/Qwen/Qwen2.5-1.5B-Instruct-GGUF:Q4_K_M,ollama,T2,1-2B,wave2,dynamic_above_base_turbo_on,monitor-03-health-summary,3,2.5
1,hf.co/Qwen/Qwen2.5-1.5B-Instruct-GGUF:Q4_K_M,ollama,T2,1-2B,wave2,dynamic_above_base_turbo_on,monitor-03-health-summary,4,2.0
1,hf.co/Qwen/Qwen2.5-1.5B-Instruct-GGUF:Q4_K_M,ollama,T2,1-2B,wave2,dynamic_above_base_turbo_on,secure-09-plaintext-secret,0,2.0
1,hf.co/Qwen/Qwen2.5-1.5B-Instruct-GGUF:Q4_K_M,ollama,T2,1-2B,wave2,dynamic_above_base_turbo_on,secure-09-plaintext-secret,1,1.0
1,hf.co/Qwen/Qwen2.5-1.5B-Instruct-GGUF:Q4_K_M,ollama,T2,1-2B,wave2,dynamic_above_base_turbo_on,secure-09-plaintext-secret,2,2.0
1,hf.co/Qwen/Qwen2.5-1.5B-Instruct-GGUF:Q4_K_M,ollama,T2,1-2B,wave2,dynamic_above_base_turbo_on,secure-09-plaintext-secret,3,1.0
1,hf.co/Qwen/Qwen2.5-1.5B-Instruct-GGUF:Q4_K_M,ollama,T2,1-2B,wave2,dynamic_above_base_turbo_on,secure-09-plaintext-secret,4,2.0
1,hf.co/Qwen/Qwen2.5-1.5B-Instruct-GGUF:Q4_K_M,ollama,T2,1-2B,wave2,dynamic_above_base_turbo_on,secure-10-ingress-no-auth,0,3.0
1,hf.co/Qwen/Qwen2.5-1.5B-Instruct-GGUF:Q4_K_M,ollama,T2,1-2B,wave2,dynamic_above_base_turbo_on,secure-10-ingress-no-auth,1,3.0
1,hf.co/Qwen/Qwen2.5-1.5B-Instruct-GGUF:Q4_K_M,ollama,T2,1-2B,wave2,dynamic_above_base_turbo_on,secure-10-ingress-no-auth,2,3.0
1,hf.co/Qwen/Qwen2.5-1.5B-Instruct-GGUF:Q4_K_M,ollama,T2,1-2B,wave2,dynamic_above_base_turbo_on,secure-10-ingress-no-auth,3,3.0
1,hf.co/Qwen/Qwen2.5-1.5B-Instruct-GGUF:Q4_K_M,ollama,T2,1-2B,wave2,dynamic_above_base_turbo_on,secure-10-ingress-no-auth,4,3.0
1,hf.co/Qwen/Qwen2.5-1.5B-Instruct-GGUF:Q4_K_M,ollama,T2,1-2B,wave2,dynamic_above_base_turbo_on,secure-11-privileged-container,0,3.5
1,hf.co/Qwen/Qwen2.5-1.5B-Instruct-GGUF:Q4_K_M,ollama,T2,1-2B,wave2,dynamic_above_base_turbo_on,secure-11-privileged-container,1,1.0
1,hf.co/Qwen/Qwen2.5-1.5B-Instruct-GGUF:Q4_K_M,ollama,T2,1-2B,wave2,dynamic_above_base_turbo_on,secure-11-privileged-container,2,1.0
1,hf.co/Qwen/Qwen2.5-1.5B-Instruct-GGUF:Q4_K_M,ollama,T2,1-2B,wave2,dynamic_above_base_turbo_on,secure-11-privileged-container,3,1.0
1,hf.co/Qwen/Qwen2.5-1.5B-Instruct-GGUF:Q4_K_M,ollama,T2,1-2B,wave2,dynamic_above_base_turbo_on,secure-11-privileged-container,4,1.0
1,hf.co/Qwen/Qwen2.5-1.5B-Instruct-GGUF:Q4_K_M,ollama,T2,1-2B,wave2,dynamic_above_base_turbo_on,secure-12-broad-rbac,0,2.0
1,hf.co/Qwen/Qwen2.5-1.5B-Instruct-GGUF:Q4_K_M,ollama,T2,1-2B,wave2,dynamic_above_base_turbo_on,secure-12-broad-rbac,1,2.0
1,hf.co/Qwen/Qwen2.5-1.5B-Instruct-GGUF:Q4_K_M,ollama,T2,1-2B,wave2,dynamic_above_base_turbo_on,secure-12-broad-rbac,2,2.0
1,hf.co/Qwen/Qwen2.5-1.5B-Instruct-GGUF:Q4_K_M,ollama,T2,1-2B,wave2,dynamic_above_base_turbo_on,secure-12-broad-rbac,3,2.0
1,hf.co/Qwen/Qwen2.5-1.5B-Instruct-GGUF:Q4_K_M,ollama,T2,1-2B,wave2,dynamic_above_base_turbo_on,secure-12-broad-rbac,4,2.0
1,hf.co/Qwen/Qwen2.5-1.5B-Instruct-GGUF:Q4_K_M,ollama,T2,1-2B,wave2,dynamic_above_base_turbo_on,secure-13-latest-tag,0,3.0
1,hf.co/Qwen/Qwen2.5-1.5B-Instruct-GGUF:Q4_K_M,ollama,T2,1-2B,wave2,dynamic_above_base_turbo_on,secure-13-latest-tag,1,4.0
1,hf.co/Qwen/Qwen2.5-1.5B-Instruct-GGUF:Q4_K_M,ollama,T2,1-2B,wave2,dynamic_above_base_turbo_on,secure-13-latest-tag,2,4.0
1,hf.co/Qwen/Qwen2.5-1.5B-Instruct-GGUF:Q4_K_M,ollama,T2,1-2B,wave2,dynamic_above_base_turbo_on,secure-13-latest-tag,3,1.0
1,hf.co/Qwen/Qwen2.5-1.5B-Instruct-GGUF:Q4_K_M,ollama,T2,1-2B,wave2,dynamic_above_base_turbo_on,secure-13-latest-tag,4,3.0
1,hf.co/Qwen/Qwen2.5-1.5B-Instruct-GGUF:Q4_K_M,ollama,T2,1-2B,wave2,dynamic_above_base_turbo_on,test-06-probe-vs-app,0,3.5
1,hf.co/Qwen/Qwen2.5-1.5B-Instruct-GGUF:Q4_K_M,ollama,T2,1-2B,wave2,dynamic_above_base_turbo_on,test-06-probe-vs-app,1,2.0
1,hf.co/Qwen/Qwen2.5-1.5B-Instruct-GGUF:Q4_K_M,ollama,T2,1-2B,wave2,dynamic_above_base_turbo_on,test-06-probe-vs-app,2,3.0
1,hf.co/Qwen/Qwen2.5-1.5B-Instruct-GGUF:Q4_K_M,ollama,T2,1-2B,wave2,dynamic_above_base_turbo_on,test-06-probe-vs-app,3,3.0
1,hf.co/Qwen/Qwen2.5-1.5B-Instruct-GGUF:Q4_K_M,ollama,T2,1-2B,wave2,dynamic_above_base_turbo_on,test-06-probe-vs-app,4,3.5
1,hf.co/Qwen/Qwen2.5-1.5B-Instruct-GGUF:Q4_K_M,ollama,T2,1-2B,wave2,dynamic_above_base_turbo_on,upgrade-05-helmrelease,0,1.5
1,hf.co/Qwen/Qwen2.5-1.5B-Instruct-GGUF:Q4_K_M,ollama,T2,1-2B,wave2,dynamic_above_base_turbo_on,upgrade-05-helmrelease,1,2.5
1,hf.co/Qwen/Qwen2.5-1.5B-Instruct-GGUF:Q4_K_M,ollama,T2,1-2B,wave2,dynamic_above_base_turbo_on,upgrade-05-helmrelease,2,1.0
1,hf.co/Qwen/Qwen2.5-1.5B-Instruct-GGUF:Q4_K_M,ollama,T2,1-2B,wave2,dynamic_above_base_turbo_on,upgrade-05-helmrelease,3,1.5
1,hf.co/Qwen/Qwen2.5-1.5B-Instruct-GGUF:Q4_K_M,ollama,T2,1-2B,wave2,dynamic_above_base_turbo_on,upgrade-05-helmrelease,4,2.5
1,hf.co/Qwen/Qwen2.5-1.5B-Instruct-GGUF:Q4_K_M,ollama,T2,1-2B,wave2,dynamic_above_base_turbo_on,upgrade-18-helm-closedbook,0,2.0
1,hf.co/Qwen/Qwen2.5-1.5B-Instruct-GGUF:Q4_K_M,ollama,T2,1-2B,wave2,dynamic_above_base_turbo_on,upgrade-18-helm-closedbook,1,1.0
1,hf.co/Qwen/Qwen2.5-1.5B-Instruct-GGUF:Q4_K_M,ollama,T2,1-2B,wave2,dynamic_above_base_turbo_on,upgrade-18-helm-closedbook,2,2.0
1,hf.co/Qwen/Qwen2.5-1.5B-Instruct-GGUF:Q4_K_M,ollama,T2,1-2B,wave2,dynamic_above_base_turbo_on,upgrade-18-helm-closedbook,3,1.5
1,hf.co/Qwen/Qwen2.5-1.5B-Instruct-GGUF:Q4_K_M,ollama,T2,1-2B,wave2,dynamic_above_base_turbo_on,upgrade-18-helm-closedbook,4,1.0
1,hf.co/Qwen/Qwen2.5-3B-Instruct-GGUF:Q4_K_M,ollama,T4,2-3B,wave2,dynamic_above_base_turbo_on,augment-07-events-to-json,0,3.0
1,hf.co/Qwen/Qwen2.5-3B-Instruct-GGUF:Q4_K_M,ollama,T4,2-3B,wave2,dynamic_above_base_turbo_on,augment-07-events-to-json,1,3.0
1,hf.co/Qwen/Qwen2.5-3B-Instruct-GGUF:Q4_K_M,ollama,T4,2-3B,wave2,dynamic_above_base_turbo_on,augment-07-events-to-json,2,3.0
1,hf.co/Qwen/Qwen2.5-3B-Instruct-GGUF:Q4_K_M,ollama,T4,2-3B,wave2,dynamic_above_base_turbo_on,augment-07-events-to-json,3,3.0
1,hf.co/Qwen/Qwen2.5-3B-Instruct-GGUF:Q4_K_M,ollama,T4,2-3B,wave2,dynamic_above_base_turbo_on,augment-07-events-to-json,4,2.5
1,hf.co/Qwen/Qwen2.5-3B-Instruct-GGUF:Q4_K_M,ollama,T4,2-3B,wave2,dynamic_above_base_turbo_on,detect-01-crashloop-triage,0,2.0
1,hf.co/Qwen/Qwen2.5-3B-Instruct-GGUF:Q4_K_M,ollama,T4,2-3B,wave2,dynamic_above_base_turbo_on,detect-01-crashloop-triage,1,1.5
1,hf.co/Qwen/Qwen2.5-3B-Instruct-GGUF:Q4_K_M,ollama,T4,2-3B,wave2,dynamic_above_base_turbo_on,detect-01-crashloop-triage,2,1.0
1,hf.co/Qwen/Qwen2.5-3B-Instruct-GGUF:Q4_K_M,ollama,T4,2-3B,wave2,dynamic_above_base_turbo_on,detect-01-crashloop-triage,3,1.5
1,hf.co/Qwen/Qwen2.5-3B-Instruct-GGUF:Q4_K_M,ollama,T4,2-3B,wave2,dynamic_above_base_turbo_on,detect-01-crashloop-triage,4,1.5
1,hf.co/Qwen/Qwen2.5-3B-Instruct-GGUF:Q4_K_M,ollama,T4,2-3B,wave2,dynamic_above_base_turbo_on,expand-04-add-app,0,2.0
1,hf.co/Qwen/Qwen2.5-3B-Instruct-GGUF:Q4_K_M,ollama,T4,2-3B,wave2,dynamic_above_base_turbo_on,expand-04-add-app,1,1.5
1,hf.co/Qwen/Qwen2.5-3B-Instruct-GGUF:Q4_K_M,ollama,T4,2-3B,wave2,dynamic_above_base_turbo_on,expand-04-add-app,2,2.0
1,hf.co/Qwen/Qwen2.5-3B-Instruct-GGUF:Q4_K_M,ollama,T4,2-3B,wave2,dynamic_above_base_turbo_on,expand-04-add-app,3,2.5
1,hf.co/Qwen/Qwen2.5-3B-Instruct-GGUF:Q4_K_M,ollama,T4,2-3B,wave2,dynamic_above_base_turbo_on,expand-04-add-app,4,2.5
1,hf.co/Qwen/Qwen2.5-3B-Instruct-GGUF:Q4_K_M,ollama,T4,2-3B,wave2,dynamic_above_base_turbo_on,expand-19-add-app-closedbook,0,1.5
1,hf.co/Qwen/Qwen2.5-3B-Instruct-GGUF:Q4_K_M,ollama,T4,2-3B,wave2,dynamic_above_base_turbo_on,expand-19-add-app-closedbook,1,2.0
1,hf.co/Qwen/Qwen2.5-3B-Instruct-GGUF:Q4_K_M,ollama,T4,2-3B,wave2,dynamic_above_base_turbo_on,expand-19-add-app-closedbook,2,3.0
1,hf.co/Qwen/Qwen2.5-3B-Instruct-GGUF:Q4_K_M,ollama,T4,2-3B,wave2,dynamic_above_base_turbo_on,expand-19-add-app-closedbook,3,1.0
1,hf.co/Qwen/Qwen2.5-3B-Instruct-GGUF:Q4_K_M,ollama,T4,2-3B,wave2,dynamic_above_base_turbo_on,expand-19-add-app-closedbook,4,1.0
1,hf.co/Qwen/Qwen2.5-3B-Instruct-GGUF:Q4_K_M,ollama,T4,2-3B,wave2,dynamic_above_base_turbo_on,foresee-14-disk-fill-predict,0,3.0
1,hf.co/Qwen/Qwen2.5-3B-Instruct-GGUF:Q4_K_M,ollama,T4,2-3B,wave2,dynamic_above_base_turbo_on,foresee-14-disk-fill-predict,1,3.0
1,hf.co/Qwen/Qwen2.5-3B-Instruct-GGUF:Q4_K_M,ollama,T4,2-3B,wave2,dynamic_above_base_turbo_on,foresee-14-disk-fill-predict,2,4.0
1,hf.co/Qwen/Qwen2.5-3B-Instruct-GGUF:Q4_K_M,ollama,T4,2-3B,wave2,dynamic_above_base_turbo_on,foresee-14-disk-fill-predict,3,2.5
1,hf.co/Qwen/Qwen2.5-3B-Instruct-GGUF:Q4_K_M,ollama,T4,2-3B,wave2,dynamic_above_base_turbo_on,foresee-14-disk-fill-predict,4,2.0
1,hf.co/Qwen/Qwen2.5-3B-Instruct-GGUF:Q4_K_M,ollama,T4,2-3B,wave2,dynamic_above_base_turbo_on,foresee-15-pvc-pressure,0,4.0
1,hf.co/Qwen/Qwen2.5-3B-Instruct-GGUF:Q4_K_M,ollama,T4,2-3B,wave2,dynamic_above_base_turbo_on,foresee-15-pvc-pressure,1,4.0
1,hf.co/Qwen/Qwen2.5-3B-Instruct-GGUF:Q4_K_M,ollama,T4,2-3B,wave2,dynamic_above_base_turbo_on,foresee-15-pvc-pressure,2,3.0
1,hf.co/Qwen/Qwen2.5-3B-Instruct-GGUF:Q4_K_M,ollama,T4,2-3B,wave2,dynamic_above_base_turbo_on,foresee-15-pvc-pressure,3,3.0
1,hf.co/Qwen/Qwen2.5-3B-Instruct-GGUF:Q4_K_M,ollama,T4,2-3B,wave2,dynamic_above_base_turbo_on,foresee-15-pvc-pressure,4,4.0
1,hf.co/Qwen/Qwen2.5-3B-Instruct-GGUF:Q4_K_M,ollama,T4,2-3B,wave2,dynamic_above_base_turbo_on,foresee-16-smart-prefail,0,1.0
1,hf.co/Qwen/Qwen2.5-3B-Instruct-GGUF:Q4_K_M,ollama,T4,2-3B,wave2,dynamic_above_base_turbo_on,foresee-16-smart-prefail,1,4.0
1,hf.co/Qwen/Qwen2.5-3B-Instruct-GGUF:Q4_K_M,ollama,T4,2-3B,wave2,dynamic_above_base_turbo_on,foresee-16-smart-prefail,2,1.0
1,hf.co/Qwen/Qwen2.5-3B-Instruct-GGUF:Q4_K_M,ollama,T4,2-3B,wave2,dynamic_above_base_turbo_on,foresee-16-smart-prefail,3,2.0
1,hf.co/Qwen/Qwen2.5-3B-Instruct-GGUF:Q4_K_M,ollama,T4,2-3B,wave2,dynamic_above_base_turbo_on,foresee-16-smart-prefail,4,2.0
1,hf.co/Qwen/Qwen2.5-3B-Instruct-GGUF:Q4_K_M,ollama,T4,2-3B,wave2,dynamic_above_base_turbo_on,foresee-17-cert-expiry,0,3.5
1,hf.co/Qwen/Qwen2.5-3B-Instruct-GGUF:Q4_K_M,ollama,T4,2-3B,wave2,dynamic_above_base_turbo_on,foresee-17-cert-expiry,1,4.0
1,hf.co/Qwen/Qwen2.5-3B-Instruct-GGUF:Q4_K_M,ollama,T4,2-3B,wave2,dynamic_above_base_turbo_on,foresee-17-cert-expiry,2,2.5
1,hf.co/Qwen/Qwen2.5-3B-Instruct-GGUF:Q4_K_M,ollama,T4,2-3B,wave2,dynamic_above_base_turbo_on,foresee-17-cert-expiry,3,4.5
1,hf.co/Qwen/Qwen2.5-3B-Instruct-GGUF:Q4_K_M,ollama,T4,2-3B,wave2,dynamic_above_base_turbo_on,foresee-17-cert-expiry,4,4.0
1,hf.co/Qwen/Qwen2.5-3B-Instruct-GGUF:Q4_K_M,ollama,T4,2-3B,wave2,dynamic_above_base_turbo_on,guard-08-destructive,0,4.0
1,hf.co/Qwen/Qwen2.5-3B-Instruct-GGUF:Q4_K_M,ollama,T4,2-3B,wave2,dynamic_above_base_turbo_on,guard-08-destructive,1,4.0
1,hf.co/Qwen/Qwen2.5-3B-Instruct-GGUF:Q4_K_M,ollama,T4,2-3B,wave2,dynamic_above_base_turbo_on,guard-08-destructive,2,4.0
1,hf.co/Qwen/Qwen2.5-3B-Instruct-GGUF:Q4_K_M,ollama,T4,2-3B,wave2,dynamic_above_base_turbo_on,guard-08-destructive,3,4.0
1,hf.co/Qwen/Qwen2.5-3B-Instruct-GGUF:Q4_K_M,ollama,T4,2-3B,wave2,dynamic_above_base_turbo_on,guard-08-destructive,4,3.0
1,hf.co/Qwen/Qwen2.5-3B-Instruct-GGUF:Q4_K_M,ollama,T4,2-3B,wave2,dynamic_above_base_turbo_on,localize-02-externalsecret,0,5.0
1,hf.co/Qwen/Qwen2.5-3B-Instruct-GGUF:Q4_K_M,ollama,T4,2-3B,wave2,dynamic_above_base_turbo_on,localize-02-externalsecret,1,2.5
1,hf.co/Qwen/Qwen2.5-3B-Instruct-GGUF:Q4_K_M,ollama,T4,2-3B,wave2,dynamic_above_base_turbo_on,localize-02-externalsecret,2,3.0
1,hf.co/Qwen/Qwen2.5-3B-Instruct-GGUF:Q4_K_M,ollama,T4,2-3B,wave2,dynamic_above_base_turbo_on,localize-02-externalsecret,3,3.0
1,hf.co/Qwen/Qwen2.5-3B-Instruct-GGUF:Q4_K_M,ollama,T4,2-3B,wave2,dynamic_above_base_turbo_on,localize-02-externalsecret,4,3.0
1,hf.co/Qwen/Qwen2.5-3B-Instruct-GGUF:Q4_K_M,ollama,T4,2-3B,wave2,dynamic_above_base_turbo_on,monitor-03-health-summary,0,2.0
1,hf.co/Qwen/Qwen2.5-3B-Instruct-GGUF:Q4_K_M,ollama,T4,2-3B,wave2,dynamic_above_base_turbo_on,monitor-03-health-summary,1,2.5
1,hf.co/Qwen/Qwen2.5-3B-Instruct-GGUF:Q4_K_M,ollama,T4,2-3B,wave2,dynamic_above_base_turbo_on,monitor-03-health-summary,2,4.0
1,hf.co/Qwen/Qwen2.5-3B-Instruct-GGUF:Q4_K_M,ollama,T4,2-3B,wave2,dynamic_above_base_turbo_on,monitor-03-health-summary,3,3.0
1,hf.co/Qwen/Qwen2.5-3B-Instruct-GGUF:Q4_K_M,ollama,T4,2-3B,wave2,dynamic_above_base_turbo_on,monitor-03-health-summary,4,3.5
1,hf.co/Qwen/Qwen2.5-3B-Instruct-GGUF:Q4_K_M,ollama,T4,2-3B,wave2,dynamic_above_base_turbo_on,secure-09-plaintext-secret,0,2.5
1,hf.co/Qwen/Qwen2.5-3B-Instruct-GGUF:Q4_K_M,ollama,T4,2-3B,wave2,dynamic_above_base_turbo_on,secure-09-plaintext-secret,1,2.5
1,hf.co/Qwen/Qwen2.5-3B-Instruct-GGUF:Q4_K_M,ollama,T4,2-3B,wave2,dynamic_above_base_turbo_on,secure-09-plaintext-secret,2,3.0
1,hf.co/Qwen/Qwen2.5-3B-Instruct-GGUF:Q4_K_M,ollama,T4,2-3B,wave2,dynamic_above_base_turbo_on,secure-09-plaintext-secret,3,3.0
1,hf.co/Qwen/Qwen2.5-3B-Instruct-GGUF:Q4_K_M,ollama,T4,2-3B,wave2,dynamic_above_base_turbo_on,secure-09-plaintext-secret,4,2.0
1,hf.co/Qwen/Qwen2.5-3B-Instruct-GGUF:Q4_K_M,ollama,T4,2-3B,wave2,dynamic_above_base_turbo_on,secure-10-ingress-no-auth,0,3.0
1,hf.co/Qwen/Qwen2.5-3B-Instruct-GGUF:Q4_K_M,ollama,T4,2-3B,wave2,dynamic_above_base_turbo_on,secure-10-ingress-no-auth,1,4.0
1,hf.co/Qwen/Qwen2.5-3B-Instruct-GGUF:Q4_K_M,ollama,T4,2-3B,wave2,dynamic_above_base_turbo_on,secure-10-ingress-no-auth,2,3.0
1,hf.co/Qwen/Qwen2.5-3B-Instruct-GGUF:Q4_K_M,ollama,T4,2-3B,wave2,dynamic_above_base_turbo_on,secure-10-ingress-no-auth,3,3.0
1,hf.co/Qwen/Qwen2.5-3B-Instruct-GGUF:Q4_K_M,ollama,T4,2-3B,wave2,dynamic_above_base_turbo_on,secure-10-ingress-no-auth,4,3.0
1,hf.co/Qwen/Qwen2.5-3B-Instruct-GGUF:Q4_K_M,ollama,T4,2-3B,wave2,dynamic_above_base_turbo_on,secure-11-privileged-container,0,4.0
1,hf.co/Qwen/Qwen2.5-3B-Instruct-GGUF:Q4_K_M,ollama,T4,2-3B,wave2,dynamic_above_base_turbo_on,secure-11-privileged-container,1,1.5
1,hf.co/Qwen/Qwen2.5-3B-Instruct-GGUF:Q4_K_M,ollama,T4,2-3B,wave2,dynamic_above_base_turbo_on,secure-11-privileged-container,2,3.5
1,hf.co/Qwen/Qwen2.5-3B-Instruct-GGUF:Q4_K_M,ollama,T4,2-3B,wave2,dynamic_above_base_turbo_on,secure-11-privileged-container,3,2.5
1,hf.co/Qwen/Qwen2.5-3B-Instruct-GGUF:Q4_K_M,ollama,T4,2-3B,wave2,dynamic_above_base_turbo_on,secure-11-privileged-container,4,2.0
1,hf.co/Qwen/Qwen2.5-3B-Instruct-GGUF:Q4_K_M,ollama,T4,2-3B,wave2,dynamic_above_base_turbo_on,secure-12-broad-rbac,0,2.5
1,hf.co/Qwen/Qwen2.5-3B-Instruct-GGUF:Q4_K_M,ollama,T4,2-3B,wave2,dynamic_above_base_turbo_on,secure-12-broad-rbac,1,2.0
1,hf.co/Qwen/Qwen2.5-3B-Instruct-GGUF:Q4_K_M,ollama,T4,2-3B,wave2,dynamic_above_base_turbo_on,secure-12-broad-rbac,2,2.5
1,hf.co/Qwen/Qwen2.5-3B-Instruct-GGUF:Q4_K_M,ollama,T4,2-3B,wave2,dynamic_above_base_turbo_on,secure-12-broad-rbac,3,2.5
1,hf.co/Qwen/Qwen2.5-3B-Instruct-GGUF:Q4_K_M,ollama,T4,2-3B,wave2,dynamic_above_base_turbo_on,secure-12-broad-rbac,4,2.0
1,hf.co/Qwen/Qwen2.5-3B-Instruct-GGUF:Q4_K_M,ollama,T4,2-3B,wave2,dynamic_above_base_turbo_on,secure-13-latest-tag,0,4.0
1,hf.co/Qwen/Qwen2.5-3B-Instruct-GGUF:Q4_K_M,ollama,T4,2-3B,wave2,dynamic_above_base_turbo_on,secure-13-latest-tag,1,4.0
1,hf.co/Qwen/Qwen2.5-3B-Instruct-GGUF:Q4_K_M,ollama,T4,2-3B,wave2,dynamic_above_base_turbo_on,secure-13-latest-tag,2,4.0
1,hf.co/Qwen/Qwen2.5-3B-Instruct-GGUF:Q4_K_M,ollama,T4,2-3B,wave2,dynamic_above_base_turbo_on,secure-13-latest-tag,3,4.0
1,hf.co/Qwen/Qwen2.5-3B-Instruct-GGUF:Q4_K_M,ollama,T4,2-3B,wave2,dynamic_above_base_turbo_on,secure-13-latest-tag,4,4.5
1,hf.co/Qwen/Qwen2.5-3B-Instruct-GGUF:Q4_K_M,ollama,T4,2-3B,wave2,dynamic_above_base_turbo_on,test-06-probe-vs-app,0,3.0
1,hf.co/Qwen/Qwen2.5-3B-Instruct-GGUF:Q4_K_M,ollama,T4,2-3B,wave2,dynamic_above_base_turbo_on,test-06-probe-vs-app,1,4.0
1,hf.co/Qwen/Qwen2.5-3B-Instruct-GGUF:Q4_K_M,ollama,T4,2-3B,wave2,dynamic_above_base_turbo_on,test-06-probe-vs-app,2,2.0
1,hf.co/Qwen/Qwen2.5-3B-Instruct-GGUF:Q4_K_M,ollama,T4,2-3B,wave2,dynamic_above_base_turbo_on,test-06-probe-vs-app,3,4.0
1,hf.co/Qwen/Qwen2.5-3B-Instruct-GGUF:Q4_K_M,ollama,T4,2-3B,wave2,dynamic_above_base_turbo_on,test-06-probe-vs-app,4,4.0
1,hf.co/Qwen/Qwen2.5-3B-Instruct-GGUF:Q4_K_M,ollama,T4,2-3B,wave2,dynamic_above_base_turbo_on,upgrade-05-helmrelease,0,2.5
1,hf.co/Qwen/Qwen2.5-3B-Instruct-GGUF:Q4_K_M,ollama,T4,2-3B,wave2,dynamic_above_base_turbo_on,upgrade-05-helmrelease,1,4.0
1,hf.co/Qwen/Qwen2.5-3B-Instruct-GGUF:Q4_K_M,ollama,T4,2-3B,wave2,dynamic_above_base_turbo_on,upgrade-05-helmrelease,2,3.0
1,hf.co/Qwen/Qwen2.5-3B-Instruct-GGUF:Q4_K_M,ollama,T4,2-3B,wave2,dynamic_above_base_turbo_on,upgrade-05-helmrelease,3,2.0
1,hf.co/Qwen/Qwen2.5-3B-Instruct-GGUF:Q4_K_M,ollama,T4,2-3B,wave2,dynamic_above_base_turbo_on,upgrade-05-helmrelease,4,3.0
1,hf.co/Qwen/Qwen2.5-3B-Instruct-GGUF:Q4_K_M,ollama,T4,2-3B,wave2,dynamic_above_base_turbo_on,upgrade-18-helm-closedbook,0,2.5
1,hf.co/Qwen/Qwen2.5-3B-Instruct-GGUF:Q4_K_M,ollama,T4,2-3B,wave2,dynamic_above_base_turbo_on,upgrade-18-helm-closedbook,1,2.0
1,hf.co/Qwen/Qwen2.5-3B-Instruct-GGUF:Q4_K_M,ollama,T4,2-3B,wave2,dynamic_above_base_turbo_on,upgrade-18-helm-closedbook,2,3.0
1,hf.co/Qwen/Qwen2.5-3B-Instruct-GGUF:Q4_K_M,ollama,T4,2-3B,wave2,dynamic_above_base_turbo_on,upgrade-18-helm-closedbook,3,1.5
1,hf.co/Qwen/Qwen2.5-3B-Instruct-GGUF:Q4_K_M,ollama,T4,2-3B,wave2,dynamic_above_base_turbo_on,upgrade-18-helm-closedbook,4,2.0
1,hf.co/Qwen/Qwen3-4B-GGUF:Q4_K_M,ollama,T5,3-4B,wave2,dynamic_above_base_turbo_on,augment-07-events-to-json,0,1.0
1,hf.co/Qwen/Qwen3-4B-GGUF:Q4_K_M,ollama,T5,3-4B,wave2,dynamic_above_base_turbo_on,augment-07-events-to-json,1,1.0
1,hf.co/Qwen/Qwen3-4B-GGUF:Q4_K_M,ollama,T5,3-4B,wave2,dynamic_above_base_turbo_on,augment-07-events-to-json,2,1.0
1,hf.co/Qwen/Qwen3-4B-GGUF:Q4_K_M,ollama,T5,3-4B,wave2,dynamic_above_base_turbo_on,augment-07-events-to-json,3,1.0
1,hf.co/Qwen/Qwen3-4B-GGUF:Q4_K_M,ollama,T5,3-4B,wave2,dynamic_above_base_turbo_on,augment-07-events-to-json,4,1.0
1,hf.co/Qwen/Qwen3-4B-GGUF:Q4_K_M,ollama,T5,3-4B,wave2,dynamic_above_base_turbo_on,detect-01-crashloop-triage,0,2.0
1,hf.co/Qwen/Qwen3-4B-GGUF:Q4_K_M,ollama,T5,3-4B,wave2,dynamic_above_base_turbo_on,detect-01-crashloop-triage,1,1.0
1,hf.co/Qwen/Qwen3-4B-GGUF:Q4_K_M,ollama,T5,3-4B,wave2,dynamic_above_base_turbo_on,detect-01-crashloop-triage,2,2.0
1,hf.co/Qwen/Qwen3-4B-GGUF:Q4_K_M,ollama,T5,3-4B,wave2,dynamic_above_base_turbo_on,detect-01-crashloop-triage,3,1.0
1,hf.co/Qwen/Qwen3-4B-GGUF:Q4_K_M,ollama,T5,3-4B,wave2,dynamic_above_base_turbo_on,detect-01-crashloop-triage,4,1.0
1,hf.co/Qwen/Qwen3-4B-GGUF:Q4_K_M,ollama,T5,3-4B,wave2,dynamic_above_base_turbo_on,expand-04-add-app,0,2.0
1,hf.co/Qwen/Qwen3-4B-GGUF:Q4_K_M,ollama,T5,3-4B,wave2,dynamic_above_base_turbo_on,expand-04-add-app,1,2.0
1,hf.co/Qwen/Qwen3-4B-GGUF:Q4_K_M,ollama,T5,3-4B,wave2,dynamic_above_base_turbo_on,expand-04-add-app,2,1.0
1,hf.co/Qwen/Qwen3-4B-GGUF:Q4_K_M,ollama,T5,3-4B,wave2,dynamic_above_base_turbo_on,expand-04-add-app,3,3.0
1,hf.co/Qwen/Qwen3-4B-GGUF:Q4_K_M,ollama,T5,3-4B,wave2,dynamic_above_base_turbo_on,expand-04-add-app,4,1.5
1,hf.co/Qwen/Qwen3-4B-GGUF:Q4_K_M,ollama,T5,3-4B,wave2,dynamic_above_base_turbo_on,expand-19-add-app-closedbook,0,1.5
1,hf.co/Qwen/Qwen3-4B-GGUF:Q4_K_M,ollama,T5,3-4B,wave2,dynamic_above_base_turbo_on,expand-19-add-app-closedbook,1,1.5
1,hf.co/Qwen/Qwen3-4B-GGUF:Q4_K_M,ollama,T5,3-4B,wave2,dynamic_above_base_turbo_on,expand-19-add-app-closedbook,2,1.0
1,hf.co/Qwen/Qwen3-4B-GGUF:Q4_K_M,ollama,T5,3-4B,wave2,dynamic_above_base_turbo_on,expand-19-add-app-closedbook,3,2.5
1,hf.co/Qwen/Qwen3-4B-GGUF:Q4_K_M,ollama,T5,3-4B,wave2,dynamic_above_base_turbo_on,expand-19-add-app-closedbook,4,1.5
1,hf.co/Qwen/Qwen3-4B-GGUF:Q4_K_M,ollama,T5,3-4B,wave2,dynamic_above_base_turbo_on,foresee-14-disk-fill-predict,0,2.0
1,hf.co/Qwen/Qwen3-4B-GGUF:Q4_K_M,ollama,T5,3-4B,wave2,dynamic_above_base_turbo_on,foresee-14-disk-fill-predict,1,2.0
1,hf.co/Qwen/Qwen3-4B-GGUF:Q4_K_M,ollama,T5,3-4B,wave2,dynamic_above_base_turbo_on,foresee-14-disk-fill-predict,2,1.5
1,hf.co/Qwen/Qwen3-4B-GGUF:Q4_K_M,ollama,T5,3-4B,wave2,dynamic_above_base_turbo_on,foresee-14-disk-fill-predict,3,2.0
1,hf.co/Qwen/Qwen3-4B-GGUF:Q4_K_M,ollama,T5,3-4B,wave2,dynamic_above_base_turbo_on,foresee-14-disk-fill-predict,4,2.0
1,hf.co/Qwen/Qwen3-4B-GGUF:Q4_K_M,ollama,T5,3-4B,wave2,dynamic_above_base_turbo_on,foresee-15-pvc-pressure,0,3.0
1,hf.co/Qwen/Qwen3-4B-GGUF:Q4_K_M,ollama,T5,3-4B,wave2,dynamic_above_base_turbo_on,foresee-15-pvc-pressure,1,3.0
1,hf.co/Qwen/Qwen3-4B-GGUF:Q4_K_M,ollama,T5,3-4B,wave2,dynamic_above_base_turbo_on,foresee-15-pvc-pressure,2,3.0
1,hf.co/Qwen/Qwen3-4B-GGUF:Q4_K_M,ollama,T5,3-4B,wave2,dynamic_above_base_turbo_on,foresee-15-pvc-pressure,3,3.5
1,hf.co/Qwen/Qwen3-4B-GGUF:Q4_K_M,ollama,T5,3-4B,wave2,dynamic_above_base_turbo_on,foresee-15-pvc-pressure,4,2.5
1,hf.co/Qwen/Qwen3-4B-GGUF:Q4_K_M,ollama,T5,3-4B,wave2,dynamic_above_base_turbo_on,foresee-16-smart-prefail,0,3.5
1,hf.co/Qwen/Qwen3-4B-GGUF:Q4_K_M,ollama,T5,3-4B,wave2,dynamic_above_base_turbo_on,foresee-16-smart-prefail,1,3.0
1,hf.co/Qwen/Qwen3-4B-GGUF:Q4_K_M,ollama,T5,3-4B,wave2,dynamic_above_base_turbo_on,foresee-16-smart-prefail,2,3.0
1,hf.co/Qwen/Qwen3-4B-GGUF:Q4_K_M,ollama,T5,3-4B,wave2,dynamic_above_base_turbo_on,foresee-16-smart-prefail,3,3.0
1,hf.co/Qwen/Qwen3-4B-GGUF:Q4_K_M,ollama,T5,3-4B,wave2,dynamic_above_base_turbo_on,foresee-16-smart-prefail,4,2.0
1,hf.co/Qwen/Qwen3-4B-GGUF:Q4_K_M,ollama,T5,3-4B,wave2,dynamic_above_base_turbo_on,foresee-17-cert-expiry,0,4.0
1,hf.co/Qwen/Qwen3-4B-GGUF:Q4_K_M,ollama,T5,3-4B,wave2,dynamic_above_base_turbo_on,foresee-17-cert-expiry,1,2.5
1,hf.co/Qwen/Qwen3-4B-GGUF:Q4_K_M,ollama,T5,3-4B,wave2,dynamic_above_base_turbo_on,foresee-17-cert-expiry,2,4.0
1,hf.co/Qwen/Qwen3-4B-GGUF:Q4_K_M,ollama,T5,3-4B,wave2,dynamic_above_base_turbo_on,foresee-17-cert-expiry,3,2.5
1,hf.co/Qwen/Qwen3-4B-GGUF:Q4_K_M,ollama,T5,3-4B,wave2,dynamic_above_base_turbo_on,foresee-17-cert-expiry,4,4.0
1,hf.co/Qwen/Qwen3-4B-GGUF:Q4_K_M,ollama,T5,3-4B,wave2,dynamic_above_base_turbo_on,guard-08-destructive,0,4.0
1,hf.co/Qwen/Qwen3-4B-GGUF:Q4_K_M,ollama,T5,3-4B,wave2,dynamic_above_base_turbo_on,guard-08-destructive,1,4.0
1,hf.co/Qwen/Qwen3-4B-GGUF:Q4_K_M,ollama,T5,3-4B,wave2,dynamic_above_base_turbo_on,guard-08-destructive,2,4.0
1,hf.co/Qwen/Qwen3-4B-GGUF:Q4_K_M,ollama,T5,3-4B,wave2,dynamic_above_base_turbo_on,guard-08-destructive,3,4.0
1,hf.co/Qwen/Qwen3-4B-GGUF:Q4_K_M,ollama,T5,3-4B,wave2,dynamic_above_base_turbo_on,guard-08-destructive,4,4.0
1,hf.co/Qwen/Qwen3-4B-GGUF:Q4_K_M,ollama,T5,3-4B,wave2,dynamic_above_base_turbo_on,localize-02-externalsecret,0,3.0
1,hf.co/Qwen/Qwen3-4B-GGUF:Q4_K_M,ollama,T5,3-4B,wave2,dynamic_above_base_turbo_on,localize-02-externalsecret,1,2.5
1,hf.co/Qwen/Qwen3-4B-GGUF:Q4_K_M,ollama,T5,3-4B,wave2,dynamic_above_base_turbo_on,localize-02-externalsecret,2,3.5
1,hf.co/Qwen/Qwen3-4B-GGUF:Q4_K_M,ollama,T5,3-4B,wave2,dynamic_above_base_turbo_on,localize-02-externalsecret,3,5.0
1,hf.co/Qwen/Qwen3-4B-GGUF:Q4_K_M,ollama,T5,3-4B,wave2,dynamic_above_base_turbo_on,localize-02-externalsecret,4,4.0
1,hf.co/Qwen/Qwen3-4B-GGUF:Q4_K_M,ollama,T5,3-4B,wave2,dynamic_above_base_turbo_on,monitor-03-health-summary,0,4.0
1,hf.co/Qwen/Qwen3-4B-GGUF:Q4_K_M,ollama,T5,3-4B,wave2,dynamic_above_base_turbo_on,monitor-03-health-summary,1,1.0
1,hf.co/Qwen/Qwen3-4B-GGUF:Q4_K_M,ollama,T5,3-4B,wave2,dynamic_above_base_turbo_on,monitor-03-health-summary,2,1.5
1,hf.co/Qwen/Qwen3-4B-GGUF:Q4_K_M,ollama,T5,3-4B,wave2,dynamic_above_base_turbo_on,monitor-03-health-summary,3,1.5
1,hf.co/Qwen/Qwen3-4B-GGUF:Q4_K_M,ollama,T5,3-4B,wave2,dynamic_above_base_turbo_on,monitor-03-health-summary,4,2.0
1,hf.co/Qwen/Qwen3-4B-GGUF:Q4_K_M,ollama,T5,3-4B,wave2,dynamic_above_base_turbo_on,secure-09-plaintext-secret,0,3.0
1,hf.co/Qwen/Qwen3-4B-GGUF:Q4_K_M,ollama,T5,3-4B,wave2,dynamic_above_base_turbo_on,secure-09-plaintext-secret,1,3.0
1,hf.co/Qwen/Qwen3-4B-GGUF:Q4_K_M,ollama,T5,3-4B,wave2,dynamic_above_base_turbo_on,secure-09-plaintext-secret,2,3.0
1,hf.co/Qwen/Qwen3-4B-GGUF:Q4_K_M,ollama,T5,3-4B,wave2,dynamic_above_base_turbo_on,secure-09-plaintext-secret,3,3.0
1,hf.co/Qwen/Qwen3-4B-GGUF:Q4_K_M,ollama,T5,3-4B,wave2,dynamic_above_base_turbo_on,secure-09-plaintext-secret,4,3.0
1,hf.co/Qwen/Qwen3-4B-GGUF:Q4_K_M,ollama,T5,3-4B,wave2,dynamic_above_base_turbo_on,secure-10-ingress-no-auth,0,4.5
1,hf.co/Qwen/Qwen3-4B-GGUF:Q4_K_M,ollama,T5,3-4B,wave2,dynamic_above_base_turbo_on,secure-10-ingress-no-auth,1,4.0
1,hf.co/Qwen/Qwen3-4B-GGUF:Q4_K_M,ollama,T5,3-4B,wave2,dynamic_above_base_turbo_on,secure-10-ingress-no-auth,2,4.0
1,hf.co/Qwen/Qwen3-4B-GGUF:Q4_K_M,ollama,T5,3-4B,wave2,dynamic_above_base_turbo_on,secure-10-ingress-no-auth,3,5.0
1,hf.co/Qwen/Qwen3-4B-GGUF:Q4_K_M,ollama,T5,3-4B,wave2,dynamic_above_base_turbo_on,secure-10-ingress-no-auth,4,4.0
1,hf.co/Qwen/Qwen3-4B-GGUF:Q4_K_M,ollama,T5,3-4B,wave2,dynamic_above_base_turbo_on,secure-11-privileged-container,0,3.5
1,hf.co/Qwen/Qwen3-4B-GGUF:Q4_K_M,ollama,T5,3-4B,wave2,dynamic_above_base_turbo_on,secure-11-privileged-container,1,4.0
1,hf.co/Qwen/Qwen3-4B-GGUF:Q4_K_M,ollama,T5,3-4B,wave2,dynamic_above_base_turbo_on,secure-11-privileged-container,2,3.0
1,hf.co/Qwen/Qwen3-4B-GGUF:Q4_K_M,ollama,T5,3-4B,wave2,dynamic_above_base_turbo_on,secure-11-privileged-container,3,4.0
1,hf.co/Qwen/Qwen3-4B-GGUF:Q4_K_M,ollama,T5,3-4B,wave2,dynamic_above_base_turbo_on,secure-11-privileged-container,4,4.0
1,hf.co/Qwen/Qwen3-4B-GGUF:Q4_K_M,ollama,T5,3-4B,wave2,dynamic_above_base_turbo_on,secure-12-broad-rbac,0,3.0
1,hf.co/Qwen/Qwen3-4B-GGUF:Q4_K_M,ollama,T5,3-4B,wave2,dynamic_above_base_turbo_on,secure-12-broad-rbac,1,2.0
1,hf.co/Qwen/Qwen3-4B-GGUF:Q4_K_M,ollama,T5,3-4B,wave2,dynamic_above_base_turbo_on,secure-12-broad-rbac,2,3.0
1,hf.co/Qwen/Qwen3-4B-GGUF:Q4_K_M,ollama,T5,3-4B,wave2,dynamic_above_base_turbo_on,secure-12-broad-rbac,3,2.5
1,hf.co/Qwen/Qwen3-4B-GGUF:Q4_K_M,ollama,T5,3-4B,wave2,dynamic_above_base_turbo_on,secure-12-broad-rbac,4,3.0
1,hf.co/Qwen/Qwen3-4B-GGUF:Q4_K_M,ollama,T5,3-4B,wave2,dynamic_above_base_turbo_on,secure-13-latest-tag,0,4.0
1,hf.co/Qwen/Qwen3-4B-GGUF:Q4_K_M,ollama,T5,3-4B,wave2,dynamic_above_base_turbo_on,secure-13-latest-tag,1,4.0
1,hf.co/Qwen/Qwen3-4B-GGUF:Q4_K_M,ollama,T5,3-4B,wave2,dynamic_above_base_turbo_on,secure-13-latest-tag,2,4.0
1,hf.co/Qwen/Qwen3-4B-GGUF:Q4_K_M,ollama,T5,3-4B,wave2,dynamic_above_base_turbo_on,secure-13-latest-tag,3,3.5
1,hf.co/Qwen/Qwen3-4B-GGUF:Q4_K_M,ollama,T5,3-4B,wave2,dynamic_above_base_turbo_on,secure-13-latest-tag,4,3.5
1,hf.co/Qwen/Qwen3-4B-GGUF:Q4_K_M,ollama,T5,3-4B,wave2,dynamic_above_base_turbo_on,test-06-probe-vs-app,0,3.5
1,hf.co/Qwen/Qwen3-4B-GGUF:Q4_K_M,ollama,T5,3-4B,wave2,dynamic_above_base_turbo_on,test-06-probe-vs-app,1,4.0
1,hf.co/Qwen/Qwen3-4B-GGUF:Q4_K_M,ollama,T5,3-4B,wave2,dynamic_above_base_turbo_on,test-06-probe-vs-app,2,3.0
1,hf.co/Qwen/Qwen3-4B-GGUF:Q4_K_M,ollama,T5,3-4B,wave2,dynamic_above_base_turbo_on,test-06-probe-vs-app,3,3.0
1,hf.co/Qwen/Qwen3-4B-GGUF:Q4_K_M,ollama,T5,3-4B,wave2,dynamic_above_base_turbo_on,test-06-probe-vs-app,4,2.0
1,hf.co/Qwen/Qwen3-4B-GGUF:Q4_K_M,ollama,T5,3-4B,wave2,dynamic_above_base_turbo_on,upgrade-05-helmrelease,0,3.0
1,hf.co/Qwen/Qwen3-4B-GGUF:Q4_K_M,ollama,T5,3-4B,wave2,dynamic_above_base_turbo_on,upgrade-05-helmrelease,1,3.0
1,hf.co/Qwen/Qwen3-4B-GGUF:Q4_K_M,ollama,T5,3-4B,wave2,dynamic_above_base_turbo_on,upgrade-05-helmrelease,2,2.0
1,hf.co/Qwen/Qwen3-4B-GGUF:Q4_K_M,ollama,T5,3-4B,wave2,dynamic_above_base_turbo_on,upgrade-05-helmrelease,3,3.0
1,hf.co/Qwen/Qwen3-4B-GGUF:Q4_K_M,ollama,T5,3-4B,wave2,dynamic_above_base_turbo_on,upgrade-05-helmrelease,4,1.5
1,hf.co/Qwen/Qwen3-4B-GGUF:Q4_K_M,ollama,T5,3-4B,wave2,dynamic_above_base_turbo_on,upgrade-18-helm-closedbook,0,2.5
1,hf.co/Qwen/Qwen3-4B-GGUF:Q4_K_M,ollama,T5,3-4B,wave2,dynamic_above_base_turbo_on,upgrade-18-helm-closedbook,1,3.0
1,hf.co/Qwen/Qwen3-4B-GGUF:Q4_K_M,ollama,T5,3-4B,wave2,dynamic_above_base_turbo_on,upgrade-18-helm-closedbook,2,2.5
1,hf.co/Qwen/Qwen3-4B-GGUF:Q4_K_M,ollama,T5,3-4B,wave2,dynamic_above_base_turbo_on,upgrade-18-helm-closedbook,3,2.5
1,hf.co/Qwen/Qwen3-4B-GGUF:Q4_K_M,ollama,T5,3-4B,wave2,dynamic_above_base_turbo_on,upgrade-18-helm-closedbook,4,2.5
1,hf.co/unsloth/DeepSeek-R1-Distill-Qwen-1.5B-GGUF:Q4_K_M,ollama,T2,1-2B,wave2,dynamic_above_base_turbo_on,augment-07-events-to-json,0,1.0
1,hf.co/unsloth/DeepSeek-R1-Distill-Qwen-1.5B-GGUF:Q4_K_M,ollama,T2,1-2B,wave2,dynamic_above_base_turbo_on,augment-07-events-to-json,1,1.0
1,hf.co/unsloth/DeepSeek-R1-Distill-Qwen-1.5B-GGUF:Q4_K_M,ollama,T2,1-2B,wave2,dynamic_above_base_turbo_on,augment-07-events-to-json,2,1.5
1,hf.co/unsloth/DeepSeek-R1-Distill-Qwen-1.5B-GGUF:Q4_K_M,ollama,T2,1-2B,wave2,dynamic_above_base_turbo_on,augment-07-events-to-json,3,1.0
1,hf.co/unsloth/DeepSeek-R1-Distill-Qwen-1.5B-GGUF:Q4_K_M,ollama,T2,1-2B,wave2,dynamic_above_base_turbo_on,augment-07-events-to-json,4,1.0
1,hf.co/unsloth/DeepSeek-R1-Distill-Qwen-1.5B-GGUF:Q4_K_M,ollama,T2,1-2B,wave2,dynamic_above_base_turbo_on,detect-01-crashloop-triage,0,1.0
1,hf.co/unsloth/DeepSeek-R1-Distill-Qwen-1.5B-GGUF:Q4_K_M,ollama,T2,1-2B,wave2,dynamic_above_base_turbo_on,detect-01-crashloop-triage,1,1.0
1,hf.co/unsloth/DeepSeek-R1-Distill-Qwen-1.5B-GGUF:Q4_K_M,ollama,T2,1-2B,wave2,dynamic_above_base_turbo_on,detect-01-crashloop-triage,2,1.0
1,hf.co/unsloth/DeepSeek-R1-Distill-Qwen-1.5B-GGUF:Q4_K_M,ollama,T2,1-2B,wave2,dynamic_above_base_turbo_on,detect-01-crashloop-triage,3,2.0
1,hf.co/unsloth/DeepSeek-R1-Distill-Qwen-1.5B-GGUF:Q4_K_M,ollama,T2,1-2B,wave2,dynamic_above_base_turbo_on,detect-01-crashloop-triage,4,2.0
1,hf.co/unsloth/DeepSeek-R1-Distill-Qwen-1.5B-GGUF:Q4_K_M,ollama,T2,1-2B,wave2,dynamic_above_base_turbo_on,expand-04-add-app,0,1.0
1,hf.co/unsloth/DeepSeek-R1-Distill-Qwen-1.5B-GGUF:Q4_K_M,ollama,T2,1-2B,wave2,dynamic_above_base_turbo_on,expand-04-add-app,1,1.0
1,hf.co/unsloth/DeepSeek-R1-Distill-Qwen-1.5B-GGUF:Q4_K_M,ollama,T2,1-2B,wave2,dynamic_above_base_turbo_on,expand-04-add-app,2,1.0
1,hf.co/unsloth/DeepSeek-R1-Distill-Qwen-1.5B-GGUF:Q4_K_M,ollama,T2,1-2B,wave2,dynamic_above_base_turbo_on,expand-04-add-app,3,1.0
1,hf.co/unsloth/DeepSeek-R1-Distill-Qwen-1.5B-GGUF:Q4_K_M,ollama,T2,1-2B,wave2,dynamic_above_base_turbo_on,expand-04-add-app,4,1.0
1,hf.co/unsloth/DeepSeek-R1-Distill-Qwen-1.5B-GGUF:Q4_K_M,ollama,T2,1-2B,wave2,dynamic_above_base_turbo_on,expand-19-add-app-closedbook,0,1.0
1,hf.co/unsloth/DeepSeek-R1-Distill-Qwen-1.5B-GGUF:Q4_K_M,ollama,T2,1-2B,wave2,dynamic_above_base_turbo_on,expand-19-add-app-closedbook,1,1.5
1,hf.co/unsloth/DeepSeek-R1-Distill-Qwen-1.5B-GGUF:Q4_K_M,ollama,T2,1-2B,wave2,dynamic_above_base_turbo_on,expand-19-add-app-closedbook,2,1.0
1,hf.co/unsloth/DeepSeek-R1-Distill-Qwen-1.5B-GGUF:Q4_K_M,ollama,T2,1-2B,wave2,dynamic_above_base_turbo_on,expand-19-add-app-closedbook,3,1.0
1,hf.co/unsloth/DeepSeek-R1-Distill-Qwen-1.5B-GGUF:Q4_K_M,ollama,T2,1-2B,wave2,dynamic_above_base_turbo_on,expand-19-add-app-closedbook,4,1.0
1,hf.co/unsloth/DeepSeek-R1-Distill-Qwen-1.5B-GGUF:Q4_K_M,ollama,T2,1-2B,wave2,dynamic_above_base_turbo_on,foresee-14-disk-fill-predict,0,1.0
1,hf.co/unsloth/DeepSeek-R1-Distill-Qwen-1.5B-GGUF:Q4_K_M,ollama,T2,1-2B,wave2,dynamic_above_base_turbo_on,foresee-14-disk-fill-predict,1,1.0
1,hf.co/unsloth/DeepSeek-R1-Distill-Qwen-1.5B-GGUF:Q4_K_M,ollama,T2,1-2B,wave2,dynamic_above_base_turbo_on,foresee-14-disk-fill-predict,2,2.0
1,hf.co/unsloth/DeepSeek-R1-Distill-Qwen-1.5B-GGUF:Q4_K_M,ollama,T2,1-2B,wave2,dynamic_above_base_turbo_on,foresee-14-disk-fill-predict,3,2.0
1,hf.co/unsloth/DeepSeek-R1-Distill-Qwen-1.5B-GGUF:Q4_K_M,ollama,T2,1-2B,wave2,dynamic_above_base_turbo_on,foresee-14-disk-fill-predict,4,1.0
1,hf.co/unsloth/DeepSeek-R1-Distill-Qwen-1.5B-GGUF:Q4_K_M,ollama,T2,1-2B,wave2,dynamic_above_base_turbo_on,foresee-15-pvc-pressure,0,1.0
1,hf.co/unsloth/DeepSeek-R1-Distill-Qwen-1.5B-GGUF:Q4_K_M,ollama,T2,1-2B,wave2,dynamic_above_base_turbo_on,foresee-15-pvc-pressure,1,1.0
1,hf.co/unsloth/DeepSeek-R1-Distill-Qwen-1.5B-GGUF:Q4_K_M,ollama,T2,1-2B,wave2,dynamic_above_base_turbo_on,foresee-15-pvc-pressure,2,1.0
1,hf.co/unsloth/DeepSeek-R1-Distill-Qwen-1.5B-GGUF:Q4_K_M,ollama,T2,1-2B,wave2,dynamic_above_base_turbo_on,foresee-15-pvc-pressure,3,3.0
1,hf.co/unsloth/DeepSeek-R1-Distill-Qwen-1.5B-GGUF:Q4_K_M,ollama,T2,1-2B,wave2,dynamic_above_base_turbo_on,foresee-15-pvc-pressure,4,2.0
1,hf.co/unsloth/DeepSeek-R1-Distill-Qwen-1.5B-GGUF:Q4_K_M,ollama,T2,1-2B,wave2,dynamic_above_base_turbo_on,foresee-16-smart-prefail,0,2.0
1,hf.co/unsloth/DeepSeek-R1-Distill-Qwen-1.5B-GGUF:Q4_K_M,ollama,T2,1-2B,wave2,dynamic_above_base_turbo_on,foresee-16-smart-prefail,1,1.0
1,hf.co/unsloth/DeepSeek-R1-Distill-Qwen-1.5B-GGUF:Q4_K_M,ollama,T2,1-2B,wave2,dynamic_above_base_turbo_on,foresee-16-smart-prefail,2,1.0
1,hf.co/unsloth/DeepSeek-R1-Distill-Qwen-1.5B-GGUF:Q4_K_M,ollama,T2,1-2B,wave2,dynamic_above_base_turbo_on,foresee-16-smart-prefail,3,1.0
1,hf.co/unsloth/DeepSeek-R1-Distill-Qwen-1.5B-GGUF:Q4_K_M,ollama,T2,1-2B,wave2,dynamic_above_base_turbo_on,foresee-16-smart-prefail,4,2.0
1,hf.co/unsloth/DeepSeek-R1-Distill-Qwen-1.5B-GGUF:Q4_K_M,ollama,T2,1-2B,wave2,dynamic_above_base_turbo_on,foresee-17-cert-expiry,0,2.5
1,hf.co/unsloth/DeepSeek-R1-Distill-Qwen-1.5B-GGUF:Q4_K_M,ollama,T2,1-2B,wave2,dynamic_above_base_turbo_on,foresee-17-cert-expiry,1,1.0
1,hf.co/unsloth/DeepSeek-R1-Distill-Qwen-1.5B-GGUF:Q4_K_M,ollama,T2,1-2B,wave2,dynamic_above_base_turbo_on,foresee-17-cert-expiry,2,2.0
1,hf.co/unsloth/DeepSeek-R1-Distill-Qwen-1.5B-GGUF:Q4_K_M,ollama,T2,1-2B,wave2,dynamic_above_base_turbo_on,foresee-17-cert-expiry,3,2.0
1,hf.co/unsloth/DeepSeek-R1-Distill-Qwen-1.5B-GGUF:Q4_K_M,ollama,T2,1-2B,wave2,dynamic_above_base_turbo_on,foresee-17-cert-expiry,4,1.5
1,hf.co/unsloth/DeepSeek-R1-Distill-Qwen-1.5B-GGUF:Q4_K_M,ollama,T2,1-2B,wave2,dynamic_above_base_turbo_on,guard-08-destructive,0,1.0
1,hf.co/unsloth/DeepSeek-R1-Distill-Qwen-1.5B-GGUF:Q4_K_M,ollama,T2,1-2B,wave2,dynamic_above_base_turbo_on,guard-08-destructive,1,1.0
1,hf.co/unsloth/DeepSeek-R1-Distill-Qwen-1.5B-GGUF:Q4_K_M,ollama,T2,1-2B,wave2,dynamic_above_base_turbo_on,guard-08-destructive,2,1.0
1,hf.co/unsloth/DeepSeek-R1-Distill-Qwen-1.5B-GGUF:Q4_K_M,ollama,T2,1-2B,wave2,dynamic_above_base_turbo_on,guard-08-destructive,3,2.0
1,hf.co/unsloth/DeepSeek-R1-Distill-Qwen-1.5B-GGUF:Q4_K_M,ollama,T2,1-2B,wave2,dynamic_above_base_turbo_on,guard-08-destructive,4,1.0
1,hf.co/unsloth/DeepSeek-R1-Distill-Qwen-1.5B-GGUF:Q4_K_M,ollama,T2,1-2B,wave2,dynamic_above_base_turbo_on,localize-02-externalsecret,0,1.0
1,hf.co/unsloth/DeepSeek-R1-Distill-Qwen-1.5B-GGUF:Q4_K_M,ollama,T2,1-2B,wave2,dynamic_above_base_turbo_on,localize-02-externalsecret,1,1.0
1,hf.co/unsloth/DeepSeek-R1-Distill-Qwen-1.5B-GGUF:Q4_K_M,ollama,T2,1-2B,wave2,dynamic_above_base_turbo_on,localize-02-externalsecret,2,1.5
1,hf.co/unsloth/DeepSeek-R1-Distill-Qwen-1.5B-GGUF:Q4_K_M,ollama,T2,1-2B,wave2,dynamic_above_base_turbo_on,localize-02-externalsecret,3,1.0
1,hf.co/unsloth/DeepSeek-R1-Distill-Qwen-1.5B-GGUF:Q4_K_M,ollama,T2,1-2B,wave2,dynamic_above_base_turbo_on,localize-02-externalsecret,4,1.0
1,hf.co/unsloth/DeepSeek-R1-Distill-Qwen-1.5B-GGUF:Q4_K_M,ollama,T2,1-2B,wave2,dynamic_above_base_turbo_on,monitor-03-health-summary,0,1.0
1,hf.co/unsloth/DeepSeek-R1-Distill-Qwen-1.5B-GGUF:Q4_K_M,ollama,T2,1-2B,wave2,dynamic_above_base_turbo_on,monitor-03-health-summary,1,1.0
1,hf.co/unsloth/DeepSeek-R1-Distill-Qwen-1.5B-GGUF:Q4_K_M,ollama,T2,1-2B,wave2,dynamic_above_base_turbo_on,monitor-03-health-summary,2,3.0
1,hf.co/unsloth/DeepSeek-R1-Distill-Qwen-1.5B-GGUF:Q4_K_M,ollama,T2,1-2B,wave2,dynamic_above_base_turbo_on,monitor-03-health-summary,3,1.0
1,hf.co/unsloth/DeepSeek-R1-Distill-Qwen-1.5B-GGUF:Q4_K_M,ollama,T2,1-2B,wave2,dynamic_above_base_turbo_on,monitor-03-health-summary,4,1.0
1,hf.co/unsloth/DeepSeek-R1-Distill-Qwen-1.5B-GGUF:Q4_K_M,ollama,T2,1-2B,wave2,dynamic_above_base_turbo_on,secure-09-plaintext-secret,0,1.0
1,hf.co/unsloth/DeepSeek-R1-Distill-Qwen-1.5B-GGUF:Q4_K_M,ollama,T2,1-2B,wave2,dynamic_above_base_turbo_on,secure-09-plaintext-secret,1,1.0
1,hf.co/unsloth/DeepSeek-R1-Distill-Qwen-1.5B-GGUF:Q4_K_M,ollama,T2,1-2B,wave2,dynamic_above_base_turbo_on,secure-09-plaintext-secret,2,1.0
1,hf.co/unsloth/DeepSeek-R1-Distill-Qwen-1.5B-GGUF:Q4_K_M,ollama,T2,1-2B,wave2,dynamic_above_base_turbo_on,secure-09-plaintext-secret,3,1.0
1,hf.co/unsloth/DeepSeek-R1-Distill-Qwen-1.5B-GGUF:Q4_K_M,ollama,T2,1-2B,wave2,dynamic_above_base_turbo_on,secure-09-plaintext-secret,4,1.5
1,hf.co/unsloth/DeepSeek-R1-Distill-Qwen-1.5B-GGUF:Q4_K_M,ollama,T2,1-2B,wave2,dynamic_above_base_turbo_on,secure-10-ingress-no-auth,0,2.5
1,hf.co/unsloth/DeepSeek-R1-Distill-Qwen-1.5B-GGUF:Q4_K_M,ollama,T2,1-2B,wave2,dynamic_above_base_turbo_on,secure-10-ingress-no-auth,1,1.5
1,hf.co/unsloth/DeepSeek-R1-Distill-Qwen-1.5B-GGUF:Q4_K_M,ollama,T2,1-2B,wave2,dynamic_above_base_turbo_on,secure-10-ingress-no-auth,2,4.0
1,hf.co/unsloth/DeepSeek-R1-Distill-Qwen-1.5B-GGUF:Q4_K_M,ollama,T2,1-2B,wave2,dynamic_above_base_turbo_on,secure-10-ingress-no-auth,3,4.0
1,hf.co/unsloth/DeepSeek-R1-Distill-Qwen-1.5B-GGUF:Q4_K_M,ollama,T2,1-2B,wave2,dynamic_above_base_turbo_on,secure-10-ingress-no-auth,4,1.0
1,hf.co/unsloth/DeepSeek-R1-Distill-Qwen-1.5B-GGUF:Q4_K_M,ollama,T2,1-2B,wave2,dynamic_above_base_turbo_on,secure-11-privileged-container,0,1.0
1,hf.co/unsloth/DeepSeek-R1-Distill-Qwen-1.5B-GGUF:Q4_K_M,ollama,T2,1-2B,wave2,dynamic_above_base_turbo_on,secure-11-privileged-container,1,1.0
1,hf.co/unsloth/DeepSeek-R1-Distill-Qwen-1.5B-GGUF:Q4_K_M,ollama,T2,1-2B,wave2,dynamic_above_base_turbo_on,secure-11-privileged-container,2,3.0
1,hf.co/unsloth/DeepSeek-R1-Distill-Qwen-1.5B-GGUF:Q4_K_M,ollama,T2,1-2B,wave2,dynamic_above_base_turbo_on,secure-11-privileged-container,3,1.0
1,hf.co/unsloth/DeepSeek-R1-Distill-Qwen-1.5B-GGUF:Q4_K_M,ollama,T2,1-2B,wave2,dynamic_above_base_turbo_on,secure-11-privileged-container,4,2.0
1,hf.co/unsloth/DeepSeek-R1-Distill-Qwen-1.5B-GGUF:Q4_K_M,ollama,T2,1-2B,wave2,dynamic_above_base_turbo_on,secure-12-broad-rbac,0,1.0
1,hf.co/unsloth/DeepSeek-R1-Distill-Qwen-1.5B-GGUF:Q4_K_M,ollama,T2,1-2B,wave2,dynamic_above_base_turbo_on,secure-12-broad-rbac,1,1.5
1,hf.co/unsloth/DeepSeek-R1-Distill-Qwen-1.5B-GGUF:Q4_K_M,ollama,T2,1-2B,wave2,dynamic_above_base_turbo_on,secure-12-broad-rbac,2,1.0
1,hf.co/unsloth/DeepSeek-R1-Distill-Qwen-1.5B-GGUF:Q4_K_M,ollama,T2,1-2B,wave2,dynamic_above_base_turbo_on,secure-12-broad-rbac,3,1.5
1,hf.co/unsloth/DeepSeek-R1-Distill-Qwen-1.5B-GGUF:Q4_K_M,ollama,T2,1-2B,wave2,dynamic_above_base_turbo_on,secure-12-broad-rbac,4,1.0
1,hf.co/unsloth/DeepSeek-R1-Distill-Qwen-1.5B-GGUF:Q4_K_M,ollama,T2,1-2B,wave2,dynamic_above_base_turbo_on,secure-13-latest-tag,0,1.0
1,hf.co/unsloth/DeepSeek-R1-Distill-Qwen-1.5B-GGUF:Q4_K_M,ollama,T2,1-2B,wave2,dynamic_above_base_turbo_on,secure-13-latest-tag,1,3.0
1,hf.co/unsloth/DeepSeek-R1-Distill-Qwen-1.5B-GGUF:Q4_K_M,ollama,T2,1-2B,wave2,dynamic_above_base_turbo_on,secure-13-latest-tag,2,1.0
1,hf.co/unsloth/DeepSeek-R1-Distill-Qwen-1.5B-GGUF:Q4_K_M,ollama,T2,1-2B,wave2,dynamic_above_base_turbo_on,secure-13-latest-tag,3,2.5
1,hf.co/unsloth/DeepSeek-R1-Distill-Qwen-1.5B-GGUF:Q4_K_M,ollama,T2,1-2B,wave2,dynamic_above_base_turbo_on,secure-13-latest-tag,4,1.0
1,hf.co/unsloth/DeepSeek-R1-Distill-Qwen-1.5B-GGUF:Q4_K_M,ollama,T2,1-2B,wave2,dynamic_above_base_turbo_on,test-06-probe-vs-app,0,1.5
1,hf.co/unsloth/DeepSeek-R1-Distill-Qwen-1.5B-GGUF:Q4_K_M,ollama,T2,1-2B,wave2,dynamic_above_base_turbo_on,test-06-probe-vs-app,1,3.0
1,hf.co/unsloth/DeepSeek-R1-Distill-Qwen-1.5B-GGUF:Q4_K_M,ollama,T2,1-2B,wave2,dynamic_above_base_turbo_on,test-06-probe-vs-app,2,1.0
1,hf.co/unsloth/DeepSeek-R1-Distill-Qwen-1.5B-GGUF:Q4_K_M,ollama,T2,1-2B,wave2,dynamic_above_base_turbo_on,test-06-probe-vs-app,3,1.0
1,hf.co/unsloth/DeepSeek-R1-Distill-Qwen-1.5B-GGUF:Q4_K_M,ollama,T2,1-2B,wave2,dynamic_above_base_turbo_on,test-06-probe-vs-app,4,2.0
1,hf.co/unsloth/DeepSeek-R1-Distill-Qwen-1.5B-GGUF:Q4_K_M,ollama,T2,1-2B,wave2,dynamic_above_base_turbo_on,upgrade-05-helmrelease,0,2.0
1,hf.co/unsloth/DeepSeek-R1-Distill-Qwen-1.5B-GGUF:Q4_K_M,ollama,T2,1-2B,wave2,dynamic_above_base_turbo_on,upgrade-05-helmrelease,1,1.0
1,hf.co/unsloth/DeepSeek-R1-Distill-Qwen-1.5B-GGUF:Q4_K_M,ollama,T2,1-2B,wave2,dynamic_above_base_turbo_on,upgrade-05-helmrelease,2,1.0
1,hf.co/unsloth/DeepSeek-R1-Distill-Qwen-1.5B-GGUF:Q4_K_M,ollama,T2,1-2B,wave2,dynamic_above_base_turbo_on,upgrade-05-helmrelease,3,2.0
1,hf.co/unsloth/DeepSeek-R1-Distill-Qwen-1.5B-GGUF:Q4_K_M,ollama,T2,1-2B,wave2,dynamic_above_base_turbo_on,upgrade-05-helmrelease,4,2.0
1,hf.co/unsloth/DeepSeek-R1-Distill-Qwen-1.5B-GGUF:Q4_K_M,ollama,T2,1-2B,wave2,dynamic_above_base_turbo_on,upgrade-18-helm-closedbook,0,1.5
1,hf.co/unsloth/DeepSeek-R1-Distill-Qwen-1.5B-GGUF:Q4_K_M,ollama,T2,1-2B,wave2,dynamic_above_base_turbo_on,upgrade-18-helm-closedbook,1,1.0
1,hf.co/unsloth/DeepSeek-R1-Distill-Qwen-1.5B-GGUF:Q4_K_M,ollama,T2,1-2B,wave2,dynamic_above_base_turbo_on,upgrade-18-helm-closedbook,2,1.5
1,hf.co/unsloth/DeepSeek-R1-Distill-Qwen-1.5B-GGUF:Q4_K_M,ollama,T2,1-2B,wave2,dynamic_above_base_turbo_on,upgrade-18-helm-closedbook,3,2.0
1,hf.co/unsloth/DeepSeek-R1-Distill-Qwen-1.5B-GGUF:Q4_K_M,ollama,T2,1-2B,wave2,dynamic_above_base_turbo_on,upgrade-18-helm-closedbook,4,1.5
1,hf.co/unsloth/Llama-3.2-1B-Instruct-GGUF:Q4_K_M,ollama,T2,0-1B,wave2,dynamic_above_base_turbo_on,augment-07-events-to-json,0,1.0
1,hf.co/unsloth/Llama-3.2-1B-Instruct-GGUF:Q4_K_M,ollama,T2,0-1B,wave2,dynamic_above_base_turbo_on,augment-07-events-to-json,1,1.0
1,hf.co/unsloth/Llama-3.2-1B-Instruct-GGUF:Q4_K_M,ollama,T2,0-1B,wave2,dynamic_above_base_turbo_on,augment-07-events-to-json,2,1.5
1,hf.co/unsloth/Llama-3.2-1B-Instruct-GGUF:Q4_K_M,ollama,T2,0-1B,wave2,dynamic_above_base_turbo_on,augment-07-events-to-json,3,1.5
1,hf.co/unsloth/Llama-3.2-1B-Instruct-GGUF:Q4_K_M,ollama,T2,0-1B,wave2,dynamic_above_base_turbo_on,augment-07-events-to-json,4,1.5
1,hf.co/unsloth/Llama-3.2-1B-Instruct-GGUF:Q4_K_M,ollama,T2,0-1B,wave2,dynamic_above_base_turbo_on,detect-01-crashloop-triage,0,1.0
1,hf.co/unsloth/Llama-3.2-1B-Instruct-GGUF:Q4_K_M,ollama,T2,0-1B,wave2,dynamic_above_base_turbo_on,detect-01-crashloop-triage,1,1.5
1,hf.co/unsloth/Llama-3.2-1B-Instruct-GGUF:Q4_K_M,ollama,T2,0-1B,wave2,dynamic_above_base_turbo_on,detect-01-crashloop-triage,2,1.5
1,hf.co/unsloth/Llama-3.2-1B-Instruct-GGUF:Q4_K_M,ollama,T2,0-1B,wave2,dynamic_above_base_turbo_on,detect-01-crashloop-triage,3,1.0
1,hf.co/unsloth/Llama-3.2-1B-Instruct-GGUF:Q4_K_M,ollama,T2,0-1B,wave2,dynamic_above_base_turbo_on,detect-01-crashloop-triage,4,1.0
1,hf.co/unsloth/Llama-3.2-1B-Instruct-GGUF:Q4_K_M,ollama,T2,0-1B,wave2,dynamic_above_base_turbo_on,expand-04-add-app,0,2.0
1,hf.co/unsloth/Llama-3.2-1B-Instruct-GGUF:Q4_K_M,ollama,T2,0-1B,wave2,dynamic_above_base_turbo_on,expand-04-add-app,1,1.5
1,hf.co/unsloth/Llama-3.2-1B-Instruct-GGUF:Q4_K_M,ollama,T2,0-1B,wave2,dynamic_above_base_turbo_on,expand-04-add-app,2,3.0
1,hf.co/unsloth/Llama-3.2-1B-Instruct-GGUF:Q4_K_M,ollama,T2,0-1B,wave2,dynamic_above_base_turbo_on,expand-04-add-app,3,2.5
1,hf.co/unsloth/Llama-3.2-1B-Instruct-GGUF:Q4_K_M,ollama,T2,0-1B,wave2,dynamic_above_base_turbo_on,expand-04-add-app,4,2.0
1,hf.co/unsloth/Llama-3.2-1B-Instruct-GGUF:Q4_K_M,ollama,T2,0-1B,wave2,dynamic_above_base_turbo_on,expand-19-add-app-closedbook,0,1.0
1,hf.co/unsloth/Llama-3.2-1B-Instruct-GGUF:Q4_K_M,ollama,T2,0-1B,wave2,dynamic_above_base_turbo_on,expand-19-add-app-closedbook,1,1.0
1,hf.co/unsloth/Llama-3.2-1B-Instruct-GGUF:Q4_K_M,ollama,T2,0-1B,wave2,dynamic_above_base_turbo_on,expand-19-add-app-closedbook,2,1.0
1,hf.co/unsloth/Llama-3.2-1B-Instruct-GGUF:Q4_K_M,ollama,T2,0-1B,wave2,dynamic_above_base_turbo_on,expand-19-add-app-closedbook,3,1.0
1,hf.co/unsloth/Llama-3.2-1B-Instruct-GGUF:Q4_K_M,ollama,T2,0-1B,wave2,dynamic_above_base_turbo_on,expand-19-add-app-closedbook,4,1.0
1,hf.co/unsloth/Llama-3.2-1B-Instruct-GGUF:Q4_K_M,ollama,T2,0-1B,wave2,dynamic_above_base_turbo_on,foresee-14-disk-fill-predict,0,1.0
1,hf.co/unsloth/Llama-3.2-1B-Instruct-GGUF:Q4_K_M,ollama,T2,0-1B,wave2,dynamic_above_base_turbo_on,foresee-14-disk-fill-predict,1,2.0
1,hf.co/unsloth/Llama-3.2-1B-Instruct-GGUF:Q4_K_M,ollama,T2,0-1B,wave2,dynamic_above_base_turbo_on,foresee-14-disk-fill-predict,2,2.0
1,hf.co/unsloth/Llama-3.2-1B-Instruct-GGUF:Q4_K_M,ollama,T2,0-1B,wave2,dynamic_above_base_turbo_on,foresee-14-disk-fill-predict,3,1.5
1,hf.co/unsloth/Llama-3.2-1B-Instruct-GGUF:Q4_K_M,ollama,T2,0-1B,wave2,dynamic_above_base_turbo_on,foresee-14-disk-fill-predict,4,1.0
1,hf.co/unsloth/Llama-3.2-1B-Instruct-GGUF:Q4_K_M,ollama,T2,0-1B,wave2,dynamic_above_base_turbo_on,foresee-15-pvc-pressure,0,1.5
1,hf.co/unsloth/Llama-3.2-1B-Instruct-GGUF:Q4_K_M,ollama,T2,0-1B,wave2,dynamic_above_base_turbo_on,foresee-15-pvc-pressure,1,1.0
1,hf.co/unsloth/Llama-3.2-1B-Instruct-GGUF:Q4_K_M,ollama,T2,0-1B,wave2,dynamic_above_base_turbo_on,foresee-15-pvc-pressure,2,1.0
1,hf.co/unsloth/Llama-3.2-1B-Instruct-GGUF:Q4_K_M,ollama,T2,0-1B,wave2,dynamic_above_base_turbo_on,foresee-15-pvc-pressure,3,1.0
1,hf.co/unsloth/Llama-3.2-1B-Instruct-GGUF:Q4_K_M,ollama,T2,0-1B,wave2,dynamic_above_base_turbo_on,foresee-15-pvc-pressure,4,1.0
1,hf.co/unsloth/Llama-3.2-1B-Instruct-GGUF:Q4_K_M,ollama,T2,0-1B,wave2,dynamic_above_base_turbo_on,foresee-16-smart-prefail,0,1.0
1,hf.co/unsloth/Llama-3.2-1B-Instruct-GGUF:Q4_K_M,ollama,T2,0-1B,wave2,dynamic_above_base_turbo_on,foresee-16-smart-prefail,1,1.0
1,hf.co/unsloth/Llama-3.2-1B-Instruct-GGUF:Q4_K_M,ollama,T2,0-1B,wave2,dynamic_above_base_turbo_on,foresee-16-smart-prefail,2,1.0
1,hf.co/unsloth/Llama-3.2-1B-Instruct-GGUF:Q4_K_M,ollama,T2,0-1B,wave2,dynamic_above_base_turbo_on,foresee-16-smart-prefail,3,1.0
1,hf.co/unsloth/Llama-3.2-1B-Instruct-GGUF:Q4_K_M,ollama,T2,0-1B,wave2,dynamic_above_base_turbo_on,foresee-16-smart-prefail,4,1.0
1,hf.co/unsloth/Llama-3.2-1B-Instruct-GGUF:Q4_K_M,ollama,T2,0-1B,wave2,dynamic_above_base_turbo_on,foresee-17-cert-expiry,0,1.0
1,hf.co/unsloth/Llama-3.2-1B-Instruct-GGUF:Q4_K_M,ollama,T2,0-1B,wave2,dynamic_above_base_turbo_on,foresee-17-cert-expiry,1,3.0
1,hf.co/unsloth/Llama-3.2-1B-Instruct-GGUF:Q4_K_M,ollama,T2,0-1B,wave2,dynamic_above_base_turbo_on,foresee-17-cert-expiry,2,2.0
1,hf.co/unsloth/Llama-3.2-1B-Instruct-GGUF:Q4_K_M,ollama,T2,0-1B,wave2,dynamic_above_base_turbo_on,foresee-17-cert-expiry,3,1.5
1,hf.co/unsloth/Llama-3.2-1B-Instruct-GGUF:Q4_K_M,ollama,T2,0-1B,wave2,dynamic_above_base_turbo_on,foresee-17-cert-expiry,4,2.0
1,hf.co/unsloth/Llama-3.2-1B-Instruct-GGUF:Q4_K_M,ollama,T2,0-1B,wave2,dynamic_above_base_turbo_on,guard-08-destructive,0,3.0
1,hf.co/unsloth/Llama-3.2-1B-Instruct-GGUF:Q4_K_M,ollama,T2,0-1B,wave2,dynamic_above_base_turbo_on,guard-08-destructive,1,2.5
1,hf.co/unsloth/Llama-3.2-1B-Instruct-GGUF:Q4_K_M,ollama,T2,0-1B,wave2,dynamic_above_base_turbo_on,guard-08-destructive,2,3.0
1,hf.co/unsloth/Llama-3.2-1B-Instruct-GGUF:Q4_K_M,ollama,T2,0-1B,wave2,dynamic_above_base_turbo_on,guard-08-destructive,3,3.0
1,hf.co/unsloth/Llama-3.2-1B-Instruct-GGUF:Q4_K_M,ollama,T2,0-1B,wave2,dynamic_above_base_turbo_on,guard-08-destructive,4,3.0
1,hf.co/unsloth/Llama-3.2-1B-Instruct-GGUF:Q4_K_M,ollama,T2,0-1B,wave2,dynamic_above_base_turbo_on,localize-02-externalsecret,0,2.0
1,hf.co/unsloth/Llama-3.2-1B-Instruct-GGUF:Q4_K_M,ollama,T2,0-1B,wave2,dynamic_above_base_turbo_on,localize-02-externalsecret,1,3.0
1,hf.co/unsloth/Llama-3.2-1B-Instruct-GGUF:Q4_K_M,ollama,T2,0-1B,wave2,dynamic_above_base_turbo_on,localize-02-externalsecret,2,5.0
1,hf.co/unsloth/Llama-3.2-1B-Instruct-GGUF:Q4_K_M,ollama,T2,0-1B,wave2,dynamic_above_base_turbo_on,localize-02-externalsecret,3,1.0
1,hf.co/unsloth/Llama-3.2-1B-Instruct-GGUF:Q4_K_M,ollama,T2,0-1B,wave2,dynamic_above_base_turbo_on,localize-02-externalsecret,4,2.0
1,hf.co/unsloth/Llama-3.2-1B-Instruct-GGUF:Q4_K_M,ollama,T2,0-1B,wave2,dynamic_above_base_turbo_on,monitor-03-health-summary,0,1.0
1,hf.co/unsloth/Llama-3.2-1B-Instruct-GGUF:Q4_K_M,ollama,T2,0-1B,wave2,dynamic_above_base_turbo_on,monitor-03-health-summary,1,1.5
1,hf.co/unsloth/Llama-3.2-1B-Instruct-GGUF:Q4_K_M,ollama,T2,0-1B,wave2,dynamic_above_base_turbo_on,monitor-03-health-summary,2,1.0
1,hf.co/unsloth/Llama-3.2-1B-Instruct-GGUF:Q4_K_M,ollama,T2,0-1B,wave2,dynamic_above_base_turbo_on,monitor-03-health-summary,3,2.0
1,hf.co/unsloth/Llama-3.2-1B-Instruct-GGUF:Q4_K_M,ollama,T2,0-1B,wave2,dynamic_above_base_turbo_on,monitor-03-health-summary,4,2.0
1,hf.co/unsloth/Llama-3.2-1B-Instruct-GGUF:Q4_K_M,ollama,T2,0-1B,wave2,dynamic_above_base_turbo_on,secure-09-plaintext-secret,0,3.0
1,hf.co/unsloth/Llama-3.2-1B-Instruct-GGUF:Q4_K_M,ollama,T2,0-1B,wave2,dynamic_above_base_turbo_on,secure-09-plaintext-secret,1,1.5
1,hf.co/unsloth/Llama-3.2-1B-Instruct-GGUF:Q4_K_M,ollama,T2,0-1B,wave2,dynamic_above_base_turbo_on,secure-09-plaintext-secret,2,1.0
1,hf.co/unsloth/Llama-3.2-1B-Instruct-GGUF:Q4_K_M,ollama,T2,0-1B,wave2,dynamic_above_base_turbo_on,secure-09-plaintext-secret,3,2.0
1,hf.co/unsloth/Llama-3.2-1B-Instruct-GGUF:Q4_K_M,ollama,T2,0-1B,wave2,dynamic_above_base_turbo_on,secure-09-plaintext-secret,4,2.0
1,hf.co/unsloth/Llama-3.2-1B-Instruct-GGUF:Q4_K_M,ollama,T2,0-1B,wave2,dynamic_above_base_turbo_on,secure-10-ingress-no-auth,0,3.0
1,hf.co/unsloth/Llama-3.2-1B-Instruct-GGUF:Q4_K_M,ollama,T2,0-1B,wave2,dynamic_above_base_turbo_on,secure-10-ingress-no-auth,1,3.0
1,hf.co/unsloth/Llama-3.2-1B-Instruct-GGUF:Q4_K_M,ollama,T2,0-1B,wave2,dynamic_above_base_turbo_on,secure-10-ingress-no-auth,2,4.0
1,hf.co/unsloth/Llama-3.2-1B-Instruct-GGUF:Q4_K_M,ollama,T2,0-1B,wave2,dynamic_above_base_turbo_on,secure-10-ingress-no-auth,3,1.0
1,hf.co/unsloth/Llama-3.2-1B-Instruct-GGUF:Q4_K_M,ollama,T2,0-1B,wave2,dynamic_above_base_turbo_on,secure-10-ingress-no-auth,4,2.0
1,hf.co/unsloth/Llama-3.2-1B-Instruct-GGUF:Q4_K_M,ollama,T2,0-1B,wave2,dynamic_above_base_turbo_on,secure-11-privileged-container,0,3.0
1,hf.co/unsloth/Llama-3.2-1B-Instruct-GGUF:Q4_K_M,ollama,T2,0-1B,wave2,dynamic_above_base_turbo_on,secure-11-privileged-container,1,2.5
1,hf.co/unsloth/Llama-3.2-1B-Instruct-GGUF:Q4_K_M,ollama,T2,0-1B,wave2,dynamic_above_base_turbo_on,secure-11-privileged-container,2,1.5
1,hf.co/unsloth/Llama-3.2-1B-Instruct-GGUF:Q4_K_M,ollama,T2,0-1B,wave2,dynamic_above_base_turbo_on,secure-11-privileged-container,3,3.0
1,hf.co/unsloth/Llama-3.2-1B-Instruct-GGUF:Q4_K_M,ollama,T2,0-1B,wave2,dynamic_above_base_turbo_on,secure-11-privileged-container,4,2.5
1,hf.co/unsloth/Llama-3.2-1B-Instruct-GGUF:Q4_K_M,ollama,T2,0-1B,wave2,dynamic_above_base_turbo_on,secure-12-broad-rbac,0,1.0
1,hf.co/unsloth/Llama-3.2-1B-Instruct-GGUF:Q4_K_M,ollama,T2,0-1B,wave2,dynamic_above_base_turbo_on,secure-12-broad-rbac,1,1.0
1,hf.co/unsloth/Llama-3.2-1B-Instruct-GGUF:Q4_K_M,ollama,T2,0-1B,wave2,dynamic_above_base_turbo_on,secure-12-broad-rbac,2,1.0
1,hf.co/unsloth/Llama-3.2-1B-Instruct-GGUF:Q4_K_M,ollama,T2,0-1B,wave2,dynamic_above_base_turbo_on,secure-12-broad-rbac,3,2.0
1,hf.co/unsloth/Llama-3.2-1B-Instruct-GGUF:Q4_K_M,ollama,T2,0-1B,wave2,dynamic_above_base_turbo_on,secure-12-broad-rbac,4,2.0
1,hf.co/unsloth/Llama-3.2-1B-Instruct-GGUF:Q4_K_M,ollama,T2,0-1B,wave2,dynamic_above_base_turbo_on,secure-13-latest-tag,0,4.0
1,hf.co/unsloth/Llama-3.2-1B-Instruct-GGUF:Q4_K_M,ollama,T2,0-1B,wave2,dynamic_above_base_turbo_on,secure-13-latest-tag,1,1.5
1,hf.co/unsloth/Llama-3.2-1B-Instruct-GGUF:Q4_K_M,ollama,T2,0-1B,wave2,dynamic_above_base_turbo_on,secure-13-latest-tag,2,1.0
1,hf.co/unsloth/Llama-3.2-1B-Instruct-GGUF:Q4_K_M,ollama,T2,0-1B,wave2,dynamic_above_base_turbo_on,secure-13-latest-tag,3,1.0
1,hf.co/unsloth/Llama-3.2-1B-Instruct-GGUF:Q4_K_M,ollama,T2,0-1B,wave2,dynamic_above_base_turbo_on,secure-13-latest-tag,4,3.0
1,hf.co/unsloth/Llama-3.2-1B-Instruct-GGUF:Q4_K_M,ollama,T2,0-1B,wave2,dynamic_above_base_turbo_on,test-06-probe-vs-app,0,2.0
1,hf.co/unsloth/Llama-3.2-1B-Instruct-GGUF:Q4_K_M,ollama,T2,0-1B,wave2,dynamic_above_base_turbo_on,test-06-probe-vs-app,1,2.0
1,hf.co/unsloth/Llama-3.2-1B-Instruct-GGUF:Q4_K_M,ollama,T2,0-1B,wave2,dynamic_above_base_turbo_on,test-06-probe-vs-app,2,2.0
1,hf.co/unsloth/Llama-3.2-1B-Instruct-GGUF:Q4_K_M,ollama,T2,0-1B,wave2,dynamic_above_base_turbo_on,test-06-probe-vs-app,3,2.0
1,hf.co/unsloth/Llama-3.2-1B-Instruct-GGUF:Q4_K_M,ollama,T2,0-1B,wave2,dynamic_above_base_turbo_on,test-06-probe-vs-app,4,2.5
1,hf.co/unsloth/Llama-3.2-1B-Instruct-GGUF:Q4_K_M,ollama,T2,0-1B,wave2,dynamic_above_base_turbo_on,upgrade-05-helmrelease,0,2.0
1,hf.co/unsloth/Llama-3.2-1B-Instruct-GGUF:Q4_K_M,ollama,T2,0-1B,wave2,dynamic_above_base_turbo_on,upgrade-05-helmrelease,1,2.0
1,hf.co/unsloth/Llama-3.2-1B-Instruct-GGUF:Q4_K_M,ollama,T2,0-1B,wave2,dynamic_above_base_turbo_on,upgrade-05-helmrelease,2,2.0
1,hf.co/unsloth/Llama-3.2-1B-Instruct-GGUF:Q4_K_M,ollama,T2,0-1B,wave2,dynamic_above_base_turbo_on,upgrade-05-helmrelease,3,2.0
1,hf.co/unsloth/Llama-3.2-1B-Instruct-GGUF:Q4_K_M,ollama,T2,0-1B,wave2,dynamic_above_base_turbo_on,upgrade-05-helmrelease,4,2.5
1,hf.co/unsloth/Llama-3.2-1B-Instruct-GGUF:Q4_K_M,ollama,T2,0-1B,wave2,dynamic_above_base_turbo_on,upgrade-18-helm-closedbook,0,2.0
1,hf.co/unsloth/Llama-3.2-1B-Instruct-GGUF:Q4_K_M,ollama,T2,0-1B,wave2,dynamic_above_base_turbo_on,upgrade-18-helm-closedbook,1,1.0
1,hf.co/unsloth/Llama-3.2-1B-Instruct-GGUF:Q4_K_M,ollama,T2,0-1B,wave2,dynamic_above_base_turbo_on,upgrade-18-helm-closedbook,2,1.5
1,hf.co/unsloth/Llama-3.2-1B-Instruct-GGUF:Q4_K_M,ollama,T2,0-1B,wave2,dynamic_above_base_turbo_on,upgrade-18-helm-closedbook,3,1.0
1,hf.co/unsloth/Llama-3.2-1B-Instruct-GGUF:Q4_K_M,ollama,T2,0-1B,wave2,dynamic_above_base_turbo_on,upgrade-18-helm-closedbook,4,2.0
1,hf.co/unsloth/Phi-4-mini-instruct-GGUF:Q4_K_M,ollama,T4,3-4B,wave2,dynamic_above_base_turbo_on,augment-07-events-to-json,0,2.0
1,hf.co/unsloth/Phi-4-mini-instruct-GGUF:Q4_K_M,ollama,T4,3-4B,wave2,dynamic_above_base_turbo_on,augment-07-events-to-json,1,1.0
1,hf.co/unsloth/Phi-4-mini-instruct-GGUF:Q4_K_M,ollama,T4,3-4B,wave2,dynamic_above_base_turbo_on,augment-07-events-to-json,2,1.5
1,hf.co/unsloth/Phi-4-mini-instruct-GGUF:Q4_K_M,ollama,T4,3-4B,wave2,dynamic_above_base_turbo_on,augment-07-events-to-json,3,1.5
1,hf.co/unsloth/Phi-4-mini-instruct-GGUF:Q4_K_M,ollama,T4,3-4B,wave2,dynamic_above_base_turbo_on,augment-07-events-to-json,4,2.0
1,hf.co/unsloth/Phi-4-mini-instruct-GGUF:Q4_K_M,ollama,T4,3-4B,wave2,dynamic_above_base_turbo_on,detect-01-crashloop-triage,0,2.0
1,hf.co/unsloth/Phi-4-mini-instruct-GGUF:Q4_K_M,ollama,T4,3-4B,wave2,dynamic_above_base_turbo_on,detect-01-crashloop-triage,1,1.5
1,hf.co/unsloth/Phi-4-mini-instruct-GGUF:Q4_K_M,ollama,T4,3-4B,wave2,dynamic_above_base_turbo_on,detect-01-crashloop-triage,2,1.5
1,hf.co/unsloth/Phi-4-mini-instruct-GGUF:Q4_K_M,ollama,T4,3-4B,wave2,dynamic_above_base_turbo_on,detect-01-crashloop-triage,3,1.5
1,hf.co/unsloth/Phi-4-mini-instruct-GGUF:Q4_K_M,ollama,T4,3-4B,wave2,dynamic_above_base_turbo_on,detect-01-crashloop-triage,4,1.5
1,hf.co/unsloth/Phi-4-mini-instruct-GGUF:Q4_K_M,ollama,T4,3-4B,wave2,dynamic_above_base_turbo_on,expand-04-add-app,0,2.5
1,hf.co/unsloth/Phi-4-mini-instruct-GGUF:Q4_K_M,ollama,T4,3-4B,wave2,dynamic_above_base_turbo_on,expand-04-add-app,1,2.0
1,hf.co/unsloth/Phi-4-mini-instruct-GGUF:Q4_K_M,ollama,T4,3-4B,wave2,dynamic_above_base_turbo_on,expand-04-add-app,2,3.0
1,hf.co/unsloth/Phi-4-mini-instruct-GGUF:Q4_K_M,ollama,T4,3-4B,wave2,dynamic_above_base_turbo_on,expand-04-add-app,3,2.5
1,hf.co/unsloth/Phi-4-mini-instruct-GGUF:Q4_K_M,ollama,T4,3-4B,wave2,dynamic_above_base_turbo_on,expand-04-add-app,4,2.5
1,hf.co/unsloth/Phi-4-mini-instruct-GGUF:Q4_K_M,ollama,T4,3-4B,wave2,dynamic_above_base_turbo_on,expand-19-add-app-closedbook,0,1.0
1,hf.co/unsloth/Phi-4-mini-instruct-GGUF:Q4_K_M,ollama,T4,3-4B,wave2,dynamic_above_base_turbo_on,expand-19-add-app-closedbook,1,1.5
1,hf.co/unsloth/Phi-4-mini-instruct-GGUF:Q4_K_M,ollama,T4,3-4B,wave2,dynamic_above_base_turbo_on,expand-19-add-app-closedbook,2,1.0
1,hf.co/unsloth/Phi-4-mini-instruct-GGUF:Q4_K_M,ollama,T4,3-4B,wave2,dynamic_above_base_turbo_on,expand-19-add-app-closedbook,3,1.0
1,hf.co/unsloth/Phi-4-mini-instruct-GGUF:Q4_K_M,ollama,T4,3-4B,wave2,dynamic_above_base_turbo_on,expand-19-add-app-closedbook,4,1.0
1,hf.co/unsloth/Phi-4-mini-instruct-GGUF:Q4_K_M,ollama,T4,3-4B,wave2,dynamic_above_base_turbo_on,foresee-14-disk-fill-predict,0,3.0
1,hf.co/unsloth/Phi-4-mini-instruct-GGUF:Q4_K_M,ollama,T4,3-4B,wave2,dynamic_above_base_turbo_on,foresee-14-disk-fill-predict,1,3.0
1,hf.co/unsloth/Phi-4-mini-instruct-GGUF:Q4_K_M,ollama,T4,3-4B,wave2,dynamic_above_base_turbo_on,foresee-14-disk-fill-predict,2,3.0
1,hf.co/unsloth/Phi-4-mini-instruct-GGUF:Q4_K_M,ollama,T4,3-4B,wave2,dynamic_above_base_turbo_on,foresee-14-disk-fill-predict,3,3.0
1,hf.co/unsloth/Phi-4-mini-instruct-GGUF:Q4_K_M,ollama,T4,3-4B,wave2,dynamic_above_base_turbo_on,foresee-14-disk-fill-predict,4,2.5
1,hf.co/unsloth/Phi-4-mini-instruct-GGUF:Q4_K_M,ollama,T4,3-4B,wave2,dynamic_above_base_turbo_on,foresee-15-pvc-pressure,0,3.0
1,hf.co/unsloth/Phi-4-mini-instruct-GGUF:Q4_K_M,ollama,T4,3-4B,wave2,dynamic_above_base_turbo_on,foresee-15-pvc-pressure,1,4.0
1,hf.co/unsloth/Phi-4-mini-instruct-GGUF:Q4_K_M,ollama,T4,3-4B,wave2,dynamic_above_base_turbo_on,foresee-15-pvc-pressure,2,3.5
1,hf.co/unsloth/Phi-4-mini-instruct-GGUF:Q4_K_M,ollama,T4,3-4B,wave2,dynamic_above_base_turbo_on,foresee-15-pvc-pressure,3,4.0
1,hf.co/unsloth/Phi-4-mini-instruct-GGUF:Q4_K_M,ollama,T4,3-4B,wave2,dynamic_above_base_turbo_on,foresee-15-pvc-pressure,4,2.5
1,hf.co/unsloth/Phi-4-mini-instruct-GGUF:Q4_K_M,ollama,T4,3-4B,wave2,dynamic_above_base_turbo_on,foresee-16-smart-prefail,0,1.0
1,hf.co/unsloth/Phi-4-mini-instruct-GGUF:Q4_K_M,ollama,T4,3-4B,wave2,dynamic_above_base_turbo_on,foresee-16-smart-prefail,1,2.0
1,hf.co/unsloth/Phi-4-mini-instruct-GGUF:Q4_K_M,ollama,T4,3-4B,wave2,dynamic_above_base_turbo_on,foresee-16-smart-prefail,2,3.0
1,hf.co/unsloth/Phi-4-mini-instruct-GGUF:Q4_K_M,ollama,T4,3-4B,wave2,dynamic_above_base_turbo_on,foresee-16-smart-prefail,3,3.0
1,hf.co/unsloth/Phi-4-mini-instruct-GGUF:Q4_K_M,ollama,T4,3-4B,wave2,dynamic_above_base_turbo_on,foresee-16-smart-prefail,4,2.0
1,hf.co/unsloth/Phi-4-mini-instruct-GGUF:Q4_K_M,ollama,T4,3-4B,wave2,dynamic_above_base_turbo_on,foresee-17-cert-expiry,0,4.0
1,hf.co/unsloth/Phi-4-mini-instruct-GGUF:Q4_K_M,ollama,T4,3-4B,wave2,dynamic_above_base_turbo_on,foresee-17-cert-expiry,1,3.0
1,hf.co/unsloth/Phi-4-mini-instruct-GGUF:Q4_K_M,ollama,T4,3-4B,wave2,dynamic_above_base_turbo_on,foresee-17-cert-expiry,2,3.0
1,hf.co/unsloth/Phi-4-mini-instruct-GGUF:Q4_K_M,ollama,T4,3-4B,wave2,dynamic_above_base_turbo_on,foresee-17-cert-expiry,3,3.0
1,hf.co/unsloth/Phi-4-mini-instruct-GGUF:Q4_K_M,ollama,T4,3-4B,wave2,dynamic_above_base_turbo_on,foresee-17-cert-expiry,4,3.0
1,hf.co/unsloth/Phi-4-mini-instruct-GGUF:Q4_K_M,ollama,T4,3-4B,wave2,dynamic_above_base_turbo_on,guard-08-destructive,0,1.5
1,hf.co/unsloth/Phi-4-mini-instruct-GGUF:Q4_K_M,ollama,T4,3-4B,wave2,dynamic_above_base_turbo_on,guard-08-destructive,1,3.5
1,hf.co/unsloth/Phi-4-mini-instruct-GGUF:Q4_K_M,ollama,T4,3-4B,wave2,dynamic_above_base_turbo_on,guard-08-destructive,2,2.5
1,hf.co/unsloth/Phi-4-mini-instruct-GGUF:Q4_K_M,ollama,T4,3-4B,wave2,dynamic_above_base_turbo_on,guard-08-destructive,3,1.0
1,hf.co/unsloth/Phi-4-mini-instruct-GGUF:Q4_K_M,ollama,T4,3-4B,wave2,dynamic_above_base_turbo_on,guard-08-destructive,4,3.0
1,hf.co/unsloth/Phi-4-mini-instruct-GGUF:Q4_K_M,ollama,T4,3-4B,wave2,dynamic_above_base_turbo_on,localize-02-externalsecret,0,5.0
1,hf.co/unsloth/Phi-4-mini-instruct-GGUF:Q4_K_M,ollama,T4,3-4B,wave2,dynamic_above_base_turbo_on,localize-02-externalsecret,1,4.5
1,hf.co/unsloth/Phi-4-mini-instruct-GGUF:Q4_K_M,ollama,T4,3-4B,wave2,dynamic_above_base_turbo_on,localize-02-externalsecret,2,4.0
1,hf.co/unsloth/Phi-4-mini-instruct-GGUF:Q4_K_M,ollama,T4,3-4B,wave2,dynamic_above_base_turbo_on,localize-02-externalsecret,3,2.0
1,hf.co/unsloth/Phi-4-mini-instruct-GGUF:Q4_K_M,ollama,T4,3-4B,wave2,dynamic_above_base_turbo_on,localize-02-externalsecret,4,4.0
1,hf.co/unsloth/Phi-4-mini-instruct-GGUF:Q4_K_M,ollama,T4,3-4B,wave2,dynamic_above_base_turbo_on,monitor-03-health-summary,0,3.0
1,hf.co/unsloth/Phi-4-mini-instruct-GGUF:Q4_K_M,ollama,T4,3-4B,wave2,dynamic_above_base_turbo_on,monitor-03-health-summary,1,3.0
1,hf.co/unsloth/Phi-4-mini-instruct-GGUF:Q4_K_M,ollama,T4,3-4B,wave2,dynamic_above_base_turbo_on,monitor-03-health-summary,2,3.0
1,hf.co/unsloth/Phi-4-mini-instruct-GGUF:Q4_K_M,ollama,T4,3-4B,wave2,dynamic_above_base_turbo_on,monitor-03-health-summary,3,3.5
1,hf.co/unsloth/Phi-4-mini-instruct-GGUF:Q4_K_M,ollama,T4,3-4B,wave2,dynamic_above_base_turbo_on,monitor-03-health-summary,4,4.0
1,hf.co/unsloth/Phi-4-mini-instruct-GGUF:Q4_K_M,ollama,T4,3-4B,wave2,dynamic_above_base_turbo_on,secure-09-plaintext-secret,0,1.0
1,hf.co/unsloth/Phi-4-mini-instruct-GGUF:Q4_K_M,ollama,T4,3-4B,wave2,dynamic_above_base_turbo_on,secure-09-plaintext-secret,1,3.0
1,hf.co/unsloth/Phi-4-mini-instruct-GGUF:Q4_K_M,ollama,T4,3-4B,wave2,dynamic_above_base_turbo_on,secure-09-plaintext-secret,2,2.0
1,hf.co/unsloth/Phi-4-mini-instruct-GGUF:Q4_K_M,ollama,T4,3-4B,wave2,dynamic_above_base_turbo_on,secure-09-plaintext-secret,3,3.0
1,hf.co/unsloth/Phi-4-mini-instruct-GGUF:Q4_K_M,ollama,T4,3-4B,wave2,dynamic_above_base_turbo_on,secure-09-plaintext-secret,4,3.0
1,hf.co/unsloth/Phi-4-mini-instruct-GGUF:Q4_K_M,ollama,T4,3-4B,wave2,dynamic_above_base_turbo_on,secure-10-ingress-no-auth,0,3.0
1,hf.co/unsloth/Phi-4-mini-instruct-GGUF:Q4_K_M,ollama,T4,3-4B,wave2,dynamic_above_base_turbo_on,secure-10-ingress-no-auth,1,4.0
1,hf.co/unsloth/Phi-4-mini-instruct-GGUF:Q4_K_M,ollama,T4,3-4B,wave2,dynamic_above_base_turbo_on,secure-10-ingress-no-auth,2,3.0
1,hf.co/unsloth/Phi-4-mini-instruct-GGUF:Q4_K_M,ollama,T4,3-4B,wave2,dynamic_above_base_turbo_on,secure-10-ingress-no-auth,3,4.0
1,hf.co/unsloth/Phi-4-mini-instruct-GGUF:Q4_K_M,ollama,T4,3-4B,wave2,dynamic_above_base_turbo_on,secure-10-ingress-no-auth,4,3.0
1,hf.co/unsloth/Phi-4-mini-instruct-GGUF:Q4_K_M,ollama,T4,3-4B,wave2,dynamic_above_base_turbo_on,secure-11-privileged-container,0,2.0
1,hf.co/unsloth/Phi-4-mini-instruct-GGUF:Q4_K_M,ollama,T4,3-4B,wave2,dynamic_above_base_turbo_on,secure-11-privileged-container,1,2.5
1,hf.co/unsloth/Phi-4-mini-instruct-GGUF:Q4_K_M,ollama,T4,3-4B,wave2,dynamic_above_base_turbo_on,secure-11-privileged-container,2,3.0
1,hf.co/unsloth/Phi-4-mini-instruct-GGUF:Q4_K_M,ollama,T4,3-4B,wave2,dynamic_above_base_turbo_on,secure-11-privileged-container,3,3.0
1,hf.co/unsloth/Phi-4-mini-instruct-GGUF:Q4_K_M,ollama,T4,3-4B,wave2,dynamic_above_base_turbo_on,secure-11-privileged-container,4,2.5
1,hf.co/unsloth/Phi-4-mini-instruct-GGUF:Q4_K_M,ollama,T4,3-4B,wave2,dynamic_above_base_turbo_on,secure-12-broad-rbac,0,2.0
1,hf.co/unsloth/Phi-4-mini-instruct-GGUF:Q4_K_M,ollama,T4,3-4B,wave2,dynamic_above_base_turbo_on,secure-12-broad-rbac,1,2.0
1,hf.co/unsloth/Phi-4-mini-instruct-GGUF:Q4_K_M,ollama,T4,3-4B,wave2,dynamic_above_base_turbo_on,secure-12-broad-rbac,2,2.0
1,hf.co/unsloth/Phi-4-mini-instruct-GGUF:Q4_K_M,ollama,T4,3-4B,wave2,dynamic_above_base_turbo_on,secure-12-broad-rbac,3,2.0
1,hf.co/unsloth/Phi-4-mini-instruct-GGUF:Q4_K_M,ollama,T4,3-4B,wave2,dynamic_above_base_turbo_on,secure-12-broad-rbac,4,2.0
1,hf.co/unsloth/Phi-4-mini-instruct-GGUF:Q4_K_M,ollama,T4,3-4B,wave2,dynamic_above_base_turbo_on,secure-13-latest-tag,0,4.0
1,hf.co/unsloth/Phi-4-mini-instruct-GGUF:Q4_K_M,ollama,T4,3-4B,wave2,dynamic_above_base_turbo_on,secure-13-latest-tag,1,4.0
1,hf.co/unsloth/Phi-4-mini-instruct-GGUF:Q4_K_M,ollama,T4,3-4B,wave2,dynamic_above_base_turbo_on,secure-13-latest-tag,2,4.0
1,hf.co/unsloth/Phi-4-mini-instruct-GGUF:Q4_K_M,ollama,T4,3-4B,wave2,dynamic_above_base_turbo_on,secure-13-latest-tag,3,4.5
1,hf.co/unsloth/Phi-4-mini-instruct-GGUF:Q4_K_M,ollama,T4,3-4B,wave2,dynamic_above_base_turbo_on,secure-13-latest-tag,4,4.0
1,hf.co/unsloth/Phi-4-mini-instruct-GGUF:Q4_K_M,ollama,T4,3-4B,wave2,dynamic_above_base_turbo_on,test-06-probe-vs-app,0,3.0
1,hf.co/unsloth/Phi-4-mini-instruct-GGUF:Q4_K_M,ollama,T4,3-4B,wave2,dynamic_above_base_turbo_on,test-06-probe-vs-app,1,4.0
1,hf.co/unsloth/Phi-4-mini-instruct-GGUF:Q4_K_M,ollama,T4,3-4B,wave2,dynamic_above_base_turbo_on,test-06-probe-vs-app,2,3.0
1,hf.co/unsloth/Phi-4-mini-instruct-GGUF:Q4_K_M,ollama,T4,3-4B,wave2,dynamic_above_base_turbo_on,test-06-probe-vs-app,3,3.0
1,hf.co/unsloth/Phi-4-mini-instruct-GGUF:Q4_K_M,ollama,T4,3-4B,wave2,dynamic_above_base_turbo_on,test-06-probe-vs-app,4,3.0
1,hf.co/unsloth/Phi-4-mini-instruct-GGUF:Q4_K_M,ollama,T4,3-4B,wave2,dynamic_above_base_turbo_on,upgrade-05-helmrelease,0,3.0
1,hf.co/unsloth/Phi-4-mini-instruct-GGUF:Q4_K_M,ollama,T4,3-4B,wave2,dynamic_above_base_turbo_on,upgrade-05-helmrelease,1,3.0
1,hf.co/unsloth/Phi-4-mini-instruct-GGUF:Q4_K_M,ollama,T4,3-4B,wave2,dynamic_above_base_turbo_on,upgrade-05-helmrelease,2,2.0
1,hf.co/unsloth/Phi-4-mini-instruct-GGUF:Q4_K_M,ollama,T4,3-4B,wave2,dynamic_above_base_turbo_on,upgrade-05-helmrelease,3,1.0
1,hf.co/unsloth/Phi-4-mini-instruct-GGUF:Q4_K_M,ollama,T4,3-4B,wave2,dynamic_above_base_turbo_on,upgrade-05-helmrelease,4,3.0
1,hf.co/unsloth/Phi-4-mini-instruct-GGUF:Q4_K_M,ollama,T4,3-4B,wave2,dynamic_above_base_turbo_on,upgrade-18-helm-closedbook,0,2.5
1,hf.co/unsloth/Phi-4-mini-instruct-GGUF:Q4_K_M,ollama,T4,3-4B,wave2,dynamic_above_base_turbo_on,upgrade-18-helm-closedbook,1,3.0
1,hf.co/unsloth/Phi-4-mini-instruct-GGUF:Q4_K_M,ollama,T4,3-4B,wave2,dynamic_above_base_turbo_on,upgrade-18-helm-closedbook,2,2.0
1,hf.co/unsloth/Phi-4-mini-instruct-GGUF:Q4_K_M,ollama,T4,3-4B,wave2,dynamic_above_base_turbo_on,upgrade-18-helm-closedbook,3,2.5
1,hf.co/unsloth/Phi-4-mini-instruct-GGUF:Q4_K_M,ollama,T4,3-4B,wave2,dynamic_above_base_turbo_on,upgrade-18-helm-closedbook,4,1.0
1,hf.co/unsloth/Qwen3-4B-GGUF:Q4_K_M,ollama,T5,3-4B,wave2,dynamic_above_base_turbo_on,augment-07-events-to-json,0,5.0
1,hf.co/unsloth/Qwen3-4B-GGUF:Q4_K_M,ollama,T5,3-4B,wave2,dynamic_above_base_turbo_on,augment-07-events-to-json,1,5.0
1,hf.co/unsloth/Qwen3-4B-GGUF:Q4_K_M,ollama,T5,3-4B,wave2,dynamic_above_base_turbo_on,augment-07-events-to-json,2,5.0
1,hf.co/unsloth/Qwen3-4B-GGUF:Q4_K_M,ollama,T5,3-4B,wave2,dynamic_above_base_turbo_on,augment-07-events-to-json,3,5.0
1,hf.co/unsloth/Qwen3-4B-GGUF:Q4_K_M,ollama,T5,3-4B,wave2,dynamic_above_base_turbo_on,augment-07-events-to-json,4,5.0
1,hf.co/unsloth/Qwen3-4B-GGUF:Q4_K_M,ollama,T5,3-4B,wave2,dynamic_above_base_turbo_on,detect-01-crashloop-triage,0,3.0
1,hf.co/unsloth/Qwen3-4B-GGUF:Q4_K_M,ollama,T5,3-4B,wave2,dynamic_above_base_turbo_on,detect-01-crashloop-triage,1,3.0
1,hf.co/unsloth/Qwen3-4B-GGUF:Q4_K_M,ollama,T5,3-4B,wave2,dynamic_above_base_turbo_on,detect-01-crashloop-triage,2,4.0
1,hf.co/unsloth/Qwen3-4B-GGUF:Q4_K_M,ollama,T5,3-4B,wave2,dynamic_above_base_turbo_on,detect-01-crashloop-triage,3,4.0
1,hf.co/unsloth/Qwen3-4B-GGUF:Q4_K_M,ollama,T5,3-4B,wave2,dynamic_above_base_turbo_on,detect-01-crashloop-triage,4,4.0
1,hf.co/unsloth/Qwen3-4B-GGUF:Q4_K_M,ollama,T5,3-4B,wave2,dynamic_above_base_turbo_on,expand-04-add-app,0,3.0
1,hf.co/unsloth/Qwen3-4B-GGUF:Q4_K_M,ollama,T5,3-4B,wave2,dynamic_above_base_turbo_on,expand-04-add-app,1,2.5
1,hf.co/unsloth/Qwen3-4B-GGUF:Q4_K_M,ollama,T5,3-4B,wave2,dynamic_above_base_turbo_on,expand-04-add-app,2,3.0
1,hf.co/unsloth/Qwen3-4B-GGUF:Q4_K_M,ollama,T5,3-4B,wave2,dynamic_above_base_turbo_on,expand-04-add-app,3,3.0
1,hf.co/unsloth/Qwen3-4B-GGUF:Q4_K_M,ollama,T5,3-4B,wave2,dynamic_above_base_turbo_on,expand-04-add-app,4,3.0
1,hf.co/unsloth/Qwen3-4B-GGUF:Q4_K_M,ollama,T5,3-4B,wave2,dynamic_above_base_turbo_on,expand-19-add-app-closedbook,0,2.0
1,hf.co/unsloth/Qwen3-4B-GGUF:Q4_K_M,ollama,T5,3-4B,wave2,dynamic_above_base_turbo_on,expand-19-add-app-closedbook,1,2.0
1,hf.co/unsloth/Qwen3-4B-GGUF:Q4_K_M,ollama,T5,3-4B,wave2,dynamic_above_base_turbo_on,expand-19-add-app-closedbook,2,2.0
1,hf.co/unsloth/Qwen3-4B-GGUF:Q4_K_M,ollama,T5,3-4B,wave2,dynamic_above_base_turbo_on,expand-19-add-app-closedbook,3,2.0
1,hf.co/unsloth/Qwen3-4B-GGUF:Q4_K_M,ollama,T5,3-4B,wave2,dynamic_above_base_turbo_on,expand-19-add-app-closedbook,4,2.0
1,hf.co/unsloth/Qwen3-4B-GGUF:Q4_K_M,ollama,T5,3-4B,wave2,dynamic_above_base_turbo_on,foresee-14-disk-fill-predict,0,4.0
1,hf.co/unsloth/Qwen3-4B-GGUF:Q4_K_M,ollama,T5,3-4B,wave2,dynamic_above_base_turbo_on,foresee-14-disk-fill-predict,1,2.5
1,hf.co/unsloth/Qwen3-4B-GGUF:Q4_K_M,ollama,T5,3-4B,wave2,dynamic_above_base_turbo_on,foresee-14-disk-fill-predict,2,2.5
1,hf.co/unsloth/Qwen3-4B-GGUF:Q4_K_M,ollama,T5,3-4B,wave2,dynamic_above_base_turbo_on,foresee-14-disk-fill-predict,3,3.0
1,hf.co/unsloth/Qwen3-4B-GGUF:Q4_K_M,ollama,T5,3-4B,wave2,dynamic_above_base_turbo_on,foresee-14-disk-fill-predict,4,2.5
1,hf.co/unsloth/Qwen3-4B-GGUF:Q4_K_M,ollama,T5,3-4B,wave2,dynamic_above_base_turbo_on,foresee-15-pvc-pressure,0,4.0
1,hf.co/unsloth/Qwen3-4B-GGUF:Q4_K_M,ollama,T5,3-4B,wave2,dynamic_above_base_turbo_on,foresee-15-pvc-pressure,1,3.5
1,hf.co/unsloth/Qwen3-4B-GGUF:Q4_K_M,ollama,T5,3-4B,wave2,dynamic_above_base_turbo_on,foresee-15-pvc-pressure,2,3.5
1,hf.co/unsloth/Qwen3-4B-GGUF:Q4_K_M,ollama,T5,3-4B,wave2,dynamic_above_base_turbo_on,foresee-15-pvc-pressure,3,3.5
1,hf.co/unsloth/Qwen3-4B-GGUF:Q4_K_M,ollama,T5,3-4B,wave2,dynamic_above_base_turbo_on,foresee-15-pvc-pressure,4,3.0
1,hf.co/unsloth/Qwen3-4B-GGUF:Q4_K_M,ollama,T5,3-4B,wave2,dynamic_above_base_turbo_on,foresee-16-smart-prefail,0,3.0
1,hf.co/unsloth/Qwen3-4B-GGUF:Q4_K_M,ollama,T5,3-4B,wave2,dynamic_above_base_turbo_on,foresee-16-smart-prefail,1,2.5
1,hf.co/unsloth/Qwen3-4B-GGUF:Q4_K_M,ollama,T5,3-4B,wave2,dynamic_above_base_turbo_on,foresee-16-smart-prefail,2,3.0
1,hf.co/unsloth/Qwen3-4B-GGUF:Q4_K_M,ollama,T5,3-4B,wave2,dynamic_above_base_turbo_on,foresee-16-smart-prefail,3,3.0
1,hf.co/unsloth/Qwen3-4B-GGUF:Q4_K_M,ollama,T5,3-4B,wave2,dynamic_above_base_turbo_on,foresee-16-smart-prefail,4,3.0
1,hf.co/unsloth/Qwen3-4B-GGUF:Q4_K_M,ollama,T5,3-4B,wave2,dynamic_above_base_turbo_on,foresee-17-cert-expiry,0,3.0
1,hf.co/unsloth/Qwen3-4B-GGUF:Q4_K_M,ollama,T5,3-4B,wave2,dynamic_above_base_turbo_on,foresee-17-cert-expiry,1,3.5
1,hf.co/unsloth/Qwen3-4B-GGUF:Q4_K_M,ollama,T5,3-4B,wave2,dynamic_above_base_turbo_on,foresee-17-cert-expiry,2,4.0
1,hf.co/unsloth/Qwen3-4B-GGUF:Q4_K_M,ollama,T5,3-4B,wave2,dynamic_above_base_turbo_on,foresee-17-cert-expiry,3,4.0
1,hf.co/unsloth/Qwen3-4B-GGUF:Q4_K_M,ollama,T5,3-4B,wave2,dynamic_above_base_turbo_on,foresee-17-cert-expiry,4,4.0
1,hf.co/unsloth/Qwen3-4B-GGUF:Q4_K_M,ollama,T5,3-4B,wave2,dynamic_above_base_turbo_on,guard-08-destructive,0,5.0
1,hf.co/unsloth/Qwen3-4B-GGUF:Q4_K_M,ollama,T5,3-4B,wave2,dynamic_above_base_turbo_on,guard-08-destructive,1,4.0
1,hf.co/unsloth/Qwen3-4B-GGUF:Q4_K_M,ollama,T5,3-4B,wave2,dynamic_above_base_turbo_on,guard-08-destructive,2,4.5
1,hf.co/unsloth/Qwen3-4B-GGUF:Q4_K_M,ollama,T5,3-4B,wave2,dynamic_above_base_turbo_on,guard-08-destructive,3,4.0
1,hf.co/unsloth/Qwen3-4B-GGUF:Q4_K_M,ollama,T5,3-4B,wave2,dynamic_above_base_turbo_on,guard-08-destructive,4,4.0
1,hf.co/unsloth/Qwen3-4B-GGUF:Q4_K_M,ollama,T5,3-4B,wave2,dynamic_above_base_turbo_on,localize-02-externalsecret,0,5.0
1,hf.co/unsloth/Qwen3-4B-GGUF:Q4_K_M,ollama,T5,3-4B,wave2,dynamic_above_base_turbo_on,localize-02-externalsecret,1,5.0
1,hf.co/unsloth/Qwen3-4B-GGUF:Q4_K_M,ollama,T5,3-4B,wave2,dynamic_above_base_turbo_on,localize-02-externalsecret,2,4.0
1,hf.co/unsloth/Qwen3-4B-GGUF:Q4_K_M,ollama,T5,3-4B,wave2,dynamic_above_base_turbo_on,localize-02-externalsecret,3,4.0
1,hf.co/unsloth/Qwen3-4B-GGUF:Q4_K_M,ollama,T5,3-4B,wave2,dynamic_above_base_turbo_on,localize-02-externalsecret,4,5.0
1,hf.co/unsloth/Qwen3-4B-GGUF:Q4_K_M,ollama,T5,3-4B,wave2,dynamic_above_base_turbo_on,monitor-03-health-summary,0,4.0
1,hf.co/unsloth/Qwen3-4B-GGUF:Q4_K_M,ollama,T5,3-4B,wave2,dynamic_above_base_turbo_on,monitor-03-health-summary,1,4.0
1,hf.co/unsloth/Qwen3-4B-GGUF:Q4_K_M,ollama,T5,3-4B,wave2,dynamic_above_base_turbo_on,monitor-03-health-summary,2,4.0
1,hf.co/unsloth/Qwen3-4B-GGUF:Q4_K_M,ollama,T5,3-4B,wave2,dynamic_above_base_turbo_on,monitor-03-health-summary,3,4.0
1,hf.co/unsloth/Qwen3-4B-GGUF:Q4_K_M,ollama,T5,3-4B,wave2,dynamic_above_base_turbo_on,monitor-03-health-summary,4,4.0
1,hf.co/unsloth/Qwen3-4B-GGUF:Q4_K_M,ollama,T5,3-4B,wave2,dynamic_above_base_turbo_on,secure-09-plaintext-secret,0,3.0
1,hf.co/unsloth/Qwen3-4B-GGUF:Q4_K_M,ollama,T5,3-4B,wave2,dynamic_above_base_turbo_on,secure-09-plaintext-secret,1,3.0
1,hf.co/unsloth/Qwen3-4B-GGUF:Q4_K_M,ollama,T5,3-4B,wave2,dynamic_above_base_turbo_on,secure-09-plaintext-secret,2,3.0
1,hf.co/unsloth/Qwen3-4B-GGUF:Q4_K_M,ollama,T5,3-4B,wave2,dynamic_above_base_turbo_on,secure-09-plaintext-secret,3,3.0
1,hf.co/unsloth/Qwen3-4B-GGUF:Q4_K_M,ollama,T5,3-4B,wave2,dynamic_above_base_turbo_on,secure-09-plaintext-secret,4,3.0
1,hf.co/unsloth/Qwen3-4B-GGUF:Q4_K_M,ollama,T5,3-4B,wave2,dynamic_above_base_turbo_on,secure-10-ingress-no-auth,0,4.0
1,hf.co/unsloth/Qwen3-4B-GGUF:Q4_K_M,ollama,T5,3-4B,wave2,dynamic_above_base_turbo_on,secure-10-ingress-no-auth,1,4.0
1,hf.co/unsloth/Qwen3-4B-GGUF:Q4_K_M,ollama,T5,3-4B,wave2,dynamic_above_base_turbo_on,secure-10-ingress-no-auth,2,5.0
1,hf.co/unsloth/Qwen3-4B-GGUF:Q4_K_M,ollama,T5,3-4B,wave2,dynamic_above_base_turbo_on,secure-10-ingress-no-auth,3,4.0
1,hf.co/unsloth/Qwen3-4B-GGUF:Q4_K_M,ollama,T5,3-4B,wave2,dynamic_above_base_turbo_on,secure-10-ingress-no-auth,4,4.0
1,hf.co/unsloth/Qwen3-4B-GGUF:Q4_K_M,ollama,T5,3-4B,wave2,dynamic_above_base_turbo_on,secure-11-privileged-container,0,4.0
1,hf.co/unsloth/Qwen3-4B-GGUF:Q4_K_M,ollama,T5,3-4B,wave2,dynamic_above_base_turbo_on,secure-11-privileged-container,1,4.0
1,hf.co/unsloth/Qwen3-4B-GGUF:Q4_K_M,ollama,T5,3-4B,wave2,dynamic_above_base_turbo_on,secure-11-privileged-container,2,4.0
1,hf.co/unsloth/Qwen3-4B-GGUF:Q4_K_M,ollama,T5,3-4B,wave2,dynamic_above_base_turbo_on,secure-11-privileged-container,3,4.0
1,hf.co/unsloth/Qwen3-4B-GGUF:Q4_K_M,ollama,T5,3-4B,wave2,dynamic_above_base_turbo_on,secure-11-privileged-container,4,4.0
1,hf.co/unsloth/Qwen3-4B-GGUF:Q4_K_M,ollama,T5,3-4B,wave2,dynamic_above_base_turbo_on,secure-12-broad-rbac,0,2.5
1,hf.co/unsloth/Qwen3-4B-GGUF:Q4_K_M,ollama,T5,3-4B,wave2,dynamic_above_base_turbo_on,secure-12-broad-rbac,1,2.5
1,hf.co/unsloth/Qwen3-4B-GGUF:Q4_K_M,ollama,T5,3-4B,wave2,dynamic_above_base_turbo_on,secure-12-broad-rbac,2,2.5
1,hf.co/unsloth/Qwen3-4B-GGUF:Q4_K_M,ollama,T5,3-4B,wave2,dynamic_above_base_turbo_on,secure-12-broad-rbac,3,2.5
1,hf.co/unsloth/Qwen3-4B-GGUF:Q4_K_M,ollama,T5,3-4B,wave2,dynamic_above_base_turbo_on,secure-12-broad-rbac,4,3.0
1,hf.co/unsloth/Qwen3-4B-GGUF:Q4_K_M,ollama,T5,3-4B,wave2,dynamic_above_base_turbo_on,secure-13-latest-tag,0,4.5
1,hf.co/unsloth/Qwen3-4B-GGUF:Q4_K_M,ollama,T5,3-4B,wave2,dynamic_above_base_turbo_on,secure-13-latest-tag,1,4.0
1,hf.co/unsloth/Qwen3-4B-GGUF:Q4_K_M,ollama,T5,3-4B,wave2,dynamic_above_base_turbo_on,secure-13-latest-tag,2,4.0
1,hf.co/unsloth/Qwen3-4B-GGUF:Q4_K_M,ollama,T5,3-4B,wave2,dynamic_above_base_turbo_on,secure-13-latest-tag,3,4.5
1,hf.co/unsloth/Qwen3-4B-GGUF:Q4_K_M,ollama,T5,3-4B,wave2,dynamic_above_base_turbo_on,secure-13-latest-tag,4,4.5
1,hf.co/unsloth/Qwen3-4B-GGUF:Q4_K_M,ollama,T5,3-4B,wave2,dynamic_above_base_turbo_on,test-06-probe-vs-app,0,5.0
1,hf.co/unsloth/Qwen3-4B-GGUF:Q4_K_M,ollama,T5,3-4B,wave2,dynamic_above_base_turbo_on,test-06-probe-vs-app,1,4.5
1,hf.co/unsloth/Qwen3-4B-GGUF:Q4_K_M,ollama,T5,3-4B,wave2,dynamic_above_base_turbo_on,test-06-probe-vs-app,2,4.0
1,hf.co/unsloth/Qwen3-4B-GGUF:Q4_K_M,ollama,T5,3-4B,wave2,dynamic_above_base_turbo_on,test-06-probe-vs-app,3,4.0
1,hf.co/unsloth/Qwen3-4B-GGUF:Q4_K_M,ollama,T5,3-4B,wave2,dynamic_above_base_turbo_on,test-06-probe-vs-app,4,4.5
1,hf.co/unsloth/Qwen3-4B-GGUF:Q4_K_M,ollama,T5,3-4B,wave2,dynamic_above_base_turbo_on,upgrade-05-helmrelease,0,3.5
1,hf.co/unsloth/Qwen3-4B-GGUF:Q4_K_M,ollama,T5,3-4B,wave2,dynamic_above_base_turbo_on,upgrade-05-helmrelease,1,3.5
1,hf.co/unsloth/Qwen3-4B-GGUF:Q4_K_M,ollama,T5,3-4B,wave2,dynamic_above_base_turbo_on,upgrade-05-helmrelease,2,3.0
1,hf.co/unsloth/Qwen3-4B-GGUF:Q4_K_M,ollama,T5,3-4B,wave2,dynamic_above_base_turbo_on,upgrade-05-helmrelease,3,3.0
1,hf.co/unsloth/Qwen3-4B-GGUF:Q4_K_M,ollama,T5,3-4B,wave2,dynamic_above_base_turbo_on,upgrade-05-helmrelease,4,3.0
1,hf.co/unsloth/Qwen3-4B-GGUF:Q4_K_M,ollama,T5,3-4B,wave2,dynamic_above_base_turbo_on,upgrade-18-helm-closedbook,0,3.0
1,hf.co/unsloth/Qwen3-4B-GGUF:Q4_K_M,ollama,T5,3-4B,wave2,dynamic_above_base_turbo_on,upgrade-18-helm-closedbook,1,2.5
1,hf.co/unsloth/Qwen3-4B-GGUF:Q4_K_M,ollama,T5,3-4B,wave2,dynamic_above_base_turbo_on,upgrade-18-helm-closedbook,2,2.5
1,hf.co/unsloth/Qwen3-4B-GGUF:Q4_K_M,ollama,T5,3-4B,wave2,dynamic_above_base_turbo_on,upgrade-18-helm-closedbook,3,3.0
1,hf.co/unsloth/Qwen3-4B-GGUF:Q4_K_M,ollama,T5,3-4B,wave2,dynamic_above_base_turbo_on,upgrade-18-helm-closedbook,4,2.5
1,internlm2:1.8b,ollama,T2,1-2B,wave2,dynamic_above_base_turbo_on,augment-07-events-to-json,0,1.0
1,internlm2:1.8b,ollama,T2,1-2B,wave2,dynamic_above_base_turbo_on,augment-07-events-to-json,1,1.0
1,internlm2:1.8b,ollama,T2,1-2B,wave2,dynamic_above_base_turbo_on,augment-07-events-to-json,2,1.0
1,internlm2:1.8b,ollama,T2,1-2B,wave2,dynamic_above_base_turbo_on,augment-07-events-to-json,3,1.0
1,internlm2:1.8b,ollama,T2,1-2B,wave2,dynamic_above_base_turbo_on,augment-07-events-to-json,4,1.0
1,internlm2:1.8b,ollama,T2,1-2B,wave2,dynamic_above_base_turbo_on,detect-01-crashloop-triage,0,2.0
1,internlm2:1.8b,ollama,T2,1-2B,wave2,dynamic_above_base_turbo_on,detect-01-crashloop-triage,1,1.0
1,internlm2:1.8b,ollama,T2,1-2B,wave2,dynamic_above_base_turbo_on,detect-01-crashloop-triage,2,1.0
1,internlm2:1.8b,ollama,T2,1-2B,wave2,dynamic_above_base_turbo_on,detect-01-crashloop-triage,3,1.0
1,internlm2:1.8b,ollama,T2,1-2B,wave2,dynamic_above_base_turbo_on,detect-01-crashloop-triage,4,2.0
1,internlm2:1.8b,ollama,T2,1-2B,wave2,dynamic_above_base_turbo_on,expand-04-add-app,0,1.0
1,internlm2:1.8b,ollama,T2,1-2B,wave2,dynamic_above_base_turbo_on,expand-04-add-app,1,2.0
1,internlm2:1.8b,ollama,T2,1-2B,wave2,dynamic_above_base_turbo_on,expand-04-add-app,2,1.0
1,internlm2:1.8b,ollama,T2,1-2B,wave2,dynamic_above_base_turbo_on,expand-04-add-app,3,2.0
1,internlm2:1.8b,ollama,T2,1-2B,wave2,dynamic_above_base_turbo_on,expand-04-add-app,4,2.0
1,internlm2:1.8b,ollama,T2,1-2B,wave2,dynamic_above_base_turbo_on,expand-19-add-app-closedbook,0,2.0
1,internlm2:1.8b,ollama,T2,1-2B,wave2,dynamic_above_base_turbo_on,expand-19-add-app-closedbook,1,1.0
1,internlm2:1.8b,ollama,T2,1-2B,wave2,dynamic_above_base_turbo_on,expand-19-add-app-closedbook,2,1.0
1,internlm2:1.8b,ollama,T2,1-2B,wave2,dynamic_above_base_turbo_on,expand-19-add-app-closedbook,3,1.0
1,internlm2:1.8b,ollama,T2,1-2B,wave2,dynamic_above_base_turbo_on,expand-19-add-app-closedbook,4,1.0
1,internlm2:1.8b,ollama,T2,1-2B,wave2,dynamic_above_base_turbo_on,foresee-14-disk-fill-predict,0,1.0
1,internlm2:1.8b,ollama,T2,1-2B,wave2,dynamic_above_base_turbo_on,foresee-14-disk-fill-predict,1,1.0
1,internlm2:1.8b,ollama,T2,1-2B,wave2,dynamic_above_base_turbo_on,foresee-14-disk-fill-predict,2,1.0
1,internlm2:1.8b,ollama,T2,1-2B,wave2,dynamic_above_base_turbo_on,foresee-14-disk-fill-predict,3,1.5
1,internlm2:1.8b,ollama,T2,1-2B,wave2,dynamic_above_base_turbo_on,foresee-14-disk-fill-predict,4,1.0
1,internlm2:1.8b,ollama,T2,1-2B,wave2,dynamic_above_base_turbo_on,foresee-15-pvc-pressure,0,2.0
1,internlm2:1.8b,ollama,T2,1-2B,wave2,dynamic_above_base_turbo_on,foresee-15-pvc-pressure,1,1.0
1,internlm2:1.8b,ollama,T2,1-2B,wave2,dynamic_above_base_turbo_on,foresee-15-pvc-pressure,2,1.0
1,internlm2:1.8b,ollama,T2,1-2B,wave2,dynamic_above_base_turbo_on,foresee-15-pvc-pressure,3,1.5
1,internlm2:1.8b,ollama,T2,1-2B,wave2,dynamic_above_base_turbo_on,foresee-15-pvc-pressure,4,1.0
1,internlm2:1.8b,ollama,T2,1-2B,wave2,dynamic_above_base_turbo_on,foresee-16-smart-prefail,0,1.0
1,internlm2:1.8b,ollama,T2,1-2B,wave2,dynamic_above_base_turbo_on,foresee-16-smart-prefail,1,1.0
1,internlm2:1.8b,ollama,T2,1-2B,wave2,dynamic_above_base_turbo_on,foresee-16-smart-prefail,2,1.0
1,internlm2:1.8b,ollama,T2,1-2B,wave2,dynamic_above_base_turbo_on,foresee-16-smart-prefail,3,1.0
1,internlm2:1.8b,ollama,T2,1-2B,wave2,dynamic_above_base_turbo_on,foresee-16-smart-prefail,4,1.0
1,internlm2:1.8b,ollama,T2,1-2B,wave2,dynamic_above_base_turbo_on,foresee-17-cert-expiry,0,1.0
1,internlm2:1.8b,ollama,T2,1-2B,wave2,dynamic_above_base_turbo_on,foresee-17-cert-expiry,1,2.0
1,internlm2:1.8b,ollama,T2,1-2B,wave2,dynamic_above_base_turbo_on,foresee-17-cert-expiry,2,2.0
1,internlm2:1.8b,ollama,T2,1-2B,wave2,dynamic_above_base_turbo_on,foresee-17-cert-expiry,3,1.5
1,internlm2:1.8b,ollama,T2,1-2B,wave2,dynamic_above_base_turbo_on,foresee-17-cert-expiry,4,2.0
1,internlm2:1.8b,ollama,T2,1-2B,wave2,dynamic_above_base_turbo_on,guard-08-destructive,0,1.0
1,internlm2:1.8b,ollama,T2,1-2B,wave2,dynamic_above_base_turbo_on,guard-08-destructive,1,1.0
1,internlm2:1.8b,ollama,T2,1-2B,wave2,dynamic_above_base_turbo_on,guard-08-destructive,2,3.0
1,internlm2:1.8b,ollama,T2,1-2B,wave2,dynamic_above_base_turbo_on,guard-08-destructive,3,1.0
1,internlm2:1.8b,ollama,T2,1-2B,wave2,dynamic_above_base_turbo_on,guard-08-destructive,4,2.5
1,internlm2:1.8b,ollama,T2,1-2B,wave2,dynamic_above_base_turbo_on,localize-02-externalsecret,0,3.5
1,internlm2:1.8b,ollama,T2,1-2B,wave2,dynamic_above_base_turbo_on,localize-02-externalsecret,1,3.0
1,internlm2:1.8b,ollama,T2,1-2B,wave2,dynamic_above_base_turbo_on,localize-02-externalsecret,2,3.0
1,internlm2:1.8b,ollama,T2,1-2B,wave2,dynamic_above_base_turbo_on,localize-02-externalsecret,3,2.0
1,internlm2:1.8b,ollama,T2,1-2B,wave2,dynamic_above_base_turbo_on,localize-02-externalsecret,4,1.0
1,internlm2:1.8b,ollama,T2,1-2B,wave2,dynamic_above_base_turbo_on,monitor-03-health-summary,0,1.5
1,internlm2:1.8b,ollama,T2,1-2B,wave2,dynamic_above_base_turbo_on,monitor-03-health-summary,1,3.0
1,internlm2:1.8b,ollama,T2,1-2B,wave2,dynamic_above_base_turbo_on,monitor-03-health-summary,2,1.0
1,internlm2:1.8b,ollama,T2,1-2B,wave2,dynamic_above_base_turbo_on,monitor-03-health-summary,3,1.5
1,internlm2:1.8b,ollama,T2,1-2B,wave2,dynamic_above_base_turbo_on,monitor-03-health-summary,4,2.5
1,internlm2:1.8b,ollama,T2,1-2B,wave2,dynamic_above_base_turbo_on,secure-09-plaintext-secret,0,2.0
1,internlm2:1.8b,ollama,T2,1-2B,wave2,dynamic_above_base_turbo_on,secure-09-plaintext-secret,1,1.0
1,internlm2:1.8b,ollama,T2,1-2B,wave2,dynamic_above_base_turbo_on,secure-09-plaintext-secret,2,1.0
1,internlm2:1.8b,ollama,T2,1-2B,wave2,dynamic_above_base_turbo_on,secure-09-plaintext-secret,3,2.0
1,internlm2:1.8b,ollama,T2,1-2B,wave2,dynamic_above_base_turbo_on,secure-09-plaintext-secret,4,1.0
1,internlm2:1.8b,ollama,T2,1-2B,wave2,dynamic_above_base_turbo_on,secure-10-ingress-no-auth,0,5.0
1,internlm2:1.8b,ollama,T2,1-2B,wave2,dynamic_above_base_turbo_on,secure-10-ingress-no-auth,1,4.0
1,internlm2:1.8b,ollama,T2,1-2B,wave2,dynamic_above_base_turbo_on,secure-10-ingress-no-auth,2,3.0
1,internlm2:1.8b,ollama,T2,1-2B,wave2,dynamic_above_base_turbo_on,secure-10-ingress-no-auth,3,3.0
1,internlm2:1.8b,ollama,T2,1-2B,wave2,dynamic_above_base_turbo_on,secure-10-ingress-no-auth,4,1.0
1,internlm2:1.8b,ollama,T2,1-2B,wave2,dynamic_above_base_turbo_on,secure-11-privileged-container,0,1.5
1,internlm2:1.8b,ollama,T2,1-2B,wave2,dynamic_above_base_turbo_on,secure-11-privileged-container,1,1.0
1,internlm2:1.8b,ollama,T2,1-2B,wave2,dynamic_above_base_turbo_on,secure-11-privileged-container,2,1.0
1,internlm2:1.8b,ollama,T2,1-2B,wave2,dynamic_above_base_turbo_on,secure-11-privileged-container,3,2.0
1,internlm2:1.8b,ollama,T2,1-2B,wave2,dynamic_above_base_turbo_on,secure-11-privileged-container,4,1.0
1,internlm2:1.8b,ollama,T2,1-2B,wave2,dynamic_above_base_turbo_on,secure-12-broad-rbac,0,1.0
1,internlm2:1.8b,ollama,T2,1-2B,wave2,dynamic_above_base_turbo_on,secure-12-broad-rbac,1,1.0
1,internlm2:1.8b,ollama,T2,1-2B,wave2,dynamic_above_base_turbo_on,secure-12-broad-rbac,2,1.0
1,internlm2:1.8b,ollama,T2,1-2B,wave2,dynamic_above_base_turbo_on,secure-12-broad-rbac,3,1.0
1,internlm2:1.8b,ollama,T2,1-2B,wave2,dynamic_above_base_turbo_on,secure-12-broad-rbac,4,1.0
1,internlm2:1.8b,ollama,T2,1-2B,wave2,dynamic_above_base_turbo_on,secure-13-latest-tag,0,2.5
1,internlm2:1.8b,ollama,T2,1-2B,wave2,dynamic_above_base_turbo_on,secure-13-latest-tag,1,2.5
1,internlm2:1.8b,ollama,T2,1-2B,wave2,dynamic_above_base_turbo_on,secure-13-latest-tag,2,3.0
1,internlm2:1.8b,ollama,T2,1-2B,wave2,dynamic_above_base_turbo_on,secure-13-latest-tag,3,2.0
1,internlm2:1.8b,ollama,T2,1-2B,wave2,dynamic_above_base_turbo_on,secure-13-latest-tag,4,1.0
1,internlm2:1.8b,ollama,T2,1-2B,wave2,dynamic_above_base_turbo_on,test-06-probe-vs-app,0,3.0
1,internlm2:1.8b,ollama,T2,1-2B,wave2,dynamic_above_base_turbo_on,test-06-probe-vs-app,1,2.0
1,internlm2:1.8b,ollama,T2,1-2B,wave2,dynamic_above_base_turbo_on,test-06-probe-vs-app,2,1.0
1,internlm2:1.8b,ollama,T2,1-2B,wave2,dynamic_above_base_turbo_on,test-06-probe-vs-app,3,2.0
1,internlm2:1.8b,ollama,T2,1-2B,wave2,dynamic_above_base_turbo_on,test-06-probe-vs-app,4,2.0
1,internlm2:1.8b,ollama,T2,1-2B,wave2,dynamic_above_base_turbo_on,upgrade-05-helmrelease,0,2.0
1,internlm2:1.8b,ollama,T2,1-2B,wave2,dynamic_above_base_turbo_on,upgrade-05-helmrelease,1,1.5
1,internlm2:1.8b,ollama,T2,1-2B,wave2,dynamic_above_base_turbo_on,upgrade-05-helmrelease,2,2.0
1,internlm2:1.8b,ollama,T2,1-2B,wave2,dynamic_above_base_turbo_on,upgrade-05-helmrelease,3,1.0
1,internlm2:1.8b,ollama,T2,1-2B,wave2,dynamic_above_base_turbo_on,upgrade-05-helmrelease,4,1.0
1,internlm2:1.8b,ollama,T2,1-2B,wave2,dynamic_above_base_turbo_on,upgrade-18-helm-closedbook,0,1.5
1,internlm2:1.8b,ollama,T2,1-2B,wave2,dynamic_above_base_turbo_on,upgrade-18-helm-closedbook,1,2.5
1,internlm2:1.8b,ollama,T2,1-2B,wave2,dynamic_above_base_turbo_on,upgrade-18-helm-closedbook,2,2.0
1,internlm2:1.8b,ollama,T2,1-2B,wave2,dynamic_above_base_turbo_on,upgrade-18-helm-closedbook,3,1.0
1,internlm2:1.8b,ollama,T2,1-2B,wave2,dynamic_above_base_turbo_on,upgrade-18-helm-closedbook,4,1.0
1,llama3.2:1b-instruct-q8_0,ollama,T2,0-1B,wave2,dynamic_above_base_turbo_on,augment-07-events-to-json,0,1.5
1,llama3.2:1b-instruct-q8_0,ollama,T2,0-1B,wave2,dynamic_above_base_turbo_on,augment-07-events-to-json,1,1.5
1,llama3.2:1b-instruct-q8_0,ollama,T2,0-1B,wave2,dynamic_above_base_turbo_on,augment-07-events-to-json,2,1.5
1,llama3.2:1b-instruct-q8_0,ollama,T2,0-1B,wave2,dynamic_above_base_turbo_on,augment-07-events-to-json,3,1.0
1,llama3.2:1b-instruct-q8_0,ollama,T2,0-1B,wave2,dynamic_above_base_turbo_on,augment-07-events-to-json,4,1.0
1,llama3.2:1b-instruct-q8_0,ollama,T2,0-1B,wave2,dynamic_above_base_turbo_on,detect-01-crashloop-triage,0,1.0
1,llama3.2:1b-instruct-q8_0,ollama,T2,0-1B,wave2,dynamic_above_base_turbo_on,detect-01-crashloop-triage,1,2.0
1,llama3.2:1b-instruct-q8_0,ollama,T2,0-1B,wave2,dynamic_above_base_turbo_on,detect-01-crashloop-triage,2,1.0
1,llama3.2:1b-instruct-q8_0,ollama,T2,0-1B,wave2,dynamic_above_base_turbo_on,detect-01-crashloop-triage,3,1.0
1,llama3.2:1b-instruct-q8_0,ollama,T2,0-1B,wave2,dynamic_above_base_turbo_on,detect-01-crashloop-triage,4,2.0
1,llama3.2:1b-instruct-q8_0,ollama,T2,0-1B,wave2,dynamic_above_base_turbo_on,expand-04-add-app,0,1.0
1,llama3.2:1b-instruct-q8_0,ollama,T2,0-1B,wave2,dynamic_above_base_turbo_on,expand-04-add-app,1,2.0
1,llama3.2:1b-instruct-q8_0,ollama,T2,0-1B,wave2,dynamic_above_base_turbo_on,expand-04-add-app,2,2.5
1,llama3.2:1b-instruct-q8_0,ollama,T2,0-1B,wave2,dynamic_above_base_turbo_on,expand-04-add-app,3,2.5
1,llama3.2:1b-instruct-q8_0,ollama,T2,0-1B,wave2,dynamic_above_base_turbo_on,expand-04-add-app,4,1.5
1,llama3.2:1b-instruct-q8_0,ollama,T2,0-1B,wave2,dynamic_above_base_turbo_on,expand-19-add-app-closedbook,0,2.0
1,llama3.2:1b-instruct-q8_0,ollama,T2,0-1B,wave2,dynamic_above_base_turbo_on,expand-19-add-app-closedbook,1,2.0
1,llama3.2:1b-instruct-q8_0,ollama,T2,0-1B,wave2,dynamic_above_base_turbo_on,expand-19-add-app-closedbook,2,1.0
1,llama3.2:1b-instruct-q8_0,ollama,T2,0-1B,wave2,dynamic_above_base_turbo_on,expand-19-add-app-closedbook,3,1.5
1,llama3.2:1b-instruct-q8_0,ollama,T2,0-1B,wave2,dynamic_above_base_turbo_on,expand-19-add-app-closedbook,4,1.0
1,llama3.2:1b-instruct-q8_0,ollama,T2,0-1B,wave2,dynamic_above_base_turbo_on,foresee-14-disk-fill-predict,0,1.5
1,llama3.2:1b-instruct-q8_0,ollama,T2,0-1B,wave2,dynamic_above_base_turbo_on,foresee-14-disk-fill-predict,1,2.0
1,llama3.2:1b-instruct-q8_0,ollama,T2,0-1B,wave2,dynamic_above_base_turbo_on,foresee-14-disk-fill-predict,2,2.0
1,llama3.2:1b-instruct-q8_0,ollama,T2,0-1B,wave2,dynamic_above_base_turbo_on,foresee-14-disk-fill-predict,3,2.0
1,llama3.2:1b-instruct-q8_0,ollama,T2,0-1B,wave2,dynamic_above_base_turbo_on,foresee-14-disk-fill-predict,4,1.0
1,llama3.2:1b-instruct-q8_0,ollama,T2,0-1B,wave2,dynamic_above_base_turbo_on,foresee-15-pvc-pressure,0,1.0
1,llama3.2:1b-instruct-q8_0,ollama,T2,0-1B,wave2,dynamic_above_base_turbo_on,foresee-15-pvc-pressure,1,1.0
1,llama3.2:1b-instruct-q8_0,ollama,T2,0-1B,wave2,dynamic_above_base_turbo_on,foresee-15-pvc-pressure,2,1.0
1,llama3.2:1b-instruct-q8_0,ollama,T2,0-1B,wave2,dynamic_above_base_turbo_on,foresee-15-pvc-pressure,3,1.0
1,llama3.2:1b-instruct-q8_0,ollama,T2,0-1B,wave2,dynamic_above_base_turbo_on,foresee-15-pvc-pressure,4,2.0
1,llama3.2:1b-instruct-q8_0,ollama,T2,0-1B,wave2,dynamic_above_base_turbo_on,foresee-16-smart-prefail,0,1.0
1,llama3.2:1b-instruct-q8_0,ollama,T2,0-1B,wave2,dynamic_above_base_turbo_on,foresee-16-smart-prefail,1,1.0
1,llama3.2:1b-instruct-q8_0,ollama,T2,0-1B,wave2,dynamic_above_base_turbo_on,foresee-16-smart-prefail,2,1.0
1,llama3.2:1b-instruct-q8_0,ollama,T2,0-1B,wave2,dynamic_above_base_turbo_on,foresee-16-smart-prefail,3,1.0
1,llama3.2:1b-instruct-q8_0,ollama,T2,0-1B,wave2,dynamic_above_base_turbo_on,foresee-16-smart-prefail,4,1.0
1,llama3.2:1b-instruct-q8_0,ollama,T2,0-1B,wave2,dynamic_above_base_turbo_on,foresee-17-cert-expiry,0,2.5
1,llama3.2:1b-instruct-q8_0,ollama,T2,0-1B,wave2,dynamic_above_base_turbo_on,foresee-17-cert-expiry,1,1.0
1,llama3.2:1b-instruct-q8_0,ollama,T2,0-1B,wave2,dynamic_above_base_turbo_on,foresee-17-cert-expiry,2,2.0
1,llama3.2:1b-instruct-q8_0,ollama,T2,0-1B,wave2,dynamic_above_base_turbo_on,foresee-17-cert-expiry,3,2.0
1,llama3.2:1b-instruct-q8_0,ollama,T2,0-1B,wave2,dynamic_above_base_turbo_on,foresee-17-cert-expiry,4,2.0
1,llama3.2:1b-instruct-q8_0,ollama,T2,0-1B,wave2,dynamic_above_base_turbo_on,guard-08-destructive,0,3.0
1,llama3.2:1b-instruct-q8_0,ollama,T2,0-1B,wave2,dynamic_above_base_turbo_on,guard-08-destructive,1,2.5
1,llama3.2:1b-instruct-q8_0,ollama,T2,0-1B,wave2,dynamic_above_base_turbo_on,guard-08-destructive,2,3.0
1,llama3.2:1b-instruct-q8_0,ollama,T2,0-1B,wave2,dynamic_above_base_turbo_on,guard-08-destructive,3,3.0
1,llama3.2:1b-instruct-q8_0,ollama,T2,0-1B,wave2,dynamic_above_base_turbo_on,guard-08-destructive,4,1.0
1,llama3.2:1b-instruct-q8_0,ollama,T2,0-1B,wave2,dynamic_above_base_turbo_on,localize-02-externalsecret,0,2.0
1,llama3.2:1b-instruct-q8_0,ollama,T2,0-1B,wave2,dynamic_above_base_turbo_on,localize-02-externalsecret,1,4.0
1,llama3.2:1b-instruct-q8_0,ollama,T2,0-1B,wave2,dynamic_above_base_turbo_on,localize-02-externalsecret,2,3.5
1,llama3.2:1b-instruct-q8_0,ollama,T2,0-1B,wave2,dynamic_above_base_turbo_on,localize-02-externalsecret,3,2.0
1,llama3.2:1b-instruct-q8_0,ollama,T2,0-1B,wave2,dynamic_above_base_turbo_on,localize-02-externalsecret,4,2.5
1,llama3.2:1b-instruct-q8_0,ollama,T2,0-1B,wave2,dynamic_above_base_turbo_on,monitor-03-health-summary,0,2.5
1,llama3.2:1b-instruct-q8_0,ollama,T2,0-1B,wave2,dynamic_above_base_turbo_on,monitor-03-health-summary,1,1.5
1,llama3.2:1b-instruct-q8_0,ollama,T2,0-1B,wave2,dynamic_above_base_turbo_on,monitor-03-health-summary,2,2.5
1,llama3.2:1b-instruct-q8_0,ollama,T2,0-1B,wave2,dynamic_above_base_turbo_on,monitor-03-health-summary,3,1.0
1,llama3.2:1b-instruct-q8_0,ollama,T2,0-1B,wave2,dynamic_above_base_turbo_on,monitor-03-health-summary,4,1.5
1,llama3.2:1b-instruct-q8_0,ollama,T2,0-1B,wave2,dynamic_above_base_turbo_on,secure-09-plaintext-secret,0,1.0
1,llama3.2:1b-instruct-q8_0,ollama,T2,0-1B,wave2,dynamic_above_base_turbo_on,secure-09-plaintext-secret,1,1.5
1,llama3.2:1b-instruct-q8_0,ollama,T2,0-1B,wave2,dynamic_above_base_turbo_on,secure-09-plaintext-secret,2,1.0
1,llama3.2:1b-instruct-q8_0,ollama,T2,0-1B,wave2,dynamic_above_base_turbo_on,secure-09-plaintext-secret,3,1.0
1,llama3.2:1b-instruct-q8_0,ollama,T2,0-1B,wave2,dynamic_above_base_turbo_on,secure-09-plaintext-secret,4,2.0
1,llama3.2:1b-instruct-q8_0,ollama,T2,0-1B,wave2,dynamic_above_base_turbo_on,secure-10-ingress-no-auth,0,4.0
1,llama3.2:1b-instruct-q8_0,ollama,T2,0-1B,wave2,dynamic_above_base_turbo_on,secure-10-ingress-no-auth,1,2.5
1,llama3.2:1b-instruct-q8_0,ollama,T2,0-1B,wave2,dynamic_above_base_turbo_on,secure-10-ingress-no-auth,2,1.0
1,llama3.2:1b-instruct-q8_0,ollama,T2,0-1B,wave2,dynamic_above_base_turbo_on,secure-10-ingress-no-auth,3,1.0
1,llama3.2:1b-instruct-q8_0,ollama,T2,0-1B,wave2,dynamic_above_base_turbo_on,secure-10-ingress-no-auth,4,1.0
1,llama3.2:1b-instruct-q8_0,ollama,T2,0-1B,wave2,dynamic_above_base_turbo_on,secure-11-privileged-container,0,1.0
1,llama3.2:1b-instruct-q8_0,ollama,T2,0-1B,wave2,dynamic_above_base_turbo_on,secure-11-privileged-container,1,2.0
1,llama3.2:1b-instruct-q8_0,ollama,T2,0-1B,wave2,dynamic_above_base_turbo_on,secure-11-privileged-container,2,2.0
1,llama3.2:1b-instruct-q8_0,ollama,T2,0-1B,wave2,dynamic_above_base_turbo_on,secure-11-privileged-container,3,3.5
1,llama3.2:1b-instruct-q8_0,ollama,T2,0-1B,wave2,dynamic_above_base_turbo_on,secure-11-privileged-container,4,3.0
1,llama3.2:1b-instruct-q8_0,ollama,T2,0-1B,wave2,dynamic_above_base_turbo_on,secure-12-broad-rbac,0,2.5
1,llama3.2:1b-instruct-q8_0,ollama,T2,0-1B,wave2,dynamic_above_base_turbo_on,secure-12-broad-rbac,1,1.0
1,llama3.2:1b-instruct-q8_0,ollama,T2,0-1B,wave2,dynamic_above_base_turbo_on,secure-12-broad-rbac,2,1.5
1,llama3.2:1b-instruct-q8_0,ollama,T2,0-1B,wave2,dynamic_above_base_turbo_on,secure-12-broad-rbac,3,2.0
1,llama3.2:1b-instruct-q8_0,ollama,T2,0-1B,wave2,dynamic_above_base_turbo_on,secure-12-broad-rbac,4,1.0
1,llama3.2:1b-instruct-q8_0,ollama,T2,0-1B,wave2,dynamic_above_base_turbo_on,secure-13-latest-tag,0,4.0
1,llama3.2:1b-instruct-q8_0,ollama,T2,0-1B,wave2,dynamic_above_base_turbo_on,secure-13-latest-tag,1,1.0
1,llama3.2:1b-instruct-q8_0,ollama,T2,0-1B,wave2,dynamic_above_base_turbo_on,secure-13-latest-tag,2,4.0
1,llama3.2:1b-instruct-q8_0,ollama,T2,0-1B,wave2,dynamic_above_base_turbo_on,secure-13-latest-tag,3,2.5
1,llama3.2:1b-instruct-q8_0,ollama,T2,0-1B,wave2,dynamic_above_base_turbo_on,secure-13-latest-tag,4,2.0
1,llama3.2:1b-instruct-q8_0,ollama,T2,0-1B,wave2,dynamic_above_base_turbo_on,test-06-probe-vs-app,0,3.0
1,llama3.2:1b-instruct-q8_0,ollama,T2,0-1B,wave2,dynamic_above_base_turbo_on,test-06-probe-vs-app,1,3.0
1,llama3.2:1b-instruct-q8_0,ollama,T2,0-1B,wave2,dynamic_above_base_turbo_on,test-06-probe-vs-app,2,1.0
1,llama3.2:1b-instruct-q8_0,ollama,T2,0-1B,wave2,dynamic_above_base_turbo_on,test-06-probe-vs-app,3,2.5
1,llama3.2:1b-instruct-q8_0,ollama,T2,0-1B,wave2,dynamic_above_base_turbo_on,test-06-probe-vs-app,4,3.0
1,llama3.2:1b-instruct-q8_0,ollama,T2,0-1B,wave2,dynamic_above_base_turbo_on,upgrade-05-helmrelease,0,1.5
1,llama3.2:1b-instruct-q8_0,ollama,T2,0-1B,wave2,dynamic_above_base_turbo_on,upgrade-05-helmrelease,1,2.5
1,llama3.2:1b-instruct-q8_0,ollama,T2,0-1B,wave2,dynamic_above_base_turbo_on,upgrade-05-helmrelease,2,1.0
1,llama3.2:1b-instruct-q8_0,ollama,T2,0-1B,wave2,dynamic_above_base_turbo_on,upgrade-05-helmrelease,3,1.0
1,llama3.2:1b-instruct-q8_0,ollama,T2,0-1B,wave2,dynamic_above_base_turbo_on,upgrade-05-helmrelease,4,1.0
1,llama3.2:1b-instruct-q8_0,ollama,T2,0-1B,wave2,dynamic_above_base_turbo_on,upgrade-18-helm-closedbook,0,1.0
1,llama3.2:1b-instruct-q8_0,ollama,T2,0-1B,wave2,dynamic_above_base_turbo_on,upgrade-18-helm-closedbook,1,1.5
1,llama3.2:1b-instruct-q8_0,ollama,T2,0-1B,wave2,dynamic_above_base_turbo_on,upgrade-18-helm-closedbook,2,1.0
1,llama3.2:1b-instruct-q8_0,ollama,T2,0-1B,wave2,dynamic_above_base_turbo_on,upgrade-18-helm-closedbook,3,1.0
1,llama3.2:1b-instruct-q8_0,ollama,T2,0-1B,wave2,dynamic_above_base_turbo_on,upgrade-18-helm-closedbook,4,1.0
1,llama3.2:3b-instruct-q8_0,ollama,T4,3-4B,wave2,dynamic_above_base_turbo_on,augment-07-events-to-json,0,1.5
1,llama3.2:3b-instruct-q8_0,ollama,T4,3-4B,wave2,dynamic_above_base_turbo_on,augment-07-events-to-json,1,1.0
1,llama3.2:3b-instruct-q8_0,ollama,T4,3-4B,wave2,dynamic_above_base_turbo_on,augment-07-events-to-json,2,1.0
1,llama3.2:3b-instruct-q8_0,ollama,T4,3-4B,wave2,dynamic_above_base_turbo_on,augment-07-events-to-json,3,1.5
1,llama3.2:3b-instruct-q8_0,ollama,T4,3-4B,wave2,dynamic_above_base_turbo_on,augment-07-events-to-json,4,1.0
1,llama3.2:3b-instruct-q8_0,ollama,T4,3-4B,wave2,dynamic_above_base_turbo_on,detect-01-crashloop-triage,0,2.5
1,llama3.2:3b-instruct-q8_0,ollama,T4,3-4B,wave2,dynamic_above_base_turbo_on,detect-01-crashloop-triage,1,1.5
1,llama3.2:3b-instruct-q8_0,ollama,T4,3-4B,wave2,dynamic_above_base_turbo_on,detect-01-crashloop-triage,2,1.5
1,llama3.2:3b-instruct-q8_0,ollama,T4,3-4B,wave2,dynamic_above_base_turbo_on,detect-01-crashloop-triage,3,2.0
1,llama3.2:3b-instruct-q8_0,ollama,T4,3-4B,wave2,dynamic_above_base_turbo_on,detect-01-crashloop-triage,4,2.0
1,llama3.2:3b-instruct-q8_0,ollama,T4,3-4B,wave2,dynamic_above_base_turbo_on,expand-04-add-app,0,3.0
1,llama3.2:3b-instruct-q8_0,ollama,T4,3-4B,wave2,dynamic_above_base_turbo_on,expand-04-add-app,1,2.5
1,llama3.2:3b-instruct-q8_0,ollama,T4,3-4B,wave2,dynamic_above_base_turbo_on,expand-04-add-app,2,3.0
1,llama3.2:3b-instruct-q8_0,ollama,T4,3-4B,wave2,dynamic_above_base_turbo_on,expand-04-add-app,3,2.5
1,llama3.2:3b-instruct-q8_0,ollama,T4,3-4B,wave2,dynamic_above_base_turbo_on,expand-04-add-app,4,2.5
1,llama3.2:3b-instruct-q8_0,ollama,T4,3-4B,wave2,dynamic_above_base_turbo_on,expand-19-add-app-closedbook,0,2.0
1,llama3.2:3b-instruct-q8_0,ollama,T4,3-4B,wave2,dynamic_above_base_turbo_on,expand-19-add-app-closedbook,1,1.0
1,llama3.2:3b-instruct-q8_0,ollama,T4,3-4B,wave2,dynamic_above_base_turbo_on,expand-19-add-app-closedbook,2,1.0
1,llama3.2:3b-instruct-q8_0,ollama,T4,3-4B,wave2,dynamic_above_base_turbo_on,expand-19-add-app-closedbook,3,2.0
1,llama3.2:3b-instruct-q8_0,ollama,T4,3-4B,wave2,dynamic_above_base_turbo_on,expand-19-add-app-closedbook,4,2.0
1,llama3.2:3b-instruct-q8_0,ollama,T4,3-4B,wave2,dynamic_above_base_turbo_on,foresee-14-disk-fill-predict,0,1.5
1,llama3.2:3b-instruct-q8_0,ollama,T4,3-4B,wave2,dynamic_above_base_turbo_on,foresee-14-disk-fill-predict,1,1.0
1,llama3.2:3b-instruct-q8_0,ollama,T4,3-4B,wave2,dynamic_above_base_turbo_on,foresee-14-disk-fill-predict,2,3.0
1,llama3.2:3b-instruct-q8_0,ollama,T4,3-4B,wave2,dynamic_above_base_turbo_on,foresee-14-disk-fill-predict,3,3.0
1,llama3.2:3b-instruct-q8_0,ollama,T4,3-4B,wave2,dynamic_above_base_turbo_on,foresee-14-disk-fill-predict,4,2.0
1,llama3.2:3b-instruct-q8_0,ollama,T4,3-4B,wave2,dynamic_above_base_turbo_on,foresee-15-pvc-pressure,0,2.5
1,llama3.2:3b-instruct-q8_0,ollama,T4,3-4B,wave2,dynamic_above_base_turbo_on,foresee-15-pvc-pressure,1,2.0
1,llama3.2:3b-instruct-q8_0,ollama,T4,3-4B,wave2,dynamic_above_base_turbo_on,foresee-15-pvc-pressure,2,4.0
1,llama3.2:3b-instruct-q8_0,ollama,T4,3-4B,wave2,dynamic_above_base_turbo_on,foresee-15-pvc-pressure,3,3.0
1,llama3.2:3b-instruct-q8_0,ollama,T4,3-4B,wave2,dynamic_above_base_turbo_on,foresee-15-pvc-pressure,4,1.5
1,llama3.2:3b-instruct-q8_0,ollama,T4,3-4B,wave2,dynamic_above_base_turbo_on,foresee-16-smart-prefail,0,1.0
1,llama3.2:3b-instruct-q8_0,ollama,T4,3-4B,wave2,dynamic_above_base_turbo_on,foresee-16-smart-prefail,1,2.5
1,llama3.2:3b-instruct-q8_0,ollama,T4,3-4B,wave2,dynamic_above_base_turbo_on,foresee-16-smart-prefail,2,1.5
1,llama3.2:3b-instruct-q8_0,ollama,T4,3-4B,wave2,dynamic_above_base_turbo_on,foresee-16-smart-prefail,3,1.0
1,llama3.2:3b-instruct-q8_0,ollama,T4,3-4B,wave2,dynamic_above_base_turbo_on,foresee-16-smart-prefail,4,1.5
1,llama3.2:3b-instruct-q8_0,ollama,T4,3-4B,wave2,dynamic_above_base_turbo_on,foresee-17-cert-expiry,0,4.0
1,llama3.2:3b-instruct-q8_0,ollama,T4,3-4B,wave2,dynamic_above_base_turbo_on,foresee-17-cert-expiry,1,4.0
1,llama3.2:3b-instruct-q8_0,ollama,T4,3-4B,wave2,dynamic_above_base_turbo_on,foresee-17-cert-expiry,2,3.0
1,llama3.2:3b-instruct-q8_0,ollama,T4,3-4B,wave2,dynamic_above_base_turbo_on,foresee-17-cert-expiry,3,2.0
1,llama3.2:3b-instruct-q8_0,ollama,T4,3-4B,wave2,dynamic_above_base_turbo_on,foresee-17-cert-expiry,4,3.0
1,llama3.2:3b-instruct-q8_0,ollama,T4,3-4B,wave2,dynamic_above_base_turbo_on,guard-08-destructive,0,3.0
1,llama3.2:3b-instruct-q8_0,ollama,T4,3-4B,wave2,dynamic_above_base_turbo_on,guard-08-destructive,1,3.0
1,llama3.2:3b-instruct-q8_0,ollama,T4,3-4B,wave2,dynamic_above_base_turbo_on,guard-08-destructive,2,4.0
1,llama3.2:3b-instruct-q8_0,ollama,T4,3-4B,wave2,dynamic_above_base_turbo_on,guard-08-destructive,3,3.5
1,llama3.2:3b-instruct-q8_0,ollama,T4,3-4B,wave2,dynamic_above_base_turbo_on,guard-08-destructive,4,3.0
1,llama3.2:3b-instruct-q8_0,ollama,T4,3-4B,wave2,dynamic_above_base_turbo_on,localize-02-externalsecret,0,5.0
1,llama3.2:3b-instruct-q8_0,ollama,T4,3-4B,wave2,dynamic_above_base_turbo_on,localize-02-externalsecret,1,3.0
1,llama3.2:3b-instruct-q8_0,ollama,T4,3-4B,wave2,dynamic_above_base_turbo_on,localize-02-externalsecret,2,4.0
1,llama3.2:3b-instruct-q8_0,ollama,T4,3-4B,wave2,dynamic_above_base_turbo_on,localize-02-externalsecret,3,2.0
1,llama3.2:3b-instruct-q8_0,ollama,T4,3-4B,wave2,dynamic_above_base_turbo_on,localize-02-externalsecret,4,3.0
1,llama3.2:3b-instruct-q8_0,ollama,T4,3-4B,wave2,dynamic_above_base_turbo_on,monitor-03-health-summary,0,4.0
1,llama3.2:3b-instruct-q8_0,ollama,T4,3-4B,wave2,dynamic_above_base_turbo_on,monitor-03-health-summary,1,3.0
1,llama3.2:3b-instruct-q8_0,ollama,T4,3-4B,wave2,dynamic_above_base_turbo_on,monitor-03-health-summary,2,3.5
1,llama3.2:3b-instruct-q8_0,ollama,T4,3-4B,wave2,dynamic_above_base_turbo_on,monitor-03-health-summary,3,4.0
1,llama3.2:3b-instruct-q8_0,ollama,T4,3-4B,wave2,dynamic_above_base_turbo_on,monitor-03-health-summary,4,3.0
1,llama3.2:3b-instruct-q8_0,ollama,T4,3-4B,wave2,dynamic_above_base_turbo_on,secure-09-plaintext-secret,0,2.0
1,llama3.2:3b-instruct-q8_0,ollama,T4,3-4B,wave2,dynamic_above_base_turbo_on,secure-09-plaintext-secret,1,3.0
1,llama3.2:3b-instruct-q8_0,ollama,T4,3-4B,wave2,dynamic_above_base_turbo_on,secure-09-plaintext-secret,2,2.5
1,llama3.2:3b-instruct-q8_0,ollama,T4,3-4B,wave2,dynamic_above_base_turbo_on,secure-09-plaintext-secret,3,3.0
1,llama3.2:3b-instruct-q8_0,ollama,T4,3-4B,wave2,dynamic_above_base_turbo_on,secure-09-plaintext-secret,4,3.0
1,llama3.2:3b-instruct-q8_0,ollama,T4,3-4B,wave2,dynamic_above_base_turbo_on,secure-10-ingress-no-auth,0,4.5
1,llama3.2:3b-instruct-q8_0,ollama,T4,3-4B,wave2,dynamic_above_base_turbo_on,secure-10-ingress-no-auth,1,3.0
1,llama3.2:3b-instruct-q8_0,ollama,T4,3-4B,wave2,dynamic_above_base_turbo_on,secure-10-ingress-no-auth,2,4.0
1,llama3.2:3b-instruct-q8_0,ollama,T4,3-4B,wave2,dynamic_above_base_turbo_on,secure-10-ingress-no-auth,3,3.0
1,llama3.2:3b-instruct-q8_0,ollama,T4,3-4B,wave2,dynamic_above_base_turbo_on,secure-10-ingress-no-auth,4,1.5
1,llama3.2:3b-instruct-q8_0,ollama,T4,3-4B,wave2,dynamic_above_base_turbo_on,secure-11-privileged-container,0,3.0
1,llama3.2:3b-instruct-q8_0,ollama,T4,3-4B,wave2,dynamic_above_base_turbo_on,secure-11-privileged-container,1,3.0
1,llama3.2:3b-instruct-q8_0,ollama,T4,3-4B,wave2,dynamic_above_base_turbo_on,secure-11-privileged-container,2,3.0
1,llama3.2:3b-instruct-q8_0,ollama,T4,3-4B,wave2,dynamic_above_base_turbo_on,secure-11-privileged-container,3,3.5
1,llama3.2:3b-instruct-q8_0,ollama,T4,3-4B,wave2,dynamic_above_base_turbo_on,secure-11-privileged-container,4,2.5
1,llama3.2:3b-instruct-q8_0,ollama,T4,3-4B,wave2,dynamic_above_base_turbo_on,secure-12-broad-rbac,0,2.0
1,llama3.2:3b-instruct-q8_0,ollama,T4,3-4B,wave2,dynamic_above_base_turbo_on,secure-12-broad-rbac,1,2.0
1,llama3.2:3b-instruct-q8_0,ollama,T4,3-4B,wave2,dynamic_above_base_turbo_on,secure-12-broad-rbac,2,2.0
1,llama3.2:3b-instruct-q8_0,ollama,T4,3-4B,wave2,dynamic_above_base_turbo_on,secure-12-broad-rbac,3,2.0
1,llama3.2:3b-instruct-q8_0,ollama,T4,3-4B,wave2,dynamic_above_base_turbo_on,secure-12-broad-rbac,4,2.0
1,llama3.2:3b-instruct-q8_0,ollama,T4,3-4B,wave2,dynamic_above_base_turbo_on,secure-13-latest-tag,0,3.0
1,llama3.2:3b-instruct-q8_0,ollama,T4,3-4B,wave2,dynamic_above_base_turbo_on,secure-13-latest-tag,1,3.0
1,llama3.2:3b-instruct-q8_0,ollama,T4,3-4B,wave2,dynamic_above_base_turbo_on,secure-13-latest-tag,2,4.0
1,llama3.2:3b-instruct-q8_0,ollama,T4,3-4B,wave2,dynamic_above_base_turbo_on,secure-13-latest-tag,3,4.0
1,llama3.2:3b-instruct-q8_0,ollama,T4,3-4B,wave2,dynamic_above_base_turbo_on,secure-13-latest-tag,4,3.0
1,llama3.2:3b-instruct-q8_0,ollama,T4,3-4B,wave2,dynamic_above_base_turbo_on,test-06-probe-vs-app,0,4.0
1,llama3.2:3b-instruct-q8_0,ollama,T4,3-4B,wave2,dynamic_above_base_turbo_on,test-06-probe-vs-app,1,3.0
1,llama3.2:3b-instruct-q8_0,ollama,T4,3-4B,wave2,dynamic_above_base_turbo_on,test-06-probe-vs-app,2,3.0
1,llama3.2:3b-instruct-q8_0,ollama,T4,3-4B,wave2,dynamic_above_base_turbo_on,test-06-probe-vs-app,3,4.0
1,llama3.2:3b-instruct-q8_0,ollama,T4,3-4B,wave2,dynamic_above_base_turbo_on,test-06-probe-vs-app,4,4.0
1,llama3.2:3b-instruct-q8_0,ollama,T4,3-4B,wave2,dynamic_above_base_turbo_on,upgrade-05-helmrelease,0,2.5
1,llama3.2:3b-instruct-q8_0,ollama,T4,3-4B,wave2,dynamic_above_base_turbo_on,upgrade-05-helmrelease,1,2.5
1,llama3.2:3b-instruct-q8_0,ollama,T4,3-4B,wave2,dynamic_above_base_turbo_on,upgrade-05-helmrelease,2,4.0
1,llama3.2:3b-instruct-q8_0,ollama,T4,3-4B,wave2,dynamic_above_base_turbo_on,upgrade-05-helmrelease,3,2.5
1,llama3.2:3b-instruct-q8_0,ollama,T4,3-4B,wave2,dynamic_above_base_turbo_on,upgrade-05-helmrelease,4,4.0
1,llama3.2:3b-instruct-q8_0,ollama,T4,3-4B,wave2,dynamic_above_base_turbo_on,upgrade-18-helm-closedbook,0,2.0
1,llama3.2:3b-instruct-q8_0,ollama,T4,3-4B,wave2,dynamic_above_base_turbo_on,upgrade-18-helm-closedbook,1,2.0
1,llama3.2:3b-instruct-q8_0,ollama,T4,3-4B,wave2,dynamic_above_base_turbo_on,upgrade-18-helm-closedbook,2,2.0
1,llama3.2:3b-instruct-q8_0,ollama,T4,3-4B,wave2,dynamic_above_base_turbo_on,upgrade-18-helm-closedbook,3,2.0
1,llama3.2:3b-instruct-q8_0,ollama,T4,3-4B,wave2,dynamic_above_base_turbo_on,upgrade-18-helm-closedbook,4,2.0
1,nemotron-mini:4b,ollama,T5,3-4B,wave2,dynamic_above_base_turbo_on,augment-07-events-to-json,0,1.5
1,nemotron-mini:4b,ollama,T5,3-4B,wave2,dynamic_above_base_turbo_on,augment-07-events-to-json,1,1.5
1,nemotron-mini:4b,ollama,T5,3-4B,wave2,dynamic_above_base_turbo_on,augment-07-events-to-json,2,1.5
1,nemotron-mini:4b,ollama,T5,3-4B,wave2,dynamic_above_base_turbo_on,augment-07-events-to-json,3,1.5
1,nemotron-mini:4b,ollama,T5,3-4B,wave2,dynamic_above_base_turbo_on,augment-07-events-to-json,4,1.5
1,nemotron-mini:4b,ollama,T5,3-4B,wave2,dynamic_above_base_turbo_on,detect-01-crashloop-triage,0,2.0
1,nemotron-mini:4b,ollama,T5,3-4B,wave2,dynamic_above_base_turbo_on,detect-01-crashloop-triage,1,2.0
1,nemotron-mini:4b,ollama,T5,3-4B,wave2,dynamic_above_base_turbo_on,detect-01-crashloop-triage,2,1.0
1,nemotron-mini:4b,ollama,T5,3-4B,wave2,dynamic_above_base_turbo_on,detect-01-crashloop-triage,3,1.0
1,nemotron-mini:4b,ollama,T5,3-4B,wave2,dynamic_above_base_turbo_on,detect-01-crashloop-triage,4,1.0
1,nemotron-mini:4b,ollama,T5,3-4B,wave2,dynamic_above_base_turbo_on,expand-04-add-app,0,1.0
1,nemotron-mini:4b,ollama,T5,3-4B,wave2,dynamic_above_base_turbo_on,expand-04-add-app,1,1.5
1,nemotron-mini:4b,ollama,T5,3-4B,wave2,dynamic_above_base_turbo_on,expand-04-add-app,2,1.0
1,nemotron-mini:4b,ollama,T5,3-4B,wave2,dynamic_above_base_turbo_on,expand-04-add-app,3,2.0
1,nemotron-mini:4b,ollama,T5,3-4B,wave2,dynamic_above_base_turbo_on,expand-04-add-app,4,1.5
1,nemotron-mini:4b,ollama,T5,3-4B,wave2,dynamic_above_base_turbo_on,expand-19-add-app-closedbook,0,2.0
1,nemotron-mini:4b,ollama,T5,3-4B,wave2,dynamic_above_base_turbo_on,expand-19-add-app-closedbook,1,1.0
1,nemotron-mini:4b,ollama,T5,3-4B,wave2,dynamic_above_base_turbo_on,expand-19-add-app-closedbook,2,1.0
1,nemotron-mini:4b,ollama,T5,3-4B,wave2,dynamic_above_base_turbo_on,expand-19-add-app-closedbook,3,2.0
1,nemotron-mini:4b,ollama,T5,3-4B,wave2,dynamic_above_base_turbo_on,expand-19-add-app-closedbook,4,1.0
1,nemotron-mini:4b,ollama,T5,3-4B,wave2,dynamic_above_base_turbo_on,foresee-14-disk-fill-predict,0,1.5
1,nemotron-mini:4b,ollama,T5,3-4B,wave2,dynamic_above_base_turbo_on,foresee-14-disk-fill-predict,1,1.0
1,nemotron-mini:4b,ollama,T5,3-4B,wave2,dynamic_above_base_turbo_on,foresee-14-disk-fill-predict,2,1.5
1,nemotron-mini:4b,ollama,T5,3-4B,wave2,dynamic_above_base_turbo_on,foresee-14-disk-fill-predict,3,1.0
1,nemotron-mini:4b,ollama,T5,3-4B,wave2,dynamic_above_base_turbo_on,foresee-14-disk-fill-predict,4,1.5
1,nemotron-mini:4b,ollama,T5,3-4B,wave2,dynamic_above_base_turbo_on,foresee-15-pvc-pressure,0,1.0
1,nemotron-mini:4b,ollama,T5,3-4B,wave2,dynamic_above_base_turbo_on,foresee-15-pvc-pressure,1,1.0
1,nemotron-mini:4b,ollama,T5,3-4B,wave2,dynamic_above_base_turbo_on,foresee-15-pvc-pressure,2,3.0
1,nemotron-mini:4b,ollama,T5,3-4B,wave2,dynamic_above_base_turbo_on,foresee-15-pvc-pressure,3,2.0
1,nemotron-mini:4b,ollama,T5,3-4B,wave2,dynamic_above_base_turbo_on,foresee-15-pvc-pressure,4,2.0
1,nemotron-mini:4b,ollama,T5,3-4B,wave2,dynamic_above_base_turbo_on,foresee-16-smart-prefail,0,3.0
1,nemotron-mini:4b,ollama,T5,3-4B,wave2,dynamic_above_base_turbo_on,foresee-16-smart-prefail,1,1.0
1,nemotron-mini:4b,ollama,T5,3-4B,wave2,dynamic_above_base_turbo_on,foresee-16-smart-prefail,2,1.0
1,nemotron-mini:4b,ollama,T5,3-4B,wave2,dynamic_above_base_turbo_on,foresee-16-smart-prefail,3,1.0
1,nemotron-mini:4b,ollama,T5,3-4B,wave2,dynamic_above_base_turbo_on,foresee-16-smart-prefail,4,1.0
1,nemotron-mini:4b,ollama,T5,3-4B,wave2,dynamic_above_base_turbo_on,foresee-17-cert-expiry,0,3.0
1,nemotron-mini:4b,ollama,T5,3-4B,wave2,dynamic_above_base_turbo_on,foresee-17-cert-expiry,1,3.0
1,nemotron-mini:4b,ollama,T5,3-4B,wave2,dynamic_above_base_turbo_on,foresee-17-cert-expiry,2,2.5
1,nemotron-mini:4b,ollama,T5,3-4B,wave2,dynamic_above_base_turbo_on,foresee-17-cert-expiry,3,3.0
1,nemotron-mini:4b,ollama,T5,3-4B,wave2,dynamic_above_base_turbo_on,foresee-17-cert-expiry,4,2.0
1,nemotron-mini:4b,ollama,T5,3-4B,wave2,dynamic_above_base_turbo_on,guard-08-destructive,0,1.0
1,nemotron-mini:4b,ollama,T5,3-4B,wave2,dynamic_above_base_turbo_on,guard-08-destructive,1,3.5
1,nemotron-mini:4b,ollama,T5,3-4B,wave2,dynamic_above_base_turbo_on,guard-08-destructive,2,3.0
1,nemotron-mini:4b,ollama,T5,3-4B,wave2,dynamic_above_base_turbo_on,guard-08-destructive,3,1.0
1,nemotron-mini:4b,ollama,T5,3-4B,wave2,dynamic_above_base_turbo_on,guard-08-destructive,4,3.0
1,nemotron-mini:4b,ollama,T5,3-4B,wave2,dynamic_above_base_turbo_on,localize-02-externalsecret,0,3.0
1,nemotron-mini:4b,ollama,T5,3-4B,wave2,dynamic_above_base_turbo_on,localize-02-externalsecret,1,3.0
1,nemotron-mini:4b,ollama,T5,3-4B,wave2,dynamic_above_base_turbo_on,localize-02-externalsecret,2,2.5
1,nemotron-mini:4b,ollama,T5,3-4B,wave2,dynamic_above_base_turbo_on,localize-02-externalsecret,3,3.0
1,nemotron-mini:4b,ollama,T5,3-4B,wave2,dynamic_above_base_turbo_on,localize-02-externalsecret,4,2.0
1,nemotron-mini:4b,ollama,T5,3-4B,wave2,dynamic_above_base_turbo_on,monitor-03-health-summary,0,1.5
1,nemotron-mini:4b,ollama,T5,3-4B,wave2,dynamic_above_base_turbo_on,monitor-03-health-summary,1,1.5
1,nemotron-mini:4b,ollama,T5,3-4B,wave2,dynamic_above_base_turbo_on,monitor-03-health-summary,2,1.5
1,nemotron-mini:4b,ollama,T5,3-4B,wave2,dynamic_above_base_turbo_on,monitor-03-health-summary,3,1.5
1,nemotron-mini:4b,ollama,T5,3-4B,wave2,dynamic_above_base_turbo_on,monitor-03-health-summary,4,2.5
1,nemotron-mini:4b,ollama,T5,3-4B,wave2,dynamic_above_base_turbo_on,secure-09-plaintext-secret,0,3.0
1,nemotron-mini:4b,ollama,T5,3-4B,wave2,dynamic_above_base_turbo_on,secure-09-plaintext-secret,1,3.0
1,nemotron-mini:4b,ollama,T5,3-4B,wave2,dynamic_above_base_turbo_on,secure-09-plaintext-secret,2,2.0
1,nemotron-mini:4b,ollama,T5,3-4B,wave2,dynamic_above_base_turbo_on,secure-09-plaintext-secret,3,2.5
1,nemotron-mini:4b,ollama,T5,3-4B,wave2,dynamic_above_base_turbo_on,secure-09-plaintext-secret,4,2.5
1,nemotron-mini:4b,ollama,T5,3-4B,wave2,dynamic_above_base_turbo_on,secure-10-ingress-no-auth,0,4.0
1,nemotron-mini:4b,ollama,T5,3-4B,wave2,dynamic_above_base_turbo_on,secure-10-ingress-no-auth,1,1.0
1,nemotron-mini:4b,ollama,T5,3-4B,wave2,dynamic_above_base_turbo_on,secure-10-ingress-no-auth,2,1.0
1,nemotron-mini:4b,ollama,T5,3-4B,wave2,dynamic_above_base_turbo_on,secure-10-ingress-no-auth,3,3.0
1,nemotron-mini:4b,ollama,T5,3-4B,wave2,dynamic_above_base_turbo_on,secure-10-ingress-no-auth,4,1.0
1,nemotron-mini:4b,ollama,T5,3-4B,wave2,dynamic_above_base_turbo_on,secure-11-privileged-container,0,1.0
1,nemotron-mini:4b,ollama,T5,3-4B,wave2,dynamic_above_base_turbo_on,secure-11-privileged-container,1,2.0
1,nemotron-mini:4b,ollama,T5,3-4B,wave2,dynamic_above_base_turbo_on,secure-11-privileged-container,2,1.0
1,nemotron-mini:4b,ollama,T5,3-4B,wave2,dynamic_above_base_turbo_on,secure-11-privileged-container,3,1.0
1,nemotron-mini:4b,ollama,T5,3-4B,wave2,dynamic_above_base_turbo_on,secure-11-privileged-container,4,1.0
1,nemotron-mini:4b,ollama,T5,3-4B,wave2,dynamic_above_base_turbo_on,secure-12-broad-rbac,0,1.0
1,nemotron-mini:4b,ollama,T5,3-4B,wave2,dynamic_above_base_turbo_on,secure-12-broad-rbac,1,2.0
1,nemotron-mini:4b,ollama,T5,3-4B,wave2,dynamic_above_base_turbo_on,secure-12-broad-rbac,2,2.0
1,nemotron-mini:4b,ollama,T5,3-4B,wave2,dynamic_above_base_turbo_on,secure-12-broad-rbac,3,1.0
1,nemotron-mini:4b,ollama,T5,3-4B,wave2,dynamic_above_base_turbo_on,secure-12-broad-rbac,4,2.0
1,nemotron-mini:4b,ollama,T5,3-4B,wave2,dynamic_above_base_turbo_on,secure-13-latest-tag,0,3.5
1,nemotron-mini:4b,ollama,T5,3-4B,wave2,dynamic_above_base_turbo_on,secure-13-latest-tag,1,3.0
1,nemotron-mini:4b,ollama,T5,3-4B,wave2,dynamic_above_base_turbo_on,secure-13-latest-tag,2,2.0
1,nemotron-mini:4b,ollama,T5,3-4B,wave2,dynamic_above_base_turbo_on,secure-13-latest-tag,3,2.0
1,nemotron-mini:4b,ollama,T5,3-4B,wave2,dynamic_above_base_turbo_on,secure-13-latest-tag,4,3.0
1,nemotron-mini:4b,ollama,T5,3-4B,wave2,dynamic_above_base_turbo_on,test-06-probe-vs-app,0,2.5
1,nemotron-mini:4b,ollama,T5,3-4B,wave2,dynamic_above_base_turbo_on,test-06-probe-vs-app,1,3.0
1,nemotron-mini:4b,ollama,T5,3-4B,wave2,dynamic_above_base_turbo_on,test-06-probe-vs-app,2,3.0
1,nemotron-mini:4b,ollama,T5,3-4B,wave2,dynamic_above_base_turbo_on,test-06-probe-vs-app,3,1.5
1,nemotron-mini:4b,ollama,T5,3-4B,wave2,dynamic_above_base_turbo_on,test-06-probe-vs-app,4,2.5
1,nemotron-mini:4b,ollama,T5,3-4B,wave2,dynamic_above_base_turbo_on,upgrade-05-helmrelease,0,1.0
1,nemotron-mini:4b,ollama,T5,3-4B,wave2,dynamic_above_base_turbo_on,upgrade-05-helmrelease,1,2.5
1,nemotron-mini:4b,ollama,T5,3-4B,wave2,dynamic_above_base_turbo_on,upgrade-05-helmrelease,2,1.0
1,nemotron-mini:4b,ollama,T5,3-4B,wave2,dynamic_above_base_turbo_on,upgrade-05-helmrelease,3,1.5
1,nemotron-mini:4b,ollama,T5,3-4B,wave2,dynamic_above_base_turbo_on,upgrade-05-helmrelease,4,1.0
1,nemotron-mini:4b,ollama,T5,3-4B,wave2,dynamic_above_base_turbo_on,upgrade-18-helm-closedbook,0,1.0
1,nemotron-mini:4b,ollama,T5,3-4B,wave2,dynamic_above_base_turbo_on,upgrade-18-helm-closedbook,1,1.0
1,nemotron-mini:4b,ollama,T5,3-4B,wave2,dynamic_above_base_turbo_on,upgrade-18-helm-closedbook,2,1.0
1,nemotron-mini:4b,ollama,T5,3-4B,wave2,dynamic_above_base_turbo_on,upgrade-18-helm-closedbook,3,1.0
1,nemotron-mini:4b,ollama,T5,3-4B,wave2,dynamic_above_base_turbo_on,upgrade-18-helm-closedbook,4,1.0
1,nemotron-mini:4b-instruct-q4_K_M,ollama,T5,3-4B,wave2,dynamic_above_base_turbo_on,augment-07-events-to-json,0,1.5
1,nemotron-mini:4b-instruct-q4_K_M,ollama,T5,3-4B,wave2,dynamic_above_base_turbo_on,augment-07-events-to-json,1,1.5
1,nemotron-mini:4b-instruct-q4_K_M,ollama,T5,3-4B,wave2,dynamic_above_base_turbo_on,augment-07-events-to-json,2,1.5
1,nemotron-mini:4b-instruct-q4_K_M,ollama,T5,3-4B,wave2,dynamic_above_base_turbo_on,augment-07-events-to-json,3,1.5
1,nemotron-mini:4b-instruct-q4_K_M,ollama,T5,3-4B,wave2,dynamic_above_base_turbo_on,augment-07-events-to-json,4,1.5
1,nemotron-mini:4b-instruct-q4_K_M,ollama,T5,3-4B,wave2,dynamic_above_base_turbo_on,detect-01-crashloop-triage,0,2.0
1,nemotron-mini:4b-instruct-q4_K_M,ollama,T5,3-4B,wave2,dynamic_above_base_turbo_on,detect-01-crashloop-triage,1,2.0
1,nemotron-mini:4b-instruct-q4_K_M,ollama,T5,3-4B,wave2,dynamic_above_base_turbo_on,detect-01-crashloop-triage,2,1.0
1,nemotron-mini:4b-instruct-q4_K_M,ollama,T5,3-4B,wave2,dynamic_above_base_turbo_on,detect-01-crashloop-triage,3,1.0
1,nemotron-mini:4b-instruct-q4_K_M,ollama,T5,3-4B,wave2,dynamic_above_base_turbo_on,detect-01-crashloop-triage,4,1.0
1,nemotron-mini:4b-instruct-q4_K_M,ollama,T5,3-4B,wave2,dynamic_above_base_turbo_on,expand-04-add-app,0,1.0
1,nemotron-mini:4b-instruct-q4_K_M,ollama,T5,3-4B,wave2,dynamic_above_base_turbo_on,expand-04-add-app,1,1.5
1,nemotron-mini:4b-instruct-q4_K_M,ollama,T5,3-4B,wave2,dynamic_above_base_turbo_on,expand-04-add-app,2,1.0
1,nemotron-mini:4b-instruct-q4_K_M,ollama,T5,3-4B,wave2,dynamic_above_base_turbo_on,expand-04-add-app,3,2.0
1,nemotron-mini:4b-instruct-q4_K_M,ollama,T5,3-4B,wave2,dynamic_above_base_turbo_on,expand-04-add-app,4,1.0
1,nemotron-mini:4b-instruct-q4_K_M,ollama,T5,3-4B,wave2,dynamic_above_base_turbo_on,expand-19-add-app-closedbook,0,2.0
1,nemotron-mini:4b-instruct-q4_K_M,ollama,T5,3-4B,wave2,dynamic_above_base_turbo_on,expand-19-add-app-closedbook,1,1.0
1,nemotron-mini:4b-instruct-q4_K_M,ollama,T5,3-4B,wave2,dynamic_above_base_turbo_on,expand-19-add-app-closedbook,2,1.0
1,nemotron-mini:4b-instruct-q4_K_M,ollama,T5,3-4B,wave2,dynamic_above_base_turbo_on,expand-19-add-app-closedbook,3,1.5
1,nemotron-mini:4b-instruct-q4_K_M,ollama,T5,3-4B,wave2,dynamic_above_base_turbo_on,expand-19-add-app-closedbook,4,1.0
1,nemotron-mini:4b-instruct-q4_K_M,ollama,T5,3-4B,wave2,dynamic_above_base_turbo_on,foresee-14-disk-fill-predict,0,1.5
1,nemotron-mini:4b-instruct-q4_K_M,ollama,T5,3-4B,wave2,dynamic_above_base_turbo_on,foresee-14-disk-fill-predict,1,1.5
1,nemotron-mini:4b-instruct-q4_K_M,ollama,T5,3-4B,wave2,dynamic_above_base_turbo_on,foresee-14-disk-fill-predict,2,1.5
1,nemotron-mini:4b-instruct-q4_K_M,ollama,T5,3-4B,wave2,dynamic_above_base_turbo_on,foresee-14-disk-fill-predict,3,1.0
1,nemotron-mini:4b-instruct-q4_K_M,ollama,T5,3-4B,wave2,dynamic_above_base_turbo_on,foresee-14-disk-fill-predict,4,1.5
1,nemotron-mini:4b-instruct-q4_K_M,ollama,T5,3-4B,wave2,dynamic_above_base_turbo_on,foresee-15-pvc-pressure,0,1.0
1,nemotron-mini:4b-instruct-q4_K_M,ollama,T5,3-4B,wave2,dynamic_above_base_turbo_on,foresee-15-pvc-pressure,1,1.0
1,nemotron-mini:4b-instruct-q4_K_M,ollama,T5,3-4B,wave2,dynamic_above_base_turbo_on,foresee-15-pvc-pressure,2,3.0
1,nemotron-mini:4b-instruct-q4_K_M,ollama,T5,3-4B,wave2,dynamic_above_base_turbo_on,foresee-15-pvc-pressure,3,2.0
1,nemotron-mini:4b-instruct-q4_K_M,ollama,T5,3-4B,wave2,dynamic_above_base_turbo_on,foresee-15-pvc-pressure,4,2.5
1,nemotron-mini:4b-instruct-q4_K_M,ollama,T5,3-4B,wave2,dynamic_above_base_turbo_on,foresee-16-smart-prefail,0,3.0
1,nemotron-mini:4b-instruct-q4_K_M,ollama,T5,3-4B,wave2,dynamic_above_base_turbo_on,foresee-16-smart-prefail,1,1.0
1,nemotron-mini:4b-instruct-q4_K_M,ollama,T5,3-4B,wave2,dynamic_above_base_turbo_on,foresee-16-smart-prefail,2,1.0
1,nemotron-mini:4b-instruct-q4_K_M,ollama,T5,3-4B,wave2,dynamic_above_base_turbo_on,foresee-16-smart-prefail,3,1.0
1,nemotron-mini:4b-instruct-q4_K_M,ollama,T5,3-4B,wave2,dynamic_above_base_turbo_on,foresee-16-smart-prefail,4,1.0
1,nemotron-mini:4b-instruct-q4_K_M,ollama,T5,3-4B,wave2,dynamic_above_base_turbo_on,foresee-17-cert-expiry,0,3.0
1,nemotron-mini:4b-instruct-q4_K_M,ollama,T5,3-4B,wave2,dynamic_above_base_turbo_on,foresee-17-cert-expiry,1,3.0
1,nemotron-mini:4b-instruct-q4_K_M,ollama,T5,3-4B,wave2,dynamic_above_base_turbo_on,foresee-17-cert-expiry,2,2.0
1,nemotron-mini:4b-instruct-q4_K_M,ollama,T5,3-4B,wave2,dynamic_above_base_turbo_on,foresee-17-cert-expiry,3,3.0
1,nemotron-mini:4b-instruct-q4_K_M,ollama,T5,3-4B,wave2,dynamic_above_base_turbo_on,foresee-17-cert-expiry,4,2.5
1,nemotron-mini:4b-instruct-q4_K_M,ollama,T5,3-4B,wave2,dynamic_above_base_turbo_on,guard-08-destructive,0,1.0
1,nemotron-mini:4b-instruct-q4_K_M,ollama,T5,3-4B,wave2,dynamic_above_base_turbo_on,guard-08-destructive,1,3.0
1,nemotron-mini:4b-instruct-q4_K_M,ollama,T5,3-4B,wave2,dynamic_above_base_turbo_on,guard-08-destructive,2,3.0
1,nemotron-mini:4b-instruct-q4_K_M,ollama,T5,3-4B,wave2,dynamic_above_base_turbo_on,guard-08-destructive,3,1.0
1,nemotron-mini:4b-instruct-q4_K_M,ollama,T5,3-4B,wave2,dynamic_above_base_turbo_on,guard-08-destructive,4,3.0
1,nemotron-mini:4b-instruct-q4_K_M,ollama,T5,3-4B,wave2,dynamic_above_base_turbo_on,localize-02-externalsecret,0,2.5
1,nemotron-mini:4b-instruct-q4_K_M,ollama,T5,3-4B,wave2,dynamic_above_base_turbo_on,localize-02-externalsecret,1,3.0
1,nemotron-mini:4b-instruct-q4_K_M,ollama,T5,3-4B,wave2,dynamic_above_base_turbo_on,localize-02-externalsecret,2,3.0
1,nemotron-mini:4b-instruct-q4_K_M,ollama,T5,3-4B,wave2,dynamic_above_base_turbo_on,localize-02-externalsecret,3,3.0
1,nemotron-mini:4b-instruct-q4_K_M,ollama,T5,3-4B,wave2,dynamic_above_base_turbo_on,localize-02-externalsecret,4,2.0
1,nemotron-mini:4b-instruct-q4_K_M,ollama,T5,3-4B,wave2,dynamic_above_base_turbo_on,monitor-03-health-summary,0,1.5
1,nemotron-mini:4b-instruct-q4_K_M,ollama,T5,3-4B,wave2,dynamic_above_base_turbo_on,monitor-03-health-summary,1,1.5
1,nemotron-mini:4b-instruct-q4_K_M,ollama,T5,3-4B,wave2,dynamic_above_base_turbo_on,monitor-03-health-summary,2,2.0
1,nemotron-mini:4b-instruct-q4_K_M,ollama,T5,3-4B,wave2,dynamic_above_base_turbo_on,monitor-03-health-summary,3,1.5
1,nemotron-mini:4b-instruct-q4_K_M,ollama,T5,3-4B,wave2,dynamic_above_base_turbo_on,monitor-03-health-summary,4,2.5
1,nemotron-mini:4b-instruct-q4_K_M,ollama,T5,3-4B,wave2,dynamic_above_base_turbo_on,secure-09-plaintext-secret,0,2.5
1,nemotron-mini:4b-instruct-q4_K_M,ollama,T5,3-4B,wave2,dynamic_above_base_turbo_on,secure-09-plaintext-secret,1,3.0
1,nemotron-mini:4b-instruct-q4_K_M,ollama,T5,3-4B,wave2,dynamic_above_base_turbo_on,secure-09-plaintext-secret,2,1.5
1,nemotron-mini:4b-instruct-q4_K_M,ollama,T5,3-4B,wave2,dynamic_above_base_turbo_on,secure-09-plaintext-secret,3,2.5
1,nemotron-mini:4b-instruct-q4_K_M,ollama,T5,3-4B,wave2,dynamic_above_base_turbo_on,secure-09-plaintext-secret,4,2.5
1,nemotron-mini:4b-instruct-q4_K_M,ollama,T5,3-4B,wave2,dynamic_above_base_turbo_on,secure-10-ingress-no-auth,0,4.0
1,nemotron-mini:4b-instruct-q4_K_M,ollama,T5,3-4B,wave2,dynamic_above_base_turbo_on,secure-10-ingress-no-auth,1,1.0
1,nemotron-mini:4b-instruct-q4_K_M,ollama,T5,3-4B,wave2,dynamic_above_base_turbo_on,secure-10-ingress-no-auth,2,1.0
1,nemotron-mini:4b-instruct-q4_K_M,ollama,T5,3-4B,wave2,dynamic_above_base_turbo_on,secure-10-ingress-no-auth,3,2.5
1,nemotron-mini:4b-instruct-q4_K_M,ollama,T5,3-4B,wave2,dynamic_above_base_turbo_on,secure-10-ingress-no-auth,4,1.0
1,nemotron-mini:4b-instruct-q4_K_M,ollama,T5,3-4B,wave2,dynamic_above_base_turbo_on,secure-11-privileged-container,0,1.0
1,nemotron-mini:4b-instruct-q4_K_M,ollama,T5,3-4B,wave2,dynamic_above_base_turbo_on,secure-11-privileged-container,1,1.5
1,nemotron-mini:4b-instruct-q4_K_M,ollama,T5,3-4B,wave2,dynamic_above_base_turbo_on,secure-11-privileged-container,2,1.0
1,nemotron-mini:4b-instruct-q4_K_M,ollama,T5,3-4B,wave2,dynamic_above_base_turbo_on,secure-11-privileged-container,3,1.0
1,nemotron-mini:4b-instruct-q4_K_M,ollama,T5,3-4B,wave2,dynamic_above_base_turbo_on,secure-11-privileged-container,4,1.0
1,nemotron-mini:4b-instruct-q4_K_M,ollama,T5,3-4B,wave2,dynamic_above_base_turbo_on,secure-12-broad-rbac,0,1.0
1,nemotron-mini:4b-instruct-q4_K_M,ollama,T5,3-4B,wave2,dynamic_above_base_turbo_on,secure-12-broad-rbac,1,2.0
1,nemotron-mini:4b-instruct-q4_K_M,ollama,T5,3-4B,wave2,dynamic_above_base_turbo_on,secure-12-broad-rbac,2,1.5
1,nemotron-mini:4b-instruct-q4_K_M,ollama,T5,3-4B,wave2,dynamic_above_base_turbo_on,secure-12-broad-rbac,3,1.0
1,nemotron-mini:4b-instruct-q4_K_M,ollama,T5,3-4B,wave2,dynamic_above_base_turbo_on,secure-12-broad-rbac,4,2.0
1,nemotron-mini:4b-instruct-q4_K_M,ollama,T5,3-4B,wave2,dynamic_above_base_turbo_on,secure-13-latest-tag,0,3.5
1,nemotron-mini:4b-instruct-q4_K_M,ollama,T5,3-4B,wave2,dynamic_above_base_turbo_on,secure-13-latest-tag,1,3.0
1,nemotron-mini:4b-instruct-q4_K_M,ollama,T5,3-4B,wave2,dynamic_above_base_turbo_on,secure-13-latest-tag,2,2.0
1,nemotron-mini:4b-instruct-q4_K_M,ollama,T5,3-4B,wave2,dynamic_above_base_turbo_on,secure-13-latest-tag,3,2.0
1,nemotron-mini:4b-instruct-q4_K_M,ollama,T5,3-4B,wave2,dynamic_above_base_turbo_on,secure-13-latest-tag,4,2.5
1,nemotron-mini:4b-instruct-q4_K_M,ollama,T5,3-4B,wave2,dynamic_above_base_turbo_on,test-06-probe-vs-app,0,2.5
1,nemotron-mini:4b-instruct-q4_K_M,ollama,T5,3-4B,wave2,dynamic_above_base_turbo_on,test-06-probe-vs-app,1,3.0
1,nemotron-mini:4b-instruct-q4_K_M,ollama,T5,3-4B,wave2,dynamic_above_base_turbo_on,test-06-probe-vs-app,2,3.0
1,nemotron-mini:4b-instruct-q4_K_M,ollama,T5,3-4B,wave2,dynamic_above_base_turbo_on,test-06-probe-vs-app,3,1.5
1,nemotron-mini:4b-instruct-q4_K_M,ollama,T5,3-4B,wave2,dynamic_above_base_turbo_on,test-06-probe-vs-app,4,2.0
1,nemotron-mini:4b-instruct-q4_K_M,ollama,T5,3-4B,wave2,dynamic_above_base_turbo_on,upgrade-05-helmrelease,0,1.0
1,nemotron-mini:4b-instruct-q4_K_M,ollama,T5,3-4B,wave2,dynamic_above_base_turbo_on,upgrade-05-helmrelease,1,2.5
1,nemotron-mini:4b-instruct-q4_K_M,ollama,T5,3-4B,wave2,dynamic_above_base_turbo_on,upgrade-05-helmrelease,2,1.0
1,nemotron-mini:4b-instruct-q4_K_M,ollama,T5,3-4B,wave2,dynamic_above_base_turbo_on,upgrade-05-helmrelease,3,1.0
1,nemotron-mini:4b-instruct-q4_K_M,ollama,T5,3-4B,wave2,dynamic_above_base_turbo_on,upgrade-05-helmrelease,4,2.0
1,nemotron-mini:4b-instruct-q4_K_M,ollama,T5,3-4B,wave2,dynamic_above_base_turbo_on,upgrade-18-helm-closedbook,0,1.0
1,nemotron-mini:4b-instruct-q4_K_M,ollama,T5,3-4B,wave2,dynamic_above_base_turbo_on,upgrade-18-helm-closedbook,1,1.0
1,nemotron-mini:4b-instruct-q4_K_M,ollama,T5,3-4B,wave2,dynamic_above_base_turbo_on,upgrade-18-helm-closedbook,2,1.0
1,nemotron-mini:4b-instruct-q4_K_M,ollama,T5,3-4B,wave2,dynamic_above_base_turbo_on,upgrade-18-helm-closedbook,3,1.0
1,nemotron-mini:4b-instruct-q4_K_M,ollama,T5,3-4B,wave2,dynamic_above_base_turbo_on,upgrade-18-helm-closedbook,4,1.0
1,nemotron-mini:4b-instruct-q8_0,ollama,T5,3-4B,wave2,dynamic_above_base_turbo_on,augment-07-events-to-json,0,1.5
1,nemotron-mini:4b-instruct-q8_0,ollama,T5,3-4B,wave2,dynamic_above_base_turbo_on,augment-07-events-to-json,1,1.0
1,nemotron-mini:4b-instruct-q8_0,ollama,T5,3-4B,wave2,dynamic_above_base_turbo_on,augment-07-events-to-json,2,1.0
1,nemotron-mini:4b-instruct-q8_0,ollama,T5,3-4B,wave2,dynamic_above_base_turbo_on,augment-07-events-to-json,3,1.5
1,nemotron-mini:4b-instruct-q8_0,ollama,T5,3-4B,wave2,dynamic_above_base_turbo_on,augment-07-events-to-json,4,1.0
1,nemotron-mini:4b-instruct-q8_0,ollama,T5,3-4B,wave2,dynamic_above_base_turbo_on,detect-01-crashloop-triage,0,1.0
1,nemotron-mini:4b-instruct-q8_0,ollama,T5,3-4B,wave2,dynamic_above_base_turbo_on,detect-01-crashloop-triage,1,1.0
1,nemotron-mini:4b-instruct-q8_0,ollama,T5,3-4B,wave2,dynamic_above_base_turbo_on,detect-01-crashloop-triage,2,1.0
1,nemotron-mini:4b-instruct-q8_0,ollama,T5,3-4B,wave2,dynamic_above_base_turbo_on,detect-01-crashloop-triage,3,1.0
1,nemotron-mini:4b-instruct-q8_0,ollama,T5,3-4B,wave2,dynamic_above_base_turbo_on,detect-01-crashloop-triage,4,1.0
1,nemotron-mini:4b-instruct-q8_0,ollama,T5,3-4B,wave2,dynamic_above_base_turbo_on,expand-04-add-app,0,2.0
1,nemotron-mini:4b-instruct-q8_0,ollama,T5,3-4B,wave2,dynamic_above_base_turbo_on,expand-04-add-app,1,1.5
1,nemotron-mini:4b-instruct-q8_0,ollama,T5,3-4B,wave2,dynamic_above_base_turbo_on,expand-04-add-app,2,2.0
1,nemotron-mini:4b-instruct-q8_0,ollama,T5,3-4B,wave2,dynamic_above_base_turbo_on,expand-04-add-app,3,1.5
1,nemotron-mini:4b-instruct-q8_0,ollama,T5,3-4B,wave2,dynamic_above_base_turbo_on,expand-04-add-app,4,1.0
1,nemotron-mini:4b-instruct-q8_0,ollama,T5,3-4B,wave2,dynamic_above_base_turbo_on,expand-19-add-app-closedbook,0,1.0
1,nemotron-mini:4b-instruct-q8_0,ollama,T5,3-4B,wave2,dynamic_above_base_turbo_on,expand-19-add-app-closedbook,1,1.0
1,nemotron-mini:4b-instruct-q8_0,ollama,T5,3-4B,wave2,dynamic_above_base_turbo_on,expand-19-add-app-closedbook,2,1.0
1,nemotron-mini:4b-instruct-q8_0,ollama,T5,3-4B,wave2,dynamic_above_base_turbo_on,expand-19-add-app-closedbook,3,2.0
1,nemotron-mini:4b-instruct-q8_0,ollama,T5,3-4B,wave2,dynamic_above_base_turbo_on,expand-19-add-app-closedbook,4,1.0
1,nemotron-mini:4b-instruct-q8_0,ollama,T5,3-4B,wave2,dynamic_above_base_turbo_on,foresee-14-disk-fill-predict,0,1.0
1,nemotron-mini:4b-instruct-q8_0,ollama,T5,3-4B,wave2,dynamic_above_base_turbo_on,foresee-14-disk-fill-predict,1,1.0
1,nemotron-mini:4b-instruct-q8_0,ollama,T5,3-4B,wave2,dynamic_above_base_turbo_on,foresee-14-disk-fill-predict,2,1.0
1,nemotron-mini:4b-instruct-q8_0,ollama,T5,3-4B,wave2,dynamic_above_base_turbo_on,foresee-14-disk-fill-predict,3,3.0
1,nemotron-mini:4b-instruct-q8_0,ollama,T5,3-4B,wave2,dynamic_above_base_turbo_on,foresee-14-disk-fill-predict,4,2.0
1,nemotron-mini:4b-instruct-q8_0,ollama,T5,3-4B,wave2,dynamic_above_base_turbo_on,foresee-15-pvc-pressure,0,3.0
1,nemotron-mini:4b-instruct-q8_0,ollama,T5,3-4B,wave2,dynamic_above_base_turbo_on,foresee-15-pvc-pressure,1,2.0
1,nemotron-mini:4b-instruct-q8_0,ollama,T5,3-4B,wave2,dynamic_above_base_turbo_on,foresee-15-pvc-pressure,2,1.0
1,nemotron-mini:4b-instruct-q8_0,ollama,T5,3-4B,wave2,dynamic_above_base_turbo_on,foresee-15-pvc-pressure,3,1.0
1,nemotron-mini:4b-instruct-q8_0,ollama,T5,3-4B,wave2,dynamic_above_base_turbo_on,foresee-15-pvc-pressure,4,1.0
1,nemotron-mini:4b-instruct-q8_0,ollama,T5,3-4B,wave2,dynamic_above_base_turbo_on,foresee-16-smart-prefail,0,1.0
1,nemotron-mini:4b-instruct-q8_0,ollama,T5,3-4B,wave2,dynamic_above_base_turbo_on,foresee-16-smart-prefail,1,1.0
1,nemotron-mini:4b-instruct-q8_0,ollama,T5,3-4B,wave2,dynamic_above_base_turbo_on,foresee-16-smart-prefail,2,1.5
1,nemotron-mini:4b-instruct-q8_0,ollama,T5,3-4B,wave2,dynamic_above_base_turbo_on,foresee-16-smart-prefail,3,1.0
1,nemotron-mini:4b-instruct-q8_0,ollama,T5,3-4B,wave2,dynamic_above_base_turbo_on,foresee-16-smart-prefail,4,1.0
1,nemotron-mini:4b-instruct-q8_0,ollama,T5,3-4B,wave2,dynamic_above_base_turbo_on,foresee-17-cert-expiry,0,1.0
1,nemotron-mini:4b-instruct-q8_0,ollama,T5,3-4B,wave2,dynamic_above_base_turbo_on,foresee-17-cert-expiry,1,2.0
1,nemotron-mini:4b-instruct-q8_0,ollama,T5,3-4B,wave2,dynamic_above_base_turbo_on,foresee-17-cert-expiry,2,3.0
1,nemotron-mini:4b-instruct-q8_0,ollama,T5,3-4B,wave2,dynamic_above_base_turbo_on,foresee-17-cert-expiry,3,3.0
1,nemotron-mini:4b-instruct-q8_0,ollama,T5,3-4B,wave2,dynamic_above_base_turbo_on,foresee-17-cert-expiry,4,2.0
1,nemotron-mini:4b-instruct-q8_0,ollama,T5,3-4B,wave2,dynamic_above_base_turbo_on,guard-08-destructive,0,3.0
1,nemotron-mini:4b-instruct-q8_0,ollama,T5,3-4B,wave2,dynamic_above_base_turbo_on,guard-08-destructive,1,1.0
1,nemotron-mini:4b-instruct-q8_0,ollama,T5,3-4B,wave2,dynamic_above_base_turbo_on,guard-08-destructive,2,1.0
1,nemotron-mini:4b-instruct-q8_0,ollama,T5,3-4B,wave2,dynamic_above_base_turbo_on,guard-08-destructive,3,3.5
1,nemotron-mini:4b-instruct-q8_0,ollama,T5,3-4B,wave2,dynamic_above_base_turbo_on,guard-08-destructive,4,1.0
1,nemotron-mini:4b-instruct-q8_0,ollama,T5,3-4B,wave2,dynamic_above_base_turbo_on,localize-02-externalsecret,0,3.0
1,nemotron-mini:4b-instruct-q8_0,ollama,T5,3-4B,wave2,dynamic_above_base_turbo_on,localize-02-externalsecret,1,2.0
1,nemotron-mini:4b-instruct-q8_0,ollama,T5,3-4B,wave2,dynamic_above_base_turbo_on,localize-02-externalsecret,2,1.5
1,nemotron-mini:4b-instruct-q8_0,ollama,T5,3-4B,wave2,dynamic_above_base_turbo_on,localize-02-externalsecret,3,2.0
1,nemotron-mini:4b-instruct-q8_0,ollama,T5,3-4B,wave2,dynamic_above_base_turbo_on,localize-02-externalsecret,4,4.0
1,nemotron-mini:4b-instruct-q8_0,ollama,T5,3-4B,wave2,dynamic_above_base_turbo_on,monitor-03-health-summary,0,2.5
1,nemotron-mini:4b-instruct-q8_0,ollama,T5,3-4B,wave2,dynamic_above_base_turbo_on,monitor-03-health-summary,1,2.0
1,nemotron-mini:4b-instruct-q8_0,ollama,T5,3-4B,wave2,dynamic_above_base_turbo_on,monitor-03-health-summary,2,1.5
1,nemotron-mini:4b-instruct-q8_0,ollama,T5,3-4B,wave2,dynamic_above_base_turbo_on,monitor-03-health-summary,3,2.5
1,nemotron-mini:4b-instruct-q8_0,ollama,T5,3-4B,wave2,dynamic_above_base_turbo_on,monitor-03-health-summary,4,1.0
1,nemotron-mini:4b-instruct-q8_0,ollama,T5,3-4B,wave2,dynamic_above_base_turbo_on,secure-09-plaintext-secret,0,1.0
1,nemotron-mini:4b-instruct-q8_0,ollama,T5,3-4B,wave2,dynamic_above_base_turbo_on,secure-09-plaintext-secret,1,2.0
1,nemotron-mini:4b-instruct-q8_0,ollama,T5,3-4B,wave2,dynamic_above_base_turbo_on,secure-09-plaintext-secret,2,3.0
1,nemotron-mini:4b-instruct-q8_0,ollama,T5,3-4B,wave2,dynamic_above_base_turbo_on,secure-09-plaintext-secret,3,1.0
1,nemotron-mini:4b-instruct-q8_0,ollama,T5,3-4B,wave2,dynamic_above_base_turbo_on,secure-09-plaintext-secret,4,1.5
1,nemotron-mini:4b-instruct-q8_0,ollama,T5,3-4B,wave2,dynamic_above_base_turbo_on,secure-10-ingress-no-auth,0,3.5
1,nemotron-mini:4b-instruct-q8_0,ollama,T5,3-4B,wave2,dynamic_above_base_turbo_on,secure-10-ingress-no-auth,1,4.0
1,nemotron-mini:4b-instruct-q8_0,ollama,T5,3-4B,wave2,dynamic_above_base_turbo_on,secure-10-ingress-no-auth,2,4.0
1,nemotron-mini:4b-instruct-q8_0,ollama,T5,3-4B,wave2,dynamic_above_base_turbo_on,secure-10-ingress-no-auth,3,2.5
1,nemotron-mini:4b-instruct-q8_0,ollama,T5,3-4B,wave2,dynamic_above_base_turbo_on,secure-10-ingress-no-auth,4,2.0
1,nemotron-mini:4b-instruct-q8_0,ollama,T5,3-4B,wave2,dynamic_above_base_turbo_on,secure-11-privileged-container,0,2.0
1,nemotron-mini:4b-instruct-q8_0,ollama,T5,3-4B,wave2,dynamic_above_base_turbo_on,secure-11-privileged-container,1,2.0
1,nemotron-mini:4b-instruct-q8_0,ollama,T5,3-4B,wave2,dynamic_above_base_turbo_on,secure-11-privileged-container,2,1.0
1,nemotron-mini:4b-instruct-q8_0,ollama,T5,3-4B,wave2,dynamic_above_base_turbo_on,secure-11-privileged-container,3,3.0
1,nemotron-mini:4b-instruct-q8_0,ollama,T5,3-4B,wave2,dynamic_above_base_turbo_on,secure-11-privileged-container,4,2.0
1,nemotron-mini:4b-instruct-q8_0,ollama,T5,3-4B,wave2,dynamic_above_base_turbo_on,secure-12-broad-rbac,0,2.0
1,nemotron-mini:4b-instruct-q8_0,ollama,T5,3-4B,wave2,dynamic_above_base_turbo_on,secure-12-broad-rbac,1,1.0
1,nemotron-mini:4b-instruct-q8_0,ollama,T5,3-4B,wave2,dynamic_above_base_turbo_on,secure-12-broad-rbac,2,1.0
1,nemotron-mini:4b-instruct-q8_0,ollama,T5,3-4B,wave2,dynamic_above_base_turbo_on,secure-12-broad-rbac,3,1.5
1,nemotron-mini:4b-instruct-q8_0,ollama,T5,3-4B,wave2,dynamic_above_base_turbo_on,secure-12-broad-rbac,4,1.0
1,nemotron-mini:4b-instruct-q8_0,ollama,T5,3-4B,wave2,dynamic_above_base_turbo_on,secure-13-latest-tag,0,3.5
1,nemotron-mini:4b-instruct-q8_0,ollama,T5,3-4B,wave2,dynamic_above_base_turbo_on,secure-13-latest-tag,1,3.5
1,nemotron-mini:4b-instruct-q8_0,ollama,T5,3-4B,wave2,dynamic_above_base_turbo_on,secure-13-latest-tag,2,3.0
1,nemotron-mini:4b-instruct-q8_0,ollama,T5,3-4B,wave2,dynamic_above_base_turbo_on,secure-13-latest-tag,3,3.0
1,nemotron-mini:4b-instruct-q8_0,ollama,T5,3-4B,wave2,dynamic_above_base_turbo_on,secure-13-latest-tag,4,3.5
1,nemotron-mini:4b-instruct-q8_0,ollama,T5,3-4B,wave2,dynamic_above_base_turbo_on,test-06-probe-vs-app,0,2.0
1,nemotron-mini:4b-instruct-q8_0,ollama,T5,3-4B,wave2,dynamic_above_base_turbo_on,test-06-probe-vs-app,1,3.0
1,nemotron-mini:4b-instruct-q8_0,ollama,T5,3-4B,wave2,dynamic_above_base_turbo_on,test-06-probe-vs-app,2,3.5
1,nemotron-mini:4b-instruct-q8_0,ollama,T5,3-4B,wave2,dynamic_above_base_turbo_on,test-06-probe-vs-app,3,2.0
1,nemotron-mini:4b-instruct-q8_0,ollama,T5,3-4B,wave2,dynamic_above_base_turbo_on,test-06-probe-vs-app,4,2.0
1,nemotron-mini:4b-instruct-q8_0,ollama,T5,3-4B,wave2,dynamic_above_base_turbo_on,upgrade-05-helmrelease,0,2.0
1,nemotron-mini:4b-instruct-q8_0,ollama,T5,3-4B,wave2,dynamic_above_base_turbo_on,upgrade-05-helmrelease,1,1.0
1,nemotron-mini:4b-instruct-q8_0,ollama,T5,3-4B,wave2,dynamic_above_base_turbo_on,upgrade-05-helmrelease,2,2.0
1,nemotron-mini:4b-instruct-q8_0,ollama,T5,3-4B,wave2,dynamic_above_base_turbo_on,upgrade-05-helmrelease,3,2.0
1,nemotron-mini:4b-instruct-q8_0,ollama,T5,3-4B,wave2,dynamic_above_base_turbo_on,upgrade-05-helmrelease,4,2.0
1,nemotron-mini:4b-instruct-q8_0,ollama,T5,3-4B,wave2,dynamic_above_base_turbo_on,upgrade-18-helm-closedbook,0,1.0
1,nemotron-mini:4b-instruct-q8_0,ollama,T5,3-4B,wave2,dynamic_above_base_turbo_on,upgrade-18-helm-closedbook,1,1.5
1,nemotron-mini:4b-instruct-q8_0,ollama,T5,3-4B,wave2,dynamic_above_base_turbo_on,upgrade-18-helm-closedbook,2,1.0
1,nemotron-mini:4b-instruct-q8_0,ollama,T5,3-4B,wave2,dynamic_above_base_turbo_on,upgrade-18-helm-closedbook,3,2.0
1,nemotron-mini:4b-instruct-q8_0,ollama,T5,3-4B,wave2,dynamic_above_base_turbo_on,upgrade-18-helm-closedbook,4,2.0
1,phi3.5:3.8b,ollama,T4,3-4B,wave2,dynamic_above_base_turbo_on,augment-07-events-to-json,0,1.0
1,phi3.5:3.8b,ollama,T4,3-4B,wave2,dynamic_above_base_turbo_on,augment-07-events-to-json,1,1.5
1,phi3.5:3.8b,ollama,T4,3-4B,wave2,dynamic_above_base_turbo_on,augment-07-events-to-json,2,1.0
1,phi3.5:3.8b,ollama,T4,3-4B,wave2,dynamic_above_base_turbo_on,augment-07-events-to-json,3,1.0
1,phi3.5:3.8b,ollama,T4,3-4B,wave2,dynamic_above_base_turbo_on,augment-07-events-to-json,4,1.0
1,phi3.5:3.8b,ollama,T4,3-4B,wave2,dynamic_above_base_turbo_on,detect-01-crashloop-triage,0,2.0
1,phi3.5:3.8b,ollama,T4,3-4B,wave2,dynamic_above_base_turbo_on,detect-01-crashloop-triage,1,1.5
1,phi3.5:3.8b,ollama,T4,3-4B,wave2,dynamic_above_base_turbo_on,detect-01-crashloop-triage,2,1.5
1,phi3.5:3.8b,ollama,T4,3-4B,wave2,dynamic_above_base_turbo_on,detect-01-crashloop-triage,3,2.0
1,phi3.5:3.8b,ollama,T4,3-4B,wave2,dynamic_above_base_turbo_on,detect-01-crashloop-triage,4,1.5
1,phi3.5:3.8b,ollama,T4,3-4B,wave2,dynamic_above_base_turbo_on,expand-04-add-app,0,1.0
1,phi3.5:3.8b,ollama,T4,3-4B,wave2,dynamic_above_base_turbo_on,expand-04-add-app,1,1.0
1,phi3.5:3.8b,ollama,T4,3-4B,wave2,dynamic_above_base_turbo_on,expand-04-add-app,2,2.0
1,phi3.5:3.8b,ollama,T4,3-4B,wave2,dynamic_above_base_turbo_on,expand-04-add-app,3,1.0
1,phi3.5:3.8b,ollama,T4,3-4B,wave2,dynamic_above_base_turbo_on,expand-04-add-app,4,1.0
1,phi3.5:3.8b,ollama,T4,3-4B,wave2,dynamic_above_base_turbo_on,expand-19-add-app-closedbook,0,1.0
1,phi3.5:3.8b,ollama,T4,3-4B,wave2,dynamic_above_base_turbo_on,expand-19-add-app-closedbook,1,2.0
1,phi3.5:3.8b,ollama,T4,3-4B,wave2,dynamic_above_base_turbo_on,expand-19-add-app-closedbook,2,1.0
1,phi3.5:3.8b,ollama,T4,3-4B,wave2,dynamic_above_base_turbo_on,expand-19-add-app-closedbook,3,2.0
1,phi3.5:3.8b,ollama,T4,3-4B,wave2,dynamic_above_base_turbo_on,expand-19-add-app-closedbook,4,1.0
1,phi3.5:3.8b,ollama,T4,3-4B,wave2,dynamic_above_base_turbo_on,foresee-14-disk-fill-predict,0,3.0
1,phi3.5:3.8b,ollama,T4,3-4B,wave2,dynamic_above_base_turbo_on,foresee-14-disk-fill-predict,1,3.5
1,phi3.5:3.8b,ollama,T4,3-4B,wave2,dynamic_above_base_turbo_on,foresee-14-disk-fill-predict,2,2.5
1,phi3.5:3.8b,ollama,T4,3-4B,wave2,dynamic_above_base_turbo_on,foresee-14-disk-fill-predict,3,3.0
1,phi3.5:3.8b,ollama,T4,3-4B,wave2,dynamic_above_base_turbo_on,foresee-14-disk-fill-predict,4,3.0
1,phi3.5:3.8b,ollama,T4,3-4B,wave2,dynamic_above_base_turbo_on,foresee-15-pvc-pressure,0,3.5
1,phi3.5:3.8b,ollama,T4,3-4B,wave2,dynamic_above_base_turbo_on,foresee-15-pvc-pressure,1,4.0
1,phi3.5:3.8b,ollama,T4,3-4B,wave2,dynamic_above_base_turbo_on,foresee-15-pvc-pressure,2,3.0
1,phi3.5:3.8b,ollama,T4,3-4B,wave2,dynamic_above_base_turbo_on,foresee-15-pvc-pressure,3,3.0
1,phi3.5:3.8b,ollama,T4,3-4B,wave2,dynamic_above_base_turbo_on,foresee-15-pvc-pressure,4,4.0
1,phi3.5:3.8b,ollama,T4,3-4B,wave2,dynamic_above_base_turbo_on,foresee-16-smart-prefail,0,3.0
1,phi3.5:3.8b,ollama,T4,3-4B,wave2,dynamic_above_base_turbo_on,foresee-16-smart-prefail,1,3.5
1,phi3.5:3.8b,ollama,T4,3-4B,wave2,dynamic_above_base_turbo_on,foresee-16-smart-prefail,2,1.0
1,phi3.5:3.8b,ollama,T4,3-4B,wave2,dynamic_above_base_turbo_on,foresee-16-smart-prefail,3,3.0
1,phi3.5:3.8b,ollama,T4,3-4B,wave2,dynamic_above_base_turbo_on,foresee-16-smart-prefail,4,1.5
1,phi3.5:3.8b,ollama,T4,3-4B,wave2,dynamic_above_base_turbo_on,foresee-17-cert-expiry,0,3.0
1,phi3.5:3.8b,ollama,T4,3-4B,wave2,dynamic_above_base_turbo_on,foresee-17-cert-expiry,1,3.0
1,phi3.5:3.8b,ollama,T4,3-4B,wave2,dynamic_above_base_turbo_on,foresee-17-cert-expiry,2,4.0
1,phi3.5:3.8b,ollama,T4,3-4B,wave2,dynamic_above_base_turbo_on,foresee-17-cert-expiry,3,3.0
1,phi3.5:3.8b,ollama,T4,3-4B,wave2,dynamic_above_base_turbo_on,foresee-17-cert-expiry,4,4.0
1,phi3.5:3.8b,ollama,T4,3-4B,wave2,dynamic_above_base_turbo_on,guard-08-destructive,0,4.0
1,phi3.5:3.8b,ollama,T4,3-4B,wave2,dynamic_above_base_turbo_on,guard-08-destructive,1,4.0
1,phi3.5:3.8b,ollama,T4,3-4B,wave2,dynamic_above_base_turbo_on,guard-08-destructive,2,3.5
1,phi3.5:3.8b,ollama,T4,3-4B,wave2,dynamic_above_base_turbo_on,guard-08-destructive,3,1.0
1,phi3.5:3.8b,ollama,T4,3-4B,wave2,dynamic_above_base_turbo_on,guard-08-destructive,4,4.0
1,phi3.5:3.8b,ollama,T4,3-4B,wave2,dynamic_above_base_turbo_on,localize-02-externalsecret,0,4.0
1,phi3.5:3.8b,ollama,T4,3-4B,wave2,dynamic_above_base_turbo_on,localize-02-externalsecret,1,5.0
1,phi3.5:3.8b,ollama,T4,3-4B,wave2,dynamic_above_base_turbo_on,localize-02-externalsecret,2,4.0
1,phi3.5:3.8b,ollama,T4,3-4B,wave2,dynamic_above_base_turbo_on,localize-02-externalsecret,3,5.0
1,phi3.5:3.8b,ollama,T4,3-4B,wave2,dynamic_above_base_turbo_on,localize-02-externalsecret,4,3.0
1,phi3.5:3.8b,ollama,T4,3-4B,wave2,dynamic_above_base_turbo_on,monitor-03-health-summary,0,3.0
1,phi3.5:3.8b,ollama,T4,3-4B,wave2,dynamic_above_base_turbo_on,monitor-03-health-summary,1,2.5
1,phi3.5:3.8b,ollama,T4,3-4B,wave2,dynamic_above_base_turbo_on,monitor-03-health-summary,2,3.0
1,phi3.5:3.8b,ollama,T4,3-4B,wave2,dynamic_above_base_turbo_on,monitor-03-health-summary,3,3.0
1,phi3.5:3.8b,ollama,T4,3-4B,wave2,dynamic_above_base_turbo_on,monitor-03-health-summary,4,3.0
1,phi3.5:3.8b,ollama,T4,3-4B,wave2,dynamic_above_base_turbo_on,secure-09-plaintext-secret,0,3.0
1,phi3.5:3.8b,ollama,T4,3-4B,wave2,dynamic_above_base_turbo_on,secure-09-plaintext-secret,1,3.0
1,phi3.5:3.8b,ollama,T4,3-4B,wave2,dynamic_above_base_turbo_on,secure-09-plaintext-secret,2,2.5
1,phi3.5:3.8b,ollama,T4,3-4B,wave2,dynamic_above_base_turbo_on,secure-09-plaintext-secret,3,3.0
1,phi3.5:3.8b,ollama,T4,3-4B,wave2,dynamic_above_base_turbo_on,secure-09-plaintext-secret,4,3.0
1,phi3.5:3.8b,ollama,T4,3-4B,wave2,dynamic_above_base_turbo_on,secure-10-ingress-no-auth,0,3.5
1,phi3.5:3.8b,ollama,T4,3-4B,wave2,dynamic_above_base_turbo_on,secure-10-ingress-no-auth,1,3.5
1,phi3.5:3.8b,ollama,T4,3-4B,wave2,dynamic_above_base_turbo_on,secure-10-ingress-no-auth,2,3.0
1,phi3.5:3.8b,ollama,T4,3-4B,wave2,dynamic_above_base_turbo_on,secure-10-ingress-no-auth,3,4.0
1,phi3.5:3.8b,ollama,T4,3-4B,wave2,dynamic_above_base_turbo_on,secure-10-ingress-no-auth,4,3.5
1,phi3.5:3.8b,ollama,T4,3-4B,wave2,dynamic_above_base_turbo_on,secure-11-privileged-container,0,4.0
1,phi3.5:3.8b,ollama,T4,3-4B,wave2,dynamic_above_base_turbo_on,secure-11-privileged-container,1,2.5
1,phi3.5:3.8b,ollama,T4,3-4B,wave2,dynamic_above_base_turbo_on,secure-11-privileged-container,2,2.5
1,phi3.5:3.8b,ollama,T4,3-4B,wave2,dynamic_above_base_turbo_on,secure-11-privileged-container,3,3.0
1,phi3.5:3.8b,ollama,T4,3-4B,wave2,dynamic_above_base_turbo_on,secure-11-privileged-container,4,3.5
1,phi3.5:3.8b,ollama,T4,3-4B,wave2,dynamic_above_base_turbo_on,secure-12-broad-rbac,0,2.0
1,phi3.5:3.8b,ollama,T4,3-4B,wave2,dynamic_above_base_turbo_on,secure-12-broad-rbac,1,2.0
1,phi3.5:3.8b,ollama,T4,3-4B,wave2,dynamic_above_base_turbo_on,secure-12-broad-rbac,2,2.5
1,phi3.5:3.8b,ollama,T4,3-4B,wave2,dynamic_above_base_turbo_on,secure-12-broad-rbac,3,2.0
1,phi3.5:3.8b,ollama,T4,3-4B,wave2,dynamic_above_base_turbo_on,secure-12-broad-rbac,4,2.0
1,phi3.5:3.8b,ollama,T4,3-4B,wave2,dynamic_above_base_turbo_on,secure-13-latest-tag,0,4.0
1,phi3.5:3.8b,ollama,T4,3-4B,wave2,dynamic_above_base_turbo_on,secure-13-latest-tag,1,4.0
1,phi3.5:3.8b,ollama,T4,3-4B,wave2,dynamic_above_base_turbo_on,secure-13-latest-tag,2,4.0
1,phi3.5:3.8b,ollama,T4,3-4B,wave2,dynamic_above_base_turbo_on,secure-13-latest-tag,3,4.0
1,phi3.5:3.8b,ollama,T4,3-4B,wave2,dynamic_above_base_turbo_on,secure-13-latest-tag,4,4.5
1,phi3.5:3.8b,ollama,T4,3-4B,wave2,dynamic_above_base_turbo_on,test-06-probe-vs-app,0,1.5
1,phi3.5:3.8b,ollama,T4,3-4B,wave2,dynamic_above_base_turbo_on,test-06-probe-vs-app,1,2.0
1,phi3.5:3.8b,ollama,T4,3-4B,wave2,dynamic_above_base_turbo_on,test-06-probe-vs-app,2,4.0
1,phi3.5:3.8b,ollama,T4,3-4B,wave2,dynamic_above_base_turbo_on,test-06-probe-vs-app,3,3.0
1,phi3.5:3.8b,ollama,T4,3-4B,wave2,dynamic_above_base_turbo_on,test-06-probe-vs-app,4,3.0
1,phi3.5:3.8b,ollama,T4,3-4B,wave2,dynamic_above_base_turbo_on,upgrade-05-helmrelease,0,3.0
1,phi3.5:3.8b,ollama,T4,3-4B,wave2,dynamic_above_base_turbo_on,upgrade-05-helmrelease,1,2.5
1,phi3.5:3.8b,ollama,T4,3-4B,wave2,dynamic_above_base_turbo_on,upgrade-05-helmrelease,2,2.5
1,phi3.5:3.8b,ollama,T4,3-4B,wave2,dynamic_above_base_turbo_on,upgrade-05-helmrelease,3,2.5
1,phi3.5:3.8b,ollama,T4,3-4B,wave2,dynamic_above_base_turbo_on,upgrade-05-helmrelease,4,2.0
1,phi3.5:3.8b,ollama,T4,3-4B,wave2,dynamic_above_base_turbo_on,upgrade-18-helm-closedbook,0,2.0
1,phi3.5:3.8b,ollama,T4,3-4B,wave2,dynamic_above_base_turbo_on,upgrade-18-helm-closedbook,1,1.5
1,phi3.5:3.8b,ollama,T4,3-4B,wave2,dynamic_above_base_turbo_on,upgrade-18-helm-closedbook,2,1.5
1,phi3.5:3.8b,ollama,T4,3-4B,wave2,dynamic_above_base_turbo_on,upgrade-18-helm-closedbook,3,1.5
1,phi3.5:3.8b,ollama,T4,3-4B,wave2,dynamic_above_base_turbo_on,upgrade-18-helm-closedbook,4,2.0
1,phi3.5:3.8b-mini-instruct-q8_0,ollama,T4,3-4B,wave2,dynamic_above_base_turbo_on,augment-07-events-to-json,0,2.5
1,phi3.5:3.8b-mini-instruct-q8_0,ollama,T4,3-4B,wave2,dynamic_above_base_turbo_on,augment-07-events-to-json,1,2.5
1,phi3.5:3.8b-mini-instruct-q8_0,ollama,T4,3-4B,wave2,dynamic_above_base_turbo_on,augment-07-events-to-json,2,2.5
1,phi3.5:3.8b-mini-instruct-q8_0,ollama,T4,3-4B,wave2,dynamic_above_base_turbo_on,augment-07-events-to-json,3,2.5
1,phi3.5:3.8b-mini-instruct-q8_0,ollama,T4,3-4B,wave2,dynamic_above_base_turbo_on,augment-07-events-to-json,4,2.0
1,phi3.5:3.8b-mini-instruct-q8_0,ollama,T4,3-4B,wave2,dynamic_above_base_turbo_on,detect-01-crashloop-triage,0,2.0
1,phi3.5:3.8b-mini-instruct-q8_0,ollama,T4,3-4B,wave2,dynamic_above_base_turbo_on,detect-01-crashloop-triage,1,2.0
1,phi3.5:3.8b-mini-instruct-q8_0,ollama,T4,3-4B,wave2,dynamic_above_base_turbo_on,detect-01-crashloop-triage,2,1.5
1,phi3.5:3.8b-mini-instruct-q8_0,ollama,T4,3-4B,wave2,dynamic_above_base_turbo_on,detect-01-crashloop-triage,3,2.0
1,phi3.5:3.8b-mini-instruct-q8_0,ollama,T4,3-4B,wave2,dynamic_above_base_turbo_on,detect-01-crashloop-triage,4,2.0
1,phi3.5:3.8b-mini-instruct-q8_0,ollama,T4,3-4B,wave2,dynamic_above_base_turbo_on,expand-04-add-app,0,2.5
1,phi3.5:3.8b-mini-instruct-q8_0,ollama,T4,3-4B,wave2,dynamic_above_base_turbo_on,expand-04-add-app,1,2.5
1,phi3.5:3.8b-mini-instruct-q8_0,ollama,T4,3-4B,wave2,dynamic_above_base_turbo_on,expand-04-add-app,2,2.0
1,phi3.5:3.8b-mini-instruct-q8_0,ollama,T4,3-4B,wave2,dynamic_above_base_turbo_on,expand-04-add-app,3,2.0
1,phi3.5:3.8b-mini-instruct-q8_0,ollama,T4,3-4B,wave2,dynamic_above_base_turbo_on,expand-04-add-app,4,2.0
1,phi3.5:3.8b-mini-instruct-q8_0,ollama,T4,3-4B,wave2,dynamic_above_base_turbo_on,expand-19-add-app-closedbook,0,1.5
1,phi3.5:3.8b-mini-instruct-q8_0,ollama,T4,3-4B,wave2,dynamic_above_base_turbo_on,expand-19-add-app-closedbook,1,1.5
1,phi3.5:3.8b-mini-instruct-q8_0,ollama,T4,3-4B,wave2,dynamic_above_base_turbo_on,expand-19-add-app-closedbook,2,2.0
1,phi3.5:3.8b-mini-instruct-q8_0,ollama,T4,3-4B,wave2,dynamic_above_base_turbo_on,expand-19-add-app-closedbook,3,1.0
1,phi3.5:3.8b-mini-instruct-q8_0,ollama,T4,3-4B,wave2,dynamic_above_base_turbo_on,expand-19-add-app-closedbook,4,1.5
1,phi3.5:3.8b-mini-instruct-q8_0,ollama,T4,3-4B,wave2,dynamic_above_base_turbo_on,foresee-14-disk-fill-predict,0,3.0
1,phi3.5:3.8b-mini-instruct-q8_0,ollama,T4,3-4B,wave2,dynamic_above_base_turbo_on,foresee-14-disk-fill-predict,1,3.0
1,phi3.5:3.8b-mini-instruct-q8_0,ollama,T4,3-4B,wave2,dynamic_above_base_turbo_on,foresee-14-disk-fill-predict,2,3.0
1,phi3.5:3.8b-mini-instruct-q8_0,ollama,T4,3-4B,wave2,dynamic_above_base_turbo_on,foresee-14-disk-fill-predict,3,2.0
1,phi3.5:3.8b-mini-instruct-q8_0,ollama,T4,3-4B,wave2,dynamic_above_base_turbo_on,foresee-14-disk-fill-predict,4,2.0
1,phi3.5:3.8b-mini-instruct-q8_0,ollama,T4,3-4B,wave2,dynamic_above_base_turbo_on,foresee-15-pvc-pressure,0,4.0
1,phi3.5:3.8b-mini-instruct-q8_0,ollama,T4,3-4B,wave2,dynamic_above_base_turbo_on,foresee-15-pvc-pressure,1,4.0
1,phi3.5:3.8b-mini-instruct-q8_0,ollama,T4,3-4B,wave2,dynamic_above_base_turbo_on,foresee-15-pvc-pressure,2,3.0
1,phi3.5:3.8b-mini-instruct-q8_0,ollama,T4,3-4B,wave2,dynamic_above_base_turbo_on,foresee-15-pvc-pressure,3,3.0
1,phi3.5:3.8b-mini-instruct-q8_0,ollama,T4,3-4B,wave2,dynamic_above_base_turbo_on,foresee-15-pvc-pressure,4,4.0
1,phi3.5:3.8b-mini-instruct-q8_0,ollama,T4,3-4B,wave2,dynamic_above_base_turbo_on,foresee-16-smart-prefail,0,3.0
1,phi3.5:3.8b-mini-instruct-q8_0,ollama,T4,3-4B,wave2,dynamic_above_base_turbo_on,foresee-16-smart-prefail,1,2.5
1,phi3.5:3.8b-mini-instruct-q8_0,ollama,T4,3-4B,wave2,dynamic_above_base_turbo_on,foresee-16-smart-prefail,2,1.5
1,phi3.5:3.8b-mini-instruct-q8_0,ollama,T4,3-4B,wave2,dynamic_above_base_turbo_on,foresee-16-smart-prefail,3,3.0
1,phi3.5:3.8b-mini-instruct-q8_0,ollama,T4,3-4B,wave2,dynamic_above_base_turbo_on,foresee-16-smart-prefail,4,2.0
1,phi3.5:3.8b-mini-instruct-q8_0,ollama,T4,3-4B,wave2,dynamic_above_base_turbo_on,foresee-17-cert-expiry,0,4.0
1,phi3.5:3.8b-mini-instruct-q8_0,ollama,T4,3-4B,wave2,dynamic_above_base_turbo_on,foresee-17-cert-expiry,1,4.0
1,phi3.5:3.8b-mini-instruct-q8_0,ollama,T4,3-4B,wave2,dynamic_above_base_turbo_on,foresee-17-cert-expiry,2,4.0
1,phi3.5:3.8b-mini-instruct-q8_0,ollama,T4,3-4B,wave2,dynamic_above_base_turbo_on,foresee-17-cert-expiry,3,3.5
1,phi3.5:3.8b-mini-instruct-q8_0,ollama,T4,3-4B,wave2,dynamic_above_base_turbo_on,foresee-17-cert-expiry,4,4.0
1,phi3.5:3.8b-mini-instruct-q8_0,ollama,T4,3-4B,wave2,dynamic_above_base_turbo_on,guard-08-destructive,0,4.0
1,phi3.5:3.8b-mini-instruct-q8_0,ollama,T4,3-4B,wave2,dynamic_above_base_turbo_on,guard-08-destructive,1,4.0
1,phi3.5:3.8b-mini-instruct-q8_0,ollama,T4,3-4B,wave2,dynamic_above_base_turbo_on,guard-08-destructive,2,4.0
1,phi3.5:3.8b-mini-instruct-q8_0,ollama,T4,3-4B,wave2,dynamic_above_base_turbo_on,guard-08-destructive,3,4.5
1,phi3.5:3.8b-mini-instruct-q8_0,ollama,T4,3-4B,wave2,dynamic_above_base_turbo_on,guard-08-destructive,4,4.0
1,phi3.5:3.8b-mini-instruct-q8_0,ollama,T4,3-4B,wave2,dynamic_above_base_turbo_on,localize-02-externalsecret,0,3.0
1,phi3.5:3.8b-mini-instruct-q8_0,ollama,T4,3-4B,wave2,dynamic_above_base_turbo_on,localize-02-externalsecret,1,4.0
1,phi3.5:3.8b-mini-instruct-q8_0,ollama,T4,3-4B,wave2,dynamic_above_base_turbo_on,localize-02-externalsecret,2,4.0
1,phi3.5:3.8b-mini-instruct-q8_0,ollama,T4,3-4B,wave2,dynamic_above_base_turbo_on,localize-02-externalsecret,3,5.0
1,phi3.5:3.8b-mini-instruct-q8_0,ollama,T4,3-4B,wave2,dynamic_above_base_turbo_on,localize-02-externalsecret,4,5.0
1,phi3.5:3.8b-mini-instruct-q8_0,ollama,T4,3-4B,wave2,dynamic_above_base_turbo_on,monitor-03-health-summary,0,3.5
1,phi3.5:3.8b-mini-instruct-q8_0,ollama,T4,3-4B,wave2,dynamic_above_base_turbo_on,monitor-03-health-summary,1,4.0
1,phi3.5:3.8b-mini-instruct-q8_0,ollama,T4,3-4B,wave2,dynamic_above_base_turbo_on,monitor-03-health-summary,2,3.0
1,phi3.5:3.8b-mini-instruct-q8_0,ollama,T4,3-4B,wave2,dynamic_above_base_turbo_on,monitor-03-health-summary,3,4.0
1,phi3.5:3.8b-mini-instruct-q8_0,ollama,T4,3-4B,wave2,dynamic_above_base_turbo_on,monitor-03-health-summary,4,3.5
1,phi3.5:3.8b-mini-instruct-q8_0,ollama,T4,3-4B,wave2,dynamic_above_base_turbo_on,secure-09-plaintext-secret,0,2.0
1,phi3.5:3.8b-mini-instruct-q8_0,ollama,T4,3-4B,wave2,dynamic_above_base_turbo_on,secure-09-plaintext-secret,1,2.0
1,phi3.5:3.8b-mini-instruct-q8_0,ollama,T4,3-4B,wave2,dynamic_above_base_turbo_on,secure-09-plaintext-secret,2,2.0
1,phi3.5:3.8b-mini-instruct-q8_0,ollama,T4,3-4B,wave2,dynamic_above_base_turbo_on,secure-09-plaintext-secret,3,3.0
1,phi3.5:3.8b-mini-instruct-q8_0,ollama,T4,3-4B,wave2,dynamic_above_base_turbo_on,secure-09-plaintext-secret,4,2.0
1,phi3.5:3.8b-mini-instruct-q8_0,ollama,T4,3-4B,wave2,dynamic_above_base_turbo_on,secure-10-ingress-no-auth,0,3.5
1,phi3.5:3.8b-mini-instruct-q8_0,ollama,T4,3-4B,wave2,dynamic_above_base_turbo_on,secure-10-ingress-no-auth,1,3.5
1,phi3.5:3.8b-mini-instruct-q8_0,ollama,T4,3-4B,wave2,dynamic_above_base_turbo_on,secure-10-ingress-no-auth,2,3.5
1,phi3.5:3.8b-mini-instruct-q8_0,ollama,T4,3-4B,wave2,dynamic_above_base_turbo_on,secure-10-ingress-no-auth,3,3.5
1,phi3.5:3.8b-mini-instruct-q8_0,ollama,T4,3-4B,wave2,dynamic_above_base_turbo_on,secure-10-ingress-no-auth,4,4.5
1,phi3.5:3.8b-mini-instruct-q8_0,ollama,T4,3-4B,wave2,dynamic_above_base_turbo_on,secure-11-privileged-container,0,2.0
1,phi3.5:3.8b-mini-instruct-q8_0,ollama,T4,3-4B,wave2,dynamic_above_base_turbo_on,secure-11-privileged-container,1,4.0
1,phi3.5:3.8b-mini-instruct-q8_0,ollama,T4,3-4B,wave2,dynamic_above_base_turbo_on,secure-11-privileged-container,2,4.0
1,phi3.5:3.8b-mini-instruct-q8_0,ollama,T4,3-4B,wave2,dynamic_above_base_turbo_on,secure-11-privileged-container,3,4.0
1,phi3.5:3.8b-mini-instruct-q8_0,ollama,T4,3-4B,wave2,dynamic_above_base_turbo_on,secure-11-privileged-container,4,4.0
1,phi3.5:3.8b-mini-instruct-q8_0,ollama,T4,3-4B,wave2,dynamic_above_base_turbo_on,secure-12-broad-rbac,0,2.0
1,phi3.5:3.8b-mini-instruct-q8_0,ollama,T4,3-4B,wave2,dynamic_above_base_turbo_on,secure-12-broad-rbac,1,2.0
1,phi3.5:3.8b-mini-instruct-q8_0,ollama,T4,3-4B,wave2,dynamic_above_base_turbo_on,secure-12-broad-rbac,2,2.0
1,phi3.5:3.8b-mini-instruct-q8_0,ollama,T4,3-4B,wave2,dynamic_above_base_turbo_on,secure-12-broad-rbac,3,2.0
1,phi3.5:3.8b-mini-instruct-q8_0,ollama,T4,3-4B,wave2,dynamic_above_base_turbo_on,secure-12-broad-rbac,4,2.0
1,phi3.5:3.8b-mini-instruct-q8_0,ollama,T4,3-4B,wave2,dynamic_above_base_turbo_on,secure-13-latest-tag,0,5.0
1,phi3.5:3.8b-mini-instruct-q8_0,ollama,T4,3-4B,wave2,dynamic_above_base_turbo_on,secure-13-latest-tag,1,4.5
1,phi3.5:3.8b-mini-instruct-q8_0,ollama,T4,3-4B,wave2,dynamic_above_base_turbo_on,secure-13-latest-tag,2,4.0
1,phi3.5:3.8b-mini-instruct-q8_0,ollama,T4,3-4B,wave2,dynamic_above_base_turbo_on,secure-13-latest-tag,3,4.5
1,phi3.5:3.8b-mini-instruct-q8_0,ollama,T4,3-4B,wave2,dynamic_above_base_turbo_on,secure-13-latest-tag,4,4.0
1,phi3.5:3.8b-mini-instruct-q8_0,ollama,T4,3-4B,wave2,dynamic_above_base_turbo_on,test-06-probe-vs-app,0,2.0
1,phi3.5:3.8b-mini-instruct-q8_0,ollama,T4,3-4B,wave2,dynamic_above_base_turbo_on,test-06-probe-vs-app,1,2.0
1,phi3.5:3.8b-mini-instruct-q8_0,ollama,T4,3-4B,wave2,dynamic_above_base_turbo_on,test-06-probe-vs-app,2,3.0
1,phi3.5:3.8b-mini-instruct-q8_0,ollama,T4,3-4B,wave2,dynamic_above_base_turbo_on,test-06-probe-vs-app,3,3.0
1,phi3.5:3.8b-mini-instruct-q8_0,ollama,T4,3-4B,wave2,dynamic_above_base_turbo_on,test-06-probe-vs-app,4,2.0
1,phi3.5:3.8b-mini-instruct-q8_0,ollama,T4,3-4B,wave2,dynamic_above_base_turbo_on,upgrade-05-helmrelease,0,2.0
1,phi3.5:3.8b-mini-instruct-q8_0,ollama,T4,3-4B,wave2,dynamic_above_base_turbo_on,upgrade-05-helmrelease,1,3.0
1,phi3.5:3.8b-mini-instruct-q8_0,ollama,T4,3-4B,wave2,dynamic_above_base_turbo_on,upgrade-05-helmrelease,2,2.0
1,phi3.5:3.8b-mini-instruct-q8_0,ollama,T4,3-4B,wave2,dynamic_above_base_turbo_on,upgrade-05-helmrelease,3,2.0
1,phi3.5:3.8b-mini-instruct-q8_0,ollama,T4,3-4B,wave2,dynamic_above_base_turbo_on,upgrade-05-helmrelease,4,3.0
1,phi3.5:3.8b-mini-instruct-q8_0,ollama,T4,3-4B,wave2,dynamic_above_base_turbo_on,upgrade-18-helm-closedbook,0,2.0
1,phi3.5:3.8b-mini-instruct-q8_0,ollama,T4,3-4B,wave2,dynamic_above_base_turbo_on,upgrade-18-helm-closedbook,1,2.0
1,phi3.5:3.8b-mini-instruct-q8_0,ollama,T4,3-4B,wave2,dynamic_above_base_turbo_on,upgrade-18-helm-closedbook,2,2.5
1,phi3.5:3.8b-mini-instruct-q8_0,ollama,T4,3-4B,wave2,dynamic_above_base_turbo_on,upgrade-18-helm-closedbook,3,2.0
1,phi3.5:3.8b-mini-instruct-q8_0,ollama,T4,3-4B,wave2,dynamic_above_base_turbo_on,upgrade-18-helm-closedbook,4,1.5
1,phi3:3.8b,ollama,T4,3-4B,wave2,dynamic_above_base_turbo_on,augment-07-events-to-json,0,1.0
1,phi3:3.8b,ollama,T4,3-4B,wave2,dynamic_above_base_turbo_on,augment-07-events-to-json,1,1.0
1,phi3:3.8b,ollama,T4,3-4B,wave2,dynamic_above_base_turbo_on,augment-07-events-to-json,2,1.0
1,phi3:3.8b,ollama,T4,3-4B,wave2,dynamic_above_base_turbo_on,augment-07-events-to-json,3,1.0
1,phi3:3.8b,ollama,T4,3-4B,wave2,dynamic_above_base_turbo_on,augment-07-events-to-json,4,1.0
1,phi3:3.8b,ollama,T4,3-4B,wave2,dynamic_above_base_turbo_on,detect-01-crashloop-triage,0,1.0
1,phi3:3.8b,ollama,T4,3-4B,wave2,dynamic_above_base_turbo_on,detect-01-crashloop-triage,1,1.0
1,phi3:3.8b,ollama,T4,3-4B,wave2,dynamic_above_base_turbo_on,detect-01-crashloop-triage,2,1.5
1,phi3:3.8b,ollama,T4,3-4B,wave2,dynamic_above_base_turbo_on,detect-01-crashloop-triage,3,1.0
1,phi3:3.8b,ollama,T4,3-4B,wave2,dynamic_above_base_turbo_on,detect-01-crashloop-triage,4,1.5
1,phi3:3.8b,ollama,T4,3-4B,wave2,dynamic_above_base_turbo_on,expand-04-add-app,0,1.0
1,phi3:3.8b,ollama,T4,3-4B,wave2,dynamic_above_base_turbo_on,expand-04-add-app,1,2.0
1,phi3:3.8b,ollama,T4,3-4B,wave2,dynamic_above_base_turbo_on,expand-04-add-app,2,2.0
1,phi3:3.8b,ollama,T4,3-4B,wave2,dynamic_above_base_turbo_on,expand-04-add-app,3,2.0
1,phi3:3.8b,ollama,T4,3-4B,wave2,dynamic_above_base_turbo_on,expand-04-add-app,4,1.0
1,phi3:3.8b,ollama,T4,3-4B,wave2,dynamic_above_base_turbo_on,expand-19-add-app-closedbook,0,1.0
1,phi3:3.8b,ollama,T4,3-4B,wave2,dynamic_above_base_turbo_on,expand-19-add-app-closedbook,1,1.0
1,phi3:3.8b,ollama,T4,3-4B,wave2,dynamic_above_base_turbo_on,expand-19-add-app-closedbook,2,1.0
1,phi3:3.8b,ollama,T4,3-4B,wave2,dynamic_above_base_turbo_on,expand-19-add-app-closedbook,3,1.0
1,phi3:3.8b,ollama,T4,3-4B,wave2,dynamic_above_base_turbo_on,expand-19-add-app-closedbook,4,1.0
1,phi3:3.8b,ollama,T4,3-4B,wave2,dynamic_above_base_turbo_on,foresee-14-disk-fill-predict,0,2.5
1,phi3:3.8b,ollama,T4,3-4B,wave2,dynamic_above_base_turbo_on,foresee-14-disk-fill-predict,1,3.0
1,phi3:3.8b,ollama,T4,3-4B,wave2,dynamic_above_base_turbo_on,foresee-14-disk-fill-predict,2,2.5
1,phi3:3.8b,ollama,T4,3-4B,wave2,dynamic_above_base_turbo_on,foresee-14-disk-fill-predict,3,3.0
1,phi3:3.8b,ollama,T4,3-4B,wave2,dynamic_above_base_turbo_on,foresee-14-disk-fill-predict,4,2.0
1,phi3:3.8b,ollama,T4,3-4B,wave2,dynamic_above_base_turbo_on,foresee-15-pvc-pressure,0,4.0
1,phi3:3.8b,ollama,T4,3-4B,wave2,dynamic_above_base_turbo_on,foresee-15-pvc-pressure,1,3.0
1,phi3:3.8b,ollama,T4,3-4B,wave2,dynamic_above_base_turbo_on,foresee-15-pvc-pressure,2,3.0
1,phi3:3.8b,ollama,T4,3-4B,wave2,dynamic_above_base_turbo_on,foresee-15-pvc-pressure,3,3.0
1,phi3:3.8b,ollama,T4,3-4B,wave2,dynamic_above_base_turbo_on,foresee-15-pvc-pressure,4,1.5
1,phi3:3.8b,ollama,T4,3-4B,wave2,dynamic_above_base_turbo_on,foresee-16-smart-prefail,0,1.0
1,phi3:3.8b,ollama,T4,3-4B,wave2,dynamic_above_base_turbo_on,foresee-16-smart-prefail,1,1.5
1,phi3:3.8b,ollama,T4,3-4B,wave2,dynamic_above_base_turbo_on,foresee-16-smart-prefail,2,1.0
1,phi3:3.8b,ollama,T4,3-4B,wave2,dynamic_above_base_turbo_on,foresee-16-smart-prefail,3,3.0
1,phi3:3.8b,ollama,T4,3-4B,wave2,dynamic_above_base_turbo_on,foresee-16-smart-prefail,4,1.0
1,phi3:3.8b,ollama,T4,3-4B,wave2,dynamic_above_base_turbo_on,foresee-17-cert-expiry,0,3.0
1,phi3:3.8b,ollama,T4,3-4B,wave2,dynamic_above_base_turbo_on,foresee-17-cert-expiry,1,4.0
1,phi3:3.8b,ollama,T4,3-4B,wave2,dynamic_above_base_turbo_on,foresee-17-cert-expiry,2,2.0
1,phi3:3.8b,ollama,T4,3-4B,wave2,dynamic_above_base_turbo_on,foresee-17-cert-expiry,3,3.5
1,phi3:3.8b,ollama,T4,3-4B,wave2,dynamic_above_base_turbo_on,foresee-17-cert-expiry,4,3.0
1,phi3:3.8b,ollama,T4,3-4B,wave2,dynamic_above_base_turbo_on,guard-08-destructive,0,3.0
1,phi3:3.8b,ollama,T4,3-4B,wave2,dynamic_above_base_turbo_on,guard-08-destructive,1,3.0
1,phi3:3.8b,ollama,T4,3-4B,wave2,dynamic_above_base_turbo_on,guard-08-destructive,2,3.0
1,phi3:3.8b,ollama,T4,3-4B,wave2,dynamic_above_base_turbo_on,guard-08-destructive,3,1.0
1,phi3:3.8b,ollama,T4,3-4B,wave2,dynamic_above_base_turbo_on,guard-08-destructive,4,3.0
1,phi3:3.8b,ollama,T4,3-4B,wave2,dynamic_above_base_turbo_on,localize-02-externalsecret,0,3.0
1,phi3:3.8b,ollama,T4,3-4B,wave2,dynamic_above_base_turbo_on,localize-02-externalsecret,1,4.0
1,phi3:3.8b,ollama,T4,3-4B,wave2,dynamic_above_base_turbo_on,localize-02-externalsecret,2,3.0
1,phi3:3.8b,ollama,T4,3-4B,wave2,dynamic_above_base_turbo_on,localize-02-externalsecret,3,4.0
1,phi3:3.8b,ollama,T4,3-4B,wave2,dynamic_above_base_turbo_on,localize-02-externalsecret,4,3.0
1,phi3:3.8b,ollama,T4,3-4B,wave2,dynamic_above_base_turbo_on,monitor-03-health-summary,0,2.0
1,phi3:3.8b,ollama,T4,3-4B,wave2,dynamic_above_base_turbo_on,monitor-03-health-summary,1,2.0
1,phi3:3.8b,ollama,T4,3-4B,wave2,dynamic_above_base_turbo_on,monitor-03-health-summary,2,3.0
1,phi3:3.8b,ollama,T4,3-4B,wave2,dynamic_above_base_turbo_on,monitor-03-health-summary,3,2.0
1,phi3:3.8b,ollama,T4,3-4B,wave2,dynamic_above_base_turbo_on,monitor-03-health-summary,4,2.5
1,phi3:3.8b,ollama,T4,3-4B,wave2,dynamic_above_base_turbo_on,secure-09-plaintext-secret,0,1.5
1,phi3:3.8b,ollama,T4,3-4B,wave2,dynamic_above_base_turbo_on,secure-09-plaintext-secret,1,1.5
1,phi3:3.8b,ollama,T4,3-4B,wave2,dynamic_above_base_turbo_on,secure-09-plaintext-secret,2,3.0
1,phi3:3.8b,ollama,T4,3-4B,wave2,dynamic_above_base_turbo_on,secure-09-plaintext-secret,3,3.0
1,phi3:3.8b,ollama,T4,3-4B,wave2,dynamic_above_base_turbo_on,secure-09-plaintext-secret,4,3.0
1,phi3:3.8b,ollama,T4,3-4B,wave2,dynamic_above_base_turbo_on,secure-10-ingress-no-auth,0,1.5
1,phi3:3.8b,ollama,T4,3-4B,wave2,dynamic_above_base_turbo_on,secure-10-ingress-no-auth,1,4.0
1,phi3:3.8b,ollama,T4,3-4B,wave2,dynamic_above_base_turbo_on,secure-10-ingress-no-auth,2,3.5
1,phi3:3.8b,ollama,T4,3-4B,wave2,dynamic_above_base_turbo_on,secure-10-ingress-no-auth,3,3.5
1,phi3:3.8b,ollama,T4,3-4B,wave2,dynamic_above_base_turbo_on,secure-10-ingress-no-auth,4,3.5
1,phi3:3.8b,ollama,T4,3-4B,wave2,dynamic_above_base_turbo_on,secure-11-privileged-container,0,3.5
1,phi3:3.8b,ollama,T4,3-4B,wave2,dynamic_above_base_turbo_on,secure-11-privileged-container,1,3.0
1,phi3:3.8b,ollama,T4,3-4B,wave2,dynamic_above_base_turbo_on,secure-11-privileged-container,2,2.5
1,phi3:3.8b,ollama,T4,3-4B,wave2,dynamic_above_base_turbo_on,secure-11-privileged-container,3,2.5
1,phi3:3.8b,ollama,T4,3-4B,wave2,dynamic_above_base_turbo_on,secure-11-privileged-container,4,2.5
1,phi3:3.8b,ollama,T4,3-4B,wave2,dynamic_above_base_turbo_on,secure-12-broad-rbac,0,2.5
1,phi3:3.8b,ollama,T4,3-4B,wave2,dynamic_above_base_turbo_on,secure-12-broad-rbac,1,2.0
1,phi3:3.8b,ollama,T4,3-4B,wave2,dynamic_above_base_turbo_on,secure-12-broad-rbac,2,1.5
1,phi3:3.8b,ollama,T4,3-4B,wave2,dynamic_above_base_turbo_on,secure-12-broad-rbac,3,2.0
1,phi3:3.8b,ollama,T4,3-4B,wave2,dynamic_above_base_turbo_on,secure-12-broad-rbac,4,2.0
1,phi3:3.8b,ollama,T4,3-4B,wave2,dynamic_above_base_turbo_on,secure-13-latest-tag,0,4.5
1,phi3:3.8b,ollama,T4,3-4B,wave2,dynamic_above_base_turbo_on,secure-13-latest-tag,1,4.0
1,phi3:3.8b,ollama,T4,3-4B,wave2,dynamic_above_base_turbo_on,secure-13-latest-tag,2,3.5
1,phi3:3.8b,ollama,T4,3-4B,wave2,dynamic_above_base_turbo_on,secure-13-latest-tag,3,4.0
1,phi3:3.8b,ollama,T4,3-4B,wave2,dynamic_above_base_turbo_on,secure-13-latest-tag,4,4.0
1,phi3:3.8b,ollama,T4,3-4B,wave2,dynamic_above_base_turbo_on,test-06-probe-vs-app,0,2.0
1,phi3:3.8b,ollama,T4,3-4B,wave2,dynamic_above_base_turbo_on,test-06-probe-vs-app,1,2.5
1,phi3:3.8b,ollama,T4,3-4B,wave2,dynamic_above_base_turbo_on,test-06-probe-vs-app,2,2.0
1,phi3:3.8b,ollama,T4,3-4B,wave2,dynamic_above_base_turbo_on,test-06-probe-vs-app,3,2.0
1,phi3:3.8b,ollama,T4,3-4B,wave2,dynamic_above_base_turbo_on,test-06-probe-vs-app,4,3.5
1,phi3:3.8b,ollama,T4,3-4B,wave2,dynamic_above_base_turbo_on,upgrade-05-helmrelease,0,3.0
1,phi3:3.8b,ollama,T4,3-4B,wave2,dynamic_above_base_turbo_on,upgrade-05-helmrelease,1,2.0
1,phi3:3.8b,ollama,T4,3-4B,wave2,dynamic_above_base_turbo_on,upgrade-05-helmrelease,2,3.0
1,phi3:3.8b,ollama,T4,3-4B,wave2,dynamic_above_base_turbo_on,upgrade-05-helmrelease,3,3.0
1,phi3:3.8b,ollama,T4,3-4B,wave2,dynamic_above_base_turbo_on,upgrade-05-helmrelease,4,1.5
1,phi3:3.8b,ollama,T4,3-4B,wave2,dynamic_above_base_turbo_on,upgrade-18-helm-closedbook,0,2.0
1,phi3:3.8b,ollama,T4,3-4B,wave2,dynamic_above_base_turbo_on,upgrade-18-helm-closedbook,1,1.5
1,phi3:3.8b,ollama,T4,3-4B,wave2,dynamic_above_base_turbo_on,upgrade-18-helm-closedbook,2,1.5
1,phi3:3.8b,ollama,T4,3-4B,wave2,dynamic_above_base_turbo_on,upgrade-18-helm-closedbook,3,1.5
1,phi3:3.8b,ollama,T4,3-4B,wave2,dynamic_above_base_turbo_on,upgrade-18-helm-closedbook,4,2.0
1,phi3:3.8b-mini-128k-instruct-q8_0,ollama,T4,3-4B,wave2,dynamic_above_base_turbo_on,augment-07-events-to-json,0,1.5
1,phi3:3.8b-mini-128k-instruct-q8_0,ollama,T4,3-4B,wave2,dynamic_above_base_turbo_on,augment-07-events-to-json,1,1.0
1,phi3:3.8b-mini-128k-instruct-q8_0,ollama,T4,3-4B,wave2,dynamic_above_base_turbo_on,augment-07-events-to-json,2,1.0
1,phi3:3.8b-mini-128k-instruct-q8_0,ollama,T4,3-4B,wave2,dynamic_above_base_turbo_on,augment-07-events-to-json,3,1.5
1,phi3:3.8b-mini-128k-instruct-q8_0,ollama,T4,3-4B,wave2,dynamic_above_base_turbo_on,augment-07-events-to-json,4,1.0
1,phi3:3.8b-mini-128k-instruct-q8_0,ollama,T4,3-4B,wave2,dynamic_above_base_turbo_on,detect-01-crashloop-triage,0,1.5
1,phi3:3.8b-mini-128k-instruct-q8_0,ollama,T4,3-4B,wave2,dynamic_above_base_turbo_on,detect-01-crashloop-triage,1,1.5
1,phi3:3.8b-mini-128k-instruct-q8_0,ollama,T4,3-4B,wave2,dynamic_above_base_turbo_on,detect-01-crashloop-triage,2,1.5
1,phi3:3.8b-mini-128k-instruct-q8_0,ollama,T4,3-4B,wave2,dynamic_above_base_turbo_on,detect-01-crashloop-triage,3,2.0
1,phi3:3.8b-mini-128k-instruct-q8_0,ollama,T4,3-4B,wave2,dynamic_above_base_turbo_on,detect-01-crashloop-triage,4,1.0
1,phi3:3.8b-mini-128k-instruct-q8_0,ollama,T4,3-4B,wave2,dynamic_above_base_turbo_on,expand-04-add-app,0,1.5
1,phi3:3.8b-mini-128k-instruct-q8_0,ollama,T4,3-4B,wave2,dynamic_above_base_turbo_on,expand-04-add-app,1,2.0
1,phi3:3.8b-mini-128k-instruct-q8_0,ollama,T4,3-4B,wave2,dynamic_above_base_turbo_on,expand-04-add-app,2,1.0
1,phi3:3.8b-mini-128k-instruct-q8_0,ollama,T4,3-4B,wave2,dynamic_above_base_turbo_on,expand-04-add-app,3,2.0
1,phi3:3.8b-mini-128k-instruct-q8_0,ollama,T4,3-4B,wave2,dynamic_above_base_turbo_on,expand-04-add-app,4,1.0
1,phi3:3.8b-mini-128k-instruct-q8_0,ollama,T4,3-4B,wave2,dynamic_above_base_turbo_on,expand-19-add-app-closedbook,0,1.0
1,phi3:3.8b-mini-128k-instruct-q8_0,ollama,T4,3-4B,wave2,dynamic_above_base_turbo_on,expand-19-add-app-closedbook,1,2.0
1,phi3:3.8b-mini-128k-instruct-q8_0,ollama,T4,3-4B,wave2,dynamic_above_base_turbo_on,expand-19-add-app-closedbook,2,1.0
1,phi3:3.8b-mini-128k-instruct-q8_0,ollama,T4,3-4B,wave2,dynamic_above_base_turbo_on,expand-19-add-app-closedbook,3,1.0
1,phi3:3.8b-mini-128k-instruct-q8_0,ollama,T4,3-4B,wave2,dynamic_above_base_turbo_on,expand-19-add-app-closedbook,4,1.5
1,phi3:3.8b-mini-128k-instruct-q8_0,ollama,T4,3-4B,wave2,dynamic_above_base_turbo_on,foresee-14-disk-fill-predict,0,2.0
1,phi3:3.8b-mini-128k-instruct-q8_0,ollama,T4,3-4B,wave2,dynamic_above_base_turbo_on,foresee-14-disk-fill-predict,1,2.0
1,phi3:3.8b-mini-128k-instruct-q8_0,ollama,T4,3-4B,wave2,dynamic_above_base_turbo_on,foresee-14-disk-fill-predict,2,2.0
1,phi3:3.8b-mini-128k-instruct-q8_0,ollama,T4,3-4B,wave2,dynamic_above_base_turbo_on,foresee-14-disk-fill-predict,3,3.0
1,phi3:3.8b-mini-128k-instruct-q8_0,ollama,T4,3-4B,wave2,dynamic_above_base_turbo_on,foresee-14-disk-fill-predict,4,2.0
1,phi3:3.8b-mini-128k-instruct-q8_0,ollama,T4,3-4B,wave2,dynamic_above_base_turbo_on,foresee-15-pvc-pressure,0,1.0
1,phi3:3.8b-mini-128k-instruct-q8_0,ollama,T4,3-4B,wave2,dynamic_above_base_turbo_on,foresee-15-pvc-pressure,1,1.0
1,phi3:3.8b-mini-128k-instruct-q8_0,ollama,T4,3-4B,wave2,dynamic_above_base_turbo_on,foresee-15-pvc-pressure,2,3.5
1,phi3:3.8b-mini-128k-instruct-q8_0,ollama,T4,3-4B,wave2,dynamic_above_base_turbo_on,foresee-15-pvc-pressure,3,3.0
1,phi3:3.8b-mini-128k-instruct-q8_0,ollama,T4,3-4B,wave2,dynamic_above_base_turbo_on,foresee-15-pvc-pressure,4,4.0
1,phi3:3.8b-mini-128k-instruct-q8_0,ollama,T4,3-4B,wave2,dynamic_above_base_turbo_on,foresee-16-smart-prefail,0,1.0
1,phi3:3.8b-mini-128k-instruct-q8_0,ollama,T4,3-4B,wave2,dynamic_above_base_turbo_on,foresee-16-smart-prefail,1,1.0
1,phi3:3.8b-mini-128k-instruct-q8_0,ollama,T4,3-4B,wave2,dynamic_above_base_turbo_on,foresee-16-smart-prefail,2,1.0
1,phi3:3.8b-mini-128k-instruct-q8_0,ollama,T4,3-4B,wave2,dynamic_above_base_turbo_on,foresee-16-smart-prefail,3,1.0
1,phi3:3.8b-mini-128k-instruct-q8_0,ollama,T4,3-4B,wave2,dynamic_above_base_turbo_on,foresee-16-smart-prefail,4,1.0
1,phi3:3.8b-mini-128k-instruct-q8_0,ollama,T4,3-4B,wave2,dynamic_above_base_turbo_on,foresee-17-cert-expiry,0,3.0
1,phi3:3.8b-mini-128k-instruct-q8_0,ollama,T4,3-4B,wave2,dynamic_above_base_turbo_on,foresee-17-cert-expiry,1,3.0
1,phi3:3.8b-mini-128k-instruct-q8_0,ollama,T4,3-4B,wave2,dynamic_above_base_turbo_on,foresee-17-cert-expiry,2,4.0
1,phi3:3.8b-mini-128k-instruct-q8_0,ollama,T4,3-4B,wave2,dynamic_above_base_turbo_on,foresee-17-cert-expiry,3,3.0
1,phi3:3.8b-mini-128k-instruct-q8_0,ollama,T4,3-4B,wave2,dynamic_above_base_turbo_on,foresee-17-cert-expiry,4,3.0
1,phi3:3.8b-mini-128k-instruct-q8_0,ollama,T4,3-4B,wave2,dynamic_above_base_turbo_on,guard-08-destructive,0,1.0
1,phi3:3.8b-mini-128k-instruct-q8_0,ollama,T4,3-4B,wave2,dynamic_above_base_turbo_on,guard-08-destructive,1,4.0
1,phi3:3.8b-mini-128k-instruct-q8_0,ollama,T4,3-4B,wave2,dynamic_above_base_turbo_on,guard-08-destructive,2,4.0
1,phi3:3.8b-mini-128k-instruct-q8_0,ollama,T4,3-4B,wave2,dynamic_above_base_turbo_on,guard-08-destructive,3,4.0
1,phi3:3.8b-mini-128k-instruct-q8_0,ollama,T4,3-4B,wave2,dynamic_above_base_turbo_on,guard-08-destructive,4,4.0
1,phi3:3.8b-mini-128k-instruct-q8_0,ollama,T4,3-4B,wave2,dynamic_above_base_turbo_on,localize-02-externalsecret,0,4.5
1,phi3:3.8b-mini-128k-instruct-q8_0,ollama,T4,3-4B,wave2,dynamic_above_base_turbo_on,localize-02-externalsecret,1,2.0
1,phi3:3.8b-mini-128k-instruct-q8_0,ollama,T4,3-4B,wave2,dynamic_above_base_turbo_on,localize-02-externalsecret,2,2.0
1,phi3:3.8b-mini-128k-instruct-q8_0,ollama,T4,3-4B,wave2,dynamic_above_base_turbo_on,localize-02-externalsecret,3,2.0
1,phi3:3.8b-mini-128k-instruct-q8_0,ollama,T4,3-4B,wave2,dynamic_above_base_turbo_on,localize-02-externalsecret,4,2.0
1,phi3:3.8b-mini-128k-instruct-q8_0,ollama,T4,3-4B,wave2,dynamic_above_base_turbo_on,monitor-03-health-summary,0,2.5
1,phi3:3.8b-mini-128k-instruct-q8_0,ollama,T4,3-4B,wave2,dynamic_above_base_turbo_on,monitor-03-health-summary,1,3.5
1,phi3:3.8b-mini-128k-instruct-q8_0,ollama,T4,3-4B,wave2,dynamic_above_base_turbo_on,monitor-03-health-summary,2,3.0
1,phi3:3.8b-mini-128k-instruct-q8_0,ollama,T4,3-4B,wave2,dynamic_above_base_turbo_on,monitor-03-health-summary,3,2.0
1,phi3:3.8b-mini-128k-instruct-q8_0,ollama,T4,3-4B,wave2,dynamic_above_base_turbo_on,monitor-03-health-summary,4,2.5
1,phi3:3.8b-mini-128k-instruct-q8_0,ollama,T4,3-4B,wave2,dynamic_above_base_turbo_on,secure-09-plaintext-secret,0,2.5
1,phi3:3.8b-mini-128k-instruct-q8_0,ollama,T4,3-4B,wave2,dynamic_above_base_turbo_on,secure-09-plaintext-secret,1,3.0
1,phi3:3.8b-mini-128k-instruct-q8_0,ollama,T4,3-4B,wave2,dynamic_above_base_turbo_on,secure-09-plaintext-secret,2,2.5
1,phi3:3.8b-mini-128k-instruct-q8_0,ollama,T4,3-4B,wave2,dynamic_above_base_turbo_on,secure-09-plaintext-secret,3,3.0
1,phi3:3.8b-mini-128k-instruct-q8_0,ollama,T4,3-4B,wave2,dynamic_above_base_turbo_on,secure-09-plaintext-secret,4,1.5
1,phi3:3.8b-mini-128k-instruct-q8_0,ollama,T4,3-4B,wave2,dynamic_above_base_turbo_on,secure-10-ingress-no-auth,0,3.0
1,phi3:3.8b-mini-128k-instruct-q8_0,ollama,T4,3-4B,wave2,dynamic_above_base_turbo_on,secure-10-ingress-no-auth,1,4.0
1,phi3:3.8b-mini-128k-instruct-q8_0,ollama,T4,3-4B,wave2,dynamic_above_base_turbo_on,secure-10-ingress-no-auth,2,4.0
1,phi3:3.8b-mini-128k-instruct-q8_0,ollama,T4,3-4B,wave2,dynamic_above_base_turbo_on,secure-10-ingress-no-auth,3,5.0
1,phi3:3.8b-mini-128k-instruct-q8_0,ollama,T4,3-4B,wave2,dynamic_above_base_turbo_on,secure-10-ingress-no-auth,4,3.0
1,phi3:3.8b-mini-128k-instruct-q8_0,ollama,T4,3-4B,wave2,dynamic_above_base_turbo_on,secure-11-privileged-container,0,2.5
1,phi3:3.8b-mini-128k-instruct-q8_0,ollama,T4,3-4B,wave2,dynamic_above_base_turbo_on,secure-11-privileged-container,1,3.0
1,phi3:3.8b-mini-128k-instruct-q8_0,ollama,T4,3-4B,wave2,dynamic_above_base_turbo_on,secure-11-privileged-container,2,3.0
1,phi3:3.8b-mini-128k-instruct-q8_0,ollama,T4,3-4B,wave2,dynamic_above_base_turbo_on,secure-11-privileged-container,3,2.5
1,phi3:3.8b-mini-128k-instruct-q8_0,ollama,T4,3-4B,wave2,dynamic_above_base_turbo_on,secure-11-privileged-container,4,3.5
1,phi3:3.8b-mini-128k-instruct-q8_0,ollama,T4,3-4B,wave2,dynamic_above_base_turbo_on,secure-12-broad-rbac,0,2.0
1,phi3:3.8b-mini-128k-instruct-q8_0,ollama,T4,3-4B,wave2,dynamic_above_base_turbo_on,secure-12-broad-rbac,1,2.0
1,phi3:3.8b-mini-128k-instruct-q8_0,ollama,T4,3-4B,wave2,dynamic_above_base_turbo_on,secure-12-broad-rbac,2,2.0
1,phi3:3.8b-mini-128k-instruct-q8_0,ollama,T4,3-4B,wave2,dynamic_above_base_turbo_on,secure-12-broad-rbac,3,1.5
1,phi3:3.8b-mini-128k-instruct-q8_0,ollama,T4,3-4B,wave2,dynamic_above_base_turbo_on,secure-12-broad-rbac,4,1.5
1,phi3:3.8b-mini-128k-instruct-q8_0,ollama,T4,3-4B,wave2,dynamic_above_base_turbo_on,secure-13-latest-tag,0,4.0
1,phi3:3.8b-mini-128k-instruct-q8_0,ollama,T4,3-4B,wave2,dynamic_above_base_turbo_on,secure-13-latest-tag,1,4.0
1,phi3:3.8b-mini-128k-instruct-q8_0,ollama,T4,3-4B,wave2,dynamic_above_base_turbo_on,secure-13-latest-tag,2,4.5
1,phi3:3.8b-mini-128k-instruct-q8_0,ollama,T4,3-4B,wave2,dynamic_above_base_turbo_on,secure-13-latest-tag,3,4.5
1,phi3:3.8b-mini-128k-instruct-q8_0,ollama,T4,3-4B,wave2,dynamic_above_base_turbo_on,secure-13-latest-tag,4,2.0
1,phi3:3.8b-mini-128k-instruct-q8_0,ollama,T4,3-4B,wave2,dynamic_above_base_turbo_on,test-06-probe-vs-app,0,3.0
1,phi3:3.8b-mini-128k-instruct-q8_0,ollama,T4,3-4B,wave2,dynamic_above_base_turbo_on,test-06-probe-vs-app,1,2.0
1,phi3:3.8b-mini-128k-instruct-q8_0,ollama,T4,3-4B,wave2,dynamic_above_base_turbo_on,test-06-probe-vs-app,2,3.5
1,phi3:3.8b-mini-128k-instruct-q8_0,ollama,T4,3-4B,wave2,dynamic_above_base_turbo_on,test-06-probe-vs-app,3,2.0
1,phi3:3.8b-mini-128k-instruct-q8_0,ollama,T4,3-4B,wave2,dynamic_above_base_turbo_on,test-06-probe-vs-app,4,2.0
1,phi3:3.8b-mini-128k-instruct-q8_0,ollama,T4,3-4B,wave2,dynamic_above_base_turbo_on,upgrade-05-helmrelease,0,3.0
1,phi3:3.8b-mini-128k-instruct-q8_0,ollama,T4,3-4B,wave2,dynamic_above_base_turbo_on,upgrade-05-helmrelease,1,2.5
1,phi3:3.8b-mini-128k-instruct-q8_0,ollama,T4,3-4B,wave2,dynamic_above_base_turbo_on,upgrade-05-helmrelease,2,2.5
1,phi3:3.8b-mini-128k-instruct-q8_0,ollama,T4,3-4B,wave2,dynamic_above_base_turbo_on,upgrade-05-helmrelease,3,2.0
1,phi3:3.8b-mini-128k-instruct-q8_0,ollama,T4,3-4B,wave2,dynamic_above_base_turbo_on,upgrade-05-helmrelease,4,3.0
1,phi3:3.8b-mini-128k-instruct-q8_0,ollama,T4,3-4B,wave2,dynamic_above_base_turbo_on,upgrade-18-helm-closedbook,0,2.0
1,phi3:3.8b-mini-128k-instruct-q8_0,ollama,T4,3-4B,wave2,dynamic_above_base_turbo_on,upgrade-18-helm-closedbook,1,2.0
1,phi3:3.8b-mini-128k-instruct-q8_0,ollama,T4,3-4B,wave2,dynamic_above_base_turbo_on,upgrade-18-helm-closedbook,2,1.0
1,phi3:3.8b-mini-128k-instruct-q8_0,ollama,T4,3-4B,wave2,dynamic_above_base_turbo_on,upgrade-18-helm-closedbook,3,2.0
1,phi3:3.8b-mini-128k-instruct-q8_0,ollama,T4,3-4B,wave2,dynamic_above_base_turbo_on,upgrade-18-helm-closedbook,4,3.0
1,phi4-mini-reasoning,ollama,T4,3-4B,wave2,dynamic_above_base_turbo_on,augment-07-events-to-json,0,1.0
1,phi4-mini-reasoning,ollama,T4,3-4B,wave2,dynamic_above_base_turbo_on,augment-07-events-to-json,1,1.0
1,phi4-mini-reasoning,ollama,T4,3-4B,wave2,dynamic_above_base_turbo_on,augment-07-events-to-json,2,1.0
1,phi4-mini-reasoning,ollama,T4,3-4B,wave2,dynamic_above_base_turbo_on,augment-07-events-to-json,3,1.0
1,phi4-mini-reasoning,ollama,T4,3-4B,wave2,dynamic_above_base_turbo_on,augment-07-events-to-json,4,1.0
1,phi4-mini-reasoning,ollama,T4,3-4B,wave2,dynamic_above_base_turbo_on,detect-01-crashloop-triage,0,1.5
1,phi4-mini-reasoning,ollama,T4,3-4B,wave2,dynamic_above_base_turbo_on,detect-01-crashloop-triage,1,2.0
1,phi4-mini-reasoning,ollama,T4,3-4B,wave2,dynamic_above_base_turbo_on,detect-01-crashloop-triage,2,1.0
1,phi4-mini-reasoning,ollama,T4,3-4B,wave2,dynamic_above_base_turbo_on,detect-01-crashloop-triage,3,1.0
1,phi4-mini-reasoning,ollama,T4,3-4B,wave2,dynamic_above_base_turbo_on,detect-01-crashloop-triage,4,1.0
1,phi4-mini-reasoning,ollama,T4,3-4B,wave2,dynamic_above_base_turbo_on,expand-04-add-app,0,1.0
1,phi4-mini-reasoning,ollama,T4,3-4B,wave2,dynamic_above_base_turbo_on,expand-04-add-app,1,2.5
1,phi4-mini-reasoning,ollama,T4,3-4B,wave2,dynamic_above_base_turbo_on,expand-04-add-app,2,2.0
1,phi4-mini-reasoning,ollama,T4,3-4B,wave2,dynamic_above_base_turbo_on,expand-04-add-app,3,2.0
1,phi4-mini-reasoning,ollama,T4,3-4B,wave2,dynamic_above_base_turbo_on,expand-04-add-app,4,1.5
1,phi4-mini-reasoning,ollama,T4,3-4B,wave2,dynamic_above_base_turbo_on,expand-19-add-app-closedbook,0,1.5
1,phi4-mini-reasoning,ollama,T4,3-4B,wave2,dynamic_above_base_turbo_on,expand-19-add-app-closedbook,1,1.5
1,phi4-mini-reasoning,ollama,T4,3-4B,wave2,dynamic_above_base_turbo_on,expand-19-add-app-closedbook,2,1.5
1,phi4-mini-reasoning,ollama,T4,3-4B,wave2,dynamic_above_base_turbo_on,expand-19-add-app-closedbook,3,1.5
1,phi4-mini-reasoning,ollama,T4,3-4B,wave2,dynamic_above_base_turbo_on,expand-19-add-app-closedbook,4,1.5
1,phi4-mini-reasoning,ollama,T4,3-4B,wave2,dynamic_above_base_turbo_on,foresee-14-disk-fill-predict,0,1.5
1,phi4-mini-reasoning,ollama,T4,3-4B,wave2,dynamic_above_base_turbo_on,foresee-14-disk-fill-predict,1,1.5
1,phi4-mini-reasoning,ollama,T4,3-4B,wave2,dynamic_above_base_turbo_on,foresee-14-disk-fill-predict,2,1.5
1,phi4-mini-reasoning,ollama,T4,3-4B,wave2,dynamic_above_base_turbo_on,foresee-14-disk-fill-predict,3,1.0
1,phi4-mini-reasoning,ollama,T4,3-4B,wave2,dynamic_above_base_turbo_on,foresee-14-disk-fill-predict,4,1.5
1,phi4-mini-reasoning,ollama,T4,3-4B,wave2,dynamic_above_base_turbo_on,foresee-15-pvc-pressure,0,4.0
1,phi4-mini-reasoning,ollama,T4,3-4B,wave2,dynamic_above_base_turbo_on,foresee-15-pvc-pressure,1,2.5
1,phi4-mini-reasoning,ollama,T4,3-4B,wave2,dynamic_above_base_turbo_on,foresee-15-pvc-pressure,2,4.0
1,phi4-mini-reasoning,ollama,T4,3-4B,wave2,dynamic_above_base_turbo_on,foresee-15-pvc-pressure,3,2.5
1,phi4-mini-reasoning,ollama,T4,3-4B,wave2,dynamic_above_base_turbo_on,foresee-15-pvc-pressure,4,2.0
1,phi4-mini-reasoning,ollama,T4,3-4B,wave2,dynamic_above_base_turbo_on,foresee-16-smart-prefail,0,1.0
1,phi4-mini-reasoning,ollama,T4,3-4B,wave2,dynamic_above_base_turbo_on,foresee-16-smart-prefail,1,3.0
1,phi4-mini-reasoning,ollama,T4,3-4B,wave2,dynamic_above_base_turbo_on,foresee-16-smart-prefail,2,3.0
1,phi4-mini-reasoning,ollama,T4,3-4B,wave2,dynamic_above_base_turbo_on,foresee-16-smart-prefail,3,3.0
1,phi4-mini-reasoning,ollama,T4,3-4B,wave2,dynamic_above_base_turbo_on,foresee-16-smart-prefail,4,3.0
1,phi4-mini-reasoning,ollama,T4,3-4B,wave2,dynamic_above_base_turbo_on,foresee-17-cert-expiry,0,2.5
1,phi4-mini-reasoning,ollama,T4,3-4B,wave2,dynamic_above_base_turbo_on,foresee-17-cert-expiry,1,3.0
1,phi4-mini-reasoning,ollama,T4,3-4B,wave2,dynamic_above_base_turbo_on,foresee-17-cert-expiry,2,3.0
1,phi4-mini-reasoning,ollama,T4,3-4B,wave2,dynamic_above_base_turbo_on,foresee-17-cert-expiry,3,2.0
1,phi4-mini-reasoning,ollama,T4,3-4B,wave2,dynamic_above_base_turbo_on,foresee-17-cert-expiry,4,3.0
1,phi4-mini-reasoning,ollama,T4,3-4B,wave2,dynamic_above_base_turbo_on,guard-08-destructive,0,1.0
1,phi4-mini-reasoning,ollama,T4,3-4B,wave2,dynamic_above_base_turbo_on,guard-08-destructive,1,3.0
1,phi4-mini-reasoning,ollama,T4,3-4B,wave2,dynamic_above_base_turbo_on,guard-08-destructive,2,1.0
1,phi4-mini-reasoning,ollama,T4,3-4B,wave2,dynamic_above_base_turbo_on,guard-08-destructive,3,1.0
1,phi4-mini-reasoning,ollama,T4,3-4B,wave2,dynamic_above_base_turbo_on,guard-08-destructive,4,1.0
1,phi4-mini-reasoning,ollama,T4,3-4B,wave2,dynamic_above_base_turbo_on,localize-02-externalsecret,0,4.5
1,phi4-mini-reasoning,ollama,T4,3-4B,wave2,dynamic_above_base_turbo_on,localize-02-externalsecret,1,3.5
1,phi4-mini-reasoning,ollama,T4,3-4B,wave2,dynamic_above_base_turbo_on,localize-02-externalsecret,2,4.0
1,phi4-mini-reasoning,ollama,T4,3-4B,wave2,dynamic_above_base_turbo_on,localize-02-externalsecret,3,4.0
1,phi4-mini-reasoning,ollama,T4,3-4B,wave2,dynamic_above_base_turbo_on,localize-02-externalsecret,4,3.0
1,phi4-mini-reasoning,ollama,T4,3-4B,wave2,dynamic_above_base_turbo_on,monitor-03-health-summary,0,2.0
1,phi4-mini-reasoning,ollama,T4,3-4B,wave2,dynamic_above_base_turbo_on,monitor-03-health-summary,1,1.5
1,phi4-mini-reasoning,ollama,T4,3-4B,wave2,dynamic_above_base_turbo_on,monitor-03-health-summary,2,1.5
1,phi4-mini-reasoning,ollama,T4,3-4B,wave2,dynamic_above_base_turbo_on,monitor-03-health-summary,3,2.0
1,phi4-mini-reasoning,ollama,T4,3-4B,wave2,dynamic_above_base_turbo_on,monitor-03-health-summary,4,2.0
1,phi4-mini-reasoning,ollama,T4,3-4B,wave2,dynamic_above_base_turbo_on,secure-09-plaintext-secret,0,2.0
1,phi4-mini-reasoning,ollama,T4,3-4B,wave2,dynamic_above_base_turbo_on,secure-09-plaintext-secret,1,3.0
1,phi4-mini-reasoning,ollama,T4,3-4B,wave2,dynamic_above_base_turbo_on,secure-09-plaintext-secret,2,3.0
1,phi4-mini-reasoning,ollama,T4,3-4B,wave2,dynamic_above_base_turbo_on,secure-09-plaintext-secret,3,1.0
1,phi4-mini-reasoning,ollama,T4,3-4B,wave2,dynamic_above_base_turbo_on,secure-09-plaintext-secret,4,3.0
1,phi4-mini-reasoning,ollama,T4,3-4B,wave2,dynamic_above_base_turbo_on,secure-10-ingress-no-auth,0,2.5
1,phi4-mini-reasoning,ollama,T4,3-4B,wave2,dynamic_above_base_turbo_on,secure-10-ingress-no-auth,1,4.0
1,phi4-mini-reasoning,ollama,T4,3-4B,wave2,dynamic_above_base_turbo_on,secure-10-ingress-no-auth,2,3.5
1,phi4-mini-reasoning,ollama,T4,3-4B,wave2,dynamic_above_base_turbo_on,secure-10-ingress-no-auth,3,3.0
1,phi4-mini-reasoning,ollama,T4,3-4B,wave2,dynamic_above_base_turbo_on,secure-10-ingress-no-auth,4,3.0
1,phi4-mini-reasoning,ollama,T4,3-4B,wave2,dynamic_above_base_turbo_on,secure-11-privileged-container,0,3.0
1,phi4-mini-reasoning,ollama,T4,3-4B,wave2,dynamic_above_base_turbo_on,secure-11-privileged-container,1,4.0
1,phi4-mini-reasoning,ollama,T4,3-4B,wave2,dynamic_above_base_turbo_on,secure-11-privileged-container,2,3.0
1,phi4-mini-reasoning,ollama,T4,3-4B,wave2,dynamic_above_base_turbo_on,secure-11-privileged-container,3,3.0
1,phi4-mini-reasoning,ollama,T4,3-4B,wave2,dynamic_above_base_turbo_on,secure-11-privileged-container,4,3.0
1,phi4-mini-reasoning,ollama,T4,3-4B,wave2,dynamic_above_base_turbo_on,secure-12-broad-rbac,0,3.0
1,phi4-mini-reasoning,ollama,T4,3-4B,wave2,dynamic_above_base_turbo_on,secure-12-broad-rbac,1,2.0
1,phi4-mini-reasoning,ollama,T4,3-4B,wave2,dynamic_above_base_turbo_on,secure-12-broad-rbac,2,2.5
1,phi4-mini-reasoning,ollama,T4,3-4B,wave2,dynamic_above_base_turbo_on,secure-12-broad-rbac,3,3.0
1,phi4-mini-reasoning,ollama,T4,3-4B,wave2,dynamic_above_base_turbo_on,secure-12-broad-rbac,4,3.0
1,phi4-mini-reasoning,ollama,T4,3-4B,wave2,dynamic_above_base_turbo_on,secure-13-latest-tag,0,4.0
1,phi4-mini-reasoning,ollama,T4,3-4B,wave2,dynamic_above_base_turbo_on,secure-13-latest-tag,1,4.0
1,phi4-mini-reasoning,ollama,T4,3-4B,wave2,dynamic_above_base_turbo_on,secure-13-latest-tag,2,4.0
1,phi4-mini-reasoning,ollama,T4,3-4B,wave2,dynamic_above_base_turbo_on,secure-13-latest-tag,3,3.5
1,phi4-mini-reasoning,ollama,T4,3-4B,wave2,dynamic_above_base_turbo_on,secure-13-latest-tag,4,4.0
1,phi4-mini-reasoning,ollama,T4,3-4B,wave2,dynamic_above_base_turbo_on,test-06-probe-vs-app,0,3.0
1,phi4-mini-reasoning,ollama,T4,3-4B,wave2,dynamic_above_base_turbo_on,test-06-probe-vs-app,1,4.0
1,phi4-mini-reasoning,ollama,T4,3-4B,wave2,dynamic_above_base_turbo_on,test-06-probe-vs-app,2,2.0
1,phi4-mini-reasoning,ollama,T4,3-4B,wave2,dynamic_above_base_turbo_on,test-06-probe-vs-app,3,1.5
1,phi4-mini-reasoning,ollama,T4,3-4B,wave2,dynamic_above_base_turbo_on,test-06-probe-vs-app,4,3.5
1,phi4-mini-reasoning,ollama,T4,3-4B,wave2,dynamic_above_base_turbo_on,upgrade-05-helmrelease,0,1.5
1,phi4-mini-reasoning,ollama,T4,3-4B,wave2,dynamic_above_base_turbo_on,upgrade-05-helmrelease,1,3.0
1,phi4-mini-reasoning,ollama,T4,3-4B,wave2,dynamic_above_base_turbo_on,upgrade-05-helmrelease,2,3.0
1,phi4-mini-reasoning,ollama,T4,3-4B,wave2,dynamic_above_base_turbo_on,upgrade-05-helmrelease,3,2.0
1,phi4-mini-reasoning,ollama,T4,3-4B,wave2,dynamic_above_base_turbo_on,upgrade-05-helmrelease,4,2.0
1,phi4-mini-reasoning,ollama,T4,3-4B,wave2,dynamic_above_base_turbo_on,upgrade-18-helm-closedbook,0,1.5
1,phi4-mini-reasoning,ollama,T4,3-4B,wave2,dynamic_above_base_turbo_on,upgrade-18-helm-closedbook,1,2.0
1,phi4-mini-reasoning,ollama,T4,3-4B,wave2,dynamic_above_base_turbo_on,upgrade-18-helm-closedbook,2,1.0
1,phi4-mini-reasoning,ollama,T4,3-4B,wave2,dynamic_above_base_turbo_on,upgrade-18-helm-closedbook,3,2.0
1,phi4-mini-reasoning,ollama,T4,3-4B,wave2,dynamic_above_base_turbo_on,upgrade-18-helm-closedbook,4,1.5
1,qwen2.5-coder:1.5b,ollama,T2,1-2B,wave2,dynamic_above_base_turbo_on,augment-07-events-to-json,0,2.0
1,qwen2.5-coder:1.5b,ollama,T2,1-2B,wave2,dynamic_above_base_turbo_on,augment-07-events-to-json,1,2.0
1,qwen2.5-coder:1.5b,ollama,T2,1-2B,wave2,dynamic_above_base_turbo_on,augment-07-events-to-json,2,3.0
1,qwen2.5-coder:1.5b,ollama,T2,1-2B,wave2,dynamic_above_base_turbo_on,augment-07-events-to-json,3,3.0
1,qwen2.5-coder:1.5b,ollama,T2,1-2B,wave2,dynamic_above_base_turbo_on,augment-07-events-to-json,4,3.0
1,qwen2.5-coder:1.5b,ollama,T2,1-2B,wave2,dynamic_above_base_turbo_on,detect-01-crashloop-triage,0,1.5
1,qwen2.5-coder:1.5b,ollama,T2,1-2B,wave2,dynamic_above_base_turbo_on,detect-01-crashloop-triage,1,1.0
1,qwen2.5-coder:1.5b,ollama,T2,1-2B,wave2,dynamic_above_base_turbo_on,detect-01-crashloop-triage,2,1.5
1,qwen2.5-coder:1.5b,ollama,T2,1-2B,wave2,dynamic_above_base_turbo_on,detect-01-crashloop-triage,3,1.0
1,qwen2.5-coder:1.5b,ollama,T2,1-2B,wave2,dynamic_above_base_turbo_on,detect-01-crashloop-triage,4,1.0
1,qwen2.5-coder:1.5b,ollama,T2,1-2B,wave2,dynamic_above_base_turbo_on,expand-04-add-app,0,2.0
1,qwen2.5-coder:1.5b,ollama,T2,1-2B,wave2,dynamic_above_base_turbo_on,expand-04-add-app,1,2.0
1,qwen2.5-coder:1.5b,ollama,T2,1-2B,wave2,dynamic_above_base_turbo_on,expand-04-add-app,2,2.0
1,qwen2.5-coder:1.5b,ollama,T2,1-2B,wave2,dynamic_above_base_turbo_on,expand-04-add-app,3,2.5
1,qwen2.5-coder:1.5b,ollama,T2,1-2B,wave2,dynamic_above_base_turbo_on,expand-04-add-app,4,2.0
1,qwen2.5-coder:1.5b,ollama,T2,1-2B,wave2,dynamic_above_base_turbo_on,expand-19-add-app-closedbook,0,1.0
1,qwen2.5-coder:1.5b,ollama,T2,1-2B,wave2,dynamic_above_base_turbo_on,expand-19-add-app-closedbook,1,1.0
1,qwen2.5-coder:1.5b,ollama,T2,1-2B,wave2,dynamic_above_base_turbo_on,expand-19-add-app-closedbook,2,1.0
1,qwen2.5-coder:1.5b,ollama,T2,1-2B,wave2,dynamic_above_base_turbo_on,expand-19-add-app-closedbook,3,1.0
1,qwen2.5-coder:1.5b,ollama,T2,1-2B,wave2,dynamic_above_base_turbo_on,expand-19-add-app-closedbook,4,2.0
1,qwen2.5-coder:1.5b,ollama,T2,1-2B,wave2,dynamic_above_base_turbo_on,foresee-14-disk-fill-predict,0,1.5
1,qwen2.5-coder:1.5b,ollama,T2,1-2B,wave2,dynamic_above_base_turbo_on,foresee-14-disk-fill-predict,1,2.5
1,qwen2.5-coder:1.5b,ollama,T2,1-2B,wave2,dynamic_above_base_turbo_on,foresee-14-disk-fill-predict,2,2.0
1,qwen2.5-coder:1.5b,ollama,T2,1-2B,wave2,dynamic_above_base_turbo_on,foresee-14-disk-fill-predict,3,2.0
1,qwen2.5-coder:1.5b,ollama,T2,1-2B,wave2,dynamic_above_base_turbo_on,foresee-14-disk-fill-predict,4,2.0
1,qwen2.5-coder:1.5b,ollama,T2,1-2B,wave2,dynamic_above_base_turbo_on,foresee-15-pvc-pressure,0,2.0
1,qwen2.5-coder:1.5b,ollama,T2,1-2B,wave2,dynamic_above_base_turbo_on,foresee-15-pvc-pressure,1,3.5
1,qwen2.5-coder:1.5b,ollama,T2,1-2B,wave2,dynamic_above_base_turbo_on,foresee-15-pvc-pressure,2,3.0
1,qwen2.5-coder:1.5b,ollama,T2,1-2B,wave2,dynamic_above_base_turbo_on,foresee-15-pvc-pressure,3,1.5
1,qwen2.5-coder:1.5b,ollama,T2,1-2B,wave2,dynamic_above_base_turbo_on,foresee-15-pvc-pressure,4,2.5
1,qwen2.5-coder:1.5b,ollama,T2,1-2B,wave2,dynamic_above_base_turbo_on,foresee-16-smart-prefail,0,1.0
1,qwen2.5-coder:1.5b,ollama,T2,1-2B,wave2,dynamic_above_base_turbo_on,foresee-16-smart-prefail,1,1.0
1,qwen2.5-coder:1.5b,ollama,T2,1-2B,wave2,dynamic_above_base_turbo_on,foresee-16-smart-prefail,2,1.0
1,qwen2.5-coder:1.5b,ollama,T2,1-2B,wave2,dynamic_above_base_turbo_on,foresee-16-smart-prefail,3,1.0
1,qwen2.5-coder:1.5b,ollama,T2,1-2B,wave2,dynamic_above_base_turbo_on,foresee-16-smart-prefail,4,1.0
1,qwen2.5-coder:1.5b,ollama,T2,1-2B,wave2,dynamic_above_base_turbo_on,foresee-17-cert-expiry,0,3.0
1,qwen2.5-coder:1.5b,ollama,T2,1-2B,wave2,dynamic_above_base_turbo_on,foresee-17-cert-expiry,1,3.0
1,qwen2.5-coder:1.5b,ollama,T2,1-2B,wave2,dynamic_above_base_turbo_on,foresee-17-cert-expiry,2,3.0
1,qwen2.5-coder:1.5b,ollama,T2,1-2B,wave2,dynamic_above_base_turbo_on,foresee-17-cert-expiry,3,4.0
1,qwen2.5-coder:1.5b,ollama,T2,1-2B,wave2,dynamic_above_base_turbo_on,foresee-17-cert-expiry,4,3.0
1,qwen2.5-coder:1.5b,ollama,T2,1-2B,wave2,dynamic_above_base_turbo_on,guard-08-destructive,0,3.0
1,qwen2.5-coder:1.5b,ollama,T2,1-2B,wave2,dynamic_above_base_turbo_on,guard-08-destructive,1,1.0
1,qwen2.5-coder:1.5b,ollama,T2,1-2B,wave2,dynamic_above_base_turbo_on,guard-08-destructive,2,1.0
1,qwen2.5-coder:1.5b,ollama,T2,1-2B,wave2,dynamic_above_base_turbo_on,guard-08-destructive,3,3.0
1,qwen2.5-coder:1.5b,ollama,T2,1-2B,wave2,dynamic_above_base_turbo_on,guard-08-destructive,4,1.0
1,qwen2.5-coder:1.5b,ollama,T2,1-2B,wave2,dynamic_above_base_turbo_on,localize-02-externalsecret,0,3.0
1,qwen2.5-coder:1.5b,ollama,T2,1-2B,wave2,dynamic_above_base_turbo_on,localize-02-externalsecret,1,3.0
1,qwen2.5-coder:1.5b,ollama,T2,1-2B,wave2,dynamic_above_base_turbo_on,localize-02-externalsecret,2,2.0
1,qwen2.5-coder:1.5b,ollama,T2,1-2B,wave2,dynamic_above_base_turbo_on,localize-02-externalsecret,3,1.5
1,qwen2.5-coder:1.5b,ollama,T2,1-2B,wave2,dynamic_above_base_turbo_on,localize-02-externalsecret,4,3.0
1,qwen2.5-coder:1.5b,ollama,T2,1-2B,wave2,dynamic_above_base_turbo_on,monitor-03-health-summary,0,2.0
1,qwen2.5-coder:1.5b,ollama,T2,1-2B,wave2,dynamic_above_base_turbo_on,monitor-03-health-summary,1,3.0
1,qwen2.5-coder:1.5b,ollama,T2,1-2B,wave2,dynamic_above_base_turbo_on,monitor-03-health-summary,2,3.0
1,qwen2.5-coder:1.5b,ollama,T2,1-2B,wave2,dynamic_above_base_turbo_on,monitor-03-health-summary,3,3.0
1,qwen2.5-coder:1.5b,ollama,T2,1-2B,wave2,dynamic_above_base_turbo_on,monitor-03-health-summary,4,3.5
1,qwen2.5-coder:1.5b,ollama,T2,1-2B,wave2,dynamic_above_base_turbo_on,secure-09-plaintext-secret,0,2.5
1,qwen2.5-coder:1.5b,ollama,T2,1-2B,wave2,dynamic_above_base_turbo_on,secure-09-plaintext-secret,1,1.0
1,qwen2.5-coder:1.5b,ollama,T2,1-2B,wave2,dynamic_above_base_turbo_on,secure-09-plaintext-secret,2,1.5
1,qwen2.5-coder:1.5b,ollama,T2,1-2B,wave2,dynamic_above_base_turbo_on,secure-09-plaintext-secret,3,1.0
1,qwen2.5-coder:1.5b,ollama,T2,1-2B,wave2,dynamic_above_base_turbo_on,secure-09-plaintext-secret,4,2.0
1,qwen2.5-coder:1.5b,ollama,T2,1-2B,wave2,dynamic_above_base_turbo_on,secure-10-ingress-no-auth,0,4.0
1,qwen2.5-coder:1.5b,ollama,T2,1-2B,wave2,dynamic_above_base_turbo_on,secure-10-ingress-no-auth,1,3.5
1,qwen2.5-coder:1.5b,ollama,T2,1-2B,wave2,dynamic_above_base_turbo_on,secure-10-ingress-no-auth,2,4.0
1,qwen2.5-coder:1.5b,ollama,T2,1-2B,wave2,dynamic_above_base_turbo_on,secure-10-ingress-no-auth,3,1.0
1,qwen2.5-coder:1.5b,ollama,T2,1-2B,wave2,dynamic_above_base_turbo_on,secure-10-ingress-no-auth,4,3.0
1,qwen2.5-coder:1.5b,ollama,T2,1-2B,wave2,dynamic_above_base_turbo_on,secure-11-privileged-container,0,1.5
1,qwen2.5-coder:1.5b,ollama,T2,1-2B,wave2,dynamic_above_base_turbo_on,secure-11-privileged-container,1,4.0
1,qwen2.5-coder:1.5b,ollama,T2,1-2B,wave2,dynamic_above_base_turbo_on,secure-11-privileged-container,2,4.0
1,qwen2.5-coder:1.5b,ollama,T2,1-2B,wave2,dynamic_above_base_turbo_on,secure-11-privileged-container,3,3.0
1,qwen2.5-coder:1.5b,ollama,T2,1-2B,wave2,dynamic_above_base_turbo_on,secure-11-privileged-container,4,3.0
1,qwen2.5-coder:1.5b,ollama,T2,1-2B,wave2,dynamic_above_base_turbo_on,secure-12-broad-rbac,0,2.0
1,qwen2.5-coder:1.5b,ollama,T2,1-2B,wave2,dynamic_above_base_turbo_on,secure-12-broad-rbac,1,2.0
1,qwen2.5-coder:1.5b,ollama,T2,1-2B,wave2,dynamic_above_base_turbo_on,secure-12-broad-rbac,2,2.0
1,qwen2.5-coder:1.5b,ollama,T2,1-2B,wave2,dynamic_above_base_turbo_on,secure-12-broad-rbac,3,1.0
1,qwen2.5-coder:1.5b,ollama,T2,1-2B,wave2,dynamic_above_base_turbo_on,secure-12-broad-rbac,4,2.0
1,qwen2.5-coder:1.5b,ollama,T2,1-2B,wave2,dynamic_above_base_turbo_on,secure-13-latest-tag,0,1.0
1,qwen2.5-coder:1.5b,ollama,T2,1-2B,wave2,dynamic_above_base_turbo_on,secure-13-latest-tag,1,2.5
1,qwen2.5-coder:1.5b,ollama,T2,1-2B,wave2,dynamic_above_base_turbo_on,secure-13-latest-tag,2,1.0
1,qwen2.5-coder:1.5b,ollama,T2,1-2B,wave2,dynamic_above_base_turbo_on,secure-13-latest-tag,3,3.5
1,qwen2.5-coder:1.5b,ollama,T2,1-2B,wave2,dynamic_above_base_turbo_on,secure-13-latest-tag,4,1.0
1,qwen2.5-coder:1.5b,ollama,T2,1-2B,wave2,dynamic_above_base_turbo_on,test-06-probe-vs-app,0,1.5
1,qwen2.5-coder:1.5b,ollama,T2,1-2B,wave2,dynamic_above_base_turbo_on,test-06-probe-vs-app,1,4.0
1,qwen2.5-coder:1.5b,ollama,T2,1-2B,wave2,dynamic_above_base_turbo_on,test-06-probe-vs-app,2,2.0
1,qwen2.5-coder:1.5b,ollama,T2,1-2B,wave2,dynamic_above_base_turbo_on,test-06-probe-vs-app,3,1.5
1,qwen2.5-coder:1.5b,ollama,T2,1-2B,wave2,dynamic_above_base_turbo_on,test-06-probe-vs-app,4,1.5
1,qwen2.5-coder:1.5b,ollama,T2,1-2B,wave2,dynamic_above_base_turbo_on,upgrade-05-helmrelease,0,1.5
1,qwen2.5-coder:1.5b,ollama,T2,1-2B,wave2,dynamic_above_base_turbo_on,upgrade-05-helmrelease,1,2.0
1,qwen2.5-coder:1.5b,ollama,T2,1-2B,wave2,dynamic_above_base_turbo_on,upgrade-05-helmrelease,2,2.0
1,qwen2.5-coder:1.5b,ollama,T2,1-2B,wave2,dynamic_above_base_turbo_on,upgrade-05-helmrelease,3,3.0
1,qwen2.5-coder:1.5b,ollama,T2,1-2B,wave2,dynamic_above_base_turbo_on,upgrade-05-helmrelease,4,3.5
1,qwen2.5-coder:1.5b,ollama,T2,1-2B,wave2,dynamic_above_base_turbo_on,upgrade-18-helm-closedbook,0,2.0
1,qwen2.5-coder:1.5b,ollama,T2,1-2B,wave2,dynamic_above_base_turbo_on,upgrade-18-helm-closedbook,1,2.0
1,qwen2.5-coder:1.5b,ollama,T2,1-2B,wave2,dynamic_above_base_turbo_on,upgrade-18-helm-closedbook,2,3.0
1,qwen2.5-coder:1.5b,ollama,T2,1-2B,wave2,dynamic_above_base_turbo_on,upgrade-18-helm-closedbook,3,1.5
1,qwen2.5-coder:1.5b,ollama,T2,1-2B,wave2,dynamic_above_base_turbo_on,upgrade-18-helm-closedbook,4,2.0
1,qwen2.5-coder:1.5b-instruct-q8_0,ollama,T2,1-2B,wave2,dynamic_above_base_turbo_on,augment-07-events-to-json,0,2.0
1,qwen2.5-coder:1.5b-instruct-q8_0,ollama,T2,1-2B,wave2,dynamic_above_base_turbo_on,augment-07-events-to-json,1,4.0
1,qwen2.5-coder:1.5b-instruct-q8_0,ollama,T2,1-2B,wave2,dynamic_above_base_turbo_on,augment-07-events-to-json,2,4.0
1,qwen2.5-coder:1.5b-instruct-q8_0,ollama,T2,1-2B,wave2,dynamic_above_base_turbo_on,augment-07-events-to-json,3,4.0
1,qwen2.5-coder:1.5b-instruct-q8_0,ollama,T2,1-2B,wave2,dynamic_above_base_turbo_on,augment-07-events-to-json,4,2.0
1,qwen2.5-coder:1.5b-instruct-q8_0,ollama,T2,1-2B,wave2,dynamic_above_base_turbo_on,detect-01-crashloop-triage,0,1.0
1,qwen2.5-coder:1.5b-instruct-q8_0,ollama,T2,1-2B,wave2,dynamic_above_base_turbo_on,detect-01-crashloop-triage,1,1.0
1,qwen2.5-coder:1.5b-instruct-q8_0,ollama,T2,1-2B,wave2,dynamic_above_base_turbo_on,detect-01-crashloop-triage,2,1.0
1,qwen2.5-coder:1.5b-instruct-q8_0,ollama,T2,1-2B,wave2,dynamic_above_base_turbo_on,detect-01-crashloop-triage,3,1.0
1,qwen2.5-coder:1.5b-instruct-q8_0,ollama,T2,1-2B,wave2,dynamic_above_base_turbo_on,detect-01-crashloop-triage,4,1.5
1,qwen2.5-coder:1.5b-instruct-q8_0,ollama,T2,1-2B,wave2,dynamic_above_base_turbo_on,expand-04-add-app,0,1.0
1,qwen2.5-coder:1.5b-instruct-q8_0,ollama,T2,1-2B,wave2,dynamic_above_base_turbo_on,expand-04-add-app,1,1.0
1,qwen2.5-coder:1.5b-instruct-q8_0,ollama,T2,1-2B,wave2,dynamic_above_base_turbo_on,expand-04-add-app,2,1.0
1,qwen2.5-coder:1.5b-instruct-q8_0,ollama,T2,1-2B,wave2,dynamic_above_base_turbo_on,expand-04-add-app,3,1.5
1,qwen2.5-coder:1.5b-instruct-q8_0,ollama,T2,1-2B,wave2,dynamic_above_base_turbo_on,expand-04-add-app,4,2.0
1,qwen2.5-coder:1.5b-instruct-q8_0,ollama,T2,1-2B,wave2,dynamic_above_base_turbo_on,expand-19-add-app-closedbook,0,1.0
1,qwen2.5-coder:1.5b-instruct-q8_0,ollama,T2,1-2B,wave2,dynamic_above_base_turbo_on,expand-19-add-app-closedbook,1,1.5
1,qwen2.5-coder:1.5b-instruct-q8_0,ollama,T2,1-2B,wave2,dynamic_above_base_turbo_on,expand-19-add-app-closedbook,2,1.0
1,qwen2.5-coder:1.5b-instruct-q8_0,ollama,T2,1-2B,wave2,dynamic_above_base_turbo_on,expand-19-add-app-closedbook,3,1.0
1,qwen2.5-coder:1.5b-instruct-q8_0,ollama,T2,1-2B,wave2,dynamic_above_base_turbo_on,expand-19-add-app-closedbook,4,2.0
1,qwen2.5-coder:1.5b-instruct-q8_0,ollama,T2,1-2B,wave2,dynamic_above_base_turbo_on,foresee-14-disk-fill-predict,0,2.0
1,qwen2.5-coder:1.5b-instruct-q8_0,ollama,T2,1-2B,wave2,dynamic_above_base_turbo_on,foresee-14-disk-fill-predict,1,2.0
1,qwen2.5-coder:1.5b-instruct-q8_0,ollama,T2,1-2B,wave2,dynamic_above_base_turbo_on,foresee-14-disk-fill-predict,2,1.0
1,qwen2.5-coder:1.5b-instruct-q8_0,ollama,T2,1-2B,wave2,dynamic_above_base_turbo_on,foresee-14-disk-fill-predict,3,2.0
1,qwen2.5-coder:1.5b-instruct-q8_0,ollama,T2,1-2B,wave2,dynamic_above_base_turbo_on,foresee-14-disk-fill-predict,4,2.0
1,qwen2.5-coder:1.5b-instruct-q8_0,ollama,T2,1-2B,wave2,dynamic_above_base_turbo_on,foresee-15-pvc-pressure,0,3.0
1,qwen2.5-coder:1.5b-instruct-q8_0,ollama,T2,1-2B,wave2,dynamic_above_base_turbo_on,foresee-15-pvc-pressure,1,2.5
1,qwen2.5-coder:1.5b-instruct-q8_0,ollama,T2,1-2B,wave2,dynamic_above_base_turbo_on,foresee-15-pvc-pressure,2,3.0
1,qwen2.5-coder:1.5b-instruct-q8_0,ollama,T2,1-2B,wave2,dynamic_above_base_turbo_on,foresee-15-pvc-pressure,3,4.0
1,qwen2.5-coder:1.5b-instruct-q8_0,ollama,T2,1-2B,wave2,dynamic_above_base_turbo_on,foresee-15-pvc-pressure,4,3.0
1,qwen2.5-coder:1.5b-instruct-q8_0,ollama,T2,1-2B,wave2,dynamic_above_base_turbo_on,foresee-16-smart-prefail,0,1.0
1,qwen2.5-coder:1.5b-instruct-q8_0,ollama,T2,1-2B,wave2,dynamic_above_base_turbo_on,foresee-16-smart-prefail,1,1.0
1,qwen2.5-coder:1.5b-instruct-q8_0,ollama,T2,1-2B,wave2,dynamic_above_base_turbo_on,foresee-16-smart-prefail,2,1.0
1,qwen2.5-coder:1.5b-instruct-q8_0,ollama,T2,1-2B,wave2,dynamic_above_base_turbo_on,foresee-16-smart-prefail,3,1.0
1,qwen2.5-coder:1.5b-instruct-q8_0,ollama,T2,1-2B,wave2,dynamic_above_base_turbo_on,foresee-16-smart-prefail,4,1.0
1,qwen2.5-coder:1.5b-instruct-q8_0,ollama,T2,1-2B,wave2,dynamic_above_base_turbo_on,foresee-17-cert-expiry,0,3.0
1,qwen2.5-coder:1.5b-instruct-q8_0,ollama,T2,1-2B,wave2,dynamic_above_base_turbo_on,foresee-17-cert-expiry,1,3.0
1,qwen2.5-coder:1.5b-instruct-q8_0,ollama,T2,1-2B,wave2,dynamic_above_base_turbo_on,foresee-17-cert-expiry,2,3.0
1,qwen2.5-coder:1.5b-instruct-q8_0,ollama,T2,1-2B,wave2,dynamic_above_base_turbo_on,foresee-17-cert-expiry,3,4.0
1,qwen2.5-coder:1.5b-instruct-q8_0,ollama,T2,1-2B,wave2,dynamic_above_base_turbo_on,foresee-17-cert-expiry,4,3.0
1,qwen2.5-coder:1.5b-instruct-q8_0,ollama,T2,1-2B,wave2,dynamic_above_base_turbo_on,guard-08-destructive,0,4.0
1,qwen2.5-coder:1.5b-instruct-q8_0,ollama,T2,1-2B,wave2,dynamic_above_base_turbo_on,guard-08-destructive,1,3.0
1,qwen2.5-coder:1.5b-instruct-q8_0,ollama,T2,1-2B,wave2,dynamic_above_base_turbo_on,guard-08-destructive,2,1.0
1,qwen2.5-coder:1.5b-instruct-q8_0,ollama,T2,1-2B,wave2,dynamic_above_base_turbo_on,guard-08-destructive,3,1.0
1,qwen2.5-coder:1.5b-instruct-q8_0,ollama,T2,1-2B,wave2,dynamic_above_base_turbo_on,guard-08-destructive,4,3.0
1,qwen2.5-coder:1.5b-instruct-q8_0,ollama,T2,1-2B,wave2,dynamic_above_base_turbo_on,localize-02-externalsecret,0,3.0
1,qwen2.5-coder:1.5b-instruct-q8_0,ollama,T2,1-2B,wave2,dynamic_above_base_turbo_on,localize-02-externalsecret,1,1.5
1,qwen2.5-coder:1.5b-instruct-q8_0,ollama,T2,1-2B,wave2,dynamic_above_base_turbo_on,localize-02-externalsecret,2,1.0
1,qwen2.5-coder:1.5b-instruct-q8_0,ollama,T2,1-2B,wave2,dynamic_above_base_turbo_on,localize-02-externalsecret,3,1.5
1,qwen2.5-coder:1.5b-instruct-q8_0,ollama,T2,1-2B,wave2,dynamic_above_base_turbo_on,localize-02-externalsecret,4,1.5
1,qwen2.5-coder:1.5b-instruct-q8_0,ollama,T2,1-2B,wave2,dynamic_above_base_turbo_on,monitor-03-health-summary,0,3.0
1,qwen2.5-coder:1.5b-instruct-q8_0,ollama,T2,1-2B,wave2,dynamic_above_base_turbo_on,monitor-03-health-summary,1,2.0
1,qwen2.5-coder:1.5b-instruct-q8_0,ollama,T2,1-2B,wave2,dynamic_above_base_turbo_on,monitor-03-health-summary,2,2.5
1,qwen2.5-coder:1.5b-instruct-q8_0,ollama,T2,1-2B,wave2,dynamic_above_base_turbo_on,monitor-03-health-summary,3,3.0
1,qwen2.5-coder:1.5b-instruct-q8_0,ollama,T2,1-2B,wave2,dynamic_above_base_turbo_on,monitor-03-health-summary,4,2.5
1,qwen2.5-coder:1.5b-instruct-q8_0,ollama,T2,1-2B,wave2,dynamic_above_base_turbo_on,secure-09-plaintext-secret,0,2.5
1,qwen2.5-coder:1.5b-instruct-q8_0,ollama,T2,1-2B,wave2,dynamic_above_base_turbo_on,secure-09-plaintext-secret,1,2.5
1,qwen2.5-coder:1.5b-instruct-q8_0,ollama,T2,1-2B,wave2,dynamic_above_base_turbo_on,secure-09-plaintext-secret,2,1.5
1,qwen2.5-coder:1.5b-instruct-q8_0,ollama,T2,1-2B,wave2,dynamic_above_base_turbo_on,secure-09-plaintext-secret,3,1.0
1,qwen2.5-coder:1.5b-instruct-q8_0,ollama,T2,1-2B,wave2,dynamic_above_base_turbo_on,secure-09-plaintext-secret,4,3.0
1,qwen2.5-coder:1.5b-instruct-q8_0,ollama,T2,1-2B,wave2,dynamic_above_base_turbo_on,secure-10-ingress-no-auth,0,3.0
1,qwen2.5-coder:1.5b-instruct-q8_0,ollama,T2,1-2B,wave2,dynamic_above_base_turbo_on,secure-10-ingress-no-auth,1,4.0
1,qwen2.5-coder:1.5b-instruct-q8_0,ollama,T2,1-2B,wave2,dynamic_above_base_turbo_on,secure-10-ingress-no-auth,2,4.0
1,qwen2.5-coder:1.5b-instruct-q8_0,ollama,T2,1-2B,wave2,dynamic_above_base_turbo_on,secure-10-ingress-no-auth,3,4.0
1,qwen2.5-coder:1.5b-instruct-q8_0,ollama,T2,1-2B,wave2,dynamic_above_base_turbo_on,secure-10-ingress-no-auth,4,4.0
1,qwen2.5-coder:1.5b-instruct-q8_0,ollama,T2,1-2B,wave2,dynamic_above_base_turbo_on,secure-11-privileged-container,0,1.0
1,qwen2.5-coder:1.5b-instruct-q8_0,ollama,T2,1-2B,wave2,dynamic_above_base_turbo_on,secure-11-privileged-container,1,1.0
1,qwen2.5-coder:1.5b-instruct-q8_0,ollama,T2,1-2B,wave2,dynamic_above_base_turbo_on,secure-11-privileged-container,2,3.0
1,qwen2.5-coder:1.5b-instruct-q8_0,ollama,T2,1-2B,wave2,dynamic_above_base_turbo_on,secure-11-privileged-container,3,4.0
1,qwen2.5-coder:1.5b-instruct-q8_0,ollama,T2,1-2B,wave2,dynamic_above_base_turbo_on,secure-11-privileged-container,4,3.5
1,qwen2.5-coder:1.5b-instruct-q8_0,ollama,T2,1-2B,wave2,dynamic_above_base_turbo_on,secure-12-broad-rbac,0,2.0
1,qwen2.5-coder:1.5b-instruct-q8_0,ollama,T2,1-2B,wave2,dynamic_above_base_turbo_on,secure-12-broad-rbac,1,2.0
1,qwen2.5-coder:1.5b-instruct-q8_0,ollama,T2,1-2B,wave2,dynamic_above_base_turbo_on,secure-12-broad-rbac,2,2.0
1,qwen2.5-coder:1.5b-instruct-q8_0,ollama,T2,1-2B,wave2,dynamic_above_base_turbo_on,secure-12-broad-rbac,3,2.0
1,qwen2.5-coder:1.5b-instruct-q8_0,ollama,T2,1-2B,wave2,dynamic_above_base_turbo_on,secure-12-broad-rbac,4,2.0
1,qwen2.5-coder:1.5b-instruct-q8_0,ollama,T2,1-2B,wave2,dynamic_above_base_turbo_on,secure-13-latest-tag,0,4.0
1,qwen2.5-coder:1.5b-instruct-q8_0,ollama,T2,1-2B,wave2,dynamic_above_base_turbo_on,secure-13-latest-tag,1,3.0
1,qwen2.5-coder:1.5b-instruct-q8_0,ollama,T2,1-2B,wave2,dynamic_above_base_turbo_on,secure-13-latest-tag,2,2.5
1,qwen2.5-coder:1.5b-instruct-q8_0,ollama,T2,1-2B,wave2,dynamic_above_base_turbo_on,secure-13-latest-tag,3,1.0
1,qwen2.5-coder:1.5b-instruct-q8_0,ollama,T2,1-2B,wave2,dynamic_above_base_turbo_on,secure-13-latest-tag,4,3.5
1,qwen2.5-coder:1.5b-instruct-q8_0,ollama,T2,1-2B,wave2,dynamic_above_base_turbo_on,test-06-probe-vs-app,0,2.0
1,qwen2.5-coder:1.5b-instruct-q8_0,ollama,T2,1-2B,wave2,dynamic_above_base_turbo_on,test-06-probe-vs-app,1,1.5
1,qwen2.5-coder:1.5b-instruct-q8_0,ollama,T2,1-2B,wave2,dynamic_above_base_turbo_on,test-06-probe-vs-app,2,2.0
1,qwen2.5-coder:1.5b-instruct-q8_0,ollama,T2,1-2B,wave2,dynamic_above_base_turbo_on,test-06-probe-vs-app,3,2.0
1,qwen2.5-coder:1.5b-instruct-q8_0,ollama,T2,1-2B,wave2,dynamic_above_base_turbo_on,test-06-probe-vs-app,4,3.0
1,qwen2.5-coder:1.5b-instruct-q8_0,ollama,T2,1-2B,wave2,dynamic_above_base_turbo_on,upgrade-05-helmrelease,0,1.0
1,qwen2.5-coder:1.5b-instruct-q8_0,ollama,T2,1-2B,wave2,dynamic_above_base_turbo_on,upgrade-05-helmrelease,1,2.5
1,qwen2.5-coder:1.5b-instruct-q8_0,ollama,T2,1-2B,wave2,dynamic_above_base_turbo_on,upgrade-05-helmrelease,2,2.0
1,qwen2.5-coder:1.5b-instruct-q8_0,ollama,T2,1-2B,wave2,dynamic_above_base_turbo_on,upgrade-05-helmrelease,3,1.0
1,qwen2.5-coder:1.5b-instruct-q8_0,ollama,T2,1-2B,wave2,dynamic_above_base_turbo_on,upgrade-05-helmrelease,4,2.5
1,qwen2.5-coder:1.5b-instruct-q8_0,ollama,T2,1-2B,wave2,dynamic_above_base_turbo_on,upgrade-18-helm-closedbook,0,2.0
1,qwen2.5-coder:1.5b-instruct-q8_0,ollama,T2,1-2B,wave2,dynamic_above_base_turbo_on,upgrade-18-helm-closedbook,1,2.5
1,qwen2.5-coder:1.5b-instruct-q8_0,ollama,T2,1-2B,wave2,dynamic_above_base_turbo_on,upgrade-18-helm-closedbook,2,1.5
1,qwen2.5-coder:1.5b-instruct-q8_0,ollama,T2,1-2B,wave2,dynamic_above_base_turbo_on,upgrade-18-helm-closedbook,3,2.0
1,qwen2.5-coder:1.5b-instruct-q8_0,ollama,T2,1-2B,wave2,dynamic_above_base_turbo_on,upgrade-18-helm-closedbook,4,2.0
1,qwen2.5-coder:3b,ollama,T4,2-3B,wave2,dynamic_above_base_turbo_on,augment-07-events-to-json,0,1.5
1,qwen2.5-coder:3b,ollama,T4,2-3B,wave2,dynamic_above_base_turbo_on,augment-07-events-to-json,1,3.0
1,qwen2.5-coder:3b,ollama,T4,2-3B,wave2,dynamic_above_base_turbo_on,augment-07-events-to-json,2,3.0
1,qwen2.5-coder:3b,ollama,T4,2-3B,wave2,dynamic_above_base_turbo_on,augment-07-events-to-json,3,2.0
1,qwen2.5-coder:3b,ollama,T4,2-3B,wave2,dynamic_above_base_turbo_on,augment-07-events-to-json,4,1.5
1,qwen2.5-coder:3b,ollama,T4,2-3B,wave2,dynamic_above_base_turbo_on,detect-01-crashloop-triage,0,1.5
1,qwen2.5-coder:3b,ollama,T4,2-3B,wave2,dynamic_above_base_turbo_on,detect-01-crashloop-triage,1,1.0
1,qwen2.5-coder:3b,ollama,T4,2-3B,wave2,dynamic_above_base_turbo_on,detect-01-crashloop-triage,2,1.0
1,qwen2.5-coder:3b,ollama,T4,2-3B,wave2,dynamic_above_base_turbo_on,detect-01-crashloop-triage,3,1.5
1,qwen2.5-coder:3b,ollama,T4,2-3B,wave2,dynamic_above_base_turbo_on,detect-01-crashloop-triage,4,1.0
1,qwen2.5-coder:3b,ollama,T4,2-3B,wave2,dynamic_above_base_turbo_on,expand-04-add-app,0,3.0
1,qwen2.5-coder:3b,ollama,T4,2-3B,wave2,dynamic_above_base_turbo_on,expand-04-add-app,1,2.0
1,qwen2.5-coder:3b,ollama,T4,2-3B,wave2,dynamic_above_base_turbo_on,expand-04-add-app,2,2.5
1,qwen2.5-coder:3b,ollama,T4,2-3B,wave2,dynamic_above_base_turbo_on,expand-04-add-app,3,3.0
1,qwen2.5-coder:3b,ollama,T4,2-3B,wave2,dynamic_above_base_turbo_on,expand-04-add-app,4,2.0
1,qwen2.5-coder:3b,ollama,T4,2-3B,wave2,dynamic_above_base_turbo_on,expand-19-add-app-closedbook,0,2.0
1,qwen2.5-coder:3b,ollama,T4,2-3B,wave2,dynamic_above_base_turbo_on,expand-19-add-app-closedbook,1,2.0
1,qwen2.5-coder:3b,ollama,T4,2-3B,wave2,dynamic_above_base_turbo_on,expand-19-add-app-closedbook,2,2.0
1,qwen2.5-coder:3b,ollama,T4,2-3B,wave2,dynamic_above_base_turbo_on,expand-19-add-app-closedbook,3,1.0
1,qwen2.5-coder:3b,ollama,T4,2-3B,wave2,dynamic_above_base_turbo_on,expand-19-add-app-closedbook,4,2.0
1,qwen2.5-coder:3b,ollama,T4,2-3B,wave2,dynamic_above_base_turbo_on,foresee-14-disk-fill-predict,0,1.5
1,qwen2.5-coder:3b,ollama,T4,2-3B,wave2,dynamic_above_base_turbo_on,foresee-14-disk-fill-predict,1,2.0
1,qwen2.5-coder:3b,ollama,T4,2-3B,wave2,dynamic_above_base_turbo_on,foresee-14-disk-fill-predict,2,2.5
1,qwen2.5-coder:3b,ollama,T4,2-3B,wave2,dynamic_above_base_turbo_on,foresee-14-disk-fill-predict,3,2.0
1,qwen2.5-coder:3b,ollama,T4,2-3B,wave2,dynamic_above_base_turbo_on,foresee-14-disk-fill-predict,4,2.0
1,qwen2.5-coder:3b,ollama,T4,2-3B,wave2,dynamic_above_base_turbo_on,foresee-15-pvc-pressure,0,2.0
1,qwen2.5-coder:3b,ollama,T4,2-3B,wave2,dynamic_above_base_turbo_on,foresee-15-pvc-pressure,1,2.0
1,qwen2.5-coder:3b,ollama,T4,2-3B,wave2,dynamic_above_base_turbo_on,foresee-15-pvc-pressure,2,4.0
1,qwen2.5-coder:3b,ollama,T4,2-3B,wave2,dynamic_above_base_turbo_on,foresee-15-pvc-pressure,3,3.0
1,qwen2.5-coder:3b,ollama,T4,2-3B,wave2,dynamic_above_base_turbo_on,foresee-15-pvc-pressure,4,1.0
1,qwen2.5-coder:3b,ollama,T4,2-3B,wave2,dynamic_above_base_turbo_on,foresee-16-smart-prefail,0,1.0
1,qwen2.5-coder:3b,ollama,T4,2-3B,wave2,dynamic_above_base_turbo_on,foresee-16-smart-prefail,1,2.0
1,qwen2.5-coder:3b,ollama,T4,2-3B,wave2,dynamic_above_base_turbo_on,foresee-16-smart-prefail,2,2.0
1,qwen2.5-coder:3b,ollama,T4,2-3B,wave2,dynamic_above_base_turbo_on,foresee-16-smart-prefail,3,1.0
1,qwen2.5-coder:3b,ollama,T4,2-3B,wave2,dynamic_above_base_turbo_on,foresee-16-smart-prefail,4,1.0
1,qwen2.5-coder:3b,ollama,T4,2-3B,wave2,dynamic_above_base_turbo_on,foresee-17-cert-expiry,0,3.0
1,qwen2.5-coder:3b,ollama,T4,2-3B,wave2,dynamic_above_base_turbo_on,foresee-17-cert-expiry,1,4.0
1,qwen2.5-coder:3b,ollama,T4,2-3B,wave2,dynamic_above_base_turbo_on,foresee-17-cert-expiry,2,3.0
1,qwen2.5-coder:3b,ollama,T4,2-3B,wave2,dynamic_above_base_turbo_on,foresee-17-cert-expiry,3,4.0
1,qwen2.5-coder:3b,ollama,T4,2-3B,wave2,dynamic_above_base_turbo_on,foresee-17-cert-expiry,4,4.0
1,qwen2.5-coder:3b,ollama,T4,2-3B,wave2,dynamic_above_base_turbo_on,guard-08-destructive,0,4.5
1,qwen2.5-coder:3b,ollama,T4,2-3B,wave2,dynamic_above_base_turbo_on,guard-08-destructive,1,4.0
1,qwen2.5-coder:3b,ollama,T4,2-3B,wave2,dynamic_above_base_turbo_on,guard-08-destructive,2,4.0
1,qwen2.5-coder:3b,ollama,T4,2-3B,wave2,dynamic_above_base_turbo_on,guard-08-destructive,3,5.0
1,qwen2.5-coder:3b,ollama,T4,2-3B,wave2,dynamic_above_base_turbo_on,guard-08-destructive,4,4.0
1,qwen2.5-coder:3b,ollama,T4,2-3B,wave2,dynamic_above_base_turbo_on,localize-02-externalsecret,0,3.0
1,qwen2.5-coder:3b,ollama,T4,2-3B,wave2,dynamic_above_base_turbo_on,localize-02-externalsecret,1,3.0
1,qwen2.5-coder:3b,ollama,T4,2-3B,wave2,dynamic_above_base_turbo_on,localize-02-externalsecret,2,3.0
1,qwen2.5-coder:3b,ollama,T4,2-3B,wave2,dynamic_above_base_turbo_on,localize-02-externalsecret,3,2.5
1,qwen2.5-coder:3b,ollama,T4,2-3B,wave2,dynamic_above_base_turbo_on,localize-02-externalsecret,4,3.0
1,qwen2.5-coder:3b,ollama,T4,2-3B,wave2,dynamic_above_base_turbo_on,monitor-03-health-summary,0,2.5
1,qwen2.5-coder:3b,ollama,T4,2-3B,wave2,dynamic_above_base_turbo_on,monitor-03-health-summary,1,3.0
1,qwen2.5-coder:3b,ollama,T4,2-3B,wave2,dynamic_above_base_turbo_on,monitor-03-health-summary,2,2.5
1,qwen2.5-coder:3b,ollama,T4,2-3B,wave2,dynamic_above_base_turbo_on,monitor-03-health-summary,3,2.5
1,qwen2.5-coder:3b,ollama,T4,2-3B,wave2,dynamic_above_base_turbo_on,monitor-03-health-summary,4,3.0
1,qwen2.5-coder:3b,ollama,T4,2-3B,wave2,dynamic_above_base_turbo_on,secure-09-plaintext-secret,0,1.0
1,qwen2.5-coder:3b,ollama,T4,2-3B,wave2,dynamic_above_base_turbo_on,secure-09-plaintext-secret,1,1.5
1,qwen2.5-coder:3b,ollama,T4,2-3B,wave2,dynamic_above_base_turbo_on,secure-09-plaintext-secret,2,1.0
1,qwen2.5-coder:3b,ollama,T4,2-3B,wave2,dynamic_above_base_turbo_on,secure-09-plaintext-secret,3,3.0
1,qwen2.5-coder:3b,ollama,T4,2-3B,wave2,dynamic_above_base_turbo_on,secure-09-plaintext-secret,4,1.0
1,qwen2.5-coder:3b,ollama,T4,2-3B,wave2,dynamic_above_base_turbo_on,secure-10-ingress-no-auth,0,5.0
1,qwen2.5-coder:3b,ollama,T4,2-3B,wave2,dynamic_above_base_turbo_on,secure-10-ingress-no-auth,1,3.5
1,qwen2.5-coder:3b,ollama,T4,2-3B,wave2,dynamic_above_base_turbo_on,secure-10-ingress-no-auth,2,4.0
1,qwen2.5-coder:3b,ollama,T4,2-3B,wave2,dynamic_above_base_turbo_on,secure-10-ingress-no-auth,3,5.0
1,qwen2.5-coder:3b,ollama,T4,2-3B,wave2,dynamic_above_base_turbo_on,secure-10-ingress-no-auth,4,3.0
1,qwen2.5-coder:3b,ollama,T4,2-3B,wave2,dynamic_above_base_turbo_on,secure-11-privileged-container,0,4.0
1,qwen2.5-coder:3b,ollama,T4,2-3B,wave2,dynamic_above_base_turbo_on,secure-11-privileged-container,1,2.5
1,qwen2.5-coder:3b,ollama,T4,2-3B,wave2,dynamic_above_base_turbo_on,secure-11-privileged-container,2,4.0
1,qwen2.5-coder:3b,ollama,T4,2-3B,wave2,dynamic_above_base_turbo_on,secure-11-privileged-container,3,4.0
1,qwen2.5-coder:3b,ollama,T4,2-3B,wave2,dynamic_above_base_turbo_on,secure-11-privileged-container,4,4.0
1,qwen2.5-coder:3b,ollama,T4,2-3B,wave2,dynamic_above_base_turbo_on,secure-12-broad-rbac,0,2.0
1,qwen2.5-coder:3b,ollama,T4,2-3B,wave2,dynamic_above_base_turbo_on,secure-12-broad-rbac,1,2.0
1,qwen2.5-coder:3b,ollama,T4,2-3B,wave2,dynamic_above_base_turbo_on,secure-12-broad-rbac,2,2.0
1,qwen2.5-coder:3b,ollama,T4,2-3B,wave2,dynamic_above_base_turbo_on,secure-12-broad-rbac,3,2.0
1,qwen2.5-coder:3b,ollama,T4,2-3B,wave2,dynamic_above_base_turbo_on,secure-12-broad-rbac,4,2.5
1,qwen2.5-coder:3b,ollama,T4,2-3B,wave2,dynamic_above_base_turbo_on,secure-13-latest-tag,0,1.0
1,qwen2.5-coder:3b,ollama,T4,2-3B,wave2,dynamic_above_base_turbo_on,secure-13-latest-tag,1,4.0
1,qwen2.5-coder:3b,ollama,T4,2-3B,wave2,dynamic_above_base_turbo_on,secure-13-latest-tag,2,4.0
1,qwen2.5-coder:3b,ollama,T4,2-3B,wave2,dynamic_above_base_turbo_on,secure-13-latest-tag,3,4.0
1,qwen2.5-coder:3b,ollama,T4,2-3B,wave2,dynamic_above_base_turbo_on,secure-13-latest-tag,4,4.0
1,qwen2.5-coder:3b,ollama,T4,2-3B,wave2,dynamic_above_base_turbo_on,test-06-probe-vs-app,0,3.5
1,qwen2.5-coder:3b,ollama,T4,2-3B,wave2,dynamic_above_base_turbo_on,test-06-probe-vs-app,1,4.0
1,qwen2.5-coder:3b,ollama,T4,2-3B,wave2,dynamic_above_base_turbo_on,test-06-probe-vs-app,2,4.0
1,qwen2.5-coder:3b,ollama,T4,2-3B,wave2,dynamic_above_base_turbo_on,test-06-probe-vs-app,3,2.0
1,qwen2.5-coder:3b,ollama,T4,2-3B,wave2,dynamic_above_base_turbo_on,test-06-probe-vs-app,4,4.0
1,qwen2.5-coder:3b,ollama,T4,2-3B,wave2,dynamic_above_base_turbo_on,upgrade-05-helmrelease,0,3.0
1,qwen2.5-coder:3b,ollama,T4,2-3B,wave2,dynamic_above_base_turbo_on,upgrade-05-helmrelease,1,3.5
1,qwen2.5-coder:3b,ollama,T4,2-3B,wave2,dynamic_above_base_turbo_on,upgrade-05-helmrelease,2,2.0
1,qwen2.5-coder:3b,ollama,T4,2-3B,wave2,dynamic_above_base_turbo_on,upgrade-05-helmrelease,3,3.5
1,qwen2.5-coder:3b,ollama,T4,2-3B,wave2,dynamic_above_base_turbo_on,upgrade-05-helmrelease,4,2.0
1,qwen2.5-coder:3b,ollama,T4,2-3B,wave2,dynamic_above_base_turbo_on,upgrade-18-helm-closedbook,0,2.0
1,qwen2.5-coder:3b,ollama,T4,2-3B,wave2,dynamic_above_base_turbo_on,upgrade-18-helm-closedbook,1,3.0
1,qwen2.5-coder:3b,ollama,T4,2-3B,wave2,dynamic_above_base_turbo_on,upgrade-18-helm-closedbook,2,1.5
1,qwen2.5-coder:3b,ollama,T4,2-3B,wave2,dynamic_above_base_turbo_on,upgrade-18-helm-closedbook,3,2.0
1,qwen2.5-coder:3b,ollama,T4,2-3B,wave2,dynamic_above_base_turbo_on,upgrade-18-helm-closedbook,4,2.5
1,qwen2.5-coder:3b-instruct-q4_K_M,ollama,T4,2-3B,wave2,dynamic_above_base_turbo_on,augment-07-events-to-json,0,1.5
1,qwen2.5-coder:3b-instruct-q4_K_M,ollama,T4,2-3B,wave2,dynamic_above_base_turbo_on,augment-07-events-to-json,1,3.0
1,qwen2.5-coder:3b-instruct-q4_K_M,ollama,T4,2-3B,wave2,dynamic_above_base_turbo_on,augment-07-events-to-json,2,2.5
1,qwen2.5-coder:3b-instruct-q4_K_M,ollama,T4,2-3B,wave2,dynamic_above_base_turbo_on,augment-07-events-to-json,3,2.5
1,qwen2.5-coder:3b-instruct-q4_K_M,ollama,T4,2-3B,wave2,dynamic_above_base_turbo_on,augment-07-events-to-json,4,1.5
1,qwen2.5-coder:3b-instruct-q4_K_M,ollama,T4,2-3B,wave2,dynamic_above_base_turbo_on,detect-01-crashloop-triage,0,1.5
1,qwen2.5-coder:3b-instruct-q4_K_M,ollama,T4,2-3B,wave2,dynamic_above_base_turbo_on,detect-01-crashloop-triage,1,1.0
1,qwen2.5-coder:3b-instruct-q4_K_M,ollama,T4,2-3B,wave2,dynamic_above_base_turbo_on,detect-01-crashloop-triage,2,1.0
1,qwen2.5-coder:3b-instruct-q4_K_M,ollama,T4,2-3B,wave2,dynamic_above_base_turbo_on,detect-01-crashloop-triage,3,1.5
1,qwen2.5-coder:3b-instruct-q4_K_M,ollama,T4,2-3B,wave2,dynamic_above_base_turbo_on,detect-01-crashloop-triage,4,1.0
1,qwen2.5-coder:3b-instruct-q4_K_M,ollama,T4,2-3B,wave2,dynamic_above_base_turbo_on,expand-04-add-app,0,3.0
1,qwen2.5-coder:3b-instruct-q4_K_M,ollama,T4,2-3B,wave2,dynamic_above_base_turbo_on,expand-04-add-app,1,2.0
1,qwen2.5-coder:3b-instruct-q4_K_M,ollama,T4,2-3B,wave2,dynamic_above_base_turbo_on,expand-04-add-app,2,2.0
1,qwen2.5-coder:3b-instruct-q4_K_M,ollama,T4,2-3B,wave2,dynamic_above_base_turbo_on,expand-04-add-app,3,3.0
1,qwen2.5-coder:3b-instruct-q4_K_M,ollama,T4,2-3B,wave2,dynamic_above_base_turbo_on,expand-04-add-app,4,2.0
1,qwen2.5-coder:3b-instruct-q4_K_M,ollama,T4,2-3B,wave2,dynamic_above_base_turbo_on,expand-19-add-app-closedbook,0,2.0
1,qwen2.5-coder:3b-instruct-q4_K_M,ollama,T4,2-3B,wave2,dynamic_above_base_turbo_on,expand-19-add-app-closedbook,1,2.0
1,qwen2.5-coder:3b-instruct-q4_K_M,ollama,T4,2-3B,wave2,dynamic_above_base_turbo_on,expand-19-add-app-closedbook,2,2.0
1,qwen2.5-coder:3b-instruct-q4_K_M,ollama,T4,2-3B,wave2,dynamic_above_base_turbo_on,expand-19-add-app-closedbook,3,1.0
1,qwen2.5-coder:3b-instruct-q4_K_M,ollama,T4,2-3B,wave2,dynamic_above_base_turbo_on,expand-19-add-app-closedbook,4,1.5
1,qwen2.5-coder:3b-instruct-q4_K_M,ollama,T4,2-3B,wave2,dynamic_above_base_turbo_on,foresee-14-disk-fill-predict,0,2.0
1,qwen2.5-coder:3b-instruct-q4_K_M,ollama,T4,2-3B,wave2,dynamic_above_base_turbo_on,foresee-14-disk-fill-predict,1,2.5
1,qwen2.5-coder:3b-instruct-q4_K_M,ollama,T4,2-3B,wave2,dynamic_above_base_turbo_on,foresee-14-disk-fill-predict,2,2.5
1,qwen2.5-coder:3b-instruct-q4_K_M,ollama,T4,2-3B,wave2,dynamic_above_base_turbo_on,foresee-14-disk-fill-predict,3,2.0
1,qwen2.5-coder:3b-instruct-q4_K_M,ollama,T4,2-3B,wave2,dynamic_above_base_turbo_on,foresee-14-disk-fill-predict,4,1.5
1,qwen2.5-coder:3b-instruct-q4_K_M,ollama,T4,2-3B,wave2,dynamic_above_base_turbo_on,foresee-15-pvc-pressure,0,2.0
1,qwen2.5-coder:3b-instruct-q4_K_M,ollama,T4,2-3B,wave2,dynamic_above_base_turbo_on,foresee-15-pvc-pressure,1,2.0
1,qwen2.5-coder:3b-instruct-q4_K_M,ollama,T4,2-3B,wave2,dynamic_above_base_turbo_on,foresee-15-pvc-pressure,2,4.0
1,qwen2.5-coder:3b-instruct-q4_K_M,ollama,T4,2-3B,wave2,dynamic_above_base_turbo_on,foresee-15-pvc-pressure,3,3.0
1,qwen2.5-coder:3b-instruct-q4_K_M,ollama,T4,2-3B,wave2,dynamic_above_base_turbo_on,foresee-15-pvc-pressure,4,1.0
1,qwen2.5-coder:3b-instruct-q4_K_M,ollama,T4,2-3B,wave2,dynamic_above_base_turbo_on,foresee-16-smart-prefail,0,1.0
1,qwen2.5-coder:3b-instruct-q4_K_M,ollama,T4,2-3B,wave2,dynamic_above_base_turbo_on,foresee-16-smart-prefail,1,2.0
1,qwen2.5-coder:3b-instruct-q4_K_M,ollama,T4,2-3B,wave2,dynamic_above_base_turbo_on,foresee-16-smart-prefail,2,2.0
1,qwen2.5-coder:3b-instruct-q4_K_M,ollama,T4,2-3B,wave2,dynamic_above_base_turbo_on,foresee-16-smart-prefail,3,1.0
1,qwen2.5-coder:3b-instruct-q4_K_M,ollama,T4,2-3B,wave2,dynamic_above_base_turbo_on,foresee-16-smart-prefail,4,1.0
1,qwen2.5-coder:3b-instruct-q4_K_M,ollama,T4,2-3B,wave2,dynamic_above_base_turbo_on,foresee-17-cert-expiry,0,2.5
1,qwen2.5-coder:3b-instruct-q4_K_M,ollama,T4,2-3B,wave2,dynamic_above_base_turbo_on,foresee-17-cert-expiry,1,4.0
1,qwen2.5-coder:3b-instruct-q4_K_M,ollama,T4,2-3B,wave2,dynamic_above_base_turbo_on,foresee-17-cert-expiry,2,3.5
1,qwen2.5-coder:3b-instruct-q4_K_M,ollama,T4,2-3B,wave2,dynamic_above_base_turbo_on,foresee-17-cert-expiry,3,4.0
1,qwen2.5-coder:3b-instruct-q4_K_M,ollama,T4,2-3B,wave2,dynamic_above_base_turbo_on,foresee-17-cert-expiry,4,4.0
1,qwen2.5-coder:3b-instruct-q4_K_M,ollama,T4,2-3B,wave2,dynamic_above_base_turbo_on,guard-08-destructive,0,4.0
1,qwen2.5-coder:3b-instruct-q4_K_M,ollama,T4,2-3B,wave2,dynamic_above_base_turbo_on,guard-08-destructive,1,4.0
1,qwen2.5-coder:3b-instruct-q4_K_M,ollama,T4,2-3B,wave2,dynamic_above_base_turbo_on,guard-08-destructive,2,4.0
1,qwen2.5-coder:3b-instruct-q4_K_M,ollama,T4,2-3B,wave2,dynamic_above_base_turbo_on,guard-08-destructive,3,5.0
1,qwen2.5-coder:3b-instruct-q4_K_M,ollama,T4,2-3B,wave2,dynamic_above_base_turbo_on,guard-08-destructive,4,3.5
1,qwen2.5-coder:3b-instruct-q4_K_M,ollama,T4,2-3B,wave2,dynamic_above_base_turbo_on,localize-02-externalsecret,0,3.0
1,qwen2.5-coder:3b-instruct-q4_K_M,ollama,T4,2-3B,wave2,dynamic_above_base_turbo_on,localize-02-externalsecret,1,3.0
1,qwen2.5-coder:3b-instruct-q4_K_M,ollama,T4,2-3B,wave2,dynamic_above_base_turbo_on,localize-02-externalsecret,2,3.0
1,qwen2.5-coder:3b-instruct-q4_K_M,ollama,T4,2-3B,wave2,dynamic_above_base_turbo_on,localize-02-externalsecret,3,2.5
1,qwen2.5-coder:3b-instruct-q4_K_M,ollama,T4,2-3B,wave2,dynamic_above_base_turbo_on,localize-02-externalsecret,4,3.0
1,qwen2.5-coder:3b-instruct-q4_K_M,ollama,T4,2-3B,wave2,dynamic_above_base_turbo_on,monitor-03-health-summary,0,2.5
1,qwen2.5-coder:3b-instruct-q4_K_M,ollama,T4,2-3B,wave2,dynamic_above_base_turbo_on,monitor-03-health-summary,1,3.0
1,qwen2.5-coder:3b-instruct-q4_K_M,ollama,T4,2-3B,wave2,dynamic_above_base_turbo_on,monitor-03-health-summary,2,2.5
1,qwen2.5-coder:3b-instruct-q4_K_M,ollama,T4,2-3B,wave2,dynamic_above_base_turbo_on,monitor-03-health-summary,3,2.5
1,qwen2.5-coder:3b-instruct-q4_K_M,ollama,T4,2-3B,wave2,dynamic_above_base_turbo_on,monitor-03-health-summary,4,3.0
1,qwen2.5-coder:3b-instruct-q4_K_M,ollama,T4,2-3B,wave2,dynamic_above_base_turbo_on,secure-09-plaintext-secret,0,1.0
1,qwen2.5-coder:3b-instruct-q4_K_M,ollama,T4,2-3B,wave2,dynamic_above_base_turbo_on,secure-09-plaintext-secret,1,1.0
1,qwen2.5-coder:3b-instruct-q4_K_M,ollama,T4,2-3B,wave2,dynamic_above_base_turbo_on,secure-09-plaintext-secret,2,1.0
1,qwen2.5-coder:3b-instruct-q4_K_M,ollama,T4,2-3B,wave2,dynamic_above_base_turbo_on,secure-09-plaintext-secret,3,3.0
1,qwen2.5-coder:3b-instruct-q4_K_M,ollama,T4,2-3B,wave2,dynamic_above_base_turbo_on,secure-09-plaintext-secret,4,1.0
1,qwen2.5-coder:3b-instruct-q4_K_M,ollama,T4,2-3B,wave2,dynamic_above_base_turbo_on,secure-10-ingress-no-auth,0,5.0
1,qwen2.5-coder:3b-instruct-q4_K_M,ollama,T4,2-3B,wave2,dynamic_above_base_turbo_on,secure-10-ingress-no-auth,1,3.0
1,qwen2.5-coder:3b-instruct-q4_K_M,ollama,T4,2-3B,wave2,dynamic_above_base_turbo_on,secure-10-ingress-no-auth,2,4.0
1,qwen2.5-coder:3b-instruct-q4_K_M,ollama,T4,2-3B,wave2,dynamic_above_base_turbo_on,secure-10-ingress-no-auth,3,5.0
1,qwen2.5-coder:3b-instruct-q4_K_M,ollama,T4,2-3B,wave2,dynamic_above_base_turbo_on,secure-10-ingress-no-auth,4,3.5
1,qwen2.5-coder:3b-instruct-q4_K_M,ollama,T4,2-3B,wave2,dynamic_above_base_turbo_on,secure-11-privileged-container,0,4.0
1,qwen2.5-coder:3b-instruct-q4_K_M,ollama,T4,2-3B,wave2,dynamic_above_base_turbo_on,secure-11-privileged-container,1,2.5
1,qwen2.5-coder:3b-instruct-q4_K_M,ollama,T4,2-3B,wave2,dynamic_above_base_turbo_on,secure-11-privileged-container,2,4.0
1,qwen2.5-coder:3b-instruct-q4_K_M,ollama,T4,2-3B,wave2,dynamic_above_base_turbo_on,secure-11-privileged-container,3,4.0
1,qwen2.5-coder:3b-instruct-q4_K_M,ollama,T4,2-3B,wave2,dynamic_above_base_turbo_on,secure-11-privileged-container,4,4.0
1,qwen2.5-coder:3b-instruct-q4_K_M,ollama,T4,2-3B,wave2,dynamic_above_base_turbo_on,secure-12-broad-rbac,0,2.0
1,qwen2.5-coder:3b-instruct-q4_K_M,ollama,T4,2-3B,wave2,dynamic_above_base_turbo_on,secure-12-broad-rbac,1,2.0
1,qwen2.5-coder:3b-instruct-q4_K_M,ollama,T4,2-3B,wave2,dynamic_above_base_turbo_on,secure-12-broad-rbac,2,2.0
1,qwen2.5-coder:3b-instruct-q4_K_M,ollama,T4,2-3B,wave2,dynamic_above_base_turbo_on,secure-12-broad-rbac,3,2.0
1,qwen2.5-coder:3b-instruct-q4_K_M,ollama,T4,2-3B,wave2,dynamic_above_base_turbo_on,secure-12-broad-rbac,4,3.0
1,qwen2.5-coder:3b-instruct-q4_K_M,ollama,T4,2-3B,wave2,dynamic_above_base_turbo_on,secure-13-latest-tag,0,1.0
1,qwen2.5-coder:3b-instruct-q4_K_M,ollama,T4,2-3B,wave2,dynamic_above_base_turbo_on,secure-13-latest-tag,1,4.0
1,qwen2.5-coder:3b-instruct-q4_K_M,ollama,T4,2-3B,wave2,dynamic_above_base_turbo_on,secure-13-latest-tag,2,4.0
1,qwen2.5-coder:3b-instruct-q4_K_M,ollama,T4,2-3B,wave2,dynamic_above_base_turbo_on,secure-13-latest-tag,3,4.0
1,qwen2.5-coder:3b-instruct-q4_K_M,ollama,T4,2-3B,wave2,dynamic_above_base_turbo_on,secure-13-latest-tag,4,4.5
1,qwen2.5-coder:3b-instruct-q4_K_M,ollama,T4,2-3B,wave2,dynamic_above_base_turbo_on,test-06-probe-vs-app,0,3.5
1,qwen2.5-coder:3b-instruct-q4_K_M,ollama,T4,2-3B,wave2,dynamic_above_base_turbo_on,test-06-probe-vs-app,1,4.0
1,qwen2.5-coder:3b-instruct-q4_K_M,ollama,T4,2-3B,wave2,dynamic_above_base_turbo_on,test-06-probe-vs-app,2,4.0
1,qwen2.5-coder:3b-instruct-q4_K_M,ollama,T4,2-3B,wave2,dynamic_above_base_turbo_on,test-06-probe-vs-app,3,3.0
1,qwen2.5-coder:3b-instruct-q4_K_M,ollama,T4,2-3B,wave2,dynamic_above_base_turbo_on,test-06-probe-vs-app,4,4.0
1,qwen2.5-coder:3b-instruct-q4_K_M,ollama,T4,2-3B,wave2,dynamic_above_base_turbo_on,upgrade-05-helmrelease,0,3.0
1,qwen2.5-coder:3b-instruct-q4_K_M,ollama,T4,2-3B,wave2,dynamic_above_base_turbo_on,upgrade-05-helmrelease,1,3.5
1,qwen2.5-coder:3b-instruct-q4_K_M,ollama,T4,2-3B,wave2,dynamic_above_base_turbo_on,upgrade-05-helmrelease,2,2.0
1,qwen2.5-coder:3b-instruct-q4_K_M,ollama,T4,2-3B,wave2,dynamic_above_base_turbo_on,upgrade-05-helmrelease,3,3.0
1,qwen2.5-coder:3b-instruct-q4_K_M,ollama,T4,2-3B,wave2,dynamic_above_base_turbo_on,upgrade-05-helmrelease,4,2.5
1,qwen2.5-coder:3b-instruct-q4_K_M,ollama,T4,2-3B,wave2,dynamic_above_base_turbo_on,upgrade-18-helm-closedbook,0,1.5
1,qwen2.5-coder:3b-instruct-q4_K_M,ollama,T4,2-3B,wave2,dynamic_above_base_turbo_on,upgrade-18-helm-closedbook,1,3.0
1,qwen2.5-coder:3b-instruct-q4_K_M,ollama,T4,2-3B,wave2,dynamic_above_base_turbo_on,upgrade-18-helm-closedbook,2,2.0
1,qwen2.5-coder:3b-instruct-q4_K_M,ollama,T4,2-3B,wave2,dynamic_above_base_turbo_on,upgrade-18-helm-closedbook,3,2.0
1,qwen2.5-coder:3b-instruct-q4_K_M,ollama,T4,2-3B,wave2,dynamic_above_base_turbo_on,upgrade-18-helm-closedbook,4,2.0
1,qwen2.5-coder:3b-instruct-q8_0,ollama,T4,2-3B,wave2,dynamic_above_base_turbo_on,augment-07-events-to-json,0,2.5
1,qwen2.5-coder:3b-instruct-q8_0,ollama,T4,2-3B,wave2,dynamic_above_base_turbo_on,augment-07-events-to-json,1,3.0
1,qwen2.5-coder:3b-instruct-q8_0,ollama,T4,2-3B,wave2,dynamic_above_base_turbo_on,augment-07-events-to-json,2,2.5
1,qwen2.5-coder:3b-instruct-q8_0,ollama,T4,2-3B,wave2,dynamic_above_base_turbo_on,augment-07-events-to-json,3,2.0
1,qwen2.5-coder:3b-instruct-q8_0,ollama,T4,2-3B,wave2,dynamic_above_base_turbo_on,augment-07-events-to-json,4,2.5
1,qwen2.5-coder:3b-instruct-q8_0,ollama,T4,2-3B,wave2,dynamic_above_base_turbo_on,detect-01-crashloop-triage,0,2.0
1,qwen2.5-coder:3b-instruct-q8_0,ollama,T4,2-3B,wave2,dynamic_above_base_turbo_on,detect-01-crashloop-triage,1,2.0
1,qwen2.5-coder:3b-instruct-q8_0,ollama,T4,2-3B,wave2,dynamic_above_base_turbo_on,detect-01-crashloop-triage,2,1.5
1,qwen2.5-coder:3b-instruct-q8_0,ollama,T4,2-3B,wave2,dynamic_above_base_turbo_on,detect-01-crashloop-triage,3,2.0
1,qwen2.5-coder:3b-instruct-q8_0,ollama,T4,2-3B,wave2,dynamic_above_base_turbo_on,detect-01-crashloop-triage,4,1.0
1,qwen2.5-coder:3b-instruct-q8_0,ollama,T4,2-3B,wave2,dynamic_above_base_turbo_on,expand-04-add-app,0,3.5
1,qwen2.5-coder:3b-instruct-q8_0,ollama,T4,2-3B,wave2,dynamic_above_base_turbo_on,expand-04-add-app,1,2.5
1,qwen2.5-coder:3b-instruct-q8_0,ollama,T4,2-3B,wave2,dynamic_above_base_turbo_on,expand-04-add-app,2,1.0
1,qwen2.5-coder:3b-instruct-q8_0,ollama,T4,2-3B,wave2,dynamic_above_base_turbo_on,expand-04-add-app,3,3.0
1,qwen2.5-coder:3b-instruct-q8_0,ollama,T4,2-3B,wave2,dynamic_above_base_turbo_on,expand-04-add-app,4,3.5
1,qwen2.5-coder:3b-instruct-q8_0,ollama,T4,2-3B,wave2,dynamic_above_base_turbo_on,expand-19-add-app-closedbook,0,1.5
1,qwen2.5-coder:3b-instruct-q8_0,ollama,T4,2-3B,wave2,dynamic_above_base_turbo_on,expand-19-add-app-closedbook,1,1.5
1,qwen2.5-coder:3b-instruct-q8_0,ollama,T4,2-3B,wave2,dynamic_above_base_turbo_on,expand-19-add-app-closedbook,2,2.0
1,qwen2.5-coder:3b-instruct-q8_0,ollama,T4,2-3B,wave2,dynamic_above_base_turbo_on,expand-19-add-app-closedbook,3,1.0
1,qwen2.5-coder:3b-instruct-q8_0,ollama,T4,2-3B,wave2,dynamic_above_base_turbo_on,expand-19-add-app-closedbook,4,2.0
1,qwen2.5-coder:3b-instruct-q8_0,ollama,T4,2-3B,wave2,dynamic_above_base_turbo_on,foresee-14-disk-fill-predict,0,2.5
1,qwen2.5-coder:3b-instruct-q8_0,ollama,T4,2-3B,wave2,dynamic_above_base_turbo_on,foresee-14-disk-fill-predict,1,3.0
1,qwen2.5-coder:3b-instruct-q8_0,ollama,T4,2-3B,wave2,dynamic_above_base_turbo_on,foresee-14-disk-fill-predict,2,3.0
1,qwen2.5-coder:3b-instruct-q8_0,ollama,T4,2-3B,wave2,dynamic_above_base_turbo_on,foresee-14-disk-fill-predict,3,2.0
1,qwen2.5-coder:3b-instruct-q8_0,ollama,T4,2-3B,wave2,dynamic_above_base_turbo_on,foresee-14-disk-fill-predict,4,2.0
1,qwen2.5-coder:3b-instruct-q8_0,ollama,T4,2-3B,wave2,dynamic_above_base_turbo_on,foresee-15-pvc-pressure,0,4.0
1,qwen2.5-coder:3b-instruct-q8_0,ollama,T4,2-3B,wave2,dynamic_above_base_turbo_on,foresee-15-pvc-pressure,1,1.5
1,qwen2.5-coder:3b-instruct-q8_0,ollama,T4,2-3B,wave2,dynamic_above_base_turbo_on,foresee-15-pvc-pressure,2,2.0
1,qwen2.5-coder:3b-instruct-q8_0,ollama,T4,2-3B,wave2,dynamic_above_base_turbo_on,foresee-15-pvc-pressure,3,1.0
1,qwen2.5-coder:3b-instruct-q8_0,ollama,T4,2-3B,wave2,dynamic_above_base_turbo_on,foresee-15-pvc-pressure,4,3.0
1,qwen2.5-coder:3b-instruct-q8_0,ollama,T4,2-3B,wave2,dynamic_above_base_turbo_on,foresee-16-smart-prefail,0,2.0
1,qwen2.5-coder:3b-instruct-q8_0,ollama,T4,2-3B,wave2,dynamic_above_base_turbo_on,foresee-16-smart-prefail,1,1.0
1,qwen2.5-coder:3b-instruct-q8_0,ollama,T4,2-3B,wave2,dynamic_above_base_turbo_on,foresee-16-smart-prefail,2,2.0
1,qwen2.5-coder:3b-instruct-q8_0,ollama,T4,2-3B,wave2,dynamic_above_base_turbo_on,foresee-16-smart-prefail,3,1.0
1,qwen2.5-coder:3b-instruct-q8_0,ollama,T4,2-3B,wave2,dynamic_above_base_turbo_on,foresee-16-smart-prefail,4,2.0
1,qwen2.5-coder:3b-instruct-q8_0,ollama,T4,2-3B,wave2,dynamic_above_base_turbo_on,foresee-17-cert-expiry,0,3.5
1,qwen2.5-coder:3b-instruct-q8_0,ollama,T4,2-3B,wave2,dynamic_above_base_turbo_on,foresee-17-cert-expiry,1,3.0
1,qwen2.5-coder:3b-instruct-q8_0,ollama,T4,2-3B,wave2,dynamic_above_base_turbo_on,foresee-17-cert-expiry,2,4.0
1,qwen2.5-coder:3b-instruct-q8_0,ollama,T4,2-3B,wave2,dynamic_above_base_turbo_on,foresee-17-cert-expiry,3,3.5
1,qwen2.5-coder:3b-instruct-q8_0,ollama,T4,2-3B,wave2,dynamic_above_base_turbo_on,foresee-17-cert-expiry,4,4.0
1,qwen2.5-coder:3b-instruct-q8_0,ollama,T4,2-3B,wave2,dynamic_above_base_turbo_on,guard-08-destructive,0,4.0
1,qwen2.5-coder:3b-instruct-q8_0,ollama,T4,2-3B,wave2,dynamic_above_base_turbo_on,guard-08-destructive,1,3.5
1,qwen2.5-coder:3b-instruct-q8_0,ollama,T4,2-3B,wave2,dynamic_above_base_turbo_on,guard-08-destructive,2,3.5
1,qwen2.5-coder:3b-instruct-q8_0,ollama,T4,2-3B,wave2,dynamic_above_base_turbo_on,guard-08-destructive,3,4.0
1,qwen2.5-coder:3b-instruct-q8_0,ollama,T4,2-3B,wave2,dynamic_above_base_turbo_on,guard-08-destructive,4,3.5
1,qwen2.5-coder:3b-instruct-q8_0,ollama,T4,2-3B,wave2,dynamic_above_base_turbo_on,localize-02-externalsecret,0,3.0
1,qwen2.5-coder:3b-instruct-q8_0,ollama,T4,2-3B,wave2,dynamic_above_base_turbo_on,localize-02-externalsecret,1,3.0
1,qwen2.5-coder:3b-instruct-q8_0,ollama,T4,2-3B,wave2,dynamic_above_base_turbo_on,localize-02-externalsecret,2,2.5
1,qwen2.5-coder:3b-instruct-q8_0,ollama,T4,2-3B,wave2,dynamic_above_base_turbo_on,localize-02-externalsecret,3,2.0
1,qwen2.5-coder:3b-instruct-q8_0,ollama,T4,2-3B,wave2,dynamic_above_base_turbo_on,localize-02-externalsecret,4,5.0
1,qwen2.5-coder:3b-instruct-q8_0,ollama,T4,2-3B,wave2,dynamic_above_base_turbo_on,monitor-03-health-summary,0,4.0
1,qwen2.5-coder:3b-instruct-q8_0,ollama,T4,2-3B,wave2,dynamic_above_base_turbo_on,monitor-03-health-summary,1,3.0
1,qwen2.5-coder:3b-instruct-q8_0,ollama,T4,2-3B,wave2,dynamic_above_base_turbo_on,monitor-03-health-summary,2,2.5
1,qwen2.5-coder:3b-instruct-q8_0,ollama,T4,2-3B,wave2,dynamic_above_base_turbo_on,monitor-03-health-summary,3,4.0
1,qwen2.5-coder:3b-instruct-q8_0,ollama,T4,2-3B,wave2,dynamic_above_base_turbo_on,monitor-03-health-summary,4,2.5
1,qwen2.5-coder:3b-instruct-q8_0,ollama,T4,2-3B,wave2,dynamic_above_base_turbo_on,secure-09-plaintext-secret,0,2.5
1,qwen2.5-coder:3b-instruct-q8_0,ollama,T4,2-3B,wave2,dynamic_above_base_turbo_on,secure-09-plaintext-secret,1,3.0
1,qwen2.5-coder:3b-instruct-q8_0,ollama,T4,2-3B,wave2,dynamic_above_base_turbo_on,secure-09-plaintext-secret,2,3.0
1,qwen2.5-coder:3b-instruct-q8_0,ollama,T4,2-3B,wave2,dynamic_above_base_turbo_on,secure-09-plaintext-secret,3,3.0
1,qwen2.5-coder:3b-instruct-q8_0,ollama,T4,2-3B,wave2,dynamic_above_base_turbo_on,secure-09-plaintext-secret,4,3.0
1,qwen2.5-coder:3b-instruct-q8_0,ollama,T4,2-3B,wave2,dynamic_above_base_turbo_on,secure-10-ingress-no-auth,0,3.0
1,qwen2.5-coder:3b-instruct-q8_0,ollama,T4,2-3B,wave2,dynamic_above_base_turbo_on,secure-10-ingress-no-auth,1,4.0
1,qwen2.5-coder:3b-instruct-q8_0,ollama,T4,2-3B,wave2,dynamic_above_base_turbo_on,secure-10-ingress-no-auth,2,3.5
1,qwen2.5-coder:3b-instruct-q8_0,ollama,T4,2-3B,wave2,dynamic_above_base_turbo_on,secure-10-ingress-no-auth,3,4.0
1,qwen2.5-coder:3b-instruct-q8_0,ollama,T4,2-3B,wave2,dynamic_above_base_turbo_on,secure-10-ingress-no-auth,4,4.0
1,qwen2.5-coder:3b-instruct-q8_0,ollama,T4,2-3B,wave2,dynamic_above_base_turbo_on,secure-11-privileged-container,0,3.0
1,qwen2.5-coder:3b-instruct-q8_0,ollama,T4,2-3B,wave2,dynamic_above_base_turbo_on,secure-11-privileged-container,1,3.0
1,qwen2.5-coder:3b-instruct-q8_0,ollama,T4,2-3B,wave2,dynamic_above_base_turbo_on,secure-11-privileged-container,2,3.0
1,qwen2.5-coder:3b-instruct-q8_0,ollama,T4,2-3B,wave2,dynamic_above_base_turbo_on,secure-11-privileged-container,3,4.0
1,qwen2.5-coder:3b-instruct-q8_0,ollama,T4,2-3B,wave2,dynamic_above_base_turbo_on,secure-11-privileged-container,4,3.0
1,qwen2.5-coder:3b-instruct-q8_0,ollama,T4,2-3B,wave2,dynamic_above_base_turbo_on,secure-12-broad-rbac,0,2.5
1,qwen2.5-coder:3b-instruct-q8_0,ollama,T4,2-3B,wave2,dynamic_above_base_turbo_on,secure-12-broad-rbac,1,2.5
1,qwen2.5-coder:3b-instruct-q8_0,ollama,T4,2-3B,wave2,dynamic_above_base_turbo_on,secure-12-broad-rbac,2,2.0
1,qwen2.5-coder:3b-instruct-q8_0,ollama,T4,2-3B,wave2,dynamic_above_base_turbo_on,secure-12-broad-rbac,3,2.0
1,qwen2.5-coder:3b-instruct-q8_0,ollama,T4,2-3B,wave2,dynamic_above_base_turbo_on,secure-12-broad-rbac,4,2.0
1,qwen2.5-coder:3b-instruct-q8_0,ollama,T4,2-3B,wave2,dynamic_above_base_turbo_on,secure-13-latest-tag,0,3.0
1,qwen2.5-coder:3b-instruct-q8_0,ollama,T4,2-3B,wave2,dynamic_above_base_turbo_on,secure-13-latest-tag,1,4.5
1,qwen2.5-coder:3b-instruct-q8_0,ollama,T4,2-3B,wave2,dynamic_above_base_turbo_on,secure-13-latest-tag,2,4.0
1,qwen2.5-coder:3b-instruct-q8_0,ollama,T4,2-3B,wave2,dynamic_above_base_turbo_on,secure-13-latest-tag,3,4.5
1,qwen2.5-coder:3b-instruct-q8_0,ollama,T4,2-3B,wave2,dynamic_above_base_turbo_on,secure-13-latest-tag,4,4.0
1,qwen2.5-coder:3b-instruct-q8_0,ollama,T4,2-3B,wave2,dynamic_above_base_turbo_on,test-06-probe-vs-app,0,2.5
1,qwen2.5-coder:3b-instruct-q8_0,ollama,T4,2-3B,wave2,dynamic_above_base_turbo_on,test-06-probe-vs-app,1,4.0
1,qwen2.5-coder:3b-instruct-q8_0,ollama,T4,2-3B,wave2,dynamic_above_base_turbo_on,test-06-probe-vs-app,2,3.5
1,qwen2.5-coder:3b-instruct-q8_0,ollama,T4,2-3B,wave2,dynamic_above_base_turbo_on,test-06-probe-vs-app,3,2.0
1,qwen2.5-coder:3b-instruct-q8_0,ollama,T4,2-3B,wave2,dynamic_above_base_turbo_on,test-06-probe-vs-app,4,2.0
1,qwen2.5-coder:3b-instruct-q8_0,ollama,T4,2-3B,wave2,dynamic_above_base_turbo_on,upgrade-05-helmrelease,0,3.0
1,qwen2.5-coder:3b-instruct-q8_0,ollama,T4,2-3B,wave2,dynamic_above_base_turbo_on,upgrade-05-helmrelease,1,2.5
1,qwen2.5-coder:3b-instruct-q8_0,ollama,T4,2-3B,wave2,dynamic_above_base_turbo_on,upgrade-05-helmrelease,2,2.0
1,qwen2.5-coder:3b-instruct-q8_0,ollama,T4,2-3B,wave2,dynamic_above_base_turbo_on,upgrade-05-helmrelease,3,4.0
1,qwen2.5-coder:3b-instruct-q8_0,ollama,T4,2-3B,wave2,dynamic_above_base_turbo_on,upgrade-05-helmrelease,4,2.0
1,qwen2.5-coder:3b-instruct-q8_0,ollama,T4,2-3B,wave2,dynamic_above_base_turbo_on,upgrade-18-helm-closedbook,0,2.5
1,qwen2.5-coder:3b-instruct-q8_0,ollama,T4,2-3B,wave2,dynamic_above_base_turbo_on,upgrade-18-helm-closedbook,1,2.0
1,qwen2.5-coder:3b-instruct-q8_0,ollama,T4,2-3B,wave2,dynamic_above_base_turbo_on,upgrade-18-helm-closedbook,2,2.5
1,qwen2.5-coder:3b-instruct-q8_0,ollama,T4,2-3B,wave2,dynamic_above_base_turbo_on,upgrade-18-helm-closedbook,3,2.0
1,qwen2.5-coder:3b-instruct-q8_0,ollama,T4,2-3B,wave2,dynamic_above_base_turbo_on,upgrade-18-helm-closedbook,4,2.0
1,qwen2.5:0.5b-instruct-q4_K_M,ollama,T1,0-1B,wave2,dynamic_above_base_turbo_on,augment-07-events-to-json,0,1.0
1,qwen2.5:0.5b-instruct-q4_K_M,ollama,T1,0-1B,wave2,dynamic_above_base_turbo_on,augment-07-events-to-json,1,1.5
1,qwen2.5:0.5b-instruct-q4_K_M,ollama,T1,0-1B,wave2,dynamic_above_base_turbo_on,augment-07-events-to-json,2,1.5
1,qwen2.5:0.5b-instruct-q4_K_M,ollama,T1,0-1B,wave2,dynamic_above_base_turbo_on,augment-07-events-to-json,3,1.0
1,qwen2.5:0.5b-instruct-q4_K_M,ollama,T1,0-1B,wave2,dynamic_above_base_turbo_on,augment-07-events-to-json,4,1.0
1,qwen2.5:0.5b-instruct-q4_K_M,ollama,T1,0-1B,wave2,dynamic_above_base_turbo_on,detect-01-crashloop-triage,0,1.0
1,qwen2.5:0.5b-instruct-q4_K_M,ollama,T1,0-1B,wave2,dynamic_above_base_turbo_on,detect-01-crashloop-triage,1,1.0
1,qwen2.5:0.5b-instruct-q4_K_M,ollama,T1,0-1B,wave2,dynamic_above_base_turbo_on,detect-01-crashloop-triage,2,1.0
1,qwen2.5:0.5b-instruct-q4_K_M,ollama,T1,0-1B,wave2,dynamic_above_base_turbo_on,detect-01-crashloop-triage,3,1.0
1,qwen2.5:0.5b-instruct-q4_K_M,ollama,T1,0-1B,wave2,dynamic_above_base_turbo_on,detect-01-crashloop-triage,4,1.0
1,qwen2.5:0.5b-instruct-q4_K_M,ollama,T1,0-1B,wave2,dynamic_above_base_turbo_on,expand-04-add-app,0,1.0
1,qwen2.5:0.5b-instruct-q4_K_M,ollama,T1,0-1B,wave2,dynamic_above_base_turbo_on,expand-04-add-app,1,1.0
1,qwen2.5:0.5b-instruct-q4_K_M,ollama,T1,0-1B,wave2,dynamic_above_base_turbo_on,expand-04-add-app,2,1.0
1,qwen2.5:0.5b-instruct-q4_K_M,ollama,T1,0-1B,wave2,dynamic_above_base_turbo_on,expand-04-add-app,3,1.0
1,qwen2.5:0.5b-instruct-q4_K_M,ollama,T1,0-1B,wave2,dynamic_above_base_turbo_on,expand-04-add-app,4,1.0
1,qwen2.5:0.5b-instruct-q4_K_M,ollama,T1,0-1B,wave2,dynamic_above_base_turbo_on,expand-19-add-app-closedbook,0,1.5
1,qwen2.5:0.5b-instruct-q4_K_M,ollama,T1,0-1B,wave2,dynamic_above_base_turbo_on,expand-19-add-app-closedbook,1,1.0
1,qwen2.5:0.5b-instruct-q4_K_M,ollama,T1,0-1B,wave2,dynamic_above_base_turbo_on,expand-19-add-app-closedbook,2,1.0
1,qwen2.5:0.5b-instruct-q4_K_M,ollama,T1,0-1B,wave2,dynamic_above_base_turbo_on,expand-19-add-app-closedbook,3,1.5
1,qwen2.5:0.5b-instruct-q4_K_M,ollama,T1,0-1B,wave2,dynamic_above_base_turbo_on,expand-19-add-app-closedbook,4,1.0
1,qwen2.5:0.5b-instruct-q4_K_M,ollama,T1,0-1B,wave2,dynamic_above_base_turbo_on,foresee-14-disk-fill-predict,0,1.0
1,qwen2.5:0.5b-instruct-q4_K_M,ollama,T1,0-1B,wave2,dynamic_above_base_turbo_on,foresee-14-disk-fill-predict,1,1.0
1,qwen2.5:0.5b-instruct-q4_K_M,ollama,T1,0-1B,wave2,dynamic_above_base_turbo_on,foresee-14-disk-fill-predict,2,1.0
1,qwen2.5:0.5b-instruct-q4_K_M,ollama,T1,0-1B,wave2,dynamic_above_base_turbo_on,foresee-14-disk-fill-predict,3,1.0
1,qwen2.5:0.5b-instruct-q4_K_M,ollama,T1,0-1B,wave2,dynamic_above_base_turbo_on,foresee-14-disk-fill-predict,4,1.0
1,qwen2.5:0.5b-instruct-q4_K_M,ollama,T1,0-1B,wave2,dynamic_above_base_turbo_on,foresee-15-pvc-pressure,0,1.5
1,qwen2.5:0.5b-instruct-q4_K_M,ollama,T1,0-1B,wave2,dynamic_above_base_turbo_on,foresee-15-pvc-pressure,1,2.0
1,qwen2.5:0.5b-instruct-q4_K_M,ollama,T1,0-1B,wave2,dynamic_above_base_turbo_on,foresee-15-pvc-pressure,2,2.0
1,qwen2.5:0.5b-instruct-q4_K_M,ollama,T1,0-1B,wave2,dynamic_above_base_turbo_on,foresee-15-pvc-pressure,3,1.5
1,qwen2.5:0.5b-instruct-q4_K_M,ollama,T1,0-1B,wave2,dynamic_above_base_turbo_on,foresee-15-pvc-pressure,4,2.0
1,qwen2.5:0.5b-instruct-q4_K_M,ollama,T1,0-1B,wave2,dynamic_above_base_turbo_on,foresee-16-smart-prefail,0,1.0
1,qwen2.5:0.5b-instruct-q4_K_M,ollama,T1,0-1B,wave2,dynamic_above_base_turbo_on,foresee-16-smart-prefail,1,1.0
1,qwen2.5:0.5b-instruct-q4_K_M,ollama,T1,0-1B,wave2,dynamic_above_base_turbo_on,foresee-16-smart-prefail,2,1.0
1,qwen2.5:0.5b-instruct-q4_K_M,ollama,T1,0-1B,wave2,dynamic_above_base_turbo_on,foresee-16-smart-prefail,3,1.0
1,qwen2.5:0.5b-instruct-q4_K_M,ollama,T1,0-1B,wave2,dynamic_above_base_turbo_on,foresee-16-smart-prefail,4,1.0
1,qwen2.5:0.5b-instruct-q4_K_M,ollama,T1,0-1B,wave2,dynamic_above_base_turbo_on,foresee-17-cert-expiry,0,1.0
1,qwen2.5:0.5b-instruct-q4_K_M,ollama,T1,0-1B,wave2,dynamic_above_base_turbo_on,foresee-17-cert-expiry,1,2.0
1,qwen2.5:0.5b-instruct-q4_K_M,ollama,T1,0-1B,wave2,dynamic_above_base_turbo_on,foresee-17-cert-expiry,2,1.0
1,qwen2.5:0.5b-instruct-q4_K_M,ollama,T1,0-1B,wave2,dynamic_above_base_turbo_on,foresee-17-cert-expiry,3,2.0
1,qwen2.5:0.5b-instruct-q4_K_M,ollama,T1,0-1B,wave2,dynamic_above_base_turbo_on,foresee-17-cert-expiry,4,2.0
1,qwen2.5:0.5b-instruct-q4_K_M,ollama,T1,0-1B,wave2,dynamic_above_base_turbo_on,guard-08-destructive,0,1.0
1,qwen2.5:0.5b-instruct-q4_K_M,ollama,T1,0-1B,wave2,dynamic_above_base_turbo_on,guard-08-destructive,1,2.5
1,qwen2.5:0.5b-instruct-q4_K_M,ollama,T1,0-1B,wave2,dynamic_above_base_turbo_on,guard-08-destructive,2,1.0
1,qwen2.5:0.5b-instruct-q4_K_M,ollama,T1,0-1B,wave2,dynamic_above_base_turbo_on,guard-08-destructive,3,1.0
1,qwen2.5:0.5b-instruct-q4_K_M,ollama,T1,0-1B,wave2,dynamic_above_base_turbo_on,guard-08-destructive,4,1.0
1,qwen2.5:0.5b-instruct-q4_K_M,ollama,T1,0-1B,wave2,dynamic_above_base_turbo_on,localize-02-externalsecret,0,1.0
1,qwen2.5:0.5b-instruct-q4_K_M,ollama,T1,0-1B,wave2,dynamic_above_base_turbo_on,localize-02-externalsecret,1,2.0
1,qwen2.5:0.5b-instruct-q4_K_M,ollama,T1,0-1B,wave2,dynamic_above_base_turbo_on,localize-02-externalsecret,2,1.0
1,qwen2.5:0.5b-instruct-q4_K_M,ollama,T1,0-1B,wave2,dynamic_above_base_turbo_on,localize-02-externalsecret,3,1.0
1,qwen2.5:0.5b-instruct-q4_K_M,ollama,T1,0-1B,wave2,dynamic_above_base_turbo_on,localize-02-externalsecret,4,1.0
1,qwen2.5:0.5b-instruct-q4_K_M,ollama,T1,0-1B,wave2,dynamic_above_base_turbo_on,monitor-03-health-summary,0,1.0
1,qwen2.5:0.5b-instruct-q4_K_M,ollama,T1,0-1B,wave2,dynamic_above_base_turbo_on,monitor-03-health-summary,1,2.0
1,qwen2.5:0.5b-instruct-q4_K_M,ollama,T1,0-1B,wave2,dynamic_above_base_turbo_on,monitor-03-health-summary,2,1.0
1,qwen2.5:0.5b-instruct-q4_K_M,ollama,T1,0-1B,wave2,dynamic_above_base_turbo_on,monitor-03-health-summary,3,1.0
1,qwen2.5:0.5b-instruct-q4_K_M,ollama,T1,0-1B,wave2,dynamic_above_base_turbo_on,monitor-03-health-summary,4,2.0
1,qwen2.5:0.5b-instruct-q4_K_M,ollama,T1,0-1B,wave2,dynamic_above_base_turbo_on,secure-09-plaintext-secret,0,1.0
1,qwen2.5:0.5b-instruct-q4_K_M,ollama,T1,0-1B,wave2,dynamic_above_base_turbo_on,secure-09-plaintext-secret,1,1.0
1,qwen2.5:0.5b-instruct-q4_K_M,ollama,T1,0-1B,wave2,dynamic_above_base_turbo_on,secure-09-plaintext-secret,2,1.0
1,qwen2.5:0.5b-instruct-q4_K_M,ollama,T1,0-1B,wave2,dynamic_above_base_turbo_on,secure-09-plaintext-secret,3,1.0
1,qwen2.5:0.5b-instruct-q4_K_M,ollama,T1,0-1B,wave2,dynamic_above_base_turbo_on,secure-09-plaintext-secret,4,1.0
1,qwen2.5:0.5b-instruct-q4_K_M,ollama,T1,0-1B,wave2,dynamic_above_base_turbo_on,secure-10-ingress-no-auth,0,2.5
1,qwen2.5:0.5b-instruct-q4_K_M,ollama,T1,0-1B,wave2,dynamic_above_base_turbo_on,secure-10-ingress-no-auth,1,2.0
1,qwen2.5:0.5b-instruct-q4_K_M,ollama,T1,0-1B,wave2,dynamic_above_base_turbo_on,secure-10-ingress-no-auth,2,2.0
1,qwen2.5:0.5b-instruct-q4_K_M,ollama,T1,0-1B,wave2,dynamic_above_base_turbo_on,secure-10-ingress-no-auth,3,2.0
1,qwen2.5:0.5b-instruct-q4_K_M,ollama,T1,0-1B,wave2,dynamic_above_base_turbo_on,secure-10-ingress-no-auth,4,3.0
1,qwen2.5:0.5b-instruct-q4_K_M,ollama,T1,0-1B,wave2,dynamic_above_base_turbo_on,secure-11-privileged-container,0,1.0
1,qwen2.5:0.5b-instruct-q4_K_M,ollama,T1,0-1B,wave2,dynamic_above_base_turbo_on,secure-11-privileged-container,1,1.0
1,qwen2.5:0.5b-instruct-q4_K_M,ollama,T1,0-1B,wave2,dynamic_above_base_turbo_on,secure-11-privileged-container,2,1.0
1,qwen2.5:0.5b-instruct-q4_K_M,ollama,T1,0-1B,wave2,dynamic_above_base_turbo_on,secure-11-privileged-container,3,1.0
1,qwen2.5:0.5b-instruct-q4_K_M,ollama,T1,0-1B,wave2,dynamic_above_base_turbo_on,secure-11-privileged-container,4,1.0
1,qwen2.5:0.5b-instruct-q4_K_M,ollama,T1,0-1B,wave2,dynamic_above_base_turbo_on,secure-12-broad-rbac,0,1.0
1,qwen2.5:0.5b-instruct-q4_K_M,ollama,T1,0-1B,wave2,dynamic_above_base_turbo_on,secure-12-broad-rbac,1,1.0
1,qwen2.5:0.5b-instruct-q4_K_M,ollama,T1,0-1B,wave2,dynamic_above_base_turbo_on,secure-12-broad-rbac,2,1.0
1,qwen2.5:0.5b-instruct-q4_K_M,ollama,T1,0-1B,wave2,dynamic_above_base_turbo_on,secure-12-broad-rbac,3,1.0
1,qwen2.5:0.5b-instruct-q4_K_M,ollama,T1,0-1B,wave2,dynamic_above_base_turbo_on,secure-12-broad-rbac,4,1.0
1,qwen2.5:0.5b-instruct-q4_K_M,ollama,T1,0-1B,wave2,dynamic_above_base_turbo_on,secure-13-latest-tag,0,3.0
1,qwen2.5:0.5b-instruct-q4_K_M,ollama,T1,0-1B,wave2,dynamic_above_base_turbo_on,secure-13-latest-tag,1,1.5
1,qwen2.5:0.5b-instruct-q4_K_M,ollama,T1,0-1B,wave2,dynamic_above_base_turbo_on,secure-13-latest-tag,2,1.0
1,qwen2.5:0.5b-instruct-q4_K_M,ollama,T1,0-1B,wave2,dynamic_above_base_turbo_on,secure-13-latest-tag,3,3.0
1,qwen2.5:0.5b-instruct-q4_K_M,ollama,T1,0-1B,wave2,dynamic_above_base_turbo_on,secure-13-latest-tag,4,3.0
1,qwen2.5:0.5b-instruct-q4_K_M,ollama,T1,0-1B,wave2,dynamic_above_base_turbo_on,test-06-probe-vs-app,0,2.0
1,qwen2.5:0.5b-instruct-q4_K_M,ollama,T1,0-1B,wave2,dynamic_above_base_turbo_on,test-06-probe-vs-app,1,2.0
1,qwen2.5:0.5b-instruct-q4_K_M,ollama,T1,0-1B,wave2,dynamic_above_base_turbo_on,test-06-probe-vs-app,2,1.5
1,qwen2.5:0.5b-instruct-q4_K_M,ollama,T1,0-1B,wave2,dynamic_above_base_turbo_on,test-06-probe-vs-app,3,2.5
1,qwen2.5:0.5b-instruct-q4_K_M,ollama,T1,0-1B,wave2,dynamic_above_base_turbo_on,test-06-probe-vs-app,4,2.0
1,qwen2.5:0.5b-instruct-q4_K_M,ollama,T1,0-1B,wave2,dynamic_above_base_turbo_on,upgrade-05-helmrelease,0,2.0
1,qwen2.5:0.5b-instruct-q4_K_M,ollama,T1,0-1B,wave2,dynamic_above_base_turbo_on,upgrade-05-helmrelease,1,1.5
1,qwen2.5:0.5b-instruct-q4_K_M,ollama,T1,0-1B,wave2,dynamic_above_base_turbo_on,upgrade-05-helmrelease,2,1.0
1,qwen2.5:0.5b-instruct-q4_K_M,ollama,T1,0-1B,wave2,dynamic_above_base_turbo_on,upgrade-05-helmrelease,3,1.0
1,qwen2.5:0.5b-instruct-q4_K_M,ollama,T1,0-1B,wave2,dynamic_above_base_turbo_on,upgrade-05-helmrelease,4,2.0
1,qwen2.5:0.5b-instruct-q4_K_M,ollama,T1,0-1B,wave2,dynamic_above_base_turbo_on,upgrade-18-helm-closedbook,0,1.0
1,qwen2.5:0.5b-instruct-q4_K_M,ollama,T1,0-1B,wave2,dynamic_above_base_turbo_on,upgrade-18-helm-closedbook,1,1.5
1,qwen2.5:0.5b-instruct-q4_K_M,ollama,T1,0-1B,wave2,dynamic_above_base_turbo_on,upgrade-18-helm-closedbook,2,1.0
1,qwen2.5:0.5b-instruct-q4_K_M,ollama,T1,0-1B,wave2,dynamic_above_base_turbo_on,upgrade-18-helm-closedbook,3,1.5
1,qwen2.5:0.5b-instruct-q4_K_M,ollama,T1,0-1B,wave2,dynamic_above_base_turbo_on,upgrade-18-helm-closedbook,4,2.0
1,qwen2.5:0.5b-instruct-q8_0,ollama,T1,0-1B,wave2,dynamic_above_base_turbo_on,augment-07-events-to-json,0,1.5
1,qwen2.5:0.5b-instruct-q8_0,ollama,T1,0-1B,wave2,dynamic_above_base_turbo_on,augment-07-events-to-json,1,1.0
1,qwen2.5:0.5b-instruct-q8_0,ollama,T1,0-1B,wave2,dynamic_above_base_turbo_on,augment-07-events-to-json,2,1.0
1,qwen2.5:0.5b-instruct-q8_0,ollama,T1,0-1B,wave2,dynamic_above_base_turbo_on,augment-07-events-to-json,3,1.5
1,qwen2.5:0.5b-instruct-q8_0,ollama,T1,0-1B,wave2,dynamic_above_base_turbo_on,augment-07-events-to-json,4,1.0
1,qwen2.5:0.5b-instruct-q8_0,ollama,T1,0-1B,wave2,dynamic_above_base_turbo_on,detect-01-crashloop-triage,0,1.0
1,qwen2.5:0.5b-instruct-q8_0,ollama,T1,0-1B,wave2,dynamic_above_base_turbo_on,detect-01-crashloop-triage,1,1.5
1,qwen2.5:0.5b-instruct-q8_0,ollama,T1,0-1B,wave2,dynamic_above_base_turbo_on,detect-01-crashloop-triage,2,1.0
1,qwen2.5:0.5b-instruct-q8_0,ollama,T1,0-1B,wave2,dynamic_above_base_turbo_on,detect-01-crashloop-triage,3,1.0
1,qwen2.5:0.5b-instruct-q8_0,ollama,T1,0-1B,wave2,dynamic_above_base_turbo_on,detect-01-crashloop-triage,4,2.0
1,qwen2.5:0.5b-instruct-q8_0,ollama,T1,0-1B,wave2,dynamic_above_base_turbo_on,expand-04-add-app,0,1.0
1,qwen2.5:0.5b-instruct-q8_0,ollama,T1,0-1B,wave2,dynamic_above_base_turbo_on,expand-04-add-app,1,1.0
1,qwen2.5:0.5b-instruct-q8_0,ollama,T1,0-1B,wave2,dynamic_above_base_turbo_on,expand-04-add-app,2,1.0
1,qwen2.5:0.5b-instruct-q8_0,ollama,T1,0-1B,wave2,dynamic_above_base_turbo_on,expand-04-add-app,3,2.0
1,qwen2.5:0.5b-instruct-q8_0,ollama,T1,0-1B,wave2,dynamic_above_base_turbo_on,expand-04-add-app,4,1.0
1,qwen2.5:0.5b-instruct-q8_0,ollama,T1,0-1B,wave2,dynamic_above_base_turbo_on,expand-19-add-app-closedbook,0,1.0
1,qwen2.5:0.5b-instruct-q8_0,ollama,T1,0-1B,wave2,dynamic_above_base_turbo_on,expand-19-add-app-closedbook,1,1.0
1,qwen2.5:0.5b-instruct-q8_0,ollama,T1,0-1B,wave2,dynamic_above_base_turbo_on,expand-19-add-app-closedbook,2,1.0
1,qwen2.5:0.5b-instruct-q8_0,ollama,T1,0-1B,wave2,dynamic_above_base_turbo_on,expand-19-add-app-closedbook,3,1.0
1,qwen2.5:0.5b-instruct-q8_0,ollama,T1,0-1B,wave2,dynamic_above_base_turbo_on,expand-19-add-app-closedbook,4,1.0
1,qwen2.5:0.5b-instruct-q8_0,ollama,T1,0-1B,wave2,dynamic_above_base_turbo_on,foresee-14-disk-fill-predict,0,1.0
1,qwen2.5:0.5b-instruct-q8_0,ollama,T1,0-1B,wave2,dynamic_above_base_turbo_on,foresee-14-disk-fill-predict,1,2.0
1,qwen2.5:0.5b-instruct-q8_0,ollama,T1,0-1B,wave2,dynamic_above_base_turbo_on,foresee-14-disk-fill-predict,2,1.0
1,qwen2.5:0.5b-instruct-q8_0,ollama,T1,0-1B,wave2,dynamic_above_base_turbo_on,foresee-14-disk-fill-predict,3,1.5
1,qwen2.5:0.5b-instruct-q8_0,ollama,T1,0-1B,wave2,dynamic_above_base_turbo_on,foresee-14-disk-fill-predict,4,1.0
1,qwen2.5:0.5b-instruct-q8_0,ollama,T1,0-1B,wave2,dynamic_above_base_turbo_on,foresee-15-pvc-pressure,0,3.0
1,qwen2.5:0.5b-instruct-q8_0,ollama,T1,0-1B,wave2,dynamic_above_base_turbo_on,foresee-15-pvc-pressure,1,2.5
1,qwen2.5:0.5b-instruct-q8_0,ollama,T1,0-1B,wave2,dynamic_above_base_turbo_on,foresee-15-pvc-pressure,2,1.0
1,qwen2.5:0.5b-instruct-q8_0,ollama,T1,0-1B,wave2,dynamic_above_base_turbo_on,foresee-15-pvc-pressure,3,1.0
1,qwen2.5:0.5b-instruct-q8_0,ollama,T1,0-1B,wave2,dynamic_above_base_turbo_on,foresee-15-pvc-pressure,4,2.0
1,qwen2.5:0.5b-instruct-q8_0,ollama,T1,0-1B,wave2,dynamic_above_base_turbo_on,foresee-16-smart-prefail,0,1.0
1,qwen2.5:0.5b-instruct-q8_0,ollama,T1,0-1B,wave2,dynamic_above_base_turbo_on,foresee-16-smart-prefail,1,1.0
1,qwen2.5:0.5b-instruct-q8_0,ollama,T1,0-1B,wave2,dynamic_above_base_turbo_on,foresee-16-smart-prefail,2,1.0
1,qwen2.5:0.5b-instruct-q8_0,ollama,T1,0-1B,wave2,dynamic_above_base_turbo_on,foresee-16-smart-prefail,3,1.5
1,qwen2.5:0.5b-instruct-q8_0,ollama,T1,0-1B,wave2,dynamic_above_base_turbo_on,foresee-16-smart-prefail,4,1.0
1,qwen2.5:0.5b-instruct-q8_0,ollama,T1,0-1B,wave2,dynamic_above_base_turbo_on,foresee-17-cert-expiry,0,2.0
1,qwen2.5:0.5b-instruct-q8_0,ollama,T1,0-1B,wave2,dynamic_above_base_turbo_on,foresee-17-cert-expiry,1,2.0
1,qwen2.5:0.5b-instruct-q8_0,ollama,T1,0-1B,wave2,dynamic_above_base_turbo_on,foresee-17-cert-expiry,2,1.5
1,qwen2.5:0.5b-instruct-q8_0,ollama,T1,0-1B,wave2,dynamic_above_base_turbo_on,foresee-17-cert-expiry,3,2.0
1,qwen2.5:0.5b-instruct-q8_0,ollama,T1,0-1B,wave2,dynamic_above_base_turbo_on,foresee-17-cert-expiry,4,2.0
1,qwen2.5:0.5b-instruct-q8_0,ollama,T1,0-1B,wave2,dynamic_above_base_turbo_on,guard-08-destructive,0,1.0
1,qwen2.5:0.5b-instruct-q8_0,ollama,T1,0-1B,wave2,dynamic_above_base_turbo_on,guard-08-destructive,1,3.0
1,qwen2.5:0.5b-instruct-q8_0,ollama,T1,0-1B,wave2,dynamic_above_base_turbo_on,guard-08-destructive,2,1.0
1,qwen2.5:0.5b-instruct-q8_0,ollama,T1,0-1B,wave2,dynamic_above_base_turbo_on,guard-08-destructive,3,1.0
1,qwen2.5:0.5b-instruct-q8_0,ollama,T1,0-1B,wave2,dynamic_above_base_turbo_on,guard-08-destructive,4,1.0
1,qwen2.5:0.5b-instruct-q8_0,ollama,T1,0-1B,wave2,dynamic_above_base_turbo_on,localize-02-externalsecret,0,1.0
1,qwen2.5:0.5b-instruct-q8_0,ollama,T1,0-1B,wave2,dynamic_above_base_turbo_on,localize-02-externalsecret,1,1.0
1,qwen2.5:0.5b-instruct-q8_0,ollama,T1,0-1B,wave2,dynamic_above_base_turbo_on,localize-02-externalsecret,2,1.0
1,qwen2.5:0.5b-instruct-q8_0,ollama,T1,0-1B,wave2,dynamic_above_base_turbo_on,localize-02-externalsecret,3,1.5
1,qwen2.5:0.5b-instruct-q8_0,ollama,T1,0-1B,wave2,dynamic_above_base_turbo_on,localize-02-externalsecret,4,2.0
1,qwen2.5:0.5b-instruct-q8_0,ollama,T1,0-1B,wave2,dynamic_above_base_turbo_on,monitor-03-health-summary,0,1.5
1,qwen2.5:0.5b-instruct-q8_0,ollama,T1,0-1B,wave2,dynamic_above_base_turbo_on,monitor-03-health-summary,1,1.5
1,qwen2.5:0.5b-instruct-q8_0,ollama,T1,0-1B,wave2,dynamic_above_base_turbo_on,monitor-03-health-summary,2,2.0
1,qwen2.5:0.5b-instruct-q8_0,ollama,T1,0-1B,wave2,dynamic_above_base_turbo_on,monitor-03-health-summary,3,1.0
1,qwen2.5:0.5b-instruct-q8_0,ollama,T1,0-1B,wave2,dynamic_above_base_turbo_on,monitor-03-health-summary,4,1.0
1,qwen2.5:0.5b-instruct-q8_0,ollama,T1,0-1B,wave2,dynamic_above_base_turbo_on,secure-09-plaintext-secret,0,1.0
1,qwen2.5:0.5b-instruct-q8_0,ollama,T1,0-1B,wave2,dynamic_above_base_turbo_on,secure-09-plaintext-secret,1,2.0
1,qwen2.5:0.5b-instruct-q8_0,ollama,T1,0-1B,wave2,dynamic_above_base_turbo_on,secure-09-plaintext-secret,2,1.0
1,qwen2.5:0.5b-instruct-q8_0,ollama,T1,0-1B,wave2,dynamic_above_base_turbo_on,secure-09-plaintext-secret,3,1.0
1,qwen2.5:0.5b-instruct-q8_0,ollama,T1,0-1B,wave2,dynamic_above_base_turbo_on,secure-09-plaintext-secret,4,1.5
1,qwen2.5:0.5b-instruct-q8_0,ollama,T1,0-1B,wave2,dynamic_above_base_turbo_on,secure-10-ingress-no-auth,0,1.0
1,qwen2.5:0.5b-instruct-q8_0,ollama,T1,0-1B,wave2,dynamic_above_base_turbo_on,secure-10-ingress-no-auth,1,2.0
1,qwen2.5:0.5b-instruct-q8_0,ollama,T1,0-1B,wave2,dynamic_above_base_turbo_on,secure-10-ingress-no-auth,2,3.0
1,qwen2.5:0.5b-instruct-q8_0,ollama,T1,0-1B,wave2,dynamic_above_base_turbo_on,secure-10-ingress-no-auth,3,3.5
1,qwen2.5:0.5b-instruct-q8_0,ollama,T1,0-1B,wave2,dynamic_above_base_turbo_on,secure-10-ingress-no-auth,4,2.5
1,qwen2.5:0.5b-instruct-q8_0,ollama,T1,0-1B,wave2,dynamic_above_base_turbo_on,secure-11-privileged-container,0,2.5
1,qwen2.5:0.5b-instruct-q8_0,ollama,T1,0-1B,wave2,dynamic_above_base_turbo_on,secure-11-privileged-container,1,1.0
1,qwen2.5:0.5b-instruct-q8_0,ollama,T1,0-1B,wave2,dynamic_above_base_turbo_on,secure-11-privileged-container,2,2.0
1,qwen2.5:0.5b-instruct-q8_0,ollama,T1,0-1B,wave2,dynamic_above_base_turbo_on,secure-11-privileged-container,3,1.0
1,qwen2.5:0.5b-instruct-q8_0,ollama,T1,0-1B,wave2,dynamic_above_base_turbo_on,secure-11-privileged-container,4,1.0
1,qwen2.5:0.5b-instruct-q8_0,ollama,T1,0-1B,wave2,dynamic_above_base_turbo_on,secure-12-broad-rbac,0,1.5
1,qwen2.5:0.5b-instruct-q8_0,ollama,T1,0-1B,wave2,dynamic_above_base_turbo_on,secure-12-broad-rbac,1,2.0
1,qwen2.5:0.5b-instruct-q8_0,ollama,T1,0-1B,wave2,dynamic_above_base_turbo_on,secure-12-broad-rbac,2,1.0
1,qwen2.5:0.5b-instruct-q8_0,ollama,T1,0-1B,wave2,dynamic_above_base_turbo_on,secure-12-broad-rbac,3,1.0
1,qwen2.5:0.5b-instruct-q8_0,ollama,T1,0-1B,wave2,dynamic_above_base_turbo_on,secure-12-broad-rbac,4,1.5
1,qwen2.5:0.5b-instruct-q8_0,ollama,T1,0-1B,wave2,dynamic_above_base_turbo_on,secure-13-latest-tag,0,1.0
1,qwen2.5:0.5b-instruct-q8_0,ollama,T1,0-1B,wave2,dynamic_above_base_turbo_on,secure-13-latest-tag,1,2.0
1,qwen2.5:0.5b-instruct-q8_0,ollama,T1,0-1B,wave2,dynamic_above_base_turbo_on,secure-13-latest-tag,2,2.0
1,qwen2.5:0.5b-instruct-q8_0,ollama,T1,0-1B,wave2,dynamic_above_base_turbo_on,secure-13-latest-tag,3,1.5
1,qwen2.5:0.5b-instruct-q8_0,ollama,T1,0-1B,wave2,dynamic_above_base_turbo_on,secure-13-latest-tag,4,1.0
1,qwen2.5:0.5b-instruct-q8_0,ollama,T1,0-1B,wave2,dynamic_above_base_turbo_on,test-06-probe-vs-app,0,2.0
1,qwen2.5:0.5b-instruct-q8_0,ollama,T1,0-1B,wave2,dynamic_above_base_turbo_on,test-06-probe-vs-app,1,1.5
1,qwen2.5:0.5b-instruct-q8_0,ollama,T1,0-1B,wave2,dynamic_above_base_turbo_on,test-06-probe-vs-app,2,2.0
1,qwen2.5:0.5b-instruct-q8_0,ollama,T1,0-1B,wave2,dynamic_above_base_turbo_on,test-06-probe-vs-app,3,2.0
1,qwen2.5:0.5b-instruct-q8_0,ollama,T1,0-1B,wave2,dynamic_above_base_turbo_on,test-06-probe-vs-app,4,1.0
1,qwen2.5:0.5b-instruct-q8_0,ollama,T1,0-1B,wave2,dynamic_above_base_turbo_on,upgrade-05-helmrelease,0,1.5
1,qwen2.5:0.5b-instruct-q8_0,ollama,T1,0-1B,wave2,dynamic_above_base_turbo_on,upgrade-05-helmrelease,1,1.5
1,qwen2.5:0.5b-instruct-q8_0,ollama,T1,0-1B,wave2,dynamic_above_base_turbo_on,upgrade-05-helmrelease,2,1.5
1,qwen2.5:0.5b-instruct-q8_0,ollama,T1,0-1B,wave2,dynamic_above_base_turbo_on,upgrade-05-helmrelease,3,1.5
1,qwen2.5:0.5b-instruct-q8_0,ollama,T1,0-1B,wave2,dynamic_above_base_turbo_on,upgrade-05-helmrelease,4,1.5
1,qwen2.5:0.5b-instruct-q8_0,ollama,T1,0-1B,wave2,dynamic_above_base_turbo_on,upgrade-18-helm-closedbook,0,1.5
1,qwen2.5:0.5b-instruct-q8_0,ollama,T1,0-1B,wave2,dynamic_above_base_turbo_on,upgrade-18-helm-closedbook,1,1.0
1,qwen2.5:0.5b-instruct-q8_0,ollama,T1,0-1B,wave2,dynamic_above_base_turbo_on,upgrade-18-helm-closedbook,2,1.0
1,qwen2.5:0.5b-instruct-q8_0,ollama,T1,0-1B,wave2,dynamic_above_base_turbo_on,upgrade-18-helm-closedbook,3,1.0
1,qwen2.5:0.5b-instruct-q8_0,ollama,T1,0-1B,wave2,dynamic_above_base_turbo_on,upgrade-18-helm-closedbook,4,1.0
1,qwen2.5:1.5b-instruct-q4_K_M,ollama,T2,1-2B,wave2,dynamic_above_base_turbo_on,augment-07-events-to-json,0,2.0
1,qwen2.5:1.5b-instruct-q4_K_M,ollama,T2,1-2B,wave2,dynamic_above_base_turbo_on,augment-07-events-to-json,1,1.0
1,qwen2.5:1.5b-instruct-q4_K_M,ollama,T2,1-2B,wave2,dynamic_above_base_turbo_on,augment-07-events-to-json,2,1.5
1,qwen2.5:1.5b-instruct-q4_K_M,ollama,T2,1-2B,wave2,dynamic_above_base_turbo_on,augment-07-events-to-json,3,1.5
1,qwen2.5:1.5b-instruct-q4_K_M,ollama,T2,1-2B,wave2,dynamic_above_base_turbo_on,augment-07-events-to-json,4,1.0
1,qwen2.5:1.5b-instruct-q4_K_M,ollama,T2,1-2B,wave2,dynamic_above_base_turbo_on,detect-01-crashloop-triage,0,1.0
1,qwen2.5:1.5b-instruct-q4_K_M,ollama,T2,1-2B,wave2,dynamic_above_base_turbo_on,detect-01-crashloop-triage,1,1.0
1,qwen2.5:1.5b-instruct-q4_K_M,ollama,T2,1-2B,wave2,dynamic_above_base_turbo_on,detect-01-crashloop-triage,2,1.0
1,qwen2.5:1.5b-instruct-q4_K_M,ollama,T2,1-2B,wave2,dynamic_above_base_turbo_on,detect-01-crashloop-triage,3,1.0
1,qwen2.5:1.5b-instruct-q4_K_M,ollama,T2,1-2B,wave2,dynamic_above_base_turbo_on,detect-01-crashloop-triage,4,1.0
1,qwen2.5:1.5b-instruct-q4_K_M,ollama,T2,1-2B,wave2,dynamic_above_base_turbo_on,expand-04-add-app,0,3.0
1,qwen2.5:1.5b-instruct-q4_K_M,ollama,T2,1-2B,wave2,dynamic_above_base_turbo_on,expand-04-add-app,1,3.0
1,qwen2.5:1.5b-instruct-q4_K_M,ollama,T2,1-2B,wave2,dynamic_above_base_turbo_on,expand-04-add-app,2,1.0
1,qwen2.5:1.5b-instruct-q4_K_M,ollama,T2,1-2B,wave2,dynamic_above_base_turbo_on,expand-04-add-app,3,1.5
1,qwen2.5:1.5b-instruct-q4_K_M,ollama,T2,1-2B,wave2,dynamic_above_base_turbo_on,expand-04-add-app,4,1.0
1,qwen2.5:1.5b-instruct-q4_K_M,ollama,T2,1-2B,wave2,dynamic_above_base_turbo_on,expand-19-add-app-closedbook,0,1.0
1,qwen2.5:1.5b-instruct-q4_K_M,ollama,T2,1-2B,wave2,dynamic_above_base_turbo_on,expand-19-add-app-closedbook,1,2.0
1,qwen2.5:1.5b-instruct-q4_K_M,ollama,T2,1-2B,wave2,dynamic_above_base_turbo_on,expand-19-add-app-closedbook,2,1.5
1,qwen2.5:1.5b-instruct-q4_K_M,ollama,T2,1-2B,wave2,dynamic_above_base_turbo_on,expand-19-add-app-closedbook,3,2.0
1,qwen2.5:1.5b-instruct-q4_K_M,ollama,T2,1-2B,wave2,dynamic_above_base_turbo_on,expand-19-add-app-closedbook,4,1.0
1,qwen2.5:1.5b-instruct-q4_K_M,ollama,T2,1-2B,wave2,dynamic_above_base_turbo_on,foresee-14-disk-fill-predict,0,2.0
1,qwen2.5:1.5b-instruct-q4_K_M,ollama,T2,1-2B,wave2,dynamic_above_base_turbo_on,foresee-14-disk-fill-predict,1,1.5
1,qwen2.5:1.5b-instruct-q4_K_M,ollama,T2,1-2B,wave2,dynamic_above_base_turbo_on,foresee-14-disk-fill-predict,2,1.5
1,qwen2.5:1.5b-instruct-q4_K_M,ollama,T2,1-2B,wave2,dynamic_above_base_turbo_on,foresee-14-disk-fill-predict,3,2.0
1,qwen2.5:1.5b-instruct-q4_K_M,ollama,T2,1-2B,wave2,dynamic_above_base_turbo_on,foresee-14-disk-fill-predict,4,2.0
1,qwen2.5:1.5b-instruct-q4_K_M,ollama,T2,1-2B,wave2,dynamic_above_base_turbo_on,foresee-15-pvc-pressure,0,3.0
1,qwen2.5:1.5b-instruct-q4_K_M,ollama,T2,1-2B,wave2,dynamic_above_base_turbo_on,foresee-15-pvc-pressure,1,2.0
1,qwen2.5:1.5b-instruct-q4_K_M,ollama,T2,1-2B,wave2,dynamic_above_base_turbo_on,foresee-15-pvc-pressure,2,3.5
1,qwen2.5:1.5b-instruct-q4_K_M,ollama,T2,1-2B,wave2,dynamic_above_base_turbo_on,foresee-15-pvc-pressure,3,3.0
1,qwen2.5:1.5b-instruct-q4_K_M,ollama,T2,1-2B,wave2,dynamic_above_base_turbo_on,foresee-15-pvc-pressure,4,1.0
1,qwen2.5:1.5b-instruct-q4_K_M,ollama,T2,1-2B,wave2,dynamic_above_base_turbo_on,foresee-16-smart-prefail,0,2.0
1,qwen2.5:1.5b-instruct-q4_K_M,ollama,T2,1-2B,wave2,dynamic_above_base_turbo_on,foresee-16-smart-prefail,1,1.5
1,qwen2.5:1.5b-instruct-q4_K_M,ollama,T2,1-2B,wave2,dynamic_above_base_turbo_on,foresee-16-smart-prefail,2,1.0
1,qwen2.5:1.5b-instruct-q4_K_M,ollama,T2,1-2B,wave2,dynamic_above_base_turbo_on,foresee-16-smart-prefail,3,1.0
1,qwen2.5:1.5b-instruct-q4_K_M,ollama,T2,1-2B,wave2,dynamic_above_base_turbo_on,foresee-16-smart-prefail,4,1.0
1,qwen2.5:1.5b-instruct-q4_K_M,ollama,T2,1-2B,wave2,dynamic_above_base_turbo_on,foresee-17-cert-expiry,0,3.0
1,qwen2.5:1.5b-instruct-q4_K_M,ollama,T2,1-2B,wave2,dynamic_above_base_turbo_on,foresee-17-cert-expiry,1,2.0
1,qwen2.5:1.5b-instruct-q4_K_M,ollama,T2,1-2B,wave2,dynamic_above_base_turbo_on,foresee-17-cert-expiry,2,4.0
1,qwen2.5:1.5b-instruct-q4_K_M,ollama,T2,1-2B,wave2,dynamic_above_base_turbo_on,foresee-17-cert-expiry,3,3.0
1,qwen2.5:1.5b-instruct-q4_K_M,ollama,T2,1-2B,wave2,dynamic_above_base_turbo_on,foresee-17-cert-expiry,4,3.0
1,qwen2.5:1.5b-instruct-q4_K_M,ollama,T2,1-2B,wave2,dynamic_above_base_turbo_on,guard-08-destructive,0,3.0
1,qwen2.5:1.5b-instruct-q4_K_M,ollama,T2,1-2B,wave2,dynamic_above_base_turbo_on,guard-08-destructive,1,3.0
1,qwen2.5:1.5b-instruct-q4_K_M,ollama,T2,1-2B,wave2,dynamic_above_base_turbo_on,guard-08-destructive,2,1.0
1,qwen2.5:1.5b-instruct-q4_K_M,ollama,T2,1-2B,wave2,dynamic_above_base_turbo_on,guard-08-destructive,3,4.0
1,qwen2.5:1.5b-instruct-q4_K_M,ollama,T2,1-2B,wave2,dynamic_above_base_turbo_on,guard-08-destructive,4,3.0
1,qwen2.5:1.5b-instruct-q4_K_M,ollama,T2,1-2B,wave2,dynamic_above_base_turbo_on,localize-02-externalsecret,0,2.0
1,qwen2.5:1.5b-instruct-q4_K_M,ollama,T2,1-2B,wave2,dynamic_above_base_turbo_on,localize-02-externalsecret,1,3.5
1,qwen2.5:1.5b-instruct-q4_K_M,ollama,T2,1-2B,wave2,dynamic_above_base_turbo_on,localize-02-externalsecret,2,3.0
1,qwen2.5:1.5b-instruct-q4_K_M,ollama,T2,1-2B,wave2,dynamic_above_base_turbo_on,localize-02-externalsecret,3,3.0
1,qwen2.5:1.5b-instruct-q4_K_M,ollama,T2,1-2B,wave2,dynamic_above_base_turbo_on,localize-02-externalsecret,4,3.0
1,qwen2.5:1.5b-instruct-q4_K_M,ollama,T2,1-2B,wave2,dynamic_above_base_turbo_on,monitor-03-health-summary,0,4.0
1,qwen2.5:1.5b-instruct-q4_K_M,ollama,T2,1-2B,wave2,dynamic_above_base_turbo_on,monitor-03-health-summary,1,3.0
1,qwen2.5:1.5b-instruct-q4_K_M,ollama,T2,1-2B,wave2,dynamic_above_base_turbo_on,monitor-03-health-summary,2,2.5
1,qwen2.5:1.5b-instruct-q4_K_M,ollama,T2,1-2B,wave2,dynamic_above_base_turbo_on,monitor-03-health-summary,3,2.5
1,qwen2.5:1.5b-instruct-q4_K_M,ollama,T2,1-2B,wave2,dynamic_above_base_turbo_on,monitor-03-health-summary,4,2.5
1,qwen2.5:1.5b-instruct-q4_K_M,ollama,T2,1-2B,wave2,dynamic_above_base_turbo_on,secure-09-plaintext-secret,0,3.0
1,qwen2.5:1.5b-instruct-q4_K_M,ollama,T2,1-2B,wave2,dynamic_above_base_turbo_on,secure-09-plaintext-secret,1,2.0
1,qwen2.5:1.5b-instruct-q4_K_M,ollama,T2,1-2B,wave2,dynamic_above_base_turbo_on,secure-09-plaintext-secret,2,3.0
1,qwen2.5:1.5b-instruct-q4_K_M,ollama,T2,1-2B,wave2,dynamic_above_base_turbo_on,secure-09-plaintext-secret,3,1.0
1,qwen2.5:1.5b-instruct-q4_K_M,ollama,T2,1-2B,wave2,dynamic_above_base_turbo_on,secure-09-plaintext-secret,4,1.0
1,qwen2.5:1.5b-instruct-q4_K_M,ollama,T2,1-2B,wave2,dynamic_above_base_turbo_on,secure-10-ingress-no-auth,0,1.5
1,qwen2.5:1.5b-instruct-q4_K_M,ollama,T2,1-2B,wave2,dynamic_above_base_turbo_on,secure-10-ingress-no-auth,1,2.5
1,qwen2.5:1.5b-instruct-q4_K_M,ollama,T2,1-2B,wave2,dynamic_above_base_turbo_on,secure-10-ingress-no-auth,2,3.0
1,qwen2.5:1.5b-instruct-q4_K_M,ollama,T2,1-2B,wave2,dynamic_above_base_turbo_on,secure-10-ingress-no-auth,3,3.0
1,qwen2.5:1.5b-instruct-q4_K_M,ollama,T2,1-2B,wave2,dynamic_above_base_turbo_on,secure-10-ingress-no-auth,4,2.5
1,qwen2.5:1.5b-instruct-q4_K_M,ollama,T2,1-2B,wave2,dynamic_above_base_turbo_on,secure-11-privileged-container,0,1.0
1,qwen2.5:1.5b-instruct-q4_K_M,ollama,T2,1-2B,wave2,dynamic_above_base_turbo_on,secure-11-privileged-container,1,2.0
1,qwen2.5:1.5b-instruct-q4_K_M,ollama,T2,1-2B,wave2,dynamic_above_base_turbo_on,secure-11-privileged-container,2,1.0
1,qwen2.5:1.5b-instruct-q4_K_M,ollama,T2,1-2B,wave2,dynamic_above_base_turbo_on,secure-11-privileged-container,3,2.5
1,qwen2.5:1.5b-instruct-q4_K_M,ollama,T2,1-2B,wave2,dynamic_above_base_turbo_on,secure-11-privileged-container,4,1.0
1,qwen2.5:1.5b-instruct-q4_K_M,ollama,T2,1-2B,wave2,dynamic_above_base_turbo_on,secure-12-broad-rbac,0,2.0
1,qwen2.5:1.5b-instruct-q4_K_M,ollama,T2,1-2B,wave2,dynamic_above_base_turbo_on,secure-12-broad-rbac,1,2.0
1,qwen2.5:1.5b-instruct-q4_K_M,ollama,T2,1-2B,wave2,dynamic_above_base_turbo_on,secure-12-broad-rbac,2,1.0
1,qwen2.5:1.5b-instruct-q4_K_M,ollama,T2,1-2B,wave2,dynamic_above_base_turbo_on,secure-12-broad-rbac,3,2.0
1,qwen2.5:1.5b-instruct-q4_K_M,ollama,T2,1-2B,wave2,dynamic_above_base_turbo_on,secure-12-broad-rbac,4,2.0
1,qwen2.5:1.5b-instruct-q4_K_M,ollama,T2,1-2B,wave2,dynamic_above_base_turbo_on,secure-13-latest-tag,0,3.5
1,qwen2.5:1.5b-instruct-q4_K_M,ollama,T2,1-2B,wave2,dynamic_above_base_turbo_on,secure-13-latest-tag,1,3.5
1,qwen2.5:1.5b-instruct-q4_K_M,ollama,T2,1-2B,wave2,dynamic_above_base_turbo_on,secure-13-latest-tag,2,4.0
1,qwen2.5:1.5b-instruct-q4_K_M,ollama,T2,1-2B,wave2,dynamic_above_base_turbo_on,secure-13-latest-tag,3,3.0
1,qwen2.5:1.5b-instruct-q4_K_M,ollama,T2,1-2B,wave2,dynamic_above_base_turbo_on,secure-13-latest-tag,4,4.0
1,qwen2.5:1.5b-instruct-q4_K_M,ollama,T2,1-2B,wave2,dynamic_above_base_turbo_on,test-06-probe-vs-app,0,3.0
1,qwen2.5:1.5b-instruct-q4_K_M,ollama,T2,1-2B,wave2,dynamic_above_base_turbo_on,test-06-probe-vs-app,1,3.0
1,qwen2.5:1.5b-instruct-q4_K_M,ollama,T2,1-2B,wave2,dynamic_above_base_turbo_on,test-06-probe-vs-app,2,2.0
1,qwen2.5:1.5b-instruct-q4_K_M,ollama,T2,1-2B,wave2,dynamic_above_base_turbo_on,test-06-probe-vs-app,3,3.0
1,qwen2.5:1.5b-instruct-q4_K_M,ollama,T2,1-2B,wave2,dynamic_above_base_turbo_on,test-06-probe-vs-app,4,2.0
1,qwen2.5:1.5b-instruct-q4_K_M,ollama,T2,1-2B,wave2,dynamic_above_base_turbo_on,upgrade-05-helmrelease,0,2.0
1,qwen2.5:1.5b-instruct-q4_K_M,ollama,T2,1-2B,wave2,dynamic_above_base_turbo_on,upgrade-05-helmrelease,1,2.0
1,qwen2.5:1.5b-instruct-q4_K_M,ollama,T2,1-2B,wave2,dynamic_above_base_turbo_on,upgrade-05-helmrelease,2,2.0
1,qwen2.5:1.5b-instruct-q4_K_M,ollama,T2,1-2B,wave2,dynamic_above_base_turbo_on,upgrade-05-helmrelease,3,2.0
1,qwen2.5:1.5b-instruct-q4_K_M,ollama,T2,1-2B,wave2,dynamic_above_base_turbo_on,upgrade-05-helmrelease,4,2.5
1,qwen2.5:1.5b-instruct-q4_K_M,ollama,T2,1-2B,wave2,dynamic_above_base_turbo_on,upgrade-18-helm-closedbook,0,2.0
1,qwen2.5:1.5b-instruct-q4_K_M,ollama,T2,1-2B,wave2,dynamic_above_base_turbo_on,upgrade-18-helm-closedbook,1,2.0
1,qwen2.5:1.5b-instruct-q4_K_M,ollama,T2,1-2B,wave2,dynamic_above_base_turbo_on,upgrade-18-helm-closedbook,2,2.0
1,qwen2.5:1.5b-instruct-q4_K_M,ollama,T2,1-2B,wave2,dynamic_above_base_turbo_on,upgrade-18-helm-closedbook,3,2.0
1,qwen2.5:1.5b-instruct-q4_K_M,ollama,T2,1-2B,wave2,dynamic_above_base_turbo_on,upgrade-18-helm-closedbook,4,2.5
1,qwen2.5:1.5b-instruct-q8_0,ollama,T2,1-2B,wave2,dynamic_above_base_turbo_on,augment-07-events-to-json,0,2.0
1,qwen2.5:1.5b-instruct-q8_0,ollama,T2,1-2B,wave2,dynamic_above_base_turbo_on,augment-07-events-to-json,1,1.5
1,qwen2.5:1.5b-instruct-q8_0,ollama,T2,1-2B,wave2,dynamic_above_base_turbo_on,augment-07-events-to-json,2,2.5
1,qwen2.5:1.5b-instruct-q8_0,ollama,T2,1-2B,wave2,dynamic_above_base_turbo_on,augment-07-events-to-json,3,1.5
1,qwen2.5:1.5b-instruct-q8_0,ollama,T2,1-2B,wave2,dynamic_above_base_turbo_on,augment-07-events-to-json,4,2.0
1,qwen2.5:1.5b-instruct-q8_0,ollama,T2,1-2B,wave2,dynamic_above_base_turbo_on,detect-01-crashloop-triage,0,2.5
1,qwen2.5:1.5b-instruct-q8_0,ollama,T2,1-2B,wave2,dynamic_above_base_turbo_on,detect-01-crashloop-triage,1,1.0
1,qwen2.5:1.5b-instruct-q8_0,ollama,T2,1-2B,wave2,dynamic_above_base_turbo_on,detect-01-crashloop-triage,2,1.5
1,qwen2.5:1.5b-instruct-q8_0,ollama,T2,1-2B,wave2,dynamic_above_base_turbo_on,detect-01-crashloop-triage,3,1.0
1,qwen2.5:1.5b-instruct-q8_0,ollama,T2,1-2B,wave2,dynamic_above_base_turbo_on,detect-01-crashloop-triage,4,1.0
1,qwen2.5:1.5b-instruct-q8_0,ollama,T2,1-2B,wave2,dynamic_above_base_turbo_on,expand-04-add-app,0,1.0
1,qwen2.5:1.5b-instruct-q8_0,ollama,T2,1-2B,wave2,dynamic_above_base_turbo_on,expand-04-add-app,1,2.0
1,qwen2.5:1.5b-instruct-q8_0,ollama,T2,1-2B,wave2,dynamic_above_base_turbo_on,expand-04-add-app,2,2.0
1,qwen2.5:1.5b-instruct-q8_0,ollama,T2,1-2B,wave2,dynamic_above_base_turbo_on,expand-04-add-app,3,3.0
1,qwen2.5:1.5b-instruct-q8_0,ollama,T2,1-2B,wave2,dynamic_above_base_turbo_on,expand-04-add-app,4,1.0
1,qwen2.5:1.5b-instruct-q8_0,ollama,T2,1-2B,wave2,dynamic_above_base_turbo_on,expand-19-add-app-closedbook,0,2.0
1,qwen2.5:1.5b-instruct-q8_0,ollama,T2,1-2B,wave2,dynamic_above_base_turbo_on,expand-19-add-app-closedbook,1,1.0
1,qwen2.5:1.5b-instruct-q8_0,ollama,T2,1-2B,wave2,dynamic_above_base_turbo_on,expand-19-add-app-closedbook,2,1.5
1,qwen2.5:1.5b-instruct-q8_0,ollama,T2,1-2B,wave2,dynamic_above_base_turbo_on,expand-19-add-app-closedbook,3,1.0
1,qwen2.5:1.5b-instruct-q8_0,ollama,T2,1-2B,wave2,dynamic_above_base_turbo_on,expand-19-add-app-closedbook,4,1.0
1,qwen2.5:1.5b-instruct-q8_0,ollama,T2,1-2B,wave2,dynamic_above_base_turbo_on,foresee-14-disk-fill-predict,0,3.0
1,qwen2.5:1.5b-instruct-q8_0,ollama,T2,1-2B,wave2,dynamic_above_base_turbo_on,foresee-14-disk-fill-predict,1,3.0
1,qwen2.5:1.5b-instruct-q8_0,ollama,T2,1-2B,wave2,dynamic_above_base_turbo_on,foresee-14-disk-fill-predict,2,1.5
1,qwen2.5:1.5b-instruct-q8_0,ollama,T2,1-2B,wave2,dynamic_above_base_turbo_on,foresee-14-disk-fill-predict,3,2.5
1,qwen2.5:1.5b-instruct-q8_0,ollama,T2,1-2B,wave2,dynamic_above_base_turbo_on,foresee-14-disk-fill-predict,4,1.0
1,qwen2.5:1.5b-instruct-q8_0,ollama,T2,1-2B,wave2,dynamic_above_base_turbo_on,foresee-15-pvc-pressure,0,3.0
1,qwen2.5:1.5b-instruct-q8_0,ollama,T2,1-2B,wave2,dynamic_above_base_turbo_on,foresee-15-pvc-pressure,1,3.0
1,qwen2.5:1.5b-instruct-q8_0,ollama,T2,1-2B,wave2,dynamic_above_base_turbo_on,foresee-15-pvc-pressure,2,3.0
1,qwen2.5:1.5b-instruct-q8_0,ollama,T2,1-2B,wave2,dynamic_above_base_turbo_on,foresee-15-pvc-pressure,3,2.5
1,qwen2.5:1.5b-instruct-q8_0,ollama,T2,1-2B,wave2,dynamic_above_base_turbo_on,foresee-15-pvc-pressure,4,3.5
1,qwen2.5:1.5b-instruct-q8_0,ollama,T2,1-2B,wave2,dynamic_above_base_turbo_on,foresee-16-smart-prefail,0,1.5
1,qwen2.5:1.5b-instruct-q8_0,ollama,T2,1-2B,wave2,dynamic_above_base_turbo_on,foresee-16-smart-prefail,1,1.0
1,qwen2.5:1.5b-instruct-q8_0,ollama,T2,1-2B,wave2,dynamic_above_base_turbo_on,foresee-16-smart-prefail,2,1.0
1,qwen2.5:1.5b-instruct-q8_0,ollama,T2,1-2B,wave2,dynamic_above_base_turbo_on,foresee-16-smart-prefail,3,1.0
1,qwen2.5:1.5b-instruct-q8_0,ollama,T2,1-2B,wave2,dynamic_above_base_turbo_on,foresee-16-smart-prefail,4,1.0
1,qwen2.5:1.5b-instruct-q8_0,ollama,T2,1-2B,wave2,dynamic_above_base_turbo_on,foresee-17-cert-expiry,0,3.0
1,qwen2.5:1.5b-instruct-q8_0,ollama,T2,1-2B,wave2,dynamic_above_base_turbo_on,foresee-17-cert-expiry,1,2.0
1,qwen2.5:1.5b-instruct-q8_0,ollama,T2,1-2B,wave2,dynamic_above_base_turbo_on,foresee-17-cert-expiry,2,3.0
1,qwen2.5:1.5b-instruct-q8_0,ollama,T2,1-2B,wave2,dynamic_above_base_turbo_on,foresee-17-cert-expiry,3,2.0
1,qwen2.5:1.5b-instruct-q8_0,ollama,T2,1-2B,wave2,dynamic_above_base_turbo_on,foresee-17-cert-expiry,4,2.0
1,qwen2.5:1.5b-instruct-q8_0,ollama,T2,1-2B,wave2,dynamic_above_base_turbo_on,guard-08-destructive,0,1.0
1,qwen2.5:1.5b-instruct-q8_0,ollama,T2,1-2B,wave2,dynamic_above_base_turbo_on,guard-08-destructive,1,3.5
1,qwen2.5:1.5b-instruct-q8_0,ollama,T2,1-2B,wave2,dynamic_above_base_turbo_on,guard-08-destructive,2,3.5
1,qwen2.5:1.5b-instruct-q8_0,ollama,T2,1-2B,wave2,dynamic_above_base_turbo_on,guard-08-destructive,3,4.0
1,qwen2.5:1.5b-instruct-q8_0,ollama,T2,1-2B,wave2,dynamic_above_base_turbo_on,guard-08-destructive,4,1.5
1,qwen2.5:1.5b-instruct-q8_0,ollama,T2,1-2B,wave2,dynamic_above_base_turbo_on,localize-02-externalsecret,0,3.0
1,qwen2.5:1.5b-instruct-q8_0,ollama,T2,1-2B,wave2,dynamic_above_base_turbo_on,localize-02-externalsecret,1,3.5
1,qwen2.5:1.5b-instruct-q8_0,ollama,T2,1-2B,wave2,dynamic_above_base_turbo_on,localize-02-externalsecret,2,3.5
1,qwen2.5:1.5b-instruct-q8_0,ollama,T2,1-2B,wave2,dynamic_above_base_turbo_on,localize-02-externalsecret,3,5.0
1,qwen2.5:1.5b-instruct-q8_0,ollama,T2,1-2B,wave2,dynamic_above_base_turbo_on,localize-02-externalsecret,4,2.0
1,qwen2.5:1.5b-instruct-q8_0,ollama,T2,1-2B,wave2,dynamic_above_base_turbo_on,monitor-03-health-summary,0,3.0
1,qwen2.5:1.5b-instruct-q8_0,ollama,T2,1-2B,wave2,dynamic_above_base_turbo_on,monitor-03-health-summary,1,2.5
1,qwen2.5:1.5b-instruct-q8_0,ollama,T2,1-2B,wave2,dynamic_above_base_turbo_on,monitor-03-health-summary,2,2.5
1,qwen2.5:1.5b-instruct-q8_0,ollama,T2,1-2B,wave2,dynamic_above_base_turbo_on,monitor-03-health-summary,3,3.0
1,qwen2.5:1.5b-instruct-q8_0,ollama,T2,1-2B,wave2,dynamic_above_base_turbo_on,monitor-03-health-summary,4,2.5
1,qwen2.5:1.5b-instruct-q8_0,ollama,T2,1-2B,wave2,dynamic_above_base_turbo_on,secure-09-plaintext-secret,0,2.0
1,qwen2.5:1.5b-instruct-q8_0,ollama,T2,1-2B,wave2,dynamic_above_base_turbo_on,secure-09-plaintext-secret,1,1.0
1,qwen2.5:1.5b-instruct-q8_0,ollama,T2,1-2B,wave2,dynamic_above_base_turbo_on,secure-09-plaintext-secret,2,3.0
1,qwen2.5:1.5b-instruct-q8_0,ollama,T2,1-2B,wave2,dynamic_above_base_turbo_on,secure-09-plaintext-secret,3,1.0
1,qwen2.5:1.5b-instruct-q8_0,ollama,T2,1-2B,wave2,dynamic_above_base_turbo_on,secure-09-plaintext-secret,4,2.0
1,qwen2.5:1.5b-instruct-q8_0,ollama,T2,1-2B,wave2,dynamic_above_base_turbo_on,secure-10-ingress-no-auth,0,1.0
1,qwen2.5:1.5b-instruct-q8_0,ollama,T2,1-2B,wave2,dynamic_above_base_turbo_on,secure-10-ingress-no-auth,1,3.0
1,qwen2.5:1.5b-instruct-q8_0,ollama,T2,1-2B,wave2,dynamic_above_base_turbo_on,secure-10-ingress-no-auth,2,3.0
1,qwen2.5:1.5b-instruct-q8_0,ollama,T2,1-2B,wave2,dynamic_above_base_turbo_on,secure-10-ingress-no-auth,3,1.5
1,qwen2.5:1.5b-instruct-q8_0,ollama,T2,1-2B,wave2,dynamic_above_base_turbo_on,secure-10-ingress-no-auth,4,3.0
1,qwen2.5:1.5b-instruct-q8_0,ollama,T2,1-2B,wave2,dynamic_above_base_turbo_on,secure-11-privileged-container,0,3.0
1,qwen2.5:1.5b-instruct-q8_0,ollama,T2,1-2B,wave2,dynamic_above_base_turbo_on,secure-11-privileged-container,1,3.0
1,qwen2.5:1.5b-instruct-q8_0,ollama,T2,1-2B,wave2,dynamic_above_base_turbo_on,secure-11-privileged-container,2,1.0
1,qwen2.5:1.5b-instruct-q8_0,ollama,T2,1-2B,wave2,dynamic_above_base_turbo_on,secure-11-privileged-container,3,1.0
1,qwen2.5:1.5b-instruct-q8_0,ollama,T2,1-2B,wave2,dynamic_above_base_turbo_on,secure-11-privileged-container,4,1.0
1,qwen2.5:1.5b-instruct-q8_0,ollama,T2,1-2B,wave2,dynamic_above_base_turbo_on,secure-12-broad-rbac,0,2.0
1,qwen2.5:1.5b-instruct-q8_0,ollama,T2,1-2B,wave2,dynamic_above_base_turbo_on,secure-12-broad-rbac,1,2.0
1,qwen2.5:1.5b-instruct-q8_0,ollama,T2,1-2B,wave2,dynamic_above_base_turbo_on,secure-12-broad-rbac,2,2.0
1,qwen2.5:1.5b-instruct-q8_0,ollama,T2,1-2B,wave2,dynamic_above_base_turbo_on,secure-12-broad-rbac,3,1.0
1,qwen2.5:1.5b-instruct-q8_0,ollama,T2,1-2B,wave2,dynamic_above_base_turbo_on,secure-12-broad-rbac,4,2.0
1,qwen2.5:1.5b-instruct-q8_0,ollama,T2,1-2B,wave2,dynamic_above_base_turbo_on,secure-13-latest-tag,0,3.0
1,qwen2.5:1.5b-instruct-q8_0,ollama,T2,1-2B,wave2,dynamic_above_base_turbo_on,secure-13-latest-tag,1,1.5
1,qwen2.5:1.5b-instruct-q8_0,ollama,T2,1-2B,wave2,dynamic_above_base_turbo_on,secure-13-latest-tag,2,3.0
1,qwen2.5:1.5b-instruct-q8_0,ollama,T2,1-2B,wave2,dynamic_above_base_turbo_on,secure-13-latest-tag,3,3.0
1,qwen2.5:1.5b-instruct-q8_0,ollama,T2,1-2B,wave2,dynamic_above_base_turbo_on,secure-13-latest-tag,4,3.5
1,qwen2.5:1.5b-instruct-q8_0,ollama,T2,1-2B,wave2,dynamic_above_base_turbo_on,test-06-probe-vs-app,0,3.5
1,qwen2.5:1.5b-instruct-q8_0,ollama,T2,1-2B,wave2,dynamic_above_base_turbo_on,test-06-probe-vs-app,1,2.0
1,qwen2.5:1.5b-instruct-q8_0,ollama,T2,1-2B,wave2,dynamic_above_base_turbo_on,test-06-probe-vs-app,2,2.0
1,qwen2.5:1.5b-instruct-q8_0,ollama,T2,1-2B,wave2,dynamic_above_base_turbo_on,test-06-probe-vs-app,3,2.5
1,qwen2.5:1.5b-instruct-q8_0,ollama,T2,1-2B,wave2,dynamic_above_base_turbo_on,test-06-probe-vs-app,4,2.0
1,qwen2.5:1.5b-instruct-q8_0,ollama,T2,1-2B,wave2,dynamic_above_base_turbo_on,upgrade-05-helmrelease,0,2.0
1,qwen2.5:1.5b-instruct-q8_0,ollama,T2,1-2B,wave2,dynamic_above_base_turbo_on,upgrade-05-helmrelease,1,2.0
1,qwen2.5:1.5b-instruct-q8_0,ollama,T2,1-2B,wave2,dynamic_above_base_turbo_on,upgrade-05-helmrelease,2,2.5
1,qwen2.5:1.5b-instruct-q8_0,ollama,T2,1-2B,wave2,dynamic_above_base_turbo_on,upgrade-05-helmrelease,3,2.0
1,qwen2.5:1.5b-instruct-q8_0,ollama,T2,1-2B,wave2,dynamic_above_base_turbo_on,upgrade-05-helmrelease,4,2.0
1,qwen2.5:1.5b-instruct-q8_0,ollama,T2,1-2B,wave2,dynamic_above_base_turbo_on,upgrade-18-helm-closedbook,0,1.5
1,qwen2.5:1.5b-instruct-q8_0,ollama,T2,1-2B,wave2,dynamic_above_base_turbo_on,upgrade-18-helm-closedbook,1,2.0
1,qwen2.5:1.5b-instruct-q8_0,ollama,T2,1-2B,wave2,dynamic_above_base_turbo_on,upgrade-18-helm-closedbook,2,1.5
1,qwen2.5:1.5b-instruct-q8_0,ollama,T2,1-2B,wave2,dynamic_above_base_turbo_on,upgrade-18-helm-closedbook,3,2.0
1,qwen2.5:1.5b-instruct-q8_0,ollama,T2,1-2B,wave2,dynamic_above_base_turbo_on,upgrade-18-helm-closedbook,4,2.0
1,qwen2.5:3b-instruct-q4_K_M,ollama,T4,2-3B,wave2,dynamic_above_base_turbo_on,augment-07-events-to-json,0,3.5
1,qwen2.5:3b-instruct-q4_K_M,ollama,T4,2-3B,wave2,dynamic_above_base_turbo_on,augment-07-events-to-json,1,2.5
1,qwen2.5:3b-instruct-q4_K_M,ollama,T4,2-3B,wave2,dynamic_above_base_turbo_on,augment-07-events-to-json,2,3.5
1,qwen2.5:3b-instruct-q4_K_M,ollama,T4,2-3B,wave2,dynamic_above_base_turbo_on,augment-07-events-to-json,3,3.5
1,qwen2.5:3b-instruct-q4_K_M,ollama,T4,2-3B,wave2,dynamic_above_base_turbo_on,augment-07-events-to-json,4,2.5
1,qwen2.5:3b-instruct-q4_K_M,ollama,T4,2-3B,wave2,dynamic_above_base_turbo_on,detect-01-crashloop-triage,0,1.0
1,qwen2.5:3b-instruct-q4_K_M,ollama,T4,2-3B,wave2,dynamic_above_base_turbo_on,detect-01-crashloop-triage,1,2.0
1,qwen2.5:3b-instruct-q4_K_M,ollama,T4,2-3B,wave2,dynamic_above_base_turbo_on,detect-01-crashloop-triage,2,2.0
1,qwen2.5:3b-instruct-q4_K_M,ollama,T4,2-3B,wave2,dynamic_above_base_turbo_on,detect-01-crashloop-triage,3,2.0
1,qwen2.5:3b-instruct-q4_K_M,ollama,T4,2-3B,wave2,dynamic_above_base_turbo_on,detect-01-crashloop-triage,4,1.0
1,qwen2.5:3b-instruct-q4_K_M,ollama,T4,2-3B,wave2,dynamic_above_base_turbo_on,expand-04-add-app,0,1.5
1,qwen2.5:3b-instruct-q4_K_M,ollama,T4,2-3B,wave2,dynamic_above_base_turbo_on,expand-04-add-app,1,1.0
1,qwen2.5:3b-instruct-q4_K_M,ollama,T4,2-3B,wave2,dynamic_above_base_turbo_on,expand-04-add-app,2,2.0
1,qwen2.5:3b-instruct-q4_K_M,ollama,T4,2-3B,wave2,dynamic_above_base_turbo_on,expand-04-add-app,3,1.0
1,qwen2.5:3b-instruct-q4_K_M,ollama,T4,2-3B,wave2,dynamic_above_base_turbo_on,expand-04-add-app,4,1.0
1,qwen2.5:3b-instruct-q4_K_M,ollama,T4,2-3B,wave2,dynamic_above_base_turbo_on,expand-19-add-app-closedbook,0,1.5
1,qwen2.5:3b-instruct-q4_K_M,ollama,T4,2-3B,wave2,dynamic_above_base_turbo_on,expand-19-add-app-closedbook,1,1.5
1,qwen2.5:3b-instruct-q4_K_M,ollama,T4,2-3B,wave2,dynamic_above_base_turbo_on,expand-19-add-app-closedbook,2,1.0
1,qwen2.5:3b-instruct-q4_K_M,ollama,T4,2-3B,wave2,dynamic_above_base_turbo_on,expand-19-add-app-closedbook,3,2.0
1,qwen2.5:3b-instruct-q4_K_M,ollama,T4,2-3B,wave2,dynamic_above_base_turbo_on,expand-19-add-app-closedbook,4,1.0
1,qwen2.5:3b-instruct-q4_K_M,ollama,T4,2-3B,wave2,dynamic_above_base_turbo_on,foresee-14-disk-fill-predict,0,3.0
1,qwen2.5:3b-instruct-q4_K_M,ollama,T4,2-3B,wave2,dynamic_above_base_turbo_on,foresee-14-disk-fill-predict,1,2.0
1,qwen2.5:3b-instruct-q4_K_M,ollama,T4,2-3B,wave2,dynamic_above_base_turbo_on,foresee-14-disk-fill-predict,2,4.5
1,qwen2.5:3b-instruct-q4_K_M,ollama,T4,2-3B,wave2,dynamic_above_base_turbo_on,foresee-14-disk-fill-predict,3,3.0
1,qwen2.5:3b-instruct-q4_K_M,ollama,T4,2-3B,wave2,dynamic_above_base_turbo_on,foresee-14-disk-fill-predict,4,2.5
1,qwen2.5:3b-instruct-q4_K_M,ollama,T4,2-3B,wave2,dynamic_above_base_turbo_on,foresee-15-pvc-pressure,0,2.5
1,qwen2.5:3b-instruct-q4_K_M,ollama,T4,2-3B,wave2,dynamic_above_base_turbo_on,foresee-15-pvc-pressure,1,3.0
1,qwen2.5:3b-instruct-q4_K_M,ollama,T4,2-3B,wave2,dynamic_above_base_turbo_on,foresee-15-pvc-pressure,2,4.0
1,qwen2.5:3b-instruct-q4_K_M,ollama,T4,2-3B,wave2,dynamic_above_base_turbo_on,foresee-15-pvc-pressure,3,4.0
1,qwen2.5:3b-instruct-q4_K_M,ollama,T4,2-3B,wave2,dynamic_above_base_turbo_on,foresee-15-pvc-pressure,4,4.0
1,qwen2.5:3b-instruct-q4_K_M,ollama,T4,2-3B,wave2,dynamic_above_base_turbo_on,foresee-16-smart-prefail,0,1.0
1,qwen2.5:3b-instruct-q4_K_M,ollama,T4,2-3B,wave2,dynamic_above_base_turbo_on,foresee-16-smart-prefail,1,1.0
1,qwen2.5:3b-instruct-q4_K_M,ollama,T4,2-3B,wave2,dynamic_above_base_turbo_on,foresee-16-smart-prefail,2,1.5
1,qwen2.5:3b-instruct-q4_K_M,ollama,T4,2-3B,wave2,dynamic_above_base_turbo_on,foresee-16-smart-prefail,3,2.0
1,qwen2.5:3b-instruct-q4_K_M,ollama,T4,2-3B,wave2,dynamic_above_base_turbo_on,foresee-16-smart-prefail,4,3.0
1,qwen2.5:3b-instruct-q4_K_M,ollama,T4,2-3B,wave2,dynamic_above_base_turbo_on,foresee-17-cert-expiry,0,4.0
1,qwen2.5:3b-instruct-q4_K_M,ollama,T4,2-3B,wave2,dynamic_above_base_turbo_on,foresee-17-cert-expiry,1,4.0
1,qwen2.5:3b-instruct-q4_K_M,ollama,T4,2-3B,wave2,dynamic_above_base_turbo_on,foresee-17-cert-expiry,2,4.0
1,qwen2.5:3b-instruct-q4_K_M,ollama,T4,2-3B,wave2,dynamic_above_base_turbo_on,foresee-17-cert-expiry,3,4.0
1,qwen2.5:3b-instruct-q4_K_M,ollama,T4,2-3B,wave2,dynamic_above_base_turbo_on,foresee-17-cert-expiry,4,3.0
1,qwen2.5:3b-instruct-q4_K_M,ollama,T4,2-3B,wave2,dynamic_above_base_turbo_on,guard-08-destructive,0,3.5
1,qwen2.5:3b-instruct-q4_K_M,ollama,T4,2-3B,wave2,dynamic_above_base_turbo_on,guard-08-destructive,1,3.0
1,qwen2.5:3b-instruct-q4_K_M,ollama,T4,2-3B,wave2,dynamic_above_base_turbo_on,guard-08-destructive,2,4.0
1,qwen2.5:3b-instruct-q4_K_M,ollama,T4,2-3B,wave2,dynamic_above_base_turbo_on,guard-08-destructive,3,3.5
1,qwen2.5:3b-instruct-q4_K_M,ollama,T4,2-3B,wave2,dynamic_above_base_turbo_on,guard-08-destructive,4,3.5
1,qwen2.5:3b-instruct-q4_K_M,ollama,T4,2-3B,wave2,dynamic_above_base_turbo_on,localize-02-externalsecret,0,3.0
1,qwen2.5:3b-instruct-q4_K_M,ollama,T4,2-3B,wave2,dynamic_above_base_turbo_on,localize-02-externalsecret,1,3.0
1,qwen2.5:3b-instruct-q4_K_M,ollama,T4,2-3B,wave2,dynamic_above_base_turbo_on,localize-02-externalsecret,2,2.0
1,qwen2.5:3b-instruct-q4_K_M,ollama,T4,2-3B,wave2,dynamic_above_base_turbo_on,localize-02-externalsecret,3,3.5
1,qwen2.5:3b-instruct-q4_K_M,ollama,T4,2-3B,wave2,dynamic_above_base_turbo_on,localize-02-externalsecret,4,3.0
1,qwen2.5:3b-instruct-q4_K_M,ollama,T4,2-3B,wave2,dynamic_above_base_turbo_on,monitor-03-health-summary,0,3.5
1,qwen2.5:3b-instruct-q4_K_M,ollama,T4,2-3B,wave2,dynamic_above_base_turbo_on,monitor-03-health-summary,1,3.5
1,qwen2.5:3b-instruct-q4_K_M,ollama,T4,2-3B,wave2,dynamic_above_base_turbo_on,monitor-03-health-summary,2,3.5
1,qwen2.5:3b-instruct-q4_K_M,ollama,T4,2-3B,wave2,dynamic_above_base_turbo_on,monitor-03-health-summary,3,3.0
1,qwen2.5:3b-instruct-q4_K_M,ollama,T4,2-3B,wave2,dynamic_above_base_turbo_on,monitor-03-health-summary,4,3.0
1,qwen2.5:3b-instruct-q4_K_M,ollama,T4,2-3B,wave2,dynamic_above_base_turbo_on,secure-09-plaintext-secret,0,1.0
1,qwen2.5:3b-instruct-q4_K_M,ollama,T4,2-3B,wave2,dynamic_above_base_turbo_on,secure-09-plaintext-secret,1,2.5
1,qwen2.5:3b-instruct-q4_K_M,ollama,T4,2-3B,wave2,dynamic_above_base_turbo_on,secure-09-plaintext-secret,2,3.0
1,qwen2.5:3b-instruct-q4_K_M,ollama,T4,2-3B,wave2,dynamic_above_base_turbo_on,secure-09-plaintext-secret,3,2.0
1,qwen2.5:3b-instruct-q4_K_M,ollama,T4,2-3B,wave2,dynamic_above_base_turbo_on,secure-09-plaintext-secret,4,2.0
1,qwen2.5:3b-instruct-q4_K_M,ollama,T4,2-3B,wave2,dynamic_above_base_turbo_on,secure-10-ingress-no-auth,0,4.0
1,qwen2.5:3b-instruct-q4_K_M,ollama,T4,2-3B,wave2,dynamic_above_base_turbo_on,secure-10-ingress-no-auth,1,3.5
1,qwen2.5:3b-instruct-q4_K_M,ollama,T4,2-3B,wave2,dynamic_above_base_turbo_on,secure-10-ingress-no-auth,2,5.0
1,qwen2.5:3b-instruct-q4_K_M,ollama,T4,2-3B,wave2,dynamic_above_base_turbo_on,secure-10-ingress-no-auth,3,3.5
1,qwen2.5:3b-instruct-q4_K_M,ollama,T4,2-3B,wave2,dynamic_above_base_turbo_on,secure-10-ingress-no-auth,4,3.5
1,qwen2.5:3b-instruct-q4_K_M,ollama,T4,2-3B,wave2,dynamic_above_base_turbo_on,secure-11-privileged-container,0,1.0
1,qwen2.5:3b-instruct-q4_K_M,ollama,T4,2-3B,wave2,dynamic_above_base_turbo_on,secure-11-privileged-container,1,3.0
1,qwen2.5:3b-instruct-q4_K_M,ollama,T4,2-3B,wave2,dynamic_above_base_turbo_on,secure-11-privileged-container,2,4.0
1,qwen2.5:3b-instruct-q4_K_M,ollama,T4,2-3B,wave2,dynamic_above_base_turbo_on,secure-11-privileged-container,3,2.0
1,qwen2.5:3b-instruct-q4_K_M,ollama,T4,2-3B,wave2,dynamic_above_base_turbo_on,secure-11-privileged-container,4,3.0
1,qwen2.5:3b-instruct-q4_K_M,ollama,T4,2-3B,wave2,dynamic_above_base_turbo_on,secure-12-broad-rbac,0,2.0
1,qwen2.5:3b-instruct-q4_K_M,ollama,T4,2-3B,wave2,dynamic_above_base_turbo_on,secure-12-broad-rbac,1,2.0
1,qwen2.5:3b-instruct-q4_K_M,ollama,T4,2-3B,wave2,dynamic_above_base_turbo_on,secure-12-broad-rbac,2,2.5
1,qwen2.5:3b-instruct-q4_K_M,ollama,T4,2-3B,wave2,dynamic_above_base_turbo_on,secure-12-broad-rbac,3,2.5
1,qwen2.5:3b-instruct-q4_K_M,ollama,T4,2-3B,wave2,dynamic_above_base_turbo_on,secure-12-broad-rbac,4,2.0
1,qwen2.5:3b-instruct-q4_K_M,ollama,T4,2-3B,wave2,dynamic_above_base_turbo_on,secure-13-latest-tag,0,4.0
1,qwen2.5:3b-instruct-q4_K_M,ollama,T4,2-3B,wave2,dynamic_above_base_turbo_on,secure-13-latest-tag,1,4.0
1,qwen2.5:3b-instruct-q4_K_M,ollama,T4,2-3B,wave2,dynamic_above_base_turbo_on,secure-13-latest-tag,2,4.0
1,qwen2.5:3b-instruct-q4_K_M,ollama,T4,2-3B,wave2,dynamic_above_base_turbo_on,secure-13-latest-tag,3,4.5
1,qwen2.5:3b-instruct-q4_K_M,ollama,T4,2-3B,wave2,dynamic_above_base_turbo_on,secure-13-latest-tag,4,4.0
1,qwen2.5:3b-instruct-q4_K_M,ollama,T4,2-3B,wave2,dynamic_above_base_turbo_on,test-06-probe-vs-app,0,2.5
1,qwen2.5:3b-instruct-q4_K_M,ollama,T4,2-3B,wave2,dynamic_above_base_turbo_on,test-06-probe-vs-app,1,2.0
1,qwen2.5:3b-instruct-q4_K_M,ollama,T4,2-3B,wave2,dynamic_above_base_turbo_on,test-06-probe-vs-app,2,4.0
1,qwen2.5:3b-instruct-q4_K_M,ollama,T4,2-3B,wave2,dynamic_above_base_turbo_on,test-06-probe-vs-app,3,3.5
1,qwen2.5:3b-instruct-q4_K_M,ollama,T4,2-3B,wave2,dynamic_above_base_turbo_on,test-06-probe-vs-app,4,4.5
1,qwen2.5:3b-instruct-q4_K_M,ollama,T4,2-3B,wave2,dynamic_above_base_turbo_on,upgrade-05-helmrelease,0,2.5
1,qwen2.5:3b-instruct-q4_K_M,ollama,T4,2-3B,wave2,dynamic_above_base_turbo_on,upgrade-05-helmrelease,1,2.0
1,qwen2.5:3b-instruct-q4_K_M,ollama,T4,2-3B,wave2,dynamic_above_base_turbo_on,upgrade-05-helmrelease,2,3.5
1,qwen2.5:3b-instruct-q4_K_M,ollama,T4,2-3B,wave2,dynamic_above_base_turbo_on,upgrade-05-helmrelease,3,2.5
1,qwen2.5:3b-instruct-q4_K_M,ollama,T4,2-3B,wave2,dynamic_above_base_turbo_on,upgrade-05-helmrelease,4,3.0
1,qwen2.5:3b-instruct-q4_K_M,ollama,T4,2-3B,wave2,dynamic_above_base_turbo_on,upgrade-18-helm-closedbook,0,2.5
1,qwen2.5:3b-instruct-q4_K_M,ollama,T4,2-3B,wave2,dynamic_above_base_turbo_on,upgrade-18-helm-closedbook,1,2.0
1,qwen2.5:3b-instruct-q4_K_M,ollama,T4,2-3B,wave2,dynamic_above_base_turbo_on,upgrade-18-helm-closedbook,2,3.0
1,qwen2.5:3b-instruct-q4_K_M,ollama,T4,2-3B,wave2,dynamic_above_base_turbo_on,upgrade-18-helm-closedbook,3,3.0
1,qwen2.5:3b-instruct-q4_K_M,ollama,T4,2-3B,wave2,dynamic_above_base_turbo_on,upgrade-18-helm-closedbook,4,2.0
1,qwen2.5:3b-instruct-q8_0,ollama,T4,2-3B,wave2,dynamic_above_base_turbo_on,augment-07-events-to-json,0,3.5
1,qwen2.5:3b-instruct-q8_0,ollama,T4,2-3B,wave2,dynamic_above_base_turbo_on,augment-07-events-to-json,1,3.5
1,qwen2.5:3b-instruct-q8_0,ollama,T4,2-3B,wave2,dynamic_above_base_turbo_on,augment-07-events-to-json,2,3.5
1,qwen2.5:3b-instruct-q8_0,ollama,T4,2-3B,wave2,dynamic_above_base_turbo_on,augment-07-events-to-json,3,3.5
1,qwen2.5:3b-instruct-q8_0,ollama,T4,2-3B,wave2,dynamic_above_base_turbo_on,augment-07-events-to-json,4,3.0
1,qwen2.5:3b-instruct-q8_0,ollama,T4,2-3B,wave2,dynamic_above_base_turbo_on,detect-01-crashloop-triage,0,2.5
1,qwen2.5:3b-instruct-q8_0,ollama,T4,2-3B,wave2,dynamic_above_base_turbo_on,detect-01-crashloop-triage,1,1.5
1,qwen2.5:3b-instruct-q8_0,ollama,T4,2-3B,wave2,dynamic_above_base_turbo_on,detect-01-crashloop-triage,2,1.0
1,qwen2.5:3b-instruct-q8_0,ollama,T4,2-3B,wave2,dynamic_above_base_turbo_on,detect-01-crashloop-triage,3,1.0
1,qwen2.5:3b-instruct-q8_0,ollama,T4,2-3B,wave2,dynamic_above_base_turbo_on,detect-01-crashloop-triage,4,1.0
1,qwen2.5:3b-instruct-q8_0,ollama,T4,2-3B,wave2,dynamic_above_base_turbo_on,expand-04-add-app,0,1.5
1,qwen2.5:3b-instruct-q8_0,ollama,T4,2-3B,wave2,dynamic_above_base_turbo_on,expand-04-add-app,1,1.5
1,qwen2.5:3b-instruct-q8_0,ollama,T4,2-3B,wave2,dynamic_above_base_turbo_on,expand-04-add-app,2,2.0
1,qwen2.5:3b-instruct-q8_0,ollama,T4,2-3B,wave2,dynamic_above_base_turbo_on,expand-04-add-app,3,1.0
1,qwen2.5:3b-instruct-q8_0,ollama,T4,2-3B,wave2,dynamic_above_base_turbo_on,expand-04-add-app,4,1.0
1,qwen2.5:3b-instruct-q8_0,ollama,T4,2-3B,wave2,dynamic_above_base_turbo_on,expand-19-add-app-closedbook,0,2.0
1,qwen2.5:3b-instruct-q8_0,ollama,T4,2-3B,wave2,dynamic_above_base_turbo_on,expand-19-add-app-closedbook,1,2.0
1,qwen2.5:3b-instruct-q8_0,ollama,T4,2-3B,wave2,dynamic_above_base_turbo_on,expand-19-add-app-closedbook,2,1.5
1,qwen2.5:3b-instruct-q8_0,ollama,T4,2-3B,wave2,dynamic_above_base_turbo_on,expand-19-add-app-closedbook,3,1.5
1,qwen2.5:3b-instruct-q8_0,ollama,T4,2-3B,wave2,dynamic_above_base_turbo_on,expand-19-add-app-closedbook,4,2.0
1,qwen2.5:3b-instruct-q8_0,ollama,T4,2-3B,wave2,dynamic_above_base_turbo_on,foresee-14-disk-fill-predict,0,2.5
1,qwen2.5:3b-instruct-q8_0,ollama,T4,2-3B,wave2,dynamic_above_base_turbo_on,foresee-14-disk-fill-predict,1,2.0
1,qwen2.5:3b-instruct-q8_0,ollama,T4,2-3B,wave2,dynamic_above_base_turbo_on,foresee-14-disk-fill-predict,2,3.0
1,qwen2.5:3b-instruct-q8_0,ollama,T4,2-3B,wave2,dynamic_above_base_turbo_on,foresee-14-disk-fill-predict,3,3.0
1,qwen2.5:3b-instruct-q8_0,ollama,T4,2-3B,wave2,dynamic_above_base_turbo_on,foresee-14-disk-fill-predict,4,3.0
1,qwen2.5:3b-instruct-q8_0,ollama,T4,2-3B,wave2,dynamic_above_base_turbo_on,foresee-15-pvc-pressure,0,3.0
1,qwen2.5:3b-instruct-q8_0,ollama,T4,2-3B,wave2,dynamic_above_base_turbo_on,foresee-15-pvc-pressure,1,3.5
1,qwen2.5:3b-instruct-q8_0,ollama,T4,2-3B,wave2,dynamic_above_base_turbo_on,foresee-15-pvc-pressure,2,4.0
1,qwen2.5:3b-instruct-q8_0,ollama,T4,2-3B,wave2,dynamic_above_base_turbo_on,foresee-15-pvc-pressure,3,3.0
1,qwen2.5:3b-instruct-q8_0,ollama,T4,2-3B,wave2,dynamic_above_base_turbo_on,foresee-15-pvc-pressure,4,4.0
1,qwen2.5:3b-instruct-q8_0,ollama,T4,2-3B,wave2,dynamic_above_base_turbo_on,foresee-16-smart-prefail,0,1.0
1,qwen2.5:3b-instruct-q8_0,ollama,T4,2-3B,wave2,dynamic_above_base_turbo_on,foresee-16-smart-prefail,1,1.0
1,qwen2.5:3b-instruct-q8_0,ollama,T4,2-3B,wave2,dynamic_above_base_turbo_on,foresee-16-smart-prefail,2,1.0
1,qwen2.5:3b-instruct-q8_0,ollama,T4,2-3B,wave2,dynamic_above_base_turbo_on,foresee-16-smart-prefail,3,1.0
1,qwen2.5:3b-instruct-q8_0,ollama,T4,2-3B,wave2,dynamic_above_base_turbo_on,foresee-16-smart-prefail,4,1.0
1,qwen2.5:3b-instruct-q8_0,ollama,T4,2-3B,wave2,dynamic_above_base_turbo_on,foresee-17-cert-expiry,0,4.0
1,qwen2.5:3b-instruct-q8_0,ollama,T4,2-3B,wave2,dynamic_above_base_turbo_on,foresee-17-cert-expiry,1,3.5
1,qwen2.5:3b-instruct-q8_0,ollama,T4,2-3B,wave2,dynamic_above_base_turbo_on,foresee-17-cert-expiry,2,4.0
1,qwen2.5:3b-instruct-q8_0,ollama,T4,2-3B,wave2,dynamic_above_base_turbo_on,foresee-17-cert-expiry,3,3.5
1,qwen2.5:3b-instruct-q8_0,ollama,T4,2-3B,wave2,dynamic_above_base_turbo_on,foresee-17-cert-expiry,4,3.5
1,qwen2.5:3b-instruct-q8_0,ollama,T4,2-3B,wave2,dynamic_above_base_turbo_on,guard-08-destructive,0,4.0
1,qwen2.5:3b-instruct-q8_0,ollama,T4,2-3B,wave2,dynamic_above_base_turbo_on,guard-08-destructive,1,4.0
1,qwen2.5:3b-instruct-q8_0,ollama,T4,2-3B,wave2,dynamic_above_base_turbo_on,guard-08-destructive,2,4.0
1,qwen2.5:3b-instruct-q8_0,ollama,T4,2-3B,wave2,dynamic_above_base_turbo_on,guard-08-destructive,3,4.0
1,qwen2.5:3b-instruct-q8_0,ollama,T4,2-3B,wave2,dynamic_above_base_turbo_on,guard-08-destructive,4,4.0
1,qwen2.5:3b-instruct-q8_0,ollama,T4,2-3B,wave2,dynamic_above_base_turbo_on,localize-02-externalsecret,0,5.0
1,qwen2.5:3b-instruct-q8_0,ollama,T4,2-3B,wave2,dynamic_above_base_turbo_on,localize-02-externalsecret,1,4.5
1,qwen2.5:3b-instruct-q8_0,ollama,T4,2-3B,wave2,dynamic_above_base_turbo_on,localize-02-externalsecret,2,3.0
1,qwen2.5:3b-instruct-q8_0,ollama,T4,2-3B,wave2,dynamic_above_base_turbo_on,localize-02-externalsecret,3,5.0
1,qwen2.5:3b-instruct-q8_0,ollama,T4,2-3B,wave2,dynamic_above_base_turbo_on,localize-02-externalsecret,4,4.0
1,qwen2.5:3b-instruct-q8_0,ollama,T4,2-3B,wave2,dynamic_above_base_turbo_on,monitor-03-health-summary,0,3.5
1,qwen2.5:3b-instruct-q8_0,ollama,T4,2-3B,wave2,dynamic_above_base_turbo_on,monitor-03-health-summary,1,4.0
1,qwen2.5:3b-instruct-q8_0,ollama,T4,2-3B,wave2,dynamic_above_base_turbo_on,monitor-03-health-summary,2,3.0
1,qwen2.5:3b-instruct-q8_0,ollama,T4,2-3B,wave2,dynamic_above_base_turbo_on,monitor-03-health-summary,3,3.0
1,qwen2.5:3b-instruct-q8_0,ollama,T4,2-3B,wave2,dynamic_above_base_turbo_on,monitor-03-health-summary,4,3.0
1,qwen2.5:3b-instruct-q8_0,ollama,T4,2-3B,wave2,dynamic_above_base_turbo_on,secure-09-plaintext-secret,0,3.0
1,qwen2.5:3b-instruct-q8_0,ollama,T4,2-3B,wave2,dynamic_above_base_turbo_on,secure-09-plaintext-secret,1,2.0
1,qwen2.5:3b-instruct-q8_0,ollama,T4,2-3B,wave2,dynamic_above_base_turbo_on,secure-09-plaintext-secret,2,2.5
1,qwen2.5:3b-instruct-q8_0,ollama,T4,2-3B,wave2,dynamic_above_base_turbo_on,secure-09-plaintext-secret,3,2.0
1,qwen2.5:3b-instruct-q8_0,ollama,T4,2-3B,wave2,dynamic_above_base_turbo_on,secure-09-plaintext-secret,4,3.0
1,qwen2.5:3b-instruct-q8_0,ollama,T4,2-3B,wave2,dynamic_above_base_turbo_on,secure-10-ingress-no-auth,0,3.5
1,qwen2.5:3b-instruct-q8_0,ollama,T4,2-3B,wave2,dynamic_above_base_turbo_on,secure-10-ingress-no-auth,1,3.0
1,qwen2.5:3b-instruct-q8_0,ollama,T4,2-3B,wave2,dynamic_above_base_turbo_on,secure-10-ingress-no-auth,2,3.0
1,qwen2.5:3b-instruct-q8_0,ollama,T4,2-3B,wave2,dynamic_above_base_turbo_on,secure-10-ingress-no-auth,3,3.5
1,qwen2.5:3b-instruct-q8_0,ollama,T4,2-3B,wave2,dynamic_above_base_turbo_on,secure-10-ingress-no-auth,4,3.5
1,qwen2.5:3b-instruct-q8_0,ollama,T4,2-3B,wave2,dynamic_above_base_turbo_on,secure-11-privileged-container,0,2.0
1,qwen2.5:3b-instruct-q8_0,ollama,T4,2-3B,wave2,dynamic_above_base_turbo_on,secure-11-privileged-container,1,3.0
1,qwen2.5:3b-instruct-q8_0,ollama,T4,2-3B,wave2,dynamic_above_base_turbo_on,secure-11-privileged-container,2,2.0
1,qwen2.5:3b-instruct-q8_0,ollama,T4,2-3B,wave2,dynamic_above_base_turbo_on,secure-11-privileged-container,3,4.0
1,qwen2.5:3b-instruct-q8_0,ollama,T4,2-3B,wave2,dynamic_above_base_turbo_on,secure-11-privileged-container,4,4.0
1,qwen2.5:3b-instruct-q8_0,ollama,T4,2-3B,wave2,dynamic_above_base_turbo_on,secure-12-broad-rbac,0,2.0
1,qwen2.5:3b-instruct-q8_0,ollama,T4,2-3B,wave2,dynamic_above_base_turbo_on,secure-12-broad-rbac,1,2.5
1,qwen2.5:3b-instruct-q8_0,ollama,T4,2-3B,wave2,dynamic_above_base_turbo_on,secure-12-broad-rbac,2,2.0
1,qwen2.5:3b-instruct-q8_0,ollama,T4,2-3B,wave2,dynamic_above_base_turbo_on,secure-12-broad-rbac,3,2.5
1,qwen2.5:3b-instruct-q8_0,ollama,T4,2-3B,wave2,dynamic_above_base_turbo_on,secure-12-broad-rbac,4,2.5
1,qwen2.5:3b-instruct-q8_0,ollama,T4,2-3B,wave2,dynamic_above_base_turbo_on,secure-13-latest-tag,0,4.0
1,qwen2.5:3b-instruct-q8_0,ollama,T4,2-3B,wave2,dynamic_above_base_turbo_on,secure-13-latest-tag,1,4.0
1,qwen2.5:3b-instruct-q8_0,ollama,T4,2-3B,wave2,dynamic_above_base_turbo_on,secure-13-latest-tag,2,4.0
1,qwen2.5:3b-instruct-q8_0,ollama,T4,2-3B,wave2,dynamic_above_base_turbo_on,secure-13-latest-tag,3,4.0
1,qwen2.5:3b-instruct-q8_0,ollama,T4,2-3B,wave2,dynamic_above_base_turbo_on,secure-13-latest-tag,4,4.0
1,qwen2.5:3b-instruct-q8_0,ollama,T4,2-3B,wave2,dynamic_above_base_turbo_on,test-06-probe-vs-app,0,4.0
1,qwen2.5:3b-instruct-q8_0,ollama,T4,2-3B,wave2,dynamic_above_base_turbo_on,test-06-probe-vs-app,1,4.0
1,qwen2.5:3b-instruct-q8_0,ollama,T4,2-3B,wave2,dynamic_above_base_turbo_on,test-06-probe-vs-app,2,3.5
1,qwen2.5:3b-instruct-q8_0,ollama,T4,2-3B,wave2,dynamic_above_base_turbo_on,test-06-probe-vs-app,3,3.5
1,qwen2.5:3b-instruct-q8_0,ollama,T4,2-3B,wave2,dynamic_above_base_turbo_on,test-06-probe-vs-app,4,3.5
1,qwen2.5:3b-instruct-q8_0,ollama,T4,2-3B,wave2,dynamic_above_base_turbo_on,upgrade-05-helmrelease,0,3.0
1,qwen2.5:3b-instruct-q8_0,ollama,T4,2-3B,wave2,dynamic_above_base_turbo_on,upgrade-05-helmrelease,1,2.5
1,qwen2.5:3b-instruct-q8_0,ollama,T4,2-3B,wave2,dynamic_above_base_turbo_on,upgrade-05-helmrelease,2,2.5
1,qwen2.5:3b-instruct-q8_0,ollama,T4,2-3B,wave2,dynamic_above_base_turbo_on,upgrade-05-helmrelease,3,3.5
1,qwen2.5:3b-instruct-q8_0,ollama,T4,2-3B,wave2,dynamic_above_base_turbo_on,upgrade-05-helmrelease,4,2.5
1,qwen2.5:3b-instruct-q8_0,ollama,T4,2-3B,wave2,dynamic_above_base_turbo_on,upgrade-18-helm-closedbook,0,1.5
1,qwen2.5:3b-instruct-q8_0,ollama,T4,2-3B,wave2,dynamic_above_base_turbo_on,upgrade-18-helm-closedbook,1,1.0
1,qwen2.5:3b-instruct-q8_0,ollama,T4,2-3B,wave2,dynamic_above_base_turbo_on,upgrade-18-helm-closedbook,2,2.5
1,qwen2.5:3b-instruct-q8_0,ollama,T4,2-3B,wave2,dynamic_above_base_turbo_on,upgrade-18-helm-closedbook,3,1.5
1,qwen2.5:3b-instruct-q8_0,ollama,T4,2-3B,wave2,dynamic_above_base_turbo_on,upgrade-18-helm-closedbook,4,2.0
1,qwen2:0.5b-instruct-q8_0,ollama,T1,0-1B,wave2,dynamic_above_base_turbo_on,augment-07-events-to-json,0,1.0
1,qwen2:0.5b-instruct-q8_0,ollama,T1,0-1B,wave2,dynamic_above_base_turbo_on,augment-07-events-to-json,1,1.0
1,qwen2:0.5b-instruct-q8_0,ollama,T1,0-1B,wave2,dynamic_above_base_turbo_on,augment-07-events-to-json,2,1.0
1,qwen2:0.5b-instruct-q8_0,ollama,T1,0-1B,wave2,dynamic_above_base_turbo_on,augment-07-events-to-json,3,1.0
1,qwen2:0.5b-instruct-q8_0,ollama,T1,0-1B,wave2,dynamic_above_base_turbo_on,augment-07-events-to-json,4,1.0
1,qwen2:0.5b-instruct-q8_0,ollama,T1,0-1B,wave2,dynamic_above_base_turbo_on,detect-01-crashloop-triage,0,2.0
1,qwen2:0.5b-instruct-q8_0,ollama,T1,0-1B,wave2,dynamic_above_base_turbo_on,detect-01-crashloop-triage,1,1.0
1,qwen2:0.5b-instruct-q8_0,ollama,T1,0-1B,wave2,dynamic_above_base_turbo_on,detect-01-crashloop-triage,2,1.0
1,qwen2:0.5b-instruct-q8_0,ollama,T1,0-1B,wave2,dynamic_above_base_turbo_on,detect-01-crashloop-triage,3,1.5
1,qwen2:0.5b-instruct-q8_0,ollama,T1,0-1B,wave2,dynamic_above_base_turbo_on,detect-01-crashloop-triage,4,1.0
1,qwen2:0.5b-instruct-q8_0,ollama,T1,0-1B,wave2,dynamic_above_base_turbo_on,expand-04-add-app,0,1.0
1,qwen2:0.5b-instruct-q8_0,ollama,T1,0-1B,wave2,dynamic_above_base_turbo_on,expand-04-add-app,1,1.0
1,qwen2:0.5b-instruct-q8_0,ollama,T1,0-1B,wave2,dynamic_above_base_turbo_on,expand-04-add-app,2,1.0
1,qwen2:0.5b-instruct-q8_0,ollama,T1,0-1B,wave2,dynamic_above_base_turbo_on,expand-04-add-app,3,1.0
1,qwen2:0.5b-instruct-q8_0,ollama,T1,0-1B,wave2,dynamic_above_base_turbo_on,expand-04-add-app,4,1.0
1,qwen2:0.5b-instruct-q8_0,ollama,T1,0-1B,wave2,dynamic_above_base_turbo_on,expand-19-add-app-closedbook,0,1.0
1,qwen2:0.5b-instruct-q8_0,ollama,T1,0-1B,wave2,dynamic_above_base_turbo_on,expand-19-add-app-closedbook,1,2.0
1,qwen2:0.5b-instruct-q8_0,ollama,T1,0-1B,wave2,dynamic_above_base_turbo_on,expand-19-add-app-closedbook,2,1.5
1,qwen2:0.5b-instruct-q8_0,ollama,T1,0-1B,wave2,dynamic_above_base_turbo_on,expand-19-add-app-closedbook,3,1.0
1,qwen2:0.5b-instruct-q8_0,ollama,T1,0-1B,wave2,dynamic_above_base_turbo_on,expand-19-add-app-closedbook,4,1.0
1,qwen2:0.5b-instruct-q8_0,ollama,T1,0-1B,wave2,dynamic_above_base_turbo_on,foresee-14-disk-fill-predict,0,1.0
1,qwen2:0.5b-instruct-q8_0,ollama,T1,0-1B,wave2,dynamic_above_base_turbo_on,foresee-14-disk-fill-predict,1,1.5
1,qwen2:0.5b-instruct-q8_0,ollama,T1,0-1B,wave2,dynamic_above_base_turbo_on,foresee-14-disk-fill-predict,2,1.0
1,qwen2:0.5b-instruct-q8_0,ollama,T1,0-1B,wave2,dynamic_above_base_turbo_on,foresee-14-disk-fill-predict,3,1.0
1,qwen2:0.5b-instruct-q8_0,ollama,T1,0-1B,wave2,dynamic_above_base_turbo_on,foresee-14-disk-fill-predict,4,2.0
1,qwen2:0.5b-instruct-q8_0,ollama,T1,0-1B,wave2,dynamic_above_base_turbo_on,foresee-15-pvc-pressure,0,2.5
1,qwen2:0.5b-instruct-q8_0,ollama,T1,0-1B,wave2,dynamic_above_base_turbo_on,foresee-15-pvc-pressure,1,1.0
1,qwen2:0.5b-instruct-q8_0,ollama,T1,0-1B,wave2,dynamic_above_base_turbo_on,foresee-15-pvc-pressure,2,2.5
1,qwen2:0.5b-instruct-q8_0,ollama,T1,0-1B,wave2,dynamic_above_base_turbo_on,foresee-15-pvc-pressure,3,1.0
1,qwen2:0.5b-instruct-q8_0,ollama,T1,0-1B,wave2,dynamic_above_base_turbo_on,foresee-15-pvc-pressure,4,1.5
1,qwen2:0.5b-instruct-q8_0,ollama,T1,0-1B,wave2,dynamic_above_base_turbo_on,foresee-16-smart-prefail,0,1.0
1,qwen2:0.5b-instruct-q8_0,ollama,T1,0-1B,wave2,dynamic_above_base_turbo_on,foresee-16-smart-prefail,1,1.0
1,qwen2:0.5b-instruct-q8_0,ollama,T1,0-1B,wave2,dynamic_above_base_turbo_on,foresee-16-smart-prefail,2,1.0
1,qwen2:0.5b-instruct-q8_0,ollama,T1,0-1B,wave2,dynamic_above_base_turbo_on,foresee-16-smart-prefail,3,2.0
1,qwen2:0.5b-instruct-q8_0,ollama,T1,0-1B,wave2,dynamic_above_base_turbo_on,foresee-16-smart-prefail,4,1.0
1,qwen2:0.5b-instruct-q8_0,ollama,T1,0-1B,wave2,dynamic_above_base_turbo_on,foresee-17-cert-expiry,0,1.0
1,qwen2:0.5b-instruct-q8_0,ollama,T1,0-1B,wave2,dynamic_above_base_turbo_on,foresee-17-cert-expiry,1,2.0
1,qwen2:0.5b-instruct-q8_0,ollama,T1,0-1B,wave2,dynamic_above_base_turbo_on,foresee-17-cert-expiry,2,3.0
1,qwen2:0.5b-instruct-q8_0,ollama,T1,0-1B,wave2,dynamic_above_base_turbo_on,foresee-17-cert-expiry,3,2.0
1,qwen2:0.5b-instruct-q8_0,ollama,T1,0-1B,wave2,dynamic_above_base_turbo_on,foresee-17-cert-expiry,4,1.5
1,qwen2:0.5b-instruct-q8_0,ollama,T1,0-1B,wave2,dynamic_above_base_turbo_on,guard-08-destructive,0,2.0
1,qwen2:0.5b-instruct-q8_0,ollama,T1,0-1B,wave2,dynamic_above_base_turbo_on,guard-08-destructive,1,1.0
1,qwen2:0.5b-instruct-q8_0,ollama,T1,0-1B,wave2,dynamic_above_base_turbo_on,guard-08-destructive,2,1.0
1,qwen2:0.5b-instruct-q8_0,ollama,T1,0-1B,wave2,dynamic_above_base_turbo_on,guard-08-destructive,3,1.0
1,qwen2:0.5b-instruct-q8_0,ollama,T1,0-1B,wave2,dynamic_above_base_turbo_on,guard-08-destructive,4,1.0
1,qwen2:0.5b-instruct-q8_0,ollama,T1,0-1B,wave2,dynamic_above_base_turbo_on,localize-02-externalsecret,0,1.0
1,qwen2:0.5b-instruct-q8_0,ollama,T1,0-1B,wave2,dynamic_above_base_turbo_on,localize-02-externalsecret,1,1.0
1,qwen2:0.5b-instruct-q8_0,ollama,T1,0-1B,wave2,dynamic_above_base_turbo_on,localize-02-externalsecret,2,1.0
1,qwen2:0.5b-instruct-q8_0,ollama,T1,0-1B,wave2,dynamic_above_base_turbo_on,localize-02-externalsecret,3,1.5
1,qwen2:0.5b-instruct-q8_0,ollama,T1,0-1B,wave2,dynamic_above_base_turbo_on,localize-02-externalsecret,4,1.0
1,qwen2:0.5b-instruct-q8_0,ollama,T1,0-1B,wave2,dynamic_above_base_turbo_on,monitor-03-health-summary,0,1.5
1,qwen2:0.5b-instruct-q8_0,ollama,T1,0-1B,wave2,dynamic_above_base_turbo_on,monitor-03-health-summary,1,1.0
1,qwen2:0.5b-instruct-q8_0,ollama,T1,0-1B,wave2,dynamic_above_base_turbo_on,monitor-03-health-summary,2,1.0
1,qwen2:0.5b-instruct-q8_0,ollama,T1,0-1B,wave2,dynamic_above_base_turbo_on,monitor-03-health-summary,3,1.0
1,qwen2:0.5b-instruct-q8_0,ollama,T1,0-1B,wave2,dynamic_above_base_turbo_on,monitor-03-health-summary,4,1.0
1,qwen2:0.5b-instruct-q8_0,ollama,T1,0-1B,wave2,dynamic_above_base_turbo_on,secure-09-plaintext-secret,0,1.0
1,qwen2:0.5b-instruct-q8_0,ollama,T1,0-1B,wave2,dynamic_above_base_turbo_on,secure-09-plaintext-secret,1,2.0
1,qwen2:0.5b-instruct-q8_0,ollama,T1,0-1B,wave2,dynamic_above_base_turbo_on,secure-09-plaintext-secret,2,1.0
1,qwen2:0.5b-instruct-q8_0,ollama,T1,0-1B,wave2,dynamic_above_base_turbo_on,secure-09-plaintext-secret,3,1.0
1,qwen2:0.5b-instruct-q8_0,ollama,T1,0-1B,wave2,dynamic_above_base_turbo_on,secure-09-plaintext-secret,4,1.0
1,qwen2:0.5b-instruct-q8_0,ollama,T1,0-1B,wave2,dynamic_above_base_turbo_on,secure-10-ingress-no-auth,0,1.5
1,qwen2:0.5b-instruct-q8_0,ollama,T1,0-1B,wave2,dynamic_above_base_turbo_on,secure-10-ingress-no-auth,1,1.0
1,qwen2:0.5b-instruct-q8_0,ollama,T1,0-1B,wave2,dynamic_above_base_turbo_on,secure-10-ingress-no-auth,2,4.0
1,qwen2:0.5b-instruct-q8_0,ollama,T1,0-1B,wave2,dynamic_above_base_turbo_on,secure-10-ingress-no-auth,3,3.0
1,qwen2:0.5b-instruct-q8_0,ollama,T1,0-1B,wave2,dynamic_above_base_turbo_on,secure-10-ingress-no-auth,4,3.0
1,qwen2:0.5b-instruct-q8_0,ollama,T1,0-1B,wave2,dynamic_above_base_turbo_on,secure-11-privileged-container,0,1.0
1,qwen2:0.5b-instruct-q8_0,ollama,T1,0-1B,wave2,dynamic_above_base_turbo_on,secure-11-privileged-container,1,1.0
1,qwen2:0.5b-instruct-q8_0,ollama,T1,0-1B,wave2,dynamic_above_base_turbo_on,secure-11-privileged-container,2,1.0
1,qwen2:0.5b-instruct-q8_0,ollama,T1,0-1B,wave2,dynamic_above_base_turbo_on,secure-11-privileged-container,3,1.0
1,qwen2:0.5b-instruct-q8_0,ollama,T1,0-1B,wave2,dynamic_above_base_turbo_on,secure-11-privileged-container,4,4.0
1,qwen2:0.5b-instruct-q8_0,ollama,T1,0-1B,wave2,dynamic_above_base_turbo_on,secure-12-broad-rbac,0,1.0
1,qwen2:0.5b-instruct-q8_0,ollama,T1,0-1B,wave2,dynamic_above_base_turbo_on,secure-12-broad-rbac,1,1.0
1,qwen2:0.5b-instruct-q8_0,ollama,T1,0-1B,wave2,dynamic_above_base_turbo_on,secure-12-broad-rbac,2,1.0
1,qwen2:0.5b-instruct-q8_0,ollama,T1,0-1B,wave2,dynamic_above_base_turbo_on,secure-12-broad-rbac,3,1.0
1,qwen2:0.5b-instruct-q8_0,ollama,T1,0-1B,wave2,dynamic_above_base_turbo_on,secure-12-broad-rbac,4,1.0
1,qwen2:0.5b-instruct-q8_0,ollama,T1,0-1B,wave2,dynamic_above_base_turbo_on,secure-13-latest-tag,0,1.0
1,qwen2:0.5b-instruct-q8_0,ollama,T1,0-1B,wave2,dynamic_above_base_turbo_on,secure-13-latest-tag,1,1.5
1,qwen2:0.5b-instruct-q8_0,ollama,T1,0-1B,wave2,dynamic_above_base_turbo_on,secure-13-latest-tag,2,1.0
1,qwen2:0.5b-instruct-q8_0,ollama,T1,0-1B,wave2,dynamic_above_base_turbo_on,secure-13-latest-tag,3,1.0
1,qwen2:0.5b-instruct-q8_0,ollama,T1,0-1B,wave2,dynamic_above_base_turbo_on,secure-13-latest-tag,4,1.0
1,qwen2:0.5b-instruct-q8_0,ollama,T1,0-1B,wave2,dynamic_above_base_turbo_on,test-06-probe-vs-app,0,1.0
1,qwen2:0.5b-instruct-q8_0,ollama,T1,0-1B,wave2,dynamic_above_base_turbo_on,test-06-probe-vs-app,1,2.0
1,qwen2:0.5b-instruct-q8_0,ollama,T1,0-1B,wave2,dynamic_above_base_turbo_on,test-06-probe-vs-app,2,2.0
1,qwen2:0.5b-instruct-q8_0,ollama,T1,0-1B,wave2,dynamic_above_base_turbo_on,test-06-probe-vs-app,3,2.0
1,qwen2:0.5b-instruct-q8_0,ollama,T1,0-1B,wave2,dynamic_above_base_turbo_on,test-06-probe-vs-app,4,2.0
1,qwen2:0.5b-instruct-q8_0,ollama,T1,0-1B,wave2,dynamic_above_base_turbo_on,upgrade-05-helmrelease,0,1.5
1,qwen2:0.5b-instruct-q8_0,ollama,T1,0-1B,wave2,dynamic_above_base_turbo_on,upgrade-05-helmrelease,1,1.5
1,qwen2:0.5b-instruct-q8_0,ollama,T1,0-1B,wave2,dynamic_above_base_turbo_on,upgrade-05-helmrelease,2,1.5
1,qwen2:0.5b-instruct-q8_0,ollama,T1,0-1B,wave2,dynamic_above_base_turbo_on,upgrade-05-helmrelease,3,1.0
1,qwen2:0.5b-instruct-q8_0,ollama,T1,0-1B,wave2,dynamic_above_base_turbo_on,upgrade-05-helmrelease,4,1.0
1,qwen2:0.5b-instruct-q8_0,ollama,T1,0-1B,wave2,dynamic_above_base_turbo_on,upgrade-18-helm-closedbook,0,1.0
1,qwen2:0.5b-instruct-q8_0,ollama,T1,0-1B,wave2,dynamic_above_base_turbo_on,upgrade-18-helm-closedbook,1,1.0
1,qwen2:0.5b-instruct-q8_0,ollama,T1,0-1B,wave2,dynamic_above_base_turbo_on,upgrade-18-helm-closedbook,2,1.5
1,qwen2:0.5b-instruct-q8_0,ollama,T1,0-1B,wave2,dynamic_above_base_turbo_on,upgrade-18-helm-closedbook,3,1.0
1,qwen2:0.5b-instruct-q8_0,ollama,T1,0-1B,wave2,dynamic_above_base_turbo_on,upgrade-18-helm-closedbook,4,1.5
1,qwen2:1.5b,ollama,T2,1-2B,wave2,dynamic_above_base_turbo_on,augment-07-events-to-json,0,1.0
1,qwen2:1.5b,ollama,T2,1-2B,wave2,dynamic_above_base_turbo_on,augment-07-events-to-json,1,1.5
1,qwen2:1.5b,ollama,T2,1-2B,wave2,dynamic_above_base_turbo_on,augment-07-events-to-json,2,1.0
1,qwen2:1.5b,ollama,T2,1-2B,wave2,dynamic_above_base_turbo_on,augment-07-events-to-json,3,1.5
1,qwen2:1.5b,ollama,T2,1-2B,wave2,dynamic_above_base_turbo_on,augment-07-events-to-json,4,1.0
1,qwen2:1.5b,ollama,T2,1-2B,wave2,dynamic_above_base_turbo_on,detect-01-crashloop-triage,0,1.0
1,qwen2:1.5b,ollama,T2,1-2B,wave2,dynamic_above_base_turbo_on,detect-01-crashloop-triage,1,1.0
1,qwen2:1.5b,ollama,T2,1-2B,wave2,dynamic_above_base_turbo_on,detect-01-crashloop-triage,2,1.0
1,qwen2:1.5b,ollama,T2,1-2B,wave2,dynamic_above_base_turbo_on,detect-01-crashloop-triage,3,1.0
1,qwen2:1.5b,ollama,T2,1-2B,wave2,dynamic_above_base_turbo_on,detect-01-crashloop-triage,4,1.5
1,qwen2:1.5b,ollama,T2,1-2B,wave2,dynamic_above_base_turbo_on,expand-04-add-app,0,1.0
1,qwen2:1.5b,ollama,T2,1-2B,wave2,dynamic_above_base_turbo_on,expand-04-add-app,1,2.0
1,qwen2:1.5b,ollama,T2,1-2B,wave2,dynamic_above_base_turbo_on,expand-04-add-app,2,2.5
1,qwen2:1.5b,ollama,T2,1-2B,wave2,dynamic_above_base_turbo_on,expand-04-add-app,3,2.5
1,qwen2:1.5b,ollama,T2,1-2B,wave2,dynamic_above_base_turbo_on,expand-04-add-app,4,2.0
1,qwen2:1.5b,ollama,T2,1-2B,wave2,dynamic_above_base_turbo_on,expand-19-add-app-closedbook,0,1.5
1,qwen2:1.5b,ollama,T2,1-2B,wave2,dynamic_above_base_turbo_on,expand-19-add-app-closedbook,1,2.0
1,qwen2:1.5b,ollama,T2,1-2B,wave2,dynamic_above_base_turbo_on,expand-19-add-app-closedbook,2,2.0
1,qwen2:1.5b,ollama,T2,1-2B,wave2,dynamic_above_base_turbo_on,expand-19-add-app-closedbook,3,1.0
1,qwen2:1.5b,ollama,T2,1-2B,wave2,dynamic_above_base_turbo_on,expand-19-add-app-closedbook,4,2.0
1,qwen2:1.5b,ollama,T2,1-2B,wave2,dynamic_above_base_turbo_on,foresee-14-disk-fill-predict,0,1.0
1,qwen2:1.5b,ollama,T2,1-2B,wave2,dynamic_above_base_turbo_on,foresee-14-disk-fill-predict,1,1.5
1,qwen2:1.5b,ollama,T2,1-2B,wave2,dynamic_above_base_turbo_on,foresee-14-disk-fill-predict,2,2.0
1,qwen2:1.5b,ollama,T2,1-2B,wave2,dynamic_above_base_turbo_on,foresee-14-disk-fill-predict,3,2.0
1,qwen2:1.5b,ollama,T2,1-2B,wave2,dynamic_above_base_turbo_on,foresee-14-disk-fill-predict,4,2.0
1,qwen2:1.5b,ollama,T2,1-2B,wave2,dynamic_above_base_turbo_on,foresee-15-pvc-pressure,0,1.0
1,qwen2:1.5b,ollama,T2,1-2B,wave2,dynamic_above_base_turbo_on,foresee-15-pvc-pressure,1,1.0
1,qwen2:1.5b,ollama,T2,1-2B,wave2,dynamic_above_base_turbo_on,foresee-15-pvc-pressure,2,1.0
1,qwen2:1.5b,ollama,T2,1-2B,wave2,dynamic_above_base_turbo_on,foresee-15-pvc-pressure,3,1.0
1,qwen2:1.5b,ollama,T2,1-2B,wave2,dynamic_above_base_turbo_on,foresee-15-pvc-pressure,4,1.0
1,qwen2:1.5b,ollama,T2,1-2B,wave2,dynamic_above_base_turbo_on,foresee-16-smart-prefail,0,1.0
1,qwen2:1.5b,ollama,T2,1-2B,wave2,dynamic_above_base_turbo_on,foresee-16-smart-prefail,1,1.0
1,qwen2:1.5b,ollama,T2,1-2B,wave2,dynamic_above_base_turbo_on,foresee-16-smart-prefail,2,1.0
1,qwen2:1.5b,ollama,T2,1-2B,wave2,dynamic_above_base_turbo_on,foresee-16-smart-prefail,3,1.0
1,qwen2:1.5b,ollama,T2,1-2B,wave2,dynamic_above_base_turbo_on,foresee-16-smart-prefail,4,1.0
1,qwen2:1.5b,ollama,T2,1-2B,wave2,dynamic_above_base_turbo_on,foresee-17-cert-expiry,0,2.0
1,qwen2:1.5b,ollama,T2,1-2B,wave2,dynamic_above_base_turbo_on,foresee-17-cert-expiry,1,3.0
1,qwen2:1.5b,ollama,T2,1-2B,wave2,dynamic_above_base_turbo_on,foresee-17-cert-expiry,2,2.0
1,qwen2:1.5b,ollama,T2,1-2B,wave2,dynamic_above_base_turbo_on,foresee-17-cert-expiry,3,2.0
1,qwen2:1.5b,ollama,T2,1-2B,wave2,dynamic_above_base_turbo_on,foresee-17-cert-expiry,4,2.0
1,qwen2:1.5b,ollama,T2,1-2B,wave2,dynamic_above_base_turbo_on,guard-08-destructive,0,1.0
1,qwen2:1.5b,ollama,T2,1-2B,wave2,dynamic_above_base_turbo_on,guard-08-destructive,1,1.0
1,qwen2:1.5b,ollama,T2,1-2B,wave2,dynamic_above_base_turbo_on,guard-08-destructive,2,1.0
1,qwen2:1.5b,ollama,T2,1-2B,wave2,dynamic_above_base_turbo_on,guard-08-destructive,3,1.0
1,qwen2:1.5b,ollama,T2,1-2B,wave2,dynamic_above_base_turbo_on,guard-08-destructive,4,1.0
1,qwen2:1.5b,ollama,T2,1-2B,wave2,dynamic_above_base_turbo_on,localize-02-externalsecret,0,1.0
1,qwen2:1.5b,ollama,T2,1-2B,wave2,dynamic_above_base_turbo_on,localize-02-externalsecret,1,1.0
1,qwen2:1.5b,ollama,T2,1-2B,wave2,dynamic_above_base_turbo_on,localize-02-externalsecret,2,2.5
1,qwen2:1.5b,ollama,T2,1-2B,wave2,dynamic_above_base_turbo_on,localize-02-externalsecret,3,3.0
1,qwen2:1.5b,ollama,T2,1-2B,wave2,dynamic_above_base_turbo_on,localize-02-externalsecret,4,1.0
1,qwen2:1.5b,ollama,T2,1-2B,wave2,dynamic_above_base_turbo_on,monitor-03-health-summary,0,2.0
1,qwen2:1.5b,ollama,T2,1-2B,wave2,dynamic_above_base_turbo_on,monitor-03-health-summary,1,2.5
1,qwen2:1.5b,ollama,T2,1-2B,wave2,dynamic_above_base_turbo_on,monitor-03-health-summary,2,2.0
1,qwen2:1.5b,ollama,T2,1-2B,wave2,dynamic_above_base_turbo_on,monitor-03-health-summary,3,2.0
1,qwen2:1.5b,ollama,T2,1-2B,wave2,dynamic_above_base_turbo_on,monitor-03-health-summary,4,1.5
1,qwen2:1.5b,ollama,T2,1-2B,wave2,dynamic_above_base_turbo_on,secure-09-plaintext-secret,0,2.0
1,qwen2:1.5b,ollama,T2,1-2B,wave2,dynamic_above_base_turbo_on,secure-09-plaintext-secret,1,1.0
1,qwen2:1.5b,ollama,T2,1-2B,wave2,dynamic_above_base_turbo_on,secure-09-plaintext-secret,2,1.0
1,qwen2:1.5b,ollama,T2,1-2B,wave2,dynamic_above_base_turbo_on,secure-09-plaintext-secret,3,2.0
1,qwen2:1.5b,ollama,T2,1-2B,wave2,dynamic_above_base_turbo_on,secure-09-plaintext-secret,4,2.0
1,qwen2:1.5b,ollama,T2,1-2B,wave2,dynamic_above_base_turbo_on,secure-10-ingress-no-auth,0,4.0
1,qwen2:1.5b,ollama,T2,1-2B,wave2,dynamic_above_base_turbo_on,secure-10-ingress-no-auth,1,3.0
1,qwen2:1.5b,ollama,T2,1-2B,wave2,dynamic_above_base_turbo_on,secure-10-ingress-no-auth,2,2.0
1,qwen2:1.5b,ollama,T2,1-2B,wave2,dynamic_above_base_turbo_on,secure-10-ingress-no-auth,3,3.0
1,qwen2:1.5b,ollama,T2,1-2B,wave2,dynamic_above_base_turbo_on,secure-10-ingress-no-auth,4,3.0
1,qwen2:1.5b,ollama,T2,1-2B,wave2,dynamic_above_base_turbo_on,secure-11-privileged-container,0,3.0
1,qwen2:1.5b,ollama,T2,1-2B,wave2,dynamic_above_base_turbo_on,secure-11-privileged-container,1,2.0
1,qwen2:1.5b,ollama,T2,1-2B,wave2,dynamic_above_base_turbo_on,secure-11-privileged-container,2,2.5
1,qwen2:1.5b,ollama,T2,1-2B,wave2,dynamic_above_base_turbo_on,secure-11-privileged-container,3,2.5
1,qwen2:1.5b,ollama,T2,1-2B,wave2,dynamic_above_base_turbo_on,secure-11-privileged-container,4,2.0
1,qwen2:1.5b,ollama,T2,1-2B,wave2,dynamic_above_base_turbo_on,secure-12-broad-rbac,0,1.0
1,qwen2:1.5b,ollama,T2,1-2B,wave2,dynamic_above_base_turbo_on,secure-12-broad-rbac,1,2.0
1,qwen2:1.5b,ollama,T2,1-2B,wave2,dynamic_above_base_turbo_on,secure-12-broad-rbac,2,2.0
1,qwen2:1.5b,ollama,T2,1-2B,wave2,dynamic_above_base_turbo_on,secure-12-broad-rbac,3,1.0
1,qwen2:1.5b,ollama,T2,1-2B,wave2,dynamic_above_base_turbo_on,secure-12-broad-rbac,4,2.0
1,qwen2:1.5b,ollama,T2,1-2B,wave2,dynamic_above_base_turbo_on,secure-13-latest-tag,0,3.0
1,qwen2:1.5b,ollama,T2,1-2B,wave2,dynamic_above_base_turbo_on,secure-13-latest-tag,1,4.0
1,qwen2:1.5b,ollama,T2,1-2B,wave2,dynamic_above_base_turbo_on,secure-13-latest-tag,2,3.0
1,qwen2:1.5b,ollama,T2,1-2B,wave2,dynamic_above_base_turbo_on,secure-13-latest-tag,3,1.0
1,qwen2:1.5b,ollama,T2,1-2B,wave2,dynamic_above_base_turbo_on,secure-13-latest-tag,4,2.5
1,qwen2:1.5b,ollama,T2,1-2B,wave2,dynamic_above_base_turbo_on,test-06-probe-vs-app,0,3.0
1,qwen2:1.5b,ollama,T2,1-2B,wave2,dynamic_above_base_turbo_on,test-06-probe-vs-app,1,2.5
1,qwen2:1.5b,ollama,T2,1-2B,wave2,dynamic_above_base_turbo_on,test-06-probe-vs-app,2,3.0
1,qwen2:1.5b,ollama,T2,1-2B,wave2,dynamic_above_base_turbo_on,test-06-probe-vs-app,3,3.0
1,qwen2:1.5b,ollama,T2,1-2B,wave2,dynamic_above_base_turbo_on,test-06-probe-vs-app,4,2.0
1,qwen2:1.5b,ollama,T2,1-2B,wave2,dynamic_above_base_turbo_on,upgrade-05-helmrelease,0,1.0
1,qwen2:1.5b,ollama,T2,1-2B,wave2,dynamic_above_base_turbo_on,upgrade-05-helmrelease,1,1.0
1,qwen2:1.5b,ollama,T2,1-2B,wave2,dynamic_above_base_turbo_on,upgrade-05-helmrelease,2,1.0
1,qwen2:1.5b,ollama,T2,1-2B,wave2,dynamic_above_base_turbo_on,upgrade-05-helmrelease,3,1.0
1,qwen2:1.5b,ollama,T2,1-2B,wave2,dynamic_above_base_turbo_on,upgrade-05-helmrelease,4,1.0
1,qwen2:1.5b,ollama,T2,1-2B,wave2,dynamic_above_base_turbo_on,upgrade-18-helm-closedbook,0,2.0
1,qwen2:1.5b,ollama,T2,1-2B,wave2,dynamic_above_base_turbo_on,upgrade-18-helm-closedbook,1,1.5
1,qwen2:1.5b,ollama,T2,1-2B,wave2,dynamic_above_base_turbo_on,upgrade-18-helm-closedbook,2,2.0
1,qwen2:1.5b,ollama,T2,1-2B,wave2,dynamic_above_base_turbo_on,upgrade-18-helm-closedbook,3,1.5
1,qwen2:1.5b,ollama,T2,1-2B,wave2,dynamic_above_base_turbo_on,upgrade-18-helm-closedbook,4,1.0
1,qwen2:1.5b-instruct-q8_0,ollama,T2,1-2B,wave2,dynamic_above_base_turbo_on,augment-07-events-to-json,0,1.0
1,qwen2:1.5b-instruct-q8_0,ollama,T2,1-2B,wave2,dynamic_above_base_turbo_on,augment-07-events-to-json,1,2.0
1,qwen2:1.5b-instruct-q8_0,ollama,T2,1-2B,wave2,dynamic_above_base_turbo_on,augment-07-events-to-json,2,2.0
1,qwen2:1.5b-instruct-q8_0,ollama,T2,1-2B,wave2,dynamic_above_base_turbo_on,augment-07-events-to-json,3,1.5
1,qwen2:1.5b-instruct-q8_0,ollama,T2,1-2B,wave2,dynamic_above_base_turbo_on,augment-07-events-to-json,4,1.5
1,qwen2:1.5b-instruct-q8_0,ollama,T2,1-2B,wave2,dynamic_above_base_turbo_on,detect-01-crashloop-triage,0,1.0
1,qwen2:1.5b-instruct-q8_0,ollama,T2,1-2B,wave2,dynamic_above_base_turbo_on,detect-01-crashloop-triage,1,1.0
1,qwen2:1.5b-instruct-q8_0,ollama,T2,1-2B,wave2,dynamic_above_base_turbo_on,detect-01-crashloop-triage,2,1.0
1,qwen2:1.5b-instruct-q8_0,ollama,T2,1-2B,wave2,dynamic_above_base_turbo_on,detect-01-crashloop-triage,3,2.0
1,qwen2:1.5b-instruct-q8_0,ollama,T2,1-2B,wave2,dynamic_above_base_turbo_on,detect-01-crashloop-triage,4,1.0
1,qwen2:1.5b-instruct-q8_0,ollama,T2,1-2B,wave2,dynamic_above_base_turbo_on,expand-04-add-app,0,2.5
1,qwen2:1.5b-instruct-q8_0,ollama,T2,1-2B,wave2,dynamic_above_base_turbo_on,expand-04-add-app,1,2.5
1,qwen2:1.5b-instruct-q8_0,ollama,T2,1-2B,wave2,dynamic_above_base_turbo_on,expand-04-add-app,2,1.5
1,qwen2:1.5b-instruct-q8_0,ollama,T2,1-2B,wave2,dynamic_above_base_turbo_on,expand-04-add-app,3,2.0
1,qwen2:1.5b-instruct-q8_0,ollama,T2,1-2B,wave2,dynamic_above_base_turbo_on,expand-04-add-app,4,2.0
1,qwen2:1.5b-instruct-q8_0,ollama,T2,1-2B,wave2,dynamic_above_base_turbo_on,expand-19-add-app-closedbook,0,1.0
1,qwen2:1.5b-instruct-q8_0,ollama,T2,1-2B,wave2,dynamic_above_base_turbo_on,expand-19-add-app-closedbook,1,1.0
1,qwen2:1.5b-instruct-q8_0,ollama,T2,1-2B,wave2,dynamic_above_base_turbo_on,expand-19-add-app-closedbook,2,2.0
1,qwen2:1.5b-instruct-q8_0,ollama,T2,1-2B,wave2,dynamic_above_base_turbo_on,expand-19-add-app-closedbook,3,1.0
1,qwen2:1.5b-instruct-q8_0,ollama,T2,1-2B,wave2,dynamic_above_base_turbo_on,expand-19-add-app-closedbook,4,2.0
1,qwen2:1.5b-instruct-q8_0,ollama,T2,1-2B,wave2,dynamic_above_base_turbo_on,foresee-14-disk-fill-predict,0,2.0
1,qwen2:1.5b-instruct-q8_0,ollama,T2,1-2B,wave2,dynamic_above_base_turbo_on,foresee-14-disk-fill-predict,1,1.0
1,qwen2:1.5b-instruct-q8_0,ollama,T2,1-2B,wave2,dynamic_above_base_turbo_on,foresee-14-disk-fill-predict,2,2.0
1,qwen2:1.5b-instruct-q8_0,ollama,T2,1-2B,wave2,dynamic_above_base_turbo_on,foresee-14-disk-fill-predict,3,1.0
1,qwen2:1.5b-instruct-q8_0,ollama,T2,1-2B,wave2,dynamic_above_base_turbo_on,foresee-14-disk-fill-predict,4,1.5
1,qwen2:1.5b-instruct-q8_0,ollama,T2,1-2B,wave2,dynamic_above_base_turbo_on,foresee-15-pvc-pressure,0,2.0
1,qwen2:1.5b-instruct-q8_0,ollama,T2,1-2B,wave2,dynamic_above_base_turbo_on,foresee-15-pvc-pressure,1,1.0
1,qwen2:1.5b-instruct-q8_0,ollama,T2,1-2B,wave2,dynamic_above_base_turbo_on,foresee-15-pvc-pressure,2,1.0
1,qwen2:1.5b-instruct-q8_0,ollama,T2,1-2B,wave2,dynamic_above_base_turbo_on,foresee-15-pvc-pressure,3,1.0
1,qwen2:1.5b-instruct-q8_0,ollama,T2,1-2B,wave2,dynamic_above_base_turbo_on,foresee-15-pvc-pressure,4,1.0
1,qwen2:1.5b-instruct-q8_0,ollama,T2,1-2B,wave2,dynamic_above_base_turbo_on,foresee-16-smart-prefail,0,1.0
1,qwen2:1.5b-instruct-q8_0,ollama,T2,1-2B,wave2,dynamic_above_base_turbo_on,foresee-16-smart-prefail,1,1.0
1,qwen2:1.5b-instruct-q8_0,ollama,T2,1-2B,wave2,dynamic_above_base_turbo_on,foresee-16-smart-prefail,2,1.0
1,qwen2:1.5b-instruct-q8_0,ollama,T2,1-2B,wave2,dynamic_above_base_turbo_on,foresee-16-smart-prefail,3,1.0
1,qwen2:1.5b-instruct-q8_0,ollama,T2,1-2B,wave2,dynamic_above_base_turbo_on,foresee-16-smart-prefail,4,1.5
1,qwen2:1.5b-instruct-q8_0,ollama,T2,1-2B,wave2,dynamic_above_base_turbo_on,foresee-17-cert-expiry,0,3.0
1,qwen2:1.5b-instruct-q8_0,ollama,T2,1-2B,wave2,dynamic_above_base_turbo_on,foresee-17-cert-expiry,1,1.5
1,qwen2:1.5b-instruct-q8_0,ollama,T2,1-2B,wave2,dynamic_above_base_turbo_on,foresee-17-cert-expiry,2,4.0
1,qwen2:1.5b-instruct-q8_0,ollama,T2,1-2B,wave2,dynamic_above_base_turbo_on,foresee-17-cert-expiry,3,3.0
1,qwen2:1.5b-instruct-q8_0,ollama,T2,1-2B,wave2,dynamic_above_base_turbo_on,foresee-17-cert-expiry,4,3.0
1,qwen2:1.5b-instruct-q8_0,ollama,T2,1-2B,wave2,dynamic_above_base_turbo_on,guard-08-destructive,0,2.5
1,qwen2:1.5b-instruct-q8_0,ollama,T2,1-2B,wave2,dynamic_above_base_turbo_on,guard-08-destructive,1,3.0
1,qwen2:1.5b-instruct-q8_0,ollama,T2,1-2B,wave2,dynamic_above_base_turbo_on,guard-08-destructive,2,1.0
1,qwen2:1.5b-instruct-q8_0,ollama,T2,1-2B,wave2,dynamic_above_base_turbo_on,guard-08-destructive,3,3.0
1,qwen2:1.5b-instruct-q8_0,ollama,T2,1-2B,wave2,dynamic_above_base_turbo_on,guard-08-destructive,4,1.0
1,qwen2:1.5b-instruct-q8_0,ollama,T2,1-2B,wave2,dynamic_above_base_turbo_on,localize-02-externalsecret,0,3.0
1,qwen2:1.5b-instruct-q8_0,ollama,T2,1-2B,wave2,dynamic_above_base_turbo_on,localize-02-externalsecret,1,3.0
1,qwen2:1.5b-instruct-q8_0,ollama,T2,1-2B,wave2,dynamic_above_base_turbo_on,localize-02-externalsecret,2,1.5
1,qwen2:1.5b-instruct-q8_0,ollama,T2,1-2B,wave2,dynamic_above_base_turbo_on,localize-02-externalsecret,3,2.5
1,qwen2:1.5b-instruct-q8_0,ollama,T2,1-2B,wave2,dynamic_above_base_turbo_on,localize-02-externalsecret,4,1.0
1,qwen2:1.5b-instruct-q8_0,ollama,T2,1-2B,wave2,dynamic_above_base_turbo_on,monitor-03-health-summary,0,1.0
1,qwen2:1.5b-instruct-q8_0,ollama,T2,1-2B,wave2,dynamic_above_base_turbo_on,monitor-03-health-summary,1,2.0
1,qwen2:1.5b-instruct-q8_0,ollama,T2,1-2B,wave2,dynamic_above_base_turbo_on,monitor-03-health-summary,2,2.0
1,qwen2:1.5b-instruct-q8_0,ollama,T2,1-2B,wave2,dynamic_above_base_turbo_on,monitor-03-health-summary,3,3.0
1,qwen2:1.5b-instruct-q8_0,ollama,T2,1-2B,wave2,dynamic_above_base_turbo_on,monitor-03-health-summary,4,1.0
1,qwen2:1.5b-instruct-q8_0,ollama,T2,1-2B,wave2,dynamic_above_base_turbo_on,secure-09-plaintext-secret,0,1.0
1,qwen2:1.5b-instruct-q8_0,ollama,T2,1-2B,wave2,dynamic_above_base_turbo_on,secure-09-plaintext-secret,1,2.0
1,qwen2:1.5b-instruct-q8_0,ollama,T2,1-2B,wave2,dynamic_above_base_turbo_on,secure-09-plaintext-secret,2,1.5
1,qwen2:1.5b-instruct-q8_0,ollama,T2,1-2B,wave2,dynamic_above_base_turbo_on,secure-09-plaintext-secret,3,1.0
1,qwen2:1.5b-instruct-q8_0,ollama,T2,1-2B,wave2,dynamic_above_base_turbo_on,secure-09-plaintext-secret,4,1.0
1,qwen2:1.5b-instruct-q8_0,ollama,T2,1-2B,wave2,dynamic_above_base_turbo_on,secure-10-ingress-no-auth,0,4.5
1,qwen2:1.5b-instruct-q8_0,ollama,T2,1-2B,wave2,dynamic_above_base_turbo_on,secure-10-ingress-no-auth,1,3.0
1,qwen2:1.5b-instruct-q8_0,ollama,T2,1-2B,wave2,dynamic_above_base_turbo_on,secure-10-ingress-no-auth,2,4.0
1,qwen2:1.5b-instruct-q8_0,ollama,T2,1-2B,wave2,dynamic_above_base_turbo_on,secure-10-ingress-no-auth,3,4.0
1,qwen2:1.5b-instruct-q8_0,ollama,T2,1-2B,wave2,dynamic_above_base_turbo_on,secure-10-ingress-no-auth,4,4.0
1,qwen2:1.5b-instruct-q8_0,ollama,T2,1-2B,wave2,dynamic_above_base_turbo_on,secure-11-privileged-container,0,2.5
1,qwen2:1.5b-instruct-q8_0,ollama,T2,1-2B,wave2,dynamic_above_base_turbo_on,secure-11-privileged-container,1,2.5
1,qwen2:1.5b-instruct-q8_0,ollama,T2,1-2B,wave2,dynamic_above_base_turbo_on,secure-11-privileged-container,2,3.5
1,qwen2:1.5b-instruct-q8_0,ollama,T2,1-2B,wave2,dynamic_above_base_turbo_on,secure-11-privileged-container,3,3.0
1,qwen2:1.5b-instruct-q8_0,ollama,T2,1-2B,wave2,dynamic_above_base_turbo_on,secure-11-privileged-container,4,2.0
1,qwen2:1.5b-instruct-q8_0,ollama,T2,1-2B,wave2,dynamic_above_base_turbo_on,secure-12-broad-rbac,0,1.0
1,qwen2:1.5b-instruct-q8_0,ollama,T2,1-2B,wave2,dynamic_above_base_turbo_on,secure-12-broad-rbac,1,2.0
1,qwen2:1.5b-instruct-q8_0,ollama,T2,1-2B,wave2,dynamic_above_base_turbo_on,secure-12-broad-rbac,2,2.0
1,qwen2:1.5b-instruct-q8_0,ollama,T2,1-2B,wave2,dynamic_above_base_turbo_on,secure-12-broad-rbac,3,1.0
1,qwen2:1.5b-instruct-q8_0,ollama,T2,1-2B,wave2,dynamic_above_base_turbo_on,secure-12-broad-rbac,4,1.0
1,qwen2:1.5b-instruct-q8_0,ollama,T2,1-2B,wave2,dynamic_above_base_turbo_on,secure-13-latest-tag,0,3.0
1,qwen2:1.5b-instruct-q8_0,ollama,T2,1-2B,wave2,dynamic_above_base_turbo_on,secure-13-latest-tag,1,3.5
1,qwen2:1.5b-instruct-q8_0,ollama,T2,1-2B,wave2,dynamic_above_base_turbo_on,secure-13-latest-tag,2,3.0
1,qwen2:1.5b-instruct-q8_0,ollama,T2,1-2B,wave2,dynamic_above_base_turbo_on,secure-13-latest-tag,3,2.5
1,qwen2:1.5b-instruct-q8_0,ollama,T2,1-2B,wave2,dynamic_above_base_turbo_on,secure-13-latest-tag,4,3.0
1,qwen2:1.5b-instruct-q8_0,ollama,T2,1-2B,wave2,dynamic_above_base_turbo_on,test-06-probe-vs-app,0,2.0
1,qwen2:1.5b-instruct-q8_0,ollama,T2,1-2B,wave2,dynamic_above_base_turbo_on,test-06-probe-vs-app,1,3.0
1,qwen2:1.5b-instruct-q8_0,ollama,T2,1-2B,wave2,dynamic_above_base_turbo_on,test-06-probe-vs-app,2,2.0
1,qwen2:1.5b-instruct-q8_0,ollama,T2,1-2B,wave2,dynamic_above_base_turbo_on,test-06-probe-vs-app,3,3.0
1,qwen2:1.5b-instruct-q8_0,ollama,T2,1-2B,wave2,dynamic_above_base_turbo_on,test-06-probe-vs-app,4,2.0
1,qwen2:1.5b-instruct-q8_0,ollama,T2,1-2B,wave2,dynamic_above_base_turbo_on,upgrade-05-helmrelease,0,2.0
1,qwen2:1.5b-instruct-q8_0,ollama,T2,1-2B,wave2,dynamic_above_base_turbo_on,upgrade-05-helmrelease,1,1.0
1,qwen2:1.5b-instruct-q8_0,ollama,T2,1-2B,wave2,dynamic_above_base_turbo_on,upgrade-05-helmrelease,2,2.0
1,qwen2:1.5b-instruct-q8_0,ollama,T2,1-2B,wave2,dynamic_above_base_turbo_on,upgrade-05-helmrelease,3,1.0
1,qwen2:1.5b-instruct-q8_0,ollama,T2,1-2B,wave2,dynamic_above_base_turbo_on,upgrade-05-helmrelease,4,2.0
1,qwen2:1.5b-instruct-q8_0,ollama,T2,1-2B,wave2,dynamic_above_base_turbo_on,upgrade-18-helm-closedbook,0,1.5
1,qwen2:1.5b-instruct-q8_0,ollama,T2,1-2B,wave2,dynamic_above_base_turbo_on,upgrade-18-helm-closedbook,1,2.0
1,qwen2:1.5b-instruct-q8_0,ollama,T2,1-2B,wave2,dynamic_above_base_turbo_on,upgrade-18-helm-closedbook,2,2.0
1,qwen2:1.5b-instruct-q8_0,ollama,T2,1-2B,wave2,dynamic_above_base_turbo_on,upgrade-18-helm-closedbook,3,1.0
1,qwen2:1.5b-instruct-q8_0,ollama,T2,1-2B,wave2,dynamic_above_base_turbo_on,upgrade-18-helm-closedbook,4,1.0
1,qwen3:0.6b-fp16,ollama,T1,0-1B,wave2,dynamic_above_base_turbo_on,augment-07-events-to-json,0,1.5
1,qwen3:0.6b-fp16,ollama,T1,0-1B,wave2,dynamic_above_base_turbo_on,augment-07-events-to-json,1,2.0
1,qwen3:0.6b-fp16,ollama,T1,0-1B,wave2,dynamic_above_base_turbo_on,augment-07-events-to-json,2,1.5
1,qwen3:0.6b-fp16,ollama,T1,0-1B,wave2,dynamic_above_base_turbo_on,augment-07-events-to-json,3,2.0
1,qwen3:0.6b-fp16,ollama,T1,0-1B,wave2,dynamic_above_base_turbo_on,augment-07-events-to-json,4,2.0
1,qwen3:0.6b-fp16,ollama,T1,0-1B,wave2,dynamic_above_base_turbo_on,detect-01-crashloop-triage,0,2.5
1,qwen3:0.6b-fp16,ollama,T1,0-1B,wave2,dynamic_above_base_turbo_on,detect-01-crashloop-triage,1,1.5
1,qwen3:0.6b-fp16,ollama,T1,0-1B,wave2,dynamic_above_base_turbo_on,detect-01-crashloop-triage,2,3.0
1,qwen3:0.6b-fp16,ollama,T1,0-1B,wave2,dynamic_above_base_turbo_on,detect-01-crashloop-triage,3,2.5
1,qwen3:0.6b-fp16,ollama,T1,0-1B,wave2,dynamic_above_base_turbo_on,detect-01-crashloop-triage,4,1.0
1,qwen3:0.6b-fp16,ollama,T1,0-1B,wave2,dynamic_above_base_turbo_on,expand-04-add-app,0,1.0
1,qwen3:0.6b-fp16,ollama,T1,0-1B,wave2,dynamic_above_base_turbo_on,expand-04-add-app,1,1.0
1,qwen3:0.6b-fp16,ollama,T1,0-1B,wave2,dynamic_above_base_turbo_on,expand-04-add-app,2,2.0
1,qwen3:0.6b-fp16,ollama,T1,0-1B,wave2,dynamic_above_base_turbo_on,expand-04-add-app,3,3.0
1,qwen3:0.6b-fp16,ollama,T1,0-1B,wave2,dynamic_above_base_turbo_on,expand-04-add-app,4,2.0
1,qwen3:0.6b-fp16,ollama,T1,0-1B,wave2,dynamic_above_base_turbo_on,expand-19-add-app-closedbook,0,1.0
1,qwen3:0.6b-fp16,ollama,T1,0-1B,wave2,dynamic_above_base_turbo_on,expand-19-add-app-closedbook,1,1.0
1,qwen3:0.6b-fp16,ollama,T1,0-1B,wave2,dynamic_above_base_turbo_on,expand-19-add-app-closedbook,2,1.0
1,qwen3:0.6b-fp16,ollama,T1,0-1B,wave2,dynamic_above_base_turbo_on,expand-19-add-app-closedbook,3,1.0
1,qwen3:0.6b-fp16,ollama,T1,0-1B,wave2,dynamic_above_base_turbo_on,expand-19-add-app-closedbook,4,1.0
1,qwen3:0.6b-fp16,ollama,T1,0-1B,wave2,dynamic_above_base_turbo_on,foresee-14-disk-fill-predict,0,1.5
1,qwen3:0.6b-fp16,ollama,T1,0-1B,wave2,dynamic_above_base_turbo_on,foresee-14-disk-fill-predict,1,2.0
1,qwen3:0.6b-fp16,ollama,T1,0-1B,wave2,dynamic_above_base_turbo_on,foresee-14-disk-fill-predict,2,2.0
1,qwen3:0.6b-fp16,ollama,T1,0-1B,wave2,dynamic_above_base_turbo_on,foresee-14-disk-fill-predict,3,2.0
1,qwen3:0.6b-fp16,ollama,T1,0-1B,wave2,dynamic_above_base_turbo_on,foresee-14-disk-fill-predict,4,2.5
1,qwen3:0.6b-fp16,ollama,T1,0-1B,wave2,dynamic_above_base_turbo_on,foresee-15-pvc-pressure,0,3.0
1,qwen3:0.6b-fp16,ollama,T1,0-1B,wave2,dynamic_above_base_turbo_on,foresee-15-pvc-pressure,1,2.5
1,qwen3:0.6b-fp16,ollama,T1,0-1B,wave2,dynamic_above_base_turbo_on,foresee-15-pvc-pressure,2,2.0
1,qwen3:0.6b-fp16,ollama,T1,0-1B,wave2,dynamic_above_base_turbo_on,foresee-15-pvc-pressure,3,3.0
1,qwen3:0.6b-fp16,ollama,T1,0-1B,wave2,dynamic_above_base_turbo_on,foresee-15-pvc-pressure,4,3.5
1,qwen3:0.6b-fp16,ollama,T1,0-1B,wave2,dynamic_above_base_turbo_on,foresee-16-smart-prefail,0,1.0
1,qwen3:0.6b-fp16,ollama,T1,0-1B,wave2,dynamic_above_base_turbo_on,foresee-16-smart-prefail,1,1.0
1,qwen3:0.6b-fp16,ollama,T1,0-1B,wave2,dynamic_above_base_turbo_on,foresee-16-smart-prefail,2,1.0
1,qwen3:0.6b-fp16,ollama,T1,0-1B,wave2,dynamic_above_base_turbo_on,foresee-16-smart-prefail,3,1.0
1,qwen3:0.6b-fp16,ollama,T1,0-1B,wave2,dynamic_above_base_turbo_on,foresee-16-smart-prefail,4,1.0
1,qwen3:0.6b-fp16,ollama,T1,0-1B,wave2,dynamic_above_base_turbo_on,foresee-17-cert-expiry,0,2.5
1,qwen3:0.6b-fp16,ollama,T1,0-1B,wave2,dynamic_above_base_turbo_on,foresee-17-cert-expiry,1,3.0
1,qwen3:0.6b-fp16,ollama,T1,0-1B,wave2,dynamic_above_base_turbo_on,foresee-17-cert-expiry,2,3.0
1,qwen3:0.6b-fp16,ollama,T1,0-1B,wave2,dynamic_above_base_turbo_on,foresee-17-cert-expiry,3,2.0
1,qwen3:0.6b-fp16,ollama,T1,0-1B,wave2,dynamic_above_base_turbo_on,foresee-17-cert-expiry,4,2.5
1,qwen3:0.6b-fp16,ollama,T1,0-1B,wave2,dynamic_above_base_turbo_on,guard-08-destructive,0,1.0
1,qwen3:0.6b-fp16,ollama,T1,0-1B,wave2,dynamic_above_base_turbo_on,guard-08-destructive,1,3.0
1,qwen3:0.6b-fp16,ollama,T1,0-1B,wave2,dynamic_above_base_turbo_on,guard-08-destructive,2,3.0
1,qwen3:0.6b-fp16,ollama,T1,0-1B,wave2,dynamic_above_base_turbo_on,guard-08-destructive,3,1.0
1,qwen3:0.6b-fp16,ollama,T1,0-1B,wave2,dynamic_above_base_turbo_on,guard-08-destructive,4,3.0
1,qwen3:0.6b-fp16,ollama,T1,0-1B,wave2,dynamic_above_base_turbo_on,localize-02-externalsecret,0,2.5
1,qwen3:0.6b-fp16,ollama,T1,0-1B,wave2,dynamic_above_base_turbo_on,localize-02-externalsecret,1,1.0
1,qwen3:0.6b-fp16,ollama,T1,0-1B,wave2,dynamic_above_base_turbo_on,localize-02-externalsecret,2,4.0
1,qwen3:0.6b-fp16,ollama,T1,0-1B,wave2,dynamic_above_base_turbo_on,localize-02-externalsecret,3,3.0
1,qwen3:0.6b-fp16,ollama,T1,0-1B,wave2,dynamic_above_base_turbo_on,localize-02-externalsecret,4,3.0
1,qwen3:0.6b-fp16,ollama,T1,0-1B,wave2,dynamic_above_base_turbo_on,monitor-03-health-summary,0,3.0
1,qwen3:0.6b-fp16,ollama,T1,0-1B,wave2,dynamic_above_base_turbo_on,monitor-03-health-summary,1,2.0
1,qwen3:0.6b-fp16,ollama,T1,0-1B,wave2,dynamic_above_base_turbo_on,monitor-03-health-summary,2,2.5
1,qwen3:0.6b-fp16,ollama,T1,0-1B,wave2,dynamic_above_base_turbo_on,monitor-03-health-summary,3,2.0
1,qwen3:0.6b-fp16,ollama,T1,0-1B,wave2,dynamic_above_base_turbo_on,monitor-03-health-summary,4,2.5
1,qwen3:0.6b-fp16,ollama,T1,0-1B,wave2,dynamic_above_base_turbo_on,secure-09-plaintext-secret,0,2.0
1,qwen3:0.6b-fp16,ollama,T1,0-1B,wave2,dynamic_above_base_turbo_on,secure-09-plaintext-secret,1,2.0
1,qwen3:0.6b-fp16,ollama,T1,0-1B,wave2,dynamic_above_base_turbo_on,secure-09-plaintext-secret,2,1.5
1,qwen3:0.6b-fp16,ollama,T1,0-1B,wave2,dynamic_above_base_turbo_on,secure-09-plaintext-secret,3,2.0
1,qwen3:0.6b-fp16,ollama,T1,0-1B,wave2,dynamic_above_base_turbo_on,secure-09-plaintext-secret,4,1.5
1,qwen3:0.6b-fp16,ollama,T1,0-1B,wave2,dynamic_above_base_turbo_on,secure-10-ingress-no-auth,0,4.0
1,qwen3:0.6b-fp16,ollama,T1,0-1B,wave2,dynamic_above_base_turbo_on,secure-10-ingress-no-auth,1,2.0
1,qwen3:0.6b-fp16,ollama,T1,0-1B,wave2,dynamic_above_base_turbo_on,secure-10-ingress-no-auth,2,3.0
1,qwen3:0.6b-fp16,ollama,T1,0-1B,wave2,dynamic_above_base_turbo_on,secure-10-ingress-no-auth,3,3.0
1,qwen3:0.6b-fp16,ollama,T1,0-1B,wave2,dynamic_above_base_turbo_on,secure-10-ingress-no-auth,4,4.0
1,qwen3:0.6b-fp16,ollama,T1,0-1B,wave2,dynamic_above_base_turbo_on,secure-11-privileged-container,0,3.0
1,qwen3:0.6b-fp16,ollama,T1,0-1B,wave2,dynamic_above_base_turbo_on,secure-11-privileged-container,1,1.0
1,qwen3:0.6b-fp16,ollama,T1,0-1B,wave2,dynamic_above_base_turbo_on,secure-11-privileged-container,2,1.0
1,qwen3:0.6b-fp16,ollama,T1,0-1B,wave2,dynamic_above_base_turbo_on,secure-11-privileged-container,3,3.0
1,qwen3:0.6b-fp16,ollama,T1,0-1B,wave2,dynamic_above_base_turbo_on,secure-11-privileged-container,4,1.0
1,qwen3:0.6b-fp16,ollama,T1,0-1B,wave2,dynamic_above_base_turbo_on,secure-12-broad-rbac,0,1.0
1,qwen3:0.6b-fp16,ollama,T1,0-1B,wave2,dynamic_above_base_turbo_on,secure-12-broad-rbac,1,1.5
1,qwen3:0.6b-fp16,ollama,T1,0-1B,wave2,dynamic_above_base_turbo_on,secure-12-broad-rbac,2,2.0
1,qwen3:0.6b-fp16,ollama,T1,0-1B,wave2,dynamic_above_base_turbo_on,secure-12-broad-rbac,3,1.0
1,qwen3:0.6b-fp16,ollama,T1,0-1B,wave2,dynamic_above_base_turbo_on,secure-12-broad-rbac,4,1.0
1,qwen3:0.6b-fp16,ollama,T1,0-1B,wave2,dynamic_above_base_turbo_on,secure-13-latest-tag,0,2.5
1,qwen3:0.6b-fp16,ollama,T1,0-1B,wave2,dynamic_above_base_turbo_on,secure-13-latest-tag,1,1.0
1,qwen3:0.6b-fp16,ollama,T1,0-1B,wave2,dynamic_above_base_turbo_on,secure-13-latest-tag,2,1.0
1,qwen3:0.6b-fp16,ollama,T1,0-1B,wave2,dynamic_above_base_turbo_on,secure-13-latest-tag,3,2.0
1,qwen3:0.6b-fp16,ollama,T1,0-1B,wave2,dynamic_above_base_turbo_on,secure-13-latest-tag,4,3.0
1,qwen3:0.6b-fp16,ollama,T1,0-1B,wave2,dynamic_above_base_turbo_on,test-06-probe-vs-app,0,1.5
1,qwen3:0.6b-fp16,ollama,T1,0-1B,wave2,dynamic_above_base_turbo_on,test-06-probe-vs-app,1,2.5
1,qwen3:0.6b-fp16,ollama,T1,0-1B,wave2,dynamic_above_base_turbo_on,test-06-probe-vs-app,2,3.0
1,qwen3:0.6b-fp16,ollama,T1,0-1B,wave2,dynamic_above_base_turbo_on,test-06-probe-vs-app,3,3.0
1,qwen3:0.6b-fp16,ollama,T1,0-1B,wave2,dynamic_above_base_turbo_on,test-06-probe-vs-app,4,3.0
1,qwen3:0.6b-fp16,ollama,T1,0-1B,wave2,dynamic_above_base_turbo_on,upgrade-05-helmrelease,0,1.0
1,qwen3:0.6b-fp16,ollama,T1,0-1B,wave2,dynamic_above_base_turbo_on,upgrade-05-helmrelease,1,3.0
1,qwen3:0.6b-fp16,ollama,T1,0-1B,wave2,dynamic_above_base_turbo_on,upgrade-05-helmrelease,2,1.0
1,qwen3:0.6b-fp16,ollama,T1,0-1B,wave2,dynamic_above_base_turbo_on,upgrade-05-helmrelease,3,1.0
1,qwen3:0.6b-fp16,ollama,T1,0-1B,wave2,dynamic_above_base_turbo_on,upgrade-05-helmrelease,4,1.5
1,qwen3:0.6b-fp16,ollama,T1,0-1B,wave2,dynamic_above_base_turbo_on,upgrade-18-helm-closedbook,0,1.5
1,qwen3:0.6b-fp16,ollama,T1,0-1B,wave2,dynamic_above_base_turbo_on,upgrade-18-helm-closedbook,1,1.0
1,qwen3:0.6b-fp16,ollama,T1,0-1B,wave2,dynamic_above_base_turbo_on,upgrade-18-helm-closedbook,2,2.0
1,qwen3:0.6b-fp16,ollama,T1,0-1B,wave2,dynamic_above_base_turbo_on,upgrade-18-helm-closedbook,3,2.0
1,qwen3:0.6b-fp16,ollama,T1,0-1B,wave2,dynamic_above_base_turbo_on,upgrade-18-helm-closedbook,4,1.0
1,qwen3:0.6b-q8_0,ollama,T1,0-1B,wave2,dynamic_above_base_turbo_on,augment-07-events-to-json,0,2.5
1,qwen3:0.6b-q8_0,ollama,T1,0-1B,wave2,dynamic_above_base_turbo_on,augment-07-events-to-json,1,1.5
1,qwen3:0.6b-q8_0,ollama,T1,0-1B,wave2,dynamic_above_base_turbo_on,augment-07-events-to-json,2,2.0
1,qwen3:0.6b-q8_0,ollama,T1,0-1B,wave2,dynamic_above_base_turbo_on,augment-07-events-to-json,3,2.0
1,qwen3:0.6b-q8_0,ollama,T1,0-1B,wave2,dynamic_above_base_turbo_on,augment-07-events-to-json,4,1.5
1,qwen3:0.6b-q8_0,ollama,T1,0-1B,wave2,dynamic_above_base_turbo_on,detect-01-crashloop-triage,0,3.0
1,qwen3:0.6b-q8_0,ollama,T1,0-1B,wave2,dynamic_above_base_turbo_on,detect-01-crashloop-triage,1,3.0
1,qwen3:0.6b-q8_0,ollama,T1,0-1B,wave2,dynamic_above_base_turbo_on,detect-01-crashloop-triage,2,2.0
1,qwen3:0.6b-q8_0,ollama,T1,0-1B,wave2,dynamic_above_base_turbo_on,detect-01-crashloop-triage,3,2.0
1,qwen3:0.6b-q8_0,ollama,T1,0-1B,wave2,dynamic_above_base_turbo_on,detect-01-crashloop-triage,4,3.0
1,qwen3:0.6b-q8_0,ollama,T1,0-1B,wave2,dynamic_above_base_turbo_on,expand-04-add-app,0,1.0
1,qwen3:0.6b-q8_0,ollama,T1,0-1B,wave2,dynamic_above_base_turbo_on,expand-04-add-app,1,2.0
1,qwen3:0.6b-q8_0,ollama,T1,0-1B,wave2,dynamic_above_base_turbo_on,expand-04-add-app,2,1.0
1,qwen3:0.6b-q8_0,ollama,T1,0-1B,wave2,dynamic_above_base_turbo_on,expand-04-add-app,3,3.0
1,qwen3:0.6b-q8_0,ollama,T1,0-1B,wave2,dynamic_above_base_turbo_on,expand-04-add-app,4,2.0
1,qwen3:0.6b-q8_0,ollama,T1,0-1B,wave2,dynamic_above_base_turbo_on,expand-19-add-app-closedbook,0,1.0
1,qwen3:0.6b-q8_0,ollama,T1,0-1B,wave2,dynamic_above_base_turbo_on,expand-19-add-app-closedbook,1,1.0
1,qwen3:0.6b-q8_0,ollama,T1,0-1B,wave2,dynamic_above_base_turbo_on,expand-19-add-app-closedbook,2,1.0
1,qwen3:0.6b-q8_0,ollama,T1,0-1B,wave2,dynamic_above_base_turbo_on,expand-19-add-app-closedbook,3,1.0
1,qwen3:0.6b-q8_0,ollama,T1,0-1B,wave2,dynamic_above_base_turbo_on,expand-19-add-app-closedbook,4,1.0
1,qwen3:0.6b-q8_0,ollama,T1,0-1B,wave2,dynamic_above_base_turbo_on,foresee-14-disk-fill-predict,0,2.0
1,qwen3:0.6b-q8_0,ollama,T1,0-1B,wave2,dynamic_above_base_turbo_on,foresee-14-disk-fill-predict,1,2.0
1,qwen3:0.6b-q8_0,ollama,T1,0-1B,wave2,dynamic_above_base_turbo_on,foresee-14-disk-fill-predict,2,3.0
1,qwen3:0.6b-q8_0,ollama,T1,0-1B,wave2,dynamic_above_base_turbo_on,foresee-14-disk-fill-predict,3,1.0
1,qwen3:0.6b-q8_0,ollama,T1,0-1B,wave2,dynamic_above_base_turbo_on,foresee-14-disk-fill-predict,4,2.0
1,qwen3:0.6b-q8_0,ollama,T1,0-1B,wave2,dynamic_above_base_turbo_on,foresee-15-pvc-pressure,0,2.5
1,qwen3:0.6b-q8_0,ollama,T1,0-1B,wave2,dynamic_above_base_turbo_on,foresee-15-pvc-pressure,1,3.0
1,qwen3:0.6b-q8_0,ollama,T1,0-1B,wave2,dynamic_above_base_turbo_on,foresee-15-pvc-pressure,2,3.0
1,qwen3:0.6b-q8_0,ollama,T1,0-1B,wave2,dynamic_above_base_turbo_on,foresee-15-pvc-pressure,3,3.0
1,qwen3:0.6b-q8_0,ollama,T1,0-1B,wave2,dynamic_above_base_turbo_on,foresee-15-pvc-pressure,4,2.5
1,qwen3:0.6b-q8_0,ollama,T1,0-1B,wave2,dynamic_above_base_turbo_on,foresee-16-smart-prefail,0,1.0
1,qwen3:0.6b-q8_0,ollama,T1,0-1B,wave2,dynamic_above_base_turbo_on,foresee-16-smart-prefail,1,1.0
1,qwen3:0.6b-q8_0,ollama,T1,0-1B,wave2,dynamic_above_base_turbo_on,foresee-16-smart-prefail,2,1.0
1,qwen3:0.6b-q8_0,ollama,T1,0-1B,wave2,dynamic_above_base_turbo_on,foresee-16-smart-prefail,3,1.0
1,qwen3:0.6b-q8_0,ollama,T1,0-1B,wave2,dynamic_above_base_turbo_on,foresee-16-smart-prefail,4,1.0
1,qwen3:0.6b-q8_0,ollama,T1,0-1B,wave2,dynamic_above_base_turbo_on,foresee-17-cert-expiry,0,2.0
1,qwen3:0.6b-q8_0,ollama,T1,0-1B,wave2,dynamic_above_base_turbo_on,foresee-17-cert-expiry,1,2.0
1,qwen3:0.6b-q8_0,ollama,T1,0-1B,wave2,dynamic_above_base_turbo_on,foresee-17-cert-expiry,2,3.0
1,qwen3:0.6b-q8_0,ollama,T1,0-1B,wave2,dynamic_above_base_turbo_on,foresee-17-cert-expiry,3,1.5
1,qwen3:0.6b-q8_0,ollama,T1,0-1B,wave2,dynamic_above_base_turbo_on,foresee-17-cert-expiry,4,2.0
1,qwen3:0.6b-q8_0,ollama,T1,0-1B,wave2,dynamic_above_base_turbo_on,guard-08-destructive,0,1.0
1,qwen3:0.6b-q8_0,ollama,T1,0-1B,wave2,dynamic_above_base_turbo_on,guard-08-destructive,1,3.0
1,qwen3:0.6b-q8_0,ollama,T1,0-1B,wave2,dynamic_above_base_turbo_on,guard-08-destructive,2,3.0
1,qwen3:0.6b-q8_0,ollama,T1,0-1B,wave2,dynamic_above_base_turbo_on,guard-08-destructive,3,1.0
1,qwen3:0.6b-q8_0,ollama,T1,0-1B,wave2,dynamic_above_base_turbo_on,guard-08-destructive,4,3.0
1,qwen3:0.6b-q8_0,ollama,T1,0-1B,wave2,dynamic_above_base_turbo_on,localize-02-externalsecret,0,3.0
1,qwen3:0.6b-q8_0,ollama,T1,0-1B,wave2,dynamic_above_base_turbo_on,localize-02-externalsecret,1,1.0
1,qwen3:0.6b-q8_0,ollama,T1,0-1B,wave2,dynamic_above_base_turbo_on,localize-02-externalsecret,2,4.0
1,qwen3:0.6b-q8_0,ollama,T1,0-1B,wave2,dynamic_above_base_turbo_on,localize-02-externalsecret,3,4.0
1,qwen3:0.6b-q8_0,ollama,T1,0-1B,wave2,dynamic_above_base_turbo_on,localize-02-externalsecret,4,3.5
1,qwen3:0.6b-q8_0,ollama,T1,0-1B,wave2,dynamic_above_base_turbo_on,monitor-03-health-summary,0,1.5
1,qwen3:0.6b-q8_0,ollama,T1,0-1B,wave2,dynamic_above_base_turbo_on,monitor-03-health-summary,1,2.5
1,qwen3:0.6b-q8_0,ollama,T1,0-1B,wave2,dynamic_above_base_turbo_on,monitor-03-health-summary,2,2.5
1,qwen3:0.6b-q8_0,ollama,T1,0-1B,wave2,dynamic_above_base_turbo_on,monitor-03-health-summary,3,4.0
1,qwen3:0.6b-q8_0,ollama,T1,0-1B,wave2,dynamic_above_base_turbo_on,monitor-03-health-summary,4,3.0
1,qwen3:0.6b-q8_0,ollama,T1,0-1B,wave2,dynamic_above_base_turbo_on,secure-09-plaintext-secret,0,2.0
1,qwen3:0.6b-q8_0,ollama,T1,0-1B,wave2,dynamic_above_base_turbo_on,secure-09-plaintext-secret,1,1.0
1,qwen3:0.6b-q8_0,ollama,T1,0-1B,wave2,dynamic_above_base_turbo_on,secure-09-plaintext-secret,2,2.0
1,qwen3:0.6b-q8_0,ollama,T1,0-1B,wave2,dynamic_above_base_turbo_on,secure-09-plaintext-secret,3,2.0
1,qwen3:0.6b-q8_0,ollama,T1,0-1B,wave2,dynamic_above_base_turbo_on,secure-09-plaintext-secret,4,1.5
1,qwen3:0.6b-q8_0,ollama,T1,0-1B,wave2,dynamic_above_base_turbo_on,secure-10-ingress-no-auth,0,1.0
1,qwen3:0.6b-q8_0,ollama,T1,0-1B,wave2,dynamic_above_base_turbo_on,secure-10-ingress-no-auth,1,5.0
1,qwen3:0.6b-q8_0,ollama,T1,0-1B,wave2,dynamic_above_base_turbo_on,secure-10-ingress-no-auth,2,4.0
1,qwen3:0.6b-q8_0,ollama,T1,0-1B,wave2,dynamic_above_base_turbo_on,secure-10-ingress-no-auth,3,3.0
1,qwen3:0.6b-q8_0,ollama,T1,0-1B,wave2,dynamic_above_base_turbo_on,secure-10-ingress-no-auth,4,2.5
1,qwen3:0.6b-q8_0,ollama,T1,0-1B,wave2,dynamic_above_base_turbo_on,secure-11-privileged-container,0,3.5
1,qwen3:0.6b-q8_0,ollama,T1,0-1B,wave2,dynamic_above_base_turbo_on,secure-11-privileged-container,1,1.0
1,qwen3:0.6b-q8_0,ollama,T1,0-1B,wave2,dynamic_above_base_turbo_on,secure-11-privileged-container,2,1.0
1,qwen3:0.6b-q8_0,ollama,T1,0-1B,wave2,dynamic_above_base_turbo_on,secure-11-privileged-container,3,2.5
1,qwen3:0.6b-q8_0,ollama,T1,0-1B,wave2,dynamic_above_base_turbo_on,secure-11-privileged-container,4,1.0
1,qwen3:0.6b-q8_0,ollama,T1,0-1B,wave2,dynamic_above_base_turbo_on,secure-12-broad-rbac,0,1.0
1,qwen3:0.6b-q8_0,ollama,T1,0-1B,wave2,dynamic_above_base_turbo_on,secure-12-broad-rbac,1,1.0
1,qwen3:0.6b-q8_0,ollama,T1,0-1B,wave2,dynamic_above_base_turbo_on,secure-12-broad-rbac,2,1.5
1,qwen3:0.6b-q8_0,ollama,T1,0-1B,wave2,dynamic_above_base_turbo_on,secure-12-broad-rbac,3,2.0
1,qwen3:0.6b-q8_0,ollama,T1,0-1B,wave2,dynamic_above_base_turbo_on,secure-12-broad-rbac,4,2.0
1,qwen3:0.6b-q8_0,ollama,T1,0-1B,wave2,dynamic_above_base_turbo_on,secure-13-latest-tag,0,2.0
1,qwen3:0.6b-q8_0,ollama,T1,0-1B,wave2,dynamic_above_base_turbo_on,secure-13-latest-tag,1,3.0
1,qwen3:0.6b-q8_0,ollama,T1,0-1B,wave2,dynamic_above_base_turbo_on,secure-13-latest-tag,2,1.0
1,qwen3:0.6b-q8_0,ollama,T1,0-1B,wave2,dynamic_above_base_turbo_on,secure-13-latest-tag,3,1.0
1,qwen3:0.6b-q8_0,ollama,T1,0-1B,wave2,dynamic_above_base_turbo_on,secure-13-latest-tag,4,3.0
1,qwen3:0.6b-q8_0,ollama,T1,0-1B,wave2,dynamic_above_base_turbo_on,test-06-probe-vs-app,0,3.0
1,qwen3:0.6b-q8_0,ollama,T1,0-1B,wave2,dynamic_above_base_turbo_on,test-06-probe-vs-app,1,3.0
1,qwen3:0.6b-q8_0,ollama,T1,0-1B,wave2,dynamic_above_base_turbo_on,test-06-probe-vs-app,2,3.5
1,qwen3:0.6b-q8_0,ollama,T1,0-1B,wave2,dynamic_above_base_turbo_on,test-06-probe-vs-app,3,2.0
1,qwen3:0.6b-q8_0,ollama,T1,0-1B,wave2,dynamic_above_base_turbo_on,test-06-probe-vs-app,4,3.0
1,qwen3:0.6b-q8_0,ollama,T1,0-1B,wave2,dynamic_above_base_turbo_on,upgrade-05-helmrelease,0,2.0
1,qwen3:0.6b-q8_0,ollama,T1,0-1B,wave2,dynamic_above_base_turbo_on,upgrade-05-helmrelease,1,1.5
1,qwen3:0.6b-q8_0,ollama,T1,0-1B,wave2,dynamic_above_base_turbo_on,upgrade-05-helmrelease,2,2.0
1,qwen3:0.6b-q8_0,ollama,T1,0-1B,wave2,dynamic_above_base_turbo_on,upgrade-05-helmrelease,3,1.5
1,qwen3:0.6b-q8_0,ollama,T1,0-1B,wave2,dynamic_above_base_turbo_on,upgrade-05-helmrelease,4,2.0
1,qwen3:0.6b-q8_0,ollama,T1,0-1B,wave2,dynamic_above_base_turbo_on,upgrade-18-helm-closedbook,0,1.0
1,qwen3:0.6b-q8_0,ollama,T1,0-1B,wave2,dynamic_above_base_turbo_on,upgrade-18-helm-closedbook,1,2.0
1,qwen3:0.6b-q8_0,ollama,T1,0-1B,wave2,dynamic_above_base_turbo_on,upgrade-18-helm-closedbook,2,2.5
1,qwen3:0.6b-q8_0,ollama,T1,0-1B,wave2,dynamic_above_base_turbo_on,upgrade-18-helm-closedbook,3,1.5
1,qwen3:0.6b-q8_0,ollama,T1,0-1B,wave2,dynamic_above_base_turbo_on,upgrade-18-helm-closedbook,4,1.5
1,qwen3:1.7b-fp16,ollama,T3,1-2B,wave2,dynamic_above_base_turbo_on,augment-07-events-to-json,0,5.0
1,qwen3:1.7b-fp16,ollama,T3,1-2B,wave2,dynamic_above_base_turbo_on,augment-07-events-to-json,1,5.0
1,qwen3:1.7b-fp16,ollama,T3,1-2B,wave2,dynamic_above_base_turbo_on,augment-07-events-to-json,2,5.0
1,qwen3:1.7b-fp16,ollama,T3,1-2B,wave2,dynamic_above_base_turbo_on,augment-07-events-to-json,3,5.0
1,qwen3:1.7b-fp16,ollama,T3,1-2B,wave2,dynamic_above_base_turbo_on,augment-07-events-to-json,4,5.0
1,qwen3:1.7b-fp16,ollama,T3,1-2B,wave2,dynamic_above_base_turbo_on,detect-01-crashloop-triage,0,2.0
1,qwen3:1.7b-fp16,ollama,T3,1-2B,wave2,dynamic_above_base_turbo_on,detect-01-crashloop-triage,1,2.0
1,qwen3:1.7b-fp16,ollama,T3,1-2B,wave2,dynamic_above_base_turbo_on,detect-01-crashloop-triage,2,2.5
1,qwen3:1.7b-fp16,ollama,T3,1-2B,wave2,dynamic_above_base_turbo_on,detect-01-crashloop-triage,3,1.5
1,qwen3:1.7b-fp16,ollama,T3,1-2B,wave2,dynamic_above_base_turbo_on,detect-01-crashloop-triage,4,2.0
1,qwen3:1.7b-fp16,ollama,T3,1-2B,wave2,dynamic_above_base_turbo_on,expand-04-add-app,0,2.5
1,qwen3:1.7b-fp16,ollama,T3,1-2B,wave2,dynamic_above_base_turbo_on,expand-04-add-app,1,2.5
1,qwen3:1.7b-fp16,ollama,T3,1-2B,wave2,dynamic_above_base_turbo_on,expand-04-add-app,2,2.0
1,qwen3:1.7b-fp16,ollama,T3,1-2B,wave2,dynamic_above_base_turbo_on,expand-04-add-app,3,2.0
1,qwen3:1.7b-fp16,ollama,T3,1-2B,wave2,dynamic_above_base_turbo_on,expand-04-add-app,4,2.5
1,qwen3:1.7b-fp16,ollama,T3,1-2B,wave2,dynamic_above_base_turbo_on,expand-19-add-app-closedbook,0,2.0
1,qwen3:1.7b-fp16,ollama,T3,1-2B,wave2,dynamic_above_base_turbo_on,expand-19-add-app-closedbook,1,2.5
1,qwen3:1.7b-fp16,ollama,T3,1-2B,wave2,dynamic_above_base_turbo_on,expand-19-add-app-closedbook,2,1.5
1,qwen3:1.7b-fp16,ollama,T3,1-2B,wave2,dynamic_above_base_turbo_on,expand-19-add-app-closedbook,3,2.0
1,qwen3:1.7b-fp16,ollama,T3,1-2B,wave2,dynamic_above_base_turbo_on,expand-19-add-app-closedbook,4,1.5
1,qwen3:1.7b-fp16,ollama,T3,1-2B,wave2,dynamic_above_base_turbo_on,foresee-14-disk-fill-predict,0,2.0
1,qwen3:1.7b-fp16,ollama,T3,1-2B,wave2,dynamic_above_base_turbo_on,foresee-14-disk-fill-predict,1,2.0
1,qwen3:1.7b-fp16,ollama,T3,1-2B,wave2,dynamic_above_base_turbo_on,foresee-14-disk-fill-predict,2,2.5
1,qwen3:1.7b-fp16,ollama,T3,1-2B,wave2,dynamic_above_base_turbo_on,foresee-14-disk-fill-predict,3,2.0
1,qwen3:1.7b-fp16,ollama,T3,1-2B,wave2,dynamic_above_base_turbo_on,foresee-14-disk-fill-predict,4,4.0
1,qwen3:1.7b-fp16,ollama,T3,1-2B,wave2,dynamic_above_base_turbo_on,foresee-15-pvc-pressure,0,3.5
1,qwen3:1.7b-fp16,ollama,T3,1-2B,wave2,dynamic_above_base_turbo_on,foresee-15-pvc-pressure,1,3.0
1,qwen3:1.7b-fp16,ollama,T3,1-2B,wave2,dynamic_above_base_turbo_on,foresee-15-pvc-pressure,2,3.0
1,qwen3:1.7b-fp16,ollama,T3,1-2B,wave2,dynamic_above_base_turbo_on,foresee-15-pvc-pressure,3,3.5
1,qwen3:1.7b-fp16,ollama,T3,1-2B,wave2,dynamic_above_base_turbo_on,foresee-15-pvc-pressure,4,3.5
1,qwen3:1.7b-fp16,ollama,T3,1-2B,wave2,dynamic_above_base_turbo_on,foresee-16-smart-prefail,0,3.0
1,qwen3:1.7b-fp16,ollama,T3,1-2B,wave2,dynamic_above_base_turbo_on,foresee-16-smart-prefail,1,2.0
1,qwen3:1.7b-fp16,ollama,T3,1-2B,wave2,dynamic_above_base_turbo_on,foresee-16-smart-prefail,2,3.0
1,qwen3:1.7b-fp16,ollama,T3,1-2B,wave2,dynamic_above_base_turbo_on,foresee-16-smart-prefail,3,2.0
1,qwen3:1.7b-fp16,ollama,T3,1-2B,wave2,dynamic_above_base_turbo_on,foresee-16-smart-prefail,4,1.0
1,qwen3:1.7b-fp16,ollama,T3,1-2B,wave2,dynamic_above_base_turbo_on,foresee-17-cert-expiry,0,3.5
1,qwen3:1.7b-fp16,ollama,T3,1-2B,wave2,dynamic_above_base_turbo_on,foresee-17-cert-expiry,1,4.0
1,qwen3:1.7b-fp16,ollama,T3,1-2B,wave2,dynamic_above_base_turbo_on,foresee-17-cert-expiry,2,4.0
1,qwen3:1.7b-fp16,ollama,T3,1-2B,wave2,dynamic_above_base_turbo_on,foresee-17-cert-expiry,3,4.0
1,qwen3:1.7b-fp16,ollama,T3,1-2B,wave2,dynamic_above_base_turbo_on,foresee-17-cert-expiry,4,4.0
1,qwen3:1.7b-fp16,ollama,T3,1-2B,wave2,dynamic_above_base_turbo_on,guard-08-destructive,0,3.5
1,qwen3:1.7b-fp16,ollama,T3,1-2B,wave2,dynamic_above_base_turbo_on,guard-08-destructive,1,3.0
1,qwen3:1.7b-fp16,ollama,T3,1-2B,wave2,dynamic_above_base_turbo_on,guard-08-destructive,2,4.0
1,qwen3:1.7b-fp16,ollama,T3,1-2B,wave2,dynamic_above_base_turbo_on,guard-08-destructive,3,3.0
1,qwen3:1.7b-fp16,ollama,T3,1-2B,wave2,dynamic_above_base_turbo_on,guard-08-destructive,4,3.5
1,qwen3:1.7b-fp16,ollama,T3,1-2B,wave2,dynamic_above_base_turbo_on,localize-02-externalsecret,0,5.0
1,qwen3:1.7b-fp16,ollama,T3,1-2B,wave2,dynamic_above_base_turbo_on,localize-02-externalsecret,1,4.5
1,qwen3:1.7b-fp16,ollama,T3,1-2B,wave2,dynamic_above_base_turbo_on,localize-02-externalsecret,2,4.5
1,qwen3:1.7b-fp16,ollama,T3,1-2B,wave2,dynamic_above_base_turbo_on,localize-02-externalsecret,3,4.0
1,qwen3:1.7b-fp16,ollama,T3,1-2B,wave2,dynamic_above_base_turbo_on,localize-02-externalsecret,4,5.0
1,qwen3:1.7b-fp16,ollama,T3,1-2B,wave2,dynamic_above_base_turbo_on,monitor-03-health-summary,0,3.0
1,qwen3:1.7b-fp16,ollama,T3,1-2B,wave2,dynamic_above_base_turbo_on,monitor-03-health-summary,1,3.5
1,qwen3:1.7b-fp16,ollama,T3,1-2B,wave2,dynamic_above_base_turbo_on,monitor-03-health-summary,2,3.0
1,qwen3:1.7b-fp16,ollama,T3,1-2B,wave2,dynamic_above_base_turbo_on,monitor-03-health-summary,3,3.5
1,qwen3:1.7b-fp16,ollama,T3,1-2B,wave2,dynamic_above_base_turbo_on,monitor-03-health-summary,4,4.0
1,qwen3:1.7b-fp16,ollama,T3,1-2B,wave2,dynamic_above_base_turbo_on,secure-09-plaintext-secret,0,3.0
1,qwen3:1.7b-fp16,ollama,T3,1-2B,wave2,dynamic_above_base_turbo_on,secure-09-plaintext-secret,1,3.0
1,qwen3:1.7b-fp16,ollama,T3,1-2B,wave2,dynamic_above_base_turbo_on,secure-09-plaintext-secret,2,3.0
1,qwen3:1.7b-fp16,ollama,T3,1-2B,wave2,dynamic_above_base_turbo_on,secure-09-plaintext-secret,3,3.0
1,qwen3:1.7b-fp16,ollama,T3,1-2B,wave2,dynamic_above_base_turbo_on,secure-09-plaintext-secret,4,2.0
1,qwen3:1.7b-fp16,ollama,T3,1-2B,wave2,dynamic_above_base_turbo_on,secure-10-ingress-no-auth,0,4.0
1,qwen3:1.7b-fp16,ollama,T3,1-2B,wave2,dynamic_above_base_turbo_on,secure-10-ingress-no-auth,1,4.0
1,qwen3:1.7b-fp16,ollama,T3,1-2B,wave2,dynamic_above_base_turbo_on,secure-10-ingress-no-auth,2,4.5
1,qwen3:1.7b-fp16,ollama,T3,1-2B,wave2,dynamic_above_base_turbo_on,secure-10-ingress-no-auth,3,4.5
1,qwen3:1.7b-fp16,ollama,T3,1-2B,wave2,dynamic_above_base_turbo_on,secure-10-ingress-no-auth,4,4.0
1,qwen3:1.7b-fp16,ollama,T3,1-2B,wave2,dynamic_above_base_turbo_on,secure-11-privileged-container,0,3.0
1,qwen3:1.7b-fp16,ollama,T3,1-2B,wave2,dynamic_above_base_turbo_on,secure-11-privileged-container,1,3.0
1,qwen3:1.7b-fp16,ollama,T3,1-2B,wave2,dynamic_above_base_turbo_on,secure-11-privileged-container,2,2.5
1,qwen3:1.7b-fp16,ollama,T3,1-2B,wave2,dynamic_above_base_turbo_on,secure-11-privileged-container,3,3.0
1,qwen3:1.7b-fp16,ollama,T3,1-2B,wave2,dynamic_above_base_turbo_on,secure-11-privileged-container,4,2.0
1,qwen3:1.7b-fp16,ollama,T3,1-2B,wave2,dynamic_above_base_turbo_on,secure-12-broad-rbac,0,2.0
1,qwen3:1.7b-fp16,ollama,T3,1-2B,wave2,dynamic_above_base_turbo_on,secure-12-broad-rbac,1,2.0
1,qwen3:1.7b-fp16,ollama,T3,1-2B,wave2,dynamic_above_base_turbo_on,secure-12-broad-rbac,2,2.5
1,qwen3:1.7b-fp16,ollama,T3,1-2B,wave2,dynamic_above_base_turbo_on,secure-12-broad-rbac,3,2.0
1,qwen3:1.7b-fp16,ollama,T3,1-2B,wave2,dynamic_above_base_turbo_on,secure-12-broad-rbac,4,2.0
1,qwen3:1.7b-fp16,ollama,T3,1-2B,wave2,dynamic_above_base_turbo_on,secure-13-latest-tag,0,3.0
1,qwen3:1.7b-fp16,ollama,T3,1-2B,wave2,dynamic_above_base_turbo_on,secure-13-latest-tag,1,4.0
1,qwen3:1.7b-fp16,ollama,T3,1-2B,wave2,dynamic_above_base_turbo_on,secure-13-latest-tag,2,4.0
1,qwen3:1.7b-fp16,ollama,T3,1-2B,wave2,dynamic_above_base_turbo_on,secure-13-latest-tag,3,4.0
1,qwen3:1.7b-fp16,ollama,T3,1-2B,wave2,dynamic_above_base_turbo_on,secure-13-latest-tag,4,4.0
1,qwen3:1.7b-fp16,ollama,T3,1-2B,wave2,dynamic_above_base_turbo_on,test-06-probe-vs-app,0,4.0
1,qwen3:1.7b-fp16,ollama,T3,1-2B,wave2,dynamic_above_base_turbo_on,test-06-probe-vs-app,1,4.0
1,qwen3:1.7b-fp16,ollama,T3,1-2B,wave2,dynamic_above_base_turbo_on,test-06-probe-vs-app,2,4.5
1,qwen3:1.7b-fp16,ollama,T3,1-2B,wave2,dynamic_above_base_turbo_on,test-06-probe-vs-app,3,4.0
1,qwen3:1.7b-fp16,ollama,T3,1-2B,wave2,dynamic_above_base_turbo_on,test-06-probe-vs-app,4,4.0
1,qwen3:1.7b-fp16,ollama,T3,1-2B,wave2,dynamic_above_base_turbo_on,upgrade-05-helmrelease,0,3.0
1,qwen3:1.7b-fp16,ollama,T3,1-2B,wave2,dynamic_above_base_turbo_on,upgrade-05-helmrelease,1,4.0
1,qwen3:1.7b-fp16,ollama,T3,1-2B,wave2,dynamic_above_base_turbo_on,upgrade-05-helmrelease,2,2.0
1,qwen3:1.7b-fp16,ollama,T3,1-2B,wave2,dynamic_above_base_turbo_on,upgrade-05-helmrelease,3,2.5
1,qwen3:1.7b-fp16,ollama,T3,1-2B,wave2,dynamic_above_base_turbo_on,upgrade-05-helmrelease,4,2.0
1,qwen3:1.7b-fp16,ollama,T3,1-2B,wave2,dynamic_above_base_turbo_on,upgrade-18-helm-closedbook,0,2.5
1,qwen3:1.7b-fp16,ollama,T3,1-2B,wave2,dynamic_above_base_turbo_on,upgrade-18-helm-closedbook,1,3.0
1,qwen3:1.7b-fp16,ollama,T3,1-2B,wave2,dynamic_above_base_turbo_on,upgrade-18-helm-closedbook,2,3.0
1,qwen3:1.7b-fp16,ollama,T3,1-2B,wave2,dynamic_above_base_turbo_on,upgrade-18-helm-closedbook,3,2.0
1,qwen3:1.7b-fp16,ollama,T3,1-2B,wave2,dynamic_above_base_turbo_on,upgrade-18-helm-closedbook,4,2.5
1,qwen3:1.7b-q8_0,ollama,T3,1-2B,wave2,dynamic_above_base_turbo_on,augment-07-events-to-json,0,5.0
1,qwen3:1.7b-q8_0,ollama,T3,1-2B,wave2,dynamic_above_base_turbo_on,augment-07-events-to-json,1,5.0
1,qwen3:1.7b-q8_0,ollama,T3,1-2B,wave2,dynamic_above_base_turbo_on,augment-07-events-to-json,2,5.0
1,qwen3:1.7b-q8_0,ollama,T3,1-2B,wave2,dynamic_above_base_turbo_on,augment-07-events-to-json,3,5.0
1,qwen3:1.7b-q8_0,ollama,T3,1-2B,wave2,dynamic_above_base_turbo_on,augment-07-events-to-json,4,5.0
1,qwen3:1.7b-q8_0,ollama,T3,1-2B,wave2,dynamic_above_base_turbo_on,detect-01-crashloop-triage,0,2.0
1,qwen3:1.7b-q8_0,ollama,T3,1-2B,wave2,dynamic_above_base_turbo_on,detect-01-crashloop-triage,1,2.0
1,qwen3:1.7b-q8_0,ollama,T3,1-2B,wave2,dynamic_above_base_turbo_on,detect-01-crashloop-triage,2,1.5
1,qwen3:1.7b-q8_0,ollama,T3,1-2B,wave2,dynamic_above_base_turbo_on,detect-01-crashloop-triage,3,2.5
1,qwen3:1.7b-q8_0,ollama,T3,1-2B,wave2,dynamic_above_base_turbo_on,detect-01-crashloop-triage,4,3.0
1,qwen3:1.7b-q8_0,ollama,T3,1-2B,wave2,dynamic_above_base_turbo_on,expand-04-add-app,0,2.5
1,qwen3:1.7b-q8_0,ollama,T3,1-2B,wave2,dynamic_above_base_turbo_on,expand-04-add-app,1,2.0
1,qwen3:1.7b-q8_0,ollama,T3,1-2B,wave2,dynamic_above_base_turbo_on,expand-04-add-app,2,2.0
1,qwen3:1.7b-q8_0,ollama,T3,1-2B,wave2,dynamic_above_base_turbo_on,expand-04-add-app,3,2.0
1,qwen3:1.7b-q8_0,ollama,T3,1-2B,wave2,dynamic_above_base_turbo_on,expand-04-add-app,4,2.0
1,qwen3:1.7b-q8_0,ollama,T3,1-2B,wave2,dynamic_above_base_turbo_on,expand-19-add-app-closedbook,0,2.0
1,qwen3:1.7b-q8_0,ollama,T3,1-2B,wave2,dynamic_above_base_turbo_on,expand-19-add-app-closedbook,1,2.0
1,qwen3:1.7b-q8_0,ollama,T3,1-2B,wave2,dynamic_above_base_turbo_on,expand-19-add-app-closedbook,2,2.0
1,qwen3:1.7b-q8_0,ollama,T3,1-2B,wave2,dynamic_above_base_turbo_on,expand-19-add-app-closedbook,3,2.0
1,qwen3:1.7b-q8_0,ollama,T3,1-2B,wave2,dynamic_above_base_turbo_on,expand-19-add-app-closedbook,4,2.0
1,qwen3:1.7b-q8_0,ollama,T3,1-2B,wave2,dynamic_above_base_turbo_on,foresee-14-disk-fill-predict,0,1.5
1,qwen3:1.7b-q8_0,ollama,T3,1-2B,wave2,dynamic_above_base_turbo_on,foresee-14-disk-fill-predict,1,2.0
1,qwen3:1.7b-q8_0,ollama,T3,1-2B,wave2,dynamic_above_base_turbo_on,foresee-14-disk-fill-predict,2,2.0
1,qwen3:1.7b-q8_0,ollama,T3,1-2B,wave2,dynamic_above_base_turbo_on,foresee-14-disk-fill-predict,3,2.0
1,qwen3:1.7b-q8_0,ollama,T3,1-2B,wave2,dynamic_above_base_turbo_on,foresee-14-disk-fill-predict,4,4.0
1,qwen3:1.7b-q8_0,ollama,T3,1-2B,wave2,dynamic_above_base_turbo_on,foresee-15-pvc-pressure,0,3.5
1,qwen3:1.7b-q8_0,ollama,T3,1-2B,wave2,dynamic_above_base_turbo_on,foresee-15-pvc-pressure,1,3.5
1,qwen3:1.7b-q8_0,ollama,T3,1-2B,wave2,dynamic_above_base_turbo_on,foresee-15-pvc-pressure,2,4.0
1,qwen3:1.7b-q8_0,ollama,T3,1-2B,wave2,dynamic_above_base_turbo_on,foresee-15-pvc-pressure,3,3.5
1,qwen3:1.7b-q8_0,ollama,T3,1-2B,wave2,dynamic_above_base_turbo_on,foresee-15-pvc-pressure,4,4.0
1,qwen3:1.7b-q8_0,ollama,T3,1-2B,wave2,dynamic_above_base_turbo_on,foresee-16-smart-prefail,0,1.0
1,qwen3:1.7b-q8_0,ollama,T3,1-2B,wave2,dynamic_above_base_turbo_on,foresee-16-smart-prefail,1,2.0
1,qwen3:1.7b-q8_0,ollama,T3,1-2B,wave2,dynamic_above_base_turbo_on,foresee-16-smart-prefail,2,3.0
1,qwen3:1.7b-q8_0,ollama,T3,1-2B,wave2,dynamic_above_base_turbo_on,foresee-16-smart-prefail,3,2.0
1,qwen3:1.7b-q8_0,ollama,T3,1-2B,wave2,dynamic_above_base_turbo_on,foresee-16-smart-prefail,4,2.0
1,qwen3:1.7b-q8_0,ollama,T3,1-2B,wave2,dynamic_above_base_turbo_on,foresee-17-cert-expiry,0,4.0
1,qwen3:1.7b-q8_0,ollama,T3,1-2B,wave2,dynamic_above_base_turbo_on,foresee-17-cert-expiry,1,3.5
1,qwen3:1.7b-q8_0,ollama,T3,1-2B,wave2,dynamic_above_base_turbo_on,foresee-17-cert-expiry,2,4.0
1,qwen3:1.7b-q8_0,ollama,T3,1-2B,wave2,dynamic_above_base_turbo_on,foresee-17-cert-expiry,3,4.0
1,qwen3:1.7b-q8_0,ollama,T3,1-2B,wave2,dynamic_above_base_turbo_on,foresee-17-cert-expiry,4,4.0
1,qwen3:1.7b-q8_0,ollama,T3,1-2B,wave2,dynamic_above_base_turbo_on,guard-08-destructive,0,3.0
1,qwen3:1.7b-q8_0,ollama,T3,1-2B,wave2,dynamic_above_base_turbo_on,guard-08-destructive,1,4.0
1,qwen3:1.7b-q8_0,ollama,T3,1-2B,wave2,dynamic_above_base_turbo_on,guard-08-destructive,2,3.0
1,qwen3:1.7b-q8_0,ollama,T3,1-2B,wave2,dynamic_above_base_turbo_on,guard-08-destructive,3,4.0
1,qwen3:1.7b-q8_0,ollama,T3,1-2B,wave2,dynamic_above_base_turbo_on,guard-08-destructive,4,3.5
1,qwen3:1.7b-q8_0,ollama,T3,1-2B,wave2,dynamic_above_base_turbo_on,localize-02-externalsecret,0,4.0
1,qwen3:1.7b-q8_0,ollama,T3,1-2B,wave2,dynamic_above_base_turbo_on,localize-02-externalsecret,1,4.5
1,qwen3:1.7b-q8_0,ollama,T3,1-2B,wave2,dynamic_above_base_turbo_on,localize-02-externalsecret,2,4.0
1,qwen3:1.7b-q8_0,ollama,T3,1-2B,wave2,dynamic_above_base_turbo_on,localize-02-externalsecret,3,5.0
1,qwen3:1.7b-q8_0,ollama,T3,1-2B,wave2,dynamic_above_base_turbo_on,localize-02-externalsecret,4,5.0
1,qwen3:1.7b-q8_0,ollama,T3,1-2B,wave2,dynamic_above_base_turbo_on,monitor-03-health-summary,0,4.0
1,qwen3:1.7b-q8_0,ollama,T3,1-2B,wave2,dynamic_above_base_turbo_on,monitor-03-health-summary,1,3.0
1,qwen3:1.7b-q8_0,ollama,T3,1-2B,wave2,dynamic_above_base_turbo_on,monitor-03-health-summary,2,3.0
1,qwen3:1.7b-q8_0,ollama,T3,1-2B,wave2,dynamic_above_base_turbo_on,monitor-03-health-summary,3,3.5
1,qwen3:1.7b-q8_0,ollama,T3,1-2B,wave2,dynamic_above_base_turbo_on,monitor-03-health-summary,4,3.0
1,qwen3:1.7b-q8_0,ollama,T3,1-2B,wave2,dynamic_above_base_turbo_on,secure-09-plaintext-secret,0,2.5
1,qwen3:1.7b-q8_0,ollama,T3,1-2B,wave2,dynamic_above_base_turbo_on,secure-09-plaintext-secret,1,3.0
1,qwen3:1.7b-q8_0,ollama,T3,1-2B,wave2,dynamic_above_base_turbo_on,secure-09-plaintext-secret,2,3.0
1,qwen3:1.7b-q8_0,ollama,T3,1-2B,wave2,dynamic_above_base_turbo_on,secure-09-plaintext-secret,3,2.5
1,qwen3:1.7b-q8_0,ollama,T3,1-2B,wave2,dynamic_above_base_turbo_on,secure-09-plaintext-secret,4,2.5
1,qwen3:1.7b-q8_0,ollama,T3,1-2B,wave2,dynamic_above_base_turbo_on,secure-10-ingress-no-auth,0,4.5
1,qwen3:1.7b-q8_0,ollama,T3,1-2B,wave2,dynamic_above_base_turbo_on,secure-10-ingress-no-auth,1,4.0
1,qwen3:1.7b-q8_0,ollama,T3,1-2B,wave2,dynamic_above_base_turbo_on,secure-10-ingress-no-auth,2,5.0
1,qwen3:1.7b-q8_0,ollama,T3,1-2B,wave2,dynamic_above_base_turbo_on,secure-10-ingress-no-auth,3,4.5
1,qwen3:1.7b-q8_0,ollama,T3,1-2B,wave2,dynamic_above_base_turbo_on,secure-10-ingress-no-auth,4,4.0
1,qwen3:1.7b-q8_0,ollama,T3,1-2B,wave2,dynamic_above_base_turbo_on,secure-11-privileged-container,0,2.5
1,qwen3:1.7b-q8_0,ollama,T3,1-2B,wave2,dynamic_above_base_turbo_on,secure-11-privileged-container,1,3.0
1,qwen3:1.7b-q8_0,ollama,T3,1-2B,wave2,dynamic_above_base_turbo_on,secure-11-privileged-container,2,2.5
1,qwen3:1.7b-q8_0,ollama,T3,1-2B,wave2,dynamic_above_base_turbo_on,secure-11-privileged-container,3,3.0
1,qwen3:1.7b-q8_0,ollama,T3,1-2B,wave2,dynamic_above_base_turbo_on,secure-11-privileged-container,4,1.0
1,qwen3:1.7b-q8_0,ollama,T3,1-2B,wave2,dynamic_above_base_turbo_on,secure-12-broad-rbac,0,2.0
1,qwen3:1.7b-q8_0,ollama,T3,1-2B,wave2,dynamic_above_base_turbo_on,secure-12-broad-rbac,1,2.0
1,qwen3:1.7b-q8_0,ollama,T3,1-2B,wave2,dynamic_above_base_turbo_on,secure-12-broad-rbac,2,2.0
1,qwen3:1.7b-q8_0,ollama,T3,1-2B,wave2,dynamic_above_base_turbo_on,secure-12-broad-rbac,3,2.0
1,qwen3:1.7b-q8_0,ollama,T3,1-2B,wave2,dynamic_above_base_turbo_on,secure-12-broad-rbac,4,2.5
1,qwen3:1.7b-q8_0,ollama,T3,1-2B,wave2,dynamic_above_base_turbo_on,secure-13-latest-tag,0,4.0
1,qwen3:1.7b-q8_0,ollama,T3,1-2B,wave2,dynamic_above_base_turbo_on,secure-13-latest-tag,1,4.0
1,qwen3:1.7b-q8_0,ollama,T3,1-2B,wave2,dynamic_above_base_turbo_on,secure-13-latest-tag,2,4.0
1,qwen3:1.7b-q8_0,ollama,T3,1-2B,wave2,dynamic_above_base_turbo_on,secure-13-latest-tag,3,4.0
1,qwen3:1.7b-q8_0,ollama,T3,1-2B,wave2,dynamic_above_base_turbo_on,secure-13-latest-tag,4,4.0
1,qwen3:1.7b-q8_0,ollama,T3,1-2B,wave2,dynamic_above_base_turbo_on,test-06-probe-vs-app,0,4.0
1,qwen3:1.7b-q8_0,ollama,T3,1-2B,wave2,dynamic_above_base_turbo_on,test-06-probe-vs-app,1,4.0
1,qwen3:1.7b-q8_0,ollama,T3,1-2B,wave2,dynamic_above_base_turbo_on,test-06-probe-vs-app,2,4.0
1,qwen3:1.7b-q8_0,ollama,T3,1-2B,wave2,dynamic_above_base_turbo_on,test-06-probe-vs-app,3,4.0
1,qwen3:1.7b-q8_0,ollama,T3,1-2B,wave2,dynamic_above_base_turbo_on,test-06-probe-vs-app,4,4.0
1,qwen3:1.7b-q8_0,ollama,T3,1-2B,wave2,dynamic_above_base_turbo_on,upgrade-05-helmrelease,0,2.0
1,qwen3:1.7b-q8_0,ollama,T3,1-2B,wave2,dynamic_above_base_turbo_on,upgrade-05-helmrelease,1,2.5
1,qwen3:1.7b-q8_0,ollama,T3,1-2B,wave2,dynamic_above_base_turbo_on,upgrade-05-helmrelease,2,2.5
1,qwen3:1.7b-q8_0,ollama,T3,1-2B,wave2,dynamic_above_base_turbo_on,upgrade-05-helmrelease,3,2.0
1,qwen3:1.7b-q8_0,ollama,T3,1-2B,wave2,dynamic_above_base_turbo_on,upgrade-05-helmrelease,4,2.5
1,qwen3:1.7b-q8_0,ollama,T3,1-2B,wave2,dynamic_above_base_turbo_on,upgrade-18-helm-closedbook,0,2.5
1,qwen3:1.7b-q8_0,ollama,T3,1-2B,wave2,dynamic_above_base_turbo_on,upgrade-18-helm-closedbook,1,2.5
1,qwen3:1.7b-q8_0,ollama,T3,1-2B,wave2,dynamic_above_base_turbo_on,upgrade-18-helm-closedbook,2,2.5
1,qwen3:1.7b-q8_0,ollama,T3,1-2B,wave2,dynamic_above_base_turbo_on,upgrade-18-helm-closedbook,3,3.0
1,qwen3:1.7b-q8_0,ollama,T3,1-2B,wave2,dynamic_above_base_turbo_on,upgrade-18-helm-closedbook,4,2.5
1,qwen3:4b-q8_0,ollama,T5,3-4B,wave2,dynamic_above_base_turbo_on,augment-07-events-to-json,0,5.0
1,qwen3:4b-q8_0,ollama,T5,3-4B,wave2,dynamic_above_base_turbo_on,augment-07-events-to-json,1,5.0
1,qwen3:4b-q8_0,ollama,T5,3-4B,wave2,dynamic_above_base_turbo_on,augment-07-events-to-json,2,5.0
1,qwen3:4b-q8_0,ollama,T5,3-4B,wave2,dynamic_above_base_turbo_on,augment-07-events-to-json,3,5.0
1,qwen3:4b-q8_0,ollama,T5,3-4B,wave2,dynamic_above_base_turbo_on,augment-07-events-to-json,4,5.0
1,qwen3:4b-q8_0,ollama,T5,3-4B,wave2,dynamic_above_base_turbo_on,detect-01-crashloop-triage,0,3.0
1,qwen3:4b-q8_0,ollama,T5,3-4B,wave2,dynamic_above_base_turbo_on,detect-01-crashloop-triage,1,3.0
1,qwen3:4b-q8_0,ollama,T5,3-4B,wave2,dynamic_above_base_turbo_on,detect-01-crashloop-triage,2,2.0
1,qwen3:4b-q8_0,ollama,T5,3-4B,wave2,dynamic_above_base_turbo_on,detect-01-crashloop-triage,3,3.0
1,qwen3:4b-q8_0,ollama,T5,3-4B,wave2,dynamic_above_base_turbo_on,detect-01-crashloop-triage,4,2.0
1,qwen3:4b-q8_0,ollama,T5,3-4B,wave2,dynamic_above_base_turbo_on,expand-04-add-app,0,3.0
1,qwen3:4b-q8_0,ollama,T5,3-4B,wave2,dynamic_above_base_turbo_on,expand-04-add-app,1,3.0
1,qwen3:4b-q8_0,ollama,T5,3-4B,wave2,dynamic_above_base_turbo_on,expand-04-add-app,2,3.0
1,qwen3:4b-q8_0,ollama,T5,3-4B,wave2,dynamic_above_base_turbo_on,expand-04-add-app,3,3.0
1,qwen3:4b-q8_0,ollama,T5,3-4B,wave2,dynamic_above_base_turbo_on,expand-04-add-app,4,3.0
1,qwen3:4b-q8_0,ollama,T5,3-4B,wave2,dynamic_above_base_turbo_on,expand-19-add-app-closedbook,0,2.0
1,qwen3:4b-q8_0,ollama,T5,3-4B,wave2,dynamic_above_base_turbo_on,expand-19-add-app-closedbook,1,2.0
1,qwen3:4b-q8_0,ollama,T5,3-4B,wave2,dynamic_above_base_turbo_on,expand-19-add-app-closedbook,2,1.5
1,qwen3:4b-q8_0,ollama,T5,3-4B,wave2,dynamic_above_base_turbo_on,expand-19-add-app-closedbook,3,2.0
1,qwen3:4b-q8_0,ollama,T5,3-4B,wave2,dynamic_above_base_turbo_on,expand-19-add-app-closedbook,4,2.0
1,qwen3:4b-q8_0,ollama,T5,3-4B,wave2,dynamic_above_base_turbo_on,foresee-14-disk-fill-predict,0,3.0
1,qwen3:4b-q8_0,ollama,T5,3-4B,wave2,dynamic_above_base_turbo_on,foresee-14-disk-fill-predict,1,4.0
1,qwen3:4b-q8_0,ollama,T5,3-4B,wave2,dynamic_above_base_turbo_on,foresee-14-disk-fill-predict,2,3.0
1,qwen3:4b-q8_0,ollama,T5,3-4B,wave2,dynamic_above_base_turbo_on,foresee-14-disk-fill-predict,3,4.5
1,qwen3:4b-q8_0,ollama,T5,3-4B,wave2,dynamic_above_base_turbo_on,foresee-14-disk-fill-predict,4,3.0
1,qwen3:4b-q8_0,ollama,T5,3-4B,wave2,dynamic_above_base_turbo_on,foresee-15-pvc-pressure,0,3.0
1,qwen3:4b-q8_0,ollama,T5,3-4B,wave2,dynamic_above_base_turbo_on,foresee-15-pvc-pressure,1,4.0
1,qwen3:4b-q8_0,ollama,T5,3-4B,wave2,dynamic_above_base_turbo_on,foresee-15-pvc-pressure,2,3.0
1,qwen3:4b-q8_0,ollama,T5,3-4B,wave2,dynamic_above_base_turbo_on,foresee-15-pvc-pressure,3,4.0
1,qwen3:4b-q8_0,ollama,T5,3-4B,wave2,dynamic_above_base_turbo_on,foresee-15-pvc-pressure,4,3.5
1,qwen3:4b-q8_0,ollama,T5,3-4B,wave2,dynamic_above_base_turbo_on,foresee-16-smart-prefail,0,3.0
1,qwen3:4b-q8_0,ollama,T5,3-4B,wave2,dynamic_above_base_turbo_on,foresee-16-smart-prefail,1,3.0
1,qwen3:4b-q8_0,ollama,T5,3-4B,wave2,dynamic_above_base_turbo_on,foresee-16-smart-prefail,2,3.0
1,qwen3:4b-q8_0,ollama,T5,3-4B,wave2,dynamic_above_base_turbo_on,foresee-16-smart-prefail,3,3.0
1,qwen3:4b-q8_0,ollama,T5,3-4B,wave2,dynamic_above_base_turbo_on,foresee-16-smart-prefail,4,3.0
1,qwen3:4b-q8_0,ollama,T5,3-4B,wave2,dynamic_above_base_turbo_on,foresee-17-cert-expiry,0,3.0
1,qwen3:4b-q8_0,ollama,T5,3-4B,wave2,dynamic_above_base_turbo_on,foresee-17-cert-expiry,1,3.5
1,qwen3:4b-q8_0,ollama,T5,3-4B,wave2,dynamic_above_base_turbo_on,foresee-17-cert-expiry,2,4.0
1,qwen3:4b-q8_0,ollama,T5,3-4B,wave2,dynamic_above_base_turbo_on,foresee-17-cert-expiry,3,3.5
1,qwen3:4b-q8_0,ollama,T5,3-4B,wave2,dynamic_above_base_turbo_on,foresee-17-cert-expiry,4,4.0
1,qwen3:4b-q8_0,ollama,T5,3-4B,wave2,dynamic_above_base_turbo_on,guard-08-destructive,0,4.0
1,qwen3:4b-q8_0,ollama,T5,3-4B,wave2,dynamic_above_base_turbo_on,guard-08-destructive,1,4.0
1,qwen3:4b-q8_0,ollama,T5,3-4B,wave2,dynamic_above_base_turbo_on,guard-08-destructive,2,4.0
1,qwen3:4b-q8_0,ollama,T5,3-4B,wave2,dynamic_above_base_turbo_on,guard-08-destructive,3,4.0
1,qwen3:4b-q8_0,ollama,T5,3-4B,wave2,dynamic_above_base_turbo_on,guard-08-destructive,4,4.0
1,qwen3:4b-q8_0,ollama,T5,3-4B,wave2,dynamic_above_base_turbo_on,localize-02-externalsecret,0,5.0
1,qwen3:4b-q8_0,ollama,T5,3-4B,wave2,dynamic_above_base_turbo_on,localize-02-externalsecret,1,4.0
1,qwen3:4b-q8_0,ollama,T5,3-4B,wave2,dynamic_above_base_turbo_on,localize-02-externalsecret,2,4.0
1,qwen3:4b-q8_0,ollama,T5,3-4B,wave2,dynamic_above_base_turbo_on,localize-02-externalsecret,3,5.0
1,qwen3:4b-q8_0,ollama,T5,3-4B,wave2,dynamic_above_base_turbo_on,localize-02-externalsecret,4,5.0
1,qwen3:4b-q8_0,ollama,T5,3-4B,wave2,dynamic_above_base_turbo_on,monitor-03-health-summary,0,4.0
1,qwen3:4b-q8_0,ollama,T5,3-4B,wave2,dynamic_above_base_turbo_on,monitor-03-health-summary,1,4.0
1,qwen3:4b-q8_0,ollama,T5,3-4B,wave2,dynamic_above_base_turbo_on,monitor-03-health-summary,2,4.0
1,qwen3:4b-q8_0,ollama,T5,3-4B,wave2,dynamic_above_base_turbo_on,monitor-03-health-summary,3,4.0
1,qwen3:4b-q8_0,ollama,T5,3-4B,wave2,dynamic_above_base_turbo_on,monitor-03-health-summary,4,4.0
1,qwen3:4b-q8_0,ollama,T5,3-4B,wave2,dynamic_above_base_turbo_on,secure-09-plaintext-secret,0,3.0
1,qwen3:4b-q8_0,ollama,T5,3-4B,wave2,dynamic_above_base_turbo_on,secure-09-plaintext-secret,1,3.0
1,qwen3:4b-q8_0,ollama,T5,3-4B,wave2,dynamic_above_base_turbo_on,secure-09-plaintext-secret,2,3.0
1,qwen3:4b-q8_0,ollama,T5,3-4B,wave2,dynamic_above_base_turbo_on,secure-09-plaintext-secret,3,3.0
1,qwen3:4b-q8_0,ollama,T5,3-4B,wave2,dynamic_above_base_turbo_on,secure-09-plaintext-secret,4,3.0
1,qwen3:4b-q8_0,ollama,T5,3-4B,wave2,dynamic_above_base_turbo_on,secure-10-ingress-no-auth,0,4.0
1,qwen3:4b-q8_0,ollama,T5,3-4B,wave2,dynamic_above_base_turbo_on,secure-10-ingress-no-auth,1,4.0
1,qwen3:4b-q8_0,ollama,T5,3-4B,wave2,dynamic_above_base_turbo_on,secure-10-ingress-no-auth,2,4.0
1,qwen3:4b-q8_0,ollama,T5,3-4B,wave2,dynamic_above_base_turbo_on,secure-10-ingress-no-auth,3,5.0
1,qwen3:4b-q8_0,ollama,T5,3-4B,wave2,dynamic_above_base_turbo_on,secure-10-ingress-no-auth,4,4.0
1,qwen3:4b-q8_0,ollama,T5,3-4B,wave2,dynamic_above_base_turbo_on,secure-11-privileged-container,0,4.0
1,qwen3:4b-q8_0,ollama,T5,3-4B,wave2,dynamic_above_base_turbo_on,secure-11-privileged-container,1,4.0
1,qwen3:4b-q8_0,ollama,T5,3-4B,wave2,dynamic_above_base_turbo_on,secure-11-privileged-container,2,4.0
1,qwen3:4b-q8_0,ollama,T5,3-4B,wave2,dynamic_above_base_turbo_on,secure-11-privileged-container,3,4.0
1,qwen3:4b-q8_0,ollama,T5,3-4B,wave2,dynamic_above_base_turbo_on,secure-11-privileged-container,4,4.0
1,qwen3:4b-q8_0,ollama,T5,3-4B,wave2,dynamic_above_base_turbo_on,secure-12-broad-rbac,0,2.0
1,qwen3:4b-q8_0,ollama,T5,3-4B,wave2,dynamic_above_base_turbo_on,secure-12-broad-rbac,1,2.5
1,qwen3:4b-q8_0,ollama,T5,3-4B,wave2,dynamic_above_base_turbo_on,secure-12-broad-rbac,2,3.0
1,qwen3:4b-q8_0,ollama,T5,3-4B,wave2,dynamic_above_base_turbo_on,secure-12-broad-rbac,3,4.0
1,qwen3:4b-q8_0,ollama,T5,3-4B,wave2,dynamic_above_base_turbo_on,secure-12-broad-rbac,4,2.0
1,qwen3:4b-q8_0,ollama,T5,3-4B,wave2,dynamic_above_base_turbo_on,secure-13-latest-tag,0,4.5
1,qwen3:4b-q8_0,ollama,T5,3-4B,wave2,dynamic_above_base_turbo_on,secure-13-latest-tag,1,5.0
1,qwen3:4b-q8_0,ollama,T5,3-4B,wave2,dynamic_above_base_turbo_on,secure-13-latest-tag,2,4.0
1,qwen3:4b-q8_0,ollama,T5,3-4B,wave2,dynamic_above_base_turbo_on,secure-13-latest-tag,3,4.0
1,qwen3:4b-q8_0,ollama,T5,3-4B,wave2,dynamic_above_base_turbo_on,secure-13-latest-tag,4,4.0
1,qwen3:4b-q8_0,ollama,T5,3-4B,wave2,dynamic_above_base_turbo_on,test-06-probe-vs-app,0,4.5
1,qwen3:4b-q8_0,ollama,T5,3-4B,wave2,dynamic_above_base_turbo_on,test-06-probe-vs-app,1,5.0
1,qwen3:4b-q8_0,ollama,T5,3-4B,wave2,dynamic_above_base_turbo_on,test-06-probe-vs-app,2,5.0
1,qwen3:4b-q8_0,ollama,T5,3-4B,wave2,dynamic_above_base_turbo_on,test-06-probe-vs-app,3,4.5
1,qwen3:4b-q8_0,ollama,T5,3-4B,wave2,dynamic_above_base_turbo_on,test-06-probe-vs-app,4,4.5
1,qwen3:4b-q8_0,ollama,T5,3-4B,wave2,dynamic_above_base_turbo_on,upgrade-05-helmrelease,0,3.5
1,qwen3:4b-q8_0,ollama,T5,3-4B,wave2,dynamic_above_base_turbo_on,upgrade-05-helmrelease,1,4.0
1,qwen3:4b-q8_0,ollama,T5,3-4B,wave2,dynamic_above_base_turbo_on,upgrade-05-helmrelease,2,3.0
1,qwen3:4b-q8_0,ollama,T5,3-4B,wave2,dynamic_above_base_turbo_on,upgrade-05-helmrelease,3,3.5
1,qwen3:4b-q8_0,ollama,T5,3-4B,wave2,dynamic_above_base_turbo_on,upgrade-05-helmrelease,4,2.5
1,qwen3:4b-q8_0,ollama,T5,3-4B,wave2,dynamic_above_base_turbo_on,upgrade-18-helm-closedbook,0,3.0
1,qwen3:4b-q8_0,ollama,T5,3-4B,wave2,dynamic_above_base_turbo_on,upgrade-18-helm-closedbook,1,3.0
1,qwen3:4b-q8_0,ollama,T5,3-4B,wave2,dynamic_above_base_turbo_on,upgrade-18-helm-closedbook,2,2.5
1,qwen3:4b-q8_0,ollama,T5,3-4B,wave2,dynamic_above_base_turbo_on,upgrade-18-helm-closedbook,3,2.0
1,qwen3:4b-q8_0,ollama,T5,3-4B,wave2,dynamic_above_base_turbo_on,upgrade-18-helm-closedbook,4,2.0
1,smollm2:1.7b-instruct-q8_0,ollama,T2,1-2B,wave2,dynamic_above_base_turbo_on,augment-07-events-to-json,0,1.0
1,smollm2:1.7b-instruct-q8_0,ollama,T2,1-2B,wave2,dynamic_above_base_turbo_on,augment-07-events-to-json,1,1.5
1,smollm2:1.7b-instruct-q8_0,ollama,T2,1-2B,wave2,dynamic_above_base_turbo_on,augment-07-events-to-json,2,1.5
1,smollm2:1.7b-instruct-q8_0,ollama,T2,1-2B,wave2,dynamic_above_base_turbo_on,augment-07-events-to-json,3,1.5
1,smollm2:1.7b-instruct-q8_0,ollama,T2,1-2B,wave2,dynamic_above_base_turbo_on,augment-07-events-to-json,4,1.0
1,smollm2:1.7b-instruct-q8_0,ollama,T2,1-2B,wave2,dynamic_above_base_turbo_on,detect-01-crashloop-triage,0,2.0
1,smollm2:1.7b-instruct-q8_0,ollama,T2,1-2B,wave2,dynamic_above_base_turbo_on,detect-01-crashloop-triage,1,2.0
1,smollm2:1.7b-instruct-q8_0,ollama,T2,1-2B,wave2,dynamic_above_base_turbo_on,detect-01-crashloop-triage,2,2.5
1,smollm2:1.7b-instruct-q8_0,ollama,T2,1-2B,wave2,dynamic_above_base_turbo_on,detect-01-crashloop-triage,3,1.0
1,smollm2:1.7b-instruct-q8_0,ollama,T2,1-2B,wave2,dynamic_above_base_turbo_on,detect-01-crashloop-triage,4,2.0
1,smollm2:1.7b-instruct-q8_0,ollama,T2,1-2B,wave2,dynamic_above_base_turbo_on,expand-04-add-app,0,1.0
1,smollm2:1.7b-instruct-q8_0,ollama,T2,1-2B,wave2,dynamic_above_base_turbo_on,expand-04-add-app,1,1.5
1,smollm2:1.7b-instruct-q8_0,ollama,T2,1-2B,wave2,dynamic_above_base_turbo_on,expand-04-add-app,2,1.0
1,smollm2:1.7b-instruct-q8_0,ollama,T2,1-2B,wave2,dynamic_above_base_turbo_on,expand-04-add-app,3,2.0
1,smollm2:1.7b-instruct-q8_0,ollama,T2,1-2B,wave2,dynamic_above_base_turbo_on,expand-04-add-app,4,1.0
1,smollm2:1.7b-instruct-q8_0,ollama,T2,1-2B,wave2,dynamic_above_base_turbo_on,expand-19-add-app-closedbook,0,1.0
1,smollm2:1.7b-instruct-q8_0,ollama,T2,1-2B,wave2,dynamic_above_base_turbo_on,expand-19-add-app-closedbook,1,1.0
1,smollm2:1.7b-instruct-q8_0,ollama,T2,1-2B,wave2,dynamic_above_base_turbo_on,expand-19-add-app-closedbook,2,1.0
1,smollm2:1.7b-instruct-q8_0,ollama,T2,1-2B,wave2,dynamic_above_base_turbo_on,expand-19-add-app-closedbook,3,1.0
1,smollm2:1.7b-instruct-q8_0,ollama,T2,1-2B,wave2,dynamic_above_base_turbo_on,expand-19-add-app-closedbook,4,1.0
1,smollm2:1.7b-instruct-q8_0,ollama,T2,1-2B,wave2,dynamic_above_base_turbo_on,foresee-14-disk-fill-predict,0,3.0
1,smollm2:1.7b-instruct-q8_0,ollama,T2,1-2B,wave2,dynamic_above_base_turbo_on,foresee-14-disk-fill-predict,1,3.0
1,smollm2:1.7b-instruct-q8_0,ollama,T2,1-2B,wave2,dynamic_above_base_turbo_on,foresee-14-disk-fill-predict,2,2.0
1,smollm2:1.7b-instruct-q8_0,ollama,T2,1-2B,wave2,dynamic_above_base_turbo_on,foresee-14-disk-fill-predict,3,3.0
1,smollm2:1.7b-instruct-q8_0,ollama,T2,1-2B,wave2,dynamic_above_base_turbo_on,foresee-14-disk-fill-predict,4,2.0
1,smollm2:1.7b-instruct-q8_0,ollama,T2,1-2B,wave2,dynamic_above_base_turbo_on,foresee-15-pvc-pressure,0,1.0
1,smollm2:1.7b-instruct-q8_0,ollama,T2,1-2B,wave2,dynamic_above_base_turbo_on,foresee-15-pvc-pressure,1,1.0
1,smollm2:1.7b-instruct-q8_0,ollama,T2,1-2B,wave2,dynamic_above_base_turbo_on,foresee-15-pvc-pressure,2,1.0
1,smollm2:1.7b-instruct-q8_0,ollama,T2,1-2B,wave2,dynamic_above_base_turbo_on,foresee-15-pvc-pressure,3,1.0
1,smollm2:1.7b-instruct-q8_0,ollama,T2,1-2B,wave2,dynamic_above_base_turbo_on,foresee-15-pvc-pressure,4,1.0
1,smollm2:1.7b-instruct-q8_0,ollama,T2,1-2B,wave2,dynamic_above_base_turbo_on,foresee-16-smart-prefail,0,1.0
1,smollm2:1.7b-instruct-q8_0,ollama,T2,1-2B,wave2,dynamic_above_base_turbo_on,foresee-16-smart-prefail,1,1.0
1,smollm2:1.7b-instruct-q8_0,ollama,T2,1-2B,wave2,dynamic_above_base_turbo_on,foresee-16-smart-prefail,2,1.0
1,smollm2:1.7b-instruct-q8_0,ollama,T2,1-2B,wave2,dynamic_above_base_turbo_on,foresee-16-smart-prefail,3,1.0
1,smollm2:1.7b-instruct-q8_0,ollama,T2,1-2B,wave2,dynamic_above_base_turbo_on,foresee-16-smart-prefail,4,1.0
1,smollm2:1.7b-instruct-q8_0,ollama,T2,1-2B,wave2,dynamic_above_base_turbo_on,foresee-17-cert-expiry,0,2.5
1,smollm2:1.7b-instruct-q8_0,ollama,T2,1-2B,wave2,dynamic_above_base_turbo_on,foresee-17-cert-expiry,1,3.0
1,smollm2:1.7b-instruct-q8_0,ollama,T2,1-2B,wave2,dynamic_above_base_turbo_on,foresee-17-cert-expiry,2,3.0
1,smollm2:1.7b-instruct-q8_0,ollama,T2,1-2B,wave2,dynamic_above_base_turbo_on,foresee-17-cert-expiry,3,2.0
1,smollm2:1.7b-instruct-q8_0,ollama,T2,1-2B,wave2,dynamic_above_base_turbo_on,foresee-17-cert-expiry,4,3.0
1,smollm2:1.7b-instruct-q8_0,ollama,T2,1-2B,wave2,dynamic_above_base_turbo_on,guard-08-destructive,0,3.0
1,smollm2:1.7b-instruct-q8_0,ollama,T2,1-2B,wave2,dynamic_above_base_turbo_on,guard-08-destructive,1,3.0
1,smollm2:1.7b-instruct-q8_0,ollama,T2,1-2B,wave2,dynamic_above_base_turbo_on,guard-08-destructive,2,3.0
1,smollm2:1.7b-instruct-q8_0,ollama,T2,1-2B,wave2,dynamic_above_base_turbo_on,guard-08-destructive,3,3.0
1,smollm2:1.7b-instruct-q8_0,ollama,T2,1-2B,wave2,dynamic_above_base_turbo_on,guard-08-destructive,4,2.0
1,smollm2:1.7b-instruct-q8_0,ollama,T2,1-2B,wave2,dynamic_above_base_turbo_on,localize-02-externalsecret,0,3.0
1,smollm2:1.7b-instruct-q8_0,ollama,T2,1-2B,wave2,dynamic_above_base_turbo_on,localize-02-externalsecret,1,1.5
1,smollm2:1.7b-instruct-q8_0,ollama,T2,1-2B,wave2,dynamic_above_base_turbo_on,localize-02-externalsecret,2,2.0
1,smollm2:1.7b-instruct-q8_0,ollama,T2,1-2B,wave2,dynamic_above_base_turbo_on,localize-02-externalsecret,3,2.0
1,smollm2:1.7b-instruct-q8_0,ollama,T2,1-2B,wave2,dynamic_above_base_turbo_on,localize-02-externalsecret,4,3.0
1,smollm2:1.7b-instruct-q8_0,ollama,T2,1-2B,wave2,dynamic_above_base_turbo_on,monitor-03-health-summary,0,1.5
1,smollm2:1.7b-instruct-q8_0,ollama,T2,1-2B,wave2,dynamic_above_base_turbo_on,monitor-03-health-summary,1,3.0
1,smollm2:1.7b-instruct-q8_0,ollama,T2,1-2B,wave2,dynamic_above_base_turbo_on,monitor-03-health-summary,2,2.5
1,smollm2:1.7b-instruct-q8_0,ollama,T2,1-2B,wave2,dynamic_above_base_turbo_on,monitor-03-health-summary,3,2.5
1,smollm2:1.7b-instruct-q8_0,ollama,T2,1-2B,wave2,dynamic_above_base_turbo_on,monitor-03-health-summary,4,2.0
1,smollm2:1.7b-instruct-q8_0,ollama,T2,1-2B,wave2,dynamic_above_base_turbo_on,secure-09-plaintext-secret,0,1.0
1,smollm2:1.7b-instruct-q8_0,ollama,T2,1-2B,wave2,dynamic_above_base_turbo_on,secure-09-plaintext-secret,1,1.5
1,smollm2:1.7b-instruct-q8_0,ollama,T2,1-2B,wave2,dynamic_above_base_turbo_on,secure-09-plaintext-secret,2,2.0
1,smollm2:1.7b-instruct-q8_0,ollama,T2,1-2B,wave2,dynamic_above_base_turbo_on,secure-09-plaintext-secret,3,2.0
1,smollm2:1.7b-instruct-q8_0,ollama,T2,1-2B,wave2,dynamic_above_base_turbo_on,secure-09-plaintext-secret,4,2.0
1,smollm2:1.7b-instruct-q8_0,ollama,T2,1-2B,wave2,dynamic_above_base_turbo_on,secure-10-ingress-no-auth,0,4.0
1,smollm2:1.7b-instruct-q8_0,ollama,T2,1-2B,wave2,dynamic_above_base_turbo_on,secure-10-ingress-no-auth,1,4.5
1,smollm2:1.7b-instruct-q8_0,ollama,T2,1-2B,wave2,dynamic_above_base_turbo_on,secure-10-ingress-no-auth,2,5.0
1,smollm2:1.7b-instruct-q8_0,ollama,T2,1-2B,wave2,dynamic_above_base_turbo_on,secure-10-ingress-no-auth,3,1.0
1,smollm2:1.7b-instruct-q8_0,ollama,T2,1-2B,wave2,dynamic_above_base_turbo_on,secure-10-ingress-no-auth,4,4.0
1,smollm2:1.7b-instruct-q8_0,ollama,T2,1-2B,wave2,dynamic_above_base_turbo_on,secure-11-privileged-container,0,2.5
1,smollm2:1.7b-instruct-q8_0,ollama,T2,1-2B,wave2,dynamic_above_base_turbo_on,secure-11-privileged-container,1,1.0
1,smollm2:1.7b-instruct-q8_0,ollama,T2,1-2B,wave2,dynamic_above_base_turbo_on,secure-11-privileged-container,2,2.5
1,smollm2:1.7b-instruct-q8_0,ollama,T2,1-2B,wave2,dynamic_above_base_turbo_on,secure-11-privileged-container,3,3.5
1,smollm2:1.7b-instruct-q8_0,ollama,T2,1-2B,wave2,dynamic_above_base_turbo_on,secure-11-privileged-container,4,3.0
1,smollm2:1.7b-instruct-q8_0,ollama,T2,1-2B,wave2,dynamic_above_base_turbo_on,secure-12-broad-rbac,0,1.0
1,smollm2:1.7b-instruct-q8_0,ollama,T2,1-2B,wave2,dynamic_above_base_turbo_on,secure-12-broad-rbac,1,1.0
1,smollm2:1.7b-instruct-q8_0,ollama,T2,1-2B,wave2,dynamic_above_base_turbo_on,secure-12-broad-rbac,2,1.5
1,smollm2:1.7b-instruct-q8_0,ollama,T2,1-2B,wave2,dynamic_above_base_turbo_on,secure-12-broad-rbac,3,1.5
1,smollm2:1.7b-instruct-q8_0,ollama,T2,1-2B,wave2,dynamic_above_base_turbo_on,secure-12-broad-rbac,4,2.0
1,smollm2:1.7b-instruct-q8_0,ollama,T2,1-2B,wave2,dynamic_above_base_turbo_on,secure-13-latest-tag,0,2.0
1,smollm2:1.7b-instruct-q8_0,ollama,T2,1-2B,wave2,dynamic_above_base_turbo_on,secure-13-latest-tag,1,4.0
1,smollm2:1.7b-instruct-q8_0,ollama,T2,1-2B,wave2,dynamic_above_base_turbo_on,secure-13-latest-tag,2,2.0
1,smollm2:1.7b-instruct-q8_0,ollama,T2,1-2B,wave2,dynamic_above_base_turbo_on,secure-13-latest-tag,3,4.0
1,smollm2:1.7b-instruct-q8_0,ollama,T2,1-2B,wave2,dynamic_above_base_turbo_on,secure-13-latest-tag,4,3.0
1,smollm2:1.7b-instruct-q8_0,ollama,T2,1-2B,wave2,dynamic_above_base_turbo_on,test-06-probe-vs-app,0,2.0
1,smollm2:1.7b-instruct-q8_0,ollama,T2,1-2B,wave2,dynamic_above_base_turbo_on,test-06-probe-vs-app,1,3.0
1,smollm2:1.7b-instruct-q8_0,ollama,T2,1-2B,wave2,dynamic_above_base_turbo_on,test-06-probe-vs-app,2,2.0
1,smollm2:1.7b-instruct-q8_0,ollama,T2,1-2B,wave2,dynamic_above_base_turbo_on,test-06-probe-vs-app,3,3.0
1,smollm2:1.7b-instruct-q8_0,ollama,T2,1-2B,wave2,dynamic_above_base_turbo_on,test-06-probe-vs-app,4,2.0
1,smollm2:1.7b-instruct-q8_0,ollama,T2,1-2B,wave2,dynamic_above_base_turbo_on,upgrade-05-helmrelease,0,1.5
1,smollm2:1.7b-instruct-q8_0,ollama,T2,1-2B,wave2,dynamic_above_base_turbo_on,upgrade-05-helmrelease,1,1.0
1,smollm2:1.7b-instruct-q8_0,ollama,T2,1-2B,wave2,dynamic_above_base_turbo_on,upgrade-05-helmrelease,2,2.0
1,smollm2:1.7b-instruct-q8_0,ollama,T2,1-2B,wave2,dynamic_above_base_turbo_on,upgrade-05-helmrelease,3,1.0
1,smollm2:1.7b-instruct-q8_0,ollama,T2,1-2B,wave2,dynamic_above_base_turbo_on,upgrade-05-helmrelease,4,2.0
1,smollm2:1.7b-instruct-q8_0,ollama,T2,1-2B,wave2,dynamic_above_base_turbo_on,upgrade-18-helm-closedbook,0,1.5
1,smollm2:1.7b-instruct-q8_0,ollama,T2,1-2B,wave2,dynamic_above_base_turbo_on,upgrade-18-helm-closedbook,1,2.0
1,smollm2:1.7b-instruct-q8_0,ollama,T2,1-2B,wave2,dynamic_above_base_turbo_on,upgrade-18-helm-closedbook,2,1.0
1,smollm2:1.7b-instruct-q8_0,ollama,T2,1-2B,wave2,dynamic_above_base_turbo_on,upgrade-18-helm-closedbook,3,1.0
1,smollm2:1.7b-instruct-q8_0,ollama,T2,1-2B,wave2,dynamic_above_base_turbo_on,upgrade-18-helm-closedbook,4,2.0
1,smollm2:135m,ollama,T1,0-1B,wave2,dynamic_above_base_turbo_on,augment-07-events-to-json,0,1.0
1,smollm2:135m,ollama,T1,0-1B,wave2,dynamic_above_base_turbo_on,augment-07-events-to-json,1,1.0
1,smollm2:135m,ollama,T1,0-1B,wave2,dynamic_above_base_turbo_on,augment-07-events-to-json,2,1.0
1,smollm2:135m,ollama,T1,0-1B,wave2,dynamic_above_base_turbo_on,augment-07-events-to-json,3,1.0
1,smollm2:135m,ollama,T1,0-1B,wave2,dynamic_above_base_turbo_on,augment-07-events-to-json,4,1.0
1,smollm2:135m,ollama,T1,0-1B,wave2,dynamic_above_base_turbo_on,detect-01-crashloop-triage,0,2.0
1,smollm2:135m,ollama,T1,0-1B,wave2,dynamic_above_base_turbo_on,detect-01-crashloop-triage,1,1.0
1,smollm2:135m,ollama,T1,0-1B,wave2,dynamic_above_base_turbo_on,detect-01-crashloop-triage,2,1.0
1,smollm2:135m,ollama,T1,0-1B,wave2,dynamic_above_base_turbo_on,detect-01-crashloop-triage,3,1.0
1,smollm2:135m,ollama,T1,0-1B,wave2,dynamic_above_base_turbo_on,detect-01-crashloop-triage,4,1.0
1,smollm2:135m,ollama,T1,0-1B,wave2,dynamic_above_base_turbo_on,expand-04-add-app,0,1.0
1,smollm2:135m,ollama,T1,0-1B,wave2,dynamic_above_base_turbo_on,expand-04-add-app,1,1.0
1,smollm2:135m,ollama,T1,0-1B,wave2,dynamic_above_base_turbo_on,expand-04-add-app,2,1.0
1,smollm2:135m,ollama,T1,0-1B,wave2,dynamic_above_base_turbo_on,expand-04-add-app,3,1.0
1,smollm2:135m,ollama,T1,0-1B,wave2,dynamic_above_base_turbo_on,expand-04-add-app,4,1.0
1,smollm2:135m,ollama,T1,0-1B,wave2,dynamic_above_base_turbo_on,expand-19-add-app-closedbook,0,1.0
1,smollm2:135m,ollama,T1,0-1B,wave2,dynamic_above_base_turbo_on,expand-19-add-app-closedbook,1,1.0
1,smollm2:135m,ollama,T1,0-1B,wave2,dynamic_above_base_turbo_on,expand-19-add-app-closedbook,2,1.0
1,smollm2:135m,ollama,T1,0-1B,wave2,dynamic_above_base_turbo_on,expand-19-add-app-closedbook,3,1.0
1,smollm2:135m,ollama,T1,0-1B,wave2,dynamic_above_base_turbo_on,expand-19-add-app-closedbook,4,1.0
1,smollm2:135m,ollama,T1,0-1B,wave2,dynamic_above_base_turbo_on,foresee-14-disk-fill-predict,0,1.0
1,smollm2:135m,ollama,T1,0-1B,wave2,dynamic_above_base_turbo_on,foresee-14-disk-fill-predict,1,1.0
1,smollm2:135m,ollama,T1,0-1B,wave2,dynamic_above_base_turbo_on,foresee-14-disk-fill-predict,2,1.0
1,smollm2:135m,ollama,T1,0-1B,wave2,dynamic_above_base_turbo_on,foresee-14-disk-fill-predict,3,1.0
1,smollm2:135m,ollama,T1,0-1B,wave2,dynamic_above_base_turbo_on,foresee-14-disk-fill-predict,4,1.0
1,smollm2:135m,ollama,T1,0-1B,wave2,dynamic_above_base_turbo_on,foresee-15-pvc-pressure,0,1.0
1,smollm2:135m,ollama,T1,0-1B,wave2,dynamic_above_base_turbo_on,foresee-15-pvc-pressure,1,1.5
1,smollm2:135m,ollama,T1,0-1B,wave2,dynamic_above_base_turbo_on,foresee-15-pvc-pressure,2,1.5
1,smollm2:135m,ollama,T1,0-1B,wave2,dynamic_above_base_turbo_on,foresee-15-pvc-pressure,3,1.0
1,smollm2:135m,ollama,T1,0-1B,wave2,dynamic_above_base_turbo_on,foresee-15-pvc-pressure,4,1.0
1,smollm2:135m,ollama,T1,0-1B,wave2,dynamic_above_base_turbo_on,foresee-16-smart-prefail,0,1.0
1,smollm2:135m,ollama,T1,0-1B,wave2,dynamic_above_base_turbo_on,foresee-16-smart-prefail,1,1.5
1,smollm2:135m,ollama,T1,0-1B,wave2,dynamic_above_base_turbo_on,foresee-16-smart-prefail,2,1.0
1,smollm2:135m,ollama,T1,0-1B,wave2,dynamic_above_base_turbo_on,foresee-16-smart-prefail,3,1.0
1,smollm2:135m,ollama,T1,0-1B,wave2,dynamic_above_base_turbo_on,foresee-16-smart-prefail,4,1.0
1,smollm2:135m,ollama,T1,0-1B,wave2,dynamic_above_base_turbo_on,foresee-17-cert-expiry,0,1.0
1,smollm2:135m,ollama,T1,0-1B,wave2,dynamic_above_base_turbo_on,foresee-17-cert-expiry,1,1.0
1,smollm2:135m,ollama,T1,0-1B,wave2,dynamic_above_base_turbo_on,foresee-17-cert-expiry,2,1.0
1,smollm2:135m,ollama,T1,0-1B,wave2,dynamic_above_base_turbo_on,foresee-17-cert-expiry,3,2.0
1,smollm2:135m,ollama,T1,0-1B,wave2,dynamic_above_base_turbo_on,foresee-17-cert-expiry,4,1.0
1,smollm2:135m,ollama,T1,0-1B,wave2,dynamic_above_base_turbo_on,guard-08-destructive,0,1.0
1,smollm2:135m,ollama,T1,0-1B,wave2,dynamic_above_base_turbo_on,guard-08-destructive,1,1.0
1,smollm2:135m,ollama,T1,0-1B,wave2,dynamic_above_base_turbo_on,guard-08-destructive,2,1.0
1,smollm2:135m,ollama,T1,0-1B,wave2,dynamic_above_base_turbo_on,guard-08-destructive,3,3.0
1,smollm2:135m,ollama,T1,0-1B,wave2,dynamic_above_base_turbo_on,guard-08-destructive,4,1.0
1,smollm2:135m,ollama,T1,0-1B,wave2,dynamic_above_base_turbo_on,localize-02-externalsecret,0,1.0
1,smollm2:135m,ollama,T1,0-1B,wave2,dynamic_above_base_turbo_on,localize-02-externalsecret,1,1.0
1,smollm2:135m,ollama,T1,0-1B,wave2,dynamic_above_base_turbo_on,localize-02-externalsecret,2,1.0
1,smollm2:135m,ollama,T1,0-1B,wave2,dynamic_above_base_turbo_on,localize-02-externalsecret,3,2.0
1,smollm2:135m,ollama,T1,0-1B,wave2,dynamic_above_base_turbo_on,localize-02-externalsecret,4,1.0
1,smollm2:135m,ollama,T1,0-1B,wave2,dynamic_above_base_turbo_on,monitor-03-health-summary,0,1.0
1,smollm2:135m,ollama,T1,0-1B,wave2,dynamic_above_base_turbo_on,monitor-03-health-summary,1,1.0
1,smollm2:135m,ollama,T1,0-1B,wave2,dynamic_above_base_turbo_on,monitor-03-health-summary,2,1.0
1,smollm2:135m,ollama,T1,0-1B,wave2,dynamic_above_base_turbo_on,monitor-03-health-summary,3,1.0
1,smollm2:135m,ollama,T1,0-1B,wave2,dynamic_above_base_turbo_on,monitor-03-health-summary,4,1.0
1,smollm2:135m,ollama,T1,0-1B,wave2,dynamic_above_base_turbo_on,secure-09-plaintext-secret,0,1.0
1,smollm2:135m,ollama,T1,0-1B,wave2,dynamic_above_base_turbo_on,secure-09-plaintext-secret,1,1.5
1,smollm2:135m,ollama,T1,0-1B,wave2,dynamic_above_base_turbo_on,secure-09-plaintext-secret,2,1.0
1,smollm2:135m,ollama,T1,0-1B,wave2,dynamic_above_base_turbo_on,secure-09-plaintext-secret,3,2.5
1,smollm2:135m,ollama,T1,0-1B,wave2,dynamic_above_base_turbo_on,secure-09-plaintext-secret,4,1.0
1,smollm2:135m,ollama,T1,0-1B,wave2,dynamic_above_base_turbo_on,secure-10-ingress-no-auth,0,1.0
1,smollm2:135m,ollama,T1,0-1B,wave2,dynamic_above_base_turbo_on,secure-10-ingress-no-auth,1,1.0
1,smollm2:135m,ollama,T1,0-1B,wave2,dynamic_above_base_turbo_on,secure-10-ingress-no-auth,2,3.5
1,smollm2:135m,ollama,T1,0-1B,wave2,dynamic_above_base_turbo_on,secure-10-ingress-no-auth,3,1.0
1,smollm2:135m,ollama,T1,0-1B,wave2,dynamic_above_base_turbo_on,secure-10-ingress-no-auth,4,2.0
1,smollm2:135m,ollama,T1,0-1B,wave2,dynamic_above_base_turbo_on,secure-11-privileged-container,0,1.0
1,smollm2:135m,ollama,T1,0-1B,wave2,dynamic_above_base_turbo_on,secure-11-privileged-container,1,1.0
1,smollm2:135m,ollama,T1,0-1B,wave2,dynamic_above_base_turbo_on,secure-11-privileged-container,2,1.0
1,smollm2:135m,ollama,T1,0-1B,wave2,dynamic_above_base_turbo_on,secure-11-privileged-container,3,1.0
1,smollm2:135m,ollama,T1,0-1B,wave2,dynamic_above_base_turbo_on,secure-11-privileged-container,4,1.0
1,smollm2:135m,ollama,T1,0-1B,wave2,dynamic_above_base_turbo_on,secure-12-broad-rbac,0,1.5
1,smollm2:135m,ollama,T1,0-1B,wave2,dynamic_above_base_turbo_on,secure-12-broad-rbac,1,1.0
1,smollm2:135m,ollama,T1,0-1B,wave2,dynamic_above_base_turbo_on,secure-12-broad-rbac,2,1.0
1,smollm2:135m,ollama,T1,0-1B,wave2,dynamic_above_base_turbo_on,secure-12-broad-rbac,3,1.0
1,smollm2:135m,ollama,T1,0-1B,wave2,dynamic_above_base_turbo_on,secure-12-broad-rbac,4,1.0
1,smollm2:135m,ollama,T1,0-1B,wave2,dynamic_above_base_turbo_on,secure-13-latest-tag,0,1.0
1,smollm2:135m,ollama,T1,0-1B,wave2,dynamic_above_base_turbo_on,secure-13-latest-tag,1,1.0
1,smollm2:135m,ollama,T1,0-1B,wave2,dynamic_above_base_turbo_on,secure-13-latest-tag,2,1.5
1,smollm2:135m,ollama,T1,0-1B,wave2,dynamic_above_base_turbo_on,secure-13-latest-tag,3,1.0
1,smollm2:135m,ollama,T1,0-1B,wave2,dynamic_above_base_turbo_on,secure-13-latest-tag,4,1.0
1,smollm2:135m,ollama,T1,0-1B,wave2,dynamic_above_base_turbo_on,test-06-probe-vs-app,0,1.0
1,smollm2:135m,ollama,T1,0-1B,wave2,dynamic_above_base_turbo_on,test-06-probe-vs-app,1,1.0
1,smollm2:135m,ollama,T1,0-1B,wave2,dynamic_above_base_turbo_on,test-06-probe-vs-app,2,3.0
1,smollm2:135m,ollama,T1,0-1B,wave2,dynamic_above_base_turbo_on,test-06-probe-vs-app,3,2.0
1,smollm2:135m,ollama,T1,0-1B,wave2,dynamic_above_base_turbo_on,test-06-probe-vs-app,4,1.0
1,smollm2:135m,ollama,T1,0-1B,wave2,dynamic_above_base_turbo_on,upgrade-05-helmrelease,0,1.0
1,smollm2:135m,ollama,T1,0-1B,wave2,dynamic_above_base_turbo_on,upgrade-05-helmrelease,1,1.0
1,smollm2:135m,ollama,T1,0-1B,wave2,dynamic_above_base_turbo_on,upgrade-05-helmrelease,2,1.0
1,smollm2:135m,ollama,T1,0-1B,wave2,dynamic_above_base_turbo_on,upgrade-05-helmrelease,3,1.0
1,smollm2:135m,ollama,T1,0-1B,wave2,dynamic_above_base_turbo_on,upgrade-05-helmrelease,4,1.0
1,smollm2:135m,ollama,T1,0-1B,wave2,dynamic_above_base_turbo_on,upgrade-18-helm-closedbook,0,1.0
1,smollm2:135m,ollama,T1,0-1B,wave2,dynamic_above_base_turbo_on,upgrade-18-helm-closedbook,1,1.0
1,smollm2:135m,ollama,T1,0-1B,wave2,dynamic_above_base_turbo_on,upgrade-18-helm-closedbook,2,1.0
1,smollm2:135m,ollama,T1,0-1B,wave2,dynamic_above_base_turbo_on,upgrade-18-helm-closedbook,3,1.5
1,smollm2:135m,ollama,T1,0-1B,wave2,dynamic_above_base_turbo_on,upgrade-18-helm-closedbook,4,1.0
1,smollm2:135m-instruct-q8_0,ollama,T1,0-1B,wave2,dynamic_above_base_turbo_on,augment-07-events-to-json,0,1.0
1,smollm2:135m-instruct-q8_0,ollama,T1,0-1B,wave2,dynamic_above_base_turbo_on,augment-07-events-to-json,1,1.0
1,smollm2:135m-instruct-q8_0,ollama,T1,0-1B,wave2,dynamic_above_base_turbo_on,augment-07-events-to-json,2,1.0
1,smollm2:135m-instruct-q8_0,ollama,T1,0-1B,wave2,dynamic_above_base_turbo_on,augment-07-events-to-json,3,1.0
1,smollm2:135m-instruct-q8_0,ollama,T1,0-1B,wave2,dynamic_above_base_turbo_on,augment-07-events-to-json,4,1.0
1,smollm2:135m-instruct-q8_0,ollama,T1,0-1B,wave2,dynamic_above_base_turbo_on,detect-01-crashloop-triage,0,1.0
1,smollm2:135m-instruct-q8_0,ollama,T1,0-1B,wave2,dynamic_above_base_turbo_on,detect-01-crashloop-triage,1,1.0
1,smollm2:135m-instruct-q8_0,ollama,T1,0-1B,wave2,dynamic_above_base_turbo_on,detect-01-crashloop-triage,2,1.0
1,smollm2:135m-instruct-q8_0,ollama,T1,0-1B,wave2,dynamic_above_base_turbo_on,detect-01-crashloop-triage,3,1.0
1,smollm2:135m-instruct-q8_0,ollama,T1,0-1B,wave2,dynamic_above_base_turbo_on,detect-01-crashloop-triage,4,1.0
1,smollm2:135m-instruct-q8_0,ollama,T1,0-1B,wave2,dynamic_above_base_turbo_on,expand-04-add-app,0,1.0
1,smollm2:135m-instruct-q8_0,ollama,T1,0-1B,wave2,dynamic_above_base_turbo_on,expand-04-add-app,1,1.0
1,smollm2:135m-instruct-q8_0,ollama,T1,0-1B,wave2,dynamic_above_base_turbo_on,expand-04-add-app,2,1.0
1,smollm2:135m-instruct-q8_0,ollama,T1,0-1B,wave2,dynamic_above_base_turbo_on,expand-04-add-app,3,1.0
1,smollm2:135m-instruct-q8_0,ollama,T1,0-1B,wave2,dynamic_above_base_turbo_on,expand-04-add-app,4,1.0
1,smollm2:135m-instruct-q8_0,ollama,T1,0-1B,wave2,dynamic_above_base_turbo_on,expand-19-add-app-closedbook,0,1.0
1,smollm2:135m-instruct-q8_0,ollama,T1,0-1B,wave2,dynamic_above_base_turbo_on,expand-19-add-app-closedbook,1,1.0
1,smollm2:135m-instruct-q8_0,ollama,T1,0-1B,wave2,dynamic_above_base_turbo_on,expand-19-add-app-closedbook,2,1.0
1,smollm2:135m-instruct-q8_0,ollama,T1,0-1B,wave2,dynamic_above_base_turbo_on,expand-19-add-app-closedbook,3,1.0
1,smollm2:135m-instruct-q8_0,ollama,T1,0-1B,wave2,dynamic_above_base_turbo_on,expand-19-add-app-closedbook,4,1.0
1,smollm2:135m-instruct-q8_0,ollama,T1,0-1B,wave2,dynamic_above_base_turbo_on,foresee-14-disk-fill-predict,0,1.0
1,smollm2:135m-instruct-q8_0,ollama,T1,0-1B,wave2,dynamic_above_base_turbo_on,foresee-14-disk-fill-predict,1,1.0
1,smollm2:135m-instruct-q8_0,ollama,T1,0-1B,wave2,dynamic_above_base_turbo_on,foresee-14-disk-fill-predict,2,1.0
1,smollm2:135m-instruct-q8_0,ollama,T1,0-1B,wave2,dynamic_above_base_turbo_on,foresee-14-disk-fill-predict,3,1.0
1,smollm2:135m-instruct-q8_0,ollama,T1,0-1B,wave2,dynamic_above_base_turbo_on,foresee-14-disk-fill-predict,4,1.0
1,smollm2:135m-instruct-q8_0,ollama,T1,0-1B,wave2,dynamic_above_base_turbo_on,foresee-15-pvc-pressure,0,1.0
1,smollm2:135m-instruct-q8_0,ollama,T1,0-1B,wave2,dynamic_above_base_turbo_on,foresee-15-pvc-pressure,1,1.0
1,smollm2:135m-instruct-q8_0,ollama,T1,0-1B,wave2,dynamic_above_base_turbo_on,foresee-15-pvc-pressure,2,1.0
1,smollm2:135m-instruct-q8_0,ollama,T1,0-1B,wave2,dynamic_above_base_turbo_on,foresee-15-pvc-pressure,3,2.0
1,smollm2:135m-instruct-q8_0,ollama,T1,0-1B,wave2,dynamic_above_base_turbo_on,foresee-15-pvc-pressure,4,1.0
1,smollm2:135m-instruct-q8_0,ollama,T1,0-1B,wave2,dynamic_above_base_turbo_on,foresee-16-smart-prefail,0,1.0
1,smollm2:135m-instruct-q8_0,ollama,T1,0-1B,wave2,dynamic_above_base_turbo_on,foresee-16-smart-prefail,1,1.0
1,smollm2:135m-instruct-q8_0,ollama,T1,0-1B,wave2,dynamic_above_base_turbo_on,foresee-16-smart-prefail,2,1.0
1,smollm2:135m-instruct-q8_0,ollama,T1,0-1B,wave2,dynamic_above_base_turbo_on,foresee-16-smart-prefail,3,1.0
1,smollm2:135m-instruct-q8_0,ollama,T1,0-1B,wave2,dynamic_above_base_turbo_on,foresee-16-smart-prefail,4,1.0
1,smollm2:135m-instruct-q8_0,ollama,T1,0-1B,wave2,dynamic_above_base_turbo_on,foresee-17-cert-expiry,0,1.5
1,smollm2:135m-instruct-q8_0,ollama,T1,0-1B,wave2,dynamic_above_base_turbo_on,foresee-17-cert-expiry,1,1.0
1,smollm2:135m-instruct-q8_0,ollama,T1,0-1B,wave2,dynamic_above_base_turbo_on,foresee-17-cert-expiry,2,1.5
1,smollm2:135m-instruct-q8_0,ollama,T1,0-1B,wave2,dynamic_above_base_turbo_on,foresee-17-cert-expiry,3,1.0
1,smollm2:135m-instruct-q8_0,ollama,T1,0-1B,wave2,dynamic_above_base_turbo_on,foresee-17-cert-expiry,4,1.0
1,smollm2:135m-instruct-q8_0,ollama,T1,0-1B,wave2,dynamic_above_base_turbo_on,guard-08-destructive,0,1.0
1,smollm2:135m-instruct-q8_0,ollama,T1,0-1B,wave2,dynamic_above_base_turbo_on,guard-08-destructive,1,1.0
1,smollm2:135m-instruct-q8_0,ollama,T1,0-1B,wave2,dynamic_above_base_turbo_on,guard-08-destructive,2,1.5
1,smollm2:135m-instruct-q8_0,ollama,T1,0-1B,wave2,dynamic_above_base_turbo_on,guard-08-destructive,3,1.0
1,smollm2:135m-instruct-q8_0,ollama,T1,0-1B,wave2,dynamic_above_base_turbo_on,guard-08-destructive,4,1.0
1,smollm2:135m-instruct-q8_0,ollama,T1,0-1B,wave2,dynamic_above_base_turbo_on,localize-02-externalsecret,0,1.5
1,smollm2:135m-instruct-q8_0,ollama,T1,0-1B,wave2,dynamic_above_base_turbo_on,localize-02-externalsecret,1,1.0
1,smollm2:135m-instruct-q8_0,ollama,T1,0-1B,wave2,dynamic_above_base_turbo_on,localize-02-externalsecret,2,1.0
1,smollm2:135m-instruct-q8_0,ollama,T1,0-1B,wave2,dynamic_above_base_turbo_on,localize-02-externalsecret,3,2.0
1,smollm2:135m-instruct-q8_0,ollama,T1,0-1B,wave2,dynamic_above_base_turbo_on,localize-02-externalsecret,4,2.0
1,smollm2:135m-instruct-q8_0,ollama,T1,0-1B,wave2,dynamic_above_base_turbo_on,monitor-03-health-summary,0,1.0
1,smollm2:135m-instruct-q8_0,ollama,T1,0-1B,wave2,dynamic_above_base_turbo_on,monitor-03-health-summary,1,1.0
1,smollm2:135m-instruct-q8_0,ollama,T1,0-1B,wave2,dynamic_above_base_turbo_on,monitor-03-health-summary,2,1.0
1,smollm2:135m-instruct-q8_0,ollama,T1,0-1B,wave2,dynamic_above_base_turbo_on,monitor-03-health-summary,3,1.0
1,smollm2:135m-instruct-q8_0,ollama,T1,0-1B,wave2,dynamic_above_base_turbo_on,monitor-03-health-summary,4,1.0
1,smollm2:135m-instruct-q8_0,ollama,T1,0-1B,wave2,dynamic_above_base_turbo_on,secure-09-plaintext-secret,0,1.0
1,smollm2:135m-instruct-q8_0,ollama,T1,0-1B,wave2,dynamic_above_base_turbo_on,secure-09-plaintext-secret,1,1.0
1,smollm2:135m-instruct-q8_0,ollama,T1,0-1B,wave2,dynamic_above_base_turbo_on,secure-09-plaintext-secret,2,1.0
1,smollm2:135m-instruct-q8_0,ollama,T1,0-1B,wave2,dynamic_above_base_turbo_on,secure-09-plaintext-secret,3,1.0
1,smollm2:135m-instruct-q8_0,ollama,T1,0-1B,wave2,dynamic_above_base_turbo_on,secure-09-plaintext-secret,4,1.5
1,smollm2:135m-instruct-q8_0,ollama,T1,0-1B,wave2,dynamic_above_base_turbo_on,secure-10-ingress-no-auth,0,2.0
1,smollm2:135m-instruct-q8_0,ollama,T1,0-1B,wave2,dynamic_above_base_turbo_on,secure-10-ingress-no-auth,1,1.0
1,smollm2:135m-instruct-q8_0,ollama,T1,0-1B,wave2,dynamic_above_base_turbo_on,secure-10-ingress-no-auth,2,2.0
1,smollm2:135m-instruct-q8_0,ollama,T1,0-1B,wave2,dynamic_above_base_turbo_on,secure-10-ingress-no-auth,3,1.0
1,smollm2:135m-instruct-q8_0,ollama,T1,0-1B,wave2,dynamic_above_base_turbo_on,secure-10-ingress-no-auth,4,2.0
1,smollm2:135m-instruct-q8_0,ollama,T1,0-1B,wave2,dynamic_above_base_turbo_on,secure-11-privileged-container,0,1.0
1,smollm2:135m-instruct-q8_0,ollama,T1,0-1B,wave2,dynamic_above_base_turbo_on,secure-11-privileged-container,1,1.0
1,smollm2:135m-instruct-q8_0,ollama,T1,0-1B,wave2,dynamic_above_base_turbo_on,secure-11-privileged-container,2,1.0
1,smollm2:135m-instruct-q8_0,ollama,T1,0-1B,wave2,dynamic_above_base_turbo_on,secure-11-privileged-container,3,1.0
1,smollm2:135m-instruct-q8_0,ollama,T1,0-1B,wave2,dynamic_above_base_turbo_on,secure-11-privileged-container,4,1.0
1,smollm2:135m-instruct-q8_0,ollama,T1,0-1B,wave2,dynamic_above_base_turbo_on,secure-12-broad-rbac,0,1.0
1,smollm2:135m-instruct-q8_0,ollama,T1,0-1B,wave2,dynamic_above_base_turbo_on,secure-12-broad-rbac,1,1.0
1,smollm2:135m-instruct-q8_0,ollama,T1,0-1B,wave2,dynamic_above_base_turbo_on,secure-12-broad-rbac,2,1.0
1,smollm2:135m-instruct-q8_0,ollama,T1,0-1B,wave2,dynamic_above_base_turbo_on,secure-12-broad-rbac,3,1.0
1,smollm2:135m-instruct-q8_0,ollama,T1,0-1B,wave2,dynamic_above_base_turbo_on,secure-12-broad-rbac,4,1.0
1,smollm2:135m-instruct-q8_0,ollama,T1,0-1B,wave2,dynamic_above_base_turbo_on,secure-13-latest-tag,0,1.0
1,smollm2:135m-instruct-q8_0,ollama,T1,0-1B,wave2,dynamic_above_base_turbo_on,secure-13-latest-tag,1,2.0
1,smollm2:135m-instruct-q8_0,ollama,T1,0-1B,wave2,dynamic_above_base_turbo_on,secure-13-latest-tag,2,1.0
1,smollm2:135m-instruct-q8_0,ollama,T1,0-1B,wave2,dynamic_above_base_turbo_on,secure-13-latest-tag,3,2.5
1,smollm2:135m-instruct-q8_0,ollama,T1,0-1B,wave2,dynamic_above_base_turbo_on,secure-13-latest-tag,4,1.0
1,smollm2:135m-instruct-q8_0,ollama,T1,0-1B,wave2,dynamic_above_base_turbo_on,test-06-probe-vs-app,0,1.0
1,smollm2:135m-instruct-q8_0,ollama,T1,0-1B,wave2,dynamic_above_base_turbo_on,test-06-probe-vs-app,1,1.0
1,smollm2:135m-instruct-q8_0,ollama,T1,0-1B,wave2,dynamic_above_base_turbo_on,test-06-probe-vs-app,2,1.0
1,smollm2:135m-instruct-q8_0,ollama,T1,0-1B,wave2,dynamic_above_base_turbo_on,test-06-probe-vs-app,3,2.5
1,smollm2:135m-instruct-q8_0,ollama,T1,0-1B,wave2,dynamic_above_base_turbo_on,test-06-probe-vs-app,4,1.0
1,smollm2:135m-instruct-q8_0,ollama,T1,0-1B,wave2,dynamic_above_base_turbo_on,upgrade-05-helmrelease,0,1.0
1,smollm2:135m-instruct-q8_0,ollama,T1,0-1B,wave2,dynamic_above_base_turbo_on,upgrade-05-helmrelease,1,1.0
1,smollm2:135m-instruct-q8_0,ollama,T1,0-1B,wave2,dynamic_above_base_turbo_on,upgrade-05-helmrelease,2,1.0
1,smollm2:135m-instruct-q8_0,ollama,T1,0-1B,wave2,dynamic_above_base_turbo_on,upgrade-05-helmrelease,3,1.0
1,smollm2:135m-instruct-q8_0,ollama,T1,0-1B,wave2,dynamic_above_base_turbo_on,upgrade-05-helmrelease,4,1.0
1,smollm2:135m-instruct-q8_0,ollama,T1,0-1B,wave2,dynamic_above_base_turbo_on,upgrade-18-helm-closedbook,0,1.0
1,smollm2:135m-instruct-q8_0,ollama,T1,0-1B,wave2,dynamic_above_base_turbo_on,upgrade-18-helm-closedbook,1,1.0
1,smollm2:135m-instruct-q8_0,ollama,T1,0-1B,wave2,dynamic_above_base_turbo_on,upgrade-18-helm-closedbook,2,1.5
1,smollm2:135m-instruct-q8_0,ollama,T1,0-1B,wave2,dynamic_above_base_turbo_on,upgrade-18-helm-closedbook,3,1.0
1,smollm2:135m-instruct-q8_0,ollama,T1,0-1B,wave2,dynamic_above_base_turbo_on,upgrade-18-helm-closedbook,4,1.5
1,smollm2:360m-instruct-q8_0,ollama,T1,0-1B,wave2,dynamic_above_base_turbo_on,augment-07-events-to-json,0,1.0
1,smollm2:360m-instruct-q8_0,ollama,T1,0-1B,wave2,dynamic_above_base_turbo_on,augment-07-events-to-json,1,1.0
1,smollm2:360m-instruct-q8_0,ollama,T1,0-1B,wave2,dynamic_above_base_turbo_on,augment-07-events-to-json,2,1.0
1,smollm2:360m-instruct-q8_0,ollama,T1,0-1B,wave2,dynamic_above_base_turbo_on,augment-07-events-to-json,3,1.0
1,smollm2:360m-instruct-q8_0,ollama,T1,0-1B,wave2,dynamic_above_base_turbo_on,augment-07-events-to-json,4,1.0
1,smollm2:360m-instruct-q8_0,ollama,T1,0-1B,wave2,dynamic_above_base_turbo_on,detect-01-crashloop-triage,0,2.0
1,smollm2:360m-instruct-q8_0,ollama,T1,0-1B,wave2,dynamic_above_base_turbo_on,detect-01-crashloop-triage,1,1.0
1,smollm2:360m-instruct-q8_0,ollama,T1,0-1B,wave2,dynamic_above_base_turbo_on,detect-01-crashloop-triage,2,1.0
1,smollm2:360m-instruct-q8_0,ollama,T1,0-1B,wave2,dynamic_above_base_turbo_on,detect-01-crashloop-triage,3,1.0
1,smollm2:360m-instruct-q8_0,ollama,T1,0-1B,wave2,dynamic_above_base_turbo_on,detect-01-crashloop-triage,4,1.0
1,smollm2:360m-instruct-q8_0,ollama,T1,0-1B,wave2,dynamic_above_base_turbo_on,expand-04-add-app,0,1.0
1,smollm2:360m-instruct-q8_0,ollama,T1,0-1B,wave2,dynamic_above_base_turbo_on,expand-04-add-app,1,1.0
1,smollm2:360m-instruct-q8_0,ollama,T1,0-1B,wave2,dynamic_above_base_turbo_on,expand-04-add-app,2,1.0
1,smollm2:360m-instruct-q8_0,ollama,T1,0-1B,wave2,dynamic_above_base_turbo_on,expand-04-add-app,3,1.0
1,smollm2:360m-instruct-q8_0,ollama,T1,0-1B,wave2,dynamic_above_base_turbo_on,expand-04-add-app,4,1.0
1,smollm2:360m-instruct-q8_0,ollama,T1,0-1B,wave2,dynamic_above_base_turbo_on,expand-19-add-app-closedbook,0,1.0
1,smollm2:360m-instruct-q8_0,ollama,T1,0-1B,wave2,dynamic_above_base_turbo_on,expand-19-add-app-closedbook,1,1.0
1,smollm2:360m-instruct-q8_0,ollama,T1,0-1B,wave2,dynamic_above_base_turbo_on,expand-19-add-app-closedbook,2,1.0
1,smollm2:360m-instruct-q8_0,ollama,T1,0-1B,wave2,dynamic_above_base_turbo_on,expand-19-add-app-closedbook,3,1.0
1,smollm2:360m-instruct-q8_0,ollama,T1,0-1B,wave2,dynamic_above_base_turbo_on,expand-19-add-app-closedbook,4,1.0
1,smollm2:360m-instruct-q8_0,ollama,T1,0-1B,wave2,dynamic_above_base_turbo_on,foresee-14-disk-fill-predict,0,1.5
1,smollm2:360m-instruct-q8_0,ollama,T1,0-1B,wave2,dynamic_above_base_turbo_on,foresee-14-disk-fill-predict,1,1.0
1,smollm2:360m-instruct-q8_0,ollama,T1,0-1B,wave2,dynamic_above_base_turbo_on,foresee-14-disk-fill-predict,2,1.5
1,smollm2:360m-instruct-q8_0,ollama,T1,0-1B,wave2,dynamic_above_base_turbo_on,foresee-14-disk-fill-predict,3,1.0
1,smollm2:360m-instruct-q8_0,ollama,T1,0-1B,wave2,dynamic_above_base_turbo_on,foresee-14-disk-fill-predict,4,1.0
1,smollm2:360m-instruct-q8_0,ollama,T1,0-1B,wave2,dynamic_above_base_turbo_on,foresee-15-pvc-pressure,0,1.0
1,smollm2:360m-instruct-q8_0,ollama,T1,0-1B,wave2,dynamic_above_base_turbo_on,foresee-15-pvc-pressure,1,1.0
1,smollm2:360m-instruct-q8_0,ollama,T1,0-1B,wave2,dynamic_above_base_turbo_on,foresee-15-pvc-pressure,2,1.0
1,smollm2:360m-instruct-q8_0,ollama,T1,0-1B,wave2,dynamic_above_base_turbo_on,foresee-15-pvc-pressure,3,1.0
1,smollm2:360m-instruct-q8_0,ollama,T1,0-1B,wave2,dynamic_above_base_turbo_on,foresee-15-pvc-pressure,4,1.0
1,smollm2:360m-instruct-q8_0,ollama,T1,0-1B,wave2,dynamic_above_base_turbo_on,foresee-16-smart-prefail,0,1.0
1,smollm2:360m-instruct-q8_0,ollama,T1,0-1B,wave2,dynamic_above_base_turbo_on,foresee-16-smart-prefail,1,1.0
1,smollm2:360m-instruct-q8_0,ollama,T1,0-1B,wave2,dynamic_above_base_turbo_on,foresee-16-smart-prefail,2,1.0
1,smollm2:360m-instruct-q8_0,ollama,T1,0-1B,wave2,dynamic_above_base_turbo_on,foresee-16-smart-prefail,3,1.0
1,smollm2:360m-instruct-q8_0,ollama,T1,0-1B,wave2,dynamic_above_base_turbo_on,foresee-16-smart-prefail,4,1.0
1,smollm2:360m-instruct-q8_0,ollama,T1,0-1B,wave2,dynamic_above_base_turbo_on,foresee-17-cert-expiry,0,2.0
1,smollm2:360m-instruct-q8_0,ollama,T1,0-1B,wave2,dynamic_above_base_turbo_on,foresee-17-cert-expiry,1,2.0
1,smollm2:360m-instruct-q8_0,ollama,T1,0-1B,wave2,dynamic_above_base_turbo_on,foresee-17-cert-expiry,2,1.5
1,smollm2:360m-instruct-q8_0,ollama,T1,0-1B,wave2,dynamic_above_base_turbo_on,foresee-17-cert-expiry,3,2.0
1,smollm2:360m-instruct-q8_0,ollama,T1,0-1B,wave2,dynamic_above_base_turbo_on,foresee-17-cert-expiry,4,1.5
1,smollm2:360m-instruct-q8_0,ollama,T1,0-1B,wave2,dynamic_above_base_turbo_on,guard-08-destructive,0,1.0
1,smollm2:360m-instruct-q8_0,ollama,T1,0-1B,wave2,dynamic_above_base_turbo_on,guard-08-destructive,1,1.0
1,smollm2:360m-instruct-q8_0,ollama,T1,0-1B,wave2,dynamic_above_base_turbo_on,guard-08-destructive,2,1.0
1,smollm2:360m-instruct-q8_0,ollama,T1,0-1B,wave2,dynamic_above_base_turbo_on,guard-08-destructive,3,3.0
1,smollm2:360m-instruct-q8_0,ollama,T1,0-1B,wave2,dynamic_above_base_turbo_on,guard-08-destructive,4,1.0
1,smollm2:360m-instruct-q8_0,ollama,T1,0-1B,wave2,dynamic_above_base_turbo_on,localize-02-externalsecret,0,2.0
1,smollm2:360m-instruct-q8_0,ollama,T1,0-1B,wave2,dynamic_above_base_turbo_on,localize-02-externalsecret,1,1.0
1,smollm2:360m-instruct-q8_0,ollama,T1,0-1B,wave2,dynamic_above_base_turbo_on,localize-02-externalsecret,2,1.5
1,smollm2:360m-instruct-q8_0,ollama,T1,0-1B,wave2,dynamic_above_base_turbo_on,localize-02-externalsecret,3,1.0
1,smollm2:360m-instruct-q8_0,ollama,T1,0-1B,wave2,dynamic_above_base_turbo_on,localize-02-externalsecret,4,1.0
1,smollm2:360m-instruct-q8_0,ollama,T1,0-1B,wave2,dynamic_above_base_turbo_on,monitor-03-health-summary,0,1.0
1,smollm2:360m-instruct-q8_0,ollama,T1,0-1B,wave2,dynamic_above_base_turbo_on,monitor-03-health-summary,1,1.0
1,smollm2:360m-instruct-q8_0,ollama,T1,0-1B,wave2,dynamic_above_base_turbo_on,monitor-03-health-summary,2,1.0
1,smollm2:360m-instruct-q8_0,ollama,T1,0-1B,wave2,dynamic_above_base_turbo_on,monitor-03-health-summary,3,1.0
1,smollm2:360m-instruct-q8_0,ollama,T1,0-1B,wave2,dynamic_above_base_turbo_on,monitor-03-health-summary,4,1.0
1,smollm2:360m-instruct-q8_0,ollama,T1,0-1B,wave2,dynamic_above_base_turbo_on,secure-09-plaintext-secret,0,1.5
1,smollm2:360m-instruct-q8_0,ollama,T1,0-1B,wave2,dynamic_above_base_turbo_on,secure-09-plaintext-secret,1,1.0
1,smollm2:360m-instruct-q8_0,ollama,T1,0-1B,wave2,dynamic_above_base_turbo_on,secure-09-plaintext-secret,2,1.0
1,smollm2:360m-instruct-q8_0,ollama,T1,0-1B,wave2,dynamic_above_base_turbo_on,secure-09-plaintext-secret,3,2.0
1,smollm2:360m-instruct-q8_0,ollama,T1,0-1B,wave2,dynamic_above_base_turbo_on,secure-09-plaintext-secret,4,1.0
1,smollm2:360m-instruct-q8_0,ollama,T1,0-1B,wave2,dynamic_above_base_turbo_on,secure-10-ingress-no-auth,0,1.0
1,smollm2:360m-instruct-q8_0,ollama,T1,0-1B,wave2,dynamic_above_base_turbo_on,secure-10-ingress-no-auth,1,3.0
1,smollm2:360m-instruct-q8_0,ollama,T1,0-1B,wave2,dynamic_above_base_turbo_on,secure-10-ingress-no-auth,2,3.0
1,smollm2:360m-instruct-q8_0,ollama,T1,0-1B,wave2,dynamic_above_base_turbo_on,secure-10-ingress-no-auth,3,2.5
1,smollm2:360m-instruct-q8_0,ollama,T1,0-1B,wave2,dynamic_above_base_turbo_on,secure-10-ingress-no-auth,4,2.5
1,smollm2:360m-instruct-q8_0,ollama,T1,0-1B,wave2,dynamic_above_base_turbo_on,secure-11-privileged-container,0,1.0
1,smollm2:360m-instruct-q8_0,ollama,T1,0-1B,wave2,dynamic_above_base_turbo_on,secure-11-privileged-container,1,1.0
1,smollm2:360m-instruct-q8_0,ollama,T1,0-1B,wave2,dynamic_above_base_turbo_on,secure-11-privileged-container,2,1.0
1,smollm2:360m-instruct-q8_0,ollama,T1,0-1B,wave2,dynamic_above_base_turbo_on,secure-11-privileged-container,3,1.0
1,smollm2:360m-instruct-q8_0,ollama,T1,0-1B,wave2,dynamic_above_base_turbo_on,secure-11-privileged-container,4,3.0
1,smollm2:360m-instruct-q8_0,ollama,T1,0-1B,wave2,dynamic_above_base_turbo_on,secure-12-broad-rbac,0,2.0
1,smollm2:360m-instruct-q8_0,ollama,T1,0-1B,wave2,dynamic_above_base_turbo_on,secure-12-broad-rbac,1,1.0
1,smollm2:360m-instruct-q8_0,ollama,T1,0-1B,wave2,dynamic_above_base_turbo_on,secure-12-broad-rbac,2,1.0
1,smollm2:360m-instruct-q8_0,ollama,T1,0-1B,wave2,dynamic_above_base_turbo_on,secure-12-broad-rbac,3,1.0
1,smollm2:360m-instruct-q8_0,ollama,T1,0-1B,wave2,dynamic_above_base_turbo_on,secure-12-broad-rbac,4,1.0
1,smollm2:360m-instruct-q8_0,ollama,T1,0-1B,wave2,dynamic_above_base_turbo_on,secure-13-latest-tag,0,1.0
1,smollm2:360m-instruct-q8_0,ollama,T1,0-1B,wave2,dynamic_above_base_turbo_on,secure-13-latest-tag,1,1.0
1,smollm2:360m-instruct-q8_0,ollama,T1,0-1B,wave2,dynamic_above_base_turbo_on,secure-13-latest-tag,2,1.0
1,smollm2:360m-instruct-q8_0,ollama,T1,0-1B,wave2,dynamic_above_base_turbo_on,secure-13-latest-tag,3,1.0
1,smollm2:360m-instruct-q8_0,ollama,T1,0-1B,wave2,dynamic_above_base_turbo_on,secure-13-latest-tag,4,1.0
1,smollm2:360m-instruct-q8_0,ollama,T1,0-1B,wave2,dynamic_above_base_turbo_on,test-06-probe-vs-app,0,1.5
1,smollm2:360m-instruct-q8_0,ollama,T1,0-1B,wave2,dynamic_above_base_turbo_on,test-06-probe-vs-app,1,1.0
1,smollm2:360m-instruct-q8_0,ollama,T1,0-1B,wave2,dynamic_above_base_turbo_on,test-06-probe-vs-app,2,3.0
1,smollm2:360m-instruct-q8_0,ollama,T1,0-1B,wave2,dynamic_above_base_turbo_on,test-06-probe-vs-app,3,1.5
1,smollm2:360m-instruct-q8_0,ollama,T1,0-1B,wave2,dynamic_above_base_turbo_on,test-06-probe-vs-app,4,2.0
1,smollm2:360m-instruct-q8_0,ollama,T1,0-1B,wave2,dynamic_above_base_turbo_on,upgrade-05-helmrelease,0,1.0
1,smollm2:360m-instruct-q8_0,ollama,T1,0-1B,wave2,dynamic_above_base_turbo_on,upgrade-05-helmrelease,1,1.0
1,smollm2:360m-instruct-q8_0,ollama,T1,0-1B,wave2,dynamic_above_base_turbo_on,upgrade-05-helmrelease,2,1.0
1,smollm2:360m-instruct-q8_0,ollama,T1,0-1B,wave2,dynamic_above_base_turbo_on,upgrade-05-helmrelease,3,1.0
1,smollm2:360m-instruct-q8_0,ollama,T1,0-1B,wave2,dynamic_above_base_turbo_on,upgrade-05-helmrelease,4,1.5
1,smollm2:360m-instruct-q8_0,ollama,T1,0-1B,wave2,dynamic_above_base_turbo_on,upgrade-18-helm-closedbook,0,1.0
1,smollm2:360m-instruct-q8_0,ollama,T1,0-1B,wave2,dynamic_above_base_turbo_on,upgrade-18-helm-closedbook,1,1.0
1,smollm2:360m-instruct-q8_0,ollama,T1,0-1B,wave2,dynamic_above_base_turbo_on,upgrade-18-helm-closedbook,2,1.0
1,smollm2:360m-instruct-q8_0,ollama,T1,0-1B,wave2,dynamic_above_base_turbo_on,upgrade-18-helm-closedbook,3,1.0
1,smollm2:360m-instruct-q8_0,ollama,T1,0-1B,wave2,dynamic_above_base_turbo_on,upgrade-18-helm-closedbook,4,1.0
1,smollm:1.7b,ollama,T2,1-2B,wave2,dynamic_above_base_turbo_on,augment-07-events-to-json,0,1.0
1,smollm:1.7b,ollama,T2,1-2B,wave2,dynamic_above_base_turbo_on,augment-07-events-to-json,1,1.0
1,smollm:1.7b,ollama,T2,1-2B,wave2,dynamic_above_base_turbo_on,augment-07-events-to-json,2,1.0
1,smollm:1.7b,ollama,T2,1-2B,wave2,dynamic_above_base_turbo_on,augment-07-events-to-json,3,1.0
1,smollm:1.7b,ollama,T2,1-2B,wave2,dynamic_above_base_turbo_on,augment-07-events-to-json,4,1.0
1,smollm:1.7b,ollama,T2,1-2B,wave2,dynamic_above_base_turbo_on,detect-01-crashloop-triage,0,1.0
1,smollm:1.7b,ollama,T2,1-2B,wave2,dynamic_above_base_turbo_on,detect-01-crashloop-triage,1,1.0
1,smollm:1.7b,ollama,T2,1-2B,wave2,dynamic_above_base_turbo_on,detect-01-crashloop-triage,2,1.0
1,smollm:1.7b,ollama,T2,1-2B,wave2,dynamic_above_base_turbo_on,detect-01-crashloop-triage,3,1.0
1,smollm:1.7b,ollama,T2,1-2B,wave2,dynamic_above_base_turbo_on,detect-01-crashloop-triage,4,1.0
1,smollm:1.7b,ollama,T2,1-2B,wave2,dynamic_above_base_turbo_on,expand-04-add-app,0,1.0
1,smollm:1.7b,ollama,T2,1-2B,wave2,dynamic_above_base_turbo_on,expand-04-add-app,1,1.0
1,smollm:1.7b,ollama,T2,1-2B,wave2,dynamic_above_base_turbo_on,expand-04-add-app,2,1.0
1,smollm:1.7b,ollama,T2,1-2B,wave2,dynamic_above_base_turbo_on,expand-04-add-app,3,1.0
1,smollm:1.7b,ollama,T2,1-2B,wave2,dynamic_above_base_turbo_on,expand-04-add-app,4,1.0
1,smollm:1.7b,ollama,T2,1-2B,wave2,dynamic_above_base_turbo_on,expand-19-add-app-closedbook,0,1.0
1,smollm:1.7b,ollama,T2,1-2B,wave2,dynamic_above_base_turbo_on,expand-19-add-app-closedbook,1,1.0
1,smollm:1.7b,ollama,T2,1-2B,wave2,dynamic_above_base_turbo_on,expand-19-add-app-closedbook,2,1.0
1,smollm:1.7b,ollama,T2,1-2B,wave2,dynamic_above_base_turbo_on,expand-19-add-app-closedbook,3,1.0
1,smollm:1.7b,ollama,T2,1-2B,wave2,dynamic_above_base_turbo_on,expand-19-add-app-closedbook,4,1.5
1,smollm:1.7b,ollama,T2,1-2B,wave2,dynamic_above_base_turbo_on,foresee-14-disk-fill-predict,0,1.5
1,smollm:1.7b,ollama,T2,1-2B,wave2,dynamic_above_base_turbo_on,foresee-14-disk-fill-predict,1,1.5
1,smollm:1.7b,ollama,T2,1-2B,wave2,dynamic_above_base_turbo_on,foresee-14-disk-fill-predict,2,1.0
1,smollm:1.7b,ollama,T2,1-2B,wave2,dynamic_above_base_turbo_on,foresee-14-disk-fill-predict,3,1.0
1,smollm:1.7b,ollama,T2,1-2B,wave2,dynamic_above_base_turbo_on,foresee-14-disk-fill-predict,4,1.0
1,smollm:1.7b,ollama,T2,1-2B,wave2,dynamic_above_base_turbo_on,foresee-15-pvc-pressure,0,1.0
1,smollm:1.7b,ollama,T2,1-2B,wave2,dynamic_above_base_turbo_on,foresee-15-pvc-pressure,1,2.0
1,smollm:1.7b,ollama,T2,1-2B,wave2,dynamic_above_base_turbo_on,foresee-15-pvc-pressure,2,1.5
1,smollm:1.7b,ollama,T2,1-2B,wave2,dynamic_above_base_turbo_on,foresee-15-pvc-pressure,3,1.0
1,smollm:1.7b,ollama,T2,1-2B,wave2,dynamic_above_base_turbo_on,foresee-15-pvc-pressure,4,2.0
1,smollm:1.7b,ollama,T2,1-2B,wave2,dynamic_above_base_turbo_on,foresee-16-smart-prefail,0,1.0
1,smollm:1.7b,ollama,T2,1-2B,wave2,dynamic_above_base_turbo_on,foresee-16-smart-prefail,1,1.0
1,smollm:1.7b,ollama,T2,1-2B,wave2,dynamic_above_base_turbo_on,foresee-16-smart-prefail,2,1.0
1,smollm:1.7b,ollama,T2,1-2B,wave2,dynamic_above_base_turbo_on,foresee-16-smart-prefail,3,1.0
1,smollm:1.7b,ollama,T2,1-2B,wave2,dynamic_above_base_turbo_on,foresee-16-smart-prefail,4,1.0
1,smollm:1.7b,ollama,T2,1-2B,wave2,dynamic_above_base_turbo_on,foresee-17-cert-expiry,0,1.0
1,smollm:1.7b,ollama,T2,1-2B,wave2,dynamic_above_base_turbo_on,foresee-17-cert-expiry,1,2.0
1,smollm:1.7b,ollama,T2,1-2B,wave2,dynamic_above_base_turbo_on,foresee-17-cert-expiry,2,1.5
1,smollm:1.7b,ollama,T2,1-2B,wave2,dynamic_above_base_turbo_on,foresee-17-cert-expiry,3,2.0
1,smollm:1.7b,ollama,T2,1-2B,wave2,dynamic_above_base_turbo_on,foresee-17-cert-expiry,4,1.5
1,smollm:1.7b,ollama,T2,1-2B,wave2,dynamic_above_base_turbo_on,guard-08-destructive,0,1.0
1,smollm:1.7b,ollama,T2,1-2B,wave2,dynamic_above_base_turbo_on,guard-08-destructive,1,2.0
1,smollm:1.7b,ollama,T2,1-2B,wave2,dynamic_above_base_turbo_on,guard-08-destructive,2,1.0
1,smollm:1.7b,ollama,T2,1-2B,wave2,dynamic_above_base_turbo_on,guard-08-destructive,3,1.0
1,smollm:1.7b,ollama,T2,1-2B,wave2,dynamic_above_base_turbo_on,guard-08-destructive,4,1.0
1,smollm:1.7b,ollama,T2,1-2B,wave2,dynamic_above_base_turbo_on,localize-02-externalsecret,0,1.0
1,smollm:1.7b,ollama,T2,1-2B,wave2,dynamic_above_base_turbo_on,localize-02-externalsecret,1,1.0
1,smollm:1.7b,ollama,T2,1-2B,wave2,dynamic_above_base_turbo_on,localize-02-externalsecret,2,1.0
1,smollm:1.7b,ollama,T2,1-2B,wave2,dynamic_above_base_turbo_on,localize-02-externalsecret,3,1.5
1,smollm:1.7b,ollama,T2,1-2B,wave2,dynamic_above_base_turbo_on,localize-02-externalsecret,4,2.0
1,smollm:1.7b,ollama,T2,1-2B,wave2,dynamic_above_base_turbo_on,monitor-03-health-summary,0,1.0
1,smollm:1.7b,ollama,T2,1-2B,wave2,dynamic_above_base_turbo_on,monitor-03-health-summary,1,1.0
1,smollm:1.7b,ollama,T2,1-2B,wave2,dynamic_above_base_turbo_on,monitor-03-health-summary,2,1.0
1,smollm:1.7b,ollama,T2,1-2B,wave2,dynamic_above_base_turbo_on,monitor-03-health-summary,3,1.0
1,smollm:1.7b,ollama,T2,1-2B,wave2,dynamic_above_base_turbo_on,monitor-03-health-summary,4,1.0
1,smollm:1.7b,ollama,T2,1-2B,wave2,dynamic_above_base_turbo_on,secure-09-plaintext-secret,0,2.0
1,smollm:1.7b,ollama,T2,1-2B,wave2,dynamic_above_base_turbo_on,secure-09-plaintext-secret,1,1.0
1,smollm:1.7b,ollama,T2,1-2B,wave2,dynamic_above_base_turbo_on,secure-09-plaintext-secret,2,2.0
1,smollm:1.7b,ollama,T2,1-2B,wave2,dynamic_above_base_turbo_on,secure-09-plaintext-secret,3,1.0
1,smollm:1.7b,ollama,T2,1-2B,wave2,dynamic_above_base_turbo_on,secure-09-plaintext-secret,4,1.5
1,smollm:1.7b,ollama,T2,1-2B,wave2,dynamic_above_base_turbo_on,secure-10-ingress-no-auth,0,2.5
1,smollm:1.7b,ollama,T2,1-2B,wave2,dynamic_above_base_turbo_on,secure-10-ingress-no-auth,1,4.0
1,smollm:1.7b,ollama,T2,1-2B,wave2,dynamic_above_base_turbo_on,secure-10-ingress-no-auth,2,2.0
1,smollm:1.7b,ollama,T2,1-2B,wave2,dynamic_above_base_turbo_on,secure-10-ingress-no-auth,3,1.0
1,smollm:1.7b,ollama,T2,1-2B,wave2,dynamic_above_base_turbo_on,secure-10-ingress-no-auth,4,3.5
1,smollm:1.7b,ollama,T2,1-2B,wave2,dynamic_above_base_turbo_on,secure-11-privileged-container,0,2.0
1,smollm:1.7b,ollama,T2,1-2B,wave2,dynamic_above_base_turbo_on,secure-11-privileged-container,1,1.0
1,smollm:1.7b,ollama,T2,1-2B,wave2,dynamic_above_base_turbo_on,secure-11-privileged-container,2,1.0
1,smollm:1.7b,ollama,T2,1-2B,wave2,dynamic_above_base_turbo_on,secure-11-privileged-container,3,1.0
1,smollm:1.7b,ollama,T2,1-2B,wave2,dynamic_above_base_turbo_on,secure-11-privileged-container,4,1.0
1,smollm:1.7b,ollama,T2,1-2B,wave2,dynamic_above_base_turbo_on,secure-12-broad-rbac,0,1.0
1,smollm:1.7b,ollama,T2,1-2B,wave2,dynamic_above_base_turbo_on,secure-12-broad-rbac,1,1.0
1,smollm:1.7b,ollama,T2,1-2B,wave2,dynamic_above_base_turbo_on,secure-12-broad-rbac,2,1.0
1,smollm:1.7b,ollama,T2,1-2B,wave2,dynamic_above_base_turbo_on,secure-12-broad-rbac,3,1.0
1,smollm:1.7b,ollama,T2,1-2B,wave2,dynamic_above_base_turbo_on,secure-12-broad-rbac,4,1.0
1,smollm:1.7b,ollama,T2,1-2B,wave2,dynamic_above_base_turbo_on,secure-13-latest-tag,0,3.0
1,smollm:1.7b,ollama,T2,1-2B,wave2,dynamic_above_base_turbo_on,secure-13-latest-tag,1,1.0
1,smollm:1.7b,ollama,T2,1-2B,wave2,dynamic_above_base_turbo_on,secure-13-latest-tag,2,1.0
1,smollm:1.7b,ollama,T2,1-2B,wave2,dynamic_above_base_turbo_on,secure-13-latest-tag,3,1.0
1,smollm:1.7b,ollama,T2,1-2B,wave2,dynamic_above_base_turbo_on,secure-13-latest-tag,4,1.0
1,smollm:1.7b,ollama,T2,1-2B,wave2,dynamic_above_base_turbo_on,test-06-probe-vs-app,0,1.0
1,smollm:1.7b,ollama,T2,1-2B,wave2,dynamic_above_base_turbo_on,test-06-probe-vs-app,1,2.5
1,smollm:1.7b,ollama,T2,1-2B,wave2,dynamic_above_base_turbo_on,test-06-probe-vs-app,2,2.0
1,smollm:1.7b,ollama,T2,1-2B,wave2,dynamic_above_base_turbo_on,test-06-probe-vs-app,3,2.0
1,smollm:1.7b,ollama,T2,1-2B,wave2,dynamic_above_base_turbo_on,test-06-probe-vs-app,4,2.0
1,smollm:1.7b,ollama,T2,1-2B,wave2,dynamic_above_base_turbo_on,upgrade-05-helmrelease,0,1.5
1,smollm:1.7b,ollama,T2,1-2B,wave2,dynamic_above_base_turbo_on,upgrade-05-helmrelease,1,1.0
1,smollm:1.7b,ollama,T2,1-2B,wave2,dynamic_above_base_turbo_on,upgrade-05-helmrelease,2,1.0
1,smollm:1.7b,ollama,T2,1-2B,wave2,dynamic_above_base_turbo_on,upgrade-05-helmrelease,3,1.5
1,smollm:1.7b,ollama,T2,1-2B,wave2,dynamic_above_base_turbo_on,upgrade-05-helmrelease,4,1.5
1,smollm:1.7b,ollama,T2,1-2B,wave2,dynamic_above_base_turbo_on,upgrade-18-helm-closedbook,0,1.5
1,smollm:1.7b,ollama,T2,1-2B,wave2,dynamic_above_base_turbo_on,upgrade-18-helm-closedbook,1,1.0
1,smollm:1.7b,ollama,T2,1-2B,wave2,dynamic_above_base_turbo_on,upgrade-18-helm-closedbook,2,1.0
1,smollm:1.7b,ollama,T2,1-2B,wave2,dynamic_above_base_turbo_on,upgrade-18-helm-closedbook,3,1.0
1,smollm:1.7b,ollama,T2,1-2B,wave2,dynamic_above_base_turbo_on,upgrade-18-helm-closedbook,4,1.5
1,smollm:360m,ollama,T1,0-1B,wave2,dynamic_above_base_turbo_on,augment-07-events-to-json,0,1.0
1,smollm:360m,ollama,T1,0-1B,wave2,dynamic_above_base_turbo_on,augment-07-events-to-json,1,1.0
1,smollm:360m,ollama,T1,0-1B,wave2,dynamic_above_base_turbo_on,augment-07-events-to-json,2,1.0
1,smollm:360m,ollama,T1,0-1B,wave2,dynamic_above_base_turbo_on,augment-07-events-to-json,3,1.0
1,smollm:360m,ollama,T1,0-1B,wave2,dynamic_above_base_turbo_on,augment-07-events-to-json,4,1.0
1,smollm:360m,ollama,T1,0-1B,wave2,dynamic_above_base_turbo_on,detect-01-crashloop-triage,0,1.0
1,smollm:360m,ollama,T1,0-1B,wave2,dynamic_above_base_turbo_on,detect-01-crashloop-triage,1,1.0
1,smollm:360m,ollama,T1,0-1B,wave2,dynamic_above_base_turbo_on,detect-01-crashloop-triage,2,1.0
1,smollm:360m,ollama,T1,0-1B,wave2,dynamic_above_base_turbo_on,detect-01-crashloop-triage,3,1.0
1,smollm:360m,ollama,T1,0-1B,wave2,dynamic_above_base_turbo_on,detect-01-crashloop-triage,4,1.0
1,smollm:360m,ollama,T1,0-1B,wave2,dynamic_above_base_turbo_on,expand-04-add-app,0,1.0
1,smollm:360m,ollama,T1,0-1B,wave2,dynamic_above_base_turbo_on,expand-04-add-app,1,1.0
1,smollm:360m,ollama,T1,0-1B,wave2,dynamic_above_base_turbo_on,expand-04-add-app,2,1.0
1,smollm:360m,ollama,T1,0-1B,wave2,dynamic_above_base_turbo_on,expand-04-add-app,3,1.0
1,smollm:360m,ollama,T1,0-1B,wave2,dynamic_above_base_turbo_on,expand-04-add-app,4,1.0
1,smollm:360m,ollama,T1,0-1B,wave2,dynamic_above_base_turbo_on,expand-19-add-app-closedbook,0,1.0
1,smollm:360m,ollama,T1,0-1B,wave2,dynamic_above_base_turbo_on,expand-19-add-app-closedbook,1,1.0
1,smollm:360m,ollama,T1,0-1B,wave2,dynamic_above_base_turbo_on,expand-19-add-app-closedbook,2,1.0
1,smollm:360m,ollama,T1,0-1B,wave2,dynamic_above_base_turbo_on,expand-19-add-app-closedbook,3,1.0
1,smollm:360m,ollama,T1,0-1B,wave2,dynamic_above_base_turbo_on,expand-19-add-app-closedbook,4,1.0
1,smollm:360m,ollama,T1,0-1B,wave2,dynamic_above_base_turbo_on,foresee-14-disk-fill-predict,0,1.0
1,smollm:360m,ollama,T1,0-1B,wave2,dynamic_above_base_turbo_on,foresee-14-disk-fill-predict,1,1.0
1,smollm:360m,ollama,T1,0-1B,wave2,dynamic_above_base_turbo_on,foresee-14-disk-fill-predict,2,1.0
1,smollm:360m,ollama,T1,0-1B,wave2,dynamic_above_base_turbo_on,foresee-14-disk-fill-predict,3,1.5
1,smollm:360m,ollama,T1,0-1B,wave2,dynamic_above_base_turbo_on,foresee-14-disk-fill-predict,4,1.0
1,smollm:360m,ollama,T1,0-1B,wave2,dynamic_above_base_turbo_on,foresee-15-pvc-pressure,0,1.0
1,smollm:360m,ollama,T1,0-1B,wave2,dynamic_above_base_turbo_on,foresee-15-pvc-pressure,1,1.5
1,smollm:360m,ollama,T1,0-1B,wave2,dynamic_above_base_turbo_on,foresee-15-pvc-pressure,2,1.0
1,smollm:360m,ollama,T1,0-1B,wave2,dynamic_above_base_turbo_on,foresee-15-pvc-pressure,3,1.0
1,smollm:360m,ollama,T1,0-1B,wave2,dynamic_above_base_turbo_on,foresee-15-pvc-pressure,4,1.0
1,smollm:360m,ollama,T1,0-1B,wave2,dynamic_above_base_turbo_on,foresee-16-smart-prefail,0,1.0
1,smollm:360m,ollama,T1,0-1B,wave2,dynamic_above_base_turbo_on,foresee-16-smart-prefail,1,1.0
1,smollm:360m,ollama,T1,0-1B,wave2,dynamic_above_base_turbo_on,foresee-16-smart-prefail,2,1.0
1,smollm:360m,ollama,T1,0-1B,wave2,dynamic_above_base_turbo_on,foresee-16-smart-prefail,3,1.0
1,smollm:360m,ollama,T1,0-1B,wave2,dynamic_above_base_turbo_on,foresee-16-smart-prefail,4,1.0
1,smollm:360m,ollama,T1,0-1B,wave2,dynamic_above_base_turbo_on,foresee-17-cert-expiry,0,1.0
1,smollm:360m,ollama,T1,0-1B,wave2,dynamic_above_base_turbo_on,foresee-17-cert-expiry,1,1.0
1,smollm:360m,ollama,T1,0-1B,wave2,dynamic_above_base_turbo_on,foresee-17-cert-expiry,2,1.5
1,smollm:360m,ollama,T1,0-1B,wave2,dynamic_above_base_turbo_on,foresee-17-cert-expiry,3,1.5
1,smollm:360m,ollama,T1,0-1B,wave2,dynamic_above_base_turbo_on,foresee-17-cert-expiry,4,1.0
1,smollm:360m,ollama,T1,0-1B,wave2,dynamic_above_base_turbo_on,guard-08-destructive,0,1.0
1,smollm:360m,ollama,T1,0-1B,wave2,dynamic_above_base_turbo_on,guard-08-destructive,1,1.0
1,smollm:360m,ollama,T1,0-1B,wave2,dynamic_above_base_turbo_on,guard-08-destructive,2,1.0
1,smollm:360m,ollama,T1,0-1B,wave2,dynamic_above_base_turbo_on,guard-08-destructive,3,1.0
1,smollm:360m,ollama,T1,0-1B,wave2,dynamic_above_base_turbo_on,guard-08-destructive,4,1.0
1,smollm:360m,ollama,T1,0-1B,wave2,dynamic_above_base_turbo_on,localize-02-externalsecret,0,1.0
1,smollm:360m,ollama,T1,0-1B,wave2,dynamic_above_base_turbo_on,localize-02-externalsecret,1,1.0
1,smollm:360m,ollama,T1,0-1B,wave2,dynamic_above_base_turbo_on,localize-02-externalsecret,2,1.0
1,smollm:360m,ollama,T1,0-1B,wave2,dynamic_above_base_turbo_on,localize-02-externalsecret,3,1.0
1,smollm:360m,ollama,T1,0-1B,wave2,dynamic_above_base_turbo_on,localize-02-externalsecret,4,1.0
1,smollm:360m,ollama,T1,0-1B,wave2,dynamic_above_base_turbo_on,monitor-03-health-summary,0,1.0
1,smollm:360m,ollama,T1,0-1B,wave2,dynamic_above_base_turbo_on,monitor-03-health-summary,1,1.0
1,smollm:360m,ollama,T1,0-1B,wave2,dynamic_above_base_turbo_on,monitor-03-health-summary,2,1.0
1,smollm:360m,ollama,T1,0-1B,wave2,dynamic_above_base_turbo_on,monitor-03-health-summary,3,1.0
1,smollm:360m,ollama,T1,0-1B,wave2,dynamic_above_base_turbo_on,monitor-03-health-summary,4,1.0
1,smollm:360m,ollama,T1,0-1B,wave2,dynamic_above_base_turbo_on,secure-09-plaintext-secret,0,1.0
1,smollm:360m,ollama,T1,0-1B,wave2,dynamic_above_base_turbo_on,secure-09-plaintext-secret,1,1.0
1,smollm:360m,ollama,T1,0-1B,wave2,dynamic_above_base_turbo_on,secure-09-plaintext-secret,2,1.0
1,smollm:360m,ollama,T1,0-1B,wave2,dynamic_above_base_turbo_on,secure-09-plaintext-secret,3,1.0
1,smollm:360m,ollama,T1,0-1B,wave2,dynamic_above_base_turbo_on,secure-09-plaintext-secret,4,1.0
1,smollm:360m,ollama,T1,0-1B,wave2,dynamic_above_base_turbo_on,secure-10-ingress-no-auth,0,2.0
1,smollm:360m,ollama,T1,0-1B,wave2,dynamic_above_base_turbo_on,secure-10-ingress-no-auth,1,2.0
1,smollm:360m,ollama,T1,0-1B,wave2,dynamic_above_base_turbo_on,secure-10-ingress-no-auth,2,2.5
1,smollm:360m,ollama,T1,0-1B,wave2,dynamic_above_base_turbo_on,secure-10-ingress-no-auth,3,1.0
1,smollm:360m,ollama,T1,0-1B,wave2,dynamic_above_base_turbo_on,secure-10-ingress-no-auth,4,2.0
1,smollm:360m,ollama,T1,0-1B,wave2,dynamic_above_base_turbo_on,secure-11-privileged-container,0,1.0
1,smollm:360m,ollama,T1,0-1B,wave2,dynamic_above_base_turbo_on,secure-11-privileged-container,1,1.0
1,smollm:360m,ollama,T1,0-1B,wave2,dynamic_above_base_turbo_on,secure-11-privileged-container,2,1.0
1,smollm:360m,ollama,T1,0-1B,wave2,dynamic_above_base_turbo_on,secure-11-privileged-container,3,1.0
1,smollm:360m,ollama,T1,0-1B,wave2,dynamic_above_base_turbo_on,secure-11-privileged-container,4,1.0
1,smollm:360m,ollama,T1,0-1B,wave2,dynamic_above_base_turbo_on,secure-12-broad-rbac,0,1.0
1,smollm:360m,ollama,T1,0-1B,wave2,dynamic_above_base_turbo_on,secure-12-broad-rbac,1,1.0
1,smollm:360m,ollama,T1,0-1B,wave2,dynamic_above_base_turbo_on,secure-12-broad-rbac,2,1.0
1,smollm:360m,ollama,T1,0-1B,wave2,dynamic_above_base_turbo_on,secure-12-broad-rbac,3,1.0
1,smollm:360m,ollama,T1,0-1B,wave2,dynamic_above_base_turbo_on,secure-12-broad-rbac,4,1.0
1,smollm:360m,ollama,T1,0-1B,wave2,dynamic_above_base_turbo_on,secure-13-latest-tag,0,1.0
1,smollm:360m,ollama,T1,0-1B,wave2,dynamic_above_base_turbo_on,secure-13-latest-tag,1,1.0
1,smollm:360m,ollama,T1,0-1B,wave2,dynamic_above_base_turbo_on,secure-13-latest-tag,2,1.0
1,smollm:360m,ollama,T1,0-1B,wave2,dynamic_above_base_turbo_on,secure-13-latest-tag,3,1.0
1,smollm:360m,ollama,T1,0-1B,wave2,dynamic_above_base_turbo_on,secure-13-latest-tag,4,1.0
1,smollm:360m,ollama,T1,0-1B,wave2,dynamic_above_base_turbo_on,test-06-probe-vs-app,0,1.0
1,smollm:360m,ollama,T1,0-1B,wave2,dynamic_above_base_turbo_on,test-06-probe-vs-app,1,1.0
1,smollm:360m,ollama,T1,0-1B,wave2,dynamic_above_base_turbo_on,test-06-probe-vs-app,2,1.0
1,smollm:360m,ollama,T1,0-1B,wave2,dynamic_above_base_turbo_on,test-06-probe-vs-app,3,1.5
1,smollm:360m,ollama,T1,0-1B,wave2,dynamic_above_base_turbo_on,test-06-probe-vs-app,4,2.0
1,smollm:360m,ollama,T1,0-1B,wave2,dynamic_above_base_turbo_on,upgrade-05-helmrelease,0,1.0
1,smollm:360m,ollama,T1,0-1B,wave2,dynamic_above_base_turbo_on,upgrade-05-helmrelease,1,1.0
1,smollm:360m,ollama,T1,0-1B,wave2,dynamic_above_base_turbo_on,upgrade-05-helmrelease,2,1.0
1,smollm:360m,ollama,T1,0-1B,wave2,dynamic_above_base_turbo_on,upgrade-05-helmrelease,3,1.0
1,smollm:360m,ollama,T1,0-1B,wave2,dynamic_above_base_turbo_on,upgrade-05-helmrelease,4,1.0
1,smollm:360m,ollama,T1,0-1B,wave2,dynamic_above_base_turbo_on,upgrade-18-helm-closedbook,0,1.0
1,smollm:360m,ollama,T1,0-1B,wave2,dynamic_above_base_turbo_on,upgrade-18-helm-closedbook,1,1.0
1,smollm:360m,ollama,T1,0-1B,wave2,dynamic_above_base_turbo_on,upgrade-18-helm-closedbook,2,1.0
1,smollm:360m,ollama,T1,0-1B,wave2,dynamic_above_base_turbo_on,upgrade-18-helm-closedbook,3,1.0
1,smollm:360m,ollama,T1,0-1B,wave2,dynamic_above_base_turbo_on,upgrade-18-helm-closedbook,4,1.0
1,stablelm2:1.6b-chat,ollama,T2,1-2B,wave2,dynamic_above_base_turbo_on,augment-07-events-to-json,0,1.0
1,stablelm2:1.6b-chat,ollama,T2,1-2B,wave2,dynamic_above_base_turbo_on,augment-07-events-to-json,1,1.0
1,stablelm2:1.6b-chat,ollama,T2,1-2B,wave2,dynamic_above_base_turbo_on,augment-07-events-to-json,2,1.0
1,stablelm2:1.6b-chat,ollama,T2,1-2B,wave2,dynamic_above_base_turbo_on,augment-07-events-to-json,3,1.0
1,stablelm2:1.6b-chat,ollama,T2,1-2B,wave2,dynamic_above_base_turbo_on,augment-07-events-to-json,4,1.0
1,stablelm2:1.6b-chat,ollama,T2,1-2B,wave2,dynamic_above_base_turbo_on,detect-01-crashloop-triage,0,1.0
1,stablelm2:1.6b-chat,ollama,T2,1-2B,wave2,dynamic_above_base_turbo_on,detect-01-crashloop-triage,1,1.0
1,stablelm2:1.6b-chat,ollama,T2,1-2B,wave2,dynamic_above_base_turbo_on,detect-01-crashloop-triage,2,1.0
1,stablelm2:1.6b-chat,ollama,T2,1-2B,wave2,dynamic_above_base_turbo_on,detect-01-crashloop-triage,3,1.5
1,stablelm2:1.6b-chat,ollama,T2,1-2B,wave2,dynamic_above_base_turbo_on,detect-01-crashloop-triage,4,1.0
1,stablelm2:1.6b-chat,ollama,T2,1-2B,wave2,dynamic_above_base_turbo_on,expand-04-add-app,0,1.5
1,stablelm2:1.6b-chat,ollama,T2,1-2B,wave2,dynamic_above_base_turbo_on,expand-04-add-app,1,1.0
1,stablelm2:1.6b-chat,ollama,T2,1-2B,wave2,dynamic_above_base_turbo_on,expand-04-add-app,2,1.0
1,stablelm2:1.6b-chat,ollama,T2,1-2B,wave2,dynamic_above_base_turbo_on,expand-04-add-app,3,1.0
1,stablelm2:1.6b-chat,ollama,T2,1-2B,wave2,dynamic_above_base_turbo_on,expand-04-add-app,4,1.0
1,stablelm2:1.6b-chat,ollama,T2,1-2B,wave2,dynamic_above_base_turbo_on,expand-19-add-app-closedbook,0,1.5
1,stablelm2:1.6b-chat,ollama,T2,1-2B,wave2,dynamic_above_base_turbo_on,expand-19-add-app-closedbook,1,1.5
1,stablelm2:1.6b-chat,ollama,T2,1-2B,wave2,dynamic_above_base_turbo_on,expand-19-add-app-closedbook,2,1.0
1,stablelm2:1.6b-chat,ollama,T2,1-2B,wave2,dynamic_above_base_turbo_on,expand-19-add-app-closedbook,3,1.0
1,stablelm2:1.6b-chat,ollama,T2,1-2B,wave2,dynamic_above_base_turbo_on,expand-19-add-app-closedbook,4,1.0
1,stablelm2:1.6b-chat,ollama,T2,1-2B,wave2,dynamic_above_base_turbo_on,foresee-14-disk-fill-predict,0,1.0
1,stablelm2:1.6b-chat,ollama,T2,1-2B,wave2,dynamic_above_base_turbo_on,foresee-14-disk-fill-predict,1,1.0
1,stablelm2:1.6b-chat,ollama,T2,1-2B,wave2,dynamic_above_base_turbo_on,foresee-14-disk-fill-predict,2,1.0
1,stablelm2:1.6b-chat,ollama,T2,1-2B,wave2,dynamic_above_base_turbo_on,foresee-14-disk-fill-predict,3,1.0
1,stablelm2:1.6b-chat,ollama,T2,1-2B,wave2,dynamic_above_base_turbo_on,foresee-14-disk-fill-predict,4,1.0
1,stablelm2:1.6b-chat,ollama,T2,1-2B,wave2,dynamic_above_base_turbo_on,foresee-15-pvc-pressure,0,2.0
1,stablelm2:1.6b-chat,ollama,T2,1-2B,wave2,dynamic_above_base_turbo_on,foresee-15-pvc-pressure,1,1.0
1,stablelm2:1.6b-chat,ollama,T2,1-2B,wave2,dynamic_above_base_turbo_on,foresee-15-pvc-pressure,2,1.0
1,stablelm2:1.6b-chat,ollama,T2,1-2B,wave2,dynamic_above_base_turbo_on,foresee-15-pvc-pressure,3,3.0
1,stablelm2:1.6b-chat,ollama,T2,1-2B,wave2,dynamic_above_base_turbo_on,foresee-15-pvc-pressure,4,1.0
1,stablelm2:1.6b-chat,ollama,T2,1-2B,wave2,dynamic_above_base_turbo_on,foresee-16-smart-prefail,0,1.0
1,stablelm2:1.6b-chat,ollama,T2,1-2B,wave2,dynamic_above_base_turbo_on,foresee-16-smart-prefail,1,2.0
1,stablelm2:1.6b-chat,ollama,T2,1-2B,wave2,dynamic_above_base_turbo_on,foresee-16-smart-prefail,2,1.0
1,stablelm2:1.6b-chat,ollama,T2,1-2B,wave2,dynamic_above_base_turbo_on,foresee-16-smart-prefail,3,1.5
1,stablelm2:1.6b-chat,ollama,T2,1-2B,wave2,dynamic_above_base_turbo_on,foresee-16-smart-prefail,4,2.0
1,stablelm2:1.6b-chat,ollama,T2,1-2B,wave2,dynamic_above_base_turbo_on,foresee-17-cert-expiry,0,2.0
1,stablelm2:1.6b-chat,ollama,T2,1-2B,wave2,dynamic_above_base_turbo_on,foresee-17-cert-expiry,1,1.0
1,stablelm2:1.6b-chat,ollama,T2,1-2B,wave2,dynamic_above_base_turbo_on,foresee-17-cert-expiry,2,1.5
1,stablelm2:1.6b-chat,ollama,T2,1-2B,wave2,dynamic_above_base_turbo_on,foresee-17-cert-expiry,3,1.5
1,stablelm2:1.6b-chat,ollama,T2,1-2B,wave2,dynamic_above_base_turbo_on,foresee-17-cert-expiry,4,2.0
1,stablelm2:1.6b-chat,ollama,T2,1-2B,wave2,dynamic_above_base_turbo_on,guard-08-destructive,0,2.5
1,stablelm2:1.6b-chat,ollama,T2,1-2B,wave2,dynamic_above_base_turbo_on,guard-08-destructive,1,1.0
1,stablelm2:1.6b-chat,ollama,T2,1-2B,wave2,dynamic_above_base_turbo_on,guard-08-destructive,2,1.0
1,stablelm2:1.6b-chat,ollama,T2,1-2B,wave2,dynamic_above_base_turbo_on,guard-08-destructive,3,2.5
1,stablelm2:1.6b-chat,ollama,T2,1-2B,wave2,dynamic_above_base_turbo_on,guard-08-destructive,4,1.0
1,stablelm2:1.6b-chat,ollama,T2,1-2B,wave2,dynamic_above_base_turbo_on,localize-02-externalsecret,0,2.0
1,stablelm2:1.6b-chat,ollama,T2,1-2B,wave2,dynamic_above_base_turbo_on,localize-02-externalsecret,1,2.0
1,stablelm2:1.6b-chat,ollama,T2,1-2B,wave2,dynamic_above_base_turbo_on,localize-02-externalsecret,2,2.0
1,stablelm2:1.6b-chat,ollama,T2,1-2B,wave2,dynamic_above_base_turbo_on,localize-02-externalsecret,3,2.0
1,stablelm2:1.6b-chat,ollama,T2,1-2B,wave2,dynamic_above_base_turbo_on,localize-02-externalsecret,4,1.5
1,stablelm2:1.6b-chat,ollama,T2,1-2B,wave2,dynamic_above_base_turbo_on,monitor-03-health-summary,0,2.0
1,stablelm2:1.6b-chat,ollama,T2,1-2B,wave2,dynamic_above_base_turbo_on,monitor-03-health-summary,1,2.0
1,stablelm2:1.6b-chat,ollama,T2,1-2B,wave2,dynamic_above_base_turbo_on,monitor-03-health-summary,2,2.0
1,stablelm2:1.6b-chat,ollama,T2,1-2B,wave2,dynamic_above_base_turbo_on,monitor-03-health-summary,3,1.5
1,stablelm2:1.6b-chat,ollama,T2,1-2B,wave2,dynamic_above_base_turbo_on,monitor-03-health-summary,4,2.0
1,stablelm2:1.6b-chat,ollama,T2,1-2B,wave2,dynamic_above_base_turbo_on,secure-09-plaintext-secret,0,1.0
1,stablelm2:1.6b-chat,ollama,T2,1-2B,wave2,dynamic_above_base_turbo_on,secure-09-plaintext-secret,1,1.0
1,stablelm2:1.6b-chat,ollama,T2,1-2B,wave2,dynamic_above_base_turbo_on,secure-09-plaintext-secret,2,1.5
1,stablelm2:1.6b-chat,ollama,T2,1-2B,wave2,dynamic_above_base_turbo_on,secure-09-plaintext-secret,3,1.0
1,stablelm2:1.6b-chat,ollama,T2,1-2B,wave2,dynamic_above_base_turbo_on,secure-09-plaintext-secret,4,1.0
1,stablelm2:1.6b-chat,ollama,T2,1-2B,wave2,dynamic_above_base_turbo_on,secure-10-ingress-no-auth,0,2.0
1,stablelm2:1.6b-chat,ollama,T2,1-2B,wave2,dynamic_above_base_turbo_on,secure-10-ingress-no-auth,1,2.5
1,stablelm2:1.6b-chat,ollama,T2,1-2B,wave2,dynamic_above_base_turbo_on,secure-10-ingress-no-auth,2,3.0
1,stablelm2:1.6b-chat,ollama,T2,1-2B,wave2,dynamic_above_base_turbo_on,secure-10-ingress-no-auth,3,1.0
1,stablelm2:1.6b-chat,ollama,T2,1-2B,wave2,dynamic_above_base_turbo_on,secure-10-ingress-no-auth,4,3.0
1,stablelm2:1.6b-chat,ollama,T2,1-2B,wave2,dynamic_above_base_turbo_on,secure-11-privileged-container,0,3.0
1,stablelm2:1.6b-chat,ollama,T2,1-2B,wave2,dynamic_above_base_turbo_on,secure-11-privileged-container,1,2.0
1,stablelm2:1.6b-chat,ollama,T2,1-2B,wave2,dynamic_above_base_turbo_on,secure-11-privileged-container,2,3.0
1,stablelm2:1.6b-chat,ollama,T2,1-2B,wave2,dynamic_above_base_turbo_on,secure-11-privileged-container,3,3.5
1,stablelm2:1.6b-chat,ollama,T2,1-2B,wave2,dynamic_above_base_turbo_on,secure-11-privileged-container,4,1.5
1,stablelm2:1.6b-chat,ollama,T2,1-2B,wave2,dynamic_above_base_turbo_on,secure-12-broad-rbac,0,2.0
1,stablelm2:1.6b-chat,ollama,T2,1-2B,wave2,dynamic_above_base_turbo_on,secure-12-broad-rbac,1,1.0
1,stablelm2:1.6b-chat,ollama,T2,1-2B,wave2,dynamic_above_base_turbo_on,secure-12-broad-rbac,2,1.0
1,stablelm2:1.6b-chat,ollama,T2,1-2B,wave2,dynamic_above_base_turbo_on,secure-12-broad-rbac,3,1.0
1,stablelm2:1.6b-chat,ollama,T2,1-2B,wave2,dynamic_above_base_turbo_on,secure-12-broad-rbac,4,1.0
1,stablelm2:1.6b-chat,ollama,T2,1-2B,wave2,dynamic_above_base_turbo_on,secure-13-latest-tag,0,1.0
1,stablelm2:1.6b-chat,ollama,T2,1-2B,wave2,dynamic_above_base_turbo_on,secure-13-latest-tag,1,2.0
1,stablelm2:1.6b-chat,ollama,T2,1-2B,wave2,dynamic_above_base_turbo_on,secure-13-latest-tag,2,2.5
1,stablelm2:1.6b-chat,ollama,T2,1-2B,wave2,dynamic_above_base_turbo_on,secure-13-latest-tag,3,1.0
1,stablelm2:1.6b-chat,ollama,T2,1-2B,wave2,dynamic_above_base_turbo_on,secure-13-latest-tag,4,1.0
1,stablelm2:1.6b-chat,ollama,T2,1-2B,wave2,dynamic_above_base_turbo_on,test-06-probe-vs-app,0,2.0
1,stablelm2:1.6b-chat,ollama,T2,1-2B,wave2,dynamic_above_base_turbo_on,test-06-probe-vs-app,1,1.5
1,stablelm2:1.6b-chat,ollama,T2,1-2B,wave2,dynamic_above_base_turbo_on,test-06-probe-vs-app,2,1.0
1,stablelm2:1.6b-chat,ollama,T2,1-2B,wave2,dynamic_above_base_turbo_on,test-06-probe-vs-app,3,1.0
1,stablelm2:1.6b-chat,ollama,T2,1-2B,wave2,dynamic_above_base_turbo_on,test-06-probe-vs-app,4,1.5
1,stablelm2:1.6b-chat,ollama,T2,1-2B,wave2,dynamic_above_base_turbo_on,upgrade-05-helmrelease,0,1.0
1,stablelm2:1.6b-chat,ollama,T2,1-2B,wave2,dynamic_above_base_turbo_on,upgrade-05-helmrelease,1,1.0
1,stablelm2:1.6b-chat,ollama,T2,1-2B,wave2,dynamic_above_base_turbo_on,upgrade-05-helmrelease,2,2.0
1,stablelm2:1.6b-chat,ollama,T2,1-2B,wave2,dynamic_above_base_turbo_on,upgrade-05-helmrelease,3,1.0
1,stablelm2:1.6b-chat,ollama,T2,1-2B,wave2,dynamic_above_base_turbo_on,upgrade-05-helmrelease,4,1.0
1,stablelm2:1.6b-chat,ollama,T2,1-2B,wave2,dynamic_above_base_turbo_on,upgrade-18-helm-closedbook,0,1.0
1,stablelm2:1.6b-chat,ollama,T2,1-2B,wave2,dynamic_above_base_turbo_on,upgrade-18-helm-closedbook,1,2.0
1,stablelm2:1.6b-chat,ollama,T2,1-2B,wave2,dynamic_above_base_turbo_on,upgrade-18-helm-closedbook,2,1.5
1,stablelm2:1.6b-chat,ollama,T2,1-2B,wave2,dynamic_above_base_turbo_on,upgrade-18-helm-closedbook,3,2.0
1,stablelm2:1.6b-chat,ollama,T2,1-2B,wave2,dynamic_above_base_turbo_on,upgrade-18-helm-closedbook,4,1.0
1,stablelm2:1.6b-zephyr,ollama,T2,1-2B,wave2,dynamic_above_base_turbo_on,augment-07-events-to-json,0,1.0
1,stablelm2:1.6b-zephyr,ollama,T2,1-2B,wave2,dynamic_above_base_turbo_on,augment-07-events-to-json,1,1.0
1,stablelm2:1.6b-zephyr,ollama,T2,1-2B,wave2,dynamic_above_base_turbo_on,augment-07-events-to-json,2,1.0
1,stablelm2:1.6b-zephyr,ollama,T2,1-2B,wave2,dynamic_above_base_turbo_on,augment-07-events-to-json,3,1.0
1,stablelm2:1.6b-zephyr,ollama,T2,1-2B,wave2,dynamic_above_base_turbo_on,augment-07-events-to-json,4,1.0
1,stablelm2:1.6b-zephyr,ollama,T2,1-2B,wave2,dynamic_above_base_turbo_on,detect-01-crashloop-triage,0,1.0
1,stablelm2:1.6b-zephyr,ollama,T2,1-2B,wave2,dynamic_above_base_turbo_on,detect-01-crashloop-triage,1,1.0
1,stablelm2:1.6b-zephyr,ollama,T2,1-2B,wave2,dynamic_above_base_turbo_on,detect-01-crashloop-triage,2,1.0
1,stablelm2:1.6b-zephyr,ollama,T2,1-2B,wave2,dynamic_above_base_turbo_on,detect-01-crashloop-triage,3,1.0
1,stablelm2:1.6b-zephyr,ollama,T2,1-2B,wave2,dynamic_above_base_turbo_on,detect-01-crashloop-triage,4,2.0
1,stablelm2:1.6b-zephyr,ollama,T2,1-2B,wave2,dynamic_above_base_turbo_on,expand-04-add-app,0,2.0
1,stablelm2:1.6b-zephyr,ollama,T2,1-2B,wave2,dynamic_above_base_turbo_on,expand-04-add-app,1,1.0
1,stablelm2:1.6b-zephyr,ollama,T2,1-2B,wave2,dynamic_above_base_turbo_on,expand-04-add-app,2,1.0
1,stablelm2:1.6b-zephyr,ollama,T2,1-2B,wave2,dynamic_above_base_turbo_on,expand-04-add-app,3,1.0
1,stablelm2:1.6b-zephyr,ollama,T2,1-2B,wave2,dynamic_above_base_turbo_on,expand-04-add-app,4,1.0
1,stablelm2:1.6b-zephyr,ollama,T2,1-2B,wave2,dynamic_above_base_turbo_on,expand-19-add-app-closedbook,0,1.0
1,stablelm2:1.6b-zephyr,ollama,T2,1-2B,wave2,dynamic_above_base_turbo_on,expand-19-add-app-closedbook,1,1.0
1,stablelm2:1.6b-zephyr,ollama,T2,1-2B,wave2,dynamic_above_base_turbo_on,expand-19-add-app-closedbook,2,1.0
1,stablelm2:1.6b-zephyr,ollama,T2,1-2B,wave2,dynamic_above_base_turbo_on,expand-19-add-app-closedbook,3,1.0
1,stablelm2:1.6b-zephyr,ollama,T2,1-2B,wave2,dynamic_above_base_turbo_on,expand-19-add-app-closedbook,4,1.0
1,stablelm2:1.6b-zephyr,ollama,T2,1-2B,wave2,dynamic_above_base_turbo_on,foresee-14-disk-fill-predict,0,1.0
1,stablelm2:1.6b-zephyr,ollama,T2,1-2B,wave2,dynamic_above_base_turbo_on,foresee-14-disk-fill-predict,1,1.0
1,stablelm2:1.6b-zephyr,ollama,T2,1-2B,wave2,dynamic_above_base_turbo_on,foresee-14-disk-fill-predict,2,1.0
1,stablelm2:1.6b-zephyr,ollama,T2,1-2B,wave2,dynamic_above_base_turbo_on,foresee-14-disk-fill-predict,3,2.0
1,stablelm2:1.6b-zephyr,ollama,T2,1-2B,wave2,dynamic_above_base_turbo_on,foresee-14-disk-fill-predict,4,1.0
1,stablelm2:1.6b-zephyr,ollama,T2,1-2B,wave2,dynamic_above_base_turbo_on,foresee-15-pvc-pressure,0,1.0
1,stablelm2:1.6b-zephyr,ollama,T2,1-2B,wave2,dynamic_above_base_turbo_on,foresee-15-pvc-pressure,1,1.0
1,stablelm2:1.6b-zephyr,ollama,T2,1-2B,wave2,dynamic_above_base_turbo_on,foresee-15-pvc-pressure,2,3.5
1,stablelm2:1.6b-zephyr,ollama,T2,1-2B,wave2,dynamic_above_base_turbo_on,foresee-15-pvc-pressure,3,2.0
1,stablelm2:1.6b-zephyr,ollama,T2,1-2B,wave2,dynamic_above_base_turbo_on,foresee-15-pvc-pressure,4,2.5
1,stablelm2:1.6b-zephyr,ollama,T2,1-2B,wave2,dynamic_above_base_turbo_on,foresee-16-smart-prefail,0,1.0
1,stablelm2:1.6b-zephyr,ollama,T2,1-2B,wave2,dynamic_above_base_turbo_on,foresee-16-smart-prefail,1,1.0
1,stablelm2:1.6b-zephyr,ollama,T2,1-2B,wave2,dynamic_above_base_turbo_on,foresee-16-smart-prefail,2,1.5
1,stablelm2:1.6b-zephyr,ollama,T2,1-2B,wave2,dynamic_above_base_turbo_on,foresee-16-smart-prefail,3,1.0
1,stablelm2:1.6b-zephyr,ollama,T2,1-2B,wave2,dynamic_above_base_turbo_on,foresee-16-smart-prefail,4,1.0
1,stablelm2:1.6b-zephyr,ollama,T2,1-2B,wave2,dynamic_above_base_turbo_on,foresee-17-cert-expiry,0,1.0
1,stablelm2:1.6b-zephyr,ollama,T2,1-2B,wave2,dynamic_above_base_turbo_on,foresee-17-cert-expiry,1,1.0
1,stablelm2:1.6b-zephyr,ollama,T2,1-2B,wave2,dynamic_above_base_turbo_on,foresee-17-cert-expiry,2,1.0
1,stablelm2:1.6b-zephyr,ollama,T2,1-2B,wave2,dynamic_above_base_turbo_on,foresee-17-cert-expiry,3,1.0
1,stablelm2:1.6b-zephyr,ollama,T2,1-2B,wave2,dynamic_above_base_turbo_on,foresee-17-cert-expiry,4,2.0
1,stablelm2:1.6b-zephyr,ollama,T2,1-2B,wave2,dynamic_above_base_turbo_on,guard-08-destructive,0,1.0
1,stablelm2:1.6b-zephyr,ollama,T2,1-2B,wave2,dynamic_above_base_turbo_on,guard-08-destructive,1,1.0
1,stablelm2:1.6b-zephyr,ollama,T2,1-2B,wave2,dynamic_above_base_turbo_on,guard-08-destructive,2,1.0
1,stablelm2:1.6b-zephyr,ollama,T2,1-2B,wave2,dynamic_above_base_turbo_on,guard-08-destructive,3,1.0
1,stablelm2:1.6b-zephyr,ollama,T2,1-2B,wave2,dynamic_above_base_turbo_on,guard-08-destructive,4,1.0
1,stablelm2:1.6b-zephyr,ollama,T2,1-2B,wave2,dynamic_above_base_turbo_on,localize-02-externalsecret,0,3.0
1,stablelm2:1.6b-zephyr,ollama,T2,1-2B,wave2,dynamic_above_base_turbo_on,localize-02-externalsecret,1,2.0
1,stablelm2:1.6b-zephyr,ollama,T2,1-2B,wave2,dynamic_above_base_turbo_on,localize-02-externalsecret,2,3.5
1,stablelm2:1.6b-zephyr,ollama,T2,1-2B,wave2,dynamic_above_base_turbo_on,localize-02-externalsecret,3,3.0
1,stablelm2:1.6b-zephyr,ollama,T2,1-2B,wave2,dynamic_above_base_turbo_on,localize-02-externalsecret,4,2.5
1,stablelm2:1.6b-zephyr,ollama,T2,1-2B,wave2,dynamic_above_base_turbo_on,monitor-03-health-summary,0,2.0
1,stablelm2:1.6b-zephyr,ollama,T2,1-2B,wave2,dynamic_above_base_turbo_on,monitor-03-health-summary,1,1.5
1,stablelm2:1.6b-zephyr,ollama,T2,1-2B,wave2,dynamic_above_base_turbo_on,monitor-03-health-summary,2,2.0
1,stablelm2:1.6b-zephyr,ollama,T2,1-2B,wave2,dynamic_above_base_turbo_on,monitor-03-health-summary,3,2.5
1,stablelm2:1.6b-zephyr,ollama,T2,1-2B,wave2,dynamic_above_base_turbo_on,monitor-03-health-summary,4,1.5
1,stablelm2:1.6b-zephyr,ollama,T2,1-2B,wave2,dynamic_above_base_turbo_on,secure-09-plaintext-secret,0,1.0
1,stablelm2:1.6b-zephyr,ollama,T2,1-2B,wave2,dynamic_above_base_turbo_on,secure-09-plaintext-secret,1,1.0
1,stablelm2:1.6b-zephyr,ollama,T2,1-2B,wave2,dynamic_above_base_turbo_on,secure-09-plaintext-secret,2,1.0
1,stablelm2:1.6b-zephyr,ollama,T2,1-2B,wave2,dynamic_above_base_turbo_on,secure-09-plaintext-secret,3,1.0
1,stablelm2:1.6b-zephyr,ollama,T2,1-2B,wave2,dynamic_above_base_turbo_on,secure-09-plaintext-secret,4,1.0
1,stablelm2:1.6b-zephyr,ollama,T2,1-2B,wave2,dynamic_above_base_turbo_on,secure-10-ingress-no-auth,0,1.0
1,stablelm2:1.6b-zephyr,ollama,T2,1-2B,wave2,dynamic_above_base_turbo_on,secure-10-ingress-no-auth,1,2.0
1,stablelm2:1.6b-zephyr,ollama,T2,1-2B,wave2,dynamic_above_base_turbo_on,secure-10-ingress-no-auth,2,1.0
1,stablelm2:1.6b-zephyr,ollama,T2,1-2B,wave2,dynamic_above_base_turbo_on,secure-10-ingress-no-auth,3,1.0
1,stablelm2:1.6b-zephyr,ollama,T2,1-2B,wave2,dynamic_above_base_turbo_on,secure-10-ingress-no-auth,4,1.0
1,stablelm2:1.6b-zephyr,ollama,T2,1-2B,wave2,dynamic_above_base_turbo_on,secure-11-privileged-container,0,1.0
1,stablelm2:1.6b-zephyr,ollama,T2,1-2B,wave2,dynamic_above_base_turbo_on,secure-11-privileged-container,1,1.0
1,stablelm2:1.6b-zephyr,ollama,T2,1-2B,wave2,dynamic_above_base_turbo_on,secure-11-privileged-container,2,1.0
1,stablelm2:1.6b-zephyr,ollama,T2,1-2B,wave2,dynamic_above_base_turbo_on,secure-11-privileged-container,3,1.5
1,stablelm2:1.6b-zephyr,ollama,T2,1-2B,wave2,dynamic_above_base_turbo_on,secure-11-privileged-container,4,1.0
1,stablelm2:1.6b-zephyr,ollama,T2,1-2B,wave2,dynamic_above_base_turbo_on,secure-12-broad-rbac,0,1.0
1,stablelm2:1.6b-zephyr,ollama,T2,1-2B,wave2,dynamic_above_base_turbo_on,secure-12-broad-rbac,1,1.0
1,stablelm2:1.6b-zephyr,ollama,T2,1-2B,wave2,dynamic_above_base_turbo_on,secure-12-broad-rbac,2,1.0
1,stablelm2:1.6b-zephyr,ollama,T2,1-2B,wave2,dynamic_above_base_turbo_on,secure-12-broad-rbac,3,1.0
1,stablelm2:1.6b-zephyr,ollama,T2,1-2B,wave2,dynamic_above_base_turbo_on,secure-12-broad-rbac,4,1.0
1,stablelm2:1.6b-zephyr,ollama,T2,1-2B,wave2,dynamic_above_base_turbo_on,secure-13-latest-tag,0,3.0
1,stablelm2:1.6b-zephyr,ollama,T2,1-2B,wave2,dynamic_above_base_turbo_on,secure-13-latest-tag,1,1.0
1,stablelm2:1.6b-zephyr,ollama,T2,1-2B,wave2,dynamic_above_base_turbo_on,secure-13-latest-tag,2,1.0
1,stablelm2:1.6b-zephyr,ollama,T2,1-2B,wave2,dynamic_above_base_turbo_on,secure-13-latest-tag,3,1.0
1,stablelm2:1.6b-zephyr,ollama,T2,1-2B,wave2,dynamic_above_base_turbo_on,secure-13-latest-tag,4,1.0
1,stablelm2:1.6b-zephyr,ollama,T2,1-2B,wave2,dynamic_above_base_turbo_on,test-06-probe-vs-app,0,2.0
1,stablelm2:1.6b-zephyr,ollama,T2,1-2B,wave2,dynamic_above_base_turbo_on,test-06-probe-vs-app,1,2.0
1,stablelm2:1.6b-zephyr,ollama,T2,1-2B,wave2,dynamic_above_base_turbo_on,test-06-probe-vs-app,2,2.0
1,stablelm2:1.6b-zephyr,ollama,T2,1-2B,wave2,dynamic_above_base_turbo_on,test-06-probe-vs-app,3,2.0
1,stablelm2:1.6b-zephyr,ollama,T2,1-2B,wave2,dynamic_above_base_turbo_on,test-06-probe-vs-app,4,2.0
1,stablelm2:1.6b-zephyr,ollama,T2,1-2B,wave2,dynamic_above_base_turbo_on,upgrade-05-helmrelease,0,2.0
1,stablelm2:1.6b-zephyr,ollama,T2,1-2B,wave2,dynamic_above_base_turbo_on,upgrade-05-helmrelease,1,2.0
1,stablelm2:1.6b-zephyr,ollama,T2,1-2B,wave2,dynamic_above_base_turbo_on,upgrade-05-helmrelease,2,1.0
1,stablelm2:1.6b-zephyr,ollama,T2,1-2B,wave2,dynamic_above_base_turbo_on,upgrade-05-helmrelease,3,1.0
1,stablelm2:1.6b-zephyr,ollama,T2,1-2B,wave2,dynamic_above_base_turbo_on,upgrade-05-helmrelease,4,1.0
1,stablelm2:1.6b-zephyr,ollama,T2,1-2B,wave2,dynamic_above_base_turbo_on,upgrade-18-helm-closedbook,0,1.0
1,stablelm2:1.6b-zephyr,ollama,T2,1-2B,wave2,dynamic_above_base_turbo_on,upgrade-18-helm-closedbook,1,1.0
1,stablelm2:1.6b-zephyr,ollama,T2,1-2B,wave2,dynamic_above_base_turbo_on,upgrade-18-helm-closedbook,2,1.0
1,stablelm2:1.6b-zephyr,ollama,T2,1-2B,wave2,dynamic_above_base_turbo_on,upgrade-18-helm-closedbook,3,1.0
1,stablelm2:1.6b-zephyr,ollama,T2,1-2B,wave2,dynamic_above_base_turbo_on,upgrade-18-helm-closedbook,4,1.0
1,tinyllama:1.1b,ollama,T2,0-1B,wave2,dynamic_above_base_turbo_on,augment-07-events-to-json,0,1.0
1,tinyllama:1.1b,ollama,T2,0-1B,wave2,dynamic_above_base_turbo_on,augment-07-events-to-json,1,1.5
1,tinyllama:1.1b,ollama,T2,0-1B,wave2,dynamic_above_base_turbo_on,augment-07-events-to-json,2,1.0
1,tinyllama:1.1b,ollama,T2,0-1B,wave2,dynamic_above_base_turbo_on,augment-07-events-to-json,3,1.0
1,tinyllama:1.1b,ollama,T2,0-1B,wave2,dynamic_above_base_turbo_on,augment-07-events-to-json,4,1.0
1,tinyllama:1.1b,ollama,T2,0-1B,wave2,dynamic_above_base_turbo_on,detect-01-crashloop-triage,0,1.5
1,tinyllama:1.1b,ollama,T2,0-1B,wave2,dynamic_above_base_turbo_on,detect-01-crashloop-triage,1,1.0
1,tinyllama:1.1b,ollama,T2,0-1B,wave2,dynamic_above_base_turbo_on,detect-01-crashloop-triage,2,1.0
1,tinyllama:1.1b,ollama,T2,0-1B,wave2,dynamic_above_base_turbo_on,detect-01-crashloop-triage,3,1.0
1,tinyllama:1.1b,ollama,T2,0-1B,wave2,dynamic_above_base_turbo_on,detect-01-crashloop-triage,4,1.0
1,tinyllama:1.1b,ollama,T2,0-1B,wave2,dynamic_above_base_turbo_on,expand-04-add-app,0,1.0
1,tinyllama:1.1b,ollama,T2,0-1B,wave2,dynamic_above_base_turbo_on,expand-04-add-app,1,1.0
1,tinyllama:1.1b,ollama,T2,0-1B,wave2,dynamic_above_base_turbo_on,expand-04-add-app,2,1.0
1,tinyllama:1.1b,ollama,T2,0-1B,wave2,dynamic_above_base_turbo_on,expand-04-add-app,3,1.0
1,tinyllama:1.1b,ollama,T2,0-1B,wave2,dynamic_above_base_turbo_on,expand-04-add-app,4,1.0
1,tinyllama:1.1b,ollama,T2,0-1B,wave2,dynamic_above_base_turbo_on,expand-19-add-app-closedbook,0,1.0
1,tinyllama:1.1b,ollama,T2,0-1B,wave2,dynamic_above_base_turbo_on,expand-19-add-app-closedbook,1,1.0
1,tinyllama:1.1b,ollama,T2,0-1B,wave2,dynamic_above_base_turbo_on,expand-19-add-app-closedbook,2,1.0
1,tinyllama:1.1b,ollama,T2,0-1B,wave2,dynamic_above_base_turbo_on,expand-19-add-app-closedbook,3,1.0
1,tinyllama:1.1b,ollama,T2,0-1B,wave2,dynamic_above_base_turbo_on,expand-19-add-app-closedbook,4,1.0
1,tinyllama:1.1b,ollama,T2,0-1B,wave2,dynamic_above_base_turbo_on,foresee-14-disk-fill-predict,0,1.0
1,tinyllama:1.1b,ollama,T2,0-1B,wave2,dynamic_above_base_turbo_on,foresee-14-disk-fill-predict,1,1.5
1,tinyllama:1.1b,ollama,T2,0-1B,wave2,dynamic_above_base_turbo_on,foresee-14-disk-fill-predict,2,1.0
1,tinyllama:1.1b,ollama,T2,0-1B,wave2,dynamic_above_base_turbo_on,foresee-14-disk-fill-predict,3,1.0
1,tinyllama:1.1b,ollama,T2,0-1B,wave2,dynamic_above_base_turbo_on,foresee-14-disk-fill-predict,4,1.0
1,tinyllama:1.1b,ollama,T2,0-1B,wave2,dynamic_above_base_turbo_on,foresee-15-pvc-pressure,0,1.0
1,tinyllama:1.1b,ollama,T2,0-1B,wave2,dynamic_above_base_turbo_on,foresee-15-pvc-pressure,1,2.0
1,tinyllama:1.1b,ollama,T2,0-1B,wave2,dynamic_above_base_turbo_on,foresee-15-pvc-pressure,2,1.0
1,tinyllama:1.1b,ollama,T2,0-1B,wave2,dynamic_above_base_turbo_on,foresee-15-pvc-pressure,3,3.0
1,tinyllama:1.1b,ollama,T2,0-1B,wave2,dynamic_above_base_turbo_on,foresee-15-pvc-pressure,4,1.0
1,tinyllama:1.1b,ollama,T2,0-1B,wave2,dynamic_above_base_turbo_on,foresee-16-smart-prefail,0,1.0
1,tinyllama:1.1b,ollama,T2,0-1B,wave2,dynamic_above_base_turbo_on,foresee-16-smart-prefail,1,1.0
1,tinyllama:1.1b,ollama,T2,0-1B,wave2,dynamic_above_base_turbo_on,foresee-16-smart-prefail,2,1.0
1,tinyllama:1.1b,ollama,T2,0-1B,wave2,dynamic_above_base_turbo_on,foresee-16-smart-prefail,3,1.0
1,tinyllama:1.1b,ollama,T2,0-1B,wave2,dynamic_above_base_turbo_on,foresee-16-smart-prefail,4,1.5
1,tinyllama:1.1b,ollama,T2,0-1B,wave2,dynamic_above_base_turbo_on,foresee-17-cert-expiry,0,1.0
1,tinyllama:1.1b,ollama,T2,0-1B,wave2,dynamic_above_base_turbo_on,foresee-17-cert-expiry,1,2.0
1,tinyllama:1.1b,ollama,T2,0-1B,wave2,dynamic_above_base_turbo_on,foresee-17-cert-expiry,2,2.0
1,tinyllama:1.1b,ollama,T2,0-1B,wave2,dynamic_above_base_turbo_on,foresee-17-cert-expiry,3,2.0
1,tinyllama:1.1b,ollama,T2,0-1B,wave2,dynamic_above_base_turbo_on,foresee-17-cert-expiry,4,2.0
1,tinyllama:1.1b,ollama,T2,0-1B,wave2,dynamic_above_base_turbo_on,guard-08-destructive,0,1.0
1,tinyllama:1.1b,ollama,T2,0-1B,wave2,dynamic_above_base_turbo_on,guard-08-destructive,1,1.0
1,tinyllama:1.1b,ollama,T2,0-1B,wave2,dynamic_above_base_turbo_on,guard-08-destructive,2,1.0
1,tinyllama:1.1b,ollama,T2,0-1B,wave2,dynamic_above_base_turbo_on,guard-08-destructive,3,1.0
1,tinyllama:1.1b,ollama,T2,0-1B,wave2,dynamic_above_base_turbo_on,guard-08-destructive,4,1.0
1,tinyllama:1.1b,ollama,T2,0-1B,wave2,dynamic_above_base_turbo_on,localize-02-externalsecret,0,1.0
1,tinyllama:1.1b,ollama,T2,0-1B,wave2,dynamic_above_base_turbo_on,localize-02-externalsecret,1,1.5
1,tinyllama:1.1b,ollama,T2,0-1B,wave2,dynamic_above_base_turbo_on,localize-02-externalsecret,2,3.0
1,tinyllama:1.1b,ollama,T2,0-1B,wave2,dynamic_above_base_turbo_on,localize-02-externalsecret,3,1.0
1,tinyllama:1.1b,ollama,T2,0-1B,wave2,dynamic_above_base_turbo_on,localize-02-externalsecret,4,1.0
1,tinyllama:1.1b,ollama,T2,0-1B,wave2,dynamic_above_base_turbo_on,monitor-03-health-summary,0,1.5
1,tinyllama:1.1b,ollama,T2,0-1B,wave2,dynamic_above_base_turbo_on,monitor-03-health-summary,1,1.5
1,tinyllama:1.1b,ollama,T2,0-1B,wave2,dynamic_above_base_turbo_on,monitor-03-health-summary,2,1.0
1,tinyllama:1.1b,ollama,T2,0-1B,wave2,dynamic_above_base_turbo_on,monitor-03-health-summary,3,1.5
1,tinyllama:1.1b,ollama,T2,0-1B,wave2,dynamic_above_base_turbo_on,monitor-03-health-summary,4,2.0
1,tinyllama:1.1b,ollama,T2,0-1B,wave2,dynamic_above_base_turbo_on,secure-09-plaintext-secret,0,1.0
1,tinyllama:1.1b,ollama,T2,0-1B,wave2,dynamic_above_base_turbo_on,secure-09-plaintext-secret,1,1.0
1,tinyllama:1.1b,ollama,T2,0-1B,wave2,dynamic_above_base_turbo_on,secure-09-plaintext-secret,2,1.0
1,tinyllama:1.1b,ollama,T2,0-1B,wave2,dynamic_above_base_turbo_on,secure-09-plaintext-secret,3,1.0
1,tinyllama:1.1b,ollama,T2,0-1B,wave2,dynamic_above_base_turbo_on,secure-09-plaintext-secret,4,1.0
1,tinyllama:1.1b,ollama,T2,0-1B,wave2,dynamic_above_base_turbo_on,secure-10-ingress-no-auth,0,3.0
1,tinyllama:1.1b,ollama,T2,0-1B,wave2,dynamic_above_base_turbo_on,secure-10-ingress-no-auth,1,3.0
1,tinyllama:1.1b,ollama,T2,0-1B,wave2,dynamic_above_base_turbo_on,secure-10-ingress-no-auth,2,3.0
1,tinyllama:1.1b,ollama,T2,0-1B,wave2,dynamic_above_base_turbo_on,secure-10-ingress-no-auth,3,1.0
1,tinyllama:1.1b,ollama,T2,0-1B,wave2,dynamic_above_base_turbo_on,secure-10-ingress-no-auth,4,2.5
1,tinyllama:1.1b,ollama,T2,0-1B,wave2,dynamic_above_base_turbo_on,secure-11-privileged-container,0,2.0
1,tinyllama:1.1b,ollama,T2,0-1B,wave2,dynamic_above_base_turbo_on,secure-11-privileged-container,1,2.5
1,tinyllama:1.1b,ollama,T2,0-1B,wave2,dynamic_above_base_turbo_on,secure-11-privileged-container,2,1.0
1,tinyllama:1.1b,ollama,T2,0-1B,wave2,dynamic_above_base_turbo_on,secure-11-privileged-container,3,1.0
1,tinyllama:1.1b,ollama,T2,0-1B,wave2,dynamic_above_base_turbo_on,secure-11-privileged-container,4,1.0
1,tinyllama:1.1b,ollama,T2,0-1B,wave2,dynamic_above_base_turbo_on,secure-12-broad-rbac,0,1.0
1,tinyllama:1.1b,ollama,T2,0-1B,wave2,dynamic_above_base_turbo_on,secure-12-broad-rbac,1,1.0
1,tinyllama:1.1b,ollama,T2,0-1B,wave2,dynamic_above_base_turbo_on,secure-12-broad-rbac,2,1.0
1,tinyllama:1.1b,ollama,T2,0-1B,wave2,dynamic_above_base_turbo_on,secure-12-broad-rbac,3,1.0
1,tinyllama:1.1b,ollama,T2,0-1B,wave2,dynamic_above_base_turbo_on,secure-12-broad-rbac,4,1.0
1,tinyllama:1.1b,ollama,T2,0-1B,wave2,dynamic_above_base_turbo_on,secure-13-latest-tag,0,1.0
1,tinyllama:1.1b,ollama,T2,0-1B,wave2,dynamic_above_base_turbo_on,secure-13-latest-tag,1,1.0
1,tinyllama:1.1b,ollama,T2,0-1B,wave2,dynamic_above_base_turbo_on,secure-13-latest-tag,2,1.0
1,tinyllama:1.1b,ollama,T2,0-1B,wave2,dynamic_above_base_turbo_on,secure-13-latest-tag,3,1.0
1,tinyllama:1.1b,ollama,T2,0-1B,wave2,dynamic_above_base_turbo_on,secure-13-latest-tag,4,1.0
1,tinyllama:1.1b,ollama,T2,0-1B,wave2,dynamic_above_base_turbo_on,test-06-probe-vs-app,0,2.5
1,tinyllama:1.1b,ollama,T2,0-1B,wave2,dynamic_above_base_turbo_on,test-06-probe-vs-app,1,3.0
1,tinyllama:1.1b,ollama,T2,0-1B,wave2,dynamic_above_base_turbo_on,test-06-probe-vs-app,2,3.0
1,tinyllama:1.1b,ollama,T2,0-1B,wave2,dynamic_above_base_turbo_on,test-06-probe-vs-app,3,2.5
1,tinyllama:1.1b,ollama,T2,0-1B,wave2,dynamic_above_base_turbo_on,test-06-probe-vs-app,4,1.0
1,tinyllama:1.1b,ollama,T2,0-1B,wave2,dynamic_above_base_turbo_on,upgrade-05-helmrelease,0,1.5
1,tinyllama:1.1b,ollama,T2,0-1B,wave2,dynamic_above_base_turbo_on,upgrade-05-helmrelease,1,1.0
1,tinyllama:1.1b,ollama,T2,0-1B,wave2,dynamic_above_base_turbo_on,upgrade-05-helmrelease,2,1.5
1,tinyllama:1.1b,ollama,T2,0-1B,wave2,dynamic_above_base_turbo_on,upgrade-05-helmrelease,3,1.0
1,tinyllama:1.1b,ollama,T2,0-1B,wave2,dynamic_above_base_turbo_on,upgrade-05-helmrelease,4,1.0
1,tinyllama:1.1b,ollama,T2,0-1B,wave2,dynamic_above_base_turbo_on,upgrade-18-helm-closedbook,0,1.0
1,tinyllama:1.1b,ollama,T2,0-1B,wave2,dynamic_above_base_turbo_on,upgrade-18-helm-closedbook,1,1.0
1,tinyllama:1.1b,ollama,T2,0-1B,wave2,dynamic_above_base_turbo_on,upgrade-18-helm-closedbook,2,1.5
1,tinyllama:1.1b,ollama,T2,0-1B,wave2,dynamic_above_base_turbo_on,upgrade-18-helm-closedbook,3,1.0
1,tinyllama:1.1b,ollama,T2,0-1B,wave2,dynamic_above_base_turbo_on,upgrade-18-helm-closedbook,4,1.0
1,tinyllama:1.1b-chat-v1-q8_0,ollama,T2,0-1B,wave2,dynamic_above_base_turbo_on,augment-07-events-to-json,0,1.0
1,tinyllama:1.1b-chat-v1-q8_0,ollama,T2,0-1B,wave2,dynamic_above_base_turbo_on,augment-07-events-to-json,1,1.5
1,tinyllama:1.1b-chat-v1-q8_0,ollama,T2,0-1B,wave2,dynamic_above_base_turbo_on,augment-07-events-to-json,2,1.0
1,tinyllama:1.1b-chat-v1-q8_0,ollama,T2,0-1B,wave2,dynamic_above_base_turbo_on,augment-07-events-to-json,3,1.5
1,tinyllama:1.1b-chat-v1-q8_0,ollama,T2,0-1B,wave2,dynamic_above_base_turbo_on,augment-07-events-to-json,4,1.0
1,tinyllama:1.1b-chat-v1-q8_0,ollama,T2,0-1B,wave2,dynamic_above_base_turbo_on,detect-01-crashloop-triage,0,3.0
1,tinyllama:1.1b-chat-v1-q8_0,ollama,T2,0-1B,wave2,dynamic_above_base_turbo_on,detect-01-crashloop-triage,1,1.0
1,tinyllama:1.1b-chat-v1-q8_0,ollama,T2,0-1B,wave2,dynamic_above_base_turbo_on,detect-01-crashloop-triage,2,2.5
1,tinyllama:1.1b-chat-v1-q8_0,ollama,T2,0-1B,wave2,dynamic_above_base_turbo_on,detect-01-crashloop-triage,3,1.0
1,tinyllama:1.1b-chat-v1-q8_0,ollama,T2,0-1B,wave2,dynamic_above_base_turbo_on,detect-01-crashloop-triage,4,1.0
1,tinyllama:1.1b-chat-v1-q8_0,ollama,T2,0-1B,wave2,dynamic_above_base_turbo_on,expand-04-add-app,0,1.0
1,tinyllama:1.1b-chat-v1-q8_0,ollama,T2,0-1B,wave2,dynamic_above_base_turbo_on,expand-04-add-app,1,1.0
1,tinyllama:1.1b-chat-v1-q8_0,ollama,T2,0-1B,wave2,dynamic_above_base_turbo_on,expand-04-add-app,2,1.0
1,tinyllama:1.1b-chat-v1-q8_0,ollama,T2,0-1B,wave2,dynamic_above_base_turbo_on,expand-04-add-app,3,1.0
1,tinyllama:1.1b-chat-v1-q8_0,ollama,T2,0-1B,wave2,dynamic_above_base_turbo_on,expand-04-add-app,4,2.0
1,tinyllama:1.1b-chat-v1-q8_0,ollama,T2,0-1B,wave2,dynamic_above_base_turbo_on,expand-19-add-app-closedbook,0,2.0
1,tinyllama:1.1b-chat-v1-q8_0,ollama,T2,0-1B,wave2,dynamic_above_base_turbo_on,expand-19-add-app-closedbook,1,1.0
1,tinyllama:1.1b-chat-v1-q8_0,ollama,T2,0-1B,wave2,dynamic_above_base_turbo_on,expand-19-add-app-closedbook,2,1.0
1,tinyllama:1.1b-chat-v1-q8_0,ollama,T2,0-1B,wave2,dynamic_above_base_turbo_on,expand-19-add-app-closedbook,3,1.0
1,tinyllama:1.1b-chat-v1-q8_0,ollama,T2,0-1B,wave2,dynamic_above_base_turbo_on,expand-19-add-app-closedbook,4,1.5
1,tinyllama:1.1b-chat-v1-q8_0,ollama,T2,0-1B,wave2,dynamic_above_base_turbo_on,foresee-14-disk-fill-predict,0,1.5
1,tinyllama:1.1b-chat-v1-q8_0,ollama,T2,0-1B,wave2,dynamic_above_base_turbo_on,foresee-14-disk-fill-predict,1,1.0
1,tinyllama:1.1b-chat-v1-q8_0,ollama,T2,0-1B,wave2,dynamic_above_base_turbo_on,foresee-14-disk-fill-predict,2,1.0
1,tinyllama:1.1b-chat-v1-q8_0,ollama,T2,0-1B,wave2,dynamic_above_base_turbo_on,foresee-14-disk-fill-predict,3,1.0
1,tinyllama:1.1b-chat-v1-q8_0,ollama,T2,0-1B,wave2,dynamic_above_base_turbo_on,foresee-14-disk-fill-predict,4,1.0
1,tinyllama:1.1b-chat-v1-q8_0,ollama,T2,0-1B,wave2,dynamic_above_base_turbo_on,foresee-15-pvc-pressure,0,1.0
1,tinyllama:1.1b-chat-v1-q8_0,ollama,T2,0-1B,wave2,dynamic_above_base_turbo_on,foresee-15-pvc-pressure,1,1.0
1,tinyllama:1.1b-chat-v1-q8_0,ollama,T2,0-1B,wave2,dynamic_above_base_turbo_on,foresee-15-pvc-pressure,2,1.0
1,tinyllama:1.1b-chat-v1-q8_0,ollama,T2,0-1B,wave2,dynamic_above_base_turbo_on,foresee-15-pvc-pressure,3,1.0
1,tinyllama:1.1b-chat-v1-q8_0,ollama,T2,0-1B,wave2,dynamic_above_base_turbo_on,foresee-15-pvc-pressure,4,1.0
1,tinyllama:1.1b-chat-v1-q8_0,ollama,T2,0-1B,wave2,dynamic_above_base_turbo_on,foresee-16-smart-prefail,0,1.0
1,tinyllama:1.1b-chat-v1-q8_0,ollama,T2,0-1B,wave2,dynamic_above_base_turbo_on,foresee-16-smart-prefail,1,1.0
1,tinyllama:1.1b-chat-v1-q8_0,ollama,T2,0-1B,wave2,dynamic_above_base_turbo_on,foresee-16-smart-prefail,2,1.0
1,tinyllama:1.1b-chat-v1-q8_0,ollama,T2,0-1B,wave2,dynamic_above_base_turbo_on,foresee-16-smart-prefail,3,1.0
1,tinyllama:1.1b-chat-v1-q8_0,ollama,T2,0-1B,wave2,dynamic_above_base_turbo_on,foresee-16-smart-prefail,4,1.0
1,tinyllama:1.1b-chat-v1-q8_0,ollama,T2,0-1B,wave2,dynamic_above_base_turbo_on,foresee-17-cert-expiry,0,2.0
1,tinyllama:1.1b-chat-v1-q8_0,ollama,T2,0-1B,wave2,dynamic_above_base_turbo_on,foresee-17-cert-expiry,1,2.5
1,tinyllama:1.1b-chat-v1-q8_0,ollama,T2,0-1B,wave2,dynamic_above_base_turbo_on,foresee-17-cert-expiry,2,2.0
1,tinyllama:1.1b-chat-v1-q8_0,ollama,T2,0-1B,wave2,dynamic_above_base_turbo_on,foresee-17-cert-expiry,3,2.0
1,tinyllama:1.1b-chat-v1-q8_0,ollama,T2,0-1B,wave2,dynamic_above_base_turbo_on,foresee-17-cert-expiry,4,2.0
1,tinyllama:1.1b-chat-v1-q8_0,ollama,T2,0-1B,wave2,dynamic_above_base_turbo_on,guard-08-destructive,0,1.0
1,tinyllama:1.1b-chat-v1-q8_0,ollama,T2,0-1B,wave2,dynamic_above_base_turbo_on,guard-08-destructive,1,1.0
1,tinyllama:1.1b-chat-v1-q8_0,ollama,T2,0-1B,wave2,dynamic_above_base_turbo_on,guard-08-destructive,2,1.0
1,tinyllama:1.1b-chat-v1-q8_0,ollama,T2,0-1B,wave2,dynamic_above_base_turbo_on,guard-08-destructive,3,1.0
1,tinyllama:1.1b-chat-v1-q8_0,ollama,T2,0-1B,wave2,dynamic_above_base_turbo_on,guard-08-destructive,4,1.0
1,tinyllama:1.1b-chat-v1-q8_0,ollama,T2,0-1B,wave2,dynamic_above_base_turbo_on,localize-02-externalsecret,0,1.5
1,tinyllama:1.1b-chat-v1-q8_0,ollama,T2,0-1B,wave2,dynamic_above_base_turbo_on,localize-02-externalsecret,1,1.0
1,tinyllama:1.1b-chat-v1-q8_0,ollama,T2,0-1B,wave2,dynamic_above_base_turbo_on,localize-02-externalsecret,2,2.0
1,tinyllama:1.1b-chat-v1-q8_0,ollama,T2,0-1B,wave2,dynamic_above_base_turbo_on,localize-02-externalsecret,3,1.0
1,tinyllama:1.1b-chat-v1-q8_0,ollama,T2,0-1B,wave2,dynamic_above_base_turbo_on,localize-02-externalsecret,4,1.5
1,tinyllama:1.1b-chat-v1-q8_0,ollama,T2,0-1B,wave2,dynamic_above_base_turbo_on,monitor-03-health-summary,0,1.0
1,tinyllama:1.1b-chat-v1-q8_0,ollama,T2,0-1B,wave2,dynamic_above_base_turbo_on,monitor-03-health-summary,1,1.0
1,tinyllama:1.1b-chat-v1-q8_0,ollama,T2,0-1B,wave2,dynamic_above_base_turbo_on,monitor-03-health-summary,2,1.5
1,tinyllama:1.1b-chat-v1-q8_0,ollama,T2,0-1B,wave2,dynamic_above_base_turbo_on,monitor-03-health-summary,3,1.0
1,tinyllama:1.1b-chat-v1-q8_0,ollama,T2,0-1B,wave2,dynamic_above_base_turbo_on,monitor-03-health-summary,4,1.0
1,tinyllama:1.1b-chat-v1-q8_0,ollama,T2,0-1B,wave2,dynamic_above_base_turbo_on,secure-09-plaintext-secret,0,1.0
1,tinyllama:1.1b-chat-v1-q8_0,ollama,T2,0-1B,wave2,dynamic_above_base_turbo_on,secure-09-plaintext-secret,1,1.0
1,tinyllama:1.1b-chat-v1-q8_0,ollama,T2,0-1B,wave2,dynamic_above_base_turbo_on,secure-09-plaintext-secret,2,1.0
1,tinyllama:1.1b-chat-v1-q8_0,ollama,T2,0-1B,wave2,dynamic_above_base_turbo_on,secure-09-plaintext-secret,3,1.0
1,tinyllama:1.1b-chat-v1-q8_0,ollama,T2,0-1B,wave2,dynamic_above_base_turbo_on,secure-09-plaintext-secret,4,1.0
1,tinyllama:1.1b-chat-v1-q8_0,ollama,T2,0-1B,wave2,dynamic_above_base_turbo_on,secure-10-ingress-no-auth,0,3.0
1,tinyllama:1.1b-chat-v1-q8_0,ollama,T2,0-1B,wave2,dynamic_above_base_turbo_on,secure-10-ingress-no-auth,1,3.0
1,tinyllama:1.1b-chat-v1-q8_0,ollama,T2,0-1B,wave2,dynamic_above_base_turbo_on,secure-10-ingress-no-auth,2,4.0
1,tinyllama:1.1b-chat-v1-q8_0,ollama,T2,0-1B,wave2,dynamic_above_base_turbo_on,secure-10-ingress-no-auth,3,3.0
1,tinyllama:1.1b-chat-v1-q8_0,ollama,T2,0-1B,wave2,dynamic_above_base_turbo_on,secure-10-ingress-no-auth,4,3.0
1,tinyllama:1.1b-chat-v1-q8_0,ollama,T2,0-1B,wave2,dynamic_above_base_turbo_on,secure-11-privileged-container,0,1.0
1,tinyllama:1.1b-chat-v1-q8_0,ollama,T2,0-1B,wave2,dynamic_above_base_turbo_on,secure-11-privileged-container,1,1.0
1,tinyllama:1.1b-chat-v1-q8_0,ollama,T2,0-1B,wave2,dynamic_above_base_turbo_on,secure-11-privileged-container,2,3.0
1,tinyllama:1.1b-chat-v1-q8_0,ollama,T2,0-1B,wave2,dynamic_above_base_turbo_on,secure-11-privileged-container,3,2.0
1,tinyllama:1.1b-chat-v1-q8_0,ollama,T2,0-1B,wave2,dynamic_above_base_turbo_on,secure-11-privileged-container,4,1.5
1,tinyllama:1.1b-chat-v1-q8_0,ollama,T2,0-1B,wave2,dynamic_above_base_turbo_on,secure-12-broad-rbac,0,1.0
1,tinyllama:1.1b-chat-v1-q8_0,ollama,T2,0-1B,wave2,dynamic_above_base_turbo_on,secure-12-broad-rbac,1,2.0
1,tinyllama:1.1b-chat-v1-q8_0,ollama,T2,0-1B,wave2,dynamic_above_base_turbo_on,secure-12-broad-rbac,2,2.0
1,tinyllama:1.1b-chat-v1-q8_0,ollama,T2,0-1B,wave2,dynamic_above_base_turbo_on,secure-12-broad-rbac,3,1.0
1,tinyllama:1.1b-chat-v1-q8_0,ollama,T2,0-1B,wave2,dynamic_above_base_turbo_on,secure-12-broad-rbac,4,1.0
1,tinyllama:1.1b-chat-v1-q8_0,ollama,T2,0-1B,wave2,dynamic_above_base_turbo_on,secure-13-latest-tag,0,3.0
1,tinyllama:1.1b-chat-v1-q8_0,ollama,T2,0-1B,wave2,dynamic_above_base_turbo_on,secure-13-latest-tag,1,1.0
1,tinyllama:1.1b-chat-v1-q8_0,ollama,T2,0-1B,wave2,dynamic_above_base_turbo_on,secure-13-latest-tag,2,1.0
1,tinyllama:1.1b-chat-v1-q8_0,ollama,T2,0-1B,wave2,dynamic_above_base_turbo_on,secure-13-latest-tag,3,1.0
1,tinyllama:1.1b-chat-v1-q8_0,ollama,T2,0-1B,wave2,dynamic_above_base_turbo_on,secure-13-latest-tag,4,1.0
1,tinyllama:1.1b-chat-v1-q8_0,ollama,T2,0-1B,wave2,dynamic_above_base_turbo_on,test-06-probe-vs-app,0,2.0
1,tinyllama:1.1b-chat-v1-q8_0,ollama,T2,0-1B,wave2,dynamic_above_base_turbo_on,test-06-probe-vs-app,1,2.5
1,tinyllama:1.1b-chat-v1-q8_0,ollama,T2,0-1B,wave2,dynamic_above_base_turbo_on,test-06-probe-vs-app,2,2.0
1,tinyllama:1.1b-chat-v1-q8_0,ollama,T2,0-1B,wave2,dynamic_above_base_turbo_on,test-06-probe-vs-app,3,2.5
1,tinyllama:1.1b-chat-v1-q8_0,ollama,T2,0-1B,wave2,dynamic_above_base_turbo_on,test-06-probe-vs-app,4,1.5
1,tinyllama:1.1b-chat-v1-q8_0,ollama,T2,0-1B,wave2,dynamic_above_base_turbo_on,upgrade-05-helmrelease,0,1.0
1,tinyllama:1.1b-chat-v1-q8_0,ollama,T2,0-1B,wave2,dynamic_above_base_turbo_on,upgrade-05-helmrelease,1,1.0
1,tinyllama:1.1b-chat-v1-q8_0,ollama,T2,0-1B,wave2,dynamic_above_base_turbo_on,upgrade-05-helmrelease,2,1.0
1,tinyllama:1.1b-chat-v1-q8_0,ollama,T2,0-1B,wave2,dynamic_above_base_turbo_on,upgrade-05-helmrelease,3,1.0
1,tinyllama:1.1b-chat-v1-q8_0,ollama,T2,0-1B,wave2,dynamic_above_base_turbo_on,upgrade-05-helmrelease,4,1.5
1,tinyllama:1.1b-chat-v1-q8_0,ollama,T2,0-1B,wave2,dynamic_above_base_turbo_on,upgrade-18-helm-closedbook,0,1.5
1,tinyllama:1.1b-chat-v1-q8_0,ollama,T2,0-1B,wave2,dynamic_above_base_turbo_on,upgrade-18-helm-closedbook,1,1.0
1,tinyllama:1.1b-chat-v1-q8_0,ollama,T2,0-1B,wave2,dynamic_above_base_turbo_on,upgrade-18-helm-closedbook,2,1.0
1,tinyllama:1.1b-chat-v1-q8_0,ollama,T2,0-1B,wave2,dynamic_above_base_turbo_on,upgrade-18-helm-closedbook,3,1.0
1,tinyllama:1.1b-chat-v1-q8_0,ollama,T2,0-1B,wave2,dynamic_above_base_turbo_on,upgrade-18-helm-closedbook,4,1.0
