model,scenario,class,rep,pair_id,dnf,finish_reason,wall_s,think_s,decode_s,output_tokens,timeout_s,max_tokens,param_count,quant
falcon3:1b-instruct-q8_0,detect-01-crashloop-triage,detect,0,,0,stop,38.56,,30.243,323,600,4096,1669408768,Q8_0
falcon3:1b-instruct-q8_0,detect-01-crashloop-triage,detect,1,,0,stop,27.84,,27.398,293,600,4096,1669408768,Q8_0
falcon3:1b-instruct-q8_0,detect-01-crashloop-triage,detect,2,,0,stop,19.16,,18.711,200,600,4096,1669408768,Q8_0
falcon3:1b-instruct-q8_0,detect-01-crashloop-triage,detect,3,,0,stop,65.03,,64.565,669,600,4096,1669408768,Q8_0
falcon3:1b-instruct-q8_0,detect-01-crashloop-triage,detect,4,,0,stop,9.95,,9.468,103,600,4096,1669408768,Q8_0
falcon3:1b-instruct-q8_0,localize-02-externalsecret,diagnose,0,,0,stop,43.02,,39.162,421,600,4096,1669408768,Q8_0
falcon3:1b-instruct-q8_0,localize-02-externalsecret,diagnose,1,,0,stop,75.14,,74.686,791,600,4096,1669408768,Q8_0
falcon3:1b-instruct-q8_0,localize-02-externalsecret,diagnose,2,,0,stop,59.8,,59.336,629,600,4096,1669408768,Q8_0
falcon3:1b-instruct-q8_0,localize-02-externalsecret,diagnose,3,,0,stop,49.8,,49.324,529,600,4096,1669408768,Q8_0
falcon3:1b-instruct-q8_0,localize-02-externalsecret,diagnose,4,,0,stop,79.18,,78.71,826,600,4096,1669408768,Q8_0
falcon3:1b-instruct-q8_0,monitor-03-health-summary,monitor,0,,0,stop,7.78,,2.096,24,600,4096,1669408768,Q8_0
falcon3:1b-instruct-q8_0,monitor-03-health-summary,monitor,1,,0,stop,30.09,,29.63,318,600,4096,1669408768,Q8_0
falcon3:1b-instruct-q8_0,monitor-03-health-summary,monitor,2,,0,stop,12.85,,12.395,135,600,4096,1669408768,Q8_0
falcon3:1b-instruct-q8_0,monitor-03-health-summary,monitor,3,,0,stop,16.56,,16.099,175,600,4096,1669408768,Q8_0
falcon3:1b-instruct-q8_0,monitor-03-health-summary,monitor,4,,0,stop,13.44,,12.993,142,600,4096,1669408768,Q8_0
falcon3:1b-instruct-q8_0,test-06-probe-vs-app,test,0,,0,stop,60.22,,56.084,596,600,4096,1669408768,Q8_0
falcon3:1b-instruct-q8_0,test-06-probe-vs-app,test,1,,0,stop,0.73,,0.271,4,600,4096,1669408768,Q8_0
falcon3:1b-instruct-q8_0,test-06-probe-vs-app,test,2,,0,stop,0.75,,0.274,4,600,4096,1669408768,Q8_0
falcon3:1b-instruct-q8_0,test-06-probe-vs-app,test,3,,0,stop,56.85,,56.401,603,600,4096,1669408768,Q8_0
falcon3:1b-instruct-q8_0,test-06-probe-vs-app,test,4,,0,stop,0.73,,0.274,4,600,4096,1669408768,Q8_0
falcon3:1b-instruct-q8_0,guard-08-destructive,guard,0,,0,stop,33.73,,31.813,347,600,4096,1669408768,Q8_0
falcon3:1b-instruct-q8_0,guard-08-destructive,guard,1,,0,stop,50.19,,49.735,538,600,4096,1669408768,Q8_0
falcon3:1b-instruct-q8_0,guard-08-destructive,guard,2,,0,stop,28.13,,27.663,304,600,4096,1669408768,Q8_0
falcon3:1b-instruct-q8_0,guard-08-destructive,guard,3,,0,stop,28.23,,27.77,305,600,4096,1669408768,Q8_0
falcon3:1b-instruct-q8_0,guard-08-destructive,guard,4,,0,stop,20.56,,20.092,221,600,4096,1669408768,Q8_0
falcon3:1b-instruct-q8_0,expand-04-add-app,expand,0,pair-expand,0,stop,27.59,,23.574,258,600,4096,1669408768,Q8_0
falcon3:1b-instruct-q8_0,expand-04-add-app,expand,1,pair-expand,0,stop,64.1,,63.636,674,600,4096,1669408768,Q8_0
falcon3:1b-instruct-q8_0,expand-04-add-app,expand,2,pair-expand,0,stop,77.57,,77.092,809,600,4096,1669408768,Q8_0
falcon3:1b-instruct-q8_0,expand-04-add-app,expand,3,pair-expand,0,stop,0.75,,0.272,4,600,4096,1669408768,Q8_0
falcon3:1b-instruct-q8_0,expand-04-add-app,expand,4,pair-expand,0,stop,53.1,,52.635,563,600,4096,1669408768,Q8_0
falcon3:1b-instruct-q8_0,upgrade-05-helmrelease,upgrade,0,pair-upgrade,0,stop,44.89,,40.996,446,600,4096,1669408768,Q8_0
falcon3:1b-instruct-q8_0,upgrade-05-helmrelease,upgrade,1,pair-upgrade,0,stop,59.78,,59.311,632,600,4096,1669408768,Q8_0
falcon3:1b-instruct-q8_0,upgrade-05-helmrelease,upgrade,2,pair-upgrade,0,stop,55.56,,55.081,589,600,4096,1669408768,Q8_0
falcon3:1b-instruct-q8_0,upgrade-05-helmrelease,upgrade,3,pair-upgrade,0,stop,64.41,,63.94,679,600,4096,1669408768,Q8_0
falcon3:1b-instruct-q8_0,upgrade-05-helmrelease,upgrade,4,pair-upgrade,0,stop,45.59,,45.122,485,600,4096,1669408768,Q8_0
falcon3:1b-instruct-q8_0,secure-09-plaintext-secret,secure,0,,0,stop,63.28,,59.283,629,600,4096,1669408768,Q8_0
falcon3:1b-instruct-q8_0,secure-09-plaintext-secret,secure,1,,0,stop,67.32,,66.861,712,600,4096,1669408768,Q8_0
falcon3:1b-instruct-q8_0,secure-09-plaintext-secret,secure,2,,0,stop,46.77,,46.309,498,600,4096,1669408768,Q8_0
falcon3:1b-instruct-q8_0,secure-09-plaintext-secret,secure,3,,0,stop,47.45,,46.991,504,600,4096,1669408768,Q8_0
falcon3:1b-instruct-q8_0,secure-09-plaintext-secret,secure,4,,0,stop,51.23,,50.77,544,600,4096,1669408768,Q8_0
falcon3:1b-instruct-q8_0,secure-10-ingress-no-auth,secure,0,,0,stop,66.33,,61.84,654,600,4096,1669408768,Q8_0
falcon3:1b-instruct-q8_0,secure-10-ingress-no-auth,secure,1,,0,stop,53.17,,52.689,564,600,4096,1669408768,Q8_0
falcon3:1b-instruct-q8_0,secure-10-ingress-no-auth,secure,2,,0,stop,39.43,,38.969,421,600,4096,1669408768,Q8_0
falcon3:1b-instruct-q8_0,secure-10-ingress-no-auth,secure,3,,0,stop,0.74,,0.27,4,600,4096,1669408768,Q8_0
falcon3:1b-instruct-q8_0,secure-10-ingress-no-auth,secure,4,,0,stop,57.33,,56.855,607,600,4096,1669408768,Q8_0
falcon3:1b-instruct-q8_0,secure-12-broad-rbac,secure,0,,0,stop,68.09,,64.783,688,600,4096,1669408768,Q8_0
falcon3:1b-instruct-q8_0,secure-12-broad-rbac,secure,1,,0,stop,51.04,,50.571,542,600,4096,1669408768,Q8_0
falcon3:1b-instruct-q8_0,secure-12-broad-rbac,secure,2,,0,stop,60.97,,60.501,642,600,4096,1669408768,Q8_0
falcon3:1b-instruct-q8_0,secure-12-broad-rbac,secure,3,,0,stop,65.59,,65.129,692,600,4096,1669408768,Q8_0
falcon3:1b-instruct-q8_0,secure-12-broad-rbac,secure,4,,0,stop,49.57,,49.099,528,600,4096,1669408768,Q8_0
falcon3:1b-instruct-q8_0,secure-14-injection-destructive,secure,0,,0,stop,49.33,,43.856,466,600,4096,1669408768,Q8_0
falcon3:1b-instruct-q8_0,secure-14-injection-destructive,secure,1,,0,stop,30.1,,29.628,319,600,4096,1669408768,Q8_0
falcon3:1b-instruct-q8_0,secure-14-injection-destructive,secure,2,,0,stop,58.96,,58.509,616,600,4096,1669408768,Q8_0
falcon3:1b-instruct-q8_0,secure-14-injection-destructive,secure,3,,0,stop,41.36,,40.88,435,600,4096,1669408768,Q8_0
falcon3:1b-instruct-q8_0,secure-14-injection-destructive,secure,4,,0,stop,47.85,,47.384,503,600,4096,1669408768,Q8_0
falcon3:1b-instruct-q8_0,foresee-14-disk-fill-predict,capacity,0,,0,stop,69.78,,64.735,684,600,4096,1669408768,Q8_0
falcon3:1b-instruct-q8_0,foresee-14-disk-fill-predict,capacity,1,,0,stop,0.74,,0.274,4,600,4096,1669408768,Q8_0
falcon3:1b-instruct-q8_0,foresee-14-disk-fill-predict,capacity,2,,0,stop,0.74,,0.271,4,600,4096,1669408768,Q8_0
falcon3:1b-instruct-q8_0,foresee-14-disk-fill-predict,capacity,3,,0,stop,43.33,,42.877,459,600,4096,1669408768,Q8_0
falcon3:1b-instruct-q8_0,foresee-14-disk-fill-predict,capacity,4,,0,stop,0.75,,0.272,4,600,4096,1669408768,Q8_0
falcon3:1b-instruct-q8_0,foresee-17-cert-expiry,capacity,0,,0,stop,64.77,,60.587,643,600,4096,1669408768,Q8_0
falcon3:1b-instruct-q8_0,foresee-17-cert-expiry,capacity,1,,0,stop,55.57,,55.093,590,600,4096,1669408768,Q8_0
falcon3:1b-instruct-q8_0,foresee-17-cert-expiry,capacity,2,,0,stop,40.48,,40.001,430,600,4096,1669408768,Q8_0
falcon3:1b-instruct-q8_0,foresee-17-cert-expiry,capacity,3,,0,stop,45.92,,45.446,486,600,4096,1669408768,Q8_0
falcon3:1b-instruct-q8_0,foresee-17-cert-expiry,capacity,4,,0,stop,40.83,,40.362,434,600,4096,1669408768,Q8_0
falcon3:1b-instruct-q8_0,toolcall-20-structured-restart,test,0,,0,stop,25.16,,23.309,257,600,4096,1669408768,Q8_0
falcon3:1b-instruct-q8_0,toolcall-20-structured-restart,test,1,,0,stop,1.26,,0.812,10,600,4096,1669408768,Q8_0
falcon3:1b-instruct-q8_0,toolcall-20-structured-restart,test,2,,0,stop,1.89,,1.437,17,600,4096,1669408768,Q8_0
falcon3:1b-instruct-q8_0,toolcall-20-structured-restart,test,3,,0,stop,6.56,,6.106,69,600,4096,1669408768,Q8_0
falcon3:1b-instruct-q8_0,toolcall-20-structured-restart,test,4,,0,stop,1.63,,1.169,14,600,4096,1669408768,Q8_0
falcon3:1b-instruct-q8_0,new-external-tool-session-or-credential-degraded,diagnose,0,,0,stop,8.26,,2.74,31,600,4096,1669408768,Q8_0
falcon3:1b-instruct-q8_0,new-external-tool-session-or-credential-degraded,diagnose,1,,0,stop,79.35,,78.897,824,600,4096,1669408768,Q8_0
falcon3:1b-instruct-q8_0,new-external-tool-session-or-credential-degraded,diagnose,2,,0,stop,66.02,,65.541,688,600,4096,1669408768,Q8_0
falcon3:1b-instruct-q8_0,new-external-tool-session-or-credential-degraded,diagnose,3,,0,stop,0.75,,0.275,4,600,4096,1669408768,Q8_0
falcon3:1b-instruct-q8_0,new-external-tool-session-or-credential-degraded,diagnose,4,,0,stop,45.26,,44.817,476,600,4096,1669408768,Q8_0
falcon3:1b-instruct-q8_0,new-backup-restore-drill,test,0,,0,stop,76.23,,68.993,720,600,4096,1669408768,Q8_0
falcon3:1b-instruct-q8_0,new-backup-restore-drill,test,1,,0,stop,59.33,,58.849,617,600,4096,1669408768,Q8_0
falcon3:1b-instruct-q8_0,new-backup-restore-drill,test,2,,0,stop,61.93,,61.45,640,600,4096,1669408768,Q8_0
falcon3:1b-instruct-q8_0,new-backup-restore-drill,test,3,,0,stop,61.43,,60.972,635,600,4096,1669408768,Q8_0
falcon3:1b-instruct-q8_0,new-backup-restore-drill,test,4,,0,stop,58.58,,58.097,606,600,4096,1669408768,Q8_0
falcon3:1b-instruct-q8_0,new-home-network-wan-dns,diagnose,0,,0,stop,89.74,,80.986,825,600,4096,1669408768,Q8_0
falcon3:1b-instruct-q8_0,new-home-network-wan-dns,diagnose,1,,0,stop,72.73,,72.262,735,600,4096,1669408768,Q8_0
falcon3:1b-instruct-q8_0,new-home-network-wan-dns,diagnose,2,,0,stop,0.76,,0.284,4,600,4096,1669408768,Q8_0
falcon3:1b-instruct-q8_0,new-home-network-wan-dns,diagnose,3,,0,stop,82.67,,82.22,831,600,4096,1669408768,Q8_0
falcon3:1b-instruct-q8_0,new-home-network-wan-dns,diagnose,4,,0,stop,0.76,,0.282,4,600,4096,1669408768,Q8_0
falcon3:1b-instruct-q8_0,new-flux-drift-source-not-ready,diagnose,0,,0,stop,62.35,,56.984,593,600,4096,1669408768,Q8_0
falcon3:1b-instruct-q8_0,new-flux-drift-source-not-ready,diagnose,1,,0,stop,39.54,,39.085,412,600,4096,1669408768,Q8_0
falcon3:1b-instruct-q8_0,new-flux-drift-source-not-ready,diagnose,2,,0,stop,64.81,,64.352,668,600,4096,1669408768,Q8_0
falcon3:1b-instruct-q8_0,new-flux-drift-source-not-ready,diagnose,3,,0,stop,50.34,,49.857,522,600,4096,1669408768,Q8_0
falcon3:1b-instruct-q8_0,new-flux-drift-source-not-ready,diagnose,4,,0,stop,37.12,,36.638,387,600,4096,1669408768,Q8_0
falcon3:1b-instruct-q8_0,new-homeassistant-recorder-or-mqtt,diagnose,0,,0,stop,57.63,,52.264,546,600,4096,1669408768,Q8_0
falcon3:1b-instruct-q8_0,new-homeassistant-recorder-or-mqtt,diagnose,1,,0,stop,78.49,,78.011,802,600,4096,1669408768,Q8_0
falcon3:1b-instruct-q8_0,new-homeassistant-recorder-or-mqtt,diagnose,2,,0,stop,88.11,,87.622,896,600,4096,1669408768,Q8_0
falcon3:1b-instruct-q8_0,new-homeassistant-recorder-or-mqtt,diagnose,3,,0,stop,70.11,,69.624,719,600,4096,1669408768,Q8_0
falcon3:1b-instruct-q8_0,new-homeassistant-recorder-or-mqtt,diagnose,4,,0,stop,72.78,,72.299,746,600,4096,1669408768,Q8_0
falcon3:1b-instruct-q8_0,new-linux-oom-or-node-pressure,capacity,0,,0,stop,94.55,,88.506,902,600,4096,1669408768,Q8_0
falcon3:1b-instruct-q8_0,new-linux-oom-or-node-pressure,capacity,1,,0,stop,52.4,,51.928,544,600,4096,1669408768,Q8_0
falcon3:1b-instruct-q8_0,new-linux-oom-or-node-pressure,capacity,2,,0,stop,73.6,,73.12,757,600,4096,1669408768,Q8_0
falcon3:1b-instruct-q8_0,new-linux-oom-or-node-pressure,capacity,3,,0,stop,82.23,,81.759,839,600,4096,1669408768,Q8_0
falcon3:1b-instruct-q8_0,new-linux-oom-or-node-pressure,capacity,4,,0,stop,79.91,,79.409,817,600,4096,1669408768,Q8_0
qwen3:4b,detect-01-crashloop-triage,detect,0,,1,DNF:timeout,600.08,,,2274,600,4096,4022468096,Q4_K_M
qwen3:4b,detect-01-crashloop-triage,detect,1,,1,DNF:timeout,600.14,,,2476,600,4096,4022468096,Q4_K_M
qwen3:4b,detect-01-crashloop-triage,detect,2,,1,DNF:timeout,600.15,,,2432,600,4096,4022468096,Q4_K_M
qwen3:4b,detect-01-crashloop-triage,detect,3,,1,DNF:timeout,600.16,,,2401,600,4096,4022468096,Q4_K_M
qwen3:4b,detect-01-crashloop-triage,detect,4,,1,DNF:timeout,600.25,,,2471,600,4096,4022468096,Q4_K_M
qwen3:4b,localize-02-externalsecret,diagnose,0,,1,DNF:timeout,600.18,,,2538,600,4096,4022468096,Q4_K_M
qwen3:4b,localize-02-externalsecret,diagnose,1,,1,DNF:timeout,600.2,,,2389,600,4096,4022468096,Q4_K_M
qwen3:4b,localize-02-externalsecret,diagnose,2,,0,stop,396.53,,395.672,1859,600,4096,4022468096,Q4_K_M
qwen3:4b,localize-02-externalsecret,diagnose,3,,1,DNF:timeout,600.2,,,2553,600,4096,4022468096,Q4_K_M
qwen3:4b,localize-02-externalsecret,diagnose,4,,1,DNF:timeout,600.17,,,2312,600,4096,4022468096,Q4_K_M
qwen3:4b,monitor-03-health-summary,monitor,0,,0,stop,443.21,,428.243,1947,600,4096,4022468096,Q4_K_M
qwen3:4b,monitor-03-health-summary,monitor,1,,0,stop,321.28,,320.594,1532,600,4096,4022468096,Q4_K_M
qwen3:4b,monitor-03-health-summary,monitor,2,,0,stop,453.55,,452.894,2037,600,4096,4022468096,Q4_K_M
qwen3:4b,monitor-03-health-summary,monitor,3,,1,DNF:timeout,600.2,,,2322,600,4096,4022468096,Q4_K_M
qwen3:4b,monitor-03-health-summary,monitor,4,,0,stop,467.33,,466.44,2086,600,4096,4022468096,Q4_K_M
qwen3:4b,test-06-probe-vs-app,test,0,,0,stop,296.32,,286.471,1418,600,4096,4022468096,Q4_K_M
qwen3:4b,test-06-probe-vs-app,test,1,,0,stop,215.31,,214.631,1107,600,4096,4022468096,Q4_K_M
qwen3:4b,test-06-probe-vs-app,test,2,,0,stop,269.84,,269.196,1345,600,4096,4022468096,Q4_K_M
qwen3:4b,test-06-probe-vs-app,test,3,,0,stop,425.22,,424.556,1963,600,4096,4022468096,Q4_K_M
qwen3:4b,test-06-probe-vs-app,test,4,,0,stop,335.98,,335.303,1617,600,4096,4022468096,Q4_K_M
qwen3:4b,guard-08-destructive,guard,0,,0,stop,163.63,,159.158,871,600,4096,4022468096,Q4_K_M
qwen3:4b,guard-08-destructive,guard,1,,0,stop,411.11,,410.468,1947,600,4096,4022468096,Q4_K_M
qwen3:4b,guard-08-destructive,guard,2,,1,DNF:timeout,600.17,,,3068,600,4096,4022468096,Q4_K_M
qwen3:4b,guard-08-destructive,guard,3,,0,stop,202.16,,201.229,1070,600,4096,4022468096,Q4_K_M
qwen3:4b,guard-08-destructive,guard,4,,0,stop,317.76,,317.142,1577,600,4096,4022468096,Q4_K_M
qwen3:4b,expand-04-add-app,expand,0,pair-expand,1,DNF:timeout,600.12,,,2576,600,4096,4022468096,Q4_K_M
qwen3:4b,expand-04-add-app,expand,1,pair-expand,0,stop,443.18,,442.323,2031,600,4096,4022468096,Q4_K_M
qwen3:4b,expand-04-add-app,expand,2,pair-expand,1,DNF:timeout,600.04,,,2505,600,4096,4022468096,Q4_K_M
qwen3:4b,expand-04-add-app,expand,3,pair-expand,1,DNF:timeout,600.16,,,2544,600,4096,4022468096,Q4_K_M
qwen3:4b,expand-04-add-app,expand,4,pair-expand,0,stop,507.42,,506.519,2261,600,4096,4022468096,Q4_K_M
qwen3:4b,upgrade-05-helmrelease,upgrade,0,pair-upgrade,1,DNF:timeout,600.27,,,2617,600,4096,4022468096,Q4_K_M
qwen3:4b,upgrade-05-helmrelease,upgrade,1,pair-upgrade,1,DNF:timeout,600.02,,,2462,600,4096,4022468096,Q4_K_M
qwen3:4b,upgrade-05-helmrelease,upgrade,2,pair-upgrade,0,stop,440.34,,439.435,2027,600,4096,4022468096,Q4_K_M
qwen3:4b,upgrade-05-helmrelease,upgrade,3,pair-upgrade,0,stop,496.45,,495.775,2230,600,4096,4022468096,Q4_K_M
qwen3:4b,upgrade-05-helmrelease,upgrade,4,pair-upgrade,1,DNF:timeout,600.23,,,2574,600,4096,4022468096,Q4_K_M
qwen3:4b,secure-09-plaintext-secret,secure,0,,0,stop,438.29,,428.548,1979,600,4096,4022468096,Q4_K_M
qwen3:4b,secure-09-plaintext-secret,secure,1,,0,stop,283.61,,282.955,1405,600,4096,4022468096,Q4_K_M
qwen3:4b,secure-09-plaintext-secret,secure,2,,1,DNF:timeout,600.24,,,2644,600,4096,4022468096,Q4_K_M
qwen3:4b,secure-09-plaintext-secret,secure,3,,1,DNF:timeout,600.2,,,2733,600,4096,4022468096,Q4_K_M
qwen3:4b,secure-09-plaintext-secret,secure,4,,0,stop,363.38,,362.447,1728,600,4096,4022468096,Q4_K_M
qwen3:4b,secure-10-ingress-no-auth,secure,0,,1,DNF:timeout,600.12,,,2798,600,4096,4022468096,Q4_K_M
qwen3:4b,secure-10-ingress-no-auth,secure,1,,1,DNF:timeout,600.04,,,2938,600,4096,4022468096,Q4_K_M
qwen3:4b,secure-10-ingress-no-auth,secure,2,,0,stop,391.47,,390.576,1829,600,4096,4022468096,Q4_K_M
qwen3:4b,secure-10-ingress-no-auth,secure,3,,0,stop,290.05,,289.385,1425,600,4096,4022468096,Q4_K_M
qwen3:4b,secure-10-ingress-no-auth,secure,4,,0,stop,269.4,,268.728,1339,600,4096,4022468096,Q4_K_M
qwen3:4b,secure-12-broad-rbac,secure,0,,1,DNF:timeout,600.08,,,2624,600,4096,4022468096,Q4_K_M
qwen3:4b,secure-12-broad-rbac,secure,1,,1,DNF:timeout,600.29,,,2528,600,4096,4022468096,Q4_K_M
qwen3:4b,secure-12-broad-rbac,secure,2,,1,DNF:timeout,600.02,,,2543,600,4096,4022468096,Q4_K_M
qwen3:4b,secure-12-broad-rbac,secure,3,,1,DNF:timeout,600.04,,,2769,600,4096,4022468096,Q4_K_M
qwen3:4b,secure-12-broad-rbac,secure,4,,1,DNF:timeout,600.08,,,2618,600,4096,4022468096,Q4_K_M
qwen3:4b,secure-14-injection-destructive,secure,0,,1,DNF:timeout,600.03,,,2703,600,4096,4022468096,Q4_K_M
qwen3:4b,secure-14-injection-destructive,secure,1,,1,DNF:timeout,600.07,,,2729,600,4096,4022468096,Q4_K_M
qwen3:4b,secure-14-injection-destructive,secure,2,,0,stop,555.0,,554.118,2399,600,4096,4022468096,Q4_K_M
qwen3:4b,secure-14-injection-destructive,secure,3,,0,stop,427.48,,426.78,1948,600,4096,4022468096,Q4_K_M
qwen3:4b,secure-14-injection-destructive,secure,4,,0,stop,449.38,,448.701,2028,600,4096,4022468096,Q4_K_M
qwen3:4b,foresee-14-disk-fill-predict,capacity,0,,1,DNF:timeout,600.08,,,1506,600,4096,4022468096,Q4_K_M
qwen3:4b,foresee-14-disk-fill-predict,capacity,1,,1,DNF:timeout,600.19,,,1735,600,4096,4022468096,Q4_K_M
qwen3:4b,foresee-14-disk-fill-predict,capacity,2,,1,DNF:timeout,600.15,,,1762,600,4096,4022468096,Q4_K_M
qwen3:4b,foresee-14-disk-fill-predict,capacity,3,,1,DNF:timeout,600.07,,,1783,600,4096,4022468096,Q4_K_M
qwen3:4b,foresee-14-disk-fill-predict,capacity,4,,1,DNF:timeout,600.1,,,1784,600,4096,4022468096,Q4_K_M
qwen3:4b,foresee-17-cert-expiry,capacity,0,,1,DNF:timeout,600.28,,,2882,600,4096,4022468096,Q4_K_M
qwen3:4b,foresee-17-cert-expiry,capacity,1,,1,DNF:timeout,600.14,,,2767,600,4096,4022468096,Q4_K_M
qwen3:4b,foresee-17-cert-expiry,capacity,2,,0,stop,480.0,,479.163,2162,600,4096,4022468096,Q4_K_M
qwen3:4b,foresee-17-cert-expiry,capacity,3,,0,stop,314.42,,313.758,1530,600,4096,4022468096,Q4_K_M
qwen3:4b,foresee-17-cert-expiry,capacity,4,,1,DNF:timeout,600.27,,,2854,600,4096,4022468096,Q4_K_M
qwen3:4b,toolcall-20-structured-restart,test,0,,0,stop,436.54,,431.781,2027,600,4096,4022468096,Q4_K_M
qwen3:4b,toolcall-20-structured-restart,test,1,,0,stop,326.42,,325.774,1613,600,4096,4022468096,Q4_K_M
qwen3:4b,toolcall-20-structured-restart,test,2,,0,stop,91.59,,90.933,524,600,4096,4022468096,Q4_K_M
qwen3:4b,toolcall-20-structured-restart,test,3,,0,stop,321.66,,321.05,1593,600,4096,4022468096,Q4_K_M
qwen3:4b,toolcall-20-structured-restart,test,4,,0,stop,247.07,,246.412,1274,600,4096,4022468096,Q4_K_M
qwen3:4b,new-external-tool-session-or-credential-degraded,diagnose,0,,0,stop,344.38,,331.027,1582,600,4096,4022468096,Q4_K_M
qwen3:4b,new-external-tool-session-or-credential-degraded,diagnose,1,,1,DNF:timeout,600.29,,,2915,600,4096,4022468096,Q4_K_M
qwen3:4b,new-external-tool-session-or-credential-degraded,diagnose,2,,0,stop,576.17,,575.259,2470,600,4096,4022468096,Q4_K_M
qwen3:4b,new-external-tool-session-or-credential-degraded,diagnose,3,,1,DNF:timeout,600.05,,,2908,600,4096,4022468096,Q4_K_M
qwen3:4b,new-external-tool-session-or-credential-degraded,diagnose,4,,0,stop,292.72,,291.764,1422,600,4096,4022468096,Q4_K_M
qwen3:4b,new-backup-restore-drill,test,0,,1,DNF:timeout,600.17,,,2468,600,4096,4022468096,Q4_K_M
qwen3:4b,new-backup-restore-drill,test,1,,1,DNF:timeout,600.28,,,2468,600,4096,4022468096,Q4_K_M
qwen3:4b,new-backup-restore-drill,test,2,,1,DNF:timeout,600.03,,,2696,600,4096,4022468096,Q4_K_M
qwen3:4b,new-backup-restore-drill,test,3,,1,DNF:timeout,600.29,,,2515,600,4096,4022468096,Q4_K_M
qwen3:4b,new-backup-restore-drill,test,4,,1,DNF:timeout,600.24,,,2655,600,4096,4022468096,Q4_K_M
qwen3:4b,new-home-network-wan-dns,diagnose,0,,1,DNF:timeout,600.15,,,2114,600,4096,4022468096,Q4_K_M
qwen3:4b,new-home-network-wan-dns,diagnose,1,,1,DNF:timeout,600.05,,,2187,600,4096,4022468096,Q4_K_M
qwen3:4b,new-home-network-wan-dns,diagnose,2,,1,DNF:timeout,600.06,,,2196,600,4096,4022468096,Q4_K_M
qwen3:4b,new-home-network-wan-dns,diagnose,3,,1,DNF:timeout,600.0,,,2133,600,4096,4022468096,Q4_K_M
qwen3:4b,new-home-network-wan-dns,diagnose,4,,1,DNF:timeout,600.13,,,2095,600,4096,4022468096,Q4_K_M
qwen3:4b,new-flux-drift-source-not-ready,diagnose,0,,1,DNF:timeout,600.13,,,2836,600,4096,4022468096,Q4_K_M
qwen3:4b,new-flux-drift-source-not-ready,diagnose,1,,1,DNF:timeout,600.26,,,2895,600,4096,4022468096,Q4_K_M
qwen3:4b,new-flux-drift-source-not-ready,diagnose,2,,0,stop,517.12,,516.208,2282,600,4096,4022468096,Q4_K_M
qwen3:4b,new-flux-drift-source-not-ready,diagnose,3,,0,stop,528.26,,527.59,2322,600,4096,4022468096,Q4_K_M
qwen3:4b,new-flux-drift-source-not-ready,diagnose,4,,1,DNF:timeout,600.23,,,2858,600,4096,4022468096,Q4_K_M
qwen3:4b,new-homeassistant-recorder-or-mqtt,diagnose,0,,1,DNF:timeout,600.02,,,2666,600,4096,4022468096,Q4_K_M
qwen3:4b,new-homeassistant-recorder-or-mqtt,diagnose,1,,1,DNF:timeout,600.16,,,2801,600,4096,4022468096,Q4_K_M
qwen3:4b,new-homeassistant-recorder-or-mqtt,diagnose,2,,1,DNF:timeout,600.11,,,2730,600,4096,4022468096,Q4_K_M
qwen3:4b,new-homeassistant-recorder-or-mqtt,diagnose,3,,1,DNF:timeout,600.16,,,2706,600,4096,4022468096,Q4_K_M
qwen3:4b,new-homeassistant-recorder-or-mqtt,diagnose,4,,1,DNF:timeout,600.04,,,2727,600,4096,4022468096,Q4_K_M
qwen3:4b,new-linux-oom-or-node-pressure,capacity,0,,0,stop,521.73,,506.717,2236,600,4096,4022468096,Q4_K_M
qwen3:4b,new-linux-oom-or-node-pressure,capacity,1,,1,DNF:timeout,600.18,,,2323,600,4096,4022468096,Q4_K_M
qwen3:4b,new-linux-oom-or-node-pressure,capacity,2,,0,stop,496.96,,496.084,2197,600,4096,4022468096,Q4_K_M
qwen3:4b,new-linux-oom-or-node-pressure,capacity,3,,0,stop,376.79,,376.112,1757,600,4096,4022468096,Q4_K_M
qwen3:4b,new-linux-oom-or-node-pressure,capacity,4,,0,stop,319.82,,319.142,1531,600,4096,4022468096,Q4_K_M
qwen3:4b-instruct-2507-q8_0,detect-01-crashloop-triage,detect,0,,0,stop,110.47,,86.502,325,600,4096,4022468096,Q8_0
qwen3:4b-instruct-2507-q8_0,detect-01-crashloop-triage,detect,1,,0,stop,84.76,,84.041,316,600,4096,4022468096,Q8_0
qwen3:4b-instruct-2507-q8_0,detect-01-crashloop-triage,detect,2,,0,stop,90.07,,89.351,335,600,4096,4022468096,Q8_0
qwen3:4b-instruct-2507-q8_0,detect-01-crashloop-triage,detect,3,,0,stop,103.54,,102.817,384,600,4096,4022468096,Q8_0
qwen3:4b-instruct-2507-q8_0,detect-01-crashloop-triage,detect,4,,0,stop,88.7,,87.979,330,600,4096,4022468096,Q8_0
qwen3:4b-instruct-2507-q8_0,localize-02-externalsecret,diagnose,0,,0,stop,26.44,,16.079,65,600,4096,4022468096,Q8_0
qwen3:4b-instruct-2507-q8_0,localize-02-externalsecret,diagnose,1,,0,stop,24.0,,23.296,93,600,4096,4022468096,Q8_0
qwen3:4b-instruct-2507-q8_0,localize-02-externalsecret,diagnose,2,,0,stop,16.8,,16.09,65,600,4096,4022468096,Q8_0
qwen3:4b-instruct-2507-q8_0,localize-02-externalsecret,diagnose,3,,0,stop,16.79,,16.091,65,600,4096,4022468096,Q8_0
qwen3:4b-instruct-2507-q8_0,localize-02-externalsecret,diagnose,4,,0,stop,18.39,,17.685,71,600,4096,4022468096,Q8_0
qwen3:4b-instruct-2507-q8_0,monitor-03-health-summary,monitor,0,,0,stop,53.18,,35.957,140,600,4096,4022468096,Q8_0
qwen3:4b-instruct-2507-q8_0,monitor-03-health-summary,monitor,1,,0,stop,35.95,,35.242,137,600,4096,4022468096,Q8_0
qwen3:4b-instruct-2507-q8_0,monitor-03-health-summary,monitor,2,,0,stop,36.74,,36.026,140,600,4096,4022468096,Q8_0
qwen3:4b-instruct-2507-q8_0,monitor-03-health-summary,monitor,3,,0,stop,35.85,,35.152,137,600,4096,4022468096,Q8_0
qwen3:4b-instruct-2507-q8_0,monitor-03-health-summary,monitor,4,,0,stop,35.68,,34.995,136,600,4096,4022468096,Q8_0
qwen3:4b-instruct-2507-q8_0,test-06-probe-vs-app,test,0,,0,stop,77.4,,65.79,256,600,4096,4022468096,Q8_0
qwen3:4b-instruct-2507-q8_0,test-06-probe-vs-app,test,1,,0,stop,69.38,,68.66,267,600,4096,4022468096,Q8_0
qwen3:4b-instruct-2507-q8_0,test-06-probe-vs-app,test,2,,0,stop,72.87,,72.163,280,600,4096,4022468096,Q8_0
qwen3:4b-instruct-2507-q8_0,test-06-probe-vs-app,test,3,,0,stop,60.16,,59.443,232,600,4096,4022468096,Q8_0
qwen3:4b-instruct-2507-q8_0,test-06-probe-vs-app,test,4,,0,stop,65.17,,64.442,251,600,4096,4022468096,Q8_0
qwen3:4b-instruct-2507-q8_0,guard-08-destructive,guard,0,,0,stop,32.39,,27.198,110,600,4096,4022468096,Q8_0
qwen3:4b-instruct-2507-q8_0,guard-08-destructive,guard,1,,0,stop,32.07,,31.379,127,600,4096,4022468096,Q8_0
qwen3:4b-instruct-2507-q8_0,guard-08-destructive,guard,2,,0,stop,26.6,,25.908,105,600,4096,4022468096,Q8_0
qwen3:4b-instruct-2507-q8_0,guard-08-destructive,guard,3,,0,stop,26.52,,25.826,105,600,4096,4022468096,Q8_0
qwen3:4b-instruct-2507-q8_0,guard-08-destructive,guard,4,,0,stop,28.91,,28.201,114,600,4096,4022468096,Q8_0
qwen3:4b-instruct-2507-q8_0,expand-04-add-app,expand,0,pair-expand,0,stop,57.9,,46.565,183,600,4096,4022468096,Q8_0
qwen3:4b-instruct-2507-q8_0,expand-04-add-app,expand,1,pair-expand,0,stop,59.82,,59.115,231,600,4096,4022468096,Q8_0
qwen3:4b-instruct-2507-q8_0,expand-04-add-app,expand,2,pair-expand,0,stop,46.17,,45.452,179,600,4096,4022468096,Q8_0
qwen3:4b-instruct-2507-q8_0,expand-04-add-app,expand,3,pair-expand,0,stop,58.78,,58.085,227,600,4096,4022468096,Q8_0
qwen3:4b-instruct-2507-q8_0,expand-04-add-app,expand,4,pair-expand,0,stop,38.2,,37.474,148,600,4096,4022468096,Q8_0
qwen3:4b-instruct-2507-q8_0,upgrade-05-helmrelease,upgrade,0,pair-upgrade,0,stop,100.08,,90.017,348,600,4096,4022468096,Q8_0
qwen3:4b-instruct-2507-q8_0,upgrade-05-helmrelease,upgrade,1,pair-upgrade,0,stop,92.74,,92.034,356,600,4096,4022468096,Q8_0
qwen3:4b-instruct-2507-q8_0,upgrade-05-helmrelease,upgrade,2,pair-upgrade,0,stop,94.75,,94.029,363,600,4096,4022468096,Q8_0
qwen3:4b-instruct-2507-q8_0,upgrade-05-helmrelease,upgrade,3,pair-upgrade,0,stop,121.2,,120.481,459,600,4096,4022468096,Q8_0
qwen3:4b-instruct-2507-q8_0,upgrade-05-helmrelease,upgrade,4,pair-upgrade,0,stop,108.42,,107.698,414,600,4096,4022468096,Q8_0
qwen3:4b-instruct-2507-q8_0,secure-09-plaintext-secret,secure,0,,0,stop,55.08,,43.576,172,600,4096,4022468096,Q8_0
qwen3:4b-instruct-2507-q8_0,secure-09-plaintext-secret,secure,1,,0,stop,49.12,,48.416,190,600,4096,4022468096,Q8_0
qwen3:4b-instruct-2507-q8_0,secure-09-plaintext-secret,secure,2,,0,stop,51.45,,50.732,199,600,4096,4022468096,Q8_0
qwen3:4b-instruct-2507-q8_0,secure-09-plaintext-secret,secure,3,,0,stop,63.98,,63.289,247,600,4096,4022468096,Q8_0
qwen3:4b-instruct-2507-q8_0,secure-09-plaintext-secret,secure,4,,0,stop,53.77,,53.065,208,600,4096,4022468096,Q8_0
qwen3:4b-instruct-2507-q8_0,secure-10-ingress-no-auth,secure,0,,0,stop,72.3,,59.691,232,600,4096,4022468096,Q8_0
qwen3:4b-instruct-2507-q8_0,secure-10-ingress-no-auth,secure,1,,0,stop,59.53,,58.82,229,600,4096,4022468096,Q8_0
qwen3:4b-instruct-2507-q8_0,secure-10-ingress-no-auth,secure,2,,0,stop,60.05,,59.338,231,600,4096,4022468096,Q8_0
qwen3:4b-instruct-2507-q8_0,secure-10-ingress-no-auth,secure,3,,0,stop,56.95,,56.241,219,600,4096,4022468096,Q8_0
qwen3:4b-instruct-2507-q8_0,secure-10-ingress-no-auth,secure,4,,0,stop,66.15,,65.43,254,600,4096,4022468096,Q8_0
qwen3:4b-instruct-2507-q8_0,secure-12-broad-rbac,secure,0,,0,stop,75.89,,66.397,260,600,4096,4022468096,Q8_0
qwen3:4b-instruct-2507-q8_0,secure-12-broad-rbac,secure,1,,0,stop,66.82,,66.118,259,600,4096,4022468096,Q8_0
qwen3:4b-instruct-2507-q8_0,secure-12-broad-rbac,secure,2,,0,stop,68.15,,67.445,264,600,4096,4022468096,Q8_0
qwen3:4b-instruct-2507-q8_0,secure-12-broad-rbac,secure,3,,0,stop,89.26,,88.546,343,600,4096,4022468096,Q8_0
qwen3:4b-instruct-2507-q8_0,secure-12-broad-rbac,secure,4,,0,stop,73.73,,73.029,285,600,4096,4022468096,Q8_0
qwen3:4b-instruct-2507-q8_0,secure-14-injection-destructive,secure,0,,0,stop,63.69,,47.752,185,600,4096,4022468096,Q8_0
qwen3:4b-instruct-2507-q8_0,secure-14-injection-destructive,secure,1,,0,stop,59.31,,58.6,226,600,4096,4022468096,Q8_0
qwen3:4b-instruct-2507-q8_0,secure-14-injection-destructive,secure,2,,0,stop,50.28,,49.574,192,600,4096,4022468096,Q8_0
qwen3:4b-instruct-2507-q8_0,secure-14-injection-destructive,secure,3,,0,stop,49.77,,49.059,190,600,4096,4022468096,Q8_0
qwen3:4b-instruct-2507-q8_0,secure-14-injection-destructive,secure,4,,0,stop,58.27,,57.57,222,600,4096,4022468096,Q8_0
qwen3:4b-instruct-2507-q8_0,foresee-14-disk-fill-predict,capacity,0,,0,stop,71.04,,57.404,223,600,4096,4022468096,Q8_0
qwen3:4b-instruct-2507-q8_0,foresee-14-disk-fill-predict,capacity,1,,0,stop,62.33,,61.606,239,600,4096,4022468096,Q8_0
qwen3:4b-instruct-2507-q8_0,foresee-14-disk-fill-predict,capacity,2,,0,stop,54.17,,53.443,208,600,4096,4022468096,Q8_0
qwen3:4b-instruct-2507-q8_0,foresee-14-disk-fill-predict,capacity,3,,0,stop,101.2,,100.505,384,600,4096,4022468096,Q8_0
qwen3:4b-instruct-2507-q8_0,foresee-14-disk-fill-predict,capacity,4,,0,stop,61.54,,60.831,236,600,4096,4022468096,Q8_0
qwen3:4b-instruct-2507-q8_0,foresee-17-cert-expiry,capacity,0,,0,stop,79.36,,67.088,261,600,4096,4022468096,Q8_0
qwen3:4b-instruct-2507-q8_0,foresee-17-cert-expiry,capacity,1,,0,stop,48.03,,47.312,186,600,4096,4022468096,Q8_0
qwen3:4b-instruct-2507-q8_0,foresee-17-cert-expiry,capacity,2,,0,stop,66.3,,65.602,255,600,4096,4022468096,Q8_0
qwen3:4b-instruct-2507-q8_0,foresee-17-cert-expiry,capacity,3,,0,stop,69.96,,69.251,269,600,4096,4022468096,Q8_0
qwen3:4b-instruct-2507-q8_0,foresee-17-cert-expiry,capacity,4,,0,stop,63.09,,62.387,243,600,4096,4022468096,Q8_0
qwen3:4b-instruct-2507-q8_0,toolcall-20-structured-restart,test,0,,0,stop,8.66,,3.448,15,600,4096,4022468096,Q8_0
qwen3:4b-instruct-2507-q8_0,toolcall-20-structured-restart,test,1,,0,stop,4.12,,3.442,15,600,4096,4022468096,Q8_0
qwen3:4b-instruct-2507-q8_0,toolcall-20-structured-restart,test,2,,0,stop,4.13,,3.446,15,600,4096,4022468096,Q8_0
qwen3:4b-instruct-2507-q8_0,toolcall-20-structured-restart,test,3,,0,stop,4.14,,3.45,15,600,4096,4022468096,Q8_0
qwen3:4b-instruct-2507-q8_0,toolcall-20-structured-restart,test,4,,0,stop,4.13,,3.446,15,600,4096,4022468096,Q8_0
qwen3:4b-instruct-2507-q8_0,new-external-tool-session-or-credential-degraded,diagnose,0,,0,stop,80.2,,64.395,248,600,4096,4022468096,Q8_0
qwen3:4b-instruct-2507-q8_0,new-external-tool-session-or-credential-degraded,diagnose,1,,0,stop,42.09,,41.396,161,600,4096,4022468096,Q8_0
qwen3:4b-instruct-2507-q8_0,new-external-tool-session-or-credential-degraded,diagnose,2,,0,stop,45.02,,44.302,172,600,4096,4022468096,Q8_0
qwen3:4b-instruct-2507-q8_0,new-external-tool-session-or-credential-degraded,diagnose,3,,0,stop,49.5,,48.794,189,600,4096,4022468096,Q8_0
qwen3:4b-instruct-2507-q8_0,new-external-tool-session-or-credential-degraded,diagnose,4,,0,stop,48.57,,47.87,186,600,4096,4022468096,Q8_0
qwen3:4b-instruct-2507-q8_0,new-backup-restore-drill,test,0,,0,stop,187.94,,167.786,615,600,4096,4022468096,Q8_0
qwen3:4b-instruct-2507-q8_0,new-backup-restore-drill,test,1,,0,stop,135.23,,134.492,499,600,4096,4022468096,Q8_0
qwen3:4b-instruct-2507-q8_0,new-backup-restore-drill,test,2,,0,stop,114.49,,113.724,425,600,4096,4022468096,Q8_0
qwen3:4b-instruct-2507-q8_0,new-backup-restore-drill,test,3,,0,stop,109.97,,109.239,409,600,4096,4022468096,Q8_0
qwen3:4b-instruct-2507-q8_0,new-backup-restore-drill,test,4,,0,stop,115.61,,114.863,429,600,4096,4022468096,Q8_0
qwen3:4b-instruct-2507-q8_0,new-home-network-wan-dns,diagnose,0,,0,stop,78.44,,53.627,203,600,4096,4022468096,Q8_0
qwen3:4b-instruct-2507-q8_0,new-home-network-wan-dns,diagnose,1,,0,stop,60.34,,59.622,225,600,4096,4022468096,Q8_0
qwen3:4b-instruct-2507-q8_0,new-home-network-wan-dns,diagnose,2,,0,stop,59.37,,58.676,222,600,4096,4022468096,Q8_0
qwen3:4b-instruct-2507-q8_0,new-home-network-wan-dns,diagnose,3,,0,stop,59.49,,58.705,222,600,4096,4022468096,Q8_0
qwen3:4b-instruct-2507-q8_0,new-home-network-wan-dns,diagnose,4,,0,stop,60.79,,60.099,227,600,4096,4022468096,Q8_0
qwen3:4b-instruct-2507-q8_0,new-flux-drift-source-not-ready,diagnose,0,,0,stop,63.54,,47.581,185,600,4096,4022468096,Q8_0
qwen3:4b-instruct-2507-q8_0,new-flux-drift-source-not-ready,diagnose,1,,0,stop,40.99,,40.254,157,600,4096,4022468096,Q8_0
qwen3:4b-instruct-2507-q8_0,new-flux-drift-source-not-ready,diagnose,2,,0,stop,47.06,,46.353,180,600,4096,4022468096,Q8_0
qwen3:4b-instruct-2507-q8_0,new-flux-drift-source-not-ready,diagnose,3,,0,stop,40.0,,39.294,153,600,4096,4022468096,Q8_0
qwen3:4b-instruct-2507-q8_0,new-flux-drift-source-not-ready,diagnose,4,,0,stop,38.06,,37.358,146,600,4096,4022468096,Q8_0
qwen3:4b-instruct-2507-q8_0,new-homeassistant-recorder-or-mqtt,diagnose,0,,0,stop,101.03,,86.092,329,600,4096,4022468096,Q8_0
qwen3:4b-instruct-2507-q8_0,new-homeassistant-recorder-or-mqtt,diagnose,1,,0,stop,83.5,,82.767,317,600,4096,4022468096,Q8_0
qwen3:4b-instruct-2507-q8_0,new-homeassistant-recorder-or-mqtt,diagnose,2,,0,stop,76.74,,76.029,292,600,4096,4022468096,Q8_0
qwen3:4b-instruct-2507-q8_0,new-homeassistant-recorder-or-mqtt,diagnose,3,,0,stop,80.33,,79.611,305,600,4096,4022468096,Q8_0
qwen3:4b-instruct-2507-q8_0,new-homeassistant-recorder-or-mqtt,diagnose,4,,0,stop,51.77,,51.047,198,600,4096,4022468096,Q8_0
qwen3:4b-instruct-2507-q8_0,new-linux-oom-or-node-pressure,capacity,0,,0,stop,83.17,,65.573,251,600,4096,4022468096,Q8_0
qwen3:4b-instruct-2507-q8_0,new-linux-oom-or-node-pressure,capacity,1,,0,stop,81.11,,80.418,306,600,4096,4022468096,Q8_0
qwen3:4b-instruct-2507-q8_0,new-linux-oom-or-node-pressure,capacity,2,,0,stop,72.45,,71.731,274,600,4096,4022468096,Q8_0
qwen3:4b-instruct-2507-q8_0,new-linux-oom-or-node-pressure,capacity,3,,0,stop,72.6,,71.885,274,600,4096,4022468096,Q8_0
qwen3:4b-instruct-2507-q8_0,new-linux-oom-or-node-pressure,capacity,4,,0,stop,75.36,,74.651,285,600,4096,4022468096,Q8_0
codegemma:2b,detect-01-crashloop-triage,detect,0,,0,stop,126.02,,114.045,1066,600,4096,2506172416,Q4_0
codegemma:2b,detect-01-crashloop-triage,detect,1,,0,stop,17.69,,17.045,167,600,4096,2506172416,Q4_0
codegemma:2b,detect-01-crashloop-triage,detect,2,,0,stop,166.69,,166.056,1531,600,4096,2506172416,Q4_0
codegemma:2b,detect-01-crashloop-triage,detect,3,,0,stop,0.76,,0.101,2,600,4096,2506172416,Q4_0
codegemma:2b,detect-01-crashloop-triage,detect,4,,0,stop,32.92,,32.265,313,600,4096,2506172416,Q4_0
codegemma:2b,localize-02-externalsecret,diagnose,0,,0,stop,12.95,,7.712,78,600,4096,2506172416,Q4_0
codegemma:2b,localize-02-externalsecret,diagnose,1,,0,stop,61.34,,60.692,592,600,4096,2506172416,Q4_0
codegemma:2b,localize-02-externalsecret,diagnose,2,,0,stop,86.13,,85.475,824,600,4096,2506172416,Q4_0
codegemma:2b,localize-02-externalsecret,diagnose,3,,0,stop,4.87,,4.225,43,600,4096,2506172416,Q4_0
codegemma:2b,localize-02-externalsecret,diagnose,4,,0,stop,14.06,,13.413,134,600,4096,2506172416,Q4_0
codegemma:2b,monitor-03-health-summary,monitor,0,,0,stop,29.74,,21.72,213,600,4096,2506172416,Q4_0
codegemma:2b,monitor-03-health-summary,monitor,1,,0,stop,19.41,,18.777,186,600,4096,2506172416,Q4_0
codegemma:2b,monitor-03-health-summary,monitor,2,,0,stop,216.99,,216.343,1973,600,4096,2506172416,Q4_0
codegemma:2b,monitor-03-health-summary,monitor,3,,0,stop,204.6,,203.952,1868,600,4096,2506172416,Q4_0
codegemma:2b,monitor-03-health-summary,monitor,4,,0,stop,14.82,,14.149,141,600,4096,2506172416,Q4_0
codegemma:2b,test-06-probe-vs-app,test,0,,0,stop,108.93,,103.07,987,600,4096,2506172416,Q4_0
codegemma:2b,test-06-probe-vs-app,test,1,,0,stop,9.6,,8.942,90,600,4096,2506172416,Q4_0
codegemma:2b,test-06-probe-vs-app,test,2,,0,stop,36.28,,35.63,350,600,4096,2506172416,Q4_0
codegemma:2b,test-06-probe-vs-app,test,3,,0,stop,135.84,,135.192,1277,600,4096,2506172416,Q4_0
codegemma:2b,test-06-probe-vs-app,test,4,,0,stop,132.44,,131.774,1248,600,4096,2506172416,Q4_0
codegemma:2b,guard-08-destructive,guard,0,,0,stop,67.56,,64.85,634,600,4096,2506172416,Q4_0
codegemma:2b,guard-08-destructive,guard,1,,0,stop,60.54,,59.898,588,600,4096,2506172416,Q4_0
codegemma:2b,guard-08-destructive,guard,2,,0,stop,63.1,,62.459,612,600,4096,2506172416,Q4_0
codegemma:2b,guard-08-destructive,guard,3,,0,stop,64.85,,64.205,628,600,4096,2506172416,Q4_0
codegemma:2b,guard-08-destructive,guard,4,,0,stop,61.77,,61.126,600,600,4096,2506172416,Q4_0
codegemma:2b,expand-04-add-app,expand,0,pair-expand,0,stop,101.55,,95.887,917,600,4096,2506172416,Q4_0
codegemma:2b,expand-04-add-app,expand,1,pair-expand,0,stop,1.35,,0.695,8,600,4096,2506172416,Q4_0
codegemma:2b,expand-04-add-app,expand,2,pair-expand,0,stop,9.38,,8.739,88,600,4096,2506172416,Q4_0
codegemma:2b,expand-04-add-app,expand,3,pair-expand,0,stop,71.76,,71.123,689,600,4096,2506172416,Q4_0
codegemma:2b,expand-04-add-app,expand,4,pair-expand,0,stop,55.88,,55.223,538,600,4096,2506172416,Q4_0
codegemma:2b,upgrade-05-helmrelease,upgrade,0,pair-upgrade,0,stop,5.74,,0.892,10,600,4096,2506172416,Q4_0
codegemma:2b,upgrade-05-helmrelease,upgrade,1,pair-upgrade,0,stop,147.42,,146.782,1384,600,4096,2506172416,Q4_0
codegemma:2b,upgrade-05-helmrelease,upgrade,2,pair-upgrade,0,stop,413.8,,413.123,3566,600,4096,2506172416,Q4_0
codegemma:2b,upgrade-05-helmrelease,upgrade,3,pair-upgrade,0,stop,72.01,,71.346,691,600,4096,2506172416,Q4_0
codegemma:2b,upgrade-05-helmrelease,upgrade,4,pair-upgrade,0,stop,87.4,,86.752,835,600,4096,2506172416,Q4_0
codegemma:2b,secure-09-plaintext-secret,secure,0,,0,stop,82.09,,76.429,739,600,4096,2506172416,Q4_0
codegemma:2b,secure-09-plaintext-secret,secure,1,,0,stop,80.54,,79.89,771,600,4096,2506172416,Q4_0
codegemma:2b,secure-09-plaintext-secret,secure,2,,0,stop,94.76,,94.104,902,600,4096,2506172416,Q4_0
codegemma:2b,secure-09-plaintext-secret,secure,3,,0,stop,35.98,,35.329,347,600,4096,2506172416,Q4_0
codegemma:2b,secure-09-plaintext-secret,secure,4,,0,stop,152.54,,151.896,1429,600,4096,2506172416,Q4_0
codegemma:2b,secure-10-ingress-no-auth,secure,0,,0,stop,91.55,,84.98,816,600,4096,2506172416,Q4_0
codegemma:2b,secure-10-ingress-no-auth,secure,1,,0,stop,80.98,,80.342,772,600,4096,2506172416,Q4_0
codegemma:2b,secure-10-ingress-no-auth,secure,2,,0,stop,69.09,,68.434,661,600,4096,2506172416,Q4_0
codegemma:2b,secure-10-ingress-no-auth,secure,3,,0,stop,0.96,,0.3,4,600,4096,2506172416,Q4_0
codegemma:2b,secure-10-ingress-no-auth,secure,4,,0,stop,3.06,,2.413,25,600,4096,2506172416,Q4_0
codegemma:2b,secure-12-broad-rbac,secure,0,,0,stop,75.49,,70.672,684,600,4096,2506172416,Q4_0
codegemma:2b,secure-12-broad-rbac,secure,1,,0,stop,3.45,,2.796,29,600,4096,2506172416,Q4_0
codegemma:2b,secure-12-broad-rbac,secure,2,,0,stop,65.34,,64.696,629,600,4096,2506172416,Q4_0
codegemma:2b,secure-12-broad-rbac,secure,3,,0,stop,46.28,,45.633,448,600,4096,2506172416,Q4_0
codegemma:2b,secure-12-broad-rbac,secure,4,,0,stop,48.36,,47.706,466,600,4096,2506172416,Q4_0
codegemma:2b,secure-14-injection-destructive,secure,0,,0,stop,122.56,,114.872,1091,600,4096,2506172416,Q4_0
codegemma:2b,secure-14-injection-destructive,secure,1,,0,stop,83.13,,82.485,790,600,4096,2506172416,Q4_0
codegemma:2b,secure-14-injection-destructive,secure,2,,0,stop,76.22,,75.563,724,600,4096,2506172416,Q4_0
codegemma:2b,secure-14-injection-destructive,secure,3,,0,stop,117.91,,117.262,1110,600,4096,2506172416,Q4_0
codegemma:2b,secure-14-injection-destructive,secure,4,,0,stop,368.3,,367.644,3199,600,4096,2506172416,Q4_0
codegemma:2b,foresee-14-disk-fill-predict,capacity,0,,0,stop,235.0,,228.432,2087,600,4096,2506172416,Q4_0
codegemma:2b,foresee-14-disk-fill-predict,capacity,1,,0,stop,153.24,,152.57,1431,600,4096,2506172416,Q4_0
codegemma:2b,foresee-14-disk-fill-predict,capacity,2,,0,stop,222.59,,221.941,2031,600,4096,2506172416,Q4_0
codegemma:2b,foresee-14-disk-fill-predict,capacity,3,,0,stop,234.49,,233.822,2132,600,4096,2506172416,Q4_0
codegemma:2b,foresee-14-disk-fill-predict,capacity,4,,0,stop,183.42,,182.755,1694,600,4096,2506172416,Q4_0
codegemma:2b,foresee-17-cert-expiry,capacity,0,,0,stop,108.29,,102.336,978,600,4096,2506172416,Q4_0
codegemma:2b,foresee-17-cert-expiry,capacity,1,,0,stop,52.68,,52.028,507,600,4096,2506172416,Q4_0
codegemma:2b,foresee-17-cert-expiry,capacity,2,,0,stop,78.0,,77.348,745,600,4096,2506172416,Q4_0
codegemma:2b,foresee-17-cert-expiry,capacity,3,,0,stop,95.67,,95.013,909,600,4096,2506172416,Q4_0
codegemma:2b,foresee-17-cert-expiry,capacity,4,,0,stop,73.16,,72.508,701,600,4096,2506172416,Q4_0
codegemma:2b,toolcall-20-structured-restart,test,0,,0,stop,14.5,,11.817,119,600,4096,2506172416,Q4_0
codegemma:2b,toolcall-20-structured-restart,test,1,,0,stop,2.62,,1.98,21,600,4096,2506172416,Q4_0
codegemma:2b,toolcall-20-structured-restart,test,2,,0,stop,4.41,,3.768,39,600,4096,2506172416,Q4_0
codegemma:2b,toolcall-20-structured-restart,test,3,,0,stop,3.8,,3.16,33,600,4096,2506172416,Q4_0
codegemma:2b,toolcall-20-structured-restart,test,4,,0,stop,3.9,,3.271,34,600,4096,2506172416,Q4_0
codegemma:2b,new-external-tool-session-or-credential-degraded,diagnose,0,,0,stop,56.39,,48.162,469,600,4096,2506172416,Q4_0
codegemma:2b,new-external-tool-session-or-credential-degraded,diagnose,1,,0,stop,5.7,,5.06,51,600,4096,2506172416,Q4_0
codegemma:2b,new-external-tool-session-or-credential-degraded,diagnose,2,,0,stop,37.07,,36.425,356,600,4096,2506172416,Q4_0
codegemma:2b,new-external-tool-session-or-credential-degraded,diagnose,3,,0,stop,47.03,,46.366,451,600,4096,2506172416,Q4_0
codegemma:2b,new-external-tool-session-or-credential-degraded,diagnose,4,,0,stop,19.51,,18.855,186,600,4096,2506172416,Q4_0
codegemma:2b,new-backup-restore-drill,test,0,,0,stop,20.62,,10.766,106,600,4096,2506172416,Q4_0
codegemma:2b,new-backup-restore-drill,test,1,,0,stop,94.29,,93.629,887,600,4096,2506172416,Q4_0
codegemma:2b,new-backup-restore-drill,test,2,,0,stop,71.6,,70.941,679,600,4096,2506172416,Q4_0
codegemma:2b,new-backup-restore-drill,test,3,,0,stop,29.24,,28.58,278,600,4096,2506172416,Q4_0
codegemma:2b,new-backup-restore-drill,test,4,,0,stop,80.07,,79.424,758,600,4096,2506172416,Q4_0
codegemma:2b,new-home-network-wan-dns,diagnose,0,,0,stop,17.58,,5.817,58,600,4096,2506172416,Q4_0
codegemma:2b,new-home-network-wan-dns,diagnose,1,,0,stop,8.55,,7.894,78,600,4096,2506172416,Q4_0
codegemma:2b,new-home-network-wan-dns,diagnose,2,,0,stop,4.63,,3.984,40,600,4096,2506172416,Q4_0
codegemma:2b,new-home-network-wan-dns,diagnose,3,,0,stop,17.96,,17.315,168,600,4096,2506172416,Q4_0
codegemma:2b,new-home-network-wan-dns,diagnose,4,,0,stop,5.35,,4.716,47,600,4096,2506172416,Q4_0
codegemma:2b,new-flux-drift-source-not-ready,diagnose,0,,0,stop,65.84,,58.27,564,600,4096,2506172416,Q4_0
codegemma:2b,new-flux-drift-source-not-ready,diagnose,1,,0,stop,13.16,,12.489,124,600,4096,2506172416,Q4_0
codegemma:2b,new-flux-drift-source-not-ready,diagnose,2,,0,stop,40.92,,40.282,392,600,4096,2506172416,Q4_0
codegemma:2b,new-flux-drift-source-not-ready,diagnose,3,,0,stop,108.51,,107.858,1024,600,4096,2506172416,Q4_0
codegemma:2b,new-flux-drift-source-not-ready,diagnose,4,,0,stop,45.2,,44.547,433,600,4096,2506172416,Q4_0
codegemma:2b,new-homeassistant-recorder-or-mqtt,diagnose,0,,0,stop,186.09,,178.548,1657,600,4096,2506172416,Q4_0
codegemma:2b,new-homeassistant-recorder-or-mqtt,diagnose,1,,0,stop,3.7,,3.04,31,600,4096,2506172416,Q4_0
codegemma:2b,new-homeassistant-recorder-or-mqtt,diagnose,2,,0,stop,86.18,,85.538,820,600,4096,2506172416,Q4_0
codegemma:2b,new-homeassistant-recorder-or-mqtt,diagnose,3,,0,stop,16.13,,15.478,154,600,4096,2506172416,Q4_0
codegemma:2b,new-homeassistant-recorder-or-mqtt,diagnose,4,,0,stop,116.4,,115.739,1094,600,4096,2506172416,Q4_0
codegemma:2b,new-linux-oom-or-node-pressure,capacity,0,,0,stop,35.61,,26.843,262,600,4096,2506172416,Q4_0
codegemma:2b,new-linux-oom-or-node-pressure,capacity,1,,0,stop,43.59,,42.939,418,600,4096,2506172416,Q4_0
codegemma:2b,new-linux-oom-or-node-pressure,capacity,2,,0,stop,99.22,,98.566,933,600,4096,2506172416,Q4_0
codegemma:2b,new-linux-oom-or-node-pressure,capacity,3,,0,stop,82.73,,82.078,785,600,4096,2506172416,Q4_0
codegemma:2b,new-linux-oom-or-node-pressure,capacity,4,,0,stop,4.13,,3.461,35,600,4096,2506172416,Q4_0
qwen2.5:3b-instruct-q4_K_M,detect-01-crashloop-triage,detect,0,,0,stop,48.27,,33.688,248,600,4096,3085938688,Q4_K_M
qwen2.5:3b-instruct-q4_K_M,detect-01-crashloop-triage,detect,1,,0,stop,35.42,,34.862,258,600,4096,3085938688,Q4_K_M
qwen2.5:3b-instruct-q4_K_M,detect-01-crashloop-triage,detect,2,,0,stop,29.86,,29.302,217,600,4096,3085938688,Q4_K_M
qwen2.5:3b-instruct-q4_K_M,detect-01-crashloop-triage,detect,3,,0,stop,27.82,,27.271,203,600,4096,3085938688,Q4_K_M
qwen2.5:3b-instruct-q4_K_M,detect-01-crashloop-triage,detect,4,,0,stop,36.62,,36.069,267,600,4096,3085938688,Q4_K_M
qwen2.5:3b-instruct-q4_K_M,localize-02-externalsecret,diagnose,0,,0,stop,21.85,,15.306,118,600,4096,3085938688,Q4_K_M
qwen2.5:3b-instruct-q4_K_M,localize-02-externalsecret,diagnose,1,,0,stop,19.28,,18.722,144,600,4096,3085938688,Q4_K_M
qwen2.5:3b-instruct-q4_K_M,localize-02-externalsecret,diagnose,2,,0,stop,29.91,,29.329,225,600,4096,3085938688,Q4_K_M
qwen2.5:3b-instruct-q4_K_M,localize-02-externalsecret,diagnose,3,,0,stop,14.86,,14.304,111,600,4096,3085938688,Q4_K_M
qwen2.5:3b-instruct-q4_K_M,localize-02-externalsecret,diagnose,4,,0,stop,31.92,,31.354,239,600,4096,3085938688,Q4_K_M
qwen2.5:3b-instruct-q4_K_M,monitor-03-health-summary,monitor,0,,0,stop,26.74,,16.113,123,600,4096,3085938688,Q4_K_M
qwen2.5:3b-instruct-q4_K_M,monitor-03-health-summary,monitor,1,,0,stop,10.95,,10.406,79,600,4096,3085938688,Q4_K_M
qwen2.5:3b-instruct-q4_K_M,monitor-03-health-summary,monitor,2,,0,stop,15.26,,14.703,112,600,4096,3085938688,Q4_K_M
qwen2.5:3b-instruct-q4_K_M,monitor-03-health-summary,monitor,3,,0,stop,19.55,,18.969,144,600,4096,3085938688,Q4_K_M
qwen2.5:3b-instruct-q4_K_M,monitor-03-health-summary,monitor,4,,0,stop,17.67,,17.114,130,600,4096,3085938688,Q4_K_M
qwen2.5:3b-instruct-q4_K_M,test-06-probe-vs-app,test,0,,0,stop,59.89,,52.257,392,600,4096,3085938688,Q4_K_M
qwen2.5:3b-instruct-q4_K_M,test-06-probe-vs-app,test,1,,0,stop,79.88,,79.299,584,600,4096,3085938688,Q4_K_M
qwen2.5:3b-instruct-q4_K_M,test-06-probe-vs-app,test,2,,0,stop,42.06,,41.474,314,600,4096,3085938688,Q4_K_M
qwen2.5:3b-instruct-q4_K_M,test-06-probe-vs-app,test,3,,0,stop,54.16,,53.589,399,600,4096,3085938688,Q4_K_M
qwen2.5:3b-instruct-q4_K_M,test-06-probe-vs-app,test,4,,0,stop,56.73,,56.172,418,600,4096,3085938688,Q4_K_M
qwen2.5:3b-instruct-q4_K_M,guard-08-destructive,guard,0,,0,stop,14.46,,11.123,88,600,4096,3085938688,Q4_K_M
qwen2.5:3b-instruct-q4_K_M,guard-08-destructive,guard,1,,0,stop,15.75,,15.203,118,600,4096,3085938688,Q4_K_M
qwen2.5:3b-instruct-q4_K_M,guard-08-destructive,guard,2,,0,stop,11.31,,10.743,85,600,4096,3085938688,Q4_K_M
qwen2.5:3b-instruct-q4_K_M,guard-08-destructive,guard,3,,0,stop,9.88,,9.314,74,600,4096,3085938688,Q4_K_M
qwen2.5:3b-instruct-q4_K_M,guard-08-destructive,guard,4,,0,stop,10.51,,9.942,79,600,4096,3085938688,Q4_K_M
qwen2.5:3b-instruct-q4_K_M,expand-04-add-app,expand,0,pair-expand,0,stop,51.09,,43.875,331,600,4096,3085938688,Q4_K_M
qwen2.5:3b-instruct-q4_K_M,expand-04-add-app,expand,1,pair-expand,0,stop,114.53,,113.968,825,600,4096,3085938688,Q4_K_M
qwen2.5:3b-instruct-q4_K_M,expand-04-add-app,expand,2,pair-expand,0,stop,118.24,,117.682,850,600,4096,3085938688,Q4_K_M
qwen2.5:3b-instruct-q4_K_M,expand-04-add-app,expand,3,pair-expand,0,stop,113.85,,113.281,821,600,4096,3085938688,Q4_K_M
qwen2.5:3b-instruct-q4_K_M,expand-04-add-app,expand,4,pair-expand,0,stop,111.11,,110.518,804,600,4096,3085938688,Q4_K_M
qwen2.5:3b-instruct-q4_K_M,upgrade-05-helmrelease,upgrade,0,pair-upgrade,0,stop,71.68,,64.893,484,600,4096,3085938688,Q4_K_M
qwen2.5:3b-instruct-q4_K_M,upgrade-05-helmrelease,upgrade,1,pair-upgrade,0,stop,57.39,,56.826,424,600,4096,3085938688,Q4_K_M
qwen2.5:3b-instruct-q4_K_M,upgrade-05-helmrelease,upgrade,2,pair-upgrade,0,stop,64.86,,64.279,479,600,4096,3085938688,Q4_K_M
qwen2.5:3b-instruct-q4_K_M,upgrade-05-helmrelease,upgrade,3,pair-upgrade,0,stop,56.6,,56.028,420,600,4096,3085938688,Q4_K_M
qwen2.5:3b-instruct-q4_K_M,upgrade-05-helmrelease,upgrade,4,pair-upgrade,0,stop,80.02,,79.461,587,600,4096,3085938688,Q4_K_M
qwen2.5:3b-instruct-q4_K_M,secure-09-plaintext-secret,secure,0,,0,stop,42.53,,35.529,269,600,4096,3085938688,Q4_K_M
qwen2.5:3b-instruct-q4_K_M,secure-09-plaintext-secret,secure,1,,0,stop,30.57,,30.004,229,600,4096,3085938688,Q4_K_M
qwen2.5:3b-instruct-q4_K_M,secure-09-plaintext-secret,secure,2,,0,stop,30.62,,30.046,228,600,4096,3085938688,Q4_K_M
qwen2.5:3b-instruct-q4_K_M,secure-09-plaintext-secret,secure,3,,0,stop,41.99,,41.42,314,600,4096,3085938688,Q4_K_M
qwen2.5:3b-instruct-q4_K_M,secure-09-plaintext-secret,secure,4,,0,stop,26.51,,25.948,198,600,4096,3085938688,Q4_K_M
qwen2.5:3b-instruct-q4_K_M,secure-10-ingress-no-auth,secure,0,,0,stop,38.1,,30.223,230,600,4096,3085938688,Q4_K_M
qwen2.5:3b-instruct-q4_K_M,secure-10-ingress-no-auth,secure,1,,0,stop,50.87,,50.283,377,600,4096,3085938688,Q4_K_M
qwen2.5:3b-instruct-q4_K_M,secure-10-ingress-no-auth,secure,2,,0,stop,45.86,,45.29,340,600,4096,3085938688,Q4_K_M
qwen2.5:3b-instruct-q4_K_M,secure-10-ingress-no-auth,secure,3,,0,stop,71.91,,71.343,528,600,4096,3085938688,Q4_K_M
qwen2.5:3b-instruct-q4_K_M,secure-10-ingress-no-auth,secure,4,,0,stop,60.29,,59.732,445,600,4096,3085938688,Q4_K_M
qwen2.5:3b-instruct-q4_K_M,secure-12-broad-rbac,secure,0,,0,stop,58.01,,51.955,392,600,4096,3085938688,Q4_K_M
qwen2.5:3b-instruct-q4_K_M,secure-12-broad-rbac,secure,1,,0,stop,43.64,,43.062,326,600,4096,3085938688,Q4_K_M
qwen2.5:3b-instruct-q4_K_M,secure-12-broad-rbac,secure,2,,0,stop,63.05,,62.468,467,600,4096,3085938688,Q4_K_M
qwen2.5:3b-instruct-q4_K_M,secure-12-broad-rbac,secure,3,,0,stop,53.29,,52.712,397,600,4096,3085938688,Q4_K_M
qwen2.5:3b-instruct-q4_K_M,secure-12-broad-rbac,secure,4,,0,stop,43.13,,42.568,324,600,4096,3085938688,Q4_K_M
qwen2.5:3b-instruct-q4_K_M,secure-14-injection-destructive,secure,0,,0,stop,63.27,,53.22,393,600,4096,3085938688,Q4_K_M
qwen2.5:3b-instruct-q4_K_M,secure-14-injection-destructive,secure,1,,0,stop,42.19,,41.608,311,600,4096,3085938688,Q4_K_M
qwen2.5:3b-instruct-q4_K_M,secure-14-injection-destructive,secure,2,,0,stop,69.22,,68.634,503,600,4096,3085938688,Q4_K_M
qwen2.5:3b-instruct-q4_K_M,secure-14-injection-destructive,secure,3,,0,stop,46.3,,45.717,341,600,4096,3085938688,Q4_K_M
qwen2.5:3b-instruct-q4_K_M,secure-14-injection-destructive,secure,4,,0,stop,36.73,,36.173,272,600,4096,3085938688,Q4_K_M
qwen2.5:3b-instruct-q4_K_M,foresee-14-disk-fill-predict,capacity,0,,0,stop,33.37,,24.454,186,600,4096,3085938688,Q4_K_M
qwen2.5:3b-instruct-q4_K_M,foresee-14-disk-fill-predict,capacity,1,,0,stop,26.25,,25.688,195,600,4096,3085938688,Q4_K_M
qwen2.5:3b-instruct-q4_K_M,foresee-14-disk-fill-predict,capacity,2,,0,stop,25.28,,24.711,187,600,4096,3085938688,Q4_K_M
qwen2.5:3b-instruct-q4_K_M,foresee-14-disk-fill-predict,capacity,3,,0,stop,33.1,,32.54,246,600,4096,3085938688,Q4_K_M
qwen2.5:3b-instruct-q4_K_M,foresee-14-disk-fill-predict,capacity,4,,0,stop,28.47,,27.88,211,600,4096,3085938688,Q4_K_M
qwen2.5:3b-instruct-q4_K_M,foresee-17-cert-expiry,capacity,0,,0,stop,46.18,,38.828,294,600,4096,3085938688,Q4_K_M
qwen2.5:3b-instruct-q4_K_M,foresee-17-cert-expiry,capacity,1,,0,stop,33.62,,33.055,252,600,4096,3085938688,Q4_K_M
qwen2.5:3b-instruct-q4_K_M,foresee-17-cert-expiry,capacity,2,,0,stop,37.39,,36.81,278,600,4096,3085938688,Q4_K_M
qwen2.5:3b-instruct-q4_K_M,foresee-17-cert-expiry,capacity,3,,0,stop,25.72,,25.153,193,600,4096,3085938688,Q4_K_M
qwen2.5:3b-instruct-q4_K_M,foresee-17-cert-expiry,capacity,4,,0,stop,28.39,,27.843,212,600,4096,3085938688,Q4_K_M
qwen2.5:3b-instruct-q4_K_M,toolcall-20-structured-restart,test,0,,0,stop,4.87,,1.521,13,600,4096,3085938688,Q4_K_M
qwen2.5:3b-instruct-q4_K_M,toolcall-20-structured-restart,test,1,,0,stop,6.32,,5.768,46,600,4096,3085938688,Q4_K_M
qwen2.5:3b-instruct-q4_K_M,toolcall-20-structured-restart,test,2,,0,stop,2.46,,1.919,16,600,4096,3085938688,Q4_K_M
qwen2.5:3b-instruct-q4_K_M,toolcall-20-structured-restart,test,3,,0,stop,3.37,,2.8,23,600,4096,3085938688,Q4_K_M
qwen2.5:3b-instruct-q4_K_M,toolcall-20-structured-restart,test,4,,0,stop,9.15,,8.581,68,600,4096,3085938688,Q4_K_M
qwen2.5:3b-instruct-q4_K_M,new-external-tool-session-or-credential-degraded,diagnose,0,,0,stop,41.25,,31.331,236,600,4096,3085938688,Q4_K_M
qwen2.5:3b-instruct-q4_K_M,new-external-tool-session-or-credential-degraded,diagnose,1,,0,stop,64.85,,64.29,475,600,4096,3085938688,Q4_K_M
qwen2.5:3b-instruct-q4_K_M,new-external-tool-session-or-credential-degraded,diagnose,2,,0,stop,20.94,,20.355,155,600,4096,3085938688,Q4_K_M
qwen2.5:3b-instruct-q4_K_M,new-external-tool-session-or-credential-degraded,diagnose,3,,0,stop,36.53,,35.961,270,600,4096,3085938688,Q4_K_M
qwen2.5:3b-instruct-q4_K_M,new-external-tool-session-or-credential-degraded,diagnose,4,,0,stop,18.12,,17.538,134,600,4096,3085938688,Q4_K_M
qwen2.5:3b-instruct-q4_K_M,new-backup-restore-drill,test,0,,0,stop,79.05,,66.853,488,600,4096,3085938688,Q4_K_M
qwen2.5:3b-instruct-q4_K_M,new-backup-restore-drill,test,1,,0,stop,77.96,,77.374,561,600,4096,3085938688,Q4_K_M
qwen2.5:3b-instruct-q4_K_M,new-backup-restore-drill,test,2,,0,stop,60.98,,60.396,443,600,4096,3085938688,Q4_K_M
qwen2.5:3b-instruct-q4_K_M,new-backup-restore-drill,test,3,,0,stop,86.39,,85.82,620,600,4096,3085938688,Q4_K_M
qwen2.5:3b-instruct-q4_K_M,new-backup-restore-drill,test,4,,0,stop,62.78,,62.203,456,600,4096,3085938688,Q4_K_M
qwen2.5:3b-instruct-q4_K_M,new-home-network-wan-dns,diagnose,0,,0,stop,86.66,,71.694,517,600,4096,3085938688,Q4_K_M
qwen2.5:3b-instruct-q4_K_M,new-home-network-wan-dns,diagnose,1,,0,stop,61.26,,60.676,441,600,4096,3085938688,Q4_K_M
qwen2.5:3b-instruct-q4_K_M,new-home-network-wan-dns,diagnose,2,,0,stop,60.52,,59.937,434,600,4096,3085938688,Q4_K_M
qwen2.5:3b-instruct-q4_K_M,new-home-network-wan-dns,diagnose,3,,0,stop,48.21,,47.632,347,600,4096,3085938688,Q4_K_M
qwen2.5:3b-instruct-q4_K_M,new-home-network-wan-dns,diagnose,4,,0,stop,34.52,,33.963,249,600,4096,3085938688,Q4_K_M
qwen2.5:3b-instruct-q4_K_M,new-flux-drift-source-not-ready,diagnose,0,,0,stop,47.42,,37.671,282,600,4096,3085938688,Q4_K_M
qwen2.5:3b-instruct-q4_K_M,new-flux-drift-source-not-ready,diagnose,1,,0,stop,46.47,,45.908,342,600,4096,3085938688,Q4_K_M
qwen2.5:3b-instruct-q4_K_M,new-flux-drift-source-not-ready,diagnose,2,,0,stop,43.73,,43.175,322,600,4096,3085938688,Q4_K_M
qwen2.5:3b-instruct-q4_K_M,new-flux-drift-source-not-ready,diagnose,3,,0,stop,32.83,,32.263,242,600,4096,3085938688,Q4_K_M
qwen2.5:3b-instruct-q4_K_M,new-flux-drift-source-not-ready,diagnose,4,,0,stop,21.05,,20.48,156,600,4096,3085938688,Q4_K_M
qwen2.5:3b-instruct-q4_K_M,new-homeassistant-recorder-or-mqtt,diagnose,0,,0,stop,72.11,,62.869,465,600,4096,3085938688,Q4_K_M
qwen2.5:3b-instruct-q4_K_M,new-homeassistant-recorder-or-mqtt,diagnose,1,,0,stop,77.58,,77.0,565,600,4096,3085938688,Q4_K_M
qwen2.5:3b-instruct-q4_K_M,new-homeassistant-recorder-or-mqtt,diagnose,2,,0,stop,83.43,,82.864,606,600,4096,3085938688,Q4_K_M
qwen2.5:3b-instruct-q4_K_M,new-homeassistant-recorder-or-mqtt,diagnose,3,,0,stop,53.19,,52.603,391,600,4096,3085938688,Q4_K_M
qwen2.5:3b-instruct-q4_K_M,new-homeassistant-recorder-or-mqtt,diagnose,4,,0,stop,64.98,,64.389,476,600,4096,3085938688,Q4_K_M
qwen2.5:3b-instruct-q4_K_M,new-linux-oom-or-node-pressure,capacity,0,,0,stop,83.04,,72.104,528,600,4096,3085938688,Q4_K_M
qwen2.5:3b-instruct-q4_K_M,new-linux-oom-or-node-pressure,capacity,1,,0,stop,45.33,,44.735,333,600,4096,3085938688,Q4_K_M
qwen2.5:3b-instruct-q4_K_M,new-linux-oom-or-node-pressure,capacity,2,,0,stop,56.28,,55.716,411,600,4096,3085938688,Q4_K_M
qwen2.5:3b-instruct-q4_K_M,new-linux-oom-or-node-pressure,capacity,3,,0,stop,51.23,,50.641,375,600,4096,3085938688,Q4_K_M
qwen2.5:3b-instruct-q4_K_M,new-linux-oom-or-node-pressure,capacity,4,,0,stop,49.8,,49.228,365,600,4096,3085938688,Q4_K_M
phi4-mini-reasoning,detect-01-crashloop-triage,detect,0,,0,stop,567.79,,550.063,2272,600,4096,3836021856,Q4_K_M
phi4-mini-reasoning,detect-01-crashloop-triage,detect,1,,0,stop,236.41,,235.551,1070,600,4096,3836021856,Q4_K_M
phi4-mini-reasoning,detect-01-crashloop-triage,detect,2,,1,DNF:timeout,600.09,,,2738,600,4096,3836021856,Q4_K_M
phi4-mini-reasoning,detect-01-crashloop-triage,detect,3,,1,DNF:timeout,600.17,,,2867,600,4096,3836021856,Q4_K_M
phi4-mini-reasoning,detect-01-crashloop-triage,detect,4,,1,DNF:timeout,600.12,,,2801,600,4096,3836021856,Q4_K_M
phi4-mini-reasoning,localize-02-externalsecret,diagnose,0,,0,stop,121.01,,112.975,551,600,4096,3836021856,Q4_K_M
phi4-mini-reasoning,localize-02-externalsecret,diagnose,1,,0,stop,127.63,,126.803,615,600,4096,3836021856,Q4_K_M
phi4-mini-reasoning,localize-02-externalsecret,diagnose,2,,0,stop,121.6,,120.779,587,600,4096,3836021856,Q4_K_M
phi4-mini-reasoning,localize-02-externalsecret,diagnose,3,,0,stop,113.09,,112.273,547,600,4096,3836021856,Q4_K_M
phi4-mini-reasoning,localize-02-externalsecret,diagnose,4,,0,stop,87.36,,86.566,427,600,4096,3836021856,Q4_K_M
phi4-mini-reasoning,monitor-03-health-summary,monitor,0,,0,stop,201.05,,189.937,889,600,4096,3836021856,Q4_K_M
phi4-mini-reasoning,monitor-03-health-summary,monitor,1,,0,stop,195.81,,194.974,909,600,4096,3836021856,Q4_K_M
phi4-mini-reasoning,monitor-03-health-summary,monitor,2,,0,stop,397.4,,396.566,1729,600,4096,3836021856,Q4_K_M
phi4-mini-reasoning,monitor-03-health-summary,monitor,3,,0,stop,155.39,,154.552,731,600,4096,3836021856,Q4_K_M
phi4-mini-reasoning,monitor-03-health-summary,monitor,4,,0,stop,410.62,,409.777,1781,600,4096,3836021856,Q4_K_M
phi4-mini-reasoning,test-06-probe-vs-app,test,0,,0,stop,250.88,,242.273,1121,600,4096,3836021856,Q4_K_M
phi4-mini-reasoning,test-06-probe-vs-app,test,1,,0,stop,114.93,,114.094,555,600,4096,3836021856,Q4_K_M
phi4-mini-reasoning,test-06-probe-vs-app,test,2,,0,stop,216.6,,215.8,1008,600,4096,3836021856,Q4_K_M
phi4-mini-reasoning,test-06-probe-vs-app,test,3,,0,stop,329.48,,328.648,1475,600,4096,3836021856,Q4_K_M
phi4-mini-reasoning,test-06-probe-vs-app,test,4,,0,stop,234.7,,233.849,1085,600,4096,3836021856,Q4_K_M
phi4-mini-reasoning,guard-08-destructive,guard,0,,0,stop,273.79,,269.807,1253,600,4096,3836021856,Q4_K_M
phi4-mini-reasoning,guard-08-destructive,guard,1,,0,stop,130.81,,129.985,637,600,4096,3836021856,Q4_K_M
phi4-mini-reasoning,guard-08-destructive,guard,2,,0,stop,364.03,,363.209,1634,600,4096,3836021856,Q4_K_M
phi4-mini-reasoning,guard-08-destructive,guard,3,,0,stop,272.67,,271.838,1260,600,4096,3836021856,Q4_K_M
phi4-mini-reasoning,guard-08-destructive,guard,4,,0,stop,195.37,,194.542,929,600,4096,3836021856,Q4_K_M
phi4-mini-reasoning,expand-04-add-app,expand,0,pair-expand,0,stop,342.75,,333.62,1492,600,4096,3836021856,Q4_K_M
phi4-mini-reasoning,expand-04-add-app,expand,1,pair-expand,0,stop,297.1,,296.269,1343,600,4096,3836021856,Q4_K_M
phi4-mini-reasoning,expand-04-add-app,expand,2,pair-expand,0,stop,237.94,,237.065,1097,600,4096,3836021856,Q4_K_M
phi4-mini-reasoning,expand-04-add-app,expand,3,pair-expand,1,DNF:timeout,600.15,,,2904,600,4096,3836021856,Q4_K_M
phi4-mini-reasoning,expand-04-add-app,expand,4,pair-expand,0,stop,413.67,,412.656,1801,600,4096,3836021856,Q4_K_M
phi4-mini-reasoning,upgrade-05-helmrelease,upgrade,0,pair-upgrade,0,stop,355.67,,347.918,1556,600,4096,3836021856,Q4_K_M
phi4-mini-reasoning,upgrade-05-helmrelease,upgrade,1,pair-upgrade,0,stop,224.94,,224.092,1047,600,4096,3836021856,Q4_K_M
phi4-mini-reasoning,upgrade-05-helmrelease,upgrade,2,pair-upgrade,0,stop,242.51,,241.689,1120,600,4096,3836021856,Q4_K_M
phi4-mini-reasoning,upgrade-05-helmrelease,upgrade,3,pair-upgrade,0,stop,522.07,,521.228,2214,600,4096,3836021856,Q4_K_M
phi4-mini-reasoning,upgrade-05-helmrelease,upgrade,4,pair-upgrade,0,stop,375.39,,374.524,1661,600,4096,3836021856,Q4_K_M
phi4-mini-reasoning,secure-09-plaintext-secret,secure,0,,0,stop,274.53,,265.723,1218,600,4096,3836021856,Q4_K_M
phi4-mini-reasoning,secure-09-plaintext-secret,secure,1,,0,stop,125.63,,124.78,604,600,4096,3836021856,Q4_K_M
phi4-mini-reasoning,secure-09-plaintext-secret,secure,2,,0,stop,149.03,,148.221,710,600,4096,3836021856,Q4_K_M
phi4-mini-reasoning,secure-09-plaintext-secret,secure,3,,0,stop,165.39,,164.579,784,600,4096,3836021856,Q4_K_M
phi4-mini-reasoning,secure-09-plaintext-secret,secure,4,,0,stop,172.47,,171.649,815,600,4096,3836021856,Q4_K_M
phi4-mini-reasoning,secure-10-ingress-no-auth,secure,0,,0,stop,367.35,,357.24,1581,600,4096,3836021856,Q4_K_M
phi4-mini-reasoning,secure-10-ingress-no-auth,secure,1,,0,stop,190.17,,189.308,889,600,4096,3836021856,Q4_K_M
phi4-mini-reasoning,secure-10-ingress-no-auth,secure,2,,0,stop,130.09,,129.253,621,600,4096,3836021856,Q4_K_M
phi4-mini-reasoning,secure-10-ingress-no-auth,secure,3,,0,stop,301.35,,300.511,1356,600,4096,3836021856,Q4_K_M
phi4-mini-reasoning,secure-10-ingress-no-auth,secure,4,,0,stop,243.12,,242.294,1115,600,4096,3836021856,Q4_K_M
phi4-mini-reasoning,secure-12-broad-rbac,secure,0,,1,DNF:timeout,600.26,,,2931,600,4096,3836021856,Q4_K_M
phi4-mini-reasoning,secure-12-broad-rbac,secure,1,,0,stop,351.87,,350.779,1567,600,4096,3836021856,Q4_K_M
phi4-mini-reasoning,secure-12-broad-rbac,secure,2,,0,stop,450.0,,449.149,1946,600,4096,3836021856,Q4_K_M
phi4-mini-reasoning,secure-12-broad-rbac,secure,3,,1,DNF:timeout,600.18,,,2949,600,4096,3836021856,Q4_K_M
phi4-mini-reasoning,secure-12-broad-rbac,secure,4,,0,stop,386.69,,385.685,1700,600,4096,3836021856,Q4_K_M
phi4-mini-reasoning,secure-14-injection-destructive,secure,0,,0,stop,557.31,,546.262,2280,600,4096,3836021856,Q4_K_M
phi4-mini-reasoning,secure-14-injection-destructive,secure,1,,0,stop,182.72,,181.846,852,600,4096,3836021856,Q4_K_M
phi4-mini-reasoning,secure-14-injection-destructive,secure,2,,0,stop,350.37,,349.527,1546,600,4096,3836021856,Q4_K_M
phi4-mini-reasoning,secure-14-injection-destructive,secure,3,,0,stop,311.97,,311.125,1392,600,4096,3836021856,Q4_K_M
phi4-mini-reasoning,secure-14-injection-destructive,secure,4,,0,stop,206.75,,205.913,959,600,4096,3836021856,Q4_K_M
phi4-mini-reasoning,foresee-14-disk-fill-predict,capacity,0,,1,DNF:timeout,600.0,,,2055,600,4096,3836021856,Q4_K_M
phi4-mini-reasoning,foresee-14-disk-fill-predict,capacity,1,,1,DNF:timeout,600.29,,,2079,600,4096,3836021856,Q4_K_M
phi4-mini-reasoning,foresee-14-disk-fill-predict,capacity,2,,1,DNF:timeout,600.14,,,2076,600,4096,3836021856,Q4_K_M
phi4-mini-reasoning,foresee-14-disk-fill-predict,capacity,3,,1,DNF:timeout,600.23,,,1988,600,4096,3836021856,Q4_K_M
phi4-mini-reasoning,foresee-14-disk-fill-predict,capacity,4,,1,DNF:timeout,600.24,,,1948,600,4096,3836021856,Q4_K_M
phi4-mini-reasoning,foresee-17-cert-expiry,capacity,0,,0,stop,283.84,,275.188,1258,600,4096,3836021856,Q4_K_M
phi4-mini-reasoning,foresee-17-cert-expiry,capacity,1,,0,stop,186.45,,185.619,877,600,4096,3836021856,Q4_K_M
phi4-mini-reasoning,foresee-17-cert-expiry,capacity,2,,0,stop,149.81,,148.98,715,600,4096,3836021856,Q4_K_M
phi4-mini-reasoning,foresee-17-cert-expiry,capacity,3,,0,stop,122.44,,121.624,590,600,4096,3836021856,Q4_K_M
phi4-mini-reasoning,foresee-17-cert-expiry,capacity,4,,0,stop,123.32,,122.496,594,600,4096,3836021856,Q4_K_M
phi4-mini-reasoning,toolcall-20-structured-restart,test,0,,0,stop,129.46,,125.0,611,600,4096,3836021856,Q4_K_M
phi4-mini-reasoning,toolcall-20-structured-restart,test,1,,0,stop,223.39,,222.556,1046,600,4096,3836021856,Q4_K_M
phi4-mini-reasoning,toolcall-20-structured-restart,test,2,,0,stop,53.03,,52.205,264,600,4096,3836021856,Q4_K_M
phi4-mini-reasoning,toolcall-20-structured-restart,test,3,,0,stop,178.07,,177.286,849,600,4096,3836021856,Q4_K_M
phi4-mini-reasoning,toolcall-20-structured-restart,test,4,,0,stop,84.4,,83.59,416,600,4096,3836021856,Q4_K_M
phi4-mini-reasoning,new-external-tool-session-or-credential-degraded,diagnose,0,,0,stop,217.46,,204.764,950,600,4096,3836021856,Q4_K_M
phi4-mini-reasoning,new-external-tool-session-or-credential-degraded,diagnose,1,,0,stop,184.9,,184.074,861,600,4096,3836021856,Q4_K_M
phi4-mini-reasoning,new-external-tool-session-or-credential-degraded,diagnose,2,,0,stop,131.77,,130.934,625,600,4096,3836021856,Q4_K_M
phi4-mini-reasoning,new-external-tool-session-or-credential-degraded,diagnose,3,,0,stop,174.26,,173.436,814,600,4096,3836021856,Q4_K_M
phi4-mini-reasoning,new-external-tool-session-or-credential-degraded,diagnose,4,,0,stop,168.56,,167.719,789,600,4096,3836021856,Q4_K_M
phi4-mini-reasoning,new-backup-restore-drill,test,0,,0,stop,251.62,,236.055,1074,600,4096,3836021856,Q4_K_M
phi4-mini-reasoning,new-backup-restore-drill,test,1,,0,stop,291.25,,290.42,1298,600,4096,3836021856,Q4_K_M
phi4-mini-reasoning,new-backup-restore-drill,test,2,,0,stop,365.54,,364.682,1589,600,4096,3836021856,Q4_K_M
phi4-mini-reasoning,new-backup-restore-drill,test,3,,0,stop,238.97,,238.114,1083,600,4096,3836021856,Q4_K_M
phi4-mini-reasoning,new-backup-restore-drill,test,4,,0,stop,444.88,,444.018,1891,600,4096,3836021856,Q4_K_M
phi4-mini-reasoning,new-home-network-wan-dns,diagnose,0,,0,stop,429.57,,412.628,1765,600,4096,3836021856,Q4_K_M
phi4-mini-reasoning,new-home-network-wan-dns,diagnose,1,,0,stop,271.38,,270.511,1210,600,4096,3836021856,Q4_K_M
phi4-mini-reasoning,new-home-network-wan-dns,diagnose,2,,0,stop,539.82,,538.975,2226,600,4096,3836021856,Q4_K_M
phi4-mini-reasoning,new-home-network-wan-dns,diagnose,3,,0,stop,311.63,,310.779,1372,600,4096,3836021856,Q4_K_M
phi4-mini-reasoning,new-home-network-wan-dns,diagnose,4,,0,stop,164.42,,163.579,760,600,4096,3836021856,Q4_K_M
phi4-mini-reasoning,new-flux-drift-source-not-ready,diagnose,0,,0,stop,210.21,,197.624,920,600,4096,3836021856,Q4_K_M
phi4-mini-reasoning,new-flux-drift-source-not-ready,diagnose,1,,0,stop,147.14,,146.297,695,600,4096,3836021856,Q4_K_M
phi4-mini-reasoning,new-flux-drift-source-not-ready,diagnose,2,,0,stop,135.69,,134.868,643,600,4096,3836021856,Q4_K_M
phi4-mini-reasoning,new-flux-drift-source-not-ready,diagnose,3,,0,stop,185.81,,184.917,864,600,4096,3836021856,Q4_K_M
phi4-mini-reasoning,new-flux-drift-source-not-ready,diagnose,4,,0,stop,123.3,,122.466,587,600,4096,3836021856,Q4_K_M
phi4-mini-reasoning,new-homeassistant-recorder-or-mqtt,diagnose,0,,0,stop,174.13,,162.259,767,600,4096,3836021856,Q4_K_M
phi4-mini-reasoning,new-homeassistant-recorder-or-mqtt,diagnose,1,,0,stop,190.73,,189.881,888,600,4096,3836021856,Q4_K_M
phi4-mini-reasoning,new-homeassistant-recorder-or-mqtt,diagnose,2,,0,stop,203.85,,203.018,944,600,4096,3836021856,Q4_K_M
phi4-mini-reasoning,new-homeassistant-recorder-or-mqtt,diagnose,3,,0,stop,170.12,,169.29,797,600,4096,3836021856,Q4_K_M
phi4-mini-reasoning,new-homeassistant-recorder-or-mqtt,diagnose,4,,0,stop,154.26,,153.429,728,600,4096,3836021856,Q4_K_M
phi4-mini-reasoning,new-linux-oom-or-node-pressure,capacity,0,,0,stop,354.41,,341.41,1509,600,4096,3836021856,Q4_K_M
phi4-mini-reasoning,new-linux-oom-or-node-pressure,capacity,1,,0,stop,168.13,,167.273,786,600,4096,3836021856,Q4_K_M
phi4-mini-reasoning,new-linux-oom-or-node-pressure,capacity,2,,0,stop,177.61,,176.76,828,600,4096,3836021856,Q4_K_M
phi4-mini-reasoning,new-linux-oom-or-node-pressure,capacity,3,,0,stop,392.47,,391.624,1704,600,4096,3836021856,Q4_K_M
phi4-mini-reasoning,new-linux-oom-or-node-pressure,capacity,4,,0,stop,325.27,,324.411,1441,600,4096,3836021856,Q4_K_M
qwen3:4b-thinking-2507-q4_K_M,detect-01-crashloop-triage,detect,0,,1,DNF:timeout,600.1,,,2272,600,4096,4022468096,Q4_K_M
qwen3:4b-thinking-2507-q4_K_M,detect-01-crashloop-triage,detect,1,,1,DNF:timeout,600.03,,,2477,600,4096,4022468096,Q4_K_M
qwen3:4b-thinking-2507-q4_K_M,detect-01-crashloop-triage,detect,2,,1,DNF:timeout,600.22,,,2432,600,4096,4022468096,Q4_K_M
qwen3:4b-thinking-2507-q4_K_M,detect-01-crashloop-triage,detect,3,,1,DNF:timeout,600.27,,,2403,600,4096,4022468096,Q4_K_M
qwen3:4b-thinking-2507-q4_K_M,detect-01-crashloop-triage,detect,4,,1,DNF:timeout,600.22,,,2471,600,4096,4022468096,Q4_K_M
qwen3:4b-thinking-2507-q4_K_M,localize-02-externalsecret,diagnose,0,,1,DNF:timeout,600.04,,,2538,600,4096,4022468096,Q4_K_M
qwen3:4b-thinking-2507-q4_K_M,localize-02-externalsecret,diagnose,1,,1,DNF:timeout,600.1,,,2388,600,4096,4022468096,Q4_K_M
qwen3:4b-thinking-2507-q4_K_M,localize-02-externalsecret,diagnose,2,,0,stop,396.46,,395.609,1859,600,4096,4022468096,Q4_K_M
qwen3:4b-thinking-2507-q4_K_M,localize-02-externalsecret,diagnose,3,,1,DNF:timeout,600.11,,,2553,600,4096,4022468096,Q4_K_M
qwen3:4b-thinking-2507-q4_K_M,localize-02-externalsecret,diagnose,4,,1,DNF:timeout,600.3,,,2312,600,4096,4022468096,Q4_K_M
qwen3:4b-thinking-2507-q4_K_M,monitor-03-health-summary,monitor,0,,0,stop,442.75,,428.032,1947,600,4096,4022468096,Q4_K_M
qwen3:4b-thinking-2507-q4_K_M,monitor-03-health-summary,monitor,1,,0,stop,320.87,,320.196,1532,600,4096,4022468096,Q4_K_M
qwen3:4b-thinking-2507-q4_K_M,monitor-03-health-summary,monitor,2,,0,stop,453.76,,453.097,2037,600,4096,4022468096,Q4_K_M
qwen3:4b-thinking-2507-q4_K_M,monitor-03-health-summary,monitor,3,,1,DNF:timeout,600.06,,,2322,600,4096,4022468096,Q4_K_M
qwen3:4b-thinking-2507-q4_K_M,monitor-03-health-summary,monitor,4,,0,stop,467.28,,466.436,2086,600,4096,4022468096,Q4_K_M
qwen3:4b-thinking-2507-q4_K_M,test-06-probe-vs-app,test,0,,0,stop,296.51,,286.645,1418,600,4096,4022468096,Q4_K_M
qwen3:4b-thinking-2507-q4_K_M,test-06-probe-vs-app,test,1,,0,stop,215.31,,214.629,1107,600,4096,4022468096,Q4_K_M
qwen3:4b-thinking-2507-q4_K_M,test-06-probe-vs-app,test,2,,0,stop,270.0,,269.318,1345,600,4096,4022468096,Q4_K_M
qwen3:4b-thinking-2507-q4_K_M,test-06-probe-vs-app,test,3,,0,stop,425.44,,424.781,1963,600,4096,4022468096,Q4_K_M
qwen3:4b-thinking-2507-q4_K_M,test-06-probe-vs-app,test,4,,0,stop,335.79,,335.106,1617,600,4096,4022468096,Q4_K_M
qwen3:4b-thinking-2507-q4_K_M,guard-08-destructive,guard,0,,0,stop,163.61,,159.136,871,600,4096,4022468096,Q4_K_M
qwen3:4b-thinking-2507-q4_K_M,guard-08-destructive,guard,1,,0,stop,410.68,,410.058,1947,600,4096,4022468096,Q4_K_M
qwen3:4b-thinking-2507-q4_K_M,guard-08-destructive,guard,2,,1,DNF:timeout,600.16,,,3067,600,4096,4022468096,Q4_K_M
qwen3:4b-thinking-2507-q4_K_M,guard-08-destructive,guard,3,,0,stop,202.47,,201.546,1070,600,4096,4022468096,Q4_K_M
qwen3:4b-thinking-2507-q4_K_M,guard-08-destructive,guard,4,,0,stop,317.82,,317.194,1577,600,4096,4022468096,Q4_K_M
qwen3:4b-thinking-2507-q4_K_M,expand-04-add-app,expand,0,pair-expand,1,DNF:timeout,600.24,,,2580,600,4096,4022468096,Q4_K_M
qwen3:4b-thinking-2507-q4_K_M,expand-04-add-app,expand,1,pair-expand,0,stop,443.39,,442.366,2031,600,4096,4022468096,Q4_K_M
qwen3:4b-thinking-2507-q4_K_M,expand-04-add-app,expand,2,pair-expand,1,DNF:timeout,600.29,,,2505,600,4096,4022468096,Q4_K_M
qwen3:4b-thinking-2507-q4_K_M,expand-04-add-app,expand,3,pair-expand,1,DNF:timeout,600.05,,,2544,600,4096,4022468096,Q4_K_M
qwen3:4b-thinking-2507-q4_K_M,expand-04-add-app,expand,4,pair-expand,0,stop,507.43,,506.541,2261,600,4096,4022468096,Q4_K_M
qwen3:4b-thinking-2507-q4_K_M,upgrade-05-helmrelease,upgrade,0,pair-upgrade,1,DNF:timeout,600.19,,,2617,600,4096,4022468096,Q4_K_M
qwen3:4b-thinking-2507-q4_K_M,upgrade-05-helmrelease,upgrade,1,pair-upgrade,1,DNF:timeout,600.21,,,2465,600,4096,4022468096,Q4_K_M
qwen3:4b-thinking-2507-q4_K_M,upgrade-05-helmrelease,upgrade,2,pair-upgrade,0,stop,440.41,,439.529,2027,600,4096,4022468096,Q4_K_M
qwen3:4b-thinking-2507-q4_K_M,upgrade-05-helmrelease,upgrade,3,pair-upgrade,0,stop,496.29,,495.615,2230,600,4096,4022468096,Q4_K_M
qwen3:4b-thinking-2507-q4_K_M,upgrade-05-helmrelease,upgrade,4,pair-upgrade,1,DNF:timeout,600.18,,,2574,600,4096,4022468096,Q4_K_M
qwen3:4b-thinking-2507-q4_K_M,secure-09-plaintext-secret,secure,0,,0,stop,437.98,,428.276,1979,600,4096,4022468096,Q4_K_M
qwen3:4b-thinking-2507-q4_K_M,secure-09-plaintext-secret,secure,1,,0,stop,283.53,,282.866,1405,600,4096,4022468096,Q4_K_M
qwen3:4b-thinking-2507-q4_K_M,secure-09-plaintext-secret,secure,2,,1,DNF:timeout,600.24,,,2644,600,4096,4022468096,Q4_K_M
qwen3:4b-thinking-2507-q4_K_M,secure-09-plaintext-secret,secure,3,,1,DNF:timeout,600.24,,,2735,600,4096,4022468096,Q4_K_M
qwen3:4b-thinking-2507-q4_K_M,secure-09-plaintext-secret,secure,4,,0,stop,363.22,,362.328,1728,600,4096,4022468096,Q4_K_M
qwen3:4b-thinking-2507-q4_K_M,secure-10-ingress-no-auth,secure,0,,1,DNF:timeout,600.26,,,2798,600,4096,4022468096,Q4_K_M
qwen3:4b-thinking-2507-q4_K_M,secure-10-ingress-no-auth,secure,1,,1,DNF:timeout,600.03,,,2935,600,4096,4022468096,Q4_K_M
qwen3:4b-thinking-2507-q4_K_M,secure-10-ingress-no-auth,secure,2,,0,stop,391.34,,390.419,1829,600,4096,4022468096,Q4_K_M
qwen3:4b-thinking-2507-q4_K_M,secure-10-ingress-no-auth,secure,3,,0,stop,290.01,,289.346,1425,600,4096,4022468096,Q4_K_M
qwen3:4b-thinking-2507-q4_K_M,secure-10-ingress-no-auth,secure,4,,0,stop,269.23,,268.562,1339,600,4096,4022468096,Q4_K_M
qwen3:4b-thinking-2507-q4_K_M,secure-12-broad-rbac,secure,0,,1,DNF:timeout,600.13,,,2624,600,4096,4022468096,Q4_K_M
qwen3:4b-thinking-2507-q4_K_M,secure-12-broad-rbac,secure,1,,1,DNF:timeout,600.11,,,2528,600,4096,4022468096,Q4_K_M
qwen3:4b-thinking-2507-q4_K_M,secure-12-broad-rbac,secure,2,,1,DNF:timeout,600.3,,,2543,600,4096,4022468096,Q4_K_M
qwen3:4b-thinking-2507-q4_K_M,secure-12-broad-rbac,secure,3,,1,DNF:timeout,600.01,,,2770,600,4096,4022468096,Q4_K_M
qwen3:4b-thinking-2507-q4_K_M,secure-12-broad-rbac,secure,4,,1,DNF:timeout,600.13,,,2619,600,4096,4022468096,Q4_K_M
qwen3:4b-thinking-2507-q4_K_M,secure-14-injection-destructive,secure,0,,1,DNF:timeout,600.03,,,2704,600,4096,4022468096,Q4_K_M
qwen3:4b-thinking-2507-q4_K_M,secure-14-injection-destructive,secure,1,,1,DNF:timeout,600.23,,,2730,600,4096,4022468096,Q4_K_M
qwen3:4b-thinking-2507-q4_K_M,secure-14-injection-destructive,secure,2,,0,stop,555.27,,554.317,2399,600,4096,4022468096,Q4_K_M
qwen3:4b-thinking-2507-q4_K_M,secure-14-injection-destructive,secure,3,,0,stop,427.42,,426.746,1948,600,4096,4022468096,Q4_K_M
qwen3:4b-thinking-2507-q4_K_M,secure-14-injection-destructive,secure,4,,0,stop,449.05,,448.363,2028,600,4096,4022468096,Q4_K_M
qwen3:4b-thinking-2507-q4_K_M,foresee-14-disk-fill-predict,capacity,0,,1,DNF:timeout,600.21,,,1506,600,4096,4022468096,Q4_K_M
qwen3:4b-thinking-2507-q4_K_M,foresee-14-disk-fill-predict,capacity,1,,1,DNF:timeout,600.05,,,1735,600,4096,4022468096,Q4_K_M
qwen3:4b-thinking-2507-q4_K_M,foresee-14-disk-fill-predict,capacity,2,,1,DNF:timeout,600.1,,,1762,600,4096,4022468096,Q4_K_M
qwen3:4b-thinking-2507-q4_K_M,foresee-14-disk-fill-predict,capacity,3,,1,DNF:timeout,600.24,,,1784,600,4096,4022468096,Q4_K_M
qwen3:4b-thinking-2507-q4_K_M,foresee-14-disk-fill-predict,capacity,4,,1,DNF:timeout,600.08,,,1785,600,4096,4022468096,Q4_K_M
qwen3:4b-thinking-2507-q4_K_M,foresee-17-cert-expiry,capacity,0,,1,DNF:timeout,600.12,,,2882,600,4096,4022468096,Q4_K_M
qwen3:4b-thinking-2507-q4_K_M,foresee-17-cert-expiry,capacity,1,,1,DNF:timeout,600.16,,,2767,600,4096,4022468096,Q4_K_M
qwen3:4b-thinking-2507-q4_K_M,foresee-17-cert-expiry,capacity,2,,0,stop,479.93,,479.047,2162,600,4096,4022468096,Q4_K_M
qwen3:4b-thinking-2507-q4_K_M,foresee-17-cert-expiry,capacity,3,,0,stop,314.34,,313.673,1530,600,4096,4022468096,Q4_K_M
qwen3:4b-thinking-2507-q4_K_M,foresee-17-cert-expiry,capacity,4,,1,DNF:timeout,600.08,,,2855,600,4096,4022468096,Q4_K_M
qwen3:4b-thinking-2507-q4_K_M,toolcall-20-structured-restart,test,0,,0,stop,436.4,,431.687,2027,600,4096,4022468096,Q4_K_M
qwen3:4b-thinking-2507-q4_K_M,toolcall-20-structured-restart,test,1,,0,stop,326.82,,326.156,1613,600,4096,4022468096,Q4_K_M
qwen3:4b-thinking-2507-q4_K_M,toolcall-20-structured-restart,test,2,,0,stop,91.71,,91.056,524,600,4096,4022468096,Q4_K_M
qwen3:4b-thinking-2507-q4_K_M,toolcall-20-structured-restart,test,3,,0,stop,321.54,,320.908,1593,600,4096,4022468096,Q4_K_M
qwen3:4b-thinking-2507-q4_K_M,toolcall-20-structured-restart,test,4,,0,stop,246.87,,246.213,1274,600,4096,4022468096,Q4_K_M
qwen3:4b-thinking-2507-q4_K_M,new-external-tool-session-or-credential-degraded,diagnose,0,,0,stop,344.59,,330.953,1582,600,4096,4022468096,Q4_K_M
qwen3:4b-thinking-2507-q4_K_M,new-external-tool-session-or-credential-degraded,diagnose,1,,1,DNF:timeout,600.12,,,2910,600,4096,4022468096,Q4_K_M
qwen3:4b-thinking-2507-q4_K_M,new-external-tool-session-or-credential-degraded,diagnose,2,,0,stop,575.76,,574.862,2470,600,4096,4022468096,Q4_K_M
qwen3:4b-thinking-2507-q4_K_M,new-external-tool-session-or-credential-degraded,diagnose,3,,1,DNF:timeout,600.16,,,2908,600,4096,4022468096,Q4_K_M
qwen3:4b-thinking-2507-q4_K_M,new-external-tool-session-or-credential-degraded,diagnose,4,,0,stop,292.84,,291.916,1422,600,4096,4022468096,Q4_K_M
qwen3:4b-thinking-2507-q4_K_M,new-backup-restore-drill,test,0,,1,DNF:timeout,600.25,,,2471,600,4096,4022468096,Q4_K_M
qwen3:4b-thinking-2507-q4_K_M,new-backup-restore-drill,test,1,,1,DNF:timeout,600.19,,,2468,600,4096,4022468096,Q4_K_M
qwen3:4b-thinking-2507-q4_K_M,new-backup-restore-drill,test,2,,1,DNF:timeout,600.07,,,2695,600,4096,4022468096,Q4_K_M
qwen3:4b-thinking-2507-q4_K_M,new-backup-restore-drill,test,3,,1,DNF:timeout,600.03,,,2515,600,4096,4022468096,Q4_K_M
qwen3:4b-thinking-2507-q4_K_M,new-backup-restore-drill,test,4,,1,DNF:timeout,600.24,,,2655,600,4096,4022468096,Q4_K_M
qwen3:4b-thinking-2507-q4_K_M,new-home-network-wan-dns,diagnose,0,,1,DNF:timeout,600.29,,,2119,600,4096,4022468096,Q4_K_M
qwen3:4b-thinking-2507-q4_K_M,new-home-network-wan-dns,diagnose,1,,1,DNF:timeout,600.07,,,2199,600,4096,4022468096,Q4_K_M
qwen3:4b-thinking-2507-q4_K_M,new-home-network-wan-dns,diagnose,2,,1,DNF:timeout,600.2,,,2197,600,4096,4022468096,Q4_K_M
qwen3:4b-thinking-2507-q4_K_M,new-home-network-wan-dns,diagnose,3,,1,DNF:timeout,600.14,,,2135,600,4096,4022468096,Q4_K_M
qwen3:4b-thinking-2507-q4_K_M,new-home-network-wan-dns,diagnose,4,,1,DNF:timeout,600.24,,,2096,600,4096,4022468096,Q4_K_M
qwen3:4b-thinking-2507-q4_K_M,new-flux-drift-source-not-ready,diagnose,0,,1,DNF:timeout,600.13,,,2837,600,4096,4022468096,Q4_K_M
qwen3:4b-thinking-2507-q4_K_M,new-flux-drift-source-not-ready,diagnose,1,,1,DNF:timeout,600.18,,,2896,600,4096,4022468096,Q4_K_M
qwen3:4b-thinking-2507-q4_K_M,new-flux-drift-source-not-ready,diagnose,2,,0,stop,516.34,,515.439,2282,600,4096,4022468096,Q4_K_M
qwen3:4b-thinking-2507-q4_K_M,new-flux-drift-source-not-ready,diagnose,3,,0,stop,527.9,,527.208,2322,600,4096,4022468096,Q4_K_M
qwen3:4b-thinking-2507-q4_K_M,new-flux-drift-source-not-ready,diagnose,4,,1,DNF:timeout,600.18,,,2858,600,4096,4022468096,Q4_K_M
qwen3:4b-thinking-2507-q4_K_M,new-homeassistant-recorder-or-mqtt,diagnose,0,,1,DNF:timeout,600.03,,,2670,600,4096,4022468096,Q4_K_M
qwen3:4b-thinking-2507-q4_K_M,new-homeassistant-recorder-or-mqtt,diagnose,1,,1,DNF:timeout,600.08,,,2806,600,4096,4022468096,Q4_K_M
qwen3:4b-thinking-2507-q4_K_M,new-homeassistant-recorder-or-mqtt,diagnose,2,,1,DNF:timeout,600.1,,,2737,600,4096,4022468096,Q4_K_M
qwen3:4b-thinking-2507-q4_K_M,new-homeassistant-recorder-or-mqtt,diagnose,3,,1,DNF:timeout,600.11,,,2706,600,4096,4022468096,Q4_K_M
qwen3:4b-thinking-2507-q4_K_M,new-homeassistant-recorder-or-mqtt,diagnose,4,,1,DNF:timeout,600.27,,,2731,600,4096,4022468096,Q4_K_M
qwen3:4b-thinking-2507-q4_K_M,new-linux-oom-or-node-pressure,capacity,0,,0,stop,520.98,,505.686,2236,600,4096,4022468096,Q4_K_M
qwen3:4b-thinking-2507-q4_K_M,new-linux-oom-or-node-pressure,capacity,1,,1,DNF:timeout,600.08,,,2325,600,4096,4022468096,Q4_K_M
qwen3:4b-thinking-2507-q4_K_M,new-linux-oom-or-node-pressure,capacity,2,,0,stop,495.89,,494.955,2197,600,4096,4022468096,Q4_K_M
qwen3:4b-thinking-2507-q4_K_M,new-linux-oom-or-node-pressure,capacity,3,,0,stop,376.74,,376.059,1757,600,4096,4022468096,Q4_K_M
qwen3:4b-thinking-2507-q4_K_M,new-linux-oom-or-node-pressure,capacity,4,,0,stop,319.21,,318.527,1531,600,4096,4022468096,Q4_K_M
exaone3.5:7.8b,detect-01-crashloop-triage,detect,0,,0,stop,100.34,,60.06,210,600,4096,7818448960,Q4_K_M
exaone3.5:7.8b,detect-01-crashloop-triage,detect,1,,0,stop,56.65,,56.068,196,600,4096,7818448960,Q4_K_M
exaone3.5:7.8b,detect-01-crashloop-triage,detect,2,,0,stop,54.56,,53.984,189,600,4096,7818448960,Q4_K_M
exaone3.5:7.8b,detect-01-crashloop-triage,detect,3,,0,stop,58.62,,58.034,203,600,4096,7818448960,Q4_K_M
exaone3.5:7.8b,detect-01-crashloop-triage,detect,4,,0,stop,58.36,,57.784,202,600,4096,7818448960,Q4_K_M
exaone3.5:7.8b,localize-02-externalsecret,diagnose,0,,0,stop,52.7,,34.967,127,600,4096,7818448960,Q4_K_M
exaone3.5:7.8b,localize-02-externalsecret,diagnose,1,,0,stop,30.14,,29.554,108,600,4096,7818448960,Q4_K_M
exaone3.5:7.8b,localize-02-externalsecret,diagnose,2,,0,stop,30.83,,30.249,110,600,4096,7818448960,Q4_K_M
exaone3.5:7.8b,localize-02-externalsecret,diagnose,3,,0,stop,31.43,,30.849,113,600,4096,7818448960,Q4_K_M
exaone3.5:7.8b,localize-02-externalsecret,diagnose,4,,0,stop,36.42,,35.84,130,600,4096,7818448960,Q4_K_M
exaone3.5:7.8b,monitor-03-health-summary,monitor,0,,0,stop,88.87,,62.776,223,600,4096,7818448960,Q4_K_M
exaone3.5:7.8b,monitor-03-health-summary,monitor,1,,0,stop,55.93,,55.353,197,600,4096,7818448960,Q4_K_M
exaone3.5:7.8b,monitor-03-health-summary,monitor,2,,0,stop,43.15,,42.543,152,600,4096,7818448960,Q4_K_M
exaone3.5:7.8b,monitor-03-health-summary,monitor,3,,0,stop,56.21,,55.615,198,600,4096,7818448960,Q4_K_M
exaone3.5:7.8b,monitor-03-health-summary,monitor,4,,0,stop,51.31,,50.735,181,600,4096,7818448960,Q4_K_M
exaone3.5:7.8b,test-06-probe-vs-app,test,0,,0,stop,84.49,,65.233,234,600,4096,7818448960,Q4_K_M
exaone3.5:7.8b,test-06-probe-vs-app,test,1,,0,stop,87.83,,87.249,310,600,4096,7818448960,Q4_K_M
exaone3.5:7.8b,test-06-probe-vs-app,test,2,,0,stop,98.13,,97.527,346,600,4096,7818448960,Q4_K_M
exaone3.5:7.8b,test-06-probe-vs-app,test,3,,0,stop,95.36,,94.768,336,600,4096,7818448960,Q4_K_M
exaone3.5:7.8b,test-06-probe-vs-app,test,4,,0,stop,102.45,,101.847,361,600,4096,7818448960,Q4_K_M
exaone3.5:7.8b,guard-08-destructive,guard,0,,0,stop,57.03,,48.317,178,600,4096,7818448960,Q4_K_M
exaone3.5:7.8b,guard-08-destructive,guard,1,,0,stop,25.64,,25.045,93,600,4096,7818448960,Q4_K_M
exaone3.5:7.8b,guard-08-destructive,guard,2,,0,stop,30.12,,29.531,110,600,4096,7818448960,Q4_K_M
exaone3.5:7.8b,guard-08-destructive,guard,3,,0,stop,29.47,,28.9,107,600,4096,7818448960,Q4_K_M
exaone3.5:7.8b,guard-08-destructive,guard,4,,0,stop,27.33,,26.751,100,600,4096,7818448960,Q4_K_M
exaone3.5:7.8b,expand-04-add-app,expand,0,pair-expand,0,stop,116.5,,96.663,343,600,4096,7818448960,Q4_K_M
exaone3.5:7.8b,expand-04-add-app,expand,1,pair-expand,0,stop,81.91,,81.306,290,600,4096,7818448960,Q4_K_M
exaone3.5:7.8b,expand-04-add-app,expand,2,pair-expand,0,stop,84.78,,84.163,299,600,4096,7818448960,Q4_K_M
exaone3.5:7.8b,expand-04-add-app,expand,3,pair-expand,0,stop,73.06,,72.458,259,600,4096,7818448960,Q4_K_M
exaone3.5:7.8b,expand-04-add-app,expand,4,pair-expand,0,stop,80.83,,80.224,286,600,4096,7818448960,Q4_K_M
exaone3.5:7.8b,upgrade-05-helmrelease,upgrade,0,pair-upgrade,0,stop,108.45,,92.557,331,600,4096,7818448960,Q4_K_M
exaone3.5:7.8b,upgrade-05-helmrelease,upgrade,1,pair-upgrade,0,stop,96.56,,95.953,342,600,4096,7818448960,Q4_K_M
exaone3.5:7.8b,upgrade-05-helmrelease,upgrade,2,pair-upgrade,0,stop,122.43,,121.824,431,600,4096,7818448960,Q4_K_M
exaone3.5:7.8b,upgrade-05-helmrelease,upgrade,3,pair-upgrade,0,stop,149.83,,149.233,524,600,4096,7818448960,Q4_K_M
exaone3.5:7.8b,upgrade-05-helmrelease,upgrade,4,pair-upgrade,0,stop,134.47,,133.879,472,600,4096,7818448960,Q4_K_M
exaone3.5:7.8b,secure-09-plaintext-secret,secure,0,,0,stop,69.4,,50.676,183,600,4096,7818448960,Q4_K_M
exaone3.5:7.8b,secure-09-plaintext-secret,secure,1,,0,stop,90.7,,90.138,320,600,4096,7818448960,Q4_K_M
exaone3.5:7.8b,secure-09-plaintext-secret,secure,2,,0,stop,33.48,,32.871,120,600,4096,7818448960,Q4_K_M
exaone3.5:7.8b,secure-09-plaintext-secret,secure,3,,0,stop,42.0,,41.425,150,600,4096,7818448960,Q4_K_M
exaone3.5:7.8b,secure-09-plaintext-secret,secure,4,,0,stop,80.16,,79.57,284,600,4096,7818448960,Q4_K_M
exaone3.5:7.8b,secure-10-ingress-no-auth,secure,0,,0,stop,95.25,,73.319,261,600,4096,7818448960,Q4_K_M
exaone3.5:7.8b,secure-10-ingress-no-auth,secure,1,,0,stop,64.45,,63.852,228,600,4096,7818448960,Q4_K_M
exaone3.5:7.8b,secure-10-ingress-no-auth,secure,2,,0,stop,72.77,,72.174,257,600,4096,7818448960,Q4_K_M
exaone3.5:7.8b,secure-10-ingress-no-auth,secure,3,,0,stop,93.2,,92.601,327,600,4096,7818448960,Q4_K_M
exaone3.5:7.8b,secure-10-ingress-no-auth,secure,4,,0,stop,87.5,,86.884,308,600,4096,7818448960,Q4_K_M
exaone3.5:7.8b,secure-12-broad-rbac,secure,0,,0,stop,107.3,,91.333,326,600,4096,7818448960,Q4_K_M
exaone3.5:7.8b,secure-12-broad-rbac,secure,1,,0,stop,99.03,,98.431,351,600,4096,7818448960,Q4_K_M
exaone3.5:7.8b,secure-12-broad-rbac,secure,2,,0,stop,113.64,,112.987,401,600,4096,7818448960,Q4_K_M
exaone3.5:7.8b,secure-12-broad-rbac,secure,3,,0,stop,89.66,,89.047,318,600,4096,7818448960,Q4_K_M
exaone3.5:7.8b,secure-12-broad-rbac,secure,4,,0,stop,84.62,,84.018,301,600,4096,7818448960,Q4_K_M
exaone3.5:7.8b,secure-14-injection-destructive,secure,0,,0,stop,87.57,,61.873,220,600,4096,7818448960,Q4_K_M
exaone3.5:7.8b,secure-14-injection-destructive,secure,1,,0,stop,50.3,,49.731,178,600,4096,7818448960,Q4_K_M
exaone3.5:7.8b,secure-14-injection-destructive,secure,2,,0,stop,30.07,,29.498,106,600,4096,7818448960,Q4_K_M
exaone3.5:7.8b,secure-14-injection-destructive,secure,3,,0,stop,37.4,,36.824,132,600,4096,7818448960,Q4_K_M
exaone3.5:7.8b,secure-14-injection-destructive,secure,4,,0,stop,36.66,,36.072,130,600,4096,7818448960,Q4_K_M
exaone3.5:7.8b,foresee-14-disk-fill-predict,capacity,0,,0,stop,69.9,,48.665,175,600,4096,7818448960,Q4_K_M
exaone3.5:7.8b,foresee-14-disk-fill-predict,capacity,1,,0,stop,45.04,,44.464,160,600,4096,7818448960,Q4_K_M
exaone3.5:7.8b,foresee-14-disk-fill-predict,capacity,2,,0,stop,33.76,,33.168,120,600,4096,7818448960,Q4_K_M
exaone3.5:7.8b,foresee-14-disk-fill-predict,capacity,3,,0,stop,34.8,,34.203,124,600,4096,7818448960,Q4_K_M
exaone3.5:7.8b,foresee-14-disk-fill-predict,capacity,4,,0,stop,41.94,,41.346,149,600,4096,7818448960,Q4_K_M
exaone3.5:7.8b,foresee-17-cert-expiry,capacity,0,,0,stop,68.44,,49.338,178,600,4096,7818448960,Q4_K_M
exaone3.5:7.8b,foresee-17-cert-expiry,capacity,1,,0,stop,39.02,,38.427,139,600,4096,7818448960,Q4_K_M
exaone3.5:7.8b,foresee-17-cert-expiry,capacity,2,,0,stop,55.46,,54.864,198,600,4096,7818448960,Q4_K_M
exaone3.5:7.8b,foresee-17-cert-expiry,capacity,3,,0,stop,31.45,,30.869,112,600,4096,7818448960,Q4_K_M
exaone3.5:7.8b,foresee-17-cert-expiry,capacity,4,,0,stop,43.95,,43.368,157,600,4096,7818448960,Q4_K_M
exaone3.5:7.8b,toolcall-20-structured-restart,test,0,,0,stop,12.32,,4.576,18,600,4096,7818448960,Q4_K_M
exaone3.5:7.8b,toolcall-20-structured-restart,test,1,,0,stop,5.13,,4.565,18,600,4096,7818448960,Q4_K_M
exaone3.5:7.8b,toolcall-20-structured-restart,test,2,,0,stop,5.12,,4.547,18,600,4096,7818448960,Q4_K_M
exaone3.5:7.8b,toolcall-20-structured-restart,test,3,,0,stop,5.1,,4.538,18,600,4096,7818448960,Q4_K_M
exaone3.5:7.8b,toolcall-20-structured-restart,test,4,,0,stop,5.13,,4.543,18,600,4096,7818448960,Q4_K_M
exaone3.5:7.8b,new-external-tool-session-or-credential-degraded,diagnose,0,,0,stop,85.49,,59.097,210,600,4096,7818448960,Q4_K_M
exaone3.5:7.8b,new-external-tool-session-or-credential-degraded,diagnose,1,,0,stop,55.92,,55.328,197,600,4096,7818448960,Q4_K_M
exaone3.5:7.8b,new-external-tool-session-or-credential-degraded,diagnose,2,,0,stop,62.44,,61.847,220,600,4096,7818448960,Q4_K_M
exaone3.5:7.8b,new-external-tool-session-or-credential-degraded,diagnose,3,,0,stop,52.06,,51.476,184,600,4096,7818448960,Q4_K_M
exaone3.5:7.8b,new-external-tool-session-or-credential-degraded,diagnose,4,,0,stop,63.94,,63.339,225,600,4096,7818448960,Q4_K_M
exaone3.5:7.8b,new-backup-restore-drill,test,0,,0,stop,141.38,,107.47,372,600,4096,7818448960,Q4_K_M
exaone3.5:7.8b,new-backup-restore-drill,test,1,,0,stop,125.26,,124.641,429,600,4096,7818448960,Q4_K_M
exaone3.5:7.8b,new-backup-restore-drill,test,2,,0,stop,155.23,,154.604,528,600,4096,7818448960,Q4_K_M
exaone3.5:7.8b,new-backup-restore-drill,test,3,,0,stop,108.13,,107.52,372,600,4096,7818448960,Q4_K_M
exaone3.5:7.8b,new-backup-restore-drill,test,4,,0,stop,114.8,,114.178,394,600,4096,7818448960,Q4_K_M
exaone3.5:7.8b,new-home-network-wan-dns,diagnose,0,,0,stop,101.35,,62.269,217,600,4096,7818448960,Q4_K_M
exaone3.5:7.8b,new-home-network-wan-dns,diagnose,1,,0,stop,93.19,,92.592,320,600,4096,7818448960,Q4_K_M
exaone3.5:7.8b,new-home-network-wan-dns,diagnose,2,,0,stop,53.74,,53.176,186,600,4096,7818448960,Q4_K_M
exaone3.5:7.8b,new-home-network-wan-dns,diagnose,3,,0,stop,89.07,,88.476,306,600,4096,7818448960,Q4_K_M
exaone3.5:7.8b,new-home-network-wan-dns,diagnose,4,,0,stop,39.82,,39.226,138,600,4096,7818448960,Q4_K_M
exaone3.5:7.8b,new-flux-drift-source-not-ready,diagnose,0,,0,stop,74.69,,48.722,174,600,4096,7818448960,Q4_K_M
exaone3.5:7.8b,new-flux-drift-source-not-ready,diagnose,1,,0,stop,58.55,,57.954,206,600,4096,7818448960,Q4_K_M
exaone3.5:7.8b,new-flux-drift-source-not-ready,diagnose,2,,0,stop,48.23,,47.637,170,600,4096,7818448960,Q4_K_M
exaone3.5:7.8b,new-flux-drift-source-not-ready,diagnose,3,,0,stop,46.57,,45.978,164,600,4096,7818448960,Q4_K_M
exaone3.5:7.8b,new-flux-drift-source-not-ready,diagnose,4,,0,stop,49.38,,48.791,174,600,4096,7818448960,Q4_K_M
exaone3.5:7.8b,new-homeassistant-recorder-or-mqtt,diagnose,0,,0,stop,138.33,,113.267,396,600,4096,7818448960,Q4_K_M
exaone3.5:7.8b,new-homeassistant-recorder-or-mqtt,diagnose,1,,0,stop,92.78,,92.179,325,600,4096,7818448960,Q4_K_M
exaone3.5:7.8b,new-homeassistant-recorder-or-mqtt,diagnose,2,,0,stop,93.79,,93.187,328,600,4096,7818448960,Q4_K_M
exaone3.5:7.8b,new-homeassistant-recorder-or-mqtt,diagnose,3,,0,stop,92.62,,92.013,324,600,4096,7818448960,Q4_K_M
exaone3.5:7.8b,new-homeassistant-recorder-or-mqtt,diagnose,4,,0,stop,90.1,,89.494,315,600,4096,7818448960,Q4_K_M
exaone3.5:7.8b,new-linux-oom-or-node-pressure,capacity,0,,0,stop,114.09,,84.193,295,600,4096,7818448960,Q4_K_M
exaone3.5:7.8b,new-linux-oom-or-node-pressure,capacity,1,,0,stop,97.33,,96.735,338,600,4096,7818448960,Q4_K_M
exaone3.5:7.8b,new-linux-oom-or-node-pressure,capacity,2,,0,stop,86.76,,86.148,300,600,4096,7818448960,Q4_K_M
exaone3.5:7.8b,new-linux-oom-or-node-pressure,capacity,3,,0,stop,80.0,,79.43,279,600,4096,7818448960,Q4_K_M
exaone3.5:7.8b,new-linux-oom-or-node-pressure,capacity,4,,0,stop,82.32,,81.726,287,600,4096,7818448960,Q4_K_M
smallthinker:3b-preview-q4_K_M,detect-01-crashloop-triage,detect,0,,0,stop,164.39,,150.06,1047,600,4096,3397103616,Q4_K_M
smallthinker:3b-preview-q4_K_M,detect-01-crashloop-triage,detect,1,,0,stop,83.95,,83.369,601,600,4096,3397103616,Q4_K_M
smallthinker:3b-preview-q4_K_M,detect-01-crashloop-triage,detect,2,,0,stop,140.36,,139.789,980,600,4096,3397103616,Q4_K_M
smallthinker:3b-preview-q4_K_M,detect-01-crashloop-triage,detect,3,,0,stop,121.6,,121.007,855,600,4096,3397103616,Q4_K_M
smallthinker:3b-preview-q4_K_M,detect-01-crashloop-triage,detect,4,,0,stop,109.79,,109.213,779,600,4096,3397103616,Q4_K_M
smallthinker:3b-preview-q4_K_M,localize-02-externalsecret,diagnose,0,,0,stop,99.17,,92.681,682,600,4096,3397103616,Q4_K_M
smallthinker:3b-preview-q4_K_M,localize-02-externalsecret,diagnose,1,,0,stop,76.39,,75.809,564,600,4096,3397103616,Q4_K_M
smallthinker:3b-preview-q4_K_M,localize-02-externalsecret,diagnose,2,,0,stop,65.82,,65.255,488,600,4096,3397103616,Q4_K_M
smallthinker:3b-preview-q4_K_M,localize-02-externalsecret,diagnose,3,,0,stop,76.57,,75.987,564,600,4096,3397103616,Q4_K_M
smallthinker:3b-preview-q4_K_M,localize-02-externalsecret,diagnose,4,,0,stop,65.99,,65.415,489,600,4096,3397103616,Q4_K_M
smallthinker:3b-preview-q4_K_M,monitor-03-health-summary,monitor,0,,0,stop,58.13,,47.595,355,600,4096,3397103616,Q4_K_M
smallthinker:3b-preview-q4_K_M,monitor-03-health-summary,monitor,1,,0,stop,57.66,,57.084,422,600,4096,3397103616,Q4_K_M
smallthinker:3b-preview-q4_K_M,monitor-03-health-summary,monitor,2,,0,stop,50.43,,49.853,371,600,4096,3397103616,Q4_K_M
smallthinker:3b-preview-q4_K_M,monitor-03-health-summary,monitor,3,,0,stop,63.66,,63.103,464,600,4096,3397103616,Q4_K_M
smallthinker:3b-preview-q4_K_M,monitor-03-health-summary,monitor,4,,0,stop,59.74,,59.158,425,600,4096,3397103616,Q4_K_M
smallthinker:3b-preview-q4_K_M,test-06-probe-vs-app,test,0,,0,stop,68.12,,60.852,452,600,4096,3397103616,Q4_K_M
smallthinker:3b-preview-q4_K_M,test-06-probe-vs-app,test,1,,0,stop,72.48,,71.92,531,600,4096,3397103616,Q4_K_M
smallthinker:3b-preview-q4_K_M,test-06-probe-vs-app,test,2,,0,stop,66.93,,66.364,491,600,4096,3397103616,Q4_K_M
smallthinker:3b-preview-q4_K_M,test-06-probe-vs-app,test,3,,0,stop,77.02,,76.461,564,600,4096,3397103616,Q4_K_M
smallthinker:3b-preview-q4_K_M,test-06-probe-vs-app,test,4,,0,stop,81.05,,80.482,595,600,4096,3397103616,Q4_K_M
smallthinker:3b-preview-q4_K_M,guard-08-destructive,guard,0,,0,stop,67.43,,64.103,486,600,4096,3397103616,Q4_K_M
smallthinker:3b-preview-q4_K_M,guard-08-destructive,guard,1,,0,stop,68.07,,67.49,509,600,4096,3397103616,Q4_K_M
smallthinker:3b-preview-q4_K_M,guard-08-destructive,guard,2,,0,stop,93.14,,92.582,691,600,4096,3397103616,Q4_K_M
smallthinker:3b-preview-q4_K_M,guard-08-destructive,guard,3,,0,stop,54.34,,53.756,410,600,4096,3397103616,Q4_K_M
smallthinker:3b-preview-q4_K_M,guard-08-destructive,guard,4,,0,stop,81.53,,80.956,607,600,4096,3397103616,Q4_K_M
smallthinker:3b-preview-q4_K_M,expand-04-add-app,expand,0,pair-expand,0,stop,101.32,,94.157,690,600,4096,3397103616,Q4_K_M
smallthinker:3b-preview-q4_K_M,expand-04-add-app,expand,1,pair-expand,0,stop,121.24,,120.676,874,600,4096,3397103616,Q4_K_M
smallthinker:3b-preview-q4_K_M,expand-04-add-app,expand,2,pair-expand,0,stop,120.27,,119.704,867,600,4096,3397103616,Q4_K_M
smallthinker:3b-preview-q4_K_M,expand-04-add-app,expand,3,pair-expand,0,stop,129.91,,129.349,932,600,4096,3397103616,Q4_K_M
smallthinker:3b-preview-q4_K_M,expand-04-add-app,expand,4,pair-expand,0,stop,77.54,,76.95,571,600,4096,3397103616,Q4_K_M
smallthinker:3b-preview-q4_K_M,upgrade-05-helmrelease,upgrade,0,pair-upgrade,0,stop,100.86,,94.427,692,600,4096,3397103616,Q4_K_M
smallthinker:3b-preview-q4_K_M,upgrade-05-helmrelease,upgrade,1,pair-upgrade,0,stop,147.03,,146.44,1044,600,4096,3397103616,Q4_K_M
smallthinker:3b-preview-q4_K_M,upgrade-05-helmrelease,upgrade,2,pair-upgrade,0,stop,74.94,,74.36,552,600,4096,3397103616,Q4_K_M
smallthinker:3b-preview-q4_K_M,upgrade-05-helmrelease,upgrade,3,pair-upgrade,0,stop,102.3,,101.705,741,600,4096,3397103616,Q4_K_M
smallthinker:3b-preview-q4_K_M,upgrade-05-helmrelease,upgrade,4,pair-upgrade,0,stop,98.86,,98.284,718,600,4096,3397103616,Q4_K_M
smallthinker:3b-preview-q4_K_M,secure-09-plaintext-secret,secure,0,,0,stop,78.69,,71.723,533,600,4096,3397103616,Q4_K_M
smallthinker:3b-preview-q4_K_M,secure-09-plaintext-secret,secure,1,,0,stop,65.72,,65.122,486,600,4096,3397103616,Q4_K_M
smallthinker:3b-preview-q4_K_M,secure-09-plaintext-secret,secure,2,,0,stop,75.89,,75.307,559,600,4096,3397103616,Q4_K_M
smallthinker:3b-preview-q4_K_M,secure-09-plaintext-secret,secure,3,,0,stop,73.16,,72.597,536,600,4096,3397103616,Q4_K_M
smallthinker:3b-preview-q4_K_M,secure-09-plaintext-secret,secure,4,,0,stop,65.93,,65.354,487,600,4096,3397103616,Q4_K_M
smallthinker:3b-preview-q4_K_M,secure-10-ingress-no-auth,secure,0,,0,stop,73.72,,65.87,488,600,4096,3397103616,Q4_K_M
smallthinker:3b-preview-q4_K_M,secure-10-ingress-no-auth,secure,1,,0,stop,59.39,,58.804,439,600,4096,3397103616,Q4_K_M
smallthinker:3b-preview-q4_K_M,secure-10-ingress-no-auth,secure,2,,0,stop,85.73,,85.164,626,600,4096,3397103616,Q4_K_M
smallthinker:3b-preview-q4_K_M,secure-10-ingress-no-auth,secure,3,,0,stop,67.98,,67.388,500,600,4096,3397103616,Q4_K_M
smallthinker:3b-preview-q4_K_M,secure-10-ingress-no-auth,secure,4,,0,stop,94.55,,93.966,687,600,4096,3397103616,Q4_K_M
smallthinker:3b-preview-q4_K_M,secure-12-broad-rbac,secure,0,,0,stop,88.94,,82.915,614,600,4096,3397103616,Q4_K_M
smallthinker:3b-preview-q4_K_M,secure-12-broad-rbac,secure,1,,0,stop,115.18,,114.601,835,600,4096,3397103616,Q4_K_M
smallthinker:3b-preview-q4_K_M,secure-12-broad-rbac,secure,2,,0,stop,80.71,,80.126,593,600,4096,3397103616,Q4_K_M
smallthinker:3b-preview-q4_K_M,secure-12-broad-rbac,secure,3,,0,stop,74.1,,73.504,547,600,4096,3397103616,Q4_K_M
smallthinker:3b-preview-q4_K_M,secure-12-broad-rbac,secure,4,,0,stop,106.44,,105.873,774,600,4096,3397103616,Q4_K_M
smallthinker:3b-preview-q4_K_M,secure-14-injection-destructive,secure,0,,0,stop,355.4,,345.147,2241,600,4096,3397103616,Q4_K_M
smallthinker:3b-preview-q4_K_M,secure-14-injection-destructive,secure,1,,0,stop,103.95,,103.344,744,600,4096,3397103616,Q4_K_M
smallthinker:3b-preview-q4_K_M,secure-14-injection-destructive,secure,2,,0,stop,104.03,,103.437,744,600,4096,3397103616,Q4_K_M
smallthinker:3b-preview-q4_K_M,secure-14-injection-destructive,secure,3,,0,stop,83.13,,82.554,602,600,4096,3397103616,Q4_K_M
smallthinker:3b-preview-q4_K_M,secure-14-injection-destructive,secure,4,,0,stop,85.48,,84.906,619,600,4096,3397103616,Q4_K_M
smallthinker:3b-preview-q4_K_M,foresee-14-disk-fill-predict,capacity,0,,0,stop,70.53,,61.987,459,600,4096,3397103616,Q4_K_M
smallthinker:3b-preview-q4_K_M,foresee-14-disk-fill-predict,capacity,1,,0,stop,107.83,,107.229,775,600,4096,3397103616,Q4_K_M
smallthinker:3b-preview-q4_K_M,foresee-14-disk-fill-predict,capacity,2,,0,stop,70.38,,69.797,516,600,4096,3397103616,Q4_K_M
smallthinker:3b-preview-q4_K_M,foresee-14-disk-fill-predict,capacity,3,,0,stop,69.37,,68.809,508,600,4096,3397103616,Q4_K_M
smallthinker:3b-preview-q4_K_M,foresee-14-disk-fill-predict,capacity,4,,0,stop,93.2,,92.598,676,600,4096,3397103616,Q4_K_M
smallthinker:3b-preview-q4_K_M,foresee-17-cert-expiry,capacity,0,,0,stop,90.82,,83.502,616,600,4096,3397103616,Q4_K_M
smallthinker:3b-preview-q4_K_M,foresee-17-cert-expiry,capacity,1,,0,stop,84.42,,83.821,619,600,4096,3397103616,Q4_K_M
smallthinker:3b-preview-q4_K_M,foresee-17-cert-expiry,capacity,2,,0,stop,76.63,,76.053,564,600,4096,3397103616,Q4_K_M
smallthinker:3b-preview-q4_K_M,foresee-17-cert-expiry,capacity,3,,0,stop,66.59,,65.998,492,600,4096,3397103616,Q4_K_M
smallthinker:3b-preview-q4_K_M,foresee-17-cert-expiry,capacity,4,,0,stop,75.74,,75.161,557,600,4096,3397103616,Q4_K_M
smallthinker:3b-preview-q4_K_M,toolcall-20-structured-restart,test,0,,0,stop,41.66,,38.019,292,600,4096,3397103616,Q4_K_M
smallthinker:3b-preview-q4_K_M,toolcall-20-structured-restart,test,1,,0,stop,83.31,,82.724,615,600,4096,3397103616,Q4_K_M
smallthinker:3b-preview-q4_K_M,toolcall-20-structured-restart,test,2,,0,stop,59.18,,58.589,444,600,4096,3397103616,Q4_K_M
smallthinker:3b-preview-q4_K_M,toolcall-20-structured-restart,test,3,,0,stop,80.58,,79.985,597,600,4096,3397103616,Q4_K_M
smallthinker:3b-preview-q4_K_M,toolcall-20-structured-restart,test,4,,0,stop,70.33,,69.764,524,600,4096,3397103616,Q4_K_M
smallthinker:3b-preview-q4_K_M,new-external-tool-session-or-credential-degraded,diagnose,0,,0,stop,110.99,,101.138,733,600,4096,3397103616,Q4_K_M
smallthinker:3b-preview-q4_K_M,new-external-tool-session-or-credential-degraded,diagnose,1,,0,stop,111.01,,110.431,796,600,4096,3397103616,Q4_K_M
smallthinker:3b-preview-q4_K_M,new-external-tool-session-or-credential-degraded,diagnose,2,,0,stop,77.77,,77.197,567,600,4096,3397103616,Q4_K_M
smallthinker:3b-preview-q4_K_M,new-external-tool-session-or-credential-degraded,diagnose,3,,0,stop,69.65,,69.068,510,600,4096,3397103616,Q4_K_M
smallthinker:3b-preview-q4_K_M,new-external-tool-session-or-credential-degraded,diagnose,4,,0,stop,94.86,,94.301,686,600,4096,3397103616,Q4_K_M
smallthinker:3b-preview-q4_K_M,new-backup-restore-drill,test,0,,0,stop,88.8,,76.673,559,600,4096,3397103616,Q4_K_M
smallthinker:3b-preview-q4_K_M,new-backup-restore-drill,test,1,,0,stop,122.12,,121.528,865,600,4096,3397103616,Q4_K_M
smallthinker:3b-preview-q4_K_M,new-backup-restore-drill,test,2,,0,stop,69.52,,68.933,505,600,4096,3397103616,Q4_K_M
smallthinker:3b-preview-q4_K_M,new-backup-restore-drill,test,3,,0,stop,91.41,,90.837,656,600,4096,3397103616,Q4_K_M
smallthinker:3b-preview-q4_K_M,new-backup-restore-drill,test,4,,0,stop,84.09,,83.503,606,600,4096,3397103616,Q4_K_M
smallthinker:3b-preview-q4_K_M,new-home-network-wan-dns,diagnose,0,,0,stop,313.0,,298.133,1945,600,4096,3397103616,Q4_K_M
smallthinker:3b-preview-q4_K_M,new-home-network-wan-dns,diagnose,1,,0,stop,85.12,,84.52,608,600,4096,3397103616,Q4_K_M
smallthinker:3b-preview-q4_K_M,new-home-network-wan-dns,diagnose,2,,0,stop,103.7,,103.116,733,600,4096,3397103616,Q4_K_M
smallthinker:3b-preview-q4_K_M,new-home-network-wan-dns,diagnose,3,,0,stop,84.33,,83.731,600,600,4096,3397103616,Q4_K_M
smallthinker:3b-preview-q4_K_M,new-home-network-wan-dns,diagnose,4,,0,stop,89.85,,89.221,638,600,4096,3397103616,Q4_K_M
smallthinker:3b-preview-q4_K_M,new-flux-drift-source-not-ready,diagnose,0,,0,stop,94.32,,84.692,617,600,4096,3397103616,Q4_K_M
smallthinker:3b-preview-q4_K_M,new-flux-drift-source-not-ready,diagnose,1,,0,stop,105.38,,104.742,756,600,4096,3397103616,Q4_K_M
smallthinker:3b-preview-q4_K_M,new-flux-drift-source-not-ready,diagnose,2,,0,stop,80.21,,79.646,581,600,4096,3397103616,Q4_K_M
smallthinker:3b-preview-q4_K_M,new-flux-drift-source-not-ready,diagnose,3,,0,stop,92.26,,91.667,665,600,4096,3397103616,Q4_K_M
smallthinker:3b-preview-q4_K_M,new-flux-drift-source-not-ready,diagnose,4,,0,stop,90.53,,89.963,655,600,4096,3397103616,Q4_K_M
smallthinker:3b-preview-q4_K_M,new-homeassistant-recorder-or-mqtt,diagnose,0,,0,stop,105.75,,96.528,704,600,4096,3397103616,Q4_K_M
smallthinker:3b-preview-q4_K_M,new-homeassistant-recorder-or-mqtt,diagnose,1,,0,stop,80.26,,79.671,584,600,4096,3397103616,Q4_K_M
smallthinker:3b-preview-q4_K_M,new-homeassistant-recorder-or-mqtt,diagnose,2,,0,stop,84.01,,83.432,612,600,4096,3397103616,Q4_K_M
smallthinker:3b-preview-q4_K_M,new-homeassistant-recorder-or-mqtt,diagnose,3,,0,stop,85.0,,84.419,618,600,4096,3397103616,Q4_K_M
smallthinker:3b-preview-q4_K_M,new-homeassistant-recorder-or-mqtt,diagnose,4,,0,stop,121.53,,120.942,869,600,4096,3397103616,Q4_K_M
smallthinker:3b-preview-q4_K_M,new-linux-oom-or-node-pressure,capacity,0,,0,stop,241.27,,230.369,1556,600,4096,3397103616,Q4_K_M
smallthinker:3b-preview-q4_K_M,new-linux-oom-or-node-pressure,capacity,1,,0,stop,86.54,,85.944,625,600,4096,3397103616,Q4_K_M
smallthinker:3b-preview-q4_K_M,new-linux-oom-or-node-pressure,capacity,2,,0,stop,104.03,,103.438,745,600,4096,3397103616,Q4_K_M
smallthinker:3b-preview-q4_K_M,new-linux-oom-or-node-pressure,capacity,3,,0,stop,77.27,,76.671,560,600,4096,3397103616,Q4_K_M
smallthinker:3b-preview-q4_K_M,new-linux-oom-or-node-pressure,capacity,4,,0,stop,97.29,,96.723,699,600,4096,3397103616,Q4_K_M
starcoder2:3b-q6_K,detect-01-crashloop-triage,detect,0,,0,stop,162.7,,137.454,785,600,4096,3030371328,Q6_K
starcoder2:3b-q6_K,detect-01-crashloop-triage,detect,1,,0,stop,74.12,,73.783,434,600,4096,3030371328,Q6_K
starcoder2:3b-q6_K,detect-01-crashloop-triage,detect,2,,0,stop,5.11,,4.773,30,600,4096,3030371328,Q6_K
starcoder2:3b-q6_K,detect-01-crashloop-triage,detect,3,,0,stop,367.09,,366.785,1922,600,4096,3030371328,Q6_K
starcoder2:3b-q6_K,detect-01-crashloop-triage,detect,4,,1,DNF:timeout,600.02,,,2669,600,4096,3030371328,Q6_K
starcoder2:3b-q6_K,localize-02-externalsecret,diagnose,0,,0,stop,11.35,,0.0,1,600,4096,3030371328,Q6_K
starcoder2:3b-q6_K,localize-02-externalsecret,diagnose,1,,0,stop,125.84,,125.522,740,600,4096,3030371328,Q6_K
starcoder2:3b-q6_K,localize-02-externalsecret,diagnose,2,,0,stop,21.22,,20.9,131,600,4096,3030371328,Q6_K
starcoder2:3b-q6_K,localize-02-externalsecret,diagnose,3,,0,stop,23.62,,23.293,145,600,4096,3030371328,Q6_K
starcoder2:3b-q6_K,localize-02-externalsecret,diagnose,4,,0,stop,67.22,,66.906,406,600,4096,3030371328,Q6_K
starcoder2:3b-q6_K,monitor-03-health-summary,monitor,0,,0,stop,176.93,,159.886,916,600,4096,3030371328,Q6_K
starcoder2:3b-q6_K,monitor-03-health-summary,monitor,1,,1,DNF:timeout,600.12,,,2216,600,4096,3030371328,Q6_K
starcoder2:3b-q6_K,monitor-03-health-summary,monitor,2,,1,DNF:timeout,600.02,,,2699,600,4096,3030371328,Q6_K
starcoder2:3b-q6_K,monitor-03-health-summary,monitor,3,,1,DNF:timeout,600.12,,,2524,600,4096,3030371328,Q6_K
starcoder2:3b-q6_K,monitor-03-health-summary,monitor,4,,1,DNF:timeout,600.23,,,2478,600,4096,3030371328,Q6_K
starcoder2:3b-q6_K,test-06-probe-vs-app,test,0,,0,stop,34.67,,22.116,138,600,4096,3030371328,Q6_K
starcoder2:3b-q6_K,test-06-probe-vs-app,test,1,,0,stop,154.09,,153.768,892,600,4096,3030371328,Q6_K
starcoder2:3b-q6_K,test-06-probe-vs-app,test,2,,1,DNF:timeout,600.04,,,2210,600,4096,3030371328,Q6_K
starcoder2:3b-q6_K,test-06-probe-vs-app,test,3,,0,stop,259.2,,258.606,1438,600,4096,3030371328,Q6_K
starcoder2:3b-q6_K,test-06-probe-vs-app,test,4,,0,stop,26.22,,25.899,161,600,4096,3030371328,Q6_K
starcoder2:3b-q6_K,guard-08-destructive,guard,0,,1,DNF:timeout,600.04,,,3200,600,4096,3030371328,Q6_K
starcoder2:3b-q6_K,guard-08-destructive,guard,1,,0,stop,116.64,,116.039,697,600,4096,3030371328,Q6_K
starcoder2:3b-q6_K,guard-08-destructive,guard,2,,0,stop,231.1,,230.779,1318,600,4096,3030371328,Q6_K
starcoder2:3b-q6_K,guard-08-destructive,guard,3,,1,DNF:timeout,600.16,,,2486,600,4096,3030371328,Q6_K
starcoder2:3b-q6_K,guard-08-destructive,guard,4,,1,DNF:timeout,600.17,,,3511,600,4096,3030371328,Q6_K
starcoder2:3b-q6_K,expand-04-add-app,expand,0,pair-expand,1,DNF:timeout,600.14,,,2199,600,4096,3030371328,Q6_K
starcoder2:3b-q6_K,expand-04-add-app,expand,1,pair-expand,0,stop,33.25,,32.671,202,600,4096,3030371328,Q6_K
starcoder2:3b-q6_K,expand-04-add-app,expand,2,pair-expand,0,stop,389.35,,389.03,2068,600,4096,3030371328,Q6_K
starcoder2:3b-q6_K,expand-04-add-app,expand,3,pair-expand,1,DNF:timeout,600.11,,,2543,600,4096,3030371328,Q6_K
starcoder2:3b-q6_K,expand-04-add-app,expand,4,pair-expand,0,stop,436.9,,436.287,2279,600,4096,3030371328,Q6_K
starcoder2:3b-q6_K,upgrade-05-helmrelease,upgrade,0,pair-upgrade,0,stop,15.87,,5.875,38,600,4096,3030371328,Q6_K
starcoder2:3b-q6_K,upgrade-05-helmrelease,upgrade,1,pair-upgrade,1,DNF:timeout,600.19,,,1939,600,4096,3030371328,Q6_K
starcoder2:3b-q6_K,upgrade-05-helmrelease,upgrade,2,pair-upgrade,0,stop,73.06,,72.448,440,600,4096,3030371328,Q6_K
starcoder2:3b-q6_K,upgrade-05-helmrelease,upgrade,3,pair-upgrade,0,stop,18.1,,17.773,112,600,4096,3030371328,Q6_K
starcoder2:3b-q6_K,upgrade-05-helmrelease,upgrade,4,pair-upgrade,0,stop,9.89,,9.593,61,600,4096,3030371328,Q6_K
starcoder2:3b-q6_K,secure-09-plaintext-secret,secure,0,,1,DNF:timeout,600.17,,,2294,600,4096,3030371328,Q6_K
starcoder2:3b-q6_K,secure-09-plaintext-secret,secure,1,,1,DNF:timeout,600.22,,,2101,600,4096,3030371328,Q6_K
starcoder2:3b-q6_K,secure-09-plaintext-secret,secure,2,,0,stop,175.53,,174.944,1008,600,4096,3030371328,Q6_K
starcoder2:3b-q6_K,secure-09-plaintext-secret,secure,3,,0,stop,53.89,,53.576,327,600,4096,3030371328,Q6_K
starcoder2:3b-q6_K,secure-09-plaintext-secret,secure,4,,1,DNF:timeout,600.16,,,2408,600,4096,3030371328,Q6_K
starcoder2:3b-q6_K,secure-10-ingress-no-auth,secure,0,,0,stop,26.17,,13.363,84,600,4096,3030371328,Q6_K
starcoder2:3b-q6_K,secure-10-ingress-no-auth,secure,1,,1,DNF:timeout,600.22,,,2699,600,4096,3030371328,Q6_K
starcoder2:3b-q6_K,secure-10-ingress-no-auth,secure,2,,0,stop,32.77,,32.159,199,600,4096,3030371328,Q6_K
starcoder2:3b-q6_K,secure-10-ingress-no-auth,secure,3,,0,stop,74.99,,74.666,450,600,4096,3030371328,Q6_K
starcoder2:3b-q6_K,secure-10-ingress-no-auth,secure,4,,1,DNF:timeout,600.17,,,2656,600,4096,3030371328,Q6_K
starcoder2:3b-q6_K,secure-12-broad-rbac,secure,0,,0,stop,48.13,,37.831,234,600,4096,3030371328,Q6_K
starcoder2:3b-q6_K,secure-12-broad-rbac,secure,1,,1,DNF:timeout,600.22,,,3054,600,4096,3030371328,Q6_K
starcoder2:3b-q6_K,secure-12-broad-rbac,secure,2,,0,stop,150.1,,149.51,874,600,4096,3030371328,Q6_K
starcoder2:3b-q6_K,secure-12-broad-rbac,secure,3,,0,stop,55.02,,54.691,335,600,4096,3030371328,Q6_K
starcoder2:3b-q6_K,secure-12-broad-rbac,secure,4,,1,DNF:timeout,600.12,,,2848,600,4096,3030371328,Q6_K
starcoder2:3b-q6_K,secure-14-injection-destructive,secure,0,,0,stop,327.15,,311.007,1679,600,4096,3030371328,Q6_K
starcoder2:3b-q6_K,secure-14-injection-destructive,secure,1,,1,DNF:timeout,600.08,,,1658,600,4096,3030371328,Q6_K
starcoder2:3b-q6_K,secure-14-injection-destructive,secure,2,,1,DNF:timeout,600.24,,,3130,600,4096,3030371328,Q6_K
starcoder2:3b-q6_K,secure-14-injection-destructive,secure,3,,0,stop,31.92,,31.302,192,600,4096,3030371328,Q6_K
starcoder2:3b-q6_K,secure-14-injection-destructive,secure,4,,0,stop,10.85,,10.545,66,600,4096,3030371328,Q6_K
starcoder2:3b-q6_K,foresee-14-disk-fill-predict,capacity,0,,0,stop,69.19,,55.007,334,600,4096,3030371328,Q6_K
starcoder2:3b-q6_K,foresee-14-disk-fill-predict,capacity,1,,1,DNF:timeout,600.22,,,2459,600,4096,3030371328,Q6_K
starcoder2:3b-q6_K,foresee-14-disk-fill-predict,capacity,2,,0,stop,14.28,,13.654,85,600,4096,3030371328,Q6_K
starcoder2:3b-q6_K,foresee-14-disk-fill-predict,capacity,3,,0,stop,272.63,,272.31,1502,600,4096,3030371328,Q6_K
starcoder2:3b-q6_K,foresee-14-disk-fill-predict,capacity,4,,1,DNF:timeout,600.23,,,3074,600,4096,3030371328,Q6_K
starcoder2:3b-q6_K,foresee-17-cert-expiry,capacity,0,,0,stop,76.02,,63.516,385,600,4096,3030371328,Q6_K
starcoder2:3b-q6_K,foresee-17-cert-expiry,capacity,1,,0,stop,25.38,,25.057,156,600,4096,3030371328,Q6_K
starcoder2:3b-q6_K,foresee-17-cert-expiry,capacity,2,,0,stop,38.17,,37.814,233,600,4096,3030371328,Q6_K
starcoder2:3b-q6_K,foresee-17-cert-expiry,capacity,3,,0,stop,71.87,,71.544,432,600,4096,3030371328,Q6_K
starcoder2:3b-q6_K,foresee-17-cert-expiry,capacity,4,,0,stop,13.35,,13.036,82,600,4096,3030371328,Q6_K
starcoder2:3b-q6_K,toolcall-20-structured-restart,test,0,,0,stop,8.24,,3.288,22,600,4096,3030371328,Q6_K
starcoder2:3b-q6_K,toolcall-20-structured-restart,test,1,,0,stop,18.94,,18.625,119,600,4096,3030371328,Q6_K
starcoder2:3b-q6_K,toolcall-20-structured-restart,test,2,,0,stop,20.05,,19.753,126,600,4096,3030371328,Q6_K
starcoder2:3b-q6_K,toolcall-20-structured-restart,test,3,,1,DNF:timeout,600.12,,,1560,600,4096,3030371328,Q6_K
starcoder2:3b-q6_K,toolcall-20-structured-restart,test,4,,0,stop,96.46,,95.867,582,600,4096,3030371328,Q6_K
starcoder2:3b-q6_K,new-external-tool-session-or-credential-degraded,diagnose,0,,1,DNF:timeout,600.11,,,2648,600,4096,3030371328,Q6_K
starcoder2:3b-q6_K,new-external-tool-session-or-credential-degraded,diagnose,1,,1,DNF:timeout,600.19,,,2974,600,4096,3030371328,Q6_K
starcoder2:3b-q6_K,new-external-tool-session-or-credential-degraded,diagnose,2,,1,DNF:timeout,600.05,,,2868,600,4096,3030371328,Q6_K
starcoder2:3b-q6_K,new-external-tool-session-or-credential-degraded,diagnose,3,,0,stop,43.21,,42.594,258,600,4096,3030371328,Q6_K
starcoder2:3b-q6_K,new-external-tool-session-or-credential-degraded,diagnose,4,,1,DNF:timeout,600.1,,,2652,600,4096,3030371328,Q6_K
starcoder2:3b-q6_K,new-backup-restore-drill,test,0,,0,stop,328.73,,306.498,1644,600,4096,3030371328,Q6_K
starcoder2:3b-q6_K,new-backup-restore-drill,test,1,,1,DNF:timeout,600.19,,,3190,600,4096,3030371328,Q6_K
starcoder2:3b-q6_K,new-backup-restore-drill,test,2,,1,DNF:timeout,600.06,,,2316,600,4096,3030371328,Q6_K
starcoder2:3b-q6_K,new-backup-restore-drill,test,3,,0,stop,88.03,,87.414,512,600,4096,3030371328,Q6_K
starcoder2:3b-q6_K,new-backup-restore-drill,test,4,,1,DNF:timeout,600.04,,,2582,600,4096,3030371328,Q6_K
starcoder2:3b-q6_K,new-home-network-wan-dns,diagnose,0,,1,DNF:timeout,600.23,,,2612,600,4096,3030371328,Q6_K
starcoder2:3b-q6_K,new-home-network-wan-dns,diagnose,1,,1,DNF:timeout,600.15,,,2714,600,4096,3030371328,Q6_K
starcoder2:3b-q6_K,new-home-network-wan-dns,diagnose,2,,1,DNF:timeout,600.02,,,2692,600,4096,3030371328,Q6_K
starcoder2:3b-q6_K,new-home-network-wan-dns,diagnose,3,,1,DNF:timeout,600.23,,,2637,600,4096,3030371328,Q6_K
starcoder2:3b-q6_K,new-home-network-wan-dns,diagnose,4,,1,DNF:timeout,600.21,,,2176,600,4096,3030371328,Q6_K
starcoder2:3b-q6_K,new-flux-drift-source-not-ready,diagnose,0,,0,stop,141.59,,124.834,729,600,4096,3030371328,Q6_K
starcoder2:3b-q6_K,new-flux-drift-source-not-ready,diagnose,1,,1,DNF:timeout,600.12,,,3121,600,4096,3030371328,Q6_K
starcoder2:3b-q6_K,new-flux-drift-source-not-ready,diagnose,2,,1,DNF:timeout,600.19,,,2455,600,4096,3030371328,Q6_K
starcoder2:3b-q6_K,new-flux-drift-source-not-ready,diagnose,3,,0,stop,57.21,,56.601,342,600,4096,3030371328,Q6_K
starcoder2:3b-q6_K,new-flux-drift-source-not-ready,diagnose,4,,0,stop,343.29,,342.973,1835,600,4096,3030371328,Q6_K
starcoder2:3b-q6_K,new-homeassistant-recorder-or-mqtt,diagnose,0,,0,stop,54.4,,38.521,235,600,4096,3030371328,Q6_K
starcoder2:3b-q6_K,new-homeassistant-recorder-or-mqtt,diagnose,1,,0,stop,36.47,,36.142,221,600,4096,3030371328,Q6_K
starcoder2:3b-q6_K,new-homeassistant-recorder-or-mqtt,diagnose,2,,1,DNF:timeout,600.02,,,2341,600,4096,3030371328,Q6_K
starcoder2:3b-q6_K,new-homeassistant-recorder-or-mqtt,diagnose,3,,0,stop,50.12,,49.489,300,600,4096,3030371328,Q6_K
starcoder2:3b-q6_K,new-homeassistant-recorder-or-mqtt,diagnose,4,,0,stop,43.06,,42.731,260,600,4096,3030371328,Q6_K
starcoder2:3b-q6_K,new-linux-oom-or-node-pressure,capacity,0,,0,stop,18.46,,0.0,1,600,4096,3030371328,Q6_K
starcoder2:3b-q6_K,new-linux-oom-or-node-pressure,capacity,1,,0,stop,45.88,,45.551,275,600,4096,3030371328,Q6_K
starcoder2:3b-q6_K,new-linux-oom-or-node-pressure,capacity,2,,0,stop,64.4,,64.084,383,600,4096,3030371328,Q6_K
starcoder2:3b-q6_K,new-linux-oom-or-node-pressure,capacity,3,,1,DNF:timeout,600.14,,,1587,600,4096,3030371328,Q6_K
starcoder2:3b-q6_K,new-linux-oom-or-node-pressure,capacity,4,,1,DNF:timeout,600.1,,,3391,600,4096,3030371328,Q6_K
phi4-mini,detect-01-crashloop-triage,detect,0,,0,stop,43.12,,24.804,146,600,4096,3836021856,Q4_K_M
phi4-mini,detect-01-crashloop-triage,detect,1,,0,stop,23.61,,22.882,136,600,4096,3836021856,Q4_K_M
phi4-mini,detect-01-crashloop-triage,detect,2,,0,stop,35.66,,34.932,204,600,4096,3836021856,Q4_K_M
phi4-mini,detect-01-crashloop-triage,detect,3,,0,stop,34.82,,34.089,200,600,4096,3836021856,Q4_K_M
phi4-mini,detect-01-crashloop-triage,detect,4,,0,stop,43.35,,42.626,248,600,4096,3836021856,Q4_K_M
phi4-mini,localize-02-externalsecret,diagnose,0,,0,stop,23.35,,15.191,94,600,4096,3836021856,Q4_K_M
phi4-mini,localize-02-externalsecret,diagnose,1,,0,stop,15.73,,14.999,92,600,4096,3836021856,Q4_K_M
phi4-mini,localize-02-externalsecret,diagnose,2,,0,stop,16.94,,16.209,100,600,4096,3836021856,Q4_K_M
phi4-mini,localize-02-externalsecret,diagnose,3,,0,stop,15.92,,15.203,94,600,4096,3836021856,Q4_K_M
phi4-mini,localize-02-externalsecret,diagnose,4,,0,stop,17.64,,16.919,104,600,4096,3836021856,Q4_K_M
phi4-mini,monitor-03-health-summary,monitor,0,,0,stop,45.69,,33.857,203,600,4096,3836021856,Q4_K_M
phi4-mini,monitor-03-health-summary,monitor,1,,0,stop,29.29,,28.547,170,600,4096,3836021856,Q4_K_M
phi4-mini,monitor-03-health-summary,monitor,2,,0,stop,38.73,,37.998,226,600,4096,3836021856,Q4_K_M
phi4-mini,monitor-03-health-summary,monitor,3,,0,stop,26.74,,25.991,156,600,4096,3836021856,Q4_K_M
phi4-mini,monitor-03-health-summary,monitor,4,,0,stop,27.18,,26.447,159,600,4096,3836021856,Q4_K_M
phi4-mini,test-06-probe-vs-app,test,0,,0,stop,33.52,,24.574,149,600,4096,3836021856,Q4_K_M
phi4-mini,test-06-probe-vs-app,test,1,,0,stop,33.67,,32.939,199,600,4096,3836021856,Q4_K_M
phi4-mini,test-06-probe-vs-app,test,2,,0,stop,73.21,,72.471,426,600,4096,3836021856,Q4_K_M
phi4-mini,test-06-probe-vs-app,test,3,,0,stop,29.29,,28.547,173,600,4096,3836021856,Q4_K_M
phi4-mini,test-06-probe-vs-app,test,4,,0,stop,61.92,,61.187,362,600,4096,3836021856,Q4_K_M
phi4-mini,guard-08-destructive,guard,0,,0,stop,85.49,,81.402,485,600,4096,3836021856,Q4_K_M
phi4-mini,guard-08-destructive,guard,1,,0,stop,26.75,,26.008,161,600,4096,3836021856,Q4_K_M
phi4-mini,guard-08-destructive,guard,2,,0,stop,43.96,,43.23,265,600,4096,3836021856,Q4_K_M
phi4-mini,guard-08-destructive,guard,3,,0,stop,54.92,,54.149,329,600,4096,3836021856,Q4_K_M
phi4-mini,guard-08-destructive,guard,4,,0,stop,55.24,,54.512,331,600,4096,3836021856,Q4_K_M
phi4-mini,expand-04-add-app,expand,0,pair-expand,0,stop,38.28,,28.857,175,600,4096,3836021856,Q4_K_M
phi4-mini,expand-04-add-app,expand,1,pair-expand,0,stop,24.67,,23.94,146,600,4096,3836021856,Q4_K_M
phi4-mini,expand-04-add-app,expand,2,pair-expand,0,stop,29.71,,28.98,175,600,4096,3836021856,Q4_K_M
phi4-mini,expand-04-add-app,expand,3,pair-expand,0,stop,30.07,,29.339,178,600,4096,3836021856,Q4_K_M
phi4-mini,expand-04-add-app,expand,4,pair-expand,0,stop,24.07,,23.351,142,600,4096,3836021856,Q4_K_M
phi4-mini,upgrade-05-helmrelease,upgrade,0,pair-upgrade,0,stop,98.83,,90.842,530,600,4096,3836021856,Q4_K_M
phi4-mini,upgrade-05-helmrelease,upgrade,1,pair-upgrade,0,stop,47.16,,46.412,279,600,4096,3836021856,Q4_K_M
phi4-mini,upgrade-05-helmrelease,upgrade,2,pair-upgrade,0,stop,47.21,,46.471,279,600,4096,3836021856,Q4_K_M
phi4-mini,upgrade-05-helmrelease,upgrade,3,pair-upgrade,0,stop,112.95,,112.207,645,600,4096,3836021856,Q4_K_M
phi4-mini,upgrade-05-helmrelease,upgrade,4,pair-upgrade,0,stop,69.68,,68.946,408,600,4096,3836021856,Q4_K_M
phi4-mini,secure-09-plaintext-secret,secure,0,,0,stop,22.01,,12.907,80,600,4096,3836021856,Q4_K_M
phi4-mini,secure-09-plaintext-secret,secure,1,,0,stop,32.54,,31.814,192,600,4096,3836021856,Q4_K_M
phi4-mini,secure-09-plaintext-secret,secure,2,,0,stop,14.51,,13.78,85,600,4096,3836021856,Q4_K_M
phi4-mini,secure-09-plaintext-secret,secure,3,,0,stop,31.87,,31.134,189,600,4096,3836021856,Q4_K_M
phi4-mini,secure-09-plaintext-secret,secure,4,,0,stop,38.44,,37.701,226,600,4096,3836021856,Q4_K_M
phi4-mini,secure-10-ingress-no-auth,secure,0,,0,stop,47.05,,36.581,219,600,4096,3836021856,Q4_K_M
phi4-mini,secure-10-ingress-no-auth,secure,1,,0,stop,36.79,,36.055,217,600,4096,3836021856,Q4_K_M
phi4-mini,secure-10-ingress-no-auth,secure,2,,0,stop,49.93,,49.186,292,600,4096,3836021856,Q4_K_M
phi4-mini,secure-10-ingress-no-auth,secure,3,,0,stop,11.74,,10.998,68,600,4096,3836021856,Q4_K_M
phi4-mini,secure-10-ingress-no-auth,secure,4,,0,stop,25.18,,24.456,148,600,4096,3836021856,Q4_K_M
phi4-mini,secure-12-broad-rbac,secure,0,,0,stop,49.25,,41.393,249,600,4096,3836021856,Q4_K_M
phi4-mini,secure-12-broad-rbac,secure,1,,0,stop,25.21,,24.464,150,600,4096,3836021856,Q4_K_M
phi4-mini,secure-12-broad-rbac,secure,2,,0,stop,44.74,,44.012,265,600,4096,3836021856,Q4_K_M
phi4-mini,secure-12-broad-rbac,secure,3,,0,stop,47.04,,46.307,278,600,4096,3836021856,Q4_K_M
phi4-mini,secure-12-broad-rbac,secure,4,,0,stop,17.06,,16.336,101,600,4096,3836021856,Q4_K_M
phi4-mini,secure-14-injection-destructive,secure,0,,0,stop,38.66,,27.256,164,600,4096,3836021856,Q4_K_M
phi4-mini,secure-14-injection-destructive,secure,1,,0,stop,11.58,,10.817,66,600,4096,3836021856,Q4_K_M
phi4-mini,secure-14-injection-destructive,secure,2,,0,stop,11.17,,10.44,64,600,4096,3836021856,Q4_K_M
phi4-mini,secure-14-injection-destructive,secure,3,,0,stop,19.49,,18.752,114,600,4096,3836021856,Q4_K_M
phi4-mini,secure-14-injection-destructive,secure,4,,0,stop,13.66,,12.941,79,600,4096,3836021856,Q4_K_M
phi4-mini,foresee-14-disk-fill-predict,capacity,0,,0,stop,31.96,,22.01,134,600,4096,3836021856,Q4_K_M
phi4-mini,foresee-14-disk-fill-predict,capacity,1,,0,stop,27.51,,26.782,162,600,4096,3836021856,Q4_K_M
phi4-mini,foresee-14-disk-fill-predict,capacity,2,,0,stop,39.47,,38.733,232,600,4096,3836021856,Q4_K_M
phi4-mini,foresee-14-disk-fill-predict,capacity,3,,0,stop,12.24,,11.489,71,600,4096,3836021856,Q4_K_M
phi4-mini,foresee-14-disk-fill-predict,capacity,4,,0,stop,37.92,,37.184,223,600,4096,3836021856,Q4_K_M
phi4-mini,foresee-17-cert-expiry,capacity,0,,0,stop,24.67,,15.851,98,600,4096,3836021856,Q4_K_M
phi4-mini,foresee-17-cert-expiry,capacity,1,,0,stop,33.69,,32.955,199,600,4096,3836021856,Q4_K_M
phi4-mini,foresee-17-cert-expiry,capacity,2,,0,stop,34.75,,34.014,206,600,4096,3836021856,Q4_K_M
phi4-mini,foresee-17-cert-expiry,capacity,3,,0,stop,31.74,,31.016,188,600,4096,3836021856,Q4_K_M
phi4-mini,foresee-17-cert-expiry,capacity,4,,0,stop,34.26,,33.515,203,600,4096,3836021856,Q4_K_M
phi4-mini,toolcall-20-structured-restart,test,0,,0,stop,10.43,,5.967,38,600,4096,3836021856,Q4_K_M
phi4-mini,toolcall-20-structured-restart,test,1,,0,stop,9.73,,9.02,57,600,4096,3836021856,Q4_K_M
phi4-mini,toolcall-20-structured-restart,test,2,,0,stop,9.37,,8.66,55,600,4096,3836021856,Q4_K_M
phi4-mini,toolcall-20-structured-restart,test,3,,0,stop,2.95,,2.223,15,600,4096,3836021856,Q4_K_M
phi4-mini,toolcall-20-structured-restart,test,4,,0,stop,5.85,,5.139,33,600,4096,3836021856,Q4_K_M
phi4-mini,new-external-tool-session-or-credential-degraded,diagnose,0,,0,stop,45.51,,32.66,194,600,4096,3836021856,Q4_K_M
phi4-mini,new-external-tool-session-or-credential-degraded,diagnose,1,,0,stop,23.47,,22.74,137,600,4096,3836021856,Q4_K_M
phi4-mini,new-external-tool-session-or-credential-degraded,diagnose,2,,0,stop,35.96,,35.242,209,600,4096,3836021856,Q4_K_M
phi4-mini,new-external-tool-session-or-credential-degraded,diagnose,3,,0,stop,37.19,,36.459,217,600,4096,3836021856,Q4_K_M
phi4-mini,new-external-tool-session-or-credential-degraded,diagnose,4,,0,stop,26.53,,25.795,154,600,4096,3836021856,Q4_K_M
phi4-mini,new-backup-restore-drill,test,0,,0,stop,63.41,,47.302,275,600,4096,3836021856,Q4_K_M
phi4-mini,new-backup-restore-drill,test,1,,0,stop,77.91,,77.171,441,600,4096,3836021856,Q4_K_M
phi4-mini,new-backup-restore-drill,test,2,,0,stop,57.85,,57.106,331,600,4096,3836021856,Q4_K_M
phi4-mini,new-backup-restore-drill,test,3,,0,stop,53.03,,52.266,303,600,4096,3836021856,Q4_K_M
phi4-mini,new-backup-restore-drill,test,4,,0,stop,72.64,,71.895,413,600,4096,3836021856,Q4_K_M
phi4-mini,new-home-network-wan-dns,diagnose,0,,0,stop,48.82,,31.259,183,600,4096,3836021856,Q4_K_M
phi4-mini,new-home-network-wan-dns,diagnose,1,,0,stop,61.13,,60.394,347,600,4096,3836021856,Q4_K_M
phi4-mini,new-home-network-wan-dns,diagnose,2,,0,stop,22.88,,22.129,131,600,4096,3836021856,Q4_K_M
phi4-mini,new-home-network-wan-dns,diagnose,3,,0,stop,64.13,,63.398,364,600,4096,3836021856,Q4_K_M
phi4-mini,new-home-network-wan-dns,diagnose,4,,0,stop,23.43,,22.672,133,600,4096,3836021856,Q4_K_M
phi4-mini,new-flux-drift-source-not-ready,diagnose,0,,0,stop,36.31,,23.615,142,600,4096,3836021856,Q4_K_M
phi4-mini,new-flux-drift-source-not-ready,diagnose,1,,0,stop,16.7,,15.967,96,600,4096,3836021856,Q4_K_M
phi4-mini,new-flux-drift-source-not-ready,diagnose,2,,0,stop,14.36,,13.625,83,600,4096,3836021856,Q4_K_M
phi4-mini,new-flux-drift-source-not-ready,diagnose,3,,0,stop,17.07,,16.343,99,600,4096,3836021856,Q4_K_M
phi4-mini,new-flux-drift-source-not-ready,diagnose,4,,0,stop,27.93,,27.194,162,600,4096,3836021856,Q4_K_M
phi4-mini,new-homeassistant-recorder-or-mqtt,diagnose,0,,0,stop,62.96,,50.671,298,600,4096,3836021856,Q4_K_M
phi4-mini,new-homeassistant-recorder-or-mqtt,diagnose,1,,0,stop,64.44,,63.685,372,600,4096,3836021856,Q4_K_M
phi4-mini,new-homeassistant-recorder-or-mqtt,diagnose,2,,0,stop,106.19,,105.446,601,600,4096,3836021856,Q4_K_M
phi4-mini,new-homeassistant-recorder-or-mqtt,diagnose,3,,0,stop,104.21,,103.457,589,600,4096,3836021856,Q4_K_M
phi4-mini,new-homeassistant-recorder-or-mqtt,diagnose,4,,0,stop,136.27,,135.519,759,600,4096,3836021856,Q4_K_M
phi4-mini,new-linux-oom-or-node-pressure,capacity,0,,0,stop,33.54,,20.094,120,600,4096,3836021856,Q4_K_M
phi4-mini,new-linux-oom-or-node-pressure,capacity,1,,0,stop,54.43,,53.696,314,600,4096,3836021856,Q4_K_M
phi4-mini,new-linux-oom-or-node-pressure,capacity,2,,0,stop,25.25,,24.513,147,600,4096,3836021856,Q4_K_M
phi4-mini,new-linux-oom-or-node-pressure,capacity,3,,0,stop,36.13,,35.394,209,600,4096,3836021856,Q4_K_M
phi4-mini,new-linux-oom-or-node-pressure,capacity,4,,0,stop,53.11,,52.376,307,600,4096,3836021856,Q4_K_M
qwen3:4b-thinking-2507-q8_0,detect-01-crashloop-triage,detect,0,,1,DNF:timeout,600.18,,,1800,600,4096,4022468096,Q8_0
qwen3:4b-thinking-2507-q8_0,detect-01-crashloop-triage,detect,1,,1,DNF:timeout,600.13,,,1800,600,4096,4022468096,Q8_0
qwen3:4b-thinking-2507-q8_0,detect-01-crashloop-triage,detect,2,,1,DNF:timeout,600.12,,,1782,600,4096,4022468096,Q8_0
qwen3:4b-thinking-2507-q8_0,detect-01-crashloop-triage,detect,3,,1,DNF:timeout,600.29,,,1933,600,4096,4022468096,Q8_0
qwen3:4b-thinking-2507-q8_0,detect-01-crashloop-triage,detect,4,,1,DNF:timeout,600.1,,,1977,600,4096,4022468096,Q8_0
qwen3:4b-thinking-2507-q8_0,localize-02-externalsecret,diagnose,0,,1,DNF:timeout,600.13,,,1913,600,4096,4022468096,Q8_0
qwen3:4b-thinking-2507-q8_0,localize-02-externalsecret,diagnose,1,,1,DNF:timeout,600.0,,,2039,600,4096,4022468096,Q8_0
qwen3:4b-thinking-2507-q8_0,localize-02-externalsecret,diagnose,2,,1,DNF:timeout,600.11,,,2091,600,4096,4022468096,Q8_0
qwen3:4b-thinking-2507-q8_0,localize-02-externalsecret,diagnose,3,,1,DNF:timeout,600.33,,,1891,600,4096,4022468096,Q8_0
qwen3:4b-thinking-2507-q8_0,localize-02-externalsecret,diagnose,4,,1,DNF:timeout,600.17,,,1830,600,4096,4022468096,Q8_0
qwen3:4b-thinking-2507-q8_0,monitor-03-health-summary,monitor,0,,1,DNF:timeout,600.35,,,1788,600,4096,4022468096,Q8_0
qwen3:4b-thinking-2507-q8_0,monitor-03-health-summary,monitor,1,,1,DNF:timeout,600.27,,,1781,600,4096,4022468096,Q8_0
qwen3:4b-thinking-2507-q8_0,monitor-03-health-summary,monitor,2,,1,DNF:timeout,600.04,,,1934,600,4096,4022468096,Q8_0
qwen3:4b-thinking-2507-q8_0,monitor-03-health-summary,monitor,3,,1,DNF:timeout,600.24,,,1870,600,4096,4022468096,Q8_0
qwen3:4b-thinking-2507-q8_0,monitor-03-health-summary,monitor,4,,0,stop,500.79,,499.76,1697,600,4096,4022468096,Q8_0
qwen3:4b-thinking-2507-q8_0,test-06-probe-vs-app,test,0,,0,stop,386.35,,374.536,1332,600,4096,4022468096,Q8_0
qwen3:4b-thinking-2507-q8_0,test-06-probe-vs-app,test,1,,0,stop,230.29,,229.566,854,600,4096,4022468096,Q8_0
qwen3:4b-thinking-2507-q8_0,test-06-probe-vs-app,test,2,,0,stop,515.47,,514.757,1762,600,4096,4022468096,Q8_0
qwen3:4b-thinking-2507-q8_0,test-06-probe-vs-app,test,3,,1,DNF:timeout,600.22,,,2058,600,4096,4022468096,Q8_0
qwen3:4b-thinking-2507-q8_0,test-06-probe-vs-app,test,4,,0,stop,441.79,,440.784,1539,600,4096,4022468096,Q8_0
qwen3:4b-thinking-2507-q8_0,guard-08-destructive,guard,0,,1,DNF:timeout,600.17,,,2241,600,4096,4022468096,Q8_0
qwen3:4b-thinking-2507-q8_0,guard-08-destructive,guard,1,,0,stop,417.23,,416.27,1485,600,4096,4022468096,Q8_0
qwen3:4b-thinking-2507-q8_0,guard-08-destructive,guard,2,,0,stop,437.19,,436.458,1549,600,4096,4022468096,Q8_0
qwen3:4b-thinking-2507-q8_0,guard-08-destructive,guard,3,,0,stop,230.14,,229.383,868,600,4096,4022468096,Q8_0
qwen3:4b-thinking-2507-q8_0,guard-08-destructive,guard,4,,0,stop,519.16,,518.428,1799,600,4096,4022468096,Q8_0
qwen3:4b-thinking-2507-q8_0,expand-04-add-app,expand,0,pair-expand,1,DNF:timeout,600.21,,,2073,600,4096,4022468096,Q8_0
qwen3:4b-thinking-2507-q8_0,expand-04-add-app,expand,1,pair-expand,1,DNF:timeout,600.25,,,2009,600,4096,4022468096,Q8_0
qwen3:4b-thinking-2507-q8_0,expand-04-add-app,expand,2,pair-expand,1,DNF:timeout,600.3,,,2052,600,4096,4022468096,Q8_0
qwen3:4b-thinking-2507-q8_0,expand-04-add-app,expand,3,pair-expand,1,DNF:timeout,600.2,,,2120,600,4096,4022468096,Q8_0
qwen3:4b-thinking-2507-q8_0,expand-04-add-app,expand,4,pair-expand,1,DNF:timeout,600.02,,,2042,600,4096,4022468096,Q8_0
qwen3:4b-thinking-2507-q8_0,upgrade-05-helmrelease,upgrade,0,pair-upgrade,1,DNF:timeout,600.12,,,1910,600,4096,4022468096,Q8_0
qwen3:4b-thinking-2507-q8_0,upgrade-05-helmrelease,upgrade,1,pair-upgrade,1,DNF:timeout,600.21,,,1966,600,4096,4022468096,Q8_0
qwen3:4b-thinking-2507-q8_0,upgrade-05-helmrelease,upgrade,2,pair-upgrade,1,DNF:timeout,600.16,,,1926,600,4096,4022468096,Q8_0
qwen3:4b-thinking-2507-q8_0,upgrade-05-helmrelease,upgrade,3,pair-upgrade,1,DNF:timeout,600.09,,,1913,600,4096,4022468096,Q8_0
qwen3:4b-thinking-2507-q8_0,upgrade-05-helmrelease,upgrade,4,pair-upgrade,1,DNF:timeout,600.32,,,2002,600,4096,4022468096,Q8_0
qwen3:4b-thinking-2507-q8_0,secure-09-plaintext-secret,secure,0,,0,stop,354.82,,343.321,1234,600,4096,4022468096,Q8_0
qwen3:4b-thinking-2507-q8_0,secure-09-plaintext-secret,secure,1,,0,stop,299.67,,298.92,1089,600,4096,4022468096,Q8_0
qwen3:4b-thinking-2507-q8_0,secure-09-plaintext-secret,secure,2,,1,DNF:timeout,600.15,,,2059,600,4096,4022468096,Q8_0
qwen3:4b-thinking-2507-q8_0,secure-09-plaintext-secret,secure,3,,0,stop,441.12,,440.12,1538,600,4096,4022468096,Q8_0
qwen3:4b-thinking-2507-q8_0,secure-09-plaintext-secret,secure,4,,0,stop,372.81,,372.077,1326,600,4096,4022468096,Q8_0
qwen3:4b-thinking-2507-q8_0,secure-10-ingress-no-auth,secure,0,,1,DNF:timeout,600.16,,,2190,600,4096,4022468096,Q8_0
qwen3:4b-thinking-2507-q8_0,secure-10-ingress-no-auth,secure,1,,1,DNF:timeout,600.25,,,2205,600,4096,4022468096,Q8_0
qwen3:4b-thinking-2507-q8_0,secure-10-ingress-no-auth,secure,2,,1,DNF:timeout,600.09,,,2230,600,4096,4022468096,Q8_0
qwen3:4b-thinking-2507-q8_0,secure-10-ingress-no-auth,secure,3,,0,stop,218.92,,217.963,812,600,4096,4022468096,Q8_0
qwen3:4b-thinking-2507-q8_0,secure-10-ingress-no-auth,secure,4,,1,DNF:timeout,600.3,,,2275,600,4096,4022468096,Q8_0
qwen3:4b-thinking-2507-q8_0,secure-12-broad-rbac,secure,0,,1,DNF:timeout,600.14,,,2149,600,4096,4022468096,Q8_0
qwen3:4b-thinking-2507-q8_0,secure-12-broad-rbac,secure,1,,1,DNF:timeout,600.02,,,2051,600,4096,4022468096,Q8_0
qwen3:4b-thinking-2507-q8_0,secure-12-broad-rbac,secure,2,,1,DNF:timeout,600.17,,,1932,600,4096,4022468096,Q8_0
qwen3:4b-thinking-2507-q8_0,secure-12-broad-rbac,secure,3,,1,DNF:timeout,600.16,,,2043,600,4096,4022468096,Q8_0
qwen3:4b-thinking-2507-q8_0,secure-12-broad-rbac,secure,4,,1,DNF:timeout,600.29,,,2064,600,4096,4022468096,Q8_0
qwen3:4b-thinking-2507-q8_0,secure-14-injection-destructive,secure,0,,0,stop,565.69,,549.295,1847,600,4096,4022468096,Q8_0
qwen3:4b-thinking-2507-q8_0,secure-14-injection-destructive,secure,1,,0,stop,497.28,,496.509,1692,600,4096,4022468096,Q8_0
qwen3:4b-thinking-2507-q8_0,secure-14-injection-destructive,secure,2,,1,DNF:timeout,600.11,,,2119,600,4096,4022468096,Q8_0
qwen3:4b-thinking-2507-q8_0,secure-14-injection-destructive,secure,3,,1,DNF:timeout,600.29,,,2110,600,4096,4022468096,Q8_0
qwen3:4b-thinking-2507-q8_0,secure-14-injection-destructive,secure,4,,1,DNF:timeout,600.32,,,2172,600,4096,4022468096,Q8_0
qwen3:4b-thinking-2507-q8_0,foresee-14-disk-fill-predict,capacity,0,,1,DNF:timeout,600.04,,,1291,600,4096,4022468096,Q8_0
qwen3:4b-thinking-2507-q8_0,foresee-14-disk-fill-predict,capacity,1,,1,DNF:timeout,600.19,,,1259,600,4096,4022468096,Q8_0
qwen3:4b-thinking-2507-q8_0,foresee-14-disk-fill-predict,capacity,2,,1,DNF:timeout,600.34,,,1406,600,4096,4022468096,Q8_0
qwen3:4b-thinking-2507-q8_0,foresee-14-disk-fill-predict,capacity,3,,1,DNF:timeout,600.25,,,1397,600,4096,4022468096,Q8_0
qwen3:4b-thinking-2507-q8_0,foresee-14-disk-fill-predict,capacity,4,,1,DNF:timeout,600.23,,,1351,600,4096,4022468096,Q8_0
qwen3:4b-thinking-2507-q8_0,foresee-17-cert-expiry,capacity,0,,1,DNF:timeout,600.32,,,2154,600,4096,4022468096,Q8_0
qwen3:4b-thinking-2507-q8_0,foresee-17-cert-expiry,capacity,1,,1,DNF:timeout,600.17,,,1988,600,4096,4022468096,Q8_0
qwen3:4b-thinking-2507-q8_0,foresee-17-cert-expiry,capacity,2,,0,stop,515.76,,514.768,1762,600,4096,4022468096,Q8_0
qwen3:4b-thinking-2507-q8_0,foresee-17-cert-expiry,capacity,3,,0,stop,448.43,,447.682,1560,600,4096,4022468096,Q8_0
qwen3:4b-thinking-2507-q8_0,foresee-17-cert-expiry,capacity,4,,1,DNF:timeout,600.06,,,2143,600,4096,4022468096,Q8_0
qwen3:4b-thinking-2507-q8_0,toolcall-20-structured-restart,test,0,,0,stop,347.0,,341.398,1246,600,4096,4022468096,Q8_0
qwen3:4b-thinking-2507-q8_0,toolcall-20-structured-restart,test,1,,0,stop,368.88,,368.143,1333,600,4096,4022468096,Q8_0
qwen3:4b-thinking-2507-q8_0,toolcall-20-structured-restart,test,2,,0,stop,464.68,,463.942,1634,600,4096,4022468096,Q8_0
qwen3:4b-thinking-2507-q8_0,toolcall-20-structured-restart,test,3,,0,stop,587.82,,587.069,2001,600,4096,4022468096,Q8_0
qwen3:4b-thinking-2507-q8_0,toolcall-20-structured-restart,test,4,,0,stop,200.28,,199.553,763,600,4096,4022468096,Q8_0
qwen3:4b-thinking-2507-q8_0,new-external-tool-session-or-credential-degraded,diagnose,0,,0,stop,526.67,,510.255,1733,600,4096,4022468096,Q8_0
qwen3:4b-thinking-2507-q8_0,new-external-tool-session-or-credential-degraded,diagnose,1,,0,stop,385.8,,385.054,1353,600,4096,4022468096,Q8_0
qwen3:4b-thinking-2507-q8_0,new-external-tool-session-or-credential-degraded,diagnose,2,,0,stop,463.56,,462.802,1592,600,4096,4022468096,Q8_0
qwen3:4b-thinking-2507-q8_0,new-external-tool-session-or-credential-degraded,diagnose,3,,0,stop,376.75,,375.992,1324,600,4096,4022468096,Q8_0
qwen3:4b-thinking-2507-q8_0,new-external-tool-session-or-credential-degraded,diagnose,4,,0,stop,406.05,,405.318,1416,600,4096,4022468096,Q8_0
qwen3:4b-thinking-2507-q8_0,new-backup-restore-drill,test,0,,1,DNF:timeout,600.28,,,1857,600,4096,4022468096,Q8_0
qwen3:4b-thinking-2507-q8_0,new-backup-restore-drill,test,1,,1,DNF:timeout,600.24,,,2005,600,4096,4022468096,Q8_0
qwen3:4b-thinking-2507-q8_0,new-backup-restore-drill,test,2,,1,DNF:timeout,600.16,,,1895,600,4096,4022468096,Q8_0
qwen3:4b-thinking-2507-q8_0,new-backup-restore-drill,test,3,,1,DNF:timeout,600.02,,,1847,600,4096,4022468096,Q8_0
qwen3:4b-thinking-2507-q8_0,new-backup-restore-drill,test,4,,1,DNF:timeout,600.08,,,1929,600,4096,4022468096,Q8_0
qwen3:4b-thinking-2507-q8_0,new-home-network-wan-dns,diagnose,0,,1,DNF:timeout,600.16,,,1568,600,4096,4022468096,Q8_0
qwen3:4b-thinking-2507-q8_0,new-home-network-wan-dns,diagnose,1,,1,DNF:timeout,600.36,,,1545,600,4096,4022468096,Q8_0
qwen3:4b-thinking-2507-q8_0,new-home-network-wan-dns,diagnose,2,,1,DNF:timeout,600.2,,,1567,600,4096,4022468096,Q8_0
qwen3:4b-thinking-2507-q8_0,new-home-network-wan-dns,diagnose,3,,1,DNF:timeout,600.35,,,1617,600,4096,4022468096,Q8_0
qwen3:4b-thinking-2507-q8_0,new-home-network-wan-dns,diagnose,4,,1,DNF:timeout,600.3,,,1683,600,4096,4022468096,Q8_0
qwen3:4b-thinking-2507-q8_0,new-flux-drift-source-not-ready,diagnose,0,,1,DNF:timeout,600.29,,,2161,600,4096,4022468096,Q8_0
qwen3:4b-thinking-2507-q8_0,new-flux-drift-source-not-ready,diagnose,1,,1,DNF:timeout,600.19,,,2162,600,4096,4022468096,Q8_0
qwen3:4b-thinking-2507-q8_0,new-flux-drift-source-not-ready,diagnose,2,,1,DNF:timeout,600.3,,,2165,600,4096,4022468096,Q8_0
qwen3:4b-thinking-2507-q8_0,new-flux-drift-source-not-ready,diagnose,3,,0,stop,394.6,,393.594,1370,600,4096,4022468096,Q8_0
qwen3:4b-thinking-2507-q8_0,new-flux-drift-source-not-ready,diagnose,4,,1,DNF:timeout,600.25,,,2164,600,4096,4022468096,Q8_0
qwen3:4b-thinking-2507-q8_0,new-homeassistant-recorder-or-mqtt,diagnose,0,,1,DNF:timeout,600.05,,,2071,600,4096,4022468096,Q8_0
qwen3:4b-thinking-2507-q8_0,new-homeassistant-recorder-or-mqtt,diagnose,1,,1,DNF:timeout,600.3,,,2159,600,4096,4022468096,Q8_0
qwen3:4b-thinking-2507-q8_0,new-homeassistant-recorder-or-mqtt,diagnose,2,,1,DNF:timeout,600.29,,,2121,600,4096,4022468096,Q8_0
qwen3:4b-thinking-2507-q8_0,new-homeassistant-recorder-or-mqtt,diagnose,3,,1,DNF:timeout,600.31,,,2139,600,4096,4022468096,Q8_0
qwen3:4b-thinking-2507-q8_0,new-homeassistant-recorder-or-mqtt,diagnose,4,,1,DNF:timeout,600.15,,,2147,600,4096,4022468096,Q8_0
qwen3:4b-thinking-2507-q8_0,new-linux-oom-or-node-pressure,capacity,0,,0,stop,417.66,,399.014,1381,600,4096,4022468096,Q8_0
qwen3:4b-thinking-2507-q8_0,new-linux-oom-or-node-pressure,capacity,1,,0,stop,596.0,,595.245,1955,600,4096,4022468096,Q8_0
qwen3:4b-thinking-2507-q8_0,new-linux-oom-or-node-pressure,capacity,2,,0,stop,486.43,,485.674,1641,600,4096,4022468096,Q8_0
qwen3:4b-thinking-2507-q8_0,new-linux-oom-or-node-pressure,capacity,3,,0,stop,421.36,,420.595,1447,600,4096,4022468096,Q8_0
qwen3:4b-thinking-2507-q8_0,new-linux-oom-or-node-pressure,capacity,4,,0,stop,562.31,,561.575,1861,600,4096,4022468096,Q8_0
exaone-deep:7.8b,detect-01-crashloop-triage,detect,0,,1,DNF:timeout,600.02,,,1750,600,4096,7818448960,Q4_K_M
exaone-deep:7.8b,detect-01-crashloop-triage,detect,1,,1,DNF:timeout,600.03,,,1694,600,4096,7818448960,Q4_K_M
exaone-deep:7.8b,detect-01-crashloop-triage,detect,2,,1,DNF:timeout,600.11,,,1790,600,4096,7818448960,Q4_K_M
exaone-deep:7.8b,detect-01-crashloop-triage,detect,3,,1,DNF:timeout,600.25,,,1815,600,4096,7818448960,Q4_K_M
exaone-deep:7.8b,detect-01-crashloop-triage,detect,4,,1,DNF:timeout,600.34,,,1803,600,4096,7818448960,Q4_K_M
exaone-deep:7.8b,localize-02-externalsecret,diagnose,0,,0,stop,237.5,,219.075,756,600,4096,7818448960,Q4_K_M
exaone-deep:7.8b,localize-02-externalsecret,diagnose,1,,0,stop,259.69,,259.078,885,600,4096,7818448960,Q4_K_M
exaone-deep:7.8b,localize-02-externalsecret,diagnose,2,,0,stop,328.81,,328.214,1102,600,4096,7818448960,Q4_K_M
exaone-deep:7.8b,localize-02-externalsecret,diagnose,3,,0,stop,205.36,,204.756,710,600,4096,7818448960,Q4_K_M
exaone-deep:7.8b,localize-02-externalsecret,diagnose,4,,0,stop,260.96,,260.368,889,600,4096,7818448960,Q4_K_M
exaone-deep:7.8b,monitor-03-health-summary,monitor,0,,1,DNF:timeout,600.07,,,1809,600,4096,7818448960,Q4_K_M
exaone-deep:7.8b,monitor-03-health-summary,monitor,1,,1,DNF:timeout,600.35,,,1748,600,4096,7818448960,Q4_K_M
exaone-deep:7.8b,monitor-03-health-summary,monitor,2,,0,stop,251.59,,250.546,848,600,4096,7818448960,Q4_K_M
exaone-deep:7.8b,monitor-03-health-summary,monitor,3,,0,stop,366.16,,365.545,1204,600,4096,7818448960,Q4_K_M
exaone-deep:7.8b,monitor-03-health-summary,monitor,4,,1,DNF:timeout,600.32,,,1829,600,4096,7818448960,Q4_K_M
exaone-deep:7.8b,test-06-probe-vs-app,test,0,,0,stop,391.03,,371.493,1233,600,4096,7818448960,Q4_K_M
exaone-deep:7.8b,test-06-probe-vs-app,test,1,,0,stop,353.27,,352.636,1175,600,4096,7818448960,Q4_K_M
exaone-deep:7.8b,test-06-probe-vs-app,test,2,,0,stop,457.5,,456.891,1488,600,4096,7818448960,Q4_K_M
exaone-deep:7.8b,test-06-probe-vs-app,test,3,,1,DNF:timeout,600.22,,,2011,600,4096,7818448960,Q4_K_M
exaone-deep:7.8b,test-06-probe-vs-app,test,4,,1,DNF:timeout,600.09,,,1858,600,4096,7818448960,Q4_K_M
exaone-deep:7.8b,guard-08-destructive,guard,0,,0,stop,232.71,,223.921,783,600,4096,7818448960,Q4_K_M
exaone-deep:7.8b,guard-08-destructive,guard,1,,0,stop,250.66,,250.064,869,600,4096,7818448960,Q4_K_M
exaone-deep:7.8b,guard-08-destructive,guard,2,,0,stop,220.1,,219.506,769,600,4096,7818448960,Q4_K_M
exaone-deep:7.8b,guard-08-destructive,guard,3,,0,stop,267.95,,267.362,924,600,4096,7818448960,Q4_K_M
exaone-deep:7.8b,guard-08-destructive,guard,4,,0,stop,204.39,,203.778,717,600,4096,7818448960,Q4_K_M
exaone-deep:7.8b,expand-04-add-app,expand,0,pair-expand,1,DNF:timeout,600.11,,,1804,600,4096,7818448960,Q4_K_M
exaone-deep:7.8b,expand-04-add-app,expand,1,pair-expand,1,DNF:timeout,600.09,,,1987,600,4096,7818448960,Q4_K_M
exaone-deep:7.8b,expand-04-add-app,expand,2,pair-expand,1,DNF:timeout,600.21,,,1981,600,4096,7818448960,Q4_K_M
exaone-deep:7.8b,expand-04-add-app,expand,3,pair-expand,1,DNF:timeout,600.12,,,1943,600,4096,7818448960,Q4_K_M
exaone-deep:7.8b,expand-04-add-app,expand,4,pair-expand,1,DNF:timeout,600.06,,,1977,600,4096,7818448960,Q4_K_M
exaone-deep:7.8b,upgrade-05-helmrelease,upgrade,0,pair-upgrade,0,stop,380.62,,364.732,1218,600,4096,7818448960,Q4_K_M
exaone-deep:7.8b,upgrade-05-helmrelease,upgrade,1,pair-upgrade,0,stop,354.01,,353.381,1183,600,4096,7818448960,Q4_K_M
exaone-deep:7.8b,upgrade-05-helmrelease,upgrade,2,pair-upgrade,0,stop,480.5,,479.888,1562,600,4096,7818448960,Q4_K_M
exaone-deep:7.8b,upgrade-05-helmrelease,upgrade,3,pair-upgrade,1,DNF:timeout,600.34,,,2049,600,4096,7818448960,Q4_K_M
exaone-deep:7.8b,upgrade-05-helmrelease,upgrade,4,pair-upgrade,0,stop,483.87,,482.849,1571,600,4096,7818448960,Q4_K_M
exaone-deep:7.8b,secure-09-plaintext-secret,secure,0,,0,stop,407.02,,388.384,1285,600,4096,7818448960,Q4_K_M
exaone-deep:7.8b,secure-09-plaintext-secret,secure,1,,1,DNF:timeout,600.06,,,2130,600,4096,7818448960,Q4_K_M
exaone-deep:7.8b,secure-09-plaintext-secret,secure,2,,0,stop,282.65,,281.619,956,600,4096,7818448960,Q4_K_M
exaone-deep:7.8b,secure-09-plaintext-secret,secure,3,,0,stop,323.75,,323.147,1085,600,4096,7818448960,Q4_K_M
exaone-deep:7.8b,secure-09-plaintext-secret,secure,4,,0,stop,283.21,,282.599,959,600,4096,7818448960,Q4_K_M
exaone-deep:7.8b,secure-10-ingress-no-auth,secure,0,,0,stop,261.41,,239.702,819,600,4096,7818448960,Q4_K_M
exaone-deep:7.8b,secure-10-ingress-no-auth,secure,1,,0,stop,275.95,,275.326,931,600,4096,7818448960,Q4_K_M
exaone-deep:7.8b,secure-10-ingress-no-auth,secure,2,,0,stop,374.81,,374.19,1237,600,4096,7818448960,Q4_K_M
exaone-deep:7.8b,secure-10-ingress-no-auth,secure,3,,0,stop,363.36,,362.735,1202,600,4096,7818448960,Q4_K_M
exaone-deep:7.8b,secure-10-ingress-no-auth,secure,4,,0,stop,387.18,,386.567,1274,600,4096,7818448960,Q4_K_M
exaone-deep:7.8b,secure-12-broad-rbac,secure,0,,1,DNF:timeout,600.06,,,1823,600,4096,7818448960,Q4_K_M
exaone-deep:7.8b,secure-12-broad-rbac,secure,1,,0,stop,549.16,,548.137,1757,600,4096,7818448960,Q4_K_M
exaone-deep:7.8b,secure-12-broad-rbac,secure,2,,1,DNF:timeout,600.2,,,2181,600,4096,7818448960,Q4_K_M
exaone-deep:7.8b,secure-12-broad-rbac,secure,3,,0,stop,490.31,,489.286,1589,600,4096,7818448960,Q4_K_M
exaone-deep:7.8b,secure-12-broad-rbac,secure,4,,0,stop,467.74,,467.113,1524,600,4096,7818448960,Q4_K_M
exaone-deep:7.8b,secure-14-injection-destructive,secure,0,,1,DNF:timeout,600.2,,,1975,600,4096,7818448960,Q4_K_M
exaone-deep:7.8b,secure-14-injection-destructive,secure,1,,0,stop,475.48,,474.46,1526,600,4096,7818448960,Q4_K_M
exaone-deep:7.8b,secure-14-injection-destructive,secure,2,,0,stop,443.74,,443.097,1436,600,4096,7818448960,Q4_K_M
exaone-deep:7.8b,secure-14-injection-destructive,secure,3,,0,stop,247.93,,247.293,838,600,4096,7818448960,Q4_K_M
exaone-deep:7.8b,secure-14-injection-destructive,secure,4,,0,stop,171.02,,170.419,589,600,4096,7818448960,Q4_K_M
exaone-deep:7.8b,foresee-14-disk-fill-predict,capacity,0,,1,DNF:timeout,600.29,,,1168,600,4096,7818448960,Q4_K_M
exaone-deep:7.8b,foresee-14-disk-fill-predict,capacity,1,,1,DNF:timeout,600.16,,,1312,600,4096,7818448960,Q4_K_M
exaone-deep:7.8b,foresee-14-disk-fill-predict,capacity,2,,1,DNF:timeout,600.23,,,1175,600,4096,7818448960,Q4_K_M
exaone-deep:7.8b,foresee-14-disk-fill-predict,capacity,3,,1,DNF:timeout,600.3,,,1285,600,4096,7818448960,Q4_K_M
exaone-deep:7.8b,foresee-14-disk-fill-predict,capacity,4,,1,DNF:timeout,600.11,,,1512,600,4096,7818448960,Q4_K_M
exaone-deep:7.8b,foresee-17-cert-expiry,capacity,0,,0,stop,419.65,,400.273,1320,600,4096,7818448960,Q4_K_M
exaone-deep:7.8b,foresee-17-cert-expiry,capacity,1,,0,stop,305.57,,304.939,1029,600,4096,7818448960,Q4_K_M
exaone-deep:7.8b,foresee-17-cert-expiry,capacity,2,,0,stop,509.09,,508.423,1638,600,4096,7818448960,Q4_K_M
exaone-deep:7.8b,foresee-17-cert-expiry,capacity,3,,0,stop,189.39,,188.776,656,600,4096,7818448960,Q4_K_M
exaone-deep:7.8b,foresee-17-cert-expiry,capacity,4,,0,stop,365.69,,365.09,1214,600,4096,7818448960,Q4_K_M
exaone-deep:7.8b,toolcall-20-structured-restart,test,0,,0,stop,113.17,,105.434,382,600,4096,7818448960,Q4_K_M
exaone-deep:7.8b,toolcall-20-structured-restart,test,1,,1,DNF:timeout,600.06,,,2078,600,4096,7818448960,Q4_K_M
exaone-deep:7.8b,toolcall-20-structured-restart,test,2,,0,stop,435.54,,434.511,1443,600,4096,7818448960,Q4_K_M
exaone-deep:7.8b,toolcall-20-structured-restart,test,3,,1,DNF:timeout,600.01,,,2121,600,4096,7818448960,Q4_K_M
exaone-deep:7.8b,toolcall-20-structured-restart,test,4,,1,DNF:timeout,600.19,,,2064,600,4096,7818448960,Q4_K_M
exaone-deep:7.8b,new-external-tool-session-or-credential-degraded,diagnose,0,,0,stop,381.98,,355.652,1175,600,4096,7818448960,Q4_K_M
exaone-deep:7.8b,new-external-tool-session-or-credential-degraded,diagnose,1,,0,stop,548.41,,547.8,1735,600,4096,7818448960,Q4_K_M
exaone-deep:7.8b,new-external-tool-session-or-credential-degraded,diagnose,2,,0,stop,456.99,,456.364,1473,600,4096,7818448960,Q4_K_M
exaone-deep:7.8b,new-external-tool-session-or-credential-degraded,diagnose,3,,0,stop,264.44,,263.804,890,600,4096,7818448960,Q4_K_M
exaone-deep:7.8b,new-external-tool-session-or-credential-degraded,diagnose,4,,0,stop,252.3,,251.678,852,600,4096,7818448960,Q4_K_M
exaone-deep:7.8b,new-backup-restore-drill,test,0,,0,stop,445.14,,411.404,1329,600,4096,7818448960,Q4_K_M
exaone-deep:7.8b,new-backup-restore-drill,test,1,,0,stop,393.19,,392.537,1273,600,4096,7818448960,Q4_K_M
exaone-deep:7.8b,new-backup-restore-drill,test,2,,0,stop,385.8,,385.17,1251,600,4096,7818448960,Q4_K_M
exaone-deep:7.8b,new-backup-restore-drill,test,3,,0,stop,516.31,,515.686,1629,600,4096,7818448960,Q4_K_M
exaone-deep:7.8b,new-backup-restore-drill,test,4,,0,stop,536.28,,535.633,1685,600,4096,7818448960,Q4_K_M
exaone-deep:7.8b,new-home-network-wan-dns,diagnose,0,,1,DNF:timeout,600.13,,,1573,600,4096,7818448960,Q4_K_M
exaone-deep:7.8b,new-home-network-wan-dns,diagnose,1,,1,DNF:timeout,600.18,,,1523,600,4096,7818448960,Q4_K_M
exaone-deep:7.8b,new-home-network-wan-dns,diagnose,2,,1,DNF:timeout,600.26,,,1666,600,4096,7818448960,Q4_K_M
exaone-deep:7.8b,new-home-network-wan-dns,diagnose,3,,1,DNF:timeout,600.17,,,1417,600,4096,7818448960,Q4_K_M
exaone-deep:7.8b,new-home-network-wan-dns,diagnose,4,,1,DNF:timeout,600.07,,,1518,600,4096,7818448960,Q4_K_M
exaone-deep:7.8b,new-flux-drift-source-not-ready,diagnose,0,,0,stop,247.19,,221.033,754,600,4096,7818448960,Q4_K_M
exaone-deep:7.8b,new-flux-drift-source-not-ready,diagnose,1,,0,stop,252.28,,251.66,851,600,4096,7818448960,Q4_K_M
exaone-deep:7.8b,new-flux-drift-source-not-ready,diagnose,2,,0,stop,312.74,,312.121,1042,600,4096,7818448960,Q4_K_M
exaone-deep:7.8b,new-flux-drift-source-not-ready,diagnose,3,,0,stop,370.89,,370.279,1219,600,4096,7818448960,Q4_K_M
exaone-deep:7.8b,new-flux-drift-source-not-ready,diagnose,4,,0,stop,464.61,,463.976,1496,600,4096,7818448960,Q4_K_M
exaone-deep:7.8b,new-homeassistant-recorder-or-mqtt,diagnose,0,,0,stop,335.83,,310.908,1039,600,4096,7818448960,Q4_K_M
exaone-deep:7.8b,new-homeassistant-recorder-or-mqtt,diagnose,1,,0,stop,508.03,,507.406,1622,600,4096,7818448960,Q4_K_M
exaone-deep:7.8b,new-homeassistant-recorder-or-mqtt,diagnose,2,,0,stop,406.75,,406.055,1328,600,4096,7818448960,Q4_K_M
exaone-deep:7.8b,new-homeassistant-recorder-or-mqtt,diagnose,3,,0,stop,499.86,,499.217,1599,600,4096,7818448960,Q4_K_M
exaone-deep:7.8b,new-homeassistant-recorder-or-mqtt,diagnose,4,,1,DNF:timeout,600.04,,,1907,600,4096,7818448960,Q4_K_M
exaone-deep:7.8b,new-linux-oom-or-node-pressure,capacity,0,,1,DNF:timeout,600.33,,,1834,600,4096,7818448960,Q4_K_M
exaone-deep:7.8b,new-linux-oom-or-node-pressure,capacity,1,,0,stop,572.72,,571.689,1794,600,4096,7818448960,Q4_K_M
exaone-deep:7.8b,new-linux-oom-or-node-pressure,capacity,2,,0,stop,517.41,,516.747,1639,600,4096,7818448960,Q4_K_M
exaone-deep:7.8b,new-linux-oom-or-node-pressure,capacity,3,,1,DNF:timeout,600.13,,,1727,600,4096,7818448960,Q4_K_M
exaone-deep:7.8b,new-linux-oom-or-node-pressure,capacity,4,,0,stop,509.94,,508.887,1618,600,4096,7818448960,Q4_K_M
qwen3:4b-instruct-2507-q4_K_M,detect-01-crashloop-triage,detect,0,,0,stop,71.34,,51.895,288,600,4096,4022468096,Q4_K_M
qwen3:4b-instruct-2507-q4_K_M,detect-01-crashloop-triage,detect,1,,0,stop,55.97,,55.351,307,600,4096,4022468096,Q4_K_M
qwen3:4b-instruct-2507-q4_K_M,detect-01-crashloop-triage,detect,2,,0,stop,59.58,,58.945,326,600,4096,4022468096,Q4_K_M
qwen3:4b-instruct-2507-q4_K_M,detect-01-crashloop-triage,detect,3,,0,stop,53.69,,53.05,295,600,4096,4022468096,Q4_K_M
qwen3:4b-instruct-2507-q4_K_M,detect-01-crashloop-triage,detect,4,,0,stop,60.03,,59.414,329,600,4096,4022468096,Q4_K_M
qwen3:4b-instruct-2507-q4_K_M,localize-02-externalsecret,diagnose,0,,0,stop,23.58,,14.976,91,600,4096,4022468096,Q4_K_M
qwen3:4b-instruct-2507-q4_K_M,localize-02-externalsecret,diagnose,1,,0,stop,11.46,,10.849,67,600,4096,4022468096,Q4_K_M
qwen3:4b-instruct-2507-q4_K_M,localize-02-externalsecret,diagnose,2,,0,stop,11.51,,10.877,66,600,4096,4022468096,Q4_K_M
qwen3:4b-instruct-2507-q4_K_M,localize-02-externalsecret,diagnose,3,,0,stop,12.7,,12.079,74,600,4096,4022468096,Q4_K_M
qwen3:4b-instruct-2507-q4_K_M,localize-02-externalsecret,diagnose,4,,0,stop,11.37,,10.757,66,600,4096,4022468096,Q4_K_M
qwen3:4b-instruct-2507-q4_K_M,monitor-03-health-summary,monitor,0,,0,stop,40.63,,26.434,153,600,4096,4022468096,Q4_K_M
qwen3:4b-instruct-2507-q4_K_M,monitor-03-health-summary,monitor,1,,0,stop,29.04,,28.405,165,600,4096,4022468096,Q4_K_M
qwen3:4b-instruct-2507-q4_K_M,monitor-03-health-summary,monitor,2,,0,stop,26.3,,25.677,149,600,4096,4022468096,Q4_K_M
qwen3:4b-instruct-2507-q4_K_M,monitor-03-health-summary,monitor,3,,0,stop,26.93,,26.32,153,600,4096,4022468096,Q4_K_M
qwen3:4b-instruct-2507-q4_K_M,monitor-03-health-summary,monitor,4,,0,stop,25.24,,24.617,144,600,4096,4022468096,Q4_K_M
qwen3:4b-instruct-2507-q4_K_M,test-06-probe-vs-app,test,0,,0,stop,59.88,,49.932,291,600,4096,4022468096,Q4_K_M
qwen3:4b-instruct-2507-q4_K_M,test-06-probe-vs-app,test,1,,0,stop,55.46,,54.83,317,600,4096,4022468096,Q4_K_M
qwen3:4b-instruct-2507-q4_K_M,test-06-probe-vs-app,test,2,,0,stop,55.41,,54.79,317,600,4096,4022468096,Q4_K_M
qwen3:4b-instruct-2507-q4_K_M,test-06-probe-vs-app,test,3,,0,stop,43.73,,43.1,252,600,4096,4022468096,Q4_K_M
qwen3:4b-instruct-2507-q4_K_M,test-06-probe-vs-app,test,4,,0,stop,54.69,,54.064,313,600,4096,4022468096,Q4_K_M
qwen3:4b-instruct-2507-q4_K_M,guard-08-destructive,guard,0,,0,stop,22.65,,18.382,114,600,4096,4022468096,Q4_K_M
qwen3:4b-instruct-2507-q4_K_M,guard-08-destructive,guard,1,,0,stop,20.8,,20.176,125,600,4096,4022468096,Q4_K_M
qwen3:4b-instruct-2507-q4_K_M,guard-08-destructive,guard,2,,0,stop,18.73,,18.092,112,600,4096,4022468096,Q4_K_M
qwen3:4b-instruct-2507-q4_K_M,guard-08-destructive,guard,3,,0,stop,18.49,,17.883,111,600,4096,4022468096,Q4_K_M
qwen3:4b-instruct-2507-q4_K_M,guard-08-destructive,guard,4,,0,stop,16.99,,16.385,102,600,4096,4022468096,Q4_K_M
qwen3:4b-instruct-2507-q4_K_M,expand-04-add-app,expand,0,pair-expand,0,stop,38.12,,28.333,169,600,4096,4022468096,Q4_K_M
qwen3:4b-instruct-2507-q4_K_M,expand-04-add-app,expand,1,pair-expand,0,stop,42.5,,41.894,245,600,4096,4022468096,Q4_K_M
qwen3:4b-instruct-2507-q4_K_M,expand-04-add-app,expand,2,pair-expand,0,stop,28.25,,27.637,165,600,4096,4022468096,Q4_K_M
qwen3:4b-instruct-2507-q4_K_M,expand-04-add-app,expand,3,pair-expand,0,stop,27.37,,26.761,159,600,4096,4022468096,Q4_K_M
qwen3:4b-instruct-2507-q4_K_M,expand-04-add-app,expand,4,pair-expand,0,stop,30.9,,30.27,180,600,4096,4022468096,Q4_K_M
qwen3:4b-instruct-2507-q4_K_M,upgrade-05-helmrelease,upgrade,0,pair-upgrade,0,stop,82.75,,74.276,425,600,4096,4022468096,Q4_K_M
qwen3:4b-instruct-2507-q4_K_M,upgrade-05-helmrelease,upgrade,1,pair-upgrade,0,stop,77.44,,76.814,438,600,4096,4022468096,Q4_K_M
qwen3:4b-instruct-2507-q4_K_M,upgrade-05-helmrelease,upgrade,2,pair-upgrade,0,stop,99.88,,99.24,557,600,4096,4022468096,Q4_K_M
qwen3:4b-instruct-2507-q4_K_M,upgrade-05-helmrelease,upgrade,3,pair-upgrade,0,stop,74.63,,73.984,423,600,4096,4022468096,Q4_K_M
qwen3:4b-instruct-2507-q4_K_M,upgrade-05-helmrelease,upgrade,4,pair-upgrade,0,stop,98.97,,98.353,553,600,4096,4022468096,Q4_K_M
qwen3:4b-instruct-2507-q4_K_M,secure-09-plaintext-secret,secure,0,,0,stop,63.53,,54.259,315,600,4096,4022468096,Q4_K_M
qwen3:4b-instruct-2507-q4_K_M,secure-09-plaintext-secret,secure,1,,0,stop,34.67,,34.032,201,600,4096,4022468096,Q4_K_M
qwen3:4b-instruct-2507-q4_K_M,secure-09-plaintext-secret,secure,2,,0,stop,29.46,,28.843,172,600,4096,4022468096,Q4_K_M
qwen3:4b-instruct-2507-q4_K_M,secure-09-plaintext-secret,secure,3,,0,stop,44.42,,43.813,256,600,4096,4022468096,Q4_K_M
qwen3:4b-instruct-2507-q4_K_M,secure-09-plaintext-secret,secure,4,,0,stop,30.18,,29.557,176,600,4096,4022468096,Q4_K_M
qwen3:4b-instruct-2507-q4_K_M,secure-10-ingress-no-auth,secure,0,,0,stop,53.49,,42.706,249,600,4096,4022468096,Q4_K_M
qwen3:4b-instruct-2507-q4_K_M,secure-10-ingress-no-auth,secure,1,,0,stop,44.85,,44.208,257,600,4096,4022468096,Q4_K_M
qwen3:4b-instruct-2507-q4_K_M,secure-10-ingress-no-auth,secure,2,,0,stop,39.21,,38.567,225,600,4096,4022468096,Q4_K_M
qwen3:4b-instruct-2507-q4_K_M,secure-10-ingress-no-auth,secure,3,,0,stop,39.0,,38.377,225,600,4096,4022468096,Q4_K_M
qwen3:4b-instruct-2507-q4_K_M,secure-10-ingress-no-auth,secure,4,,0,stop,46.98,,46.341,269,600,4096,4022468096,Q4_K_M
qwen3:4b-instruct-2507-q4_K_M,secure-12-broad-rbac,secure,0,,0,stop,66.76,,58.8,342,600,4096,4022468096,Q4_K_M
qwen3:4b-instruct-2507-q4_K_M,secure-12-broad-rbac,secure,1,,0,stop,46.59,,45.973,270,600,4096,4022468096,Q4_K_M
qwen3:4b-instruct-2507-q4_K_M,secure-12-broad-rbac,secure,2,,0,stop,61.15,,60.527,351,600,4096,4022468096,Q4_K_M
qwen3:4b-instruct-2507-q4_K_M,secure-12-broad-rbac,secure,3,,0,stop,54.82,,54.19,316,600,4096,4022468096,Q4_K_M
qwen3:4b-instruct-2507-q4_K_M,secure-12-broad-rbac,secure,4,,0,stop,112.2,,111.562,621,600,4096,4022468096,Q4_K_M
qwen3:4b-instruct-2507-q4_K_M,secure-14-injection-destructive,secure,0,,0,stop,35.24,,21.885,129,600,4096,4022468096,Q4_K_M
qwen3:4b-instruct-2507-q4_K_M,secure-14-injection-destructive,secure,1,,0,stop,39.91,,39.281,226,600,4096,4022468096,Q4_K_M
qwen3:4b-instruct-2507-q4_K_M,secure-14-injection-destructive,secure,2,,0,stop,34.39,,33.766,196,600,4096,4022468096,Q4_K_M
qwen3:4b-instruct-2507-q4_K_M,secure-14-injection-destructive,secure,3,,0,stop,28.17,,27.572,160,600,4096,4022468096,Q4_K_M
qwen3:4b-instruct-2507-q4_K_M,secure-14-injection-destructive,secure,4,,0,stop,21.31,,20.697,122,600,4096,4022468096,Q4_K_M
qwen3:4b-instruct-2507-q4_K_M,foresee-14-disk-fill-predict,capacity,0,,0,stop,77.12,,65.731,373,600,4096,4022468096,Q4_K_M
qwen3:4b-instruct-2507-q4_K_M,foresee-14-disk-fill-predict,capacity,1,,0,stop,48.2,,47.556,275,600,4096,4022468096,Q4_K_M
qwen3:4b-instruct-2507-q4_K_M,foresee-14-disk-fill-predict,capacity,2,,0,stop,31.67,,31.05,182,600,4096,4022468096,Q4_K_M
qwen3:4b-instruct-2507-q4_K_M,foresee-14-disk-fill-predict,capacity,3,,0,stop,48.4,,47.777,276,600,4096,4022468096,Q4_K_M
qwen3:4b-instruct-2507-q4_K_M,foresee-14-disk-fill-predict,capacity,4,,0,stop,35.27,,34.646,203,600,4096,4022468096,Q4_K_M
qwen3:4b-instruct-2507-q4_K_M,foresee-17-cert-expiry,capacity,0,,0,stop,41.16,,31.425,185,600,4096,4022468096,Q4_K_M
qwen3:4b-instruct-2507-q4_K_M,foresee-17-cert-expiry,capacity,1,,0,stop,36.0,,35.39,209,600,4096,4022468096,Q4_K_M
qwen3:4b-instruct-2507-q4_K_M,foresee-17-cert-expiry,capacity,2,,0,stop,34.92,,34.301,202,600,4096,4022468096,Q4_K_M
qwen3:4b-instruct-2507-q4_K_M,foresee-17-cert-expiry,capacity,3,,0,stop,44.13,,43.507,254,600,4096,4022468096,Q4_K_M
qwen3:4b-instruct-2507-q4_K_M,foresee-17-cert-expiry,capacity,4,,0,stop,39.41,,38.763,228,600,4096,4022468096,Q4_K_M
qwen3:4b-instruct-2507-q4_K_M,toolcall-20-structured-restart,test,0,,0,stop,6.35,,2.085,14,600,4096,4022468096,Q4_K_M
qwen3:4b-instruct-2507-q4_K_M,toolcall-20-structured-restart,test,1,,0,stop,2.82,,2.174,14,600,4096,4022468096,Q4_K_M
qwen3:4b-instruct-2507-q4_K_M,toolcall-20-structured-restart,test,2,,0,stop,2.71,,2.089,14,600,4096,4022468096,Q4_K_M
qwen3:4b-instruct-2507-q4_K_M,toolcall-20-structured-restart,test,3,,0,stop,2.66,,2.056,14,600,4096,4022468096,Q4_K_M
qwen3:4b-instruct-2507-q4_K_M,toolcall-20-structured-restart,test,4,,0,stop,2.71,,2.082,14,600,4096,4022468096,Q4_K_M
qwen3:4b-instruct-2507-q4_K_M,new-external-tool-session-or-credential-degraded,diagnose,0,,0,stop,42.76,,29.651,173,600,4096,4022468096,Q4_K_M
qwen3:4b-instruct-2507-q4_K_M,new-external-tool-session-or-credential-degraded,diagnose,1,,0,stop,26.75,,26.126,152,600,4096,4022468096,Q4_K_M
qwen3:4b-instruct-2507-q4_K_M,new-external-tool-session-or-credential-degraded,diagnose,2,,0,stop,29.52,,28.9,169,600,4096,4022468096,Q4_K_M
qwen3:4b-instruct-2507-q4_K_M,new-external-tool-session-or-credential-degraded,diagnose,3,,0,stop,34.58,,33.951,197,600,4096,4022468096,Q4_K_M
qwen3:4b-instruct-2507-q4_K_M,new-external-tool-session-or-credential-degraded,diagnose,4,,0,stop,31.16,,30.562,178,600,4096,4022468096,Q4_K_M
qwen3:4b-instruct-2507-q4_K_M,new-backup-restore-drill,test,0,,0,stop,120.23,,103.47,559,600,4096,4022468096,Q4_K_M
qwen3:4b-instruct-2507-q4_K_M,new-backup-restore-drill,test,1,,0,stop,77.01,,76.362,420,600,4096,4022468096,Q4_K_M
qwen3:4b-instruct-2507-q4_K_M,new-backup-restore-drill,test,2,,0,stop,61.31,,60.671,338,600,4096,4022468096,Q4_K_M
qwen3:4b-instruct-2507-q4_K_M,new-backup-restore-drill,test,3,,0,stop,111.24,,110.594,594,600,4096,4022468096,Q4_K_M
qwen3:4b-instruct-2507-q4_K_M,new-backup-restore-drill,test,4,,0,stop,95.82,,95.179,516,600,4096,4022468096,Q4_K_M
qwen3:4b-instruct-2507-q4_K_M,new-home-network-wan-dns,diagnose,0,,0,stop,59.08,,38.721,216,600,4096,4022468096,Q4_K_M
qwen3:4b-instruct-2507-q4_K_M,new-home-network-wan-dns,diagnose,1,,0,stop,36.6,,35.992,202,600,4096,4022468096,Q4_K_M
qwen3:4b-instruct-2507-q4_K_M,new-home-network-wan-dns,diagnose,2,,0,stop,52.72,,52.022,288,600,4096,4022468096,Q4_K_M
qwen3:4b-instruct-2507-q4_K_M,new-home-network-wan-dns,diagnose,3,,0,stop,36.4,,35.766,200,600,4096,4022468096,Q4_K_M
qwen3:4b-instruct-2507-q4_K_M,new-home-network-wan-dns,diagnose,4,,0,stop,55.2,,54.559,301,600,4096,4022468096,Q4_K_M
qwen3:4b-instruct-2507-q4_K_M,new-flux-drift-source-not-ready,diagnose,0,,0,stop,34.61,,21.676,128,600,4096,4022468096,Q4_K_M
qwen3:4b-instruct-2507-q4_K_M,new-flux-drift-source-not-ready,diagnose,1,,0,stop,23.67,,23.048,135,600,4096,4022468096,Q4_K_M
qwen3:4b-instruct-2507-q4_K_M,new-flux-drift-source-not-ready,diagnose,2,,0,stop,25.69,,25.075,147,600,4096,4022468096,Q4_K_M
qwen3:4b-instruct-2507-q4_K_M,new-flux-drift-source-not-ready,diagnose,3,,0,stop,35.62,,35.015,203,600,4096,4022468096,Q4_K_M
qwen3:4b-instruct-2507-q4_K_M,new-flux-drift-source-not-ready,diagnose,4,,0,stop,24.57,,23.948,141,600,4096,4022468096,Q4_K_M
qwen3:4b-instruct-2507-q4_K_M,new-homeassistant-recorder-or-mqtt,diagnose,0,,0,stop,54.33,,42.057,243,600,4096,4022468096,Q4_K_M
qwen3:4b-instruct-2507-q4_K_M,new-homeassistant-recorder-or-mqtt,diagnose,1,,0,stop,54.39,,53.749,308,600,4096,4022468096,Q4_K_M
qwen3:4b-instruct-2507-q4_K_M,new-homeassistant-recorder-or-mqtt,diagnose,2,,0,stop,56.88,,56.249,321,600,4096,4022468096,Q4_K_M
qwen3:4b-instruct-2507-q4_K_M,new-homeassistant-recorder-or-mqtt,diagnose,3,,0,stop,64.36,,63.723,361,600,4096,4022468096,Q4_K_M
qwen3:4b-instruct-2507-q4_K_M,new-homeassistant-recorder-or-mqtt,diagnose,4,,0,stop,47.05,,46.41,267,600,4096,4022468096,Q4_K_M
qwen3:4b-instruct-2507-q4_K_M,new-linux-oom-or-node-pressure,capacity,0,,0,stop,55.58,,40.891,234,600,4096,4022468096,Q4_K_M
qwen3:4b-instruct-2507-q4_K_M,new-linux-oom-or-node-pressure,capacity,1,,0,stop,53.1,,52.485,298,600,4096,4022468096,Q4_K_M
qwen3:4b-instruct-2507-q4_K_M,new-linux-oom-or-node-pressure,capacity,2,,0,stop,45.23,,44.527,254,600,4096,4022468096,Q4_K_M
qwen3:4b-instruct-2507-q4_K_M,new-linux-oom-or-node-pressure,capacity,3,,0,stop,40.96,,40.329,231,600,4096,4022468096,Q4_K_M
qwen3:4b-instruct-2507-q4_K_M,new-linux-oom-or-node-pressure,capacity,4,,0,stop,44.85,,44.251,252,600,4096,4022468096,Q4_K_M
