bracket,wh_per_ans,tok_per_w
0-1B,0.024959431578947366,2.3168009458441334
1-2B,0.05811789473684211,1.4721493883737458
2-3B,0.09571334210526317,0.8308472941216464
3-4B,0.11707475789473684,0.6740839213809711
4-5GB,0.14489466836734693,0.7044351032771421
