arm,n,mean,lo,hi
instruct,660,0.7498075757575757,0.7301043939393937,0.7695091287878788
reasoning,60,0.4388333333333333,0.36935,0.5138337500000001
