bracket,n,mean,lo,hi
0-1B,630,0.6155428571428571,0.5923903174603176,0.6389523809523809
1-2B,660,0.7027106060606061,0.6819983333333333,0.7244242803030303
2-3B,570,0.7667333333333334,0.7464087280701753,0.7867649122807018
3-4B,720,0.7542055555555556,0.7354638194444443,0.7737639583333333
4-5GB,120,0.7979666666666667,0.7528333333333334,0.839625
