bracket,n,mean,lo,hi
0-1B,1995,0.3215037593984963,0.31478571428571434,0.3285726817042607
1-2B,2375,0.38303157894736845,0.3750736842105263,0.39103157894736845
2-3B,1900,0.513,0.5034736842105263,0.5224210526315789
3-4B,2280,0.5214035087719299,0.5126754385964912,0.5305701754385964
4-5GB,475,0.5677894736842105,0.5461052631578946,0.5892631578947368
