bracket,n,mean,lo,hi
0-1B,475,0.3461052631578948,0.3305263157894737,0.36168421052631583
1-2B,475,0.404421052631579,0.38526315789473686,0.4233684210526316
2-3B,475,0.49726315789473685,0.47684210526315796,0.5181052631578947
3-4B,475,0.5707368421052632,0.5522105263157895,0.5903157894736841
4-5GB,475,0.5677894736842105,0.5461052631578946,0.5892631578947368
