arm,n,mean,lo,hi
instruct,2700,0.7138529629629629,0.7030514444444445,0.7242841296296296
reasoning,120,0.4722166666666666,0.41312604166666667,0.5333002083333334
