bracket,n,mean,lo,hi
0-1B,150,0.6239733333333334,0.5795331666666667,0.6689868333333333
1-2B,120,0.7347833333333332,0.6875664583333333,0.7806002083333333
2-3B,120,0.7917333333333333,0.7521664583333332,0.831291875
3-4B,150,0.8155933333333333,0.77892,0.8505933333333333
4-5GB,120,0.7979666666666667,0.7528333333333334,0.839625
