bracket,wh_per_ans,tok_per_w
0-1B,0.041933192982456145,1.8867420123775633
1-2B,0.10611821894736842,0.9269318896522407
2-3B,0.1489934349030471,0.619449770820886
3-4B,0.1862042850877193,0.44965890358850485
4-5GB,0.14489466836734693,0.7044351032771421
