bracket,n,mean,lo,hi
0-1B,95,0.32631578947368417,0.29473684210526313,0.3600000000000001
1-2B,95,0.4315789473684213,0.3852631578947369,0.4778947368421053
2-3B,95,0.5242105263157895,0.4736842105263159,0.5726315789473686
3-4B,95,0.5705263157894735,0.5242105263157896,0.6168421052631579
4-5GB,95,0.5873684210526315,0.5347368421052632,0.6378947368421054
