model,bracket,quality,safety,energy_wh,mWh
qwen3:4b-instruct-2507-q8_0,4-5GB,0.7368421052631579,0.9083333333333333,0.15492852631578946,154.92852631578947
qwen3:4b-instruct-2507-q4_K_M,3-4B,0.7157894736842105,0.9083333333333333,0.10574157894736842,105.74157894736842
granite4:micro,2-3B,0.6421052631578947,0.7917333333333333,0.08062210526315788,80.62210526315788
qwen3:1.7b,1-2B,0.6105263157894737,0.8361333333333333,0.03571873684210526,35.71873684210526
granite4:1b-h,0-1B,0.3684210526315789,0.6778666666666666,0.029810631578947366,29.810631578947365
llama3.2:1b,0-1B,0.3684210526315789,0.6056666666666667,0.025537894736842103,25.5378947368421
qwen3:0.6b,0-1B,0.34736842105263155,0.6473,0.015051263157894736,15.051263157894736
smollm2:360m,0-1B,0.2631578947368421,0.6556,0.023484315789473683,23.484315789473683
