score,threshold,model,assigned,usable,measured_energy_wh,energy_n,score_n,missing_energy,missing_score,total_energy_wh,wh_per_attempt,wh_per_usable,cost_status
consensus,2.5,codegemma:2b,100,1,10.2505,100,100,0,0,10.2505,0.10250500000000001,10.2505,finite
consensus,2.5,codegemma:2b-code-q6_K,100,8,5.31285,100,100,0,0,5.31285,0.0531285,0.66410625,finite
consensus,2.5,cogito:3b,100,50,4.65268,100,100,0,0,4.65268,0.0465268,0.0930536,finite
consensus,2.5,cogito:3b-v1-preview-llama-q8_0,100,55,7.01172,100,100,0,0,7.01172,0.0701172,0.1274858181818182,finite
consensus,2.5,deepseek-coder:1.3b,100,10,6.54276,100,100,0,0,6.54276,0.0654276,0.6542760000000001,finite
consensus,2.5,deepseek-coder:1.3b-instruct-q8_0,100,8,9.7566,100,100,0,0,9.7566,0.097566,1.219575,finite
consensus,2.5,falcon3:1b,100,17,9.95422,100,100,0,0,9.95422,0.0995422,0.5855423529411764,finite
consensus,2.5,falcon3:1b-instruct-q8_0,100,17,9.96065,100,100,0,0,9.96065,0.09960649999999999,0.585920588235294,finite
consensus,2.5,falcon3:3b,100,39,5.86016,100,100,0,0,5.86016,0.0586016,0.1502605128205128,finite
consensus,2.5,falcon3:3b-instruct-q4_K_M,100,39,5.80189,100,100,0,0,5.80189,0.058018900000000005,0.14876641025641027,finite
consensus,2.5,falcon3:3b-instruct-q8_0,100,45,9.73247,100,100,0,0,9.73247,0.09732469999999999,0.2162771111111111,finite
consensus,2.5,gemma2:2b,100,53,6.47362,100,100,0,0,6.47362,0.06473620000000001,0.12214377358490566,finite
consensus,2.5,gemma2:2b-instruct-q4_K_M,100,64,6.00019,100,100,0,0,6.00019,0.0600019,0.09375296875,finite
consensus,2.5,gemma2:2b-instruct-q8_0,100,58,8.59835,100,100,0,0,8.59835,0.0859835,0.14824741379310344,finite
consensus,2.5,gemma3:1b,100,28,2.30552,100,100,0,0,2.30552,0.0230552,0.08234,finite
consensus,2.5,gemma3:1b-it-q8_0,100,25,2.39066,100,100,0,0,2.39066,0.0239066,0.0956264,finite
consensus,2.5,gemma3:1b-it-qat,100,32,2.05762,100,100,0,0,2.05762,0.0205762,0.064300625,finite
consensus,2.5,gemma3:270m,100,13,0.52651,100,100,0,0,0.52651,0.0052651,0.040500769230769236,finite
consensus,2.5,gemma3:270m-it-qat,100,9,0.77235,100,100,0,0,0.77235,0.0077234999999999995,0.08581666666666667,finite
consensus,2.5,gemma3:4b,100,72,6.41429,100,100,0,0,6.41429,0.0641429,0.08908736111111111,finite
consensus,2.5,gemma3:4b-it-q4_K_M,100,71,6.4258,100,100,0,0,6.4258,0.064258,0.09050422535211267,finite
consensus,2.5,gemma3:4b-it-q8_0,100,65,8.65949,100,100,0,0,8.65949,0.0865949,0.13322292307692307,finite
consensus,2.5,gemma3:4b-it-qat,100,59,7.70239,100,100,0,0,7.70239,0.0770239,0.13054898305084747,finite
consensus,2.5,gemma3n:e2b,100,69,6.48302,100,100,0,0,6.48302,0.0648302,0.0939568115942029,finite
consensus,2.5,gemma4:e2b-it-qat,100,83,5.04522,100,100,0,0,5.04522,0.050452199999999996,0.060785783132530115,finite
consensus,2.5,gemma:2b,100,27,4.85105,100,100,0,0,4.85105,0.0485105,0.1796685185185185,finite
consensus,2.5,gemma:2b-instruct-q4_K_M,100,29,4.42981,100,100,0,0,4.42981,0.0442981,0.15275206896551724,finite
consensus,2.5,gemma:2b-instruct-q8_0,100,26,6.08542,100,100,0,0,6.08542,0.0608542,0.2340546153846154,finite
consensus,2.5,granite3.1-dense:2b,100,53,8.31672,100,100,0,0,8.31672,0.0831672,0.15691924528301887,finite
consensus,2.5,granite3.1-dense:2b-instruct-q8_0,100,61,11.41953,100,100,0,0,11.41953,0.1141953,0.18720540983606557,finite
consensus,2.5,granite3.1-moe:3b,100,28,3.34147,100,100,0,0,3.34147,0.0334147,0.1193382142857143,finite
consensus,2.5,granite3.2:2b,100,58,12.16954,100,100,0,0,12.16954,0.1216954,0.2098196551724138,finite
consensus,2.5,granite3.2:2b-instruct-q4_K_M,100,59,12.21751,100,100,0,0,12.21751,0.12217510000000001,0.20707644067796613,finite
consensus,2.5,granite3.3:2b,100,59,7.69426,100,100,0,0,7.69426,0.0769426,0.13041118644067795,finite
consensus,2.5,granite4.1:3b,100,73,7.4758,100,100,0,0,7.4758,0.07475799999999999,0.10240821917808218,finite
consensus,2.5,granite4:1b-h,100,43,2.84356,100,100,0,0,2.84356,0.028435600000000002,0.0661293023255814,finite
consensus,2.5,granite4:350m,100,17,1.29306,100,100,0,0,1.29306,0.0129306,0.07606235294117647,finite
consensus,2.5,granite4:350m-bf16,100,19,1.27121,100,100,0,0,1.27121,0.012712099999999999,0.06690578947368421,finite
consensus,2.5,granite4:350m-h,100,22,0.80541,100,100,0,0,0.80541,0.0080541,0.03660954545454545,finite
consensus,2.5,granite4:micro,100,66,7.98973,100,100,0,0,7.98973,0.0798973,0.12105651515151515,finite
consensus,2.5,granite4:micro-h,100,77,6.51603,100,100,0,0,6.51603,0.0651603,0.08462376623376623,finite
consensus,2.5,hf.co/LiquidAI/LFM2-1.2B-GGUF:Q4_K_M,100,27,1.86997,100,100,0,0,1.86997,0.0186997,0.06925814814814814,finite
consensus,2.5,hf.co/LiquidAI/LFM2-1.2B-GGUF:Q8_0,100,33,3.0554,100,100,0,0,3.0554,0.030554,0.09258787878787879,finite
consensus,2.5,hf.co/LiquidAI/LFM2-350M-GGUF:Q4_K_M,100,5,1.12774,100,100,0,0,1.12774,0.0112774,0.225548,finite
consensus,2.5,hf.co/LiquidAI/LFM2-700M-GGUF:Q4_K_M,100,8,2.20955,100,100,0,0,2.20955,0.0220955,0.27619375,finite
consensus,2.5,hf.co/NousResearch/Hermes-3-Llama-3.2-3B-GGUF:Q4_K_M,100,39,7.69492,100,100,0,0,7.69492,0.0769492,0.19730564102564102,finite
consensus,2.5,hf.co/NousResearch/Hermes-3-Llama-3.2-3B-GGUF:Q8_0,100,48,9.917910000000001,100,100,0,0,9.917910000000001,0.0991791,0.20662312500000002,finite
consensus,2.5,hf.co/Qwen/Qwen2.5-1.5B-Instruct-GGUF:Q4_K_M,100,35,3.84287,100,100,0,0,3.84287,0.0384287,0.10979628571428572,finite
consensus,2.5,hf.co/Qwen/Qwen2.5-3B-Instruct-GGUF:Q4_K_M,100,66,9.58863,100,100,0,0,9.58863,0.09588630000000001,0.14528227272727273,finite
consensus,2.5,hf.co/Qwen/Qwen3-4B-GGUF:Q4_K_M,100,72,25.71047,100,100,0,0,25.71047,0.2571047,0.35708986111111113,finite
consensus,2.5,hf.co/allenai/OLMo-2-0425-1B-Instruct-GGUF:Q4_K_M,100,16,6.18127,100,100,0,0,6.18127,0.0618127,0.386329375,finite
consensus,2.5,hf.co/bartowski/Llama-3.2-3B-Instruct-GGUF:IQ4_XS,100,54,6.516,100,100,0,0,6.516,0.06516,0.12066666666666667,finite
consensus,2.5,hf.co/bartowski/Llama-3.2-3B-Instruct-GGUF:Q3_K_L,100,48,6.62014,100,100,0,0,6.62014,0.06620140000000001,0.13791958333333335,finite
consensus,2.5,hf.co/bartowski/Llama-3.2-3B-Instruct-GGUF:Q5_K_M,100,56,7.42849,100,100,0,0,7.42849,0.0742849,0.13265160714285715,finite
consensus,2.5,hf.co/bartowski/Llama-3.2-3B-Instruct-GGUF:Q6_K,100,51,7.34838,100,100,0,0,7.34838,0.0734838,0.14408588235294117,finite
consensus,2.5,hf.co/ggml-org/SmolLM3-3B-GGUF:Q4_K_M,100,48,11.0296,100,100,0,0,11.0296,0.110296,0.22978333333333334,finite
consensus,2.5,hf.co/ggml-org/SmolLM3-3B-GGUF:Q8_0,100,44,13.82926,100,100,0,0,13.82926,0.1382926,0.31430136363636363,finite
consensus,2.5,hf.co/openbmb/MiniCPM3-4B-GGUF:Q4_K_M,100,49,7.84251,100,100,0,0,7.84251,0.0784251,0.16005122448979592,finite
consensus,2.5,hf.co/tiiuae/Falcon-H1-0.5B-Instruct-GGUF:Q4_K_M,100,22,3.42942,100,100,0,0,3.42942,0.0342942,0.15588272727272726,finite
consensus,2.5,hf.co/tiiuae/Falcon-H1-1.5B-Deep-Instruct-GGUF:IQ4_XS,100,50,10.53772,100,100,0,0,10.53772,0.1053772,0.2107544,finite
consensus,2.5,hf.co/tiiuae/Falcon-H1-1.5B-Deep-Instruct-GGUF:Q4_K_M,100,56,9.33283,100,100,0,0,9.33283,0.09332829999999999,0.16665767857142857,finite
consensus,2.5,hf.co/tiiuae/Falcon-H1-3B-Instruct-GGUF:Q4_K_M,100,73,12.48902,100,100,0,0,12.48902,0.1248902,0.17108246575342465,finite
consensus,2.5,hf.co/unsloth/Llama-3.2-1B-Instruct-GGUF:Q4_K_M,100,18,1.80221,100,100,0,0,1.80221,0.0180221,0.10012277777777778,finite
consensus,2.5,hf.co/unsloth/Phi-4-mini-instruct-GGUF:Q4_K_M,100,59,10.4409,100,100,0,0,10.4409,0.10440899999999999,0.176964406779661,finite
consensus,2.5,hf.co/unsloth/Qwen3-4B-GGUF:Q4_K_M,100,83,9.33401,100,100,0,0,9.33401,0.0933401,0.11245795180722891,finite
consensus,2.5,internlm2:1.8b,100,17,3.08931,100,100,0,0,3.08931,0.030893099999999996,0.1817241176470588,finite
consensus,2.5,llama3.2:1b,100,15,2.69072,100,100,0,0,2.69072,0.0269072,0.1793813333333333,finite
consensus,2.5,llama3.2:1b-instruct-q4_K_M,100,12,2.26048,100,100,0,0,2.26048,0.022604799999999998,0.1883733333333333,finite
consensus,2.5,llama3.2:1b-instruct-q8_0,100,15,2.64465,100,100,0,0,2.64465,0.026446499999999998,0.17631,finite
consensus,2.5,llama3.2:3b,100,58,5.39273,100,100,0,0,5.39273,0.053927300000000004,0.09297810344827587,finite
consensus,2.5,llama3.2:3b-instruct-q4_K_M,100,53,5.38582,100,100,0,0,5.38582,0.053858199999999995,0.10161924528301887,finite
consensus,2.5,llama3.2:3b-instruct-q8_0,100,58,8.03945,100,100,0,0,8.03945,0.08039450000000001,0.13861120689655174,finite
consensus,2.5,ministral-3:3b,100,64,10.71552,100,100,0,0,10.71552,0.10715519999999999,0.16743,finite
consensus,2.5,nemotron-mini:4b,100,20,6.78951,100,100,0,0,6.78951,0.0678951,0.3394755,finite
consensus,2.5,nemotron-mini:4b-instruct-q4_K_M,100,20,6.77532,100,100,0,0,6.77532,0.0677532,0.338766,finite
consensus,2.5,nemotron-mini:4b-instruct-q8_0,100,27,11.05912,100,100,0,0,11.05912,0.1105912,0.40959703703703704,finite
consensus,2.5,opencoder:1.5b,100,16,7.43624,100,100,0,0,7.43624,0.0743624,0.464765,finite
consensus,2.5,phi3.5:3.8b,100,59,14.90855,100,100,0,0,14.90855,0.1490855,0.2526872881355932,finite
consensus,2.5,phi3.5:3.8b-mini-instruct-q8_0,100,57,21.85186,100,100,0,0,21.85186,0.21851859999999998,0.3833659649122807,finite
consensus,2.5,phi3:3.8b,100,46,10.96987,100,100,0,0,10.96987,0.1096987,0.23847543478260871,finite
consensus,2.5,phi3:3.8b-mini-128k-instruct-q8_0,100,48,12.32013,100,100,0,0,12.32013,0.12320130000000001,0.25666937500000003,finite
consensus,2.5,phi3:mini,100,47,10.88284,100,100,0,0,10.88284,0.10882839999999999,0.23154978723404254,finite
consensus,2.5,phi3:mini-128k,100,46,10.89084,100,100,0,0,10.89084,0.1089084,0.23675739130434784,finite
consensus,2.5,phi3:mini-4k,100,47,15.37809,100,100,0,0,15.37809,0.1537809,0.3271934042553192,finite
consensus,2.5,phi4-mini,100,58,9.58175,100,100,0,0,9.58175,0.0958175,0.16520258620689654,finite
consensus,2.5,phi4-mini-reasoning,100,52,28.28102,100,100,0,0,28.28102,0.2828102,0.5438657692307692,finite
consensus,2.5,qwen2-math:1.5b,100,7,7.45381,100,100,0,0,7.45381,0.0745381,1.06483,finite
consensus,2.5,qwen2.5-coder:0.5b,100,16,2.50646,100,100,0,0,2.50646,0.025064600000000003,0.15665375,finite
consensus,2.5,qwen2.5-coder:1.5b,100,34,5.25429,100,100,0,0,5.25429,0.052542900000000003,0.1545379411764706,finite
consensus,2.5,qwen2.5-coder:1.5b-instruct-q8_0,100,26,7.42927,100,100,0,0,7.42927,0.0742927,0.28574115384615384,finite
consensus,2.5,qwen2.5-coder:3b,100,53,9.4148,100,100,0,0,9.4148,0.094148,0.1776377358490566,finite
consensus,2.5,qwen2.5-coder:3b-instruct-q4_K_M,100,54,9.29719,100,100,0,0,9.29719,0.09297190000000001,0.1721701851851852,finite
consensus,2.5,qwen2.5-coder:3b-instruct-q8_0,100,62,15.58029,100,100,0,0,15.58029,0.1558029,0.251295,finite
consensus,2.5,qwen2.5:0.5b,100,3,3.24637,100,100,0,0,3.24637,0.032463700000000005,1.0821233333333333,finite
consensus,2.5,qwen2.5:0.5b-instruct-q4_K_M,100,6,3.19782,100,100,0,0,3.19782,0.0319782,0.53297,finite
consensus,2.5,qwen2.5:0.5b-instruct-q8_0,100,4,3.4305,100,100,0,0,3.4305,0.034305,0.857625,finite
consensus,2.5,qwen2.5:1.5b,100,25,5.34948,100,100,0,0,5.34948,0.053494799999999995,0.21397919999999998,finite
consensus,2.5,qwen2.5:1.5b-instruct-q4_K_M,100,28,5.33147,100,100,0,0,5.33147,0.053314700000000007,0.19040964285714287,finite
consensus,2.5,qwen2.5:1.5b-instruct-q8_0,100,32,7.77736,100,100,0,0,7.77736,0.0777736,0.2430425,finite
consensus,2.5,qwen2.5:3b,100,55,10.87773,100,100,0,0,10.87773,0.1087773,0.1977769090909091,finite
consensus,2.5,qwen2.5:3b-instruct-q4_K_M,100,56,10.5835,100,100,0,0,10.5835,0.10583500000000001,0.18899107142857144,finite
consensus,2.5,qwen2.5:3b-instruct-q8_0,100,60,17.27231,100,100,0,0,17.27231,0.17272310000000002,0.2878718333333333,finite
consensus,2.5,qwen2:0.5b-instruct-q8_0,100,8,1.92741,100,100,0,0,1.92741,0.019274100000000002,0.24092625,finite
consensus,2.5,qwen2:1.5b,100,14,2.68809,100,100,0,0,2.68809,0.0268809,0.19200642857142855,finite
consensus,2.5,qwen2:1.5b-instruct-q8_0,100,24,4.40244,100,100,0,0,4.40244,0.044024400000000005,0.18343500000000001,finite
consensus,2.5,qwen3.5:2b,100,48,10.2946,100,100,0,0,10.2946,0.10294600000000001,0.21447083333333336,finite
consensus,2.5,qwen3:0.6b,100,26,1.53814,100,100,0,0,1.53814,0.0153814,0.05915923076923077,finite
consensus,2.5,qwen3:0.6b-fp16,100,32,2.82127,100,100,0,0,2.82127,0.0282127,0.0881646875,finite
consensus,2.5,qwen3:0.6b-q8_0,100,37,1.88819,100,100,0,0,1.88819,0.0188819,0.051032162162162165,finite
consensus,2.5,qwen3:1.7b,100,64,3.65625,100,100,0,0,3.65625,0.0365625,0.05712890625,finite
consensus,2.5,qwen3:1.7b-fp16,100,65,8.11854,100,100,0,0,8.11854,0.08118539999999999,0.12490061538461537,finite
consensus,2.5,qwen3:1.7b-q8_0,100,57,5.33985,100,100,0,0,5.33985,0.0533985,0.09368157894736842,finite
consensus,2.5,qwen3:4b,100,73,25.70734,100,100,0,0,25.70734,0.2570734,0.3521553424657534,finite
consensus,2.5,qwen3:4b-instruct-2507-q4_K_M,100,83,10.89977,100,100,0,0,10.89977,0.1089977,0.13132253012048192,finite
consensus,2.5,qwen3:4b-instruct-2507-q8_0,100,87,16.05071,100,100,0,0,16.05071,0.16050709999999999,0.18449091954022986,finite
consensus,2.5,qwen3:4b-q8_0,100,86,13.89434,100,100,0,0,13.89434,0.1389434,0.1615620930232558,finite
consensus,2.5,qwen3:4b-thinking-2507-q4_K_M,100,71,25.873540000000002,100,100,0,0,25.873540000000002,0.2587354,0.3644160563380282,finite
consensus,2.5,qwen3:4b-thinking-2507-q8_0,100,76,38.2666,100,100,0,0,38.2666,0.38266599999999995,0.5035078947368421,finite
consensus,2.5,sailor2:1b,100,3,5.6499,100,100,0,0,5.6499,0.056498999999999994,1.8833,finite
consensus,2.5,smallthinker:3b-preview-q4_K_M,100,59,18.30502,100,100,0,0,18.30502,0.1830502,0.3102545762711864,finite
consensus,2.5,smollm2:1.7b,100,31,5.15045,100,100,0,0,5.15045,0.0515045,0.16614354838709677,finite
consensus,2.5,smollm2:1.7b-instruct-q8_0,100,31,5.19418,100,100,0,0,5.19418,0.0519418,0.1675541935483871,finite
consensus,2.5,smollm2:135m,100,2,1.19867,100,100,0,0,1.19867,0.0119867,0.599335,finite
consensus,2.5,smollm2:135m-instruct-q8_0,100,3,0.8140000000000001,100,100,0,0,0.8140000000000001,0.008140000000000001,0.27133333333333337,finite
consensus,2.5,smollm2:360m,100,10,1.73387,100,100,0,0,1.73387,0.0173387,0.173387,finite
consensus,2.5,smollm2:360m-instruct-q8_0,100,6,1.23222,100,100,0,0,1.23222,0.0123222,0.20537000000000002,finite
consensus,2.5,smollm:1.7b,100,5,7.49611,100,100,0,0,7.49611,0.0749611,1.499222,finite
consensus,2.5,smollm:360m,100,2,2.58516,100,100,0,0,2.58516,0.025851600000000002,1.29258,finite
consensus,2.5,stablelm2:1.6b,100,5,5.7245800000000004,100,100,0,0,5.7245800000000004,0.057245800000000006,1.144916,finite
consensus,2.5,stablelm2:1.6b-chat,100,8,5.7273700000000005,100,100,0,0,5.7273700000000005,0.057273700000000004,0.7159212500000001,finite
consensus,2.5,stablelm2:1.6b-zephyr,100,10,4.46021,100,100,0,0,4.46021,0.0446021,0.446021,finite
consensus,2.5,starcoder2:3b,100,0,13.84306,100,100,0,0,13.84306,0.1384306,inf,zero_success
consensus,2.5,starcoder2:3b-q6_K,100,3,18.15079,100,100,0,0,18.15079,0.1815079,6.0502633333333335,finite
consensus,2.5,starcoder2:3b-q8_0,100,2,20.77656,100,100,0,0,20.77656,0.2077656,10.38828,finite
consensus,2.5,tinyllama:1.1b,100,8,3.73769,100,100,0,0,3.73769,0.037376900000000005,0.46721125,finite
consensus,2.5,tinyllama:1.1b-chat-v1-q8_0,100,12,6.0696,100,100,0,0,6.0696,0.060696,0.5058,finite
consensus,2.5,yi-coder:1.5b,100,19,5.3132,100,100,0,0,5.3132,0.053132,0.2796421052631579,finite
consensus,3.0,codegemma:2b,100,0,10.2505,100,100,0,0,10.2505,0.10250500000000001,inf,zero_success
consensus,3.0,codegemma:2b-code-q6_K,100,3,5.31285,100,100,0,0,5.31285,0.0531285,1.77095,finite
consensus,3.0,cogito:3b,100,42,4.65268,100,100,0,0,4.65268,0.0465268,0.11077809523809524,finite
consensus,3.0,cogito:3b-v1-preview-llama-q8_0,100,43,7.01172,100,100,0,0,7.01172,0.0701172,0.1630632558139535,finite
consensus,3.0,deepseek-coder:1.3b,100,2,6.54276,100,100,0,0,6.54276,0.0654276,3.27138,finite
consensus,3.0,deepseek-coder:1.3b-instruct-q8_0,100,3,9.7566,100,100,0,0,9.7566,0.097566,3.2522,finite
consensus,3.0,falcon3:1b,100,9,9.95422,100,100,0,0,9.95422,0.0995422,1.1060244444444445,finite
consensus,3.0,falcon3:1b-instruct-q8_0,100,8,9.96065,100,100,0,0,9.96065,0.09960649999999999,1.24508125,finite
consensus,3.0,falcon3:3b,100,24,5.86016,100,100,0,0,5.86016,0.0586016,0.24417333333333333,finite
consensus,3.0,falcon3:3b-instruct-q4_K_M,100,27,5.80189,100,100,0,0,5.80189,0.058018900000000005,0.21488481481481483,finite
consensus,3.0,falcon3:3b-instruct-q8_0,100,32,9.73247,100,100,0,0,9.73247,0.09732469999999999,0.3041396875,finite
consensus,3.0,gemma2:2b,100,41,6.47362,100,100,0,0,6.47362,0.06473620000000001,0.15789317073170733,finite
consensus,3.0,gemma2:2b-instruct-q4_K_M,100,46,6.00019,100,100,0,0,6.00019,0.0600019,0.13043891304347827,finite
consensus,3.0,gemma2:2b-instruct-q8_0,100,46,8.59835,100,100,0,0,8.59835,0.0859835,0.18692065217391304,finite
consensus,3.0,gemma3:1b,100,13,2.30552,100,100,0,0,2.30552,0.0230552,0.17734769230769232,finite
consensus,3.0,gemma3:1b-it-q8_0,100,16,2.39066,100,100,0,0,2.39066,0.0239066,0.14941625,finite
consensus,3.0,gemma3:1b-it-qat,100,25,2.05762,100,100,0,0,2.05762,0.0205762,0.0823048,finite
consensus,3.0,gemma3:270m,100,2,0.52651,100,100,0,0,0.52651,0.0052651,0.263255,finite
consensus,3.0,gemma3:270m-it-qat,100,4,0.77235,100,100,0,0,0.77235,0.0077234999999999995,0.1930875,finite
consensus,3.0,gemma3:4b,100,60,6.41429,100,100,0,0,6.41429,0.0641429,0.10690483333333334,finite
consensus,3.0,gemma3:4b-it-q4_K_M,100,61,6.4258,100,100,0,0,6.4258,0.064258,0.10534098360655737,finite
consensus,3.0,gemma3:4b-it-q8_0,100,56,8.65949,100,100,0,0,8.65949,0.0865949,0.15463375,finite
consensus,3.0,gemma3:4b-it-qat,100,50,7.70239,100,100,0,0,7.70239,0.0770239,0.1540478,finite
consensus,3.0,gemma3n:e2b,100,59,6.48302,100,100,0,0,6.48302,0.0648302,0.10988169491525424,finite
consensus,3.0,gemma4:e2b-it-qat,100,72,5.04522,100,100,0,0,5.04522,0.050452199999999996,0.0700725,finite
consensus,3.0,gemma:2b,100,13,4.85105,100,100,0,0,4.85105,0.0485105,0.3731576923076923,finite
consensus,3.0,gemma:2b-instruct-q4_K_M,100,17,4.42981,100,100,0,0,4.42981,0.0442981,0.2605770588235294,finite
consensus,3.0,gemma:2b-instruct-q8_0,100,17,6.08542,100,100,0,0,6.08542,0.0608542,0.3579658823529412,finite
consensus,3.0,granite3.1-dense:2b,100,47,8.31672,100,100,0,0,8.31672,0.0831672,0.17695148936170213,finite
consensus,3.0,granite3.1-dense:2b-instruct-q8_0,100,48,11.41953,100,100,0,0,11.41953,0.1141953,0.237906875,finite
consensus,3.0,granite3.1-moe:3b,100,21,3.34147,100,100,0,0,3.34147,0.0334147,0.15911761904761906,finite
consensus,3.0,granite3.2:2b,100,50,12.16954,100,100,0,0,12.16954,0.1216954,0.2433908,finite
consensus,3.0,granite3.2:2b-instruct-q4_K_M,100,51,12.21751,100,100,0,0,12.21751,0.12217510000000001,0.23955901960784315,finite
consensus,3.0,granite3.3:2b,100,45,7.69426,100,100,0,0,7.69426,0.0769426,0.17098355555555556,finite
consensus,3.0,granite4.1:3b,100,64,7.4758,100,100,0,0,7.4758,0.07475799999999999,0.116809375,finite
consensus,3.0,granite4:1b-h,100,29,2.84356,100,100,0,0,2.84356,0.028435600000000002,0.09805379310344828,finite
consensus,3.0,granite4:350m,100,7,1.29306,100,100,0,0,1.29306,0.0129306,0.18472285714285716,finite
consensus,3.0,granite4:350m-bf16,100,5,1.27121,100,100,0,0,1.27121,0.012712099999999999,0.25424199999999997,finite
consensus,3.0,granite4:350m-h,100,9,0.80541,100,100,0,0,0.80541,0.0080541,0.08949,finite
consensus,3.0,granite4:micro,100,59,7.98973,100,100,0,0,7.98973,0.0798973,0.13541915254237288,finite
consensus,3.0,granite4:micro-h,100,70,6.51603,100,100,0,0,6.51603,0.0651603,0.09308614285714285,finite
consensus,3.0,hf.co/LiquidAI/LFM2-1.2B-GGUF:Q4_K_M,100,15,1.86997,100,100,0,0,1.86997,0.0186997,0.12466466666666666,finite
consensus,3.0,hf.co/LiquidAI/LFM2-1.2B-GGUF:Q8_0,100,19,3.0554,100,100,0,0,3.0554,0.030554,0.1608105263157895,finite
consensus,3.0,hf.co/LiquidAI/LFM2-350M-GGUF:Q4_K_M,100,2,1.12774,100,100,0,0,1.12774,0.0112774,0.56387,finite
consensus,3.0,hf.co/LiquidAI/LFM2-700M-GGUF:Q4_K_M,100,2,2.20955,100,100,0,0,2.20955,0.0220955,1.104775,finite
consensus,3.0,hf.co/NousResearch/Hermes-3-Llama-3.2-3B-GGUF:Q4_K_M,100,30,7.69492,100,100,0,0,7.69492,0.0769492,0.2564973333333333,finite
consensus,3.0,hf.co/NousResearch/Hermes-3-Llama-3.2-3B-GGUF:Q8_0,100,36,9.917910000000001,100,100,0,0,9.917910000000001,0.0991791,0.2754975,finite
consensus,3.0,hf.co/Qwen/Qwen2.5-1.5B-Instruct-GGUF:Q4_K_M,100,25,3.84287,100,100,0,0,3.84287,0.0384287,0.1537148,finite
consensus,3.0,hf.co/Qwen/Qwen2.5-3B-Instruct-GGUF:Q4_K_M,100,54,9.58863,100,100,0,0,9.58863,0.09588630000000001,0.17756722222222224,finite
consensus,3.0,hf.co/Qwen/Qwen3-4B-GGUF:Q4_K_M,100,57,25.71047,100,100,0,0,25.71047,0.2571047,0.4510608771929825,finite
consensus,3.0,hf.co/allenai/OLMo-2-0425-1B-Instruct-GGUF:Q4_K_M,100,9,6.18127,100,100,0,0,6.18127,0.0618127,0.6868077777777777,finite
consensus,3.0,hf.co/bartowski/Llama-3.2-3B-Instruct-GGUF:IQ4_XS,100,41,6.516,100,100,0,0,6.516,0.06516,0.15892682926829269,finite
consensus,3.0,hf.co/bartowski/Llama-3.2-3B-Instruct-GGUF:Q3_K_L,100,35,6.62014,100,100,0,0,6.62014,0.06620140000000001,0.18914685714285714,finite
consensus,3.0,hf.co/bartowski/Llama-3.2-3B-Instruct-GGUF:Q5_K_M,100,46,7.42849,100,100,0,0,7.42849,0.0742849,0.16148891304347826,finite
consensus,3.0,hf.co/bartowski/Llama-3.2-3B-Instruct-GGUF:Q6_K,100,38,7.34838,100,100,0,0,7.34838,0.0734838,0.19337842105263156,finite
consensus,3.0,hf.co/ggml-org/SmolLM3-3B-GGUF:Q4_K_M,100,37,11.0296,100,100,0,0,11.0296,0.110296,0.2980972972972973,finite
consensus,3.0,hf.co/ggml-org/SmolLM3-3B-GGUF:Q8_0,100,37,13.82926,100,100,0,0,13.82926,0.1382926,0.3737637837837838,finite
consensus,3.0,hf.co/openbmb/MiniCPM3-4B-GGUF:Q4_K_M,100,38,7.84251,100,100,0,0,7.84251,0.0784251,0.20638184210526314,finite
consensus,3.0,hf.co/tiiuae/Falcon-H1-0.5B-Instruct-GGUF:Q4_K_M,100,13,3.42942,100,100,0,0,3.42942,0.0342942,0.2638015384615385,finite
consensus,3.0,hf.co/tiiuae/Falcon-H1-1.5B-Deep-Instruct-GGUF:IQ4_XS,100,41,10.53772,100,100,0,0,10.53772,0.1053772,0.25701756097560974,finite
consensus,3.0,hf.co/tiiuae/Falcon-H1-1.5B-Deep-Instruct-GGUF:Q4_K_M,100,42,9.33283,100,100,0,0,9.33283,0.09332829999999999,0.22221023809523807,finite
consensus,3.0,hf.co/tiiuae/Falcon-H1-3B-Instruct-GGUF:Q4_K_M,100,64,12.48902,100,100,0,0,12.48902,0.1248902,0.1951409375,finite
consensus,3.0,hf.co/unsloth/Llama-3.2-1B-Instruct-GGUF:Q4_K_M,100,7,1.80221,100,100,0,0,1.80221,0.0180221,0.2574585714285714,finite
consensus,3.0,hf.co/unsloth/Phi-4-mini-instruct-GGUF:Q4_K_M,100,46,10.4409,100,100,0,0,10.4409,0.10440899999999999,0.22697608695652172,finite
consensus,3.0,hf.co/unsloth/Qwen3-4B-GGUF:Q4_K_M,100,72,9.33401,100,100,0,0,9.33401,0.0933401,0.12963902777777778,finite
consensus,3.0,internlm2:1.8b,100,4,3.08931,100,100,0,0,3.08931,0.030893099999999996,0.7723275,finite
consensus,3.0,llama3.2:1b,100,6,2.69072,100,100,0,0,2.69072,0.0269072,0.4484533333333333,finite
consensus,3.0,llama3.2:1b-instruct-q4_K_M,100,8,2.26048,100,100,0,0,2.26048,0.022604799999999998,0.28256,finite
consensus,3.0,llama3.2:1b-instruct-q8_0,100,6,2.64465,100,100,0,0,2.64465,0.026446499999999998,0.440775,finite
consensus,3.0,llama3.2:3b,100,47,5.39273,100,100,0,0,5.39273,0.053927300000000004,0.11473893617021277,finite
consensus,3.0,llama3.2:3b-instruct-q4_K_M,100,41,5.38582,100,100,0,0,5.38582,0.053858199999999995,0.13136146341463414,finite
consensus,3.0,llama3.2:3b-instruct-q8_0,100,46,8.03945,100,100,0,0,8.03945,0.08039450000000001,0.17477065217391305,finite
consensus,3.0,ministral-3:3b,100,55,10.71552,100,100,0,0,10.71552,0.10715519999999999,0.19482763636363637,finite
consensus,3.0,nemotron-mini:4b,100,8,6.78951,100,100,0,0,6.78951,0.0678951,0.84868875,finite
consensus,3.0,nemotron-mini:4b-instruct-q4_K_M,100,11,6.77532,100,100,0,0,6.77532,0.0677532,0.6159381818181818,finite
consensus,3.0,nemotron-mini:4b-instruct-q8_0,100,18,11.05912,100,100,0,0,11.05912,0.1105912,0.6143955555555556,finite
consensus,3.0,opencoder:1.5b,100,7,7.43624,100,100,0,0,7.43624,0.0743624,1.06232,finite
consensus,3.0,phi3.5:3.8b,100,39,14.90855,100,100,0,0,14.90855,0.1490855,0.38227051282051283,finite
consensus,3.0,phi3.5:3.8b-mini-instruct-q8_0,100,47,21.85186,100,100,0,0,21.85186,0.21851859999999998,0.4649331914893617,finite
consensus,3.0,phi3:3.8b,100,31,10.96987,100,100,0,0,10.96987,0.1096987,0.3538667741935484,finite
consensus,3.0,phi3:3.8b-mini-128k-instruct-q8_0,100,40,12.32013,100,100,0,0,12.32013,0.12320130000000001,0.30800325,finite
consensus,3.0,phi3:mini,100,32,10.88284,100,100,0,0,10.88284,0.10882839999999999,0.34008875,finite
consensus,3.0,phi3:mini-128k,100,34,10.89084,100,100,0,0,10.89084,0.1089084,0.32031882352941177,finite
consensus,3.0,phi3:mini-4k,100,34,15.37809,100,100,0,0,15.37809,0.1537809,0.45229676470588237,finite
consensus,3.0,phi4-mini,100,42,9.58175,100,100,0,0,9.58175,0.0958175,0.22813690476190476,finite
consensus,3.0,phi4-mini-reasoning,100,44,28.28102,100,100,0,0,28.28102,0.2828102,0.6427504545454545,finite
consensus,3.0,qwen2-math:1.5b,100,3,7.45381,100,100,0,0,7.45381,0.0745381,2.4846033333333333,finite
consensus,3.0,qwen2.5-coder:0.5b,100,10,2.50646,100,100,0,0,2.50646,0.025064600000000003,0.25064600000000004,finite
consensus,3.0,qwen2.5-coder:1.5b,100,26,5.25429,100,100,0,0,5.25429,0.052542900000000003,0.20208807692307693,finite
consensus,3.0,qwen2.5-coder:1.5b-instruct-q8_0,100,17,7.42927,100,100,0,0,7.42927,0.0742927,0.43701588235294114,finite
consensus,3.0,qwen2.5-coder:3b,100,37,9.4148,100,100,0,0,9.4148,0.094148,0.254454054054054,finite
consensus,3.0,qwen2.5-coder:3b-instruct-q4_K_M,100,44,9.29719,100,100,0,0,9.29719,0.09297190000000001,0.21129977272727274,finite
consensus,3.0,qwen2.5-coder:3b-instruct-q8_0,100,48,15.58029,100,100,0,0,15.58029,0.1558029,0.324589375,finite
consensus,3.0,qwen2.5:0.5b,100,2,3.24637,100,100,0,0,3.24637,0.032463700000000005,1.623185,finite
consensus,3.0,qwen2.5:0.5b-instruct-q4_K_M,100,1,3.19782,100,100,0,0,3.19782,0.0319782,3.19782,finite
consensus,3.0,qwen2.5:0.5b-instruct-q8_0,100,2,3.4305,100,100,0,0,3.4305,0.034305,1.71525,finite
consensus,3.0,qwen2.5:1.5b,100,19,5.34948,100,100,0,0,5.34948,0.053494799999999995,0.28155157894736843,finite
consensus,3.0,qwen2.5:1.5b-instruct-q4_K_M,100,18,5.33147,100,100,0,0,5.33147,0.053314700000000007,0.2961927777777778,finite
consensus,3.0,qwen2.5:1.5b-instruct-q8_0,100,22,7.77736,100,100,0,0,7.77736,0.0777736,0.35351636363636363,finite
consensus,3.0,qwen2.5:3b,100,43,10.87773,100,100,0,0,10.87773,0.1087773,0.2529704651162791,finite
consensus,3.0,qwen2.5:3b-instruct-q4_K_M,100,47,10.5835,100,100,0,0,10.5835,0.10583500000000001,0.22518085106382982,finite
consensus,3.0,qwen2.5:3b-instruct-q8_0,100,48,17.27231,100,100,0,0,17.27231,0.17272310000000002,0.3598397916666667,finite
consensus,3.0,qwen2:0.5b-instruct-q8_0,100,3,1.92741,100,100,0,0,1.92741,0.019274100000000002,0.64247,finite
consensus,3.0,qwen2:1.5b,100,8,2.68809,100,100,0,0,2.68809,0.0268809,0.33601125,finite
consensus,3.0,qwen2:1.5b-instruct-q8_0,100,9,4.40244,100,100,0,0,4.40244,0.044024400000000005,0.48916000000000004,finite
consensus,3.0,qwen3.5:2b,100,37,10.2946,100,100,0,0,10.2946,0.10294600000000001,0.27823243243243245,finite
consensus,3.0,qwen3:0.6b,100,13,1.53814,100,100,0,0,1.53814,0.0153814,0.11831846153846154,finite
consensus,3.0,qwen3:0.6b-fp16,100,17,2.82127,100,100,0,0,2.82127,0.0282127,0.16595705882352943,finite
consensus,3.0,qwen3:0.6b-q8_0,100,18,1.88819,100,100,0,0,1.88819,0.0188819,0.10489944444444445,finite
consensus,3.0,qwen3:1.7b,100,52,3.65625,100,100,0,0,3.65625,0.0365625,0.0703125,finite
consensus,3.0,qwen3:1.7b-fp16,100,58,8.11854,100,100,0,0,8.11854,0.08118539999999999,0.13997482758620688,finite
consensus,3.0,qwen3:1.7b-q8_0,100,53,5.33985,100,100,0,0,5.33985,0.0533985,0.10075188679245284,finite
consensus,3.0,qwen3:4b,100,50,25.70734,100,100,0,0,25.70734,0.2570734,0.5141468,finite
consensus,3.0,qwen3:4b-instruct-2507-q4_K_M,100,76,10.89977,100,100,0,0,10.89977,0.1089977,0.14341802631578948,finite
consensus,3.0,qwen3:4b-instruct-2507-q8_0,100,82,16.05071,100,100,0,0,16.05071,0.16050709999999999,0.19574036585365853,finite
consensus,3.0,qwen3:4b-q8_0,100,79,13.89434,100,100,0,0,13.89434,0.1389434,0.17587772151898734,finite
consensus,3.0,qwen3:4b-thinking-2507-q4_K_M,100,53,25.873540000000002,100,100,0,0,25.873540000000002,0.2587354,0.48818000000000006,finite
consensus,3.0,qwen3:4b-thinking-2507-q8_0,100,65,38.2666,100,100,0,0,38.2666,0.38266599999999995,0.588716923076923,finite
consensus,3.0,sailor2:1b,100,1,5.6499,100,100,0,0,5.6499,0.056498999999999994,5.6499,finite
consensus,3.0,smallthinker:3b-preview-q4_K_M,100,48,18.30502,100,100,0,0,18.30502,0.1830502,0.38135458333333333,finite
consensus,3.0,smollm2:1.7b,100,17,5.15045,100,100,0,0,5.15045,0.0515045,0.30296764705882356,finite
consensus,3.0,smollm2:1.7b-instruct-q8_0,100,18,5.19418,100,100,0,0,5.19418,0.0519418,0.2885655555555556,finite
consensus,3.0,smollm2:135m,100,1,1.19867,100,100,0,0,1.19867,0.0119867,1.19867,finite
consensus,3.0,smollm2:135m-instruct-q8_0,100,1,0.8140000000000001,100,100,0,0,0.8140000000000001,0.008140000000000001,0.8140000000000001,finite
consensus,3.0,smollm2:360m,100,6,1.73387,100,100,0,0,1.73387,0.0173387,0.28897833333333334,finite
consensus,3.0,smollm2:360m-instruct-q8_0,100,2,1.23222,100,100,0,0,1.23222,0.0123222,0.61611,finite
consensus,3.0,smollm:1.7b,100,2,7.49611,100,100,0,0,7.49611,0.0749611,3.748055,finite
consensus,3.0,smollm:360m,100,1,2.58516,100,100,0,0,2.58516,0.025851600000000002,2.58516,finite
consensus,3.0,stablelm2:1.6b,100,3,5.7245800000000004,100,100,0,0,5.7245800000000004,0.057245800000000006,1.9081933333333334,finite
consensus,3.0,stablelm2:1.6b-chat,100,3,5.7273700000000005,100,100,0,0,5.7273700000000005,0.057273700000000004,1.9091233333333335,finite
consensus,3.0,stablelm2:1.6b-zephyr,100,5,4.46021,100,100,0,0,4.46021,0.0446021,0.892042,finite
consensus,3.0,starcoder2:3b,100,0,13.84306,100,100,0,0,13.84306,0.1384306,inf,zero_success
consensus,3.0,starcoder2:3b-q6_K,100,2,18.15079,100,100,0,0,18.15079,0.1815079,9.075395,finite
consensus,3.0,starcoder2:3b-q8_0,100,1,20.77656,100,100,0,0,20.77656,0.2077656,20.77656,finite
consensus,3.0,tinyllama:1.1b,100,2,3.73769,100,100,0,0,3.73769,0.037376900000000005,1.868845,finite
consensus,3.0,tinyllama:1.1b-chat-v1-q8_0,100,7,6.0696,100,100,0,0,6.0696,0.060696,0.8670857142857143,finite
consensus,3.0,yi-coder:1.5b,100,9,5.3132,100,100,0,0,5.3132,0.053132,0.5903555555555555,finite
consensus,3.5,codegemma:2b,100,0,10.2505,100,100,0,0,10.2505,0.10250500000000001,inf,zero_success
consensus,3.5,codegemma:2b-code-q6_K,100,3,5.31285,100,100,0,0,5.31285,0.0531285,1.77095,finite
consensus,3.5,cogito:3b,100,14,4.65268,100,100,0,0,4.65268,0.0465268,0.33233428571428575,finite
consensus,3.5,cogito:3b-v1-preview-llama-q8_0,100,15,7.01172,100,100,0,0,7.01172,0.0701172,0.46744800000000003,finite
consensus,3.5,deepseek-coder:1.3b,100,0,6.54276,100,100,0,0,6.54276,0.0654276,inf,zero_success
consensus,3.5,deepseek-coder:1.3b-instruct-q8_0,100,1,9.7566,100,100,0,0,9.7566,0.097566,9.7566,finite
consensus,3.5,falcon3:1b,100,1,9.95422,100,100,0,0,9.95422,0.0995422,9.95422,finite
consensus,3.5,falcon3:1b-instruct-q8_0,100,1,9.96065,100,100,0,0,9.96065,0.09960649999999999,9.96065,finite
consensus,3.5,falcon3:3b,100,4,5.86016,100,100,0,0,5.86016,0.0586016,1.46504,finite
consensus,3.5,falcon3:3b-instruct-q4_K_M,100,3,5.80189,100,100,0,0,5.80189,0.058018900000000005,1.9339633333333335,finite
consensus,3.5,falcon3:3b-instruct-q8_0,100,14,9.73247,100,100,0,0,9.73247,0.09732469999999999,0.6951764285714285,finite
consensus,3.5,gemma2:2b,100,11,6.47362,100,100,0,0,6.47362,0.06473620000000001,0.5885109090909091,finite
consensus,3.5,gemma2:2b-instruct-q4_K_M,100,13,6.00019,100,100,0,0,6.00019,0.0600019,0.4615530769230769,finite
consensus,3.5,gemma2:2b-instruct-q8_0,100,13,8.59835,100,100,0,0,8.59835,0.0859835,0.6614115384615384,finite
consensus,3.5,gemma3:1b,100,5,2.30552,100,100,0,0,2.30552,0.0230552,0.461104,finite
consensus,3.5,gemma3:1b-it-q8_0,100,5,2.39066,100,100,0,0,2.39066,0.0239066,0.478132,finite
consensus,3.5,gemma3:1b-it-qat,100,8,2.05762,100,100,0,0,2.05762,0.0205762,0.2572025,finite
consensus,3.5,gemma3:270m,100,0,0.52651,100,100,0,0,0.52651,0.0052651,inf,zero_success
consensus,3.5,gemma3:270m-it-qat,100,1,0.77235,100,100,0,0,0.77235,0.0077234999999999995,0.77235,finite
consensus,3.5,gemma3:4b,100,34,6.41429,100,100,0,0,6.41429,0.0641429,0.18865558823529413,finite
consensus,3.5,gemma3:4b-it-q4_K_M,100,27,6.4258,100,100,0,0,6.4258,0.064258,0.2379925925925926,finite
consensus,3.5,gemma3:4b-it-q8_0,100,27,8.65949,100,100,0,0,8.65949,0.0865949,0.32072185185185187,finite
consensus,3.5,gemma3:4b-it-qat,100,28,7.70239,100,100,0,0,7.70239,0.0770239,0.27508535714285715,finite
consensus,3.5,gemma3n:e2b,100,28,6.48302,100,100,0,0,6.48302,0.0648302,0.23153642857142856,finite
consensus,3.5,gemma4:e2b-it-qat,100,41,5.04522,100,100,0,0,5.04522,0.050452199999999996,0.1230541463414634,finite
consensus,3.5,gemma:2b,100,5,4.85105,100,100,0,0,4.85105,0.0485105,0.97021,finite
consensus,3.5,gemma:2b-instruct-q4_K_M,100,6,4.42981,100,100,0,0,4.42981,0.0442981,0.7383016666666666,finite
consensus,3.5,gemma:2b-instruct-q8_0,100,5,6.08542,100,100,0,0,6.08542,0.0608542,1.217084,finite
consensus,3.5,granite3.1-dense:2b,100,24,8.31672,100,100,0,0,8.31672,0.0831672,0.34653,finite
consensus,3.5,granite3.1-dense:2b-instruct-q8_0,100,23,11.41953,100,100,0,0,11.41953,0.1141953,0.4965013043478261,finite
consensus,3.5,granite3.1-moe:3b,100,3,3.34147,100,100,0,0,3.34147,0.0334147,1.1138233333333334,finite
consensus,3.5,granite3.2:2b,100,22,12.16954,100,100,0,0,12.16954,0.1216954,0.5531609090909091,finite
consensus,3.5,granite3.2:2b-instruct-q4_K_M,100,22,12.21751,100,100,0,0,12.21751,0.12217510000000001,0.5553413636363637,finite
consensus,3.5,granite3.3:2b,100,18,7.69426,100,100,0,0,7.69426,0.0769426,0.4274588888888889,finite
consensus,3.5,granite4.1:3b,100,39,7.4758,100,100,0,0,7.4758,0.07475799999999999,0.19168717948717948,finite
consensus,3.5,granite4:1b-h,100,13,2.84356,100,100,0,0,2.84356,0.028435600000000002,0.2187353846153846,finite
consensus,3.5,granite4:350m,100,3,1.29306,100,100,0,0,1.29306,0.0129306,0.43102,finite
consensus,3.5,granite4:350m-bf16,100,1,1.27121,100,100,0,0,1.27121,0.012712099999999999,1.27121,finite
consensus,3.5,granite4:350m-h,100,0,0.80541,100,100,0,0,0.80541,0.0080541,inf,zero_success
consensus,3.5,granite4:micro,100,26,7.98973,100,100,0,0,7.98973,0.0798973,0.3072973076923077,finite
consensus,3.5,granite4:micro-h,100,38,6.51603,100,100,0,0,6.51603,0.0651603,0.1714744736842105,finite
consensus,3.5,hf.co/LiquidAI/LFM2-1.2B-GGUF:Q4_K_M,100,3,1.86997,100,100,0,0,1.86997,0.0186997,0.6233233333333333,finite
consensus,3.5,hf.co/LiquidAI/LFM2-1.2B-GGUF:Q8_0,100,3,3.0554,100,100,0,0,3.0554,0.030554,1.0184666666666666,finite
consensus,3.5,hf.co/LiquidAI/LFM2-350M-GGUF:Q4_K_M,100,0,1.12774,100,100,0,0,1.12774,0.0112774,inf,zero_success
consensus,3.5,hf.co/LiquidAI/LFM2-700M-GGUF:Q4_K_M,100,0,2.20955,100,100,0,0,2.20955,0.0220955,inf,zero_success
consensus,3.5,hf.co/NousResearch/Hermes-3-Llama-3.2-3B-GGUF:Q4_K_M,100,10,7.69492,100,100,0,0,7.69492,0.0769492,0.769492,finite
consensus,3.5,hf.co/NousResearch/Hermes-3-Llama-3.2-3B-GGUF:Q8_0,100,12,9.917910000000001,100,100,0,0,9.917910000000001,0.0991791,0.8264925000000001,finite
consensus,3.5,hf.co/Qwen/Qwen2.5-1.5B-Instruct-GGUF:Q4_K_M,100,9,3.84287,100,100,0,0,3.84287,0.0384287,0.42698555555555556,finite
consensus,3.5,hf.co/Qwen/Qwen2.5-3B-Instruct-GGUF:Q4_K_M,100,24,9.58863,100,100,0,0,9.58863,0.09588630000000001,0.39952625,finite
consensus,3.5,hf.co/Qwen/Qwen3-4B-GGUF:Q4_K_M,100,39,25.71047,100,100,0,0,25.71047,0.2571047,0.6592428205128206,finite
consensus,3.5,hf.co/allenai/OLMo-2-0425-1B-Instruct-GGUF:Q4_K_M,100,1,6.18127,100,100,0,0,6.18127,0.0618127,6.18127,finite
consensus,3.5,hf.co/bartowski/Llama-3.2-3B-Instruct-GGUF:IQ4_XS,100,14,6.516,100,100,0,0,6.516,0.06516,0.4654285714285714,finite
consensus,3.5,hf.co/bartowski/Llama-3.2-3B-Instruct-GGUF:Q3_K_L,100,11,6.62014,100,100,0,0,6.62014,0.06620140000000001,0.6018309090909091,finite
consensus,3.5,hf.co/bartowski/Llama-3.2-3B-Instruct-GGUF:Q5_K_M,100,23,7.42849,100,100,0,0,7.42849,0.0742849,0.3229778260869565,finite
consensus,3.5,hf.co/bartowski/Llama-3.2-3B-Instruct-GGUF:Q6_K,100,17,7.34838,100,100,0,0,7.34838,0.0734838,0.4322576470588235,finite
consensus,3.5,hf.co/ggml-org/SmolLM3-3B-GGUF:Q4_K_M,100,9,11.0296,100,100,0,0,11.0296,0.110296,1.2255111111111112,finite
consensus,3.5,hf.co/ggml-org/SmolLM3-3B-GGUF:Q8_0,100,14,13.82926,100,100,0,0,13.82926,0.1382926,0.9878042857142857,finite
consensus,3.5,hf.co/openbmb/MiniCPM3-4B-GGUF:Q4_K_M,100,11,7.84251,100,100,0,0,7.84251,0.0784251,0.7129554545454545,finite
consensus,3.5,hf.co/tiiuae/Falcon-H1-0.5B-Instruct-GGUF:Q4_K_M,100,4,3.42942,100,100,0,0,3.42942,0.0342942,0.857355,finite
consensus,3.5,hf.co/tiiuae/Falcon-H1-1.5B-Deep-Instruct-GGUF:IQ4_XS,100,17,10.53772,100,100,0,0,10.53772,0.1053772,0.6198658823529412,finite
consensus,3.5,hf.co/tiiuae/Falcon-H1-1.5B-Deep-Instruct-GGUF:Q4_K_M,100,10,9.33283,100,100,0,0,9.33283,0.09332829999999999,0.933283,finite
consensus,3.5,hf.co/tiiuae/Falcon-H1-3B-Instruct-GGUF:Q4_K_M,100,35,12.48902,100,100,0,0,12.48902,0.1248902,0.35682914285714284,finite
consensus,3.5,hf.co/unsloth/Llama-3.2-1B-Instruct-GGUF:Q4_K_M,100,2,1.80221,100,100,0,0,1.80221,0.0180221,0.901105,finite
consensus,3.5,hf.co/unsloth/Phi-4-mini-instruct-GGUF:Q4_K_M,100,14,10.4409,100,100,0,0,10.4409,0.10440899999999999,0.7457785714285714,finite
consensus,3.5,hf.co/unsloth/Qwen3-4B-GGUF:Q4_K_M,100,54,9.33401,100,100,0,0,9.33401,0.0933401,0.17285203703703703,finite
consensus,3.5,internlm2:1.8b,100,1,3.08931,100,100,0,0,3.08931,0.030893099999999996,3.08931,finite
consensus,3.5,llama3.2:1b,100,3,2.69072,100,100,0,0,2.69072,0.0269072,0.8969066666666666,finite
consensus,3.5,llama3.2:1b-instruct-q4_K_M,100,2,2.26048,100,100,0,0,2.26048,0.022604799999999998,1.13024,finite
consensus,3.5,llama3.2:1b-instruct-q8_0,100,2,2.64465,100,100,0,0,2.64465,0.026446499999999998,1.322325,finite
consensus,3.5,llama3.2:3b,100,17,5.39273,100,100,0,0,5.39273,0.053927300000000004,0.3172194117647059,finite
consensus,3.5,llama3.2:3b-instruct-q4_K_M,100,14,5.38582,100,100,0,0,5.38582,0.053858199999999995,0.3847014285714286,finite
consensus,3.5,llama3.2:3b-instruct-q8_0,100,20,8.03945,100,100,0,0,8.03945,0.08039450000000001,0.4019725,finite
consensus,3.5,ministral-3:3b,100,34,10.71552,100,100,0,0,10.71552,0.10715519999999999,0.31516235294117645,finite
consensus,3.5,nemotron-mini:4b,100,1,6.78951,100,100,0,0,6.78951,0.0678951,6.78951,finite
consensus,3.5,nemotron-mini:4b-instruct-q4_K_M,100,1,6.77532,100,100,0,0,6.77532,0.0677532,6.77532,finite
consensus,3.5,nemotron-mini:4b-instruct-q8_0,100,5,11.05912,100,100,0,0,11.05912,0.1105912,2.211824,finite
consensus,3.5,opencoder:1.5b,100,2,7.43624,100,100,0,0,7.43624,0.0743624,3.71812,finite
consensus,3.5,phi3.5:3.8b,100,18,14.90855,100,100,0,0,14.90855,0.1490855,0.8282527777777777,finite
consensus,3.5,phi3.5:3.8b-mini-instruct-q8_0,100,21,21.85186,100,100,0,0,21.85186,0.21851859999999998,1.0405647619047618,finite
consensus,3.5,phi3:3.8b,100,11,10.96987,100,100,0,0,10.96987,0.1096987,0.9972609090909091,finite
consensus,3.5,phi3:3.8b-mini-128k-instruct-q8_0,100,16,12.32013,100,100,0,0,12.32013,0.12320130000000001,0.770008125,finite
consensus,3.5,phi3:mini,100,12,10.88284,100,100,0,0,10.88284,0.10882839999999999,0.9069033333333333,finite
consensus,3.5,phi3:mini-128k,100,10,10.89084,100,100,0,0,10.89084,0.1089084,1.0890840000000002,finite
consensus,3.5,phi3:mini-4k,100,16,15.37809,100,100,0,0,15.37809,0.1537809,0.961130625,finite
consensus,3.5,phi4-mini,100,16,9.58175,100,100,0,0,9.58175,0.0958175,0.598859375,finite
consensus,3.5,phi4-mini-reasoning,100,27,28.28102,100,100,0,0,28.28102,0.2828102,1.0474451851851851,finite
consensus,3.5,qwen2-math:1.5b,100,0,7.45381,100,100,0,0,7.45381,0.0745381,inf,zero_success
consensus,3.5,qwen2.5-coder:0.5b,100,1,2.50646,100,100,0,0,2.50646,0.025064600000000003,2.50646,finite
consensus,3.5,qwen2.5-coder:1.5b,100,6,5.25429,100,100,0,0,5.25429,0.052542900000000003,0.875715,finite
consensus,3.5,qwen2.5-coder:1.5b-instruct-q8_0,100,7,7.42927,100,100,0,0,7.42927,0.0742927,1.0613242857142857,finite
consensus,3.5,qwen2.5-coder:3b,100,20,9.4148,100,100,0,0,9.4148,0.094148,0.47074,finite
consensus,3.5,qwen2.5-coder:3b-instruct-q4_K_M,100,19,9.29719,100,100,0,0,9.29719,0.09297190000000001,0.4893257894736842,finite
consensus,3.5,qwen2.5-coder:3b-instruct-q8_0,100,23,15.58029,100,100,0,0,15.58029,0.1558029,0.6774039130434782,finite
consensus,3.5,qwen2.5:0.5b,100,0,3.24637,100,100,0,0,3.24637,0.032463700000000005,inf,zero_success
consensus,3.5,qwen2.5:0.5b-instruct-q4_K_M,100,0,3.19782,100,100,0,0,3.19782,0.0319782,inf,zero_success
consensus,3.5,qwen2.5:0.5b-instruct-q8_0,100,0,3.4305,100,100,0,0,3.4305,0.034305,inf,zero_success
consensus,3.5,qwen2.5:1.5b,100,2,5.34948,100,100,0,0,5.34948,0.053494799999999995,2.67474,finite
consensus,3.5,qwen2.5:1.5b-instruct-q4_K_M,100,2,5.33147,100,100,0,0,5.33147,0.053314700000000007,2.665735,finite
consensus,3.5,qwen2.5:1.5b-instruct-q8_0,100,6,7.77736,100,100,0,0,7.77736,0.0777736,1.2962266666666666,finite
consensus,3.5,qwen2.5:3b,100,21,10.87773,100,100,0,0,10.87773,0.1087773,0.5179871428571429,finite
consensus,3.5,qwen2.5:3b-instruct-q4_K_M,100,21,10.5835,100,100,0,0,10.5835,0.10583500000000001,0.5039761904761905,finite
consensus,3.5,qwen2.5:3b-instruct-q8_0,100,29,17.27231,100,100,0,0,17.27231,0.17272310000000002,0.5955968965517242,finite
consensus,3.5,qwen2:0.5b-instruct-q8_0,100,0,1.92741,100,100,0,0,1.92741,0.019274100000000002,inf,zero_success
consensus,3.5,qwen2:1.5b,100,1,2.68809,100,100,0,0,2.68809,0.0268809,2.68809,finite
consensus,3.5,qwen2:1.5b-instruct-q8_0,100,2,4.40244,100,100,0,0,4.40244,0.044024400000000005,2.20122,finite
consensus,3.5,qwen3.5:2b,100,15,10.2946,100,100,0,0,10.2946,0.10294600000000001,0.6863066666666667,finite
consensus,3.5,qwen3:0.6b,100,3,1.53814,100,100,0,0,1.53814,0.0153814,0.5127133333333334,finite
consensus,3.5,qwen3:0.6b-fp16,100,3,2.82127,100,100,0,0,2.82127,0.0282127,0.9404233333333334,finite
consensus,3.5,qwen3:0.6b-q8_0,100,6,1.88819,100,100,0,0,1.88819,0.0188819,0.31469833333333336,finite
consensus,3.5,qwen3:1.7b,100,23,3.65625,100,100,0,0,3.65625,0.0365625,0.15896739130434784,finite
consensus,3.5,qwen3:1.7b-fp16,100,26,8.11854,100,100,0,0,8.11854,0.08118539999999999,0.3122515384615384,finite
consensus,3.5,qwen3:1.7b-q8_0,100,29,5.33985,100,100,0,0,5.33985,0.0533985,0.18413275862068967,finite
consensus,3.5,qwen3:4b,100,29,25.70734,100,100,0,0,25.70734,0.2570734,0.8864599999999999,finite
consensus,3.5,qwen3:4b-instruct-2507-q4_K_M,100,57,10.89977,100,100,0,0,10.89977,0.1089977,0.1912240350877193,finite
consensus,3.5,qwen3:4b-instruct-2507-q8_0,100,56,16.05071,100,100,0,0,16.05071,0.16050709999999999,0.2866198214285714,finite
consensus,3.5,qwen3:4b-q8_0,100,53,13.89434,100,100,0,0,13.89434,0.1389434,0.26215735849056604,finite
consensus,3.5,qwen3:4b-thinking-2507-q4_K_M,100,33,25.873540000000002,100,100,0,0,25.873540000000002,0.2587354,0.7840466666666668,finite
consensus,3.5,qwen3:4b-thinking-2507-q8_0,100,45,38.2666,100,100,0,0,38.2666,0.38266599999999995,0.8503688888888888,finite
consensus,3.5,sailor2:1b,100,0,5.6499,100,100,0,0,5.6499,0.056498999999999994,inf,zero_success
consensus,3.5,smallthinker:3b-preview-q4_K_M,100,18,18.30502,100,100,0,0,18.30502,0.1830502,1.0169455555555555,finite
consensus,3.5,smollm2:1.7b,100,1,5.15045,100,100,0,0,5.15045,0.0515045,5.15045,finite
consensus,3.5,smollm2:1.7b-instruct-q8_0,100,1,5.19418,100,100,0,0,5.19418,0.0519418,5.19418,finite
consensus,3.5,smollm2:135m,100,0,1.19867,100,100,0,0,1.19867,0.0119867,inf,zero_success
consensus,3.5,smollm2:135m-instruct-q8_0,100,0,0.8140000000000001,100,100,0,0,0.8140000000000001,0.008140000000000001,inf,zero_success
consensus,3.5,smollm2:360m,100,2,1.73387,100,100,0,0,1.73387,0.0173387,0.866935,finite
consensus,3.5,smollm2:360m-instruct-q8_0,100,2,1.23222,100,100,0,0,1.23222,0.0123222,0.61611,finite
consensus,3.5,smollm:1.7b,100,0,7.49611,100,100,0,0,7.49611,0.0749611,inf,zero_success
consensus,3.5,smollm:360m,100,0,2.58516,100,100,0,0,2.58516,0.025851600000000002,inf,zero_success
consensus,3.5,stablelm2:1.6b,100,0,5.7245800000000004,100,100,0,0,5.7245800000000004,0.057245800000000006,inf,zero_success
consensus,3.5,stablelm2:1.6b-chat,100,1,5.7273700000000005,100,100,0,0,5.7273700000000005,0.057273700000000004,5.7273700000000005,finite
consensus,3.5,stablelm2:1.6b-zephyr,100,1,4.46021,100,100,0,0,4.46021,0.0446021,4.46021,finite
consensus,3.5,starcoder2:3b,100,0,13.84306,100,100,0,0,13.84306,0.1384306,inf,zero_success
consensus,3.5,starcoder2:3b-q6_K,100,0,18.15079,100,100,0,0,18.15079,0.1815079,inf,zero_success
consensus,3.5,starcoder2:3b-q8_0,100,0,20.77656,100,100,0,0,20.77656,0.2077656,inf,zero_success
consensus,3.5,tinyllama:1.1b,100,2,3.73769,100,100,0,0,3.73769,0.037376900000000005,1.868845,finite
consensus,3.5,tinyllama:1.1b-chat-v1-q8_0,100,0,6.0696,100,100,0,0,6.0696,0.060696,inf,zero_success
consensus,3.5,yi-coder:1.5b,100,1,5.3132,100,100,0,0,5.3132,0.053132,5.3132,finite
consensus,4.0,codegemma:2b,100,0,10.2505,100,100,0,0,10.2505,0.10250500000000001,inf,zero_success
consensus,4.0,codegemma:2b-code-q6_K,100,1,5.31285,100,100,0,0,5.31285,0.0531285,5.31285,finite
consensus,4.0,cogito:3b,100,8,4.65268,100,100,0,0,4.65268,0.0465268,0.581585,finite
consensus,4.0,cogito:3b-v1-preview-llama-q8_0,100,5,7.01172,100,100,0,0,7.01172,0.0701172,1.402344,finite
consensus,4.0,deepseek-coder:1.3b,100,0,6.54276,100,100,0,0,6.54276,0.0654276,inf,zero_success
consensus,4.0,deepseek-coder:1.3b-instruct-q8_0,100,0,9.7566,100,100,0,0,9.7566,0.097566,inf,zero_success
consensus,4.0,falcon3:1b,100,1,9.95422,100,100,0,0,9.95422,0.0995422,9.95422,finite
consensus,4.0,falcon3:1b-instruct-q8_0,100,1,9.96065,100,100,0,0,9.96065,0.09960649999999999,9.96065,finite
consensus,4.0,falcon3:3b,100,2,5.86016,100,100,0,0,5.86016,0.0586016,2.93008,finite
consensus,4.0,falcon3:3b-instruct-q4_K_M,100,2,5.80189,100,100,0,0,5.80189,0.058018900000000005,2.900945,finite
consensus,4.0,falcon3:3b-instruct-q8_0,100,11,9.73247,100,100,0,0,9.73247,0.09732469999999999,0.88477,finite
consensus,4.0,gemma2:2b,100,7,6.47362,100,100,0,0,6.47362,0.06473620000000001,0.9248028571428571,finite
consensus,4.0,gemma2:2b-instruct-q4_K_M,100,8,6.00019,100,100,0,0,6.00019,0.0600019,0.75002375,finite
consensus,4.0,gemma2:2b-instruct-q8_0,100,6,8.59835,100,100,0,0,8.59835,0.0859835,1.4330583333333333,finite
consensus,4.0,gemma3:1b,100,3,2.30552,100,100,0,0,2.30552,0.0230552,0.7685066666666667,finite
consensus,4.0,gemma3:1b-it-q8_0,100,3,2.39066,100,100,0,0,2.39066,0.0239066,0.7968866666666666,finite
consensus,4.0,gemma3:1b-it-qat,100,3,2.05762,100,100,0,0,2.05762,0.0205762,0.6858733333333333,finite
consensus,4.0,gemma3:270m,100,0,0.52651,100,100,0,0,0.52651,0.0052651,inf,zero_success
consensus,4.0,gemma3:270m-it-qat,100,0,0.77235,100,100,0,0,0.77235,0.0077234999999999995,inf,zero_success
consensus,4.0,gemma3:4b,100,19,6.41429,100,100,0,0,6.41429,0.0641429,0.33759421052631583,finite
consensus,4.0,gemma3:4b-it-q4_K_M,100,17,6.4258,100,100,0,0,6.4258,0.064258,0.3779882352941176,finite
consensus,4.0,gemma3:4b-it-q8_0,100,15,8.65949,100,100,0,0,8.65949,0.0865949,0.5772993333333333,finite
consensus,4.0,gemma3:4b-it-qat,100,15,7.70239,100,100,0,0,7.70239,0.0770239,0.5134926666666667,finite
consensus,4.0,gemma3n:e2b,100,19,6.48302,100,100,0,0,6.48302,0.0648302,0.3412115789473684,finite
consensus,4.0,gemma4:e2b-it-qat,100,30,5.04522,100,100,0,0,5.04522,0.050452199999999996,0.168174,finite
consensus,4.0,gemma:2b,100,1,4.85105,100,100,0,0,4.85105,0.0485105,4.85105,finite
consensus,4.0,gemma:2b-instruct-q4_K_M,100,1,4.42981,100,100,0,0,4.42981,0.0442981,4.42981,finite
consensus,4.0,gemma:2b-instruct-q8_0,100,1,6.08542,100,100,0,0,6.08542,0.0608542,6.08542,finite
consensus,4.0,granite3.1-dense:2b,100,12,8.31672,100,100,0,0,8.31672,0.0831672,0.69306,finite
consensus,4.0,granite3.1-dense:2b-instruct-q8_0,100,13,11.41953,100,100,0,0,11.41953,0.1141953,0.8784253846153847,finite
consensus,4.0,granite3.1-moe:3b,100,1,3.34147,100,100,0,0,3.34147,0.0334147,3.34147,finite
consensus,4.0,granite3.2:2b,100,10,12.16954,100,100,0,0,12.16954,0.1216954,1.2169539999999999,finite
consensus,4.0,granite3.2:2b-instruct-q4_K_M,100,13,12.21751,100,100,0,0,12.21751,0.12217510000000001,0.9398084615384616,finite
consensus,4.0,granite3.3:2b,100,7,7.69426,100,100,0,0,7.69426,0.0769426,1.09918,finite
consensus,4.0,granite4.1:3b,100,26,7.4758,100,100,0,0,7.4758,0.07475799999999999,0.2875307692307692,finite
consensus,4.0,granite4:1b-h,100,10,2.84356,100,100,0,0,2.84356,0.028435600000000002,0.284356,finite
consensus,4.0,granite4:350m,100,1,1.29306,100,100,0,0,1.29306,0.0129306,1.29306,finite
consensus,4.0,granite4:350m-bf16,100,1,1.27121,100,100,0,0,1.27121,0.012712099999999999,1.27121,finite
consensus,4.0,granite4:350m-h,100,0,0.80541,100,100,0,0,0.80541,0.0080541,inf,zero_success
consensus,4.0,granite4:micro,100,16,7.98973,100,100,0,0,7.98973,0.0798973,0.499358125,finite
consensus,4.0,granite4:micro-h,100,24,6.51603,100,100,0,0,6.51603,0.0651603,0.27150124999999997,finite
consensus,4.0,hf.co/LiquidAI/LFM2-1.2B-GGUF:Q4_K_M,100,1,1.86997,100,100,0,0,1.86997,0.0186997,1.86997,finite
consensus,4.0,hf.co/LiquidAI/LFM2-1.2B-GGUF:Q8_0,100,0,3.0554,100,100,0,0,3.0554,0.030554,inf,zero_success
consensus,4.0,hf.co/LiquidAI/LFM2-350M-GGUF:Q4_K_M,100,0,1.12774,100,100,0,0,1.12774,0.0112774,inf,zero_success
consensus,4.0,hf.co/LiquidAI/LFM2-700M-GGUF:Q4_K_M,100,0,2.20955,100,100,0,0,2.20955,0.0220955,inf,zero_success
consensus,4.0,hf.co/NousResearch/Hermes-3-Llama-3.2-3B-GGUF:Q4_K_M,100,2,7.69492,100,100,0,0,7.69492,0.0769492,3.84746,finite
consensus,4.0,hf.co/NousResearch/Hermes-3-Llama-3.2-3B-GGUF:Q8_0,100,2,9.917910000000001,100,100,0,0,9.917910000000001,0.0991791,4.9589550000000004,finite
consensus,4.0,hf.co/Qwen/Qwen2.5-1.5B-Instruct-GGUF:Q4_K_M,100,6,3.84287,100,100,0,0,3.84287,0.0384287,0.6404783333333334,finite
consensus,4.0,hf.co/Qwen/Qwen2.5-3B-Instruct-GGUF:Q4_K_M,100,7,9.58863,100,100,0,0,9.58863,0.09588630000000001,1.3698042857142858,finite
consensus,4.0,hf.co/Qwen/Qwen3-4B-GGUF:Q4_K_M,100,21,25.71047,100,100,0,0,25.71047,0.2571047,1.2243080952380954,finite
consensus,4.0,hf.co/allenai/OLMo-2-0425-1B-Instruct-GGUF:Q4_K_M,100,0,6.18127,100,100,0,0,6.18127,0.0618127,inf,zero_success
consensus,4.0,hf.co/bartowski/Llama-3.2-3B-Instruct-GGUF:IQ4_XS,100,7,6.516,100,100,0,0,6.516,0.06516,0.9308571428571428,finite
consensus,4.0,hf.co/bartowski/Llama-3.2-3B-Instruct-GGUF:Q3_K_L,100,4,6.62014,100,100,0,0,6.62014,0.06620140000000001,1.655035,finite
consensus,4.0,hf.co/bartowski/Llama-3.2-3B-Instruct-GGUF:Q5_K_M,100,11,7.42849,100,100,0,0,7.42849,0.0742849,0.6753172727272727,finite
consensus,4.0,hf.co/bartowski/Llama-3.2-3B-Instruct-GGUF:Q6_K,100,11,7.34838,100,100,0,0,7.34838,0.0734838,0.6680345454545454,finite
consensus,4.0,hf.co/ggml-org/SmolLM3-3B-GGUF:Q4_K_M,100,7,11.0296,100,100,0,0,11.0296,0.110296,1.5756571428571429,finite
consensus,4.0,hf.co/ggml-org/SmolLM3-3B-GGUF:Q8_0,100,4,13.82926,100,100,0,0,13.82926,0.1382926,3.457315,finite
consensus,4.0,hf.co/openbmb/MiniCPM3-4B-GGUF:Q4_K_M,100,6,7.84251,100,100,0,0,7.84251,0.0784251,1.307085,finite
consensus,4.0,hf.co/tiiuae/Falcon-H1-0.5B-Instruct-GGUF:Q4_K_M,100,0,3.42942,100,100,0,0,3.42942,0.0342942,inf,zero_success
consensus,4.0,hf.co/tiiuae/Falcon-H1-1.5B-Deep-Instruct-GGUF:IQ4_XS,100,8,10.53772,100,100,0,0,10.53772,0.1053772,1.317215,finite
consensus,4.0,hf.co/tiiuae/Falcon-H1-1.5B-Deep-Instruct-GGUF:Q4_K_M,100,7,9.33283,100,100,0,0,9.33283,0.09332829999999999,1.3332614285714286,finite
consensus,4.0,hf.co/tiiuae/Falcon-H1-3B-Instruct-GGUF:Q4_K_M,100,19,12.48902,100,100,0,0,12.48902,0.1248902,0.6573168421052632,finite
consensus,4.0,hf.co/unsloth/Llama-3.2-1B-Instruct-GGUF:Q4_K_M,100,2,1.80221,100,100,0,0,1.80221,0.0180221,0.901105,finite
consensus,4.0,hf.co/unsloth/Phi-4-mini-instruct-GGUF:Q4_K_M,100,8,10.4409,100,100,0,0,10.4409,0.10440899999999999,1.3051125,finite
consensus,4.0,hf.co/unsloth/Qwen3-4B-GGUF:Q4_K_M,100,44,9.33401,100,100,0,0,9.33401,0.0933401,0.2121365909090909,finite
consensus,4.0,internlm2:1.8b,100,0,3.08931,100,100,0,0,3.08931,0.030893099999999996,inf,zero_success
consensus,4.0,llama3.2:1b,100,1,2.69072,100,100,0,0,2.69072,0.0269072,2.69072,finite
consensus,4.0,llama3.2:1b-instruct-q4_K_M,100,2,2.26048,100,100,0,0,2.26048,0.022604799999999998,1.13024,finite
consensus,4.0,llama3.2:1b-instruct-q8_0,100,1,2.64465,100,100,0,0,2.64465,0.026446499999999998,2.64465,finite
consensus,4.0,llama3.2:3b,100,10,5.39273,100,100,0,0,5.39273,0.053927300000000004,0.539273,finite
consensus,4.0,llama3.2:3b-instruct-q4_K_M,100,8,5.38582,100,100,0,0,5.38582,0.053858199999999995,0.6732275,finite
consensus,4.0,llama3.2:3b-instruct-q8_0,100,12,8.03945,100,100,0,0,8.03945,0.08039450000000001,0.6699541666666667,finite
consensus,4.0,ministral-3:3b,100,22,10.71552,100,100,0,0,10.71552,0.10715519999999999,0.4870690909090909,finite
consensus,4.0,nemotron-mini:4b,100,1,6.78951,100,100,0,0,6.78951,0.0678951,6.78951,finite
consensus,4.0,nemotron-mini:4b-instruct-q4_K_M,100,1,6.77532,100,100,0,0,6.77532,0.0677532,6.77532,finite
consensus,4.0,nemotron-mini:4b-instruct-q8_0,100,3,11.05912,100,100,0,0,11.05912,0.1105912,3.6863733333333335,finite
consensus,4.0,opencoder:1.5b,100,1,7.43624,100,100,0,0,7.43624,0.0743624,7.43624,finite
consensus,4.0,phi3.5:3.8b,100,9,14.90855,100,100,0,0,14.90855,0.1490855,1.6565055555555555,finite
consensus,4.0,phi3.5:3.8b-mini-instruct-q8_0,100,12,21.85186,100,100,0,0,21.85186,0.21851859999999998,1.8209883333333332,finite
consensus,4.0,phi3:3.8b,100,1,10.96987,100,100,0,0,10.96987,0.1096987,10.96987,finite
consensus,4.0,phi3:3.8b-mini-128k-instruct-q8_0,100,7,12.32013,100,100,0,0,12.32013,0.12320130000000001,1.7600185714285714,finite
consensus,4.0,phi3:mini,100,5,10.88284,100,100,0,0,10.88284,0.10882839999999999,2.176568,finite
consensus,4.0,phi3:mini-128k,100,2,10.89084,100,100,0,0,10.89084,0.1089084,5.44542,finite
consensus,4.0,phi3:mini-4k,100,10,15.37809,100,100,0,0,15.37809,0.1537809,1.537809,finite
consensus,4.0,phi4-mini,100,11,9.58175,100,100,0,0,9.58175,0.0958175,0.8710681818181818,finite
consensus,4.0,phi4-mini-reasoning,100,12,28.28102,100,100,0,0,28.28102,0.2828102,2.356751666666667,finite
consensus,4.0,qwen2-math:1.5b,100,0,7.45381,100,100,0,0,7.45381,0.0745381,inf,zero_success
consensus,4.0,qwen2.5-coder:0.5b,100,0,2.50646,100,100,0,0,2.50646,0.025064600000000003,inf,zero_success
consensus,4.0,qwen2.5-coder:1.5b,100,4,5.25429,100,100,0,0,5.25429,0.052542900000000003,1.3135725,finite
consensus,4.0,qwen2.5-coder:1.5b-instruct-q8_0,100,4,7.42927,100,100,0,0,7.42927,0.0742927,1.8573175,finite
consensus,4.0,qwen2.5-coder:3b,100,11,9.4148,100,100,0,0,9.4148,0.094148,0.855890909090909,finite
consensus,4.0,qwen2.5-coder:3b-instruct-q4_K_M,100,11,9.29719,100,100,0,0,9.29719,0.09297190000000001,0.845199090909091,finite
consensus,4.0,qwen2.5-coder:3b-instruct-q8_0,100,14,15.58029,100,100,0,0,15.58029,0.1558029,1.112877857142857,finite
consensus,4.0,qwen2.5:0.5b,100,0,3.24637,100,100,0,0,3.24637,0.032463700000000005,inf,zero_success
consensus,4.0,qwen2.5:0.5b-instruct-q4_K_M,100,0,3.19782,100,100,0,0,3.19782,0.0319782,inf,zero_success
consensus,4.0,qwen2.5:0.5b-instruct-q8_0,100,0,3.4305,100,100,0,0,3.4305,0.034305,inf,zero_success
consensus,4.0,qwen2.5:1.5b,100,1,5.34948,100,100,0,0,5.34948,0.053494799999999995,5.34948,finite
consensus,4.0,qwen2.5:1.5b-instruct-q4_K_M,100,1,5.33147,100,100,0,0,5.33147,0.053314700000000007,5.33147,finite
consensus,4.0,qwen2.5:1.5b-instruct-q8_0,100,1,7.77736,100,100,0,0,7.77736,0.0777736,7.77736,finite
consensus,4.0,qwen2.5:3b,100,13,10.87773,100,100,0,0,10.87773,0.1087773,0.8367484615384615,finite
consensus,4.0,qwen2.5:3b-instruct-q4_K_M,100,13,10.5835,100,100,0,0,10.5835,0.10583500000000001,0.8141153846153847,finite
consensus,4.0,qwen2.5:3b-instruct-q8_0,100,12,17.27231,100,100,0,0,17.27231,0.17272310000000002,1.4393591666666667,finite
consensus,4.0,qwen2:0.5b-instruct-q8_0,100,0,1.92741,100,100,0,0,1.92741,0.019274100000000002,inf,zero_success
consensus,4.0,qwen2:1.5b,100,1,2.68809,100,100,0,0,2.68809,0.0268809,2.68809,finite
consensus,4.0,qwen2:1.5b-instruct-q8_0,100,1,4.40244,100,100,0,0,4.40244,0.044024400000000005,4.40244,finite
consensus,4.0,qwen3.5:2b,100,7,10.2946,100,100,0,0,10.2946,0.10294600000000001,1.4706571428571429,finite
consensus,4.0,qwen3:0.6b,100,1,1.53814,100,100,0,0,1.53814,0.0153814,1.53814,finite
consensus,4.0,qwen3:0.6b-fp16,100,3,2.82127,100,100,0,0,2.82127,0.0282127,0.9404233333333334,finite
consensus,4.0,qwen3:0.6b-q8_0,100,4,1.88819,100,100,0,0,1.88819,0.0188819,0.4720475,finite
consensus,4.0,qwen3:1.7b,100,13,3.65625,100,100,0,0,3.65625,0.0365625,0.28125,finite
consensus,4.0,qwen3:1.7b-fp16,100,17,8.11854,100,100,0,0,8.11854,0.08118539999999999,0.4775611764705882,finite
consensus,4.0,qwen3:1.7b-q8_0,100,18,5.33985,100,100,0,0,5.33985,0.0533985,0.29665833333333336,finite
consensus,4.0,qwen3:4b,100,18,25.70734,100,100,0,0,25.70734,0.2570734,1.4281855555555554,finite
consensus,4.0,qwen3:4b-instruct-2507-q4_K_M,100,40,10.89977,100,100,0,0,10.89977,0.1089977,0.27249425,finite
consensus,4.0,qwen3:4b-instruct-2507-q8_0,100,54,16.05071,100,100,0,0,16.05071,0.16050709999999999,0.29723537037037034,finite
consensus,4.0,qwen3:4b-q8_0,100,39,13.89434,100,100,0,0,13.89434,0.1389434,0.3562651282051282,finite
consensus,4.0,qwen3:4b-thinking-2507-q4_K_M,100,21,25.873540000000002,100,100,0,0,25.873540000000002,0.2587354,1.2320733333333334,finite
consensus,4.0,qwen3:4b-thinking-2507-q8_0,100,26,38.2666,100,100,0,0,38.2666,0.38266599999999995,1.4717923076923076,finite
consensus,4.0,sailor2:1b,100,0,5.6499,100,100,0,0,5.6499,0.056498999999999994,inf,zero_success
consensus,4.0,smallthinker:3b-preview-q4_K_M,100,6,18.30502,100,100,0,0,18.30502,0.1830502,3.0508366666666666,finite
consensus,4.0,smollm2:1.7b,100,0,5.15045,100,100,0,0,5.15045,0.0515045,inf,zero_success
consensus,4.0,smollm2:1.7b-instruct-q8_0,100,0,5.19418,100,100,0,0,5.19418,0.0519418,inf,zero_success
consensus,4.0,smollm2:135m,100,0,1.19867,100,100,0,0,1.19867,0.0119867,inf,zero_success
consensus,4.0,smollm2:135m-instruct-q8_0,100,0,0.8140000000000001,100,100,0,0,0.8140000000000001,0.008140000000000001,inf,zero_success
consensus,4.0,smollm2:360m,100,2,1.73387,100,100,0,0,1.73387,0.0173387,0.866935,finite
consensus,4.0,smollm2:360m-instruct-q8_0,100,1,1.23222,100,100,0,0,1.23222,0.0123222,1.23222,finite
consensus,4.0,smollm:1.7b,100,0,7.49611,100,100,0,0,7.49611,0.0749611,inf,zero_success
consensus,4.0,smollm:360m,100,0,2.58516,100,100,0,0,2.58516,0.025851600000000002,inf,zero_success
consensus,4.0,stablelm2:1.6b,100,0,5.7245800000000004,100,100,0,0,5.7245800000000004,0.057245800000000006,inf,zero_success
consensus,4.0,stablelm2:1.6b-chat,100,0,5.7273700000000005,100,100,0,0,5.7273700000000005,0.057273700000000004,inf,zero_success
consensus,4.0,stablelm2:1.6b-zephyr,100,1,4.46021,100,100,0,0,4.46021,0.0446021,4.46021,finite
consensus,4.0,starcoder2:3b,100,0,13.84306,100,100,0,0,13.84306,0.1384306,inf,zero_success
consensus,4.0,starcoder2:3b-q6_K,100,0,18.15079,100,100,0,0,18.15079,0.1815079,inf,zero_success
consensus,4.0,starcoder2:3b-q8_0,100,0,20.77656,100,100,0,0,20.77656,0.2077656,inf,zero_success
consensus,4.0,tinyllama:1.1b,100,0,3.73769,100,100,0,0,3.73769,0.037376900000000005,inf,zero_success
consensus,4.0,tinyllama:1.1b-chat-v1-q8_0,100,0,6.0696,100,100,0,0,6.0696,0.060696,inf,zero_success
consensus,4.0,yi-coder:1.5b,100,1,5.3132,100,100,0,0,5.3132,0.053132,5.3132,finite
claude-opus-4.6,2.5,codegemma:2b,100,0,10.2505,100,100,0,0,10.2505,0.10250500000000001,inf,zero_success
claude-opus-4.6,2.5,codegemma:2b-code-q6_K,100,3,5.31285,100,100,0,0,5.31285,0.0531285,1.77095,finite
claude-opus-4.6,2.5,cogito:3b,100,47,4.65268,100,100,0,0,4.65268,0.0465268,0.09899319148936171,finite
claude-opus-4.6,2.5,cogito:3b-v1-preview-llama-q8_0,100,48,7.01172,100,100,0,0,7.01172,0.0701172,0.1460775,finite
claude-opus-4.6,2.5,deepseek-coder:1.3b,100,4,6.54276,100,100,0,0,6.54276,0.0654276,1.63569,finite
claude-opus-4.6,2.5,deepseek-coder:1.3b-instruct-q8_0,100,3,9.7566,100,100,0,0,9.7566,0.097566,3.2522,finite
claude-opus-4.6,2.5,falcon3:1b,100,11,9.95422,100,100,0,0,9.95422,0.0995422,0.9049290909090909,finite
claude-opus-4.6,2.5,falcon3:1b-instruct-q8_0,100,10,9.96065,100,100,0,0,9.96065,0.09960649999999999,0.996065,finite
claude-opus-4.6,2.5,falcon3:3b,100,26,5.86016,100,100,0,0,5.86016,0.0586016,0.22539076923076923,finite
claude-opus-4.6,2.5,falcon3:3b-instruct-q4_K_M,100,28,5.80189,100,100,0,0,5.80189,0.058018900000000005,0.20721035714285715,finite
claude-opus-4.6,2.5,falcon3:3b-instruct-q8_0,100,36,9.73247,100,100,0,0,9.73247,0.09732469999999999,0.27034638888888884,finite
claude-opus-4.6,2.5,gemma2:2b,100,43,6.47362,100,100,0,0,6.47362,0.06473620000000001,0.1505493023255814,finite
claude-opus-4.6,2.5,gemma2:2b-instruct-q4_K_M,100,52,6.00019,100,100,0,0,6.00019,0.0600019,0.11538826923076922,finite
claude-opus-4.6,2.5,gemma2:2b-instruct-q8_0,100,48,8.59835,100,100,0,0,8.59835,0.0859835,0.17913229166666667,finite
claude-opus-4.6,2.5,gemma3:1b,100,15,2.30552,100,100,0,0,2.30552,0.0230552,0.15370133333333333,finite
claude-opus-4.6,2.5,gemma3:1b-it-q8_0,100,16,2.39066,100,100,0,0,2.39066,0.0239066,0.14941625,finite
claude-opus-4.6,2.5,gemma3:1b-it-qat,100,25,2.05762,100,100,0,0,2.05762,0.0205762,0.0823048,finite
claude-opus-4.6,2.5,gemma3:270m,100,2,0.52651,100,100,0,0,0.52651,0.0052651,0.263255,finite
claude-opus-4.6,2.5,gemma3:270m-it-qat,100,5,0.77235,100,100,0,0,0.77235,0.0077234999999999995,0.15447,finite
claude-opus-4.6,2.5,gemma3:4b,100,63,6.41429,100,100,0,0,6.41429,0.0641429,0.10181412698412699,finite
claude-opus-4.6,2.5,gemma3:4b-it-q4_K_M,100,64,6.4258,100,100,0,0,6.4258,0.064258,0.100403125,finite
claude-opus-4.6,2.5,gemma3:4b-it-q8_0,100,58,8.65949,100,100,0,0,8.65949,0.0865949,0.14930155172413792,finite
claude-opus-4.6,2.5,gemma3:4b-it-qat,100,54,7.70239,100,100,0,0,7.70239,0.0770239,0.14263685185185185,finite
claude-opus-4.6,2.5,gemma3n:e2b,100,67,6.48302,100,100,0,0,6.48302,0.0648302,0.09676149253731343,finite
claude-opus-4.6,2.5,gemma4:e2b-it-qat,100,77,5.04522,100,100,0,0,5.04522,0.050452199999999996,0.06552233766233766,finite
claude-opus-4.6,2.5,gemma:2b,100,16,4.85105,100,100,0,0,4.85105,0.0485105,0.303190625,finite
claude-opus-4.6,2.5,gemma:2b-instruct-q4_K_M,100,19,4.42981,100,100,0,0,4.42981,0.0442981,0.23314789473684208,finite
claude-opus-4.6,2.5,gemma:2b-instruct-q8_0,100,19,6.08542,100,100,0,0,6.08542,0.0608542,0.32028526315789474,finite
claude-opus-4.6,2.5,granite3.1-dense:2b,100,53,8.31672,100,100,0,0,8.31672,0.0831672,0.15691924528301887,finite
claude-opus-4.6,2.5,granite3.1-dense:2b-instruct-q8_0,100,57,11.41953,100,100,0,0,11.41953,0.1141953,0.20034263157894736,finite
claude-opus-4.6,2.5,granite3.1-moe:3b,100,23,3.34147,100,100,0,0,3.34147,0.0334147,0.1452813043478261,finite
claude-opus-4.6,2.5,granite3.2:2b,100,53,12.16954,100,100,0,0,12.16954,0.1216954,0.22961396226415093,finite
claude-opus-4.6,2.5,granite3.2:2b-instruct-q4_K_M,100,55,12.21751,100,100,0,0,12.21751,0.12217510000000001,0.22213654545454548,finite
claude-opus-4.6,2.5,granite3.3:2b,100,55,7.69426,100,100,0,0,7.69426,0.0769426,0.13989563636363636,finite
claude-opus-4.6,2.5,granite4.1:3b,100,71,7.4758,100,100,0,0,7.4758,0.07475799999999999,0.10529295774647887,finite
claude-opus-4.6,2.5,granite4:1b-h,100,30,2.84356,100,100,0,0,2.84356,0.028435600000000002,0.09478533333333333,finite
claude-opus-4.6,2.5,granite4:350m,100,7,1.29306,100,100,0,0,1.29306,0.0129306,0.18472285714285716,finite
claude-opus-4.6,2.5,granite4:350m-bf16,100,6,1.27121,100,100,0,0,1.27121,0.012712099999999999,0.21186833333333333,finite
claude-opus-4.6,2.5,granite4:350m-h,100,9,0.80541,100,100,0,0,0.80541,0.0080541,0.08949,finite
claude-opus-4.6,2.5,granite4:micro,100,61,7.98973,100,100,0,0,7.98973,0.0798973,0.13097918032786884,finite
claude-opus-4.6,2.5,granite4:micro-h,100,71,6.51603,100,100,0,0,6.51603,0.0651603,0.0917750704225352,finite
claude-opus-4.6,2.5,hf.co/LiquidAI/LFM2-1.2B-GGUF:Q4_K_M,100,19,1.86997,100,100,0,0,1.86997,0.0186997,0.09841947368421052,finite
claude-opus-4.6,2.5,hf.co/LiquidAI/LFM2-1.2B-GGUF:Q8_0,100,21,3.0554,100,100,0,0,3.0554,0.030554,0.1454952380952381,finite
claude-opus-4.6,2.5,hf.co/LiquidAI/LFM2-350M-GGUF:Q4_K_M,100,3,1.12774,100,100,0,0,1.12774,0.0112774,0.3759133333333333,finite
claude-opus-4.6,2.5,hf.co/LiquidAI/LFM2-700M-GGUF:Q4_K_M,100,4,2.20955,100,100,0,0,2.20955,0.0220955,0.5523875,finite
claude-opus-4.6,2.5,hf.co/NousResearch/Hermes-3-Llama-3.2-3B-GGUF:Q4_K_M,100,34,7.69492,100,100,0,0,7.69492,0.0769492,0.22632117647058822,finite
claude-opus-4.6,2.5,hf.co/NousResearch/Hermes-3-Llama-3.2-3B-GGUF:Q8_0,100,42,9.917910000000001,100,100,0,0,9.917910000000001,0.0991791,0.23614071428571431,finite
claude-opus-4.6,2.5,hf.co/Qwen/Qwen2.5-1.5B-Instruct-GGUF:Q4_K_M,100,25,3.84287,100,100,0,0,3.84287,0.0384287,0.1537148,finite
claude-opus-4.6,2.5,hf.co/Qwen/Qwen2.5-3B-Instruct-GGUF:Q4_K_M,100,63,9.58863,100,100,0,0,9.58863,0.09588630000000001,0.1522004761904762,finite
claude-opus-4.6,2.5,hf.co/Qwen/Qwen3-4B-GGUF:Q4_K_M,100,62,25.71047,100,100,0,0,25.71047,0.2571047,0.414685,finite
claude-opus-4.6,2.5,hf.co/allenai/OLMo-2-0425-1B-Instruct-GGUF:Q4_K_M,100,11,6.18127,100,100,0,0,6.18127,0.0618127,0.5619336363636364,finite
claude-opus-4.6,2.5,hf.co/bartowski/Llama-3.2-3B-Instruct-GGUF:IQ4_XS,100,47,6.516,100,100,0,0,6.516,0.06516,0.13863829787234042,finite
claude-opus-4.6,2.5,hf.co/bartowski/Llama-3.2-3B-Instruct-GGUF:Q3_K_L,100,40,6.62014,100,100,0,0,6.62014,0.06620140000000001,0.1655035,finite
claude-opus-4.6,2.5,hf.co/bartowski/Llama-3.2-3B-Instruct-GGUF:Q5_K_M,100,48,7.42849,100,100,0,0,7.42849,0.0742849,0.15476020833333334,finite
claude-opus-4.6,2.5,hf.co/bartowski/Llama-3.2-3B-Instruct-GGUF:Q6_K,100,45,7.34838,100,100,0,0,7.34838,0.0734838,0.16329733333333332,finite
claude-opus-4.6,2.5,hf.co/ggml-org/SmolLM3-3B-GGUF:Q4_K_M,100,40,11.0296,100,100,0,0,11.0296,0.110296,0.27574,finite
claude-opus-4.6,2.5,hf.co/ggml-org/SmolLM3-3B-GGUF:Q8_0,100,40,13.82926,100,100,0,0,13.82926,0.1382926,0.34573149999999997,finite
claude-opus-4.6,2.5,hf.co/openbmb/MiniCPM3-4B-GGUF:Q4_K_M,100,41,7.84251,100,100,0,0,7.84251,0.0784251,0.19128073170731708,finite
claude-opus-4.6,2.5,hf.co/tiiuae/Falcon-H1-0.5B-Instruct-GGUF:Q4_K_M,100,18,3.42942,100,100,0,0,3.42942,0.0342942,0.19052333333333332,finite
claude-opus-4.6,2.5,hf.co/tiiuae/Falcon-H1-1.5B-Deep-Instruct-GGUF:IQ4_XS,100,46,10.53772,100,100,0,0,10.53772,0.1053772,0.2290808695652174,finite
claude-opus-4.6,2.5,hf.co/tiiuae/Falcon-H1-1.5B-Deep-Instruct-GGUF:Q4_K_M,100,52,9.33283,100,100,0,0,9.33283,0.09332829999999999,0.17947749999999998,finite
claude-opus-4.6,2.5,hf.co/tiiuae/Falcon-H1-3B-Instruct-GGUF:Q4_K_M,100,72,12.48902,100,100,0,0,12.48902,0.1248902,0.1734586111111111,finite
claude-opus-4.6,2.5,hf.co/unsloth/Llama-3.2-1B-Instruct-GGUF:Q4_K_M,100,10,1.80221,100,100,0,0,1.80221,0.0180221,0.18022100000000002,finite
claude-opus-4.6,2.5,hf.co/unsloth/Phi-4-mini-instruct-GGUF:Q4_K_M,100,53,10.4409,100,100,0,0,10.4409,0.10440899999999999,0.19699811320754715,finite
claude-opus-4.6,2.5,hf.co/unsloth/Qwen3-4B-GGUF:Q4_K_M,100,81,9.33401,100,100,0,0,9.33401,0.0933401,0.11523469135802468,finite
claude-opus-4.6,2.5,internlm2:1.8b,100,4,3.08931,100,100,0,0,3.08931,0.030893099999999996,0.7723275,finite
claude-opus-4.6,2.5,llama3.2:1b,100,11,2.69072,100,100,0,0,2.69072,0.0269072,0.24461090909090907,finite
claude-opus-4.6,2.5,llama3.2:1b-instruct-q4_K_M,100,9,2.26048,100,100,0,0,2.26048,0.022604799999999998,0.2511644444444444,finite
claude-opus-4.6,2.5,llama3.2:1b-instruct-q8_0,100,9,2.64465,100,100,0,0,2.64465,0.026446499999999998,0.29385,finite
claude-opus-4.6,2.5,llama3.2:3b,100,50,5.39273,100,100,0,0,5.39273,0.053927300000000004,0.10785460000000001,finite
claude-opus-4.6,2.5,llama3.2:3b-instruct-q4_K_M,100,48,5.38582,100,100,0,0,5.38582,0.053858199999999995,0.11220458333333333,finite
claude-opus-4.6,2.5,llama3.2:3b-instruct-q8_0,100,54,8.03945,100,100,0,0,8.03945,0.08039450000000001,0.1488787037037037,finite
claude-opus-4.6,2.5,ministral-3:3b,100,68,10.71552,100,100,0,0,10.71552,0.10715519999999999,0.15758117647058822,finite
claude-opus-4.6,2.5,nemotron-mini:4b,100,10,6.78951,100,100,0,0,6.78951,0.0678951,0.678951,finite
claude-opus-4.6,2.5,nemotron-mini:4b-instruct-q4_K_M,100,12,6.77532,100,100,0,0,6.77532,0.0677532,0.56461,finite
claude-opus-4.6,2.5,nemotron-mini:4b-instruct-q8_0,100,21,11.05912,100,100,0,0,11.05912,0.1105912,0.5266247619047619,finite
claude-opus-4.6,2.5,opencoder:1.5b,100,8,7.43624,100,100,0,0,7.43624,0.0743624,0.92953,finite
claude-opus-4.6,2.5,phi3.5:3.8b,100,46,14.90855,100,100,0,0,14.90855,0.1490855,0.32409891304347827,finite
claude-opus-4.6,2.5,phi3.5:3.8b-mini-instruct-q8_0,100,54,21.85186,100,100,0,0,21.85186,0.21851859999999998,0.40466407407407406,finite
claude-opus-4.6,2.5,phi3:3.8b,100,34,10.96987,100,100,0,0,10.96987,0.1096987,0.32264323529411765,finite
claude-opus-4.6,2.5,phi3:3.8b-mini-128k-instruct-q8_0,100,44,12.32013,100,100,0,0,12.32013,0.12320130000000001,0.28000295454545454,finite
claude-opus-4.6,2.5,phi3:mini,100,36,10.88284,100,100,0,0,10.88284,0.10882839999999999,0.30230111111111113,finite
claude-opus-4.6,2.5,phi3:mini-128k,100,37,10.89084,100,100,0,0,10.89084,0.1089084,0.29434702702702703,finite
claude-opus-4.6,2.5,phi3:mini-4k,100,37,15.37809,100,100,0,0,15.37809,0.1537809,0.41562405405405406,finite
claude-opus-4.6,2.5,phi4-mini,100,53,9.58175,100,100,0,0,9.58175,0.0958175,0.1807877358490566,finite
claude-opus-4.6,2.5,phi4-mini-reasoning,100,50,28.28102,100,100,0,0,28.28102,0.2828102,0.5656204,finite
claude-opus-4.6,2.5,qwen2-math:1.5b,100,7,7.45381,100,100,0,0,7.45381,0.0745381,1.06483,finite
claude-opus-4.6,2.5,qwen2.5-coder:0.5b,100,11,2.50646,100,100,0,0,2.50646,0.025064600000000003,0.22786,finite
claude-opus-4.6,2.5,qwen2.5-coder:1.5b,100,30,5.25429,100,100,0,0,5.25429,0.052542900000000003,0.175143,finite
claude-opus-4.6,2.5,qwen2.5-coder:1.5b-instruct-q8_0,100,22,7.42927,100,100,0,0,7.42927,0.0742927,0.3376940909090909,finite
claude-opus-4.6,2.5,qwen2.5-coder:3b,100,45,9.4148,100,100,0,0,9.4148,0.094148,0.20921777777777778,finite
claude-opus-4.6,2.5,qwen2.5-coder:3b-instruct-q4_K_M,100,45,9.29719,100,100,0,0,9.29719,0.09297190000000001,0.20660422222222224,finite
claude-opus-4.6,2.5,qwen2.5-coder:3b-instruct-q8_0,100,54,15.58029,100,100,0,0,15.58029,0.1558029,0.28852388888888886,finite
claude-opus-4.6,2.5,qwen2.5:0.5b,100,2,3.24637,100,100,0,0,3.24637,0.032463700000000005,1.623185,finite
claude-opus-4.6,2.5,qwen2.5:0.5b-instruct-q4_K_M,100,4,3.19782,100,100,0,0,3.19782,0.0319782,0.799455,finite
claude-opus-4.6,2.5,qwen2.5:0.5b-instruct-q8_0,100,2,3.4305,100,100,0,0,3.4305,0.034305,1.71525,finite
claude-opus-4.6,2.5,qwen2.5:1.5b,100,23,5.34948,100,100,0,0,5.34948,0.053494799999999995,0.23258608695652172,finite
claude-opus-4.6,2.5,qwen2.5:1.5b-instruct-q4_K_M,100,20,5.33147,100,100,0,0,5.33147,0.053314700000000007,0.2665735,finite
claude-opus-4.6,2.5,qwen2.5:1.5b-instruct-q8_0,100,25,7.77736,100,100,0,0,7.77736,0.0777736,0.3110944,finite
claude-opus-4.6,2.5,qwen2.5:3b,100,47,10.87773,100,100,0,0,10.87773,0.1087773,0.2314410638297872,finite
claude-opus-4.6,2.5,qwen2.5:3b-instruct-q4_K_M,100,51,10.5835,100,100,0,0,10.5835,0.10583500000000001,0.20751960784313728,finite
claude-opus-4.6,2.5,qwen2.5:3b-instruct-q8_0,100,60,17.27231,100,100,0,0,17.27231,0.17272310000000002,0.2878718333333333,finite
claude-opus-4.6,2.5,qwen2:0.5b-instruct-q8_0,100,3,1.92741,100,100,0,0,1.92741,0.019274100000000002,0.64247,finite
claude-opus-4.6,2.5,qwen2:1.5b,100,8,2.68809,100,100,0,0,2.68809,0.0268809,0.33601125,finite
claude-opus-4.6,2.5,qwen2:1.5b-instruct-q8_0,100,11,4.40244,100,100,0,0,4.40244,0.044024400000000005,0.40022181818181823,finite
claude-opus-4.6,2.5,qwen3.5:2b,100,48,10.2946,100,100,0,0,10.2946,0.10294600000000001,0.21447083333333336,finite
claude-opus-4.6,2.5,qwen3:0.6b,100,14,1.53814,100,100,0,0,1.53814,0.0153814,0.10986714285714286,finite
claude-opus-4.6,2.5,qwen3:0.6b-fp16,100,18,2.82127,100,100,0,0,2.82127,0.0282127,0.15673722222222222,finite
claude-opus-4.6,2.5,qwen3:0.6b-q8_0,100,18,1.88819,100,100,0,0,1.88819,0.0188819,0.10489944444444445,finite
claude-opus-4.6,2.5,qwen3:1.7b,100,56,3.65625,100,100,0,0,3.65625,0.0365625,0.06529017857142858,finite
claude-opus-4.6,2.5,qwen3:1.7b-fp16,100,62,8.11854,100,100,0,0,8.11854,0.08118539999999999,0.1309441935483871,finite
claude-opus-4.6,2.5,qwen3:1.7b-q8_0,100,57,5.33985,100,100,0,0,5.33985,0.0533985,0.09368157894736842,finite
claude-opus-4.6,2.5,qwen3:4b,100,65,25.70734,100,100,0,0,25.70734,0.2570734,0.39549753846153846,finite
claude-opus-4.6,2.5,qwen3:4b-instruct-2507-q4_K_M,100,83,10.89977,100,100,0,0,10.89977,0.1089977,0.13132253012048192,finite
claude-opus-4.6,2.5,qwen3:4b-instruct-2507-q8_0,100,88,16.05071,100,100,0,0,16.05071,0.16050709999999999,0.1823944318181818,finite
claude-opus-4.6,2.5,qwen3:4b-q8_0,100,86,13.89434,100,100,0,0,13.89434,0.1389434,0.1615620930232558,finite
claude-opus-4.6,2.5,qwen3:4b-thinking-2507-q4_K_M,100,63,25.873540000000002,100,100,0,0,25.873540000000002,0.2587354,0.4106911111111111,finite
claude-opus-4.6,2.5,qwen3:4b-thinking-2507-q8_0,100,75,38.2666,100,100,0,0,38.2666,0.38266599999999995,0.5102213333333333,finite
claude-opus-4.6,2.5,sailor2:1b,100,1,5.6499,100,100,0,0,5.6499,0.056498999999999994,5.6499,finite
claude-opus-4.6,2.5,smallthinker:3b-preview-q4_K_M,100,56,18.30502,100,100,0,0,18.30502,0.1830502,0.32687535714285715,finite
claude-opus-4.6,2.5,smollm2:1.7b,100,19,5.15045,100,100,0,0,5.15045,0.0515045,0.2710763157894737,finite
claude-opus-4.6,2.5,smollm2:1.7b-instruct-q8_0,100,20,5.19418,100,100,0,0,5.19418,0.0519418,0.259709,finite
claude-opus-4.6,2.5,smollm2:135m,100,1,1.19867,100,100,0,0,1.19867,0.0119867,1.19867,finite
claude-opus-4.6,2.5,smollm2:135m-instruct-q8_0,100,1,0.8140000000000001,100,100,0,0,0.8140000000000001,0.008140000000000001,0.8140000000000001,finite
claude-opus-4.6,2.5,smollm2:360m,100,6,1.73387,100,100,0,0,1.73387,0.0173387,0.28897833333333334,finite
claude-opus-4.6,2.5,smollm2:360m-instruct-q8_0,100,2,1.23222,100,100,0,0,1.23222,0.0123222,0.61611,finite
claude-opus-4.6,2.5,smollm:1.7b,100,2,7.49611,100,100,0,0,7.49611,0.0749611,3.748055,finite
claude-opus-4.6,2.5,smollm:360m,100,2,2.58516,100,100,0,0,2.58516,0.025851600000000002,1.29258,finite
claude-opus-4.6,2.5,stablelm2:1.6b,100,3,5.7245800000000004,100,100,0,0,5.7245800000000004,0.057245800000000006,1.9081933333333334,finite
claude-opus-4.6,2.5,stablelm2:1.6b-chat,100,4,5.7273700000000005,100,100,0,0,5.7273700000000005,0.057273700000000004,1.4318425000000001,finite
claude-opus-4.6,2.5,stablelm2:1.6b-zephyr,100,5,4.46021,100,100,0,0,4.46021,0.0446021,0.892042,finite
claude-opus-4.6,2.5,starcoder2:3b,100,0,13.84306,100,100,0,0,13.84306,0.1384306,inf,zero_success
claude-opus-4.6,2.5,starcoder2:3b-q6_K,100,3,18.15079,100,100,0,0,18.15079,0.1815079,6.0502633333333335,finite
claude-opus-4.6,2.5,starcoder2:3b-q8_0,100,2,20.77656,100,100,0,0,20.77656,0.2077656,10.38828,finite
claude-opus-4.6,2.5,tinyllama:1.1b,100,2,3.73769,100,100,0,0,3.73769,0.037376900000000005,1.868845,finite
claude-opus-4.6,2.5,tinyllama:1.1b-chat-v1-q8_0,100,7,6.0696,100,100,0,0,6.0696,0.060696,0.8670857142857143,finite
claude-opus-4.6,2.5,yi-coder:1.5b,100,9,5.3132,100,100,0,0,5.3132,0.053132,0.5903555555555555,finite
claude-opus-4.6,3.0,codegemma:2b,100,0,10.2505,100,100,0,0,10.2505,0.10250500000000001,inf,zero_success
claude-opus-4.6,3.0,codegemma:2b-code-q6_K,100,3,5.31285,100,100,0,0,5.31285,0.0531285,1.77095,finite
claude-opus-4.6,3.0,cogito:3b,100,47,4.65268,100,100,0,0,4.65268,0.0465268,0.09899319148936171,finite
claude-opus-4.6,3.0,cogito:3b-v1-preview-llama-q8_0,100,48,7.01172,100,100,0,0,7.01172,0.0701172,0.1460775,finite
claude-opus-4.6,3.0,deepseek-coder:1.3b,100,4,6.54276,100,100,0,0,6.54276,0.0654276,1.63569,finite
claude-opus-4.6,3.0,deepseek-coder:1.3b-instruct-q8_0,100,3,9.7566,100,100,0,0,9.7566,0.097566,3.2522,finite
claude-opus-4.6,3.0,falcon3:1b,100,11,9.95422,100,100,0,0,9.95422,0.0995422,0.9049290909090909,finite
claude-opus-4.6,3.0,falcon3:1b-instruct-q8_0,100,10,9.96065,100,100,0,0,9.96065,0.09960649999999999,0.996065,finite
claude-opus-4.6,3.0,falcon3:3b,100,26,5.86016,100,100,0,0,5.86016,0.0586016,0.22539076923076923,finite
claude-opus-4.6,3.0,falcon3:3b-instruct-q4_K_M,100,28,5.80189,100,100,0,0,5.80189,0.058018900000000005,0.20721035714285715,finite
claude-opus-4.6,3.0,falcon3:3b-instruct-q8_0,100,36,9.73247,100,100,0,0,9.73247,0.09732469999999999,0.27034638888888884,finite
claude-opus-4.6,3.0,gemma2:2b,100,43,6.47362,100,100,0,0,6.47362,0.06473620000000001,0.1505493023255814,finite
claude-opus-4.6,3.0,gemma2:2b-instruct-q4_K_M,100,52,6.00019,100,100,0,0,6.00019,0.0600019,0.11538826923076922,finite
claude-opus-4.6,3.0,gemma2:2b-instruct-q8_0,100,48,8.59835,100,100,0,0,8.59835,0.0859835,0.17913229166666667,finite
claude-opus-4.6,3.0,gemma3:1b,100,15,2.30552,100,100,0,0,2.30552,0.0230552,0.15370133333333333,finite
claude-opus-4.6,3.0,gemma3:1b-it-q8_0,100,16,2.39066,100,100,0,0,2.39066,0.0239066,0.14941625,finite
claude-opus-4.6,3.0,gemma3:1b-it-qat,100,25,2.05762,100,100,0,0,2.05762,0.0205762,0.0823048,finite
claude-opus-4.6,3.0,gemma3:270m,100,2,0.52651,100,100,0,0,0.52651,0.0052651,0.263255,finite
claude-opus-4.6,3.0,gemma3:270m-it-qat,100,5,0.77235,100,100,0,0,0.77235,0.0077234999999999995,0.15447,finite
claude-opus-4.6,3.0,gemma3:4b,100,63,6.41429,100,100,0,0,6.41429,0.0641429,0.10181412698412699,finite
claude-opus-4.6,3.0,gemma3:4b-it-q4_K_M,100,64,6.4258,100,100,0,0,6.4258,0.064258,0.100403125,finite
claude-opus-4.6,3.0,gemma3:4b-it-q8_0,100,58,8.65949,100,100,0,0,8.65949,0.0865949,0.14930155172413792,finite
claude-opus-4.6,3.0,gemma3:4b-it-qat,100,54,7.70239,100,100,0,0,7.70239,0.0770239,0.14263685185185185,finite
claude-opus-4.6,3.0,gemma3n:e2b,100,67,6.48302,100,100,0,0,6.48302,0.0648302,0.09676149253731343,finite
claude-opus-4.6,3.0,gemma4:e2b-it-qat,100,77,5.04522,100,100,0,0,5.04522,0.050452199999999996,0.06552233766233766,finite
claude-opus-4.6,3.0,gemma:2b,100,16,4.85105,100,100,0,0,4.85105,0.0485105,0.303190625,finite
claude-opus-4.6,3.0,gemma:2b-instruct-q4_K_M,100,19,4.42981,100,100,0,0,4.42981,0.0442981,0.23314789473684208,finite
claude-opus-4.6,3.0,gemma:2b-instruct-q8_0,100,19,6.08542,100,100,0,0,6.08542,0.0608542,0.32028526315789474,finite
claude-opus-4.6,3.0,granite3.1-dense:2b,100,53,8.31672,100,100,0,0,8.31672,0.0831672,0.15691924528301887,finite
claude-opus-4.6,3.0,granite3.1-dense:2b-instruct-q8_0,100,57,11.41953,100,100,0,0,11.41953,0.1141953,0.20034263157894736,finite
claude-opus-4.6,3.0,granite3.1-moe:3b,100,23,3.34147,100,100,0,0,3.34147,0.0334147,0.1452813043478261,finite
claude-opus-4.6,3.0,granite3.2:2b,100,53,12.16954,100,100,0,0,12.16954,0.1216954,0.22961396226415093,finite
claude-opus-4.6,3.0,granite3.2:2b-instruct-q4_K_M,100,55,12.21751,100,100,0,0,12.21751,0.12217510000000001,0.22213654545454548,finite
claude-opus-4.6,3.0,granite3.3:2b,100,55,7.69426,100,100,0,0,7.69426,0.0769426,0.13989563636363636,finite
claude-opus-4.6,3.0,granite4.1:3b,100,71,7.4758,100,100,0,0,7.4758,0.07475799999999999,0.10529295774647887,finite
claude-opus-4.6,3.0,granite4:1b-h,100,30,2.84356,100,100,0,0,2.84356,0.028435600000000002,0.09478533333333333,finite
claude-opus-4.6,3.0,granite4:350m,100,7,1.29306,100,100,0,0,1.29306,0.0129306,0.18472285714285716,finite
claude-opus-4.6,3.0,granite4:350m-bf16,100,6,1.27121,100,100,0,0,1.27121,0.012712099999999999,0.21186833333333333,finite
claude-opus-4.6,3.0,granite4:350m-h,100,9,0.80541,100,100,0,0,0.80541,0.0080541,0.08949,finite
claude-opus-4.6,3.0,granite4:micro,100,61,7.98973,100,100,0,0,7.98973,0.0798973,0.13097918032786884,finite
claude-opus-4.6,3.0,granite4:micro-h,100,71,6.51603,100,100,0,0,6.51603,0.0651603,0.0917750704225352,finite
claude-opus-4.6,3.0,hf.co/LiquidAI/LFM2-1.2B-GGUF:Q4_K_M,100,19,1.86997,100,100,0,0,1.86997,0.0186997,0.09841947368421052,finite
claude-opus-4.6,3.0,hf.co/LiquidAI/LFM2-1.2B-GGUF:Q8_0,100,21,3.0554,100,100,0,0,3.0554,0.030554,0.1454952380952381,finite
claude-opus-4.6,3.0,hf.co/LiquidAI/LFM2-350M-GGUF:Q4_K_M,100,3,1.12774,100,100,0,0,1.12774,0.0112774,0.3759133333333333,finite
claude-opus-4.6,3.0,hf.co/LiquidAI/LFM2-700M-GGUF:Q4_K_M,100,4,2.20955,100,100,0,0,2.20955,0.0220955,0.5523875,finite
claude-opus-4.6,3.0,hf.co/NousResearch/Hermes-3-Llama-3.2-3B-GGUF:Q4_K_M,100,34,7.69492,100,100,0,0,7.69492,0.0769492,0.22632117647058822,finite
claude-opus-4.6,3.0,hf.co/NousResearch/Hermes-3-Llama-3.2-3B-GGUF:Q8_0,100,42,9.917910000000001,100,100,0,0,9.917910000000001,0.0991791,0.23614071428571431,finite
claude-opus-4.6,3.0,hf.co/Qwen/Qwen2.5-1.5B-Instruct-GGUF:Q4_K_M,100,25,3.84287,100,100,0,0,3.84287,0.0384287,0.1537148,finite
claude-opus-4.6,3.0,hf.co/Qwen/Qwen2.5-3B-Instruct-GGUF:Q4_K_M,100,63,9.58863,100,100,0,0,9.58863,0.09588630000000001,0.1522004761904762,finite
claude-opus-4.6,3.0,hf.co/Qwen/Qwen3-4B-GGUF:Q4_K_M,100,62,25.71047,100,100,0,0,25.71047,0.2571047,0.414685,finite
claude-opus-4.6,3.0,hf.co/allenai/OLMo-2-0425-1B-Instruct-GGUF:Q4_K_M,100,11,6.18127,100,100,0,0,6.18127,0.0618127,0.5619336363636364,finite
claude-opus-4.6,3.0,hf.co/bartowski/Llama-3.2-3B-Instruct-GGUF:IQ4_XS,100,47,6.516,100,100,0,0,6.516,0.06516,0.13863829787234042,finite
claude-opus-4.6,3.0,hf.co/bartowski/Llama-3.2-3B-Instruct-GGUF:Q3_K_L,100,40,6.62014,100,100,0,0,6.62014,0.06620140000000001,0.1655035,finite
claude-opus-4.6,3.0,hf.co/bartowski/Llama-3.2-3B-Instruct-GGUF:Q5_K_M,100,48,7.42849,100,100,0,0,7.42849,0.0742849,0.15476020833333334,finite
claude-opus-4.6,3.0,hf.co/bartowski/Llama-3.2-3B-Instruct-GGUF:Q6_K,100,45,7.34838,100,100,0,0,7.34838,0.0734838,0.16329733333333332,finite
claude-opus-4.6,3.0,hf.co/ggml-org/SmolLM3-3B-GGUF:Q4_K_M,100,40,11.0296,100,100,0,0,11.0296,0.110296,0.27574,finite
claude-opus-4.6,3.0,hf.co/ggml-org/SmolLM3-3B-GGUF:Q8_0,100,40,13.82926,100,100,0,0,13.82926,0.1382926,0.34573149999999997,finite
claude-opus-4.6,3.0,hf.co/openbmb/MiniCPM3-4B-GGUF:Q4_K_M,100,41,7.84251,100,100,0,0,7.84251,0.0784251,0.19128073170731708,finite
claude-opus-4.6,3.0,hf.co/tiiuae/Falcon-H1-0.5B-Instruct-GGUF:Q4_K_M,100,18,3.42942,100,100,0,0,3.42942,0.0342942,0.19052333333333332,finite
claude-opus-4.6,3.0,hf.co/tiiuae/Falcon-H1-1.5B-Deep-Instruct-GGUF:IQ4_XS,100,46,10.53772,100,100,0,0,10.53772,0.1053772,0.2290808695652174,finite
claude-opus-4.6,3.0,hf.co/tiiuae/Falcon-H1-1.5B-Deep-Instruct-GGUF:Q4_K_M,100,52,9.33283,100,100,0,0,9.33283,0.09332829999999999,0.17947749999999998,finite
claude-opus-4.6,3.0,hf.co/tiiuae/Falcon-H1-3B-Instruct-GGUF:Q4_K_M,100,72,12.48902,100,100,0,0,12.48902,0.1248902,0.1734586111111111,finite
claude-opus-4.6,3.0,hf.co/unsloth/Llama-3.2-1B-Instruct-GGUF:Q4_K_M,100,10,1.80221,100,100,0,0,1.80221,0.0180221,0.18022100000000002,finite
claude-opus-4.6,3.0,hf.co/unsloth/Phi-4-mini-instruct-GGUF:Q4_K_M,100,53,10.4409,100,100,0,0,10.4409,0.10440899999999999,0.19699811320754715,finite
claude-opus-4.6,3.0,hf.co/unsloth/Qwen3-4B-GGUF:Q4_K_M,100,81,9.33401,100,100,0,0,9.33401,0.0933401,0.11523469135802468,finite
claude-opus-4.6,3.0,internlm2:1.8b,100,4,3.08931,100,100,0,0,3.08931,0.030893099999999996,0.7723275,finite
claude-opus-4.6,3.0,llama3.2:1b,100,11,2.69072,100,100,0,0,2.69072,0.0269072,0.24461090909090907,finite
claude-opus-4.6,3.0,llama3.2:1b-instruct-q4_K_M,100,9,2.26048,100,100,0,0,2.26048,0.022604799999999998,0.2511644444444444,finite
claude-opus-4.6,3.0,llama3.2:1b-instruct-q8_0,100,9,2.64465,100,100,0,0,2.64465,0.026446499999999998,0.29385,finite
claude-opus-4.6,3.0,llama3.2:3b,100,50,5.39273,100,100,0,0,5.39273,0.053927300000000004,0.10785460000000001,finite
claude-opus-4.6,3.0,llama3.2:3b-instruct-q4_K_M,100,48,5.38582,100,100,0,0,5.38582,0.053858199999999995,0.11220458333333333,finite
claude-opus-4.6,3.0,llama3.2:3b-instruct-q8_0,100,54,8.03945,100,100,0,0,8.03945,0.08039450000000001,0.1488787037037037,finite
claude-opus-4.6,3.0,ministral-3:3b,100,68,10.71552,100,100,0,0,10.71552,0.10715519999999999,0.15758117647058822,finite
claude-opus-4.6,3.0,nemotron-mini:4b,100,10,6.78951,100,100,0,0,6.78951,0.0678951,0.678951,finite
claude-opus-4.6,3.0,nemotron-mini:4b-instruct-q4_K_M,100,12,6.77532,100,100,0,0,6.77532,0.0677532,0.56461,finite
claude-opus-4.6,3.0,nemotron-mini:4b-instruct-q8_0,100,21,11.05912,100,100,0,0,11.05912,0.1105912,0.5266247619047619,finite
claude-opus-4.6,3.0,opencoder:1.5b,100,8,7.43624,100,100,0,0,7.43624,0.0743624,0.92953,finite
claude-opus-4.6,3.0,phi3.5:3.8b,100,46,14.90855,100,100,0,0,14.90855,0.1490855,0.32409891304347827,finite
claude-opus-4.6,3.0,phi3.5:3.8b-mini-instruct-q8_0,100,54,21.85186,100,100,0,0,21.85186,0.21851859999999998,0.40466407407407406,finite
claude-opus-4.6,3.0,phi3:3.8b,100,34,10.96987,100,100,0,0,10.96987,0.1096987,0.32264323529411765,finite
claude-opus-4.6,3.0,phi3:3.8b-mini-128k-instruct-q8_0,100,44,12.32013,100,100,0,0,12.32013,0.12320130000000001,0.28000295454545454,finite
claude-opus-4.6,3.0,phi3:mini,100,36,10.88284,100,100,0,0,10.88284,0.10882839999999999,0.30230111111111113,finite
claude-opus-4.6,3.0,phi3:mini-128k,100,37,10.89084,100,100,0,0,10.89084,0.1089084,0.29434702702702703,finite
claude-opus-4.6,3.0,phi3:mini-4k,100,37,15.37809,100,100,0,0,15.37809,0.1537809,0.41562405405405406,finite
claude-opus-4.6,3.0,phi4-mini,100,53,9.58175,100,100,0,0,9.58175,0.0958175,0.1807877358490566,finite
claude-opus-4.6,3.0,phi4-mini-reasoning,100,50,28.28102,100,100,0,0,28.28102,0.2828102,0.5656204,finite
claude-opus-4.6,3.0,qwen2-math:1.5b,100,7,7.45381,100,100,0,0,7.45381,0.0745381,1.06483,finite
claude-opus-4.6,3.0,qwen2.5-coder:0.5b,100,11,2.50646,100,100,0,0,2.50646,0.025064600000000003,0.22786,finite
claude-opus-4.6,3.0,qwen2.5-coder:1.5b,100,30,5.25429,100,100,0,0,5.25429,0.052542900000000003,0.175143,finite
claude-opus-4.6,3.0,qwen2.5-coder:1.5b-instruct-q8_0,100,22,7.42927,100,100,0,0,7.42927,0.0742927,0.3376940909090909,finite
claude-opus-4.6,3.0,qwen2.5-coder:3b,100,45,9.4148,100,100,0,0,9.4148,0.094148,0.20921777777777778,finite
claude-opus-4.6,3.0,qwen2.5-coder:3b-instruct-q4_K_M,100,45,9.29719,100,100,0,0,9.29719,0.09297190000000001,0.20660422222222224,finite
claude-opus-4.6,3.0,qwen2.5-coder:3b-instruct-q8_0,100,54,15.58029,100,100,0,0,15.58029,0.1558029,0.28852388888888886,finite
claude-opus-4.6,3.0,qwen2.5:0.5b,100,2,3.24637,100,100,0,0,3.24637,0.032463700000000005,1.623185,finite
claude-opus-4.6,3.0,qwen2.5:0.5b-instruct-q4_K_M,100,4,3.19782,100,100,0,0,3.19782,0.0319782,0.799455,finite
claude-opus-4.6,3.0,qwen2.5:0.5b-instruct-q8_0,100,2,3.4305,100,100,0,0,3.4305,0.034305,1.71525,finite
claude-opus-4.6,3.0,qwen2.5:1.5b,100,23,5.34948,100,100,0,0,5.34948,0.053494799999999995,0.23258608695652172,finite
claude-opus-4.6,3.0,qwen2.5:1.5b-instruct-q4_K_M,100,20,5.33147,100,100,0,0,5.33147,0.053314700000000007,0.2665735,finite
claude-opus-4.6,3.0,qwen2.5:1.5b-instruct-q8_0,100,25,7.77736,100,100,0,0,7.77736,0.0777736,0.3110944,finite
claude-opus-4.6,3.0,qwen2.5:3b,100,47,10.87773,100,100,0,0,10.87773,0.1087773,0.2314410638297872,finite
claude-opus-4.6,3.0,qwen2.5:3b-instruct-q4_K_M,100,51,10.5835,100,100,0,0,10.5835,0.10583500000000001,0.20751960784313728,finite
claude-opus-4.6,3.0,qwen2.5:3b-instruct-q8_0,100,60,17.27231,100,100,0,0,17.27231,0.17272310000000002,0.2878718333333333,finite
claude-opus-4.6,3.0,qwen2:0.5b-instruct-q8_0,100,3,1.92741,100,100,0,0,1.92741,0.019274100000000002,0.64247,finite
claude-opus-4.6,3.0,qwen2:1.5b,100,8,2.68809,100,100,0,0,2.68809,0.0268809,0.33601125,finite
claude-opus-4.6,3.0,qwen2:1.5b-instruct-q8_0,100,11,4.40244,100,100,0,0,4.40244,0.044024400000000005,0.40022181818181823,finite
claude-opus-4.6,3.0,qwen3.5:2b,100,48,10.2946,100,100,0,0,10.2946,0.10294600000000001,0.21447083333333336,finite
claude-opus-4.6,3.0,qwen3:0.6b,100,14,1.53814,100,100,0,0,1.53814,0.0153814,0.10986714285714286,finite
claude-opus-4.6,3.0,qwen3:0.6b-fp16,100,18,2.82127,100,100,0,0,2.82127,0.0282127,0.15673722222222222,finite
claude-opus-4.6,3.0,qwen3:0.6b-q8_0,100,18,1.88819,100,100,0,0,1.88819,0.0188819,0.10489944444444445,finite
claude-opus-4.6,3.0,qwen3:1.7b,100,56,3.65625,100,100,0,0,3.65625,0.0365625,0.06529017857142858,finite
claude-opus-4.6,3.0,qwen3:1.7b-fp16,100,62,8.11854,100,100,0,0,8.11854,0.08118539999999999,0.1309441935483871,finite
claude-opus-4.6,3.0,qwen3:1.7b-q8_0,100,57,5.33985,100,100,0,0,5.33985,0.0533985,0.09368157894736842,finite
claude-opus-4.6,3.0,qwen3:4b,100,65,25.70734,100,100,0,0,25.70734,0.2570734,0.39549753846153846,finite
claude-opus-4.6,3.0,qwen3:4b-instruct-2507-q4_K_M,100,83,10.89977,100,100,0,0,10.89977,0.1089977,0.13132253012048192,finite
claude-opus-4.6,3.0,qwen3:4b-instruct-2507-q8_0,100,88,16.05071,100,100,0,0,16.05071,0.16050709999999999,0.1823944318181818,finite
claude-opus-4.6,3.0,qwen3:4b-q8_0,100,86,13.89434,100,100,0,0,13.89434,0.1389434,0.1615620930232558,finite
claude-opus-4.6,3.0,qwen3:4b-thinking-2507-q4_K_M,100,63,25.873540000000002,100,100,0,0,25.873540000000002,0.2587354,0.4106911111111111,finite
claude-opus-4.6,3.0,qwen3:4b-thinking-2507-q8_0,100,75,38.2666,100,100,0,0,38.2666,0.38266599999999995,0.5102213333333333,finite
claude-opus-4.6,3.0,sailor2:1b,100,1,5.6499,100,100,0,0,5.6499,0.056498999999999994,5.6499,finite
claude-opus-4.6,3.0,smallthinker:3b-preview-q4_K_M,100,56,18.30502,100,100,0,0,18.30502,0.1830502,0.32687535714285715,finite
claude-opus-4.6,3.0,smollm2:1.7b,100,19,5.15045,100,100,0,0,5.15045,0.0515045,0.2710763157894737,finite
claude-opus-4.6,3.0,smollm2:1.7b-instruct-q8_0,100,20,5.19418,100,100,0,0,5.19418,0.0519418,0.259709,finite
claude-opus-4.6,3.0,smollm2:135m,100,1,1.19867,100,100,0,0,1.19867,0.0119867,1.19867,finite
claude-opus-4.6,3.0,smollm2:135m-instruct-q8_0,100,1,0.8140000000000001,100,100,0,0,0.8140000000000001,0.008140000000000001,0.8140000000000001,finite
claude-opus-4.6,3.0,smollm2:360m,100,6,1.73387,100,100,0,0,1.73387,0.0173387,0.28897833333333334,finite
claude-opus-4.6,3.0,smollm2:360m-instruct-q8_0,100,2,1.23222,100,100,0,0,1.23222,0.0123222,0.61611,finite
claude-opus-4.6,3.0,smollm:1.7b,100,2,7.49611,100,100,0,0,7.49611,0.0749611,3.748055,finite
claude-opus-4.6,3.0,smollm:360m,100,2,2.58516,100,100,0,0,2.58516,0.025851600000000002,1.29258,finite
claude-opus-4.6,3.0,stablelm2:1.6b,100,3,5.7245800000000004,100,100,0,0,5.7245800000000004,0.057245800000000006,1.9081933333333334,finite
claude-opus-4.6,3.0,stablelm2:1.6b-chat,100,4,5.7273700000000005,100,100,0,0,5.7273700000000005,0.057273700000000004,1.4318425000000001,finite
claude-opus-4.6,3.0,stablelm2:1.6b-zephyr,100,5,4.46021,100,100,0,0,4.46021,0.0446021,0.892042,finite
claude-opus-4.6,3.0,starcoder2:3b,100,0,13.84306,100,100,0,0,13.84306,0.1384306,inf,zero_success
claude-opus-4.6,3.0,starcoder2:3b-q6_K,100,3,18.15079,100,100,0,0,18.15079,0.1815079,6.0502633333333335,finite
claude-opus-4.6,3.0,starcoder2:3b-q8_0,100,2,20.77656,100,100,0,0,20.77656,0.2077656,10.38828,finite
claude-opus-4.6,3.0,tinyllama:1.1b,100,2,3.73769,100,100,0,0,3.73769,0.037376900000000005,1.868845,finite
claude-opus-4.6,3.0,tinyllama:1.1b-chat-v1-q8_0,100,7,6.0696,100,100,0,0,6.0696,0.060696,0.8670857142857143,finite
claude-opus-4.6,3.0,yi-coder:1.5b,100,9,5.3132,100,100,0,0,5.3132,0.053132,0.5903555555555555,finite
claude-opus-4.6,3.5,codegemma:2b,100,0,10.2505,100,100,0,0,10.2505,0.10250500000000001,inf,zero_success
claude-opus-4.6,3.5,codegemma:2b-code-q6_K,100,3,5.31285,100,100,0,0,5.31285,0.0531285,1.77095,finite
claude-opus-4.6,3.5,cogito:3b,100,11,4.65268,100,100,0,0,4.65268,0.0465268,0.4229709090909091,finite
claude-opus-4.6,3.5,cogito:3b-v1-preview-llama-q8_0,100,9,7.01172,100,100,0,0,7.01172,0.0701172,0.77908,finite
claude-opus-4.6,3.5,deepseek-coder:1.3b,100,0,6.54276,100,100,0,0,6.54276,0.0654276,inf,zero_success
claude-opus-4.6,3.5,deepseek-coder:1.3b-instruct-q8_0,100,1,9.7566,100,100,0,0,9.7566,0.097566,9.7566,finite
claude-opus-4.6,3.5,falcon3:1b,100,1,9.95422,100,100,0,0,9.95422,0.0995422,9.95422,finite
claude-opus-4.6,3.5,falcon3:1b-instruct-q8_0,100,1,9.96065,100,100,0,0,9.96065,0.09960649999999999,9.96065,finite
claude-opus-4.6,3.5,falcon3:3b,100,2,5.86016,100,100,0,0,5.86016,0.0586016,2.93008,finite
claude-opus-4.6,3.5,falcon3:3b-instruct-q4_K_M,100,2,5.80189,100,100,0,0,5.80189,0.058018900000000005,2.900945,finite
claude-opus-4.6,3.5,falcon3:3b-instruct-q8_0,100,12,9.73247,100,100,0,0,9.73247,0.09732469999999999,0.8110391666666666,finite
claude-opus-4.6,3.5,gemma2:2b,100,9,6.47362,100,100,0,0,6.47362,0.06473620000000001,0.7192911111111111,finite
claude-opus-4.6,3.5,gemma2:2b-instruct-q4_K_M,100,12,6.00019,100,100,0,0,6.00019,0.0600019,0.5000158333333333,finite
claude-opus-4.6,3.5,gemma2:2b-instruct-q8_0,100,10,8.59835,100,100,0,0,8.59835,0.0859835,0.859835,finite
claude-opus-4.6,3.5,gemma3:1b,100,5,2.30552,100,100,0,0,2.30552,0.0230552,0.461104,finite
claude-opus-4.6,3.5,gemma3:1b-it-q8_0,100,4,2.39066,100,100,0,0,2.39066,0.0239066,0.597665,finite
claude-opus-4.6,3.5,gemma3:1b-it-qat,100,5,2.05762,100,100,0,0,2.05762,0.0205762,0.411524,finite
claude-opus-4.6,3.5,gemma3:270m,100,0,0.52651,100,100,0,0,0.52651,0.0052651,inf,zero_success
claude-opus-4.6,3.5,gemma3:270m-it-qat,100,1,0.77235,100,100,0,0,0.77235,0.0077234999999999995,0.77235,finite
claude-opus-4.6,3.5,gemma3:4b,100,28,6.41429,100,100,0,0,6.41429,0.0641429,0.22908178571428572,finite
claude-opus-4.6,3.5,gemma3:4b-it-q4_K_M,100,22,6.4258,100,100,0,0,6.4258,0.064258,0.29208181818181816,finite
claude-opus-4.6,3.5,gemma3:4b-it-q8_0,100,22,8.65949,100,100,0,0,8.65949,0.0865949,0.39361318181818183,finite
claude-opus-4.6,3.5,gemma3:4b-it-qat,100,20,7.70239,100,100,0,0,7.70239,0.0770239,0.3851195,finite
claude-opus-4.6,3.5,gemma3n:e2b,100,28,6.48302,100,100,0,0,6.48302,0.0648302,0.23153642857142856,finite
claude-opus-4.6,3.5,gemma4:e2b-it-qat,100,38,5.04522,100,100,0,0,5.04522,0.050452199999999996,0.13276894736842104,finite
claude-opus-4.6,3.5,gemma:2b,100,5,4.85105,100,100,0,0,4.85105,0.0485105,0.97021,finite
claude-opus-4.6,3.5,gemma:2b-instruct-q4_K_M,100,5,4.42981,100,100,0,0,4.42981,0.0442981,0.8859619999999999,finite
claude-opus-4.6,3.5,gemma:2b-instruct-q8_0,100,5,6.08542,100,100,0,0,6.08542,0.0608542,1.217084,finite
claude-opus-4.6,3.5,granite3.1-dense:2b,100,19,8.31672,100,100,0,0,8.31672,0.0831672,0.4377221052631579,finite
claude-opus-4.6,3.5,granite3.1-dense:2b-instruct-q8_0,100,21,11.41953,100,100,0,0,11.41953,0.1141953,0.5437871428571428,finite
claude-opus-4.6,3.5,granite3.1-moe:3b,100,2,3.34147,100,100,0,0,3.34147,0.0334147,1.670735,finite
claude-opus-4.6,3.5,granite3.2:2b,100,19,12.16954,100,100,0,0,12.16954,0.1216954,0.6405021052631579,finite
claude-opus-4.6,3.5,granite3.2:2b-instruct-q4_K_M,100,21,12.21751,100,100,0,0,12.21751,0.12217510000000001,0.5817861904761905,finite
claude-opus-4.6,3.5,granite3.3:2b,100,15,7.69426,100,100,0,0,7.69426,0.0769426,0.5129506666666667,finite
claude-opus-4.6,3.5,granite4.1:3b,100,37,7.4758,100,100,0,0,7.4758,0.07475799999999999,0.20204864864864863,finite
claude-opus-4.6,3.5,granite4:1b-h,100,12,2.84356,100,100,0,0,2.84356,0.028435600000000002,0.23696333333333333,finite
claude-opus-4.6,3.5,granite4:350m,100,3,1.29306,100,100,0,0,1.29306,0.0129306,0.43102,finite
claude-opus-4.6,3.5,granite4:350m-bf16,100,1,1.27121,100,100,0,0,1.27121,0.012712099999999999,1.27121,finite
claude-opus-4.6,3.5,granite4:350m-h,100,0,0.80541,100,100,0,0,0.80541,0.0080541,inf,zero_success
claude-opus-4.6,3.5,granite4:micro,100,23,7.98973,100,100,0,0,7.98973,0.0798973,0.3473795652173913,finite
claude-opus-4.6,3.5,granite4:micro-h,100,33,6.51603,100,100,0,0,6.51603,0.0651603,0.19745545454545455,finite
claude-opus-4.6,3.5,hf.co/LiquidAI/LFM2-1.2B-GGUF:Q4_K_M,100,2,1.86997,100,100,0,0,1.86997,0.0186997,0.934985,finite
claude-opus-4.6,3.5,hf.co/LiquidAI/LFM2-1.2B-GGUF:Q8_0,100,0,3.0554,100,100,0,0,3.0554,0.030554,inf,zero_success
claude-opus-4.6,3.5,hf.co/LiquidAI/LFM2-350M-GGUF:Q4_K_M,100,0,1.12774,100,100,0,0,1.12774,0.0112774,inf,zero_success
claude-opus-4.6,3.5,hf.co/LiquidAI/LFM2-700M-GGUF:Q4_K_M,100,0,2.20955,100,100,0,0,2.20955,0.0220955,inf,zero_success
claude-opus-4.6,3.5,hf.co/NousResearch/Hermes-3-Llama-3.2-3B-GGUF:Q4_K_M,100,9,7.69492,100,100,0,0,7.69492,0.0769492,0.854991111111111,finite
claude-opus-4.6,3.5,hf.co/NousResearch/Hermes-3-Llama-3.2-3B-GGUF:Q8_0,100,8,9.917910000000001,100,100,0,0,9.917910000000001,0.0991791,1.2397387500000001,finite
claude-opus-4.6,3.5,hf.co/Qwen/Qwen2.5-1.5B-Instruct-GGUF:Q4_K_M,100,8,3.84287,100,100,0,0,3.84287,0.0384287,0.48035875,finite
claude-opus-4.6,3.5,hf.co/Qwen/Qwen2.5-3B-Instruct-GGUF:Q4_K_M,100,20,9.58863,100,100,0,0,9.58863,0.09588630000000001,0.4794315,finite
claude-opus-4.6,3.5,hf.co/Qwen/Qwen3-4B-GGUF:Q4_K_M,100,40,25.71047,100,100,0,0,25.71047,0.2571047,0.64276175,finite
claude-opus-4.6,3.5,hf.co/allenai/OLMo-2-0425-1B-Instruct-GGUF:Q4_K_M,100,0,6.18127,100,100,0,0,6.18127,0.0618127,inf,zero_success
claude-opus-4.6,3.5,hf.co/bartowski/Llama-3.2-3B-Instruct-GGUF:IQ4_XS,100,10,6.516,100,100,0,0,6.516,0.06516,0.6516,finite
claude-opus-4.6,3.5,hf.co/bartowski/Llama-3.2-3B-Instruct-GGUF:Q3_K_L,100,11,6.62014,100,100,0,0,6.62014,0.06620140000000001,0.6018309090909091,finite
claude-opus-4.6,3.5,hf.co/bartowski/Llama-3.2-3B-Instruct-GGUF:Q5_K_M,100,20,7.42849,100,100,0,0,7.42849,0.0742849,0.3714245,finite
claude-opus-4.6,3.5,hf.co/bartowski/Llama-3.2-3B-Instruct-GGUF:Q6_K,100,15,7.34838,100,100,0,0,7.34838,0.0734838,0.489892,finite
claude-opus-4.6,3.5,hf.co/ggml-org/SmolLM3-3B-GGUF:Q4_K_M,100,8,11.0296,100,100,0,0,11.0296,0.110296,1.3787,finite
claude-opus-4.6,3.5,hf.co/ggml-org/SmolLM3-3B-GGUF:Q8_0,100,10,13.82926,100,100,0,0,13.82926,0.1382926,1.3829259999999999,finite
claude-opus-4.6,3.5,hf.co/openbmb/MiniCPM3-4B-GGUF:Q4_K_M,100,8,7.84251,100,100,0,0,7.84251,0.0784251,0.98031375,finite
claude-opus-4.6,3.5,hf.co/tiiuae/Falcon-H1-0.5B-Instruct-GGUF:Q4_K_M,100,2,3.42942,100,100,0,0,3.42942,0.0342942,1.71471,finite
claude-opus-4.6,3.5,hf.co/tiiuae/Falcon-H1-1.5B-Deep-Instruct-GGUF:IQ4_XS,100,15,10.53772,100,100,0,0,10.53772,0.1053772,0.7025146666666667,finite
claude-opus-4.6,3.5,hf.co/tiiuae/Falcon-H1-1.5B-Deep-Instruct-GGUF:Q4_K_M,100,9,9.33283,100,100,0,0,9.33283,0.09332829999999999,1.0369811111111111,finite
claude-opus-4.6,3.5,hf.co/tiiuae/Falcon-H1-3B-Instruct-GGUF:Q4_K_M,100,32,12.48902,100,100,0,0,12.48902,0.1248902,0.390281875,finite
claude-opus-4.6,3.5,hf.co/unsloth/Llama-3.2-1B-Instruct-GGUF:Q4_K_M,100,2,1.80221,100,100,0,0,1.80221,0.0180221,0.901105,finite
claude-opus-4.6,3.5,hf.co/unsloth/Phi-4-mini-instruct-GGUF:Q4_K_M,100,10,10.4409,100,100,0,0,10.4409,0.10440899999999999,1.04409,finite
claude-opus-4.6,3.5,hf.co/unsloth/Qwen3-4B-GGUF:Q4_K_M,100,49,9.33401,100,100,0,0,9.33401,0.0933401,0.19049,finite
claude-opus-4.6,3.5,internlm2:1.8b,100,0,3.08931,100,100,0,0,3.08931,0.030893099999999996,inf,zero_success
claude-opus-4.6,3.5,llama3.2:1b,100,2,2.69072,100,100,0,0,2.69072,0.0269072,1.34536,finite
claude-opus-4.6,3.5,llama3.2:1b-instruct-q4_K_M,100,2,2.26048,100,100,0,0,2.26048,0.022604799999999998,1.13024,finite
claude-opus-4.6,3.5,llama3.2:1b-instruct-q8_0,100,1,2.64465,100,100,0,0,2.64465,0.026446499999999998,2.64465,finite
claude-opus-4.6,3.5,llama3.2:3b,100,15,5.39273,100,100,0,0,5.39273,0.053927300000000004,0.35951533333333335,finite
claude-opus-4.6,3.5,llama3.2:3b-instruct-q4_K_M,100,12,5.38582,100,100,0,0,5.38582,0.053858199999999995,0.4488183333333333,finite
claude-opus-4.6,3.5,llama3.2:3b-instruct-q8_0,100,16,8.03945,100,100,0,0,8.03945,0.08039450000000001,0.502465625,finite
claude-opus-4.6,3.5,ministral-3:3b,100,33,10.71552,100,100,0,0,10.71552,0.10715519999999999,0.32471272727272726,finite
claude-opus-4.6,3.5,nemotron-mini:4b,100,1,6.78951,100,100,0,0,6.78951,0.0678951,6.78951,finite
claude-opus-4.6,3.5,nemotron-mini:4b-instruct-q4_K_M,100,1,6.77532,100,100,0,0,6.77532,0.0677532,6.77532,finite
claude-opus-4.6,3.5,nemotron-mini:4b-instruct-q8_0,100,4,11.05912,100,100,0,0,11.05912,0.1105912,2.76478,finite
claude-opus-4.6,3.5,opencoder:1.5b,100,2,7.43624,100,100,0,0,7.43624,0.0743624,3.71812,finite
claude-opus-4.6,3.5,phi3.5:3.8b,100,13,14.90855,100,100,0,0,14.90855,0.1490855,1.1468115384615385,finite
claude-opus-4.6,3.5,phi3.5:3.8b-mini-instruct-q8_0,100,19,21.85186,100,100,0,0,21.85186,0.21851859999999998,1.150097894736842,finite
claude-opus-4.6,3.5,phi3:3.8b,100,3,10.96987,100,100,0,0,10.96987,0.1096987,3.6566233333333336,finite
claude-opus-4.6,3.5,phi3:3.8b-mini-128k-instruct-q8_0,100,11,12.32013,100,100,0,0,12.32013,0.12320130000000001,1.1200118181818182,finite
claude-opus-4.6,3.5,phi3:mini,100,5,10.88284,100,100,0,0,10.88284,0.10882839999999999,2.176568,finite
claude-opus-4.6,3.5,phi3:mini-128k,100,3,10.89084,100,100,0,0,10.89084,0.1089084,3.6302800000000004,finite
claude-opus-4.6,3.5,phi3:mini-4k,100,14,15.37809,100,100,0,0,15.37809,0.1537809,1.098435,finite
claude-opus-4.6,3.5,phi4-mini,100,13,9.58175,100,100,0,0,9.58175,0.0958175,0.7370576923076922,finite
claude-opus-4.6,3.5,phi4-mini-reasoning,100,30,28.28102,100,100,0,0,28.28102,0.2828102,0.9427006666666667,finite
claude-opus-4.6,3.5,qwen2-math:1.5b,100,0,7.45381,100,100,0,0,7.45381,0.0745381,inf,zero_success
claude-opus-4.6,3.5,qwen2.5-coder:0.5b,100,0,2.50646,100,100,0,0,2.50646,0.025064600000000003,inf,zero_success
claude-opus-4.6,3.5,qwen2.5-coder:1.5b,100,4,5.25429,100,100,0,0,5.25429,0.052542900000000003,1.3135725,finite
claude-opus-4.6,3.5,qwen2.5-coder:1.5b-instruct-q8_0,100,5,7.42927,100,100,0,0,7.42927,0.0742927,1.485854,finite
claude-opus-4.6,3.5,qwen2.5-coder:3b,100,18,9.4148,100,100,0,0,9.4148,0.094148,0.5230444444444444,finite
claude-opus-4.6,3.5,qwen2.5-coder:3b-instruct-q4_K_M,100,16,9.29719,100,100,0,0,9.29719,0.09297190000000001,0.581074375,finite
claude-opus-4.6,3.5,qwen2.5-coder:3b-instruct-q8_0,100,21,15.58029,100,100,0,0,15.58029,0.1558029,0.7419185714285714,finite
claude-opus-4.6,3.5,qwen2.5:0.5b,100,0,3.24637,100,100,0,0,3.24637,0.032463700000000005,inf,zero_success
claude-opus-4.6,3.5,qwen2.5:0.5b-instruct-q4_K_M,100,0,3.19782,100,100,0,0,3.19782,0.0319782,inf,zero_success
claude-opus-4.6,3.5,qwen2.5:0.5b-instruct-q8_0,100,0,3.4305,100,100,0,0,3.4305,0.034305,inf,zero_success
claude-opus-4.6,3.5,qwen2.5:1.5b,100,1,5.34948,100,100,0,0,5.34948,0.053494799999999995,5.34948,finite
claude-opus-4.6,3.5,qwen2.5:1.5b-instruct-q4_K_M,100,1,5.33147,100,100,0,0,5.33147,0.053314700000000007,5.33147,finite
claude-opus-4.6,3.5,qwen2.5:1.5b-instruct-q8_0,100,3,7.77736,100,100,0,0,7.77736,0.0777736,2.5924533333333333,finite
claude-opus-4.6,3.5,qwen2.5:3b,100,19,10.87773,100,100,0,0,10.87773,0.1087773,0.5725121052631579,finite
claude-opus-4.6,3.5,qwen2.5:3b-instruct-q4_K_M,100,18,10.5835,100,100,0,0,10.5835,0.10583500000000001,0.5879722222222222,finite
claude-opus-4.6,3.5,qwen2.5:3b-instruct-q8_0,100,26,17.27231,100,100,0,0,17.27231,0.17272310000000002,0.6643196153846154,finite
claude-opus-4.6,3.5,qwen2:0.5b-instruct-q8_0,100,0,1.92741,100,100,0,0,1.92741,0.019274100000000002,inf,zero_success
claude-opus-4.6,3.5,qwen2:1.5b,100,1,2.68809,100,100,0,0,2.68809,0.0268809,2.68809,finite
claude-opus-4.6,3.5,qwen2:1.5b-instruct-q8_0,100,1,4.40244,100,100,0,0,4.40244,0.044024400000000005,4.40244,finite
claude-opus-4.6,3.5,qwen3.5:2b,100,14,10.2946,100,100,0,0,10.2946,0.10294600000000001,0.7353285714285714,finite
claude-opus-4.6,3.5,qwen3:0.6b,100,1,1.53814,100,100,0,0,1.53814,0.0153814,1.53814,finite
claude-opus-4.6,3.5,qwen3:0.6b-fp16,100,3,2.82127,100,100,0,0,2.82127,0.0282127,0.9404233333333334,finite
claude-opus-4.6,3.5,qwen3:0.6b-q8_0,100,5,1.88819,100,100,0,0,1.88819,0.0188819,0.37763800000000003,finite
claude-opus-4.6,3.5,qwen3:1.7b,100,20,3.65625,100,100,0,0,3.65625,0.0365625,0.1828125,finite
claude-opus-4.6,3.5,qwen3:1.7b-fp16,100,26,8.11854,100,100,0,0,8.11854,0.08118539999999999,0.3122515384615384,finite
claude-opus-4.6,3.5,qwen3:1.7b-q8_0,100,26,5.33985,100,100,0,0,5.33985,0.0533985,0.20537884615384616,finite
claude-opus-4.6,3.5,qwen3:4b,100,32,25.70734,100,100,0,0,25.70734,0.2570734,0.803354375,finite
claude-opus-4.6,3.5,qwen3:4b-instruct-2507-q4_K_M,100,54,10.89977,100,100,0,0,10.89977,0.1089977,0.2018475925925926,finite
claude-opus-4.6,3.5,qwen3:4b-instruct-2507-q8_0,100,56,16.05071,100,100,0,0,16.05071,0.16050709999999999,0.2866198214285714,finite
claude-opus-4.6,3.5,qwen3:4b-q8_0,100,50,13.89434,100,100,0,0,13.89434,0.1389434,0.2778868,finite
claude-opus-4.6,3.5,qwen3:4b-thinking-2507-q4_K_M,100,38,25.873540000000002,100,100,0,0,25.873540000000002,0.2587354,0.6808826315789475,finite
claude-opus-4.6,3.5,qwen3:4b-thinking-2507-q8_0,100,49,38.2666,100,100,0,0,38.2666,0.38266599999999995,0.7809510204081632,finite
claude-opus-4.6,3.5,sailor2:1b,100,0,5.6499,100,100,0,0,5.6499,0.056498999999999994,inf,zero_success
claude-opus-4.6,3.5,smallthinker:3b-preview-q4_K_M,100,15,18.30502,100,100,0,0,18.30502,0.1830502,1.2203346666666666,finite
claude-opus-4.6,3.5,smollm2:1.7b,100,1,5.15045,100,100,0,0,5.15045,0.0515045,5.15045,finite
claude-opus-4.6,3.5,smollm2:1.7b-instruct-q8_0,100,1,5.19418,100,100,0,0,5.19418,0.0519418,5.19418,finite
claude-opus-4.6,3.5,smollm2:135m,100,0,1.19867,100,100,0,0,1.19867,0.0119867,inf,zero_success
claude-opus-4.6,3.5,smollm2:135m-instruct-q8_0,100,0,0.8140000000000001,100,100,0,0,0.8140000000000001,0.008140000000000001,inf,zero_success
claude-opus-4.6,3.5,smollm2:360m,100,2,1.73387,100,100,0,0,1.73387,0.0173387,0.866935,finite
claude-opus-4.6,3.5,smollm2:360m-instruct-q8_0,100,1,1.23222,100,100,0,0,1.23222,0.0123222,1.23222,finite
claude-opus-4.6,3.5,smollm:1.7b,100,0,7.49611,100,100,0,0,7.49611,0.0749611,inf,zero_success
claude-opus-4.6,3.5,smollm:360m,100,0,2.58516,100,100,0,0,2.58516,0.025851600000000002,inf,zero_success
claude-opus-4.6,3.5,stablelm2:1.6b,100,0,5.7245800000000004,100,100,0,0,5.7245800000000004,0.057245800000000006,inf,zero_success
claude-opus-4.6,3.5,stablelm2:1.6b-chat,100,0,5.7273700000000005,100,100,0,0,5.7273700000000005,0.057273700000000004,inf,zero_success
claude-opus-4.6,3.5,stablelm2:1.6b-zephyr,100,1,4.46021,100,100,0,0,4.46021,0.0446021,4.46021,finite
claude-opus-4.6,3.5,starcoder2:3b,100,0,13.84306,100,100,0,0,13.84306,0.1384306,inf,zero_success
claude-opus-4.6,3.5,starcoder2:3b-q6_K,100,0,18.15079,100,100,0,0,18.15079,0.1815079,inf,zero_success
claude-opus-4.6,3.5,starcoder2:3b-q8_0,100,0,20.77656,100,100,0,0,20.77656,0.2077656,inf,zero_success
claude-opus-4.6,3.5,tinyllama:1.1b,100,1,3.73769,100,100,0,0,3.73769,0.037376900000000005,3.73769,finite
claude-opus-4.6,3.5,tinyllama:1.1b-chat-v1-q8_0,100,0,6.0696,100,100,0,0,6.0696,0.060696,inf,zero_success
claude-opus-4.6,3.5,yi-coder:1.5b,100,1,5.3132,100,100,0,0,5.3132,0.053132,5.3132,finite
claude-opus-4.6,4.0,codegemma:2b,100,0,10.2505,100,100,0,0,10.2505,0.10250500000000001,inf,zero_success
claude-opus-4.6,4.0,codegemma:2b-code-q6_K,100,3,5.31285,100,100,0,0,5.31285,0.0531285,1.77095,finite
claude-opus-4.6,4.0,cogito:3b,100,11,4.65268,100,100,0,0,4.65268,0.0465268,0.4229709090909091,finite
claude-opus-4.6,4.0,cogito:3b-v1-preview-llama-q8_0,100,9,7.01172,100,100,0,0,7.01172,0.0701172,0.77908,finite
claude-opus-4.6,4.0,deepseek-coder:1.3b,100,0,6.54276,100,100,0,0,6.54276,0.0654276,inf,zero_success
claude-opus-4.6,4.0,deepseek-coder:1.3b-instruct-q8_0,100,1,9.7566,100,100,0,0,9.7566,0.097566,9.7566,finite
claude-opus-4.6,4.0,falcon3:1b,100,1,9.95422,100,100,0,0,9.95422,0.0995422,9.95422,finite
claude-opus-4.6,4.0,falcon3:1b-instruct-q8_0,100,1,9.96065,100,100,0,0,9.96065,0.09960649999999999,9.96065,finite
claude-opus-4.6,4.0,falcon3:3b,100,2,5.86016,100,100,0,0,5.86016,0.0586016,2.93008,finite
claude-opus-4.6,4.0,falcon3:3b-instruct-q4_K_M,100,2,5.80189,100,100,0,0,5.80189,0.058018900000000005,2.900945,finite
claude-opus-4.6,4.0,falcon3:3b-instruct-q8_0,100,12,9.73247,100,100,0,0,9.73247,0.09732469999999999,0.8110391666666666,finite
claude-opus-4.6,4.0,gemma2:2b,100,9,6.47362,100,100,0,0,6.47362,0.06473620000000001,0.7192911111111111,finite
claude-opus-4.6,4.0,gemma2:2b-instruct-q4_K_M,100,12,6.00019,100,100,0,0,6.00019,0.0600019,0.5000158333333333,finite
claude-opus-4.6,4.0,gemma2:2b-instruct-q8_0,100,10,8.59835,100,100,0,0,8.59835,0.0859835,0.859835,finite
claude-opus-4.6,4.0,gemma3:1b,100,5,2.30552,100,100,0,0,2.30552,0.0230552,0.461104,finite
claude-opus-4.6,4.0,gemma3:1b-it-q8_0,100,4,2.39066,100,100,0,0,2.39066,0.0239066,0.597665,finite
claude-opus-4.6,4.0,gemma3:1b-it-qat,100,5,2.05762,100,100,0,0,2.05762,0.0205762,0.411524,finite
claude-opus-4.6,4.0,gemma3:270m,100,0,0.52651,100,100,0,0,0.52651,0.0052651,inf,zero_success
claude-opus-4.6,4.0,gemma3:270m-it-qat,100,1,0.77235,100,100,0,0,0.77235,0.0077234999999999995,0.77235,finite
claude-opus-4.6,4.0,gemma3:4b,100,28,6.41429,100,100,0,0,6.41429,0.0641429,0.22908178571428572,finite
claude-opus-4.6,4.0,gemma3:4b-it-q4_K_M,100,22,6.4258,100,100,0,0,6.4258,0.064258,0.29208181818181816,finite
claude-opus-4.6,4.0,gemma3:4b-it-q8_0,100,22,8.65949,100,100,0,0,8.65949,0.0865949,0.39361318181818183,finite
claude-opus-4.6,4.0,gemma3:4b-it-qat,100,20,7.70239,100,100,0,0,7.70239,0.0770239,0.3851195,finite
claude-opus-4.6,4.0,gemma3n:e2b,100,28,6.48302,100,100,0,0,6.48302,0.0648302,0.23153642857142856,finite
claude-opus-4.6,4.0,gemma4:e2b-it-qat,100,38,5.04522,100,100,0,0,5.04522,0.050452199999999996,0.13276894736842104,finite
claude-opus-4.6,4.0,gemma:2b,100,5,4.85105,100,100,0,0,4.85105,0.0485105,0.97021,finite
claude-opus-4.6,4.0,gemma:2b-instruct-q4_K_M,100,5,4.42981,100,100,0,0,4.42981,0.0442981,0.8859619999999999,finite
claude-opus-4.6,4.0,gemma:2b-instruct-q8_0,100,5,6.08542,100,100,0,0,6.08542,0.0608542,1.217084,finite
claude-opus-4.6,4.0,granite3.1-dense:2b,100,19,8.31672,100,100,0,0,8.31672,0.0831672,0.4377221052631579,finite
claude-opus-4.6,4.0,granite3.1-dense:2b-instruct-q8_0,100,21,11.41953,100,100,0,0,11.41953,0.1141953,0.5437871428571428,finite
claude-opus-4.6,4.0,granite3.1-moe:3b,100,2,3.34147,100,100,0,0,3.34147,0.0334147,1.670735,finite
claude-opus-4.6,4.0,granite3.2:2b,100,19,12.16954,100,100,0,0,12.16954,0.1216954,0.6405021052631579,finite
claude-opus-4.6,4.0,granite3.2:2b-instruct-q4_K_M,100,21,12.21751,100,100,0,0,12.21751,0.12217510000000001,0.5817861904761905,finite
claude-opus-4.6,4.0,granite3.3:2b,100,15,7.69426,100,100,0,0,7.69426,0.0769426,0.5129506666666667,finite
claude-opus-4.6,4.0,granite4.1:3b,100,37,7.4758,100,100,0,0,7.4758,0.07475799999999999,0.20204864864864863,finite
claude-opus-4.6,4.0,granite4:1b-h,100,12,2.84356,100,100,0,0,2.84356,0.028435600000000002,0.23696333333333333,finite
claude-opus-4.6,4.0,granite4:350m,100,3,1.29306,100,100,0,0,1.29306,0.0129306,0.43102,finite
claude-opus-4.6,4.0,granite4:350m-bf16,100,1,1.27121,100,100,0,0,1.27121,0.012712099999999999,1.27121,finite
claude-opus-4.6,4.0,granite4:350m-h,100,0,0.80541,100,100,0,0,0.80541,0.0080541,inf,zero_success
claude-opus-4.6,4.0,granite4:micro,100,23,7.98973,100,100,0,0,7.98973,0.0798973,0.3473795652173913,finite
claude-opus-4.6,4.0,granite4:micro-h,100,33,6.51603,100,100,0,0,6.51603,0.0651603,0.19745545454545455,finite
claude-opus-4.6,4.0,hf.co/LiquidAI/LFM2-1.2B-GGUF:Q4_K_M,100,2,1.86997,100,100,0,0,1.86997,0.0186997,0.934985,finite
claude-opus-4.6,4.0,hf.co/LiquidAI/LFM2-1.2B-GGUF:Q8_0,100,0,3.0554,100,100,0,0,3.0554,0.030554,inf,zero_success
claude-opus-4.6,4.0,hf.co/LiquidAI/LFM2-350M-GGUF:Q4_K_M,100,0,1.12774,100,100,0,0,1.12774,0.0112774,inf,zero_success
claude-opus-4.6,4.0,hf.co/LiquidAI/LFM2-700M-GGUF:Q4_K_M,100,0,2.20955,100,100,0,0,2.20955,0.0220955,inf,zero_success
claude-opus-4.6,4.0,hf.co/NousResearch/Hermes-3-Llama-3.2-3B-GGUF:Q4_K_M,100,9,7.69492,100,100,0,0,7.69492,0.0769492,0.854991111111111,finite
claude-opus-4.6,4.0,hf.co/NousResearch/Hermes-3-Llama-3.2-3B-GGUF:Q8_0,100,8,9.917910000000001,100,100,0,0,9.917910000000001,0.0991791,1.2397387500000001,finite
claude-opus-4.6,4.0,hf.co/Qwen/Qwen2.5-1.5B-Instruct-GGUF:Q4_K_M,100,8,3.84287,100,100,0,0,3.84287,0.0384287,0.48035875,finite
claude-opus-4.6,4.0,hf.co/Qwen/Qwen2.5-3B-Instruct-GGUF:Q4_K_M,100,20,9.58863,100,100,0,0,9.58863,0.09588630000000001,0.4794315,finite
claude-opus-4.6,4.0,hf.co/Qwen/Qwen3-4B-GGUF:Q4_K_M,100,40,25.71047,100,100,0,0,25.71047,0.2571047,0.64276175,finite
claude-opus-4.6,4.0,hf.co/allenai/OLMo-2-0425-1B-Instruct-GGUF:Q4_K_M,100,0,6.18127,100,100,0,0,6.18127,0.0618127,inf,zero_success
claude-opus-4.6,4.0,hf.co/bartowski/Llama-3.2-3B-Instruct-GGUF:IQ4_XS,100,10,6.516,100,100,0,0,6.516,0.06516,0.6516,finite
claude-opus-4.6,4.0,hf.co/bartowski/Llama-3.2-3B-Instruct-GGUF:Q3_K_L,100,11,6.62014,100,100,0,0,6.62014,0.06620140000000001,0.6018309090909091,finite
claude-opus-4.6,4.0,hf.co/bartowski/Llama-3.2-3B-Instruct-GGUF:Q5_K_M,100,20,7.42849,100,100,0,0,7.42849,0.0742849,0.3714245,finite
claude-opus-4.6,4.0,hf.co/bartowski/Llama-3.2-3B-Instruct-GGUF:Q6_K,100,15,7.34838,100,100,0,0,7.34838,0.0734838,0.489892,finite
claude-opus-4.6,4.0,hf.co/ggml-org/SmolLM3-3B-GGUF:Q4_K_M,100,8,11.0296,100,100,0,0,11.0296,0.110296,1.3787,finite
claude-opus-4.6,4.0,hf.co/ggml-org/SmolLM3-3B-GGUF:Q8_0,100,10,13.82926,100,100,0,0,13.82926,0.1382926,1.3829259999999999,finite
claude-opus-4.6,4.0,hf.co/openbmb/MiniCPM3-4B-GGUF:Q4_K_M,100,8,7.84251,100,100,0,0,7.84251,0.0784251,0.98031375,finite
claude-opus-4.6,4.0,hf.co/tiiuae/Falcon-H1-0.5B-Instruct-GGUF:Q4_K_M,100,2,3.42942,100,100,0,0,3.42942,0.0342942,1.71471,finite
claude-opus-4.6,4.0,hf.co/tiiuae/Falcon-H1-1.5B-Deep-Instruct-GGUF:IQ4_XS,100,15,10.53772,100,100,0,0,10.53772,0.1053772,0.7025146666666667,finite
claude-opus-4.6,4.0,hf.co/tiiuae/Falcon-H1-1.5B-Deep-Instruct-GGUF:Q4_K_M,100,9,9.33283,100,100,0,0,9.33283,0.09332829999999999,1.0369811111111111,finite
claude-opus-4.6,4.0,hf.co/tiiuae/Falcon-H1-3B-Instruct-GGUF:Q4_K_M,100,32,12.48902,100,100,0,0,12.48902,0.1248902,0.390281875,finite
claude-opus-4.6,4.0,hf.co/unsloth/Llama-3.2-1B-Instruct-GGUF:Q4_K_M,100,2,1.80221,100,100,0,0,1.80221,0.0180221,0.901105,finite
claude-opus-4.6,4.0,hf.co/unsloth/Phi-4-mini-instruct-GGUF:Q4_K_M,100,10,10.4409,100,100,0,0,10.4409,0.10440899999999999,1.04409,finite
claude-opus-4.6,4.0,hf.co/unsloth/Qwen3-4B-GGUF:Q4_K_M,100,49,9.33401,100,100,0,0,9.33401,0.0933401,0.19049,finite
claude-opus-4.6,4.0,internlm2:1.8b,100,0,3.08931,100,100,0,0,3.08931,0.030893099999999996,inf,zero_success
claude-opus-4.6,4.0,llama3.2:1b,100,2,2.69072,100,100,0,0,2.69072,0.0269072,1.34536,finite
claude-opus-4.6,4.0,llama3.2:1b-instruct-q4_K_M,100,2,2.26048,100,100,0,0,2.26048,0.022604799999999998,1.13024,finite
claude-opus-4.6,4.0,llama3.2:1b-instruct-q8_0,100,1,2.64465,100,100,0,0,2.64465,0.026446499999999998,2.64465,finite
claude-opus-4.6,4.0,llama3.2:3b,100,15,5.39273,100,100,0,0,5.39273,0.053927300000000004,0.35951533333333335,finite
claude-opus-4.6,4.0,llama3.2:3b-instruct-q4_K_M,100,12,5.38582,100,100,0,0,5.38582,0.053858199999999995,0.4488183333333333,finite
claude-opus-4.6,4.0,llama3.2:3b-instruct-q8_0,100,16,8.03945,100,100,0,0,8.03945,0.08039450000000001,0.502465625,finite
claude-opus-4.6,4.0,ministral-3:3b,100,33,10.71552,100,100,0,0,10.71552,0.10715519999999999,0.32471272727272726,finite
claude-opus-4.6,4.0,nemotron-mini:4b,100,1,6.78951,100,100,0,0,6.78951,0.0678951,6.78951,finite
claude-opus-4.6,4.0,nemotron-mini:4b-instruct-q4_K_M,100,1,6.77532,100,100,0,0,6.77532,0.0677532,6.77532,finite
claude-opus-4.6,4.0,nemotron-mini:4b-instruct-q8_0,100,4,11.05912,100,100,0,0,11.05912,0.1105912,2.76478,finite
claude-opus-4.6,4.0,opencoder:1.5b,100,2,7.43624,100,100,0,0,7.43624,0.0743624,3.71812,finite
claude-opus-4.6,4.0,phi3.5:3.8b,100,13,14.90855,100,100,0,0,14.90855,0.1490855,1.1468115384615385,finite
claude-opus-4.6,4.0,phi3.5:3.8b-mini-instruct-q8_0,100,19,21.85186,100,100,0,0,21.85186,0.21851859999999998,1.150097894736842,finite
claude-opus-4.6,4.0,phi3:3.8b,100,3,10.96987,100,100,0,0,10.96987,0.1096987,3.6566233333333336,finite
claude-opus-4.6,4.0,phi3:3.8b-mini-128k-instruct-q8_0,100,11,12.32013,100,100,0,0,12.32013,0.12320130000000001,1.1200118181818182,finite
claude-opus-4.6,4.0,phi3:mini,100,5,10.88284,100,100,0,0,10.88284,0.10882839999999999,2.176568,finite
claude-opus-4.6,4.0,phi3:mini-128k,100,3,10.89084,100,100,0,0,10.89084,0.1089084,3.6302800000000004,finite
claude-opus-4.6,4.0,phi3:mini-4k,100,14,15.37809,100,100,0,0,15.37809,0.1537809,1.098435,finite
claude-opus-4.6,4.0,phi4-mini,100,13,9.58175,100,100,0,0,9.58175,0.0958175,0.7370576923076922,finite
claude-opus-4.6,4.0,phi4-mini-reasoning,100,30,28.28102,100,100,0,0,28.28102,0.2828102,0.9427006666666667,finite
claude-opus-4.6,4.0,qwen2-math:1.5b,100,0,7.45381,100,100,0,0,7.45381,0.0745381,inf,zero_success
claude-opus-4.6,4.0,qwen2.5-coder:0.5b,100,0,2.50646,100,100,0,0,2.50646,0.025064600000000003,inf,zero_success
claude-opus-4.6,4.0,qwen2.5-coder:1.5b,100,4,5.25429,100,100,0,0,5.25429,0.052542900000000003,1.3135725,finite
claude-opus-4.6,4.0,qwen2.5-coder:1.5b-instruct-q8_0,100,5,7.42927,100,100,0,0,7.42927,0.0742927,1.485854,finite
claude-opus-4.6,4.0,qwen2.5-coder:3b,100,18,9.4148,100,100,0,0,9.4148,0.094148,0.5230444444444444,finite
claude-opus-4.6,4.0,qwen2.5-coder:3b-instruct-q4_K_M,100,16,9.29719,100,100,0,0,9.29719,0.09297190000000001,0.581074375,finite
claude-opus-4.6,4.0,qwen2.5-coder:3b-instruct-q8_0,100,21,15.58029,100,100,0,0,15.58029,0.1558029,0.7419185714285714,finite
claude-opus-4.6,4.0,qwen2.5:0.5b,100,0,3.24637,100,100,0,0,3.24637,0.032463700000000005,inf,zero_success
claude-opus-4.6,4.0,qwen2.5:0.5b-instruct-q4_K_M,100,0,3.19782,100,100,0,0,3.19782,0.0319782,inf,zero_success
claude-opus-4.6,4.0,qwen2.5:0.5b-instruct-q8_0,100,0,3.4305,100,100,0,0,3.4305,0.034305,inf,zero_success
claude-opus-4.6,4.0,qwen2.5:1.5b,100,1,5.34948,100,100,0,0,5.34948,0.053494799999999995,5.34948,finite
claude-opus-4.6,4.0,qwen2.5:1.5b-instruct-q4_K_M,100,1,5.33147,100,100,0,0,5.33147,0.053314700000000007,5.33147,finite
claude-opus-4.6,4.0,qwen2.5:1.5b-instruct-q8_0,100,3,7.77736,100,100,0,0,7.77736,0.0777736,2.5924533333333333,finite
claude-opus-4.6,4.0,qwen2.5:3b,100,19,10.87773,100,100,0,0,10.87773,0.1087773,0.5725121052631579,finite
claude-opus-4.6,4.0,qwen2.5:3b-instruct-q4_K_M,100,18,10.5835,100,100,0,0,10.5835,0.10583500000000001,0.5879722222222222,finite
claude-opus-4.6,4.0,qwen2.5:3b-instruct-q8_0,100,26,17.27231,100,100,0,0,17.27231,0.17272310000000002,0.6643196153846154,finite
claude-opus-4.6,4.0,qwen2:0.5b-instruct-q8_0,100,0,1.92741,100,100,0,0,1.92741,0.019274100000000002,inf,zero_success
claude-opus-4.6,4.0,qwen2:1.5b,100,1,2.68809,100,100,0,0,2.68809,0.0268809,2.68809,finite
claude-opus-4.6,4.0,qwen2:1.5b-instruct-q8_0,100,1,4.40244,100,100,0,0,4.40244,0.044024400000000005,4.40244,finite
claude-opus-4.6,4.0,qwen3.5:2b,100,14,10.2946,100,100,0,0,10.2946,0.10294600000000001,0.7353285714285714,finite
claude-opus-4.6,4.0,qwen3:0.6b,100,1,1.53814,100,100,0,0,1.53814,0.0153814,1.53814,finite
claude-opus-4.6,4.0,qwen3:0.6b-fp16,100,3,2.82127,100,100,0,0,2.82127,0.0282127,0.9404233333333334,finite
claude-opus-4.6,4.0,qwen3:0.6b-q8_0,100,5,1.88819,100,100,0,0,1.88819,0.0188819,0.37763800000000003,finite
claude-opus-4.6,4.0,qwen3:1.7b,100,20,3.65625,100,100,0,0,3.65625,0.0365625,0.1828125,finite
claude-opus-4.6,4.0,qwen3:1.7b-fp16,100,26,8.11854,100,100,0,0,8.11854,0.08118539999999999,0.3122515384615384,finite
claude-opus-4.6,4.0,qwen3:1.7b-q8_0,100,26,5.33985,100,100,0,0,5.33985,0.0533985,0.20537884615384616,finite
claude-opus-4.6,4.0,qwen3:4b,100,32,25.70734,100,100,0,0,25.70734,0.2570734,0.803354375,finite
claude-opus-4.6,4.0,qwen3:4b-instruct-2507-q4_K_M,100,54,10.89977,100,100,0,0,10.89977,0.1089977,0.2018475925925926,finite
claude-opus-4.6,4.0,qwen3:4b-instruct-2507-q8_0,100,56,16.05071,100,100,0,0,16.05071,0.16050709999999999,0.2866198214285714,finite
claude-opus-4.6,4.0,qwen3:4b-q8_0,100,50,13.89434,100,100,0,0,13.89434,0.1389434,0.2778868,finite
claude-opus-4.6,4.0,qwen3:4b-thinking-2507-q4_K_M,100,38,25.873540000000002,100,100,0,0,25.873540000000002,0.2587354,0.6808826315789475,finite
claude-opus-4.6,4.0,qwen3:4b-thinking-2507-q8_0,100,49,38.2666,100,100,0,0,38.2666,0.38266599999999995,0.7809510204081632,finite
claude-opus-4.6,4.0,sailor2:1b,100,0,5.6499,100,100,0,0,5.6499,0.056498999999999994,inf,zero_success
claude-opus-4.6,4.0,smallthinker:3b-preview-q4_K_M,100,15,18.30502,100,100,0,0,18.30502,0.1830502,1.2203346666666666,finite
claude-opus-4.6,4.0,smollm2:1.7b,100,1,5.15045,100,100,0,0,5.15045,0.0515045,5.15045,finite
claude-opus-4.6,4.0,smollm2:1.7b-instruct-q8_0,100,1,5.19418,100,100,0,0,5.19418,0.0519418,5.19418,finite
claude-opus-4.6,4.0,smollm2:135m,100,0,1.19867,100,100,0,0,1.19867,0.0119867,inf,zero_success
claude-opus-4.6,4.0,smollm2:135m-instruct-q8_0,100,0,0.8140000000000001,100,100,0,0,0.8140000000000001,0.008140000000000001,inf,zero_success
claude-opus-4.6,4.0,smollm2:360m,100,2,1.73387,100,100,0,0,1.73387,0.0173387,0.866935,finite
claude-opus-4.6,4.0,smollm2:360m-instruct-q8_0,100,1,1.23222,100,100,0,0,1.23222,0.0123222,1.23222,finite
claude-opus-4.6,4.0,smollm:1.7b,100,0,7.49611,100,100,0,0,7.49611,0.0749611,inf,zero_success
claude-opus-4.6,4.0,smollm:360m,100,0,2.58516,100,100,0,0,2.58516,0.025851600000000002,inf,zero_success
claude-opus-4.6,4.0,stablelm2:1.6b,100,0,5.7245800000000004,100,100,0,0,5.7245800000000004,0.057245800000000006,inf,zero_success
claude-opus-4.6,4.0,stablelm2:1.6b-chat,100,0,5.7273700000000005,100,100,0,0,5.7273700000000005,0.057273700000000004,inf,zero_success
claude-opus-4.6,4.0,stablelm2:1.6b-zephyr,100,1,4.46021,100,100,0,0,4.46021,0.0446021,4.46021,finite
claude-opus-4.6,4.0,starcoder2:3b,100,0,13.84306,100,100,0,0,13.84306,0.1384306,inf,zero_success
claude-opus-4.6,4.0,starcoder2:3b-q6_K,100,0,18.15079,100,100,0,0,18.15079,0.1815079,inf,zero_success
claude-opus-4.6,4.0,starcoder2:3b-q8_0,100,0,20.77656,100,100,0,0,20.77656,0.2077656,inf,zero_success
claude-opus-4.6,4.0,tinyllama:1.1b,100,1,3.73769,100,100,0,0,3.73769,0.037376900000000005,3.73769,finite
claude-opus-4.6,4.0,tinyllama:1.1b-chat-v1-q8_0,100,0,6.0696,100,100,0,0,6.0696,0.060696,inf,zero_success
claude-opus-4.6,4.0,yi-coder:1.5b,100,1,5.3132,100,100,0,0,5.3132,0.053132,5.3132,finite
gpt-5.4,2.5,codegemma:2b,100,1,10.2505,100,100,0,0,10.2505,0.10250500000000001,10.2505,finite
gpt-5.4,2.5,codegemma:2b-code-q6_K,100,10,5.31285,100,100,0,0,5.31285,0.0531285,0.531285,finite
gpt-5.4,2.5,cogito:3b,100,45,4.65268,100,100,0,0,4.65268,0.0465268,0.1033928888888889,finite
gpt-5.4,2.5,cogito:3b-v1-preview-llama-q8_0,100,51,7.01172,100,100,0,0,7.01172,0.0701172,0.13748470588235295,finite
gpt-5.4,2.5,deepseek-coder:1.3b,100,9,6.54276,100,100,0,0,6.54276,0.0654276,0.7269733333333334,finite
gpt-5.4,2.5,deepseek-coder:1.3b-instruct-q8_0,100,7,9.7566,100,100,0,0,9.7566,0.097566,1.3938000000000001,finite
gpt-5.4,2.5,falcon3:1b,100,17,9.95422,100,100,0,0,9.95422,0.0995422,0.5855423529411764,finite
gpt-5.4,2.5,falcon3:1b-instruct-q8_0,100,17,9.96065,100,100,0,0,9.96065,0.09960649999999999,0.585920588235294,finite
gpt-5.4,2.5,falcon3:3b,100,38,5.86016,100,100,0,0,5.86016,0.0586016,0.15421473684210527,finite
gpt-5.4,2.5,falcon3:3b-instruct-q4_K_M,100,38,5.80189,100,100,0,0,5.80189,0.058018900000000005,0.1526813157894737,finite
gpt-5.4,2.5,falcon3:3b-instruct-q8_0,100,42,9.73247,100,100,0,0,9.73247,0.09732469999999999,0.23172547619047618,finite
gpt-5.4,2.5,gemma2:2b,100,52,6.47362,100,100,0,0,6.47362,0.06473620000000001,0.12449269230769232,finite
gpt-5.4,2.5,gemma2:2b-instruct-q4_K_M,100,58,6.00019,100,100,0,0,6.00019,0.0600019,0.10345155172413793,finite
gpt-5.4,2.5,gemma2:2b-instruct-q8_0,100,56,8.59835,100,100,0,0,8.59835,0.0859835,0.1535419642857143,finite
gpt-5.4,2.5,gemma3:1b,100,28,2.30552,100,100,0,0,2.30552,0.0230552,0.08234,finite
gpt-5.4,2.5,gemma3:1b-it-q8_0,100,26,2.39066,100,100,0,0,2.39066,0.0239066,0.09194846153846153,finite
gpt-5.4,2.5,gemma3:1b-it-qat,100,32,2.05762,100,100,0,0,2.05762,0.0205762,0.064300625,finite
gpt-5.4,2.5,gemma3:270m,100,13,0.52651,100,100,0,0,0.52651,0.0052651,0.040500769230769236,finite
gpt-5.4,2.5,gemma3:270m-it-qat,100,9,0.77235,100,100,0,0,0.77235,0.0077234999999999995,0.08581666666666667,finite
gpt-5.4,2.5,gemma3:4b,100,69,6.41429,100,100,0,0,6.41429,0.0641429,0.09296072463768117,finite
gpt-5.4,2.5,gemma3:4b-it-q4_K_M,100,69,6.4258,100,100,0,0,6.4258,0.064258,0.09312753623188405,finite
gpt-5.4,2.5,gemma3:4b-it-q8_0,100,64,8.65949,100,100,0,0,8.65949,0.0865949,0.13530453125,finite
gpt-5.4,2.5,gemma3:4b-it-qat,100,55,7.70239,100,100,0,0,7.70239,0.0770239,0.14004345454545455,finite
gpt-5.4,2.5,gemma3n:e2b,100,63,6.48302,100,100,0,0,6.48302,0.0648302,0.10290507936507937,finite
gpt-5.4,2.5,gemma4:e2b-it-qat,100,78,5.04522,100,100,0,0,5.04522,0.050452199999999996,0.06468230769230769,finite
gpt-5.4,2.5,gemma:2b,100,25,4.85105,100,100,0,0,4.85105,0.0485105,0.194042,finite
gpt-5.4,2.5,gemma:2b-instruct-q4_K_M,100,27,4.42981,100,100,0,0,4.42981,0.0442981,0.16406703703703704,finite
gpt-5.4,2.5,gemma:2b-instruct-q8_0,100,24,6.08542,100,100,0,0,6.08542,0.0608542,0.25355916666666667,finite
gpt-5.4,2.5,granite3.1-dense:2b,100,49,8.31672,100,100,0,0,8.31672,0.0831672,0.16972897959183675,finite
gpt-5.4,2.5,granite3.1-dense:2b-instruct-q8_0,100,52,11.41953,100,100,0,0,11.41953,0.1141953,0.21960634615384617,finite
gpt-5.4,2.5,granite3.1-moe:3b,100,26,3.34147,100,100,0,0,3.34147,0.0334147,0.12851807692307693,finite
gpt-5.4,2.5,granite3.2:2b,100,55,12.16954,100,100,0,0,12.16954,0.1216954,0.22126436363636362,finite
gpt-5.4,2.5,granite3.2:2b-instruct-q4_K_M,100,55,12.21751,100,100,0,0,12.21751,0.12217510000000001,0.22213654545454548,finite
gpt-5.4,2.5,granite3.3:2b,100,50,7.69426,100,100,0,0,7.69426,0.0769426,0.1538852,finite
gpt-5.4,2.5,granite4.1:3b,100,67,7.4758,100,100,0,0,7.4758,0.07475799999999999,0.11157910447761193,finite
gpt-5.4,2.5,granite4:1b-h,100,42,2.84356,100,100,0,0,2.84356,0.028435600000000002,0.06770380952380953,finite
gpt-5.4,2.5,granite4:350m,100,18,1.29306,100,100,0,0,1.29306,0.0129306,0.07183666666666667,finite
gpt-5.4,2.5,granite4:350m-bf16,100,18,1.27121,100,100,0,0,1.27121,0.012712099999999999,0.07062277777777777,finite
gpt-5.4,2.5,granite4:350m-h,100,22,0.80541,100,100,0,0,0.80541,0.0080541,0.03660954545454545,finite
gpt-5.4,2.5,granite4:micro,100,64,7.98973,100,100,0,0,7.98973,0.0798973,0.12483953125,finite
gpt-5.4,2.5,granite4:micro-h,100,75,6.51603,100,100,0,0,6.51603,0.0651603,0.0868804,finite
gpt-5.4,2.5,hf.co/LiquidAI/LFM2-1.2B-GGUF:Q4_K_M,100,23,1.86997,100,100,0,0,1.86997,0.0186997,0.08130304347826087,finite
gpt-5.4,2.5,hf.co/LiquidAI/LFM2-1.2B-GGUF:Q8_0,100,31,3.0554,100,100,0,0,3.0554,0.030554,0.09856129032258065,finite
gpt-5.4,2.5,hf.co/LiquidAI/LFM2-350M-GGUF:Q4_K_M,100,4,1.12774,100,100,0,0,1.12774,0.0112774,0.281935,finite
gpt-5.4,2.5,hf.co/LiquidAI/LFM2-700M-GGUF:Q4_K_M,100,7,2.20955,100,100,0,0,2.20955,0.0220955,0.31565000000000004,finite
gpt-5.4,2.5,hf.co/NousResearch/Hermes-3-Llama-3.2-3B-GGUF:Q4_K_M,100,36,7.69492,100,100,0,0,7.69492,0.0769492,0.21374777777777776,finite
gpt-5.4,2.5,hf.co/NousResearch/Hermes-3-Llama-3.2-3B-GGUF:Q8_0,100,41,9.917910000000001,100,100,0,0,9.917910000000001,0.0991791,0.24190024390243905,finite
gpt-5.4,2.5,hf.co/Qwen/Qwen2.5-1.5B-Instruct-GGUF:Q4_K_M,100,35,3.84287,100,100,0,0,3.84287,0.0384287,0.10979628571428572,finite
gpt-5.4,2.5,hf.co/Qwen/Qwen2.5-3B-Instruct-GGUF:Q4_K_M,100,57,9.58863,100,100,0,0,9.58863,0.09588630000000001,0.16822157894736842,finite
gpt-5.4,2.5,hf.co/Qwen/Qwen3-4B-GGUF:Q4_K_M,100,63,25.71047,100,100,0,0,25.71047,0.2571047,0.4081026984126984,finite
gpt-5.4,2.5,hf.co/allenai/OLMo-2-0425-1B-Instruct-GGUF:Q4_K_M,100,15,6.18127,100,100,0,0,6.18127,0.0618127,0.41208466666666665,finite
gpt-5.4,2.5,hf.co/bartowski/Llama-3.2-3B-Instruct-GGUF:IQ4_XS,100,48,6.516,100,100,0,0,6.516,0.06516,0.13575,finite
gpt-5.4,2.5,hf.co/bartowski/Llama-3.2-3B-Instruct-GGUF:Q3_K_L,100,43,6.62014,100,100,0,0,6.62014,0.06620140000000001,0.15395674418604652,finite
gpt-5.4,2.5,hf.co/bartowski/Llama-3.2-3B-Instruct-GGUF:Q5_K_M,100,54,7.42849,100,100,0,0,7.42849,0.0742849,0.13756462962962962,finite
gpt-5.4,2.5,hf.co/bartowski/Llama-3.2-3B-Instruct-GGUF:Q6_K,100,44,7.34838,100,100,0,0,7.34838,0.0734838,0.16700863636363636,finite
gpt-5.4,2.5,hf.co/ggml-org/SmolLM3-3B-GGUF:Q4_K_M,100,45,11.0296,100,100,0,0,11.0296,0.110296,0.24510222222222222,finite
gpt-5.4,2.5,hf.co/ggml-org/SmolLM3-3B-GGUF:Q8_0,100,43,13.82926,100,100,0,0,13.82926,0.1382926,0.3216106976744186,finite
gpt-5.4,2.5,hf.co/openbmb/MiniCPM3-4B-GGUF:Q4_K_M,100,46,7.84251,100,100,0,0,7.84251,0.0784251,0.17048934782608696,finite
gpt-5.4,2.5,hf.co/tiiuae/Falcon-H1-0.5B-Instruct-GGUF:Q4_K_M,100,18,3.42942,100,100,0,0,3.42942,0.0342942,0.19052333333333332,finite
gpt-5.4,2.5,hf.co/tiiuae/Falcon-H1-1.5B-Deep-Instruct-GGUF:IQ4_XS,100,45,10.53772,100,100,0,0,10.53772,0.1053772,0.23417155555555555,finite
gpt-5.4,2.5,hf.co/tiiuae/Falcon-H1-1.5B-Deep-Instruct-GGUF:Q4_K_M,100,46,9.33283,100,100,0,0,9.33283,0.09332829999999999,0.20288760869565217,finite
gpt-5.4,2.5,hf.co/tiiuae/Falcon-H1-3B-Instruct-GGUF:Q4_K_M,100,66,12.48902,100,100,0,0,12.48902,0.1248902,0.18922757575757576,finite
gpt-5.4,2.5,hf.co/unsloth/Llama-3.2-1B-Instruct-GGUF:Q4_K_M,100,15,1.80221,100,100,0,0,1.80221,0.0180221,0.12014733333333334,finite
gpt-5.4,2.5,hf.co/unsloth/Phi-4-mini-instruct-GGUF:Q4_K_M,100,54,10.4409,100,100,0,0,10.4409,0.10440899999999999,0.19335,finite
gpt-5.4,2.5,hf.co/unsloth/Qwen3-4B-GGUF:Q4_K_M,100,75,9.33401,100,100,0,0,9.33401,0.0933401,0.12445346666666665,finite
gpt-5.4,2.5,internlm2:1.8b,100,17,3.08931,100,100,0,0,3.08931,0.030893099999999996,0.1817241176470588,finite
gpt-5.4,2.5,llama3.2:1b,100,11,2.69072,100,100,0,0,2.69072,0.0269072,0.24461090909090907,finite
gpt-5.4,2.5,llama3.2:1b-instruct-q4_K_M,100,11,2.26048,100,100,0,0,2.26048,0.022604799999999998,0.2054981818181818,finite
gpt-5.4,2.5,llama3.2:1b-instruct-q8_0,100,12,2.64465,100,100,0,0,2.64465,0.026446499999999998,0.2203875,finite
gpt-5.4,2.5,llama3.2:3b,100,55,5.39273,100,100,0,0,5.39273,0.053927300000000004,0.09804963636363637,finite
gpt-5.4,2.5,llama3.2:3b-instruct-q4_K_M,100,46,5.38582,100,100,0,0,5.38582,0.053858199999999995,0.11708304347826086,finite
gpt-5.4,2.5,llama3.2:3b-instruct-q8_0,100,50,8.03945,100,100,0,0,8.03945,0.08039450000000001,0.16078900000000002,finite
gpt-5.4,2.5,ministral-3:3b,100,56,10.71552,100,100,0,0,10.71552,0.10715519999999999,0.19134857142857142,finite
gpt-5.4,2.5,nemotron-mini:4b,100,19,6.78951,100,100,0,0,6.78951,0.0678951,0.35734263157894736,finite
gpt-5.4,2.5,nemotron-mini:4b-instruct-q4_K_M,100,20,6.77532,100,100,0,0,6.77532,0.0677532,0.338766,finite
gpt-5.4,2.5,nemotron-mini:4b-instruct-q8_0,100,25,11.05912,100,100,0,0,11.05912,0.1105912,0.4423648,finite
gpt-5.4,2.5,opencoder:1.5b,100,15,7.43624,100,100,0,0,7.43624,0.0743624,0.4957493333333333,finite
gpt-5.4,2.5,phi3.5:3.8b,100,52,14.90855,100,100,0,0,14.90855,0.1490855,0.2867028846153846,finite
gpt-5.4,2.5,phi3.5:3.8b-mini-instruct-q8_0,100,51,21.85186,100,100,0,0,21.85186,0.21851859999999998,0.4284678431372549,finite
gpt-5.4,2.5,phi3:3.8b,100,44,10.96987,100,100,0,0,10.96987,0.1096987,0.24931522727272729,finite
gpt-5.4,2.5,phi3:3.8b-mini-128k-instruct-q8_0,100,44,12.32013,100,100,0,0,12.32013,0.12320130000000001,0.28000295454545454,finite
gpt-5.4,2.5,phi3:mini,100,43,10.88284,100,100,0,0,10.88284,0.10882839999999999,0.2530893023255814,finite
gpt-5.4,2.5,phi3:mini-128k,100,43,10.89084,100,100,0,0,10.89084,0.1089084,0.2532753488372093,finite
gpt-5.4,2.5,phi3:mini-4k,100,44,15.37809,100,100,0,0,15.37809,0.1537809,0.34950204545454544,finite
gpt-5.4,2.5,phi4-mini,100,48,9.58175,100,100,0,0,9.58175,0.0958175,0.19961979166666666,finite
gpt-5.4,2.5,phi4-mini-reasoning,100,49,28.28102,100,100,0,0,28.28102,0.2828102,0.5771636734693878,finite
gpt-5.4,2.5,qwen2-math:1.5b,100,4,7.45381,100,100,0,0,7.45381,0.0745381,1.8634525,finite
gpt-5.4,2.5,qwen2.5-coder:0.5b,100,15,2.50646,100,100,0,0,2.50646,0.025064600000000003,0.16709733333333335,finite
gpt-5.4,2.5,qwen2.5-coder:1.5b,100,31,5.25429,100,100,0,0,5.25429,0.052542900000000003,0.16949322580645163,finite
gpt-5.4,2.5,qwen2.5-coder:1.5b-instruct-q8_0,100,22,7.42927,100,100,0,0,7.42927,0.0742927,0.3376940909090909,finite
gpt-5.4,2.5,qwen2.5-coder:3b,100,45,9.4148,100,100,0,0,9.4148,0.094148,0.20921777777777778,finite
gpt-5.4,2.5,qwen2.5-coder:3b-instruct-q4_K_M,100,53,9.29719,100,100,0,0,9.29719,0.09297190000000001,0.17541867924528304,finite
gpt-5.4,2.5,qwen2.5-coder:3b-instruct-q8_0,100,56,15.58029,100,100,0,0,15.58029,0.1558029,0.27821946428571426,finite
gpt-5.4,2.5,qwen2.5:0.5b,100,3,3.24637,100,100,0,0,3.24637,0.032463700000000005,1.0821233333333333,finite
gpt-5.4,2.5,qwen2.5:0.5b-instruct-q4_K_M,100,3,3.19782,100,100,0,0,3.19782,0.0319782,1.06594,finite
gpt-5.4,2.5,qwen2.5:0.5b-instruct-q8_0,100,4,3.4305,100,100,0,0,3.4305,0.034305,0.857625,finite
gpt-5.4,2.5,qwen2.5:1.5b,100,22,5.34948,100,100,0,0,5.34948,0.053494799999999995,0.2431581818181818,finite
gpt-5.4,2.5,qwen2.5:1.5b-instruct-q4_K_M,100,26,5.33147,100,100,0,0,5.33147,0.053314700000000007,0.20505653846153848,finite
gpt-5.4,2.5,qwen2.5:1.5b-instruct-q8_0,100,29,7.77736,100,100,0,0,7.77736,0.0777736,0.2681848275862069,finite
gpt-5.4,2.5,qwen2.5:3b,100,51,10.87773,100,100,0,0,10.87773,0.1087773,0.21328882352941175,finite
gpt-5.4,2.5,qwen2.5:3b-instruct-q4_K_M,100,52,10.5835,100,100,0,0,10.5835,0.10583500000000001,0.20352884615384617,finite
gpt-5.4,2.5,qwen2.5:3b-instruct-q8_0,100,51,17.27231,100,100,0,0,17.27231,0.17272310000000002,0.33867274509803924,finite
gpt-5.4,2.5,qwen2:0.5b-instruct-q8_0,100,8,1.92741,100,100,0,0,1.92741,0.019274100000000002,0.24092625,finite
gpt-5.4,2.5,qwen2:1.5b,100,14,2.68809,100,100,0,0,2.68809,0.0268809,0.19200642857142855,finite
gpt-5.4,2.5,qwen2:1.5b-instruct-q8_0,100,22,4.40244,100,100,0,0,4.40244,0.044024400000000005,0.20011090909090912,finite
gpt-5.4,2.5,qwen3.5:2b,100,39,10.2946,100,100,0,0,10.2946,0.10294600000000001,0.2639641025641026,finite
gpt-5.4,2.5,qwen3:0.6b,100,25,1.53814,100,100,0,0,1.53814,0.0153814,0.0615256,finite
gpt-5.4,2.5,qwen3:0.6b-fp16,100,31,2.82127,100,100,0,0,2.82127,0.0282127,0.09100870967741936,finite
gpt-5.4,2.5,qwen3:0.6b-q8_0,100,37,1.88819,100,100,0,0,1.88819,0.0188819,0.051032162162162165,finite
gpt-5.4,2.5,qwen3:1.7b,100,60,3.65625,100,100,0,0,3.65625,0.0365625,0.0609375,finite
gpt-5.4,2.5,qwen3:1.7b-fp16,100,61,8.11854,100,100,0,0,8.11854,0.08118539999999999,0.13309081967213113,finite
gpt-5.4,2.5,qwen3:1.7b-q8_0,100,53,5.33985,100,100,0,0,5.33985,0.0533985,0.10075188679245284,finite
gpt-5.4,2.5,qwen3:4b,100,57,25.70734,100,100,0,0,25.70734,0.2570734,0.4510059649122807,finite
gpt-5.4,2.5,qwen3:4b-instruct-2507-q4_K_M,100,77,10.89977,100,100,0,0,10.89977,0.1089977,0.14155545454545454,finite
gpt-5.4,2.5,qwen3:4b-instruct-2507-q8_0,100,82,16.05071,100,100,0,0,16.05071,0.16050709999999999,0.19574036585365853,finite
gpt-5.4,2.5,qwen3:4b-q8_0,100,81,13.89434,100,100,0,0,13.89434,0.1389434,0.17153506172839506,finite
gpt-5.4,2.5,qwen3:4b-thinking-2507-q4_K_M,100,55,25.873540000000002,100,100,0,0,25.873540000000002,0.2587354,0.470428,finite
gpt-5.4,2.5,qwen3:4b-thinking-2507-q8_0,100,61,38.2666,100,100,0,0,38.2666,0.38266599999999995,0.6273213114754098,finite
gpt-5.4,2.5,sailor2:1b,100,3,5.6499,100,100,0,0,5.6499,0.056498999999999994,1.8833,finite
gpt-5.4,2.5,smallthinker:3b-preview-q4_K_M,100,52,18.30502,100,100,0,0,18.30502,0.1830502,0.35201961538461535,finite
gpt-5.4,2.5,smollm2:1.7b,100,29,5.15045,100,100,0,0,5.15045,0.0515045,0.17760172413793104,finite
gpt-5.4,2.5,smollm2:1.7b-instruct-q8_0,100,30,5.19418,100,100,0,0,5.19418,0.0519418,0.17313933333333334,finite
gpt-5.4,2.5,smollm2:135m,100,2,1.19867,100,100,0,0,1.19867,0.0119867,0.599335,finite
gpt-5.4,2.5,smollm2:135m-instruct-q8_0,100,3,0.8140000000000001,100,100,0,0,0.8140000000000001,0.008140000000000001,0.27133333333333337,finite
gpt-5.4,2.5,smollm2:360m,100,10,1.73387,100,100,0,0,1.73387,0.0173387,0.173387,finite
gpt-5.4,2.5,smollm2:360m-instruct-q8_0,100,6,1.23222,100,100,0,0,1.23222,0.0123222,0.20537000000000002,finite
gpt-5.4,2.5,smollm:1.7b,100,6,7.49611,100,100,0,0,7.49611,0.0749611,1.2493516666666666,finite
gpt-5.4,2.5,smollm:360m,100,1,2.58516,100,100,0,0,2.58516,0.025851600000000002,2.58516,finite
gpt-5.4,2.5,stablelm2:1.6b,100,6,5.7245800000000004,100,100,0,0,5.7245800000000004,0.057245800000000006,0.9540966666666667,finite
gpt-5.4,2.5,stablelm2:1.6b-chat,100,7,5.7273700000000005,100,100,0,0,5.7273700000000005,0.057273700000000004,0.8181957142857144,finite
gpt-5.4,2.5,stablelm2:1.6b-zephyr,100,10,4.46021,100,100,0,0,4.46021,0.0446021,0.446021,finite
gpt-5.4,2.5,starcoder2:3b,100,0,13.84306,100,100,0,0,13.84306,0.1384306,inf,zero_success
gpt-5.4,2.5,starcoder2:3b-q6_K,100,3,18.15079,100,100,0,0,18.15079,0.1815079,6.0502633333333335,finite
gpt-5.4,2.5,starcoder2:3b-q8_0,100,1,20.77656,100,100,0,0,20.77656,0.2077656,20.77656,finite
gpt-5.4,2.5,tinyllama:1.1b,100,8,3.73769,100,100,0,0,3.73769,0.037376900000000005,0.46721125,finite
gpt-5.4,2.5,tinyllama:1.1b-chat-v1-q8_0,100,12,6.0696,100,100,0,0,6.0696,0.060696,0.5058,finite
gpt-5.4,2.5,yi-coder:1.5b,100,19,5.3132,100,100,0,0,5.3132,0.053132,0.2796421052631579,finite
gpt-5.4,3.0,codegemma:2b,100,1,10.2505,100,100,0,0,10.2505,0.10250500000000001,10.2505,finite
gpt-5.4,3.0,codegemma:2b-code-q6_K,100,10,5.31285,100,100,0,0,5.31285,0.0531285,0.531285,finite
gpt-5.4,3.0,cogito:3b,100,45,4.65268,100,100,0,0,4.65268,0.0465268,0.1033928888888889,finite
gpt-5.4,3.0,cogito:3b-v1-preview-llama-q8_0,100,51,7.01172,100,100,0,0,7.01172,0.0701172,0.13748470588235295,finite
gpt-5.4,3.0,deepseek-coder:1.3b,100,9,6.54276,100,100,0,0,6.54276,0.0654276,0.7269733333333334,finite
gpt-5.4,3.0,deepseek-coder:1.3b-instruct-q8_0,100,7,9.7566,100,100,0,0,9.7566,0.097566,1.3938000000000001,finite
gpt-5.4,3.0,falcon3:1b,100,17,9.95422,100,100,0,0,9.95422,0.0995422,0.5855423529411764,finite
gpt-5.4,3.0,falcon3:1b-instruct-q8_0,100,17,9.96065,100,100,0,0,9.96065,0.09960649999999999,0.585920588235294,finite
gpt-5.4,3.0,falcon3:3b,100,38,5.86016,100,100,0,0,5.86016,0.0586016,0.15421473684210527,finite
gpt-5.4,3.0,falcon3:3b-instruct-q4_K_M,100,38,5.80189,100,100,0,0,5.80189,0.058018900000000005,0.1526813157894737,finite
gpt-5.4,3.0,falcon3:3b-instruct-q8_0,100,42,9.73247,100,100,0,0,9.73247,0.09732469999999999,0.23172547619047618,finite
gpt-5.4,3.0,gemma2:2b,100,52,6.47362,100,100,0,0,6.47362,0.06473620000000001,0.12449269230769232,finite
gpt-5.4,3.0,gemma2:2b-instruct-q4_K_M,100,58,6.00019,100,100,0,0,6.00019,0.0600019,0.10345155172413793,finite
gpt-5.4,3.0,gemma2:2b-instruct-q8_0,100,56,8.59835,100,100,0,0,8.59835,0.0859835,0.1535419642857143,finite
gpt-5.4,3.0,gemma3:1b,100,28,2.30552,100,100,0,0,2.30552,0.0230552,0.08234,finite
gpt-5.4,3.0,gemma3:1b-it-q8_0,100,26,2.39066,100,100,0,0,2.39066,0.0239066,0.09194846153846153,finite
gpt-5.4,3.0,gemma3:1b-it-qat,100,32,2.05762,100,100,0,0,2.05762,0.0205762,0.064300625,finite
gpt-5.4,3.0,gemma3:270m,100,13,0.52651,100,100,0,0,0.52651,0.0052651,0.040500769230769236,finite
gpt-5.4,3.0,gemma3:270m-it-qat,100,9,0.77235,100,100,0,0,0.77235,0.0077234999999999995,0.08581666666666667,finite
gpt-5.4,3.0,gemma3:4b,100,69,6.41429,100,100,0,0,6.41429,0.0641429,0.09296072463768117,finite
gpt-5.4,3.0,gemma3:4b-it-q4_K_M,100,69,6.4258,100,100,0,0,6.4258,0.064258,0.09312753623188405,finite
gpt-5.4,3.0,gemma3:4b-it-q8_0,100,64,8.65949,100,100,0,0,8.65949,0.0865949,0.13530453125,finite
gpt-5.4,3.0,gemma3:4b-it-qat,100,55,7.70239,100,100,0,0,7.70239,0.0770239,0.14004345454545455,finite
gpt-5.4,3.0,gemma3n:e2b,100,63,6.48302,100,100,0,0,6.48302,0.0648302,0.10290507936507937,finite
gpt-5.4,3.0,gemma4:e2b-it-qat,100,78,5.04522,100,100,0,0,5.04522,0.050452199999999996,0.06468230769230769,finite
gpt-5.4,3.0,gemma:2b,100,25,4.85105,100,100,0,0,4.85105,0.0485105,0.194042,finite
gpt-5.4,3.0,gemma:2b-instruct-q4_K_M,100,27,4.42981,100,100,0,0,4.42981,0.0442981,0.16406703703703704,finite
gpt-5.4,3.0,gemma:2b-instruct-q8_0,100,24,6.08542,100,100,0,0,6.08542,0.0608542,0.25355916666666667,finite
gpt-5.4,3.0,granite3.1-dense:2b,100,49,8.31672,100,100,0,0,8.31672,0.0831672,0.16972897959183675,finite
gpt-5.4,3.0,granite3.1-dense:2b-instruct-q8_0,100,52,11.41953,100,100,0,0,11.41953,0.1141953,0.21960634615384617,finite
gpt-5.4,3.0,granite3.1-moe:3b,100,26,3.34147,100,100,0,0,3.34147,0.0334147,0.12851807692307693,finite
gpt-5.4,3.0,granite3.2:2b,100,55,12.16954,100,100,0,0,12.16954,0.1216954,0.22126436363636362,finite
gpt-5.4,3.0,granite3.2:2b-instruct-q4_K_M,100,55,12.21751,100,100,0,0,12.21751,0.12217510000000001,0.22213654545454548,finite
gpt-5.4,3.0,granite3.3:2b,100,50,7.69426,100,100,0,0,7.69426,0.0769426,0.1538852,finite
gpt-5.4,3.0,granite4.1:3b,100,67,7.4758,100,100,0,0,7.4758,0.07475799999999999,0.11157910447761193,finite
gpt-5.4,3.0,granite4:1b-h,100,42,2.84356,100,100,0,0,2.84356,0.028435600000000002,0.06770380952380953,finite
gpt-5.4,3.0,granite4:350m,100,18,1.29306,100,100,0,0,1.29306,0.0129306,0.07183666666666667,finite
gpt-5.4,3.0,granite4:350m-bf16,100,18,1.27121,100,100,0,0,1.27121,0.012712099999999999,0.07062277777777777,finite
gpt-5.4,3.0,granite4:350m-h,100,22,0.80541,100,100,0,0,0.80541,0.0080541,0.03660954545454545,finite
gpt-5.4,3.0,granite4:micro,100,64,7.98973,100,100,0,0,7.98973,0.0798973,0.12483953125,finite
gpt-5.4,3.0,granite4:micro-h,100,75,6.51603,100,100,0,0,6.51603,0.0651603,0.0868804,finite
gpt-5.4,3.0,hf.co/LiquidAI/LFM2-1.2B-GGUF:Q4_K_M,100,23,1.86997,100,100,0,0,1.86997,0.0186997,0.08130304347826087,finite
gpt-5.4,3.0,hf.co/LiquidAI/LFM2-1.2B-GGUF:Q8_0,100,31,3.0554,100,100,0,0,3.0554,0.030554,0.09856129032258065,finite
gpt-5.4,3.0,hf.co/LiquidAI/LFM2-350M-GGUF:Q4_K_M,100,4,1.12774,100,100,0,0,1.12774,0.0112774,0.281935,finite
gpt-5.4,3.0,hf.co/LiquidAI/LFM2-700M-GGUF:Q4_K_M,100,7,2.20955,100,100,0,0,2.20955,0.0220955,0.31565000000000004,finite
gpt-5.4,3.0,hf.co/NousResearch/Hermes-3-Llama-3.2-3B-GGUF:Q4_K_M,100,36,7.69492,100,100,0,0,7.69492,0.0769492,0.21374777777777776,finite
gpt-5.4,3.0,hf.co/NousResearch/Hermes-3-Llama-3.2-3B-GGUF:Q8_0,100,41,9.917910000000001,100,100,0,0,9.917910000000001,0.0991791,0.24190024390243905,finite
gpt-5.4,3.0,hf.co/Qwen/Qwen2.5-1.5B-Instruct-GGUF:Q4_K_M,100,35,3.84287,100,100,0,0,3.84287,0.0384287,0.10979628571428572,finite
gpt-5.4,3.0,hf.co/Qwen/Qwen2.5-3B-Instruct-GGUF:Q4_K_M,100,57,9.58863,100,100,0,0,9.58863,0.09588630000000001,0.16822157894736842,finite
gpt-5.4,3.0,hf.co/Qwen/Qwen3-4B-GGUF:Q4_K_M,100,63,25.71047,100,100,0,0,25.71047,0.2571047,0.4081026984126984,finite
gpt-5.4,3.0,hf.co/allenai/OLMo-2-0425-1B-Instruct-GGUF:Q4_K_M,100,15,6.18127,100,100,0,0,6.18127,0.0618127,0.41208466666666665,finite
gpt-5.4,3.0,hf.co/bartowski/Llama-3.2-3B-Instruct-GGUF:IQ4_XS,100,48,6.516,100,100,0,0,6.516,0.06516,0.13575,finite
gpt-5.4,3.0,hf.co/bartowski/Llama-3.2-3B-Instruct-GGUF:Q3_K_L,100,43,6.62014,100,100,0,0,6.62014,0.06620140000000001,0.15395674418604652,finite
gpt-5.4,3.0,hf.co/bartowski/Llama-3.2-3B-Instruct-GGUF:Q5_K_M,100,54,7.42849,100,100,0,0,7.42849,0.0742849,0.13756462962962962,finite
gpt-5.4,3.0,hf.co/bartowski/Llama-3.2-3B-Instruct-GGUF:Q6_K,100,44,7.34838,100,100,0,0,7.34838,0.0734838,0.16700863636363636,finite
gpt-5.4,3.0,hf.co/ggml-org/SmolLM3-3B-GGUF:Q4_K_M,100,45,11.0296,100,100,0,0,11.0296,0.110296,0.24510222222222222,finite
gpt-5.4,3.0,hf.co/ggml-org/SmolLM3-3B-GGUF:Q8_0,100,43,13.82926,100,100,0,0,13.82926,0.1382926,0.3216106976744186,finite
gpt-5.4,3.0,hf.co/openbmb/MiniCPM3-4B-GGUF:Q4_K_M,100,46,7.84251,100,100,0,0,7.84251,0.0784251,0.17048934782608696,finite
gpt-5.4,3.0,hf.co/tiiuae/Falcon-H1-0.5B-Instruct-GGUF:Q4_K_M,100,18,3.42942,100,100,0,0,3.42942,0.0342942,0.19052333333333332,finite
gpt-5.4,3.0,hf.co/tiiuae/Falcon-H1-1.5B-Deep-Instruct-GGUF:IQ4_XS,100,45,10.53772,100,100,0,0,10.53772,0.1053772,0.23417155555555555,finite
gpt-5.4,3.0,hf.co/tiiuae/Falcon-H1-1.5B-Deep-Instruct-GGUF:Q4_K_M,100,46,9.33283,100,100,0,0,9.33283,0.09332829999999999,0.20288760869565217,finite
gpt-5.4,3.0,hf.co/tiiuae/Falcon-H1-3B-Instruct-GGUF:Q4_K_M,100,66,12.48902,100,100,0,0,12.48902,0.1248902,0.18922757575757576,finite
gpt-5.4,3.0,hf.co/unsloth/Llama-3.2-1B-Instruct-GGUF:Q4_K_M,100,15,1.80221,100,100,0,0,1.80221,0.0180221,0.12014733333333334,finite
gpt-5.4,3.0,hf.co/unsloth/Phi-4-mini-instruct-GGUF:Q4_K_M,100,54,10.4409,100,100,0,0,10.4409,0.10440899999999999,0.19335,finite
gpt-5.4,3.0,hf.co/unsloth/Qwen3-4B-GGUF:Q4_K_M,100,75,9.33401,100,100,0,0,9.33401,0.0933401,0.12445346666666665,finite
gpt-5.4,3.0,internlm2:1.8b,100,17,3.08931,100,100,0,0,3.08931,0.030893099999999996,0.1817241176470588,finite
gpt-5.4,3.0,llama3.2:1b,100,11,2.69072,100,100,0,0,2.69072,0.0269072,0.24461090909090907,finite
gpt-5.4,3.0,llama3.2:1b-instruct-q4_K_M,100,11,2.26048,100,100,0,0,2.26048,0.022604799999999998,0.2054981818181818,finite
gpt-5.4,3.0,llama3.2:1b-instruct-q8_0,100,12,2.64465,100,100,0,0,2.64465,0.026446499999999998,0.2203875,finite
gpt-5.4,3.0,llama3.2:3b,100,55,5.39273,100,100,0,0,5.39273,0.053927300000000004,0.09804963636363637,finite
gpt-5.4,3.0,llama3.2:3b-instruct-q4_K_M,100,46,5.38582,100,100,0,0,5.38582,0.053858199999999995,0.11708304347826086,finite
gpt-5.4,3.0,llama3.2:3b-instruct-q8_0,100,50,8.03945,100,100,0,0,8.03945,0.08039450000000001,0.16078900000000002,finite
gpt-5.4,3.0,ministral-3:3b,100,56,10.71552,100,100,0,0,10.71552,0.10715519999999999,0.19134857142857142,finite
gpt-5.4,3.0,nemotron-mini:4b,100,19,6.78951,100,100,0,0,6.78951,0.0678951,0.35734263157894736,finite
gpt-5.4,3.0,nemotron-mini:4b-instruct-q4_K_M,100,20,6.77532,100,100,0,0,6.77532,0.0677532,0.338766,finite
gpt-5.4,3.0,nemotron-mini:4b-instruct-q8_0,100,25,11.05912,100,100,0,0,11.05912,0.1105912,0.4423648,finite
gpt-5.4,3.0,opencoder:1.5b,100,15,7.43624,100,100,0,0,7.43624,0.0743624,0.4957493333333333,finite
gpt-5.4,3.0,phi3.5:3.8b,100,52,14.90855,100,100,0,0,14.90855,0.1490855,0.2867028846153846,finite
gpt-5.4,3.0,phi3.5:3.8b-mini-instruct-q8_0,100,51,21.85186,100,100,0,0,21.85186,0.21851859999999998,0.4284678431372549,finite
gpt-5.4,3.0,phi3:3.8b,100,44,10.96987,100,100,0,0,10.96987,0.1096987,0.24931522727272729,finite
gpt-5.4,3.0,phi3:3.8b-mini-128k-instruct-q8_0,100,44,12.32013,100,100,0,0,12.32013,0.12320130000000001,0.28000295454545454,finite
gpt-5.4,3.0,phi3:mini,100,43,10.88284,100,100,0,0,10.88284,0.10882839999999999,0.2530893023255814,finite
gpt-5.4,3.0,phi3:mini-128k,100,43,10.89084,100,100,0,0,10.89084,0.1089084,0.2532753488372093,finite
gpt-5.4,3.0,phi3:mini-4k,100,44,15.37809,100,100,0,0,15.37809,0.1537809,0.34950204545454544,finite
gpt-5.4,3.0,phi4-mini,100,48,9.58175,100,100,0,0,9.58175,0.0958175,0.19961979166666666,finite
gpt-5.4,3.0,phi4-mini-reasoning,100,49,28.28102,100,100,0,0,28.28102,0.2828102,0.5771636734693878,finite
gpt-5.4,3.0,qwen2-math:1.5b,100,4,7.45381,100,100,0,0,7.45381,0.0745381,1.8634525,finite
gpt-5.4,3.0,qwen2.5-coder:0.5b,100,15,2.50646,100,100,0,0,2.50646,0.025064600000000003,0.16709733333333335,finite
gpt-5.4,3.0,qwen2.5-coder:1.5b,100,31,5.25429,100,100,0,0,5.25429,0.052542900000000003,0.16949322580645163,finite
gpt-5.4,3.0,qwen2.5-coder:1.5b-instruct-q8_0,100,22,7.42927,100,100,0,0,7.42927,0.0742927,0.3376940909090909,finite
gpt-5.4,3.0,qwen2.5-coder:3b,100,45,9.4148,100,100,0,0,9.4148,0.094148,0.20921777777777778,finite
gpt-5.4,3.0,qwen2.5-coder:3b-instruct-q4_K_M,100,53,9.29719,100,100,0,0,9.29719,0.09297190000000001,0.17541867924528304,finite
gpt-5.4,3.0,qwen2.5-coder:3b-instruct-q8_0,100,56,15.58029,100,100,0,0,15.58029,0.1558029,0.27821946428571426,finite
gpt-5.4,3.0,qwen2.5:0.5b,100,3,3.24637,100,100,0,0,3.24637,0.032463700000000005,1.0821233333333333,finite
gpt-5.4,3.0,qwen2.5:0.5b-instruct-q4_K_M,100,3,3.19782,100,100,0,0,3.19782,0.0319782,1.06594,finite
gpt-5.4,3.0,qwen2.5:0.5b-instruct-q8_0,100,4,3.4305,100,100,0,0,3.4305,0.034305,0.857625,finite
gpt-5.4,3.0,qwen2.5:1.5b,100,22,5.34948,100,100,0,0,5.34948,0.053494799999999995,0.2431581818181818,finite
gpt-5.4,3.0,qwen2.5:1.5b-instruct-q4_K_M,100,26,5.33147,100,100,0,0,5.33147,0.053314700000000007,0.20505653846153848,finite
gpt-5.4,3.0,qwen2.5:1.5b-instruct-q8_0,100,29,7.77736,100,100,0,0,7.77736,0.0777736,0.2681848275862069,finite
gpt-5.4,3.0,qwen2.5:3b,100,51,10.87773,100,100,0,0,10.87773,0.1087773,0.21328882352941175,finite
gpt-5.4,3.0,qwen2.5:3b-instruct-q4_K_M,100,52,10.5835,100,100,0,0,10.5835,0.10583500000000001,0.20352884615384617,finite
gpt-5.4,3.0,qwen2.5:3b-instruct-q8_0,100,51,17.27231,100,100,0,0,17.27231,0.17272310000000002,0.33867274509803924,finite
gpt-5.4,3.0,qwen2:0.5b-instruct-q8_0,100,8,1.92741,100,100,0,0,1.92741,0.019274100000000002,0.24092625,finite
gpt-5.4,3.0,qwen2:1.5b,100,14,2.68809,100,100,0,0,2.68809,0.0268809,0.19200642857142855,finite
gpt-5.4,3.0,qwen2:1.5b-instruct-q8_0,100,22,4.40244,100,100,0,0,4.40244,0.044024400000000005,0.20011090909090912,finite
gpt-5.4,3.0,qwen3.5:2b,100,39,10.2946,100,100,0,0,10.2946,0.10294600000000001,0.2639641025641026,finite
gpt-5.4,3.0,qwen3:0.6b,100,25,1.53814,100,100,0,0,1.53814,0.0153814,0.0615256,finite
gpt-5.4,3.0,qwen3:0.6b-fp16,100,31,2.82127,100,100,0,0,2.82127,0.0282127,0.09100870967741936,finite
gpt-5.4,3.0,qwen3:0.6b-q8_0,100,37,1.88819,100,100,0,0,1.88819,0.0188819,0.051032162162162165,finite
gpt-5.4,3.0,qwen3:1.7b,100,60,3.65625,100,100,0,0,3.65625,0.0365625,0.0609375,finite
gpt-5.4,3.0,qwen3:1.7b-fp16,100,61,8.11854,100,100,0,0,8.11854,0.08118539999999999,0.13309081967213113,finite
gpt-5.4,3.0,qwen3:1.7b-q8_0,100,53,5.33985,100,100,0,0,5.33985,0.0533985,0.10075188679245284,finite
gpt-5.4,3.0,qwen3:4b,100,57,25.70734,100,100,0,0,25.70734,0.2570734,0.4510059649122807,finite
gpt-5.4,3.0,qwen3:4b-instruct-2507-q4_K_M,100,77,10.89977,100,100,0,0,10.89977,0.1089977,0.14155545454545454,finite
gpt-5.4,3.0,qwen3:4b-instruct-2507-q8_0,100,82,16.05071,100,100,0,0,16.05071,0.16050709999999999,0.19574036585365853,finite
gpt-5.4,3.0,qwen3:4b-q8_0,100,81,13.89434,100,100,0,0,13.89434,0.1389434,0.17153506172839506,finite
gpt-5.4,3.0,qwen3:4b-thinking-2507-q4_K_M,100,55,25.873540000000002,100,100,0,0,25.873540000000002,0.2587354,0.470428,finite
gpt-5.4,3.0,qwen3:4b-thinking-2507-q8_0,100,61,38.2666,100,100,0,0,38.2666,0.38266599999999995,0.6273213114754098,finite
gpt-5.4,3.0,sailor2:1b,100,3,5.6499,100,100,0,0,5.6499,0.056498999999999994,1.8833,finite
gpt-5.4,3.0,smallthinker:3b-preview-q4_K_M,100,52,18.30502,100,100,0,0,18.30502,0.1830502,0.35201961538461535,finite
gpt-5.4,3.0,smollm2:1.7b,100,29,5.15045,100,100,0,0,5.15045,0.0515045,0.17760172413793104,finite
gpt-5.4,3.0,smollm2:1.7b-instruct-q8_0,100,30,5.19418,100,100,0,0,5.19418,0.0519418,0.17313933333333334,finite
gpt-5.4,3.0,smollm2:135m,100,2,1.19867,100,100,0,0,1.19867,0.0119867,0.599335,finite
gpt-5.4,3.0,smollm2:135m-instruct-q8_0,100,3,0.8140000000000001,100,100,0,0,0.8140000000000001,0.008140000000000001,0.27133333333333337,finite
gpt-5.4,3.0,smollm2:360m,100,10,1.73387,100,100,0,0,1.73387,0.0173387,0.173387,finite
gpt-5.4,3.0,smollm2:360m-instruct-q8_0,100,6,1.23222,100,100,0,0,1.23222,0.0123222,0.20537000000000002,finite
gpt-5.4,3.0,smollm:1.7b,100,6,7.49611,100,100,0,0,7.49611,0.0749611,1.2493516666666666,finite
gpt-5.4,3.0,smollm:360m,100,1,2.58516,100,100,0,0,2.58516,0.025851600000000002,2.58516,finite
gpt-5.4,3.0,stablelm2:1.6b,100,6,5.7245800000000004,100,100,0,0,5.7245800000000004,0.057245800000000006,0.9540966666666667,finite
gpt-5.4,3.0,stablelm2:1.6b-chat,100,7,5.7273700000000005,100,100,0,0,5.7273700000000005,0.057273700000000004,0.8181957142857144,finite
gpt-5.4,3.0,stablelm2:1.6b-zephyr,100,10,4.46021,100,100,0,0,4.46021,0.0446021,0.446021,finite
gpt-5.4,3.0,starcoder2:3b,100,0,13.84306,100,100,0,0,13.84306,0.1384306,inf,zero_success
gpt-5.4,3.0,starcoder2:3b-q6_K,100,3,18.15079,100,100,0,0,18.15079,0.1815079,6.0502633333333335,finite
gpt-5.4,3.0,starcoder2:3b-q8_0,100,1,20.77656,100,100,0,0,20.77656,0.2077656,20.77656,finite
gpt-5.4,3.0,tinyllama:1.1b,100,8,3.73769,100,100,0,0,3.73769,0.037376900000000005,0.46721125,finite
gpt-5.4,3.0,tinyllama:1.1b-chat-v1-q8_0,100,12,6.0696,100,100,0,0,6.0696,0.060696,0.5058,finite
gpt-5.4,3.0,yi-coder:1.5b,100,19,5.3132,100,100,0,0,5.3132,0.053132,0.2796421052631579,finite
gpt-5.4,3.5,codegemma:2b,100,0,10.2505,100,100,0,0,10.2505,0.10250500000000001,inf,zero_success
gpt-5.4,3.5,codegemma:2b-code-q6_K,100,1,5.31285,100,100,0,0,5.31285,0.0531285,5.31285,finite
gpt-5.4,3.5,cogito:3b,100,11,4.65268,100,100,0,0,4.65268,0.0465268,0.4229709090909091,finite
gpt-5.4,3.5,cogito:3b-v1-preview-llama-q8_0,100,11,7.01172,100,100,0,0,7.01172,0.0701172,0.637429090909091,finite
gpt-5.4,3.5,deepseek-coder:1.3b,100,0,6.54276,100,100,0,0,6.54276,0.0654276,inf,zero_success
gpt-5.4,3.5,deepseek-coder:1.3b-instruct-q8_0,100,1,9.7566,100,100,0,0,9.7566,0.097566,9.7566,finite
gpt-5.4,3.5,falcon3:1b,100,1,9.95422,100,100,0,0,9.95422,0.0995422,9.95422,finite
gpt-5.4,3.5,falcon3:1b-instruct-q8_0,100,1,9.96065,100,100,0,0,9.96065,0.09960649999999999,9.96065,finite
gpt-5.4,3.5,falcon3:3b,100,3,5.86016,100,100,0,0,5.86016,0.0586016,1.9533866666666666,finite
gpt-5.4,3.5,falcon3:3b-instruct-q4_K_M,100,2,5.80189,100,100,0,0,5.80189,0.058018900000000005,2.900945,finite
gpt-5.4,3.5,falcon3:3b-instruct-q8_0,100,13,9.73247,100,100,0,0,9.73247,0.09732469999999999,0.7486515384615384,finite
gpt-5.4,3.5,gemma2:2b,100,9,6.47362,100,100,0,0,6.47362,0.06473620000000001,0.7192911111111111,finite
gpt-5.4,3.5,gemma2:2b-instruct-q4_K_M,100,9,6.00019,100,100,0,0,6.00019,0.0600019,0.6666877777777778,finite
gpt-5.4,3.5,gemma2:2b-instruct-q8_0,100,9,8.59835,100,100,0,0,8.59835,0.0859835,0.9553722222222222,finite
gpt-5.4,3.5,gemma3:1b,100,3,2.30552,100,100,0,0,2.30552,0.0230552,0.7685066666666667,finite
gpt-5.4,3.5,gemma3:1b-it-q8_0,100,4,2.39066,100,100,0,0,2.39066,0.0239066,0.597665,finite
gpt-5.4,3.5,gemma3:1b-it-qat,100,6,2.05762,100,100,0,0,2.05762,0.0205762,0.34293666666666667,finite
gpt-5.4,3.5,gemma3:270m,100,0,0.52651,100,100,0,0,0.52651,0.0052651,inf,zero_success
gpt-5.4,3.5,gemma3:270m-it-qat,100,0,0.77235,100,100,0,0,0.77235,0.0077234999999999995,inf,zero_success
gpt-5.4,3.5,gemma3:4b,100,24,6.41429,100,100,0,0,6.41429,0.0641429,0.26726208333333334,finite
gpt-5.4,3.5,gemma3:4b-it-q4_K_M,100,22,6.4258,100,100,0,0,6.4258,0.064258,0.29208181818181816,finite
gpt-5.4,3.5,gemma3:4b-it-q8_0,100,20,8.65949,100,100,0,0,8.65949,0.0865949,0.4329745,finite
gpt-5.4,3.5,gemma3:4b-it-qat,100,23,7.70239,100,100,0,0,7.70239,0.0770239,0.33488652173913047,finite
gpt-5.4,3.5,gemma3n:e2b,100,19,6.48302,100,100,0,0,6.48302,0.0648302,0.3412115789473684,finite
gpt-5.4,3.5,gemma4:e2b-it-qat,100,33,5.04522,100,100,0,0,5.04522,0.050452199999999996,0.15288545454545455,finite
gpt-5.4,3.5,gemma:2b,100,1,4.85105,100,100,0,0,4.85105,0.0485105,4.85105,finite
gpt-5.4,3.5,gemma:2b-instruct-q4_K_M,100,2,4.42981,100,100,0,0,4.42981,0.0442981,2.214905,finite
gpt-5.4,3.5,gemma:2b-instruct-q8_0,100,1,6.08542,100,100,0,0,6.08542,0.0608542,6.08542,finite
gpt-5.4,3.5,granite3.1-dense:2b,100,16,8.31672,100,100,0,0,8.31672,0.0831672,0.519795,finite
gpt-5.4,3.5,granite3.1-dense:2b-instruct-q8_0,100,15,11.41953,100,100,0,0,11.41953,0.1141953,0.761302,finite
gpt-5.4,3.5,granite3.1-moe:3b,100,2,3.34147,100,100,0,0,3.34147,0.0334147,1.670735,finite
gpt-5.4,3.5,granite3.2:2b,100,13,12.16954,100,100,0,0,12.16954,0.1216954,0.9361184615384615,finite
gpt-5.4,3.5,granite3.2:2b-instruct-q4_K_M,100,14,12.21751,100,100,0,0,12.21751,0.12217510000000001,0.8726792857142858,finite
gpt-5.4,3.5,granite3.3:2b,100,10,7.69426,100,100,0,0,7.69426,0.0769426,0.7694259999999999,finite
gpt-5.4,3.5,granite4.1:3b,100,28,7.4758,100,100,0,0,7.4758,0.07475799999999999,0.26699285714285714,finite
gpt-5.4,3.5,granite4:1b-h,100,10,2.84356,100,100,0,0,2.84356,0.028435600000000002,0.284356,finite
gpt-5.4,3.5,granite4:350m,100,1,1.29306,100,100,0,0,1.29306,0.0129306,1.29306,finite
gpt-5.4,3.5,granite4:350m-bf16,100,1,1.27121,100,100,0,0,1.27121,0.012712099999999999,1.27121,finite
gpt-5.4,3.5,granite4:350m-h,100,0,0.80541,100,100,0,0,0.80541,0.0080541,inf,zero_success
gpt-5.4,3.5,granite4:micro,100,18,7.98973,100,100,0,0,7.98973,0.0798973,0.4438738888888889,finite
gpt-5.4,3.5,granite4:micro-h,100,29,6.51603,100,100,0,0,6.51603,0.0651603,0.22469068965517242,finite
gpt-5.4,3.5,hf.co/LiquidAI/LFM2-1.2B-GGUF:Q4_K_M,100,2,1.86997,100,100,0,0,1.86997,0.0186997,0.934985,finite
gpt-5.4,3.5,hf.co/LiquidAI/LFM2-1.2B-GGUF:Q8_0,100,3,3.0554,100,100,0,0,3.0554,0.030554,1.0184666666666666,finite
gpt-5.4,3.5,hf.co/LiquidAI/LFM2-350M-GGUF:Q4_K_M,100,0,1.12774,100,100,0,0,1.12774,0.0112774,inf,zero_success
gpt-5.4,3.5,hf.co/LiquidAI/LFM2-700M-GGUF:Q4_K_M,100,0,2.20955,100,100,0,0,2.20955,0.0220955,inf,zero_success
gpt-5.4,3.5,hf.co/NousResearch/Hermes-3-Llama-3.2-3B-GGUF:Q4_K_M,100,3,7.69492,100,100,0,0,7.69492,0.0769492,2.564973333333333,finite
gpt-5.4,3.5,hf.co/NousResearch/Hermes-3-Llama-3.2-3B-GGUF:Q8_0,100,7,9.917910000000001,100,100,0,0,9.917910000000001,0.0991791,1.4168442857142858,finite
gpt-5.4,3.5,hf.co/Qwen/Qwen2.5-1.5B-Instruct-GGUF:Q4_K_M,100,7,3.84287,100,100,0,0,3.84287,0.0384287,0.5489814285714286,finite
gpt-5.4,3.5,hf.co/Qwen/Qwen2.5-3B-Instruct-GGUF:Q4_K_M,100,11,9.58863,100,100,0,0,9.58863,0.09588630000000001,0.8716936363636364,finite
gpt-5.4,3.5,hf.co/Qwen/Qwen3-4B-GGUF:Q4_K_M,100,23,25.71047,100,100,0,0,25.71047,0.2571047,1.1178465217391305,finite
gpt-5.4,3.5,hf.co/allenai/OLMo-2-0425-1B-Instruct-GGUF:Q4_K_M,100,1,6.18127,100,100,0,0,6.18127,0.0618127,6.18127,finite
gpt-5.4,3.5,hf.co/bartowski/Llama-3.2-3B-Instruct-GGUF:IQ4_XS,100,11,6.516,100,100,0,0,6.516,0.06516,0.5923636363636363,finite
gpt-5.4,3.5,hf.co/bartowski/Llama-3.2-3B-Instruct-GGUF:Q3_K_L,100,4,6.62014,100,100,0,0,6.62014,0.06620140000000001,1.655035,finite
gpt-5.4,3.5,hf.co/bartowski/Llama-3.2-3B-Instruct-GGUF:Q5_K_M,100,14,7.42849,100,100,0,0,7.42849,0.0742849,0.5306064285714286,finite
gpt-5.4,3.5,hf.co/bartowski/Llama-3.2-3B-Instruct-GGUF:Q6_K,100,13,7.34838,100,100,0,0,7.34838,0.0734838,0.56526,finite
gpt-5.4,3.5,hf.co/ggml-org/SmolLM3-3B-GGUF:Q4_K_M,100,8,11.0296,100,100,0,0,11.0296,0.110296,1.3787,finite
gpt-5.4,3.5,hf.co/ggml-org/SmolLM3-3B-GGUF:Q8_0,100,8,13.82926,100,100,0,0,13.82926,0.1382926,1.7286575,finite
gpt-5.4,3.5,hf.co/openbmb/MiniCPM3-4B-GGUF:Q4_K_M,100,9,7.84251,100,100,0,0,7.84251,0.0784251,0.87139,finite
gpt-5.4,3.5,hf.co/tiiuae/Falcon-H1-0.5B-Instruct-GGUF:Q4_K_M,100,2,3.42942,100,100,0,0,3.42942,0.0342942,1.71471,finite
gpt-5.4,3.5,hf.co/tiiuae/Falcon-H1-1.5B-Deep-Instruct-GGUF:IQ4_XS,100,10,10.53772,100,100,0,0,10.53772,0.1053772,1.053772,finite
gpt-5.4,3.5,hf.co/tiiuae/Falcon-H1-1.5B-Deep-Instruct-GGUF:Q4_K_M,100,7,9.33283,100,100,0,0,9.33283,0.09332829999999999,1.3332614285714286,finite
gpt-5.4,3.5,hf.co/tiiuae/Falcon-H1-3B-Instruct-GGUF:Q4_K_M,100,22,12.48902,100,100,0,0,12.48902,0.1248902,0.5676827272727273,finite
gpt-5.4,3.5,hf.co/unsloth/Llama-3.2-1B-Instruct-GGUF:Q4_K_M,100,2,1.80221,100,100,0,0,1.80221,0.0180221,0.901105,finite
gpt-5.4,3.5,hf.co/unsloth/Phi-4-mini-instruct-GGUF:Q4_K_M,100,12,10.4409,100,100,0,0,10.4409,0.10440899999999999,0.8700749999999999,finite
gpt-5.4,3.5,hf.co/unsloth/Qwen3-4B-GGUF:Q4_K_M,100,47,9.33401,100,100,0,0,9.33401,0.0933401,0.1985959574468085,finite
gpt-5.4,3.5,internlm2:1.8b,100,1,3.08931,100,100,0,0,3.08931,0.030893099999999996,3.08931,finite
gpt-5.4,3.5,llama3.2:1b,100,2,2.69072,100,100,0,0,2.69072,0.0269072,1.34536,finite
gpt-5.4,3.5,llama3.2:1b-instruct-q4_K_M,100,1,2.26048,100,100,0,0,2.26048,0.022604799999999998,2.26048,finite
gpt-5.4,3.5,llama3.2:1b-instruct-q8_0,100,2,2.64465,100,100,0,0,2.64465,0.026446499999999998,1.322325,finite
gpt-5.4,3.5,llama3.2:3b,100,12,5.39273,100,100,0,0,5.39273,0.053927300000000004,0.4493941666666667,finite
gpt-5.4,3.5,llama3.2:3b-instruct-q4_K_M,100,10,5.38582,100,100,0,0,5.38582,0.053858199999999995,0.538582,finite
gpt-5.4,3.5,llama3.2:3b-instruct-q8_0,100,16,8.03945,100,100,0,0,8.03945,0.08039450000000001,0.502465625,finite
gpt-5.4,3.5,ministral-3:3b,100,22,10.71552,100,100,0,0,10.71552,0.10715519999999999,0.4870690909090909,finite
gpt-5.4,3.5,nemotron-mini:4b,100,1,6.78951,100,100,0,0,6.78951,0.0678951,6.78951,finite
gpt-5.4,3.5,nemotron-mini:4b-instruct-q4_K_M,100,1,6.77532,100,100,0,0,6.77532,0.0677532,6.77532,finite
gpt-5.4,3.5,nemotron-mini:4b-instruct-q8_0,100,4,11.05912,100,100,0,0,11.05912,0.1105912,2.76478,finite
gpt-5.4,3.5,opencoder:1.5b,100,1,7.43624,100,100,0,0,7.43624,0.0743624,7.43624,finite
gpt-5.4,3.5,phi3.5:3.8b,100,14,14.90855,100,100,0,0,14.90855,0.1490855,1.0648964285714286,finite
gpt-5.4,3.5,phi3.5:3.8b-mini-instruct-q8_0,100,13,21.85186,100,100,0,0,21.85186,0.21851859999999998,1.6809123076923076,finite
gpt-5.4,3.5,phi3:3.8b,100,9,10.96987,100,100,0,0,10.96987,0.1096987,1.2188744444444444,finite
gpt-5.4,3.5,phi3:3.8b-mini-128k-instruct-q8_0,100,13,12.32013,100,100,0,0,12.32013,0.12320130000000001,0.9477023076923078,finite
gpt-5.4,3.5,phi3:mini,100,12,10.88284,100,100,0,0,10.88284,0.10882839999999999,0.9069033333333333,finite
gpt-5.4,3.5,phi3:mini-128k,100,9,10.89084,100,100,0,0,10.89084,0.1089084,1.2100933333333335,finite
gpt-5.4,3.5,phi3:mini-4k,100,12,15.37809,100,100,0,0,15.37809,0.1537809,1.2815075,finite
gpt-5.4,3.5,phi4-mini,100,14,9.58175,100,100,0,0,9.58175,0.0958175,0.6844107142857142,finite
gpt-5.4,3.5,phi4-mini-reasoning,100,10,28.28102,100,100,0,0,28.28102,0.2828102,2.8281020000000003,finite
gpt-5.4,3.5,qwen2-math:1.5b,100,0,7.45381,100,100,0,0,7.45381,0.0745381,inf,zero_success
gpt-5.4,3.5,qwen2.5-coder:0.5b,100,1,2.50646,100,100,0,0,2.50646,0.025064600000000003,2.50646,finite
gpt-5.4,3.5,qwen2.5-coder:1.5b,100,6,5.25429,100,100,0,0,5.25429,0.052542900000000003,0.875715,finite
gpt-5.4,3.5,qwen2.5-coder:1.5b-instruct-q8_0,100,6,7.42927,100,100,0,0,7.42927,0.0742927,1.2382116666666667,finite
gpt-5.4,3.5,qwen2.5-coder:3b,100,13,9.4148,100,100,0,0,9.4148,0.094148,0.7242153846153846,finite
gpt-5.4,3.5,qwen2.5-coder:3b-instruct-q4_K_M,100,14,9.29719,100,100,0,0,9.29719,0.09297190000000001,0.664085,finite
gpt-5.4,3.5,qwen2.5-coder:3b-instruct-q8_0,100,16,15.58029,100,100,0,0,15.58029,0.1558029,0.973768125,finite
gpt-5.4,3.5,qwen2.5:0.5b,100,0,3.24637,100,100,0,0,3.24637,0.032463700000000005,inf,zero_success
gpt-5.4,3.5,qwen2.5:0.5b-instruct-q4_K_M,100,0,3.19782,100,100,0,0,3.19782,0.0319782,inf,zero_success
gpt-5.4,3.5,qwen2.5:0.5b-instruct-q8_0,100,0,3.4305,100,100,0,0,3.4305,0.034305,inf,zero_success
gpt-5.4,3.5,qwen2.5:1.5b,100,2,5.34948,100,100,0,0,5.34948,0.053494799999999995,2.67474,finite
gpt-5.4,3.5,qwen2.5:1.5b-instruct-q4_K_M,100,2,5.33147,100,100,0,0,5.33147,0.053314700000000007,2.665735,finite
gpt-5.4,3.5,qwen2.5:1.5b-instruct-q8_0,100,4,7.77736,100,100,0,0,7.77736,0.0777736,1.94434,finite
gpt-5.4,3.5,qwen2.5:3b,100,15,10.87773,100,100,0,0,10.87773,0.1087773,0.725182,finite
gpt-5.4,3.5,qwen2.5:3b-instruct-q4_K_M,100,16,10.5835,100,100,0,0,10.5835,0.10583500000000001,0.66146875,finite
gpt-5.4,3.5,qwen2.5:3b-instruct-q8_0,100,15,17.27231,100,100,0,0,17.27231,0.17272310000000002,1.1514873333333333,finite
gpt-5.4,3.5,qwen2:0.5b-instruct-q8_0,100,0,1.92741,100,100,0,0,1.92741,0.019274100000000002,inf,zero_success
gpt-5.4,3.5,qwen2:1.5b,100,1,2.68809,100,100,0,0,2.68809,0.0268809,2.68809,finite
gpt-5.4,3.5,qwen2:1.5b-instruct-q8_0,100,2,4.40244,100,100,0,0,4.40244,0.044024400000000005,2.20122,finite
gpt-5.4,3.5,qwen3.5:2b,100,7,10.2946,100,100,0,0,10.2946,0.10294600000000001,1.4706571428571429,finite
gpt-5.4,3.5,qwen3:0.6b,100,3,1.53814,100,100,0,0,1.53814,0.0153814,0.5127133333333334,finite
gpt-5.4,3.5,qwen3:0.6b-fp16,100,3,2.82127,100,100,0,0,2.82127,0.0282127,0.9404233333333334,finite
gpt-5.4,3.5,qwen3:0.6b-q8_0,100,4,1.88819,100,100,0,0,1.88819,0.0188819,0.4720475,finite
gpt-5.4,3.5,qwen3:1.7b,100,16,3.65625,100,100,0,0,3.65625,0.0365625,0.228515625,finite
gpt-5.4,3.5,qwen3:1.7b-fp16,100,17,8.11854,100,100,0,0,8.11854,0.08118539999999999,0.4775611764705882,finite
gpt-5.4,3.5,qwen3:1.7b-q8_0,100,21,5.33985,100,100,0,0,5.33985,0.0533985,0.25427857142857146,finite
gpt-5.4,3.5,qwen3:4b,100,9,25.70734,100,100,0,0,25.70734,0.2570734,2.8563711111111107,finite
gpt-5.4,3.5,qwen3:4b-instruct-2507-q4_K_M,100,42,10.89977,100,100,0,0,10.89977,0.1089977,0.25951833333333335,finite
gpt-5.4,3.5,qwen3:4b-instruct-2507-q8_0,100,51,16.05071,100,100,0,0,16.05071,0.16050709999999999,0.3147198039215686,finite
gpt-5.4,3.5,qwen3:4b-q8_0,100,41,13.89434,100,100,0,0,13.89434,0.1389434,0.3388863414634146,finite
gpt-5.4,3.5,qwen3:4b-thinking-2507-q4_K_M,100,8,25.873540000000002,100,100,0,0,25.873540000000002,0.2587354,3.2341925000000002,finite
gpt-5.4,3.5,qwen3:4b-thinking-2507-q8_0,100,8,38.2666,100,100,0,0,38.2666,0.38266599999999995,4.783325,finite
gpt-5.4,3.5,sailor2:1b,100,0,5.6499,100,100,0,0,5.6499,0.056498999999999994,inf,zero_success
gpt-5.4,3.5,smallthinker:3b-preview-q4_K_M,100,10,18.30502,100,100,0,0,18.30502,0.1830502,1.8305019999999999,finite
gpt-5.4,3.5,smollm2:1.7b,100,0,5.15045,100,100,0,0,5.15045,0.0515045,inf,zero_success
gpt-5.4,3.5,smollm2:1.7b-instruct-q8_0,100,0,5.19418,100,100,0,0,5.19418,0.0519418,inf,zero_success
gpt-5.4,3.5,smollm2:135m,100,0,1.19867,100,100,0,0,1.19867,0.0119867,inf,zero_success
gpt-5.4,3.5,smollm2:135m-instruct-q8_0,100,0,0.8140000000000001,100,100,0,0,0.8140000000000001,0.008140000000000001,inf,zero_success
gpt-5.4,3.5,smollm2:360m,100,2,1.73387,100,100,0,0,1.73387,0.0173387,0.866935,finite
gpt-5.4,3.5,smollm2:360m-instruct-q8_0,100,2,1.23222,100,100,0,0,1.23222,0.0123222,0.61611,finite
gpt-5.4,3.5,smollm:1.7b,100,0,7.49611,100,100,0,0,7.49611,0.0749611,inf,zero_success
gpt-5.4,3.5,smollm:360m,100,0,2.58516,100,100,0,0,2.58516,0.025851600000000002,inf,zero_success
gpt-5.4,3.5,stablelm2:1.6b,100,0,5.7245800000000004,100,100,0,0,5.7245800000000004,0.057245800000000006,inf,zero_success
gpt-5.4,3.5,stablelm2:1.6b-chat,100,1,5.7273700000000005,100,100,0,0,5.7273700000000005,0.057273700000000004,5.7273700000000005,finite
gpt-5.4,3.5,stablelm2:1.6b-zephyr,100,1,4.46021,100,100,0,0,4.46021,0.0446021,4.46021,finite
gpt-5.4,3.5,starcoder2:3b,100,0,13.84306,100,100,0,0,13.84306,0.1384306,inf,zero_success
gpt-5.4,3.5,starcoder2:3b-q6_K,100,0,18.15079,100,100,0,0,18.15079,0.1815079,inf,zero_success
gpt-5.4,3.5,starcoder2:3b-q8_0,100,0,20.77656,100,100,0,0,20.77656,0.2077656,inf,zero_success
gpt-5.4,3.5,tinyllama:1.1b,100,1,3.73769,100,100,0,0,3.73769,0.037376900000000005,3.73769,finite
gpt-5.4,3.5,tinyllama:1.1b-chat-v1-q8_0,100,0,6.0696,100,100,0,0,6.0696,0.060696,inf,zero_success
gpt-5.4,3.5,yi-coder:1.5b,100,1,5.3132,100,100,0,0,5.3132,0.053132,5.3132,finite
gpt-5.4,4.0,codegemma:2b,100,0,10.2505,100,100,0,0,10.2505,0.10250500000000001,inf,zero_success
gpt-5.4,4.0,codegemma:2b-code-q6_K,100,1,5.31285,100,100,0,0,5.31285,0.0531285,5.31285,finite
gpt-5.4,4.0,cogito:3b,100,11,4.65268,100,100,0,0,4.65268,0.0465268,0.4229709090909091,finite
gpt-5.4,4.0,cogito:3b-v1-preview-llama-q8_0,100,11,7.01172,100,100,0,0,7.01172,0.0701172,0.637429090909091,finite
gpt-5.4,4.0,deepseek-coder:1.3b,100,0,6.54276,100,100,0,0,6.54276,0.0654276,inf,zero_success
gpt-5.4,4.0,deepseek-coder:1.3b-instruct-q8_0,100,1,9.7566,100,100,0,0,9.7566,0.097566,9.7566,finite
gpt-5.4,4.0,falcon3:1b,100,1,9.95422,100,100,0,0,9.95422,0.0995422,9.95422,finite
gpt-5.4,4.0,falcon3:1b-instruct-q8_0,100,1,9.96065,100,100,0,0,9.96065,0.09960649999999999,9.96065,finite
gpt-5.4,4.0,falcon3:3b,100,3,5.86016,100,100,0,0,5.86016,0.0586016,1.9533866666666666,finite
gpt-5.4,4.0,falcon3:3b-instruct-q4_K_M,100,2,5.80189,100,100,0,0,5.80189,0.058018900000000005,2.900945,finite
gpt-5.4,4.0,falcon3:3b-instruct-q8_0,100,13,9.73247,100,100,0,0,9.73247,0.09732469999999999,0.7486515384615384,finite
gpt-5.4,4.0,gemma2:2b,100,9,6.47362,100,100,0,0,6.47362,0.06473620000000001,0.7192911111111111,finite
gpt-5.4,4.0,gemma2:2b-instruct-q4_K_M,100,9,6.00019,100,100,0,0,6.00019,0.0600019,0.6666877777777778,finite
gpt-5.4,4.0,gemma2:2b-instruct-q8_0,100,9,8.59835,100,100,0,0,8.59835,0.0859835,0.9553722222222222,finite
gpt-5.4,4.0,gemma3:1b,100,3,2.30552,100,100,0,0,2.30552,0.0230552,0.7685066666666667,finite
gpt-5.4,4.0,gemma3:1b-it-q8_0,100,4,2.39066,100,100,0,0,2.39066,0.0239066,0.597665,finite
gpt-5.4,4.0,gemma3:1b-it-qat,100,6,2.05762,100,100,0,0,2.05762,0.0205762,0.34293666666666667,finite
gpt-5.4,4.0,gemma3:270m,100,0,0.52651,100,100,0,0,0.52651,0.0052651,inf,zero_success
gpt-5.4,4.0,gemma3:270m-it-qat,100,0,0.77235,100,100,0,0,0.77235,0.0077234999999999995,inf,zero_success
gpt-5.4,4.0,gemma3:4b,100,24,6.41429,100,100,0,0,6.41429,0.0641429,0.26726208333333334,finite
gpt-5.4,4.0,gemma3:4b-it-q4_K_M,100,22,6.4258,100,100,0,0,6.4258,0.064258,0.29208181818181816,finite
gpt-5.4,4.0,gemma3:4b-it-q8_0,100,20,8.65949,100,100,0,0,8.65949,0.0865949,0.4329745,finite
gpt-5.4,4.0,gemma3:4b-it-qat,100,23,7.70239,100,100,0,0,7.70239,0.0770239,0.33488652173913047,finite
gpt-5.4,4.0,gemma3n:e2b,100,19,6.48302,100,100,0,0,6.48302,0.0648302,0.3412115789473684,finite
gpt-5.4,4.0,gemma4:e2b-it-qat,100,33,5.04522,100,100,0,0,5.04522,0.050452199999999996,0.15288545454545455,finite
gpt-5.4,4.0,gemma:2b,100,1,4.85105,100,100,0,0,4.85105,0.0485105,4.85105,finite
gpt-5.4,4.0,gemma:2b-instruct-q4_K_M,100,2,4.42981,100,100,0,0,4.42981,0.0442981,2.214905,finite
gpt-5.4,4.0,gemma:2b-instruct-q8_0,100,1,6.08542,100,100,0,0,6.08542,0.0608542,6.08542,finite
gpt-5.4,4.0,granite3.1-dense:2b,100,16,8.31672,100,100,0,0,8.31672,0.0831672,0.519795,finite
gpt-5.4,4.0,granite3.1-dense:2b-instruct-q8_0,100,15,11.41953,100,100,0,0,11.41953,0.1141953,0.761302,finite
gpt-5.4,4.0,granite3.1-moe:3b,100,2,3.34147,100,100,0,0,3.34147,0.0334147,1.670735,finite
gpt-5.4,4.0,granite3.2:2b,100,13,12.16954,100,100,0,0,12.16954,0.1216954,0.9361184615384615,finite
gpt-5.4,4.0,granite3.2:2b-instruct-q4_K_M,100,14,12.21751,100,100,0,0,12.21751,0.12217510000000001,0.8726792857142858,finite
gpt-5.4,4.0,granite3.3:2b,100,10,7.69426,100,100,0,0,7.69426,0.0769426,0.7694259999999999,finite
gpt-5.4,4.0,granite4.1:3b,100,28,7.4758,100,100,0,0,7.4758,0.07475799999999999,0.26699285714285714,finite
gpt-5.4,4.0,granite4:1b-h,100,10,2.84356,100,100,0,0,2.84356,0.028435600000000002,0.284356,finite
gpt-5.4,4.0,granite4:350m,100,1,1.29306,100,100,0,0,1.29306,0.0129306,1.29306,finite
gpt-5.4,4.0,granite4:350m-bf16,100,1,1.27121,100,100,0,0,1.27121,0.012712099999999999,1.27121,finite
gpt-5.4,4.0,granite4:350m-h,100,0,0.80541,100,100,0,0,0.80541,0.0080541,inf,zero_success
gpt-5.4,4.0,granite4:micro,100,18,7.98973,100,100,0,0,7.98973,0.0798973,0.4438738888888889,finite
gpt-5.4,4.0,granite4:micro-h,100,29,6.51603,100,100,0,0,6.51603,0.0651603,0.22469068965517242,finite
gpt-5.4,4.0,hf.co/LiquidAI/LFM2-1.2B-GGUF:Q4_K_M,100,2,1.86997,100,100,0,0,1.86997,0.0186997,0.934985,finite
gpt-5.4,4.0,hf.co/LiquidAI/LFM2-1.2B-GGUF:Q8_0,100,3,3.0554,100,100,0,0,3.0554,0.030554,1.0184666666666666,finite
gpt-5.4,4.0,hf.co/LiquidAI/LFM2-350M-GGUF:Q4_K_M,100,0,1.12774,100,100,0,0,1.12774,0.0112774,inf,zero_success
gpt-5.4,4.0,hf.co/LiquidAI/LFM2-700M-GGUF:Q4_K_M,100,0,2.20955,100,100,0,0,2.20955,0.0220955,inf,zero_success
gpt-5.4,4.0,hf.co/NousResearch/Hermes-3-Llama-3.2-3B-GGUF:Q4_K_M,100,3,7.69492,100,100,0,0,7.69492,0.0769492,2.564973333333333,finite
gpt-5.4,4.0,hf.co/NousResearch/Hermes-3-Llama-3.2-3B-GGUF:Q8_0,100,7,9.917910000000001,100,100,0,0,9.917910000000001,0.0991791,1.4168442857142858,finite
gpt-5.4,4.0,hf.co/Qwen/Qwen2.5-1.5B-Instruct-GGUF:Q4_K_M,100,7,3.84287,100,100,0,0,3.84287,0.0384287,0.5489814285714286,finite
gpt-5.4,4.0,hf.co/Qwen/Qwen2.5-3B-Instruct-GGUF:Q4_K_M,100,11,9.58863,100,100,0,0,9.58863,0.09588630000000001,0.8716936363636364,finite
gpt-5.4,4.0,hf.co/Qwen/Qwen3-4B-GGUF:Q4_K_M,100,23,25.71047,100,100,0,0,25.71047,0.2571047,1.1178465217391305,finite
gpt-5.4,4.0,hf.co/allenai/OLMo-2-0425-1B-Instruct-GGUF:Q4_K_M,100,1,6.18127,100,100,0,0,6.18127,0.0618127,6.18127,finite
gpt-5.4,4.0,hf.co/bartowski/Llama-3.2-3B-Instruct-GGUF:IQ4_XS,100,11,6.516,100,100,0,0,6.516,0.06516,0.5923636363636363,finite
gpt-5.4,4.0,hf.co/bartowski/Llama-3.2-3B-Instruct-GGUF:Q3_K_L,100,4,6.62014,100,100,0,0,6.62014,0.06620140000000001,1.655035,finite
gpt-5.4,4.0,hf.co/bartowski/Llama-3.2-3B-Instruct-GGUF:Q5_K_M,100,14,7.42849,100,100,0,0,7.42849,0.0742849,0.5306064285714286,finite
gpt-5.4,4.0,hf.co/bartowski/Llama-3.2-3B-Instruct-GGUF:Q6_K,100,13,7.34838,100,100,0,0,7.34838,0.0734838,0.56526,finite
gpt-5.4,4.0,hf.co/ggml-org/SmolLM3-3B-GGUF:Q4_K_M,100,8,11.0296,100,100,0,0,11.0296,0.110296,1.3787,finite
gpt-5.4,4.0,hf.co/ggml-org/SmolLM3-3B-GGUF:Q8_0,100,8,13.82926,100,100,0,0,13.82926,0.1382926,1.7286575,finite
gpt-5.4,4.0,hf.co/openbmb/MiniCPM3-4B-GGUF:Q4_K_M,100,9,7.84251,100,100,0,0,7.84251,0.0784251,0.87139,finite
gpt-5.4,4.0,hf.co/tiiuae/Falcon-H1-0.5B-Instruct-GGUF:Q4_K_M,100,2,3.42942,100,100,0,0,3.42942,0.0342942,1.71471,finite
gpt-5.4,4.0,hf.co/tiiuae/Falcon-H1-1.5B-Deep-Instruct-GGUF:IQ4_XS,100,10,10.53772,100,100,0,0,10.53772,0.1053772,1.053772,finite
gpt-5.4,4.0,hf.co/tiiuae/Falcon-H1-1.5B-Deep-Instruct-GGUF:Q4_K_M,100,7,9.33283,100,100,0,0,9.33283,0.09332829999999999,1.3332614285714286,finite
gpt-5.4,4.0,hf.co/tiiuae/Falcon-H1-3B-Instruct-GGUF:Q4_K_M,100,22,12.48902,100,100,0,0,12.48902,0.1248902,0.5676827272727273,finite
gpt-5.4,4.0,hf.co/unsloth/Llama-3.2-1B-Instruct-GGUF:Q4_K_M,100,2,1.80221,100,100,0,0,1.80221,0.0180221,0.901105,finite
gpt-5.4,4.0,hf.co/unsloth/Phi-4-mini-instruct-GGUF:Q4_K_M,100,12,10.4409,100,100,0,0,10.4409,0.10440899999999999,0.8700749999999999,finite
gpt-5.4,4.0,hf.co/unsloth/Qwen3-4B-GGUF:Q4_K_M,100,47,9.33401,100,100,0,0,9.33401,0.0933401,0.1985959574468085,finite
gpt-5.4,4.0,internlm2:1.8b,100,1,3.08931,100,100,0,0,3.08931,0.030893099999999996,3.08931,finite
gpt-5.4,4.0,llama3.2:1b,100,2,2.69072,100,100,0,0,2.69072,0.0269072,1.34536,finite
gpt-5.4,4.0,llama3.2:1b-instruct-q4_K_M,100,1,2.26048,100,100,0,0,2.26048,0.022604799999999998,2.26048,finite
gpt-5.4,4.0,llama3.2:1b-instruct-q8_0,100,2,2.64465,100,100,0,0,2.64465,0.026446499999999998,1.322325,finite
gpt-5.4,4.0,llama3.2:3b,100,12,5.39273,100,100,0,0,5.39273,0.053927300000000004,0.4493941666666667,finite
gpt-5.4,4.0,llama3.2:3b-instruct-q4_K_M,100,10,5.38582,100,100,0,0,5.38582,0.053858199999999995,0.538582,finite
gpt-5.4,4.0,llama3.2:3b-instruct-q8_0,100,16,8.03945,100,100,0,0,8.03945,0.08039450000000001,0.502465625,finite
gpt-5.4,4.0,ministral-3:3b,100,22,10.71552,100,100,0,0,10.71552,0.10715519999999999,0.4870690909090909,finite
gpt-5.4,4.0,nemotron-mini:4b,100,1,6.78951,100,100,0,0,6.78951,0.0678951,6.78951,finite
gpt-5.4,4.0,nemotron-mini:4b-instruct-q4_K_M,100,1,6.77532,100,100,0,0,6.77532,0.0677532,6.77532,finite
gpt-5.4,4.0,nemotron-mini:4b-instruct-q8_0,100,4,11.05912,100,100,0,0,11.05912,0.1105912,2.76478,finite
gpt-5.4,4.0,opencoder:1.5b,100,1,7.43624,100,100,0,0,7.43624,0.0743624,7.43624,finite
gpt-5.4,4.0,phi3.5:3.8b,100,14,14.90855,100,100,0,0,14.90855,0.1490855,1.0648964285714286,finite
gpt-5.4,4.0,phi3.5:3.8b-mini-instruct-q8_0,100,13,21.85186,100,100,0,0,21.85186,0.21851859999999998,1.6809123076923076,finite
gpt-5.4,4.0,phi3:3.8b,100,9,10.96987,100,100,0,0,10.96987,0.1096987,1.2188744444444444,finite
gpt-5.4,4.0,phi3:3.8b-mini-128k-instruct-q8_0,100,13,12.32013,100,100,0,0,12.32013,0.12320130000000001,0.9477023076923078,finite
gpt-5.4,4.0,phi3:mini,100,12,10.88284,100,100,0,0,10.88284,0.10882839999999999,0.9069033333333333,finite
gpt-5.4,4.0,phi3:mini-128k,100,9,10.89084,100,100,0,0,10.89084,0.1089084,1.2100933333333335,finite
gpt-5.4,4.0,phi3:mini-4k,100,12,15.37809,100,100,0,0,15.37809,0.1537809,1.2815075,finite
gpt-5.4,4.0,phi4-mini,100,14,9.58175,100,100,0,0,9.58175,0.0958175,0.6844107142857142,finite
gpt-5.4,4.0,phi4-mini-reasoning,100,10,28.28102,100,100,0,0,28.28102,0.2828102,2.8281020000000003,finite
gpt-5.4,4.0,qwen2-math:1.5b,100,0,7.45381,100,100,0,0,7.45381,0.0745381,inf,zero_success
gpt-5.4,4.0,qwen2.5-coder:0.5b,100,1,2.50646,100,100,0,0,2.50646,0.025064600000000003,2.50646,finite
gpt-5.4,4.0,qwen2.5-coder:1.5b,100,6,5.25429,100,100,0,0,5.25429,0.052542900000000003,0.875715,finite
gpt-5.4,4.0,qwen2.5-coder:1.5b-instruct-q8_0,100,6,7.42927,100,100,0,0,7.42927,0.0742927,1.2382116666666667,finite
gpt-5.4,4.0,qwen2.5-coder:3b,100,13,9.4148,100,100,0,0,9.4148,0.094148,0.7242153846153846,finite
gpt-5.4,4.0,qwen2.5-coder:3b-instruct-q4_K_M,100,14,9.29719,100,100,0,0,9.29719,0.09297190000000001,0.664085,finite
gpt-5.4,4.0,qwen2.5-coder:3b-instruct-q8_0,100,16,15.58029,100,100,0,0,15.58029,0.1558029,0.973768125,finite
gpt-5.4,4.0,qwen2.5:0.5b,100,0,3.24637,100,100,0,0,3.24637,0.032463700000000005,inf,zero_success
gpt-5.4,4.0,qwen2.5:0.5b-instruct-q4_K_M,100,0,3.19782,100,100,0,0,3.19782,0.0319782,inf,zero_success
gpt-5.4,4.0,qwen2.5:0.5b-instruct-q8_0,100,0,3.4305,100,100,0,0,3.4305,0.034305,inf,zero_success
gpt-5.4,4.0,qwen2.5:1.5b,100,2,5.34948,100,100,0,0,5.34948,0.053494799999999995,2.67474,finite
gpt-5.4,4.0,qwen2.5:1.5b-instruct-q4_K_M,100,2,5.33147,100,100,0,0,5.33147,0.053314700000000007,2.665735,finite
gpt-5.4,4.0,qwen2.5:1.5b-instruct-q8_0,100,4,7.77736,100,100,0,0,7.77736,0.0777736,1.94434,finite
gpt-5.4,4.0,qwen2.5:3b,100,15,10.87773,100,100,0,0,10.87773,0.1087773,0.725182,finite
gpt-5.4,4.0,qwen2.5:3b-instruct-q4_K_M,100,16,10.5835,100,100,0,0,10.5835,0.10583500000000001,0.66146875,finite
gpt-5.4,4.0,qwen2.5:3b-instruct-q8_0,100,15,17.27231,100,100,0,0,17.27231,0.17272310000000002,1.1514873333333333,finite
gpt-5.4,4.0,qwen2:0.5b-instruct-q8_0,100,0,1.92741,100,100,0,0,1.92741,0.019274100000000002,inf,zero_success
gpt-5.4,4.0,qwen2:1.5b,100,1,2.68809,100,100,0,0,2.68809,0.0268809,2.68809,finite
gpt-5.4,4.0,qwen2:1.5b-instruct-q8_0,100,2,4.40244,100,100,0,0,4.40244,0.044024400000000005,2.20122,finite
gpt-5.4,4.0,qwen3.5:2b,100,7,10.2946,100,100,0,0,10.2946,0.10294600000000001,1.4706571428571429,finite
gpt-5.4,4.0,qwen3:0.6b,100,3,1.53814,100,100,0,0,1.53814,0.0153814,0.5127133333333334,finite
gpt-5.4,4.0,qwen3:0.6b-fp16,100,3,2.82127,100,100,0,0,2.82127,0.0282127,0.9404233333333334,finite
gpt-5.4,4.0,qwen3:0.6b-q8_0,100,4,1.88819,100,100,0,0,1.88819,0.0188819,0.4720475,finite
gpt-5.4,4.0,qwen3:1.7b,100,16,3.65625,100,100,0,0,3.65625,0.0365625,0.228515625,finite
gpt-5.4,4.0,qwen3:1.7b-fp16,100,17,8.11854,100,100,0,0,8.11854,0.08118539999999999,0.4775611764705882,finite
gpt-5.4,4.0,qwen3:1.7b-q8_0,100,21,5.33985,100,100,0,0,5.33985,0.0533985,0.25427857142857146,finite
gpt-5.4,4.0,qwen3:4b,100,9,25.70734,100,100,0,0,25.70734,0.2570734,2.8563711111111107,finite
gpt-5.4,4.0,qwen3:4b-instruct-2507-q4_K_M,100,42,10.89977,100,100,0,0,10.89977,0.1089977,0.25951833333333335,finite
gpt-5.4,4.0,qwen3:4b-instruct-2507-q8_0,100,51,16.05071,100,100,0,0,16.05071,0.16050709999999999,0.3147198039215686,finite
gpt-5.4,4.0,qwen3:4b-q8_0,100,41,13.89434,100,100,0,0,13.89434,0.1389434,0.3388863414634146,finite
gpt-5.4,4.0,qwen3:4b-thinking-2507-q4_K_M,100,8,25.873540000000002,100,100,0,0,25.873540000000002,0.2587354,3.2341925000000002,finite
gpt-5.4,4.0,qwen3:4b-thinking-2507-q8_0,100,8,38.2666,100,100,0,0,38.2666,0.38266599999999995,4.783325,finite
gpt-5.4,4.0,sailor2:1b,100,0,5.6499,100,100,0,0,5.6499,0.056498999999999994,inf,zero_success
gpt-5.4,4.0,smallthinker:3b-preview-q4_K_M,100,10,18.30502,100,100,0,0,18.30502,0.1830502,1.8305019999999999,finite
gpt-5.4,4.0,smollm2:1.7b,100,0,5.15045,100,100,0,0,5.15045,0.0515045,inf,zero_success
gpt-5.4,4.0,smollm2:1.7b-instruct-q8_0,100,0,5.19418,100,100,0,0,5.19418,0.0519418,inf,zero_success
gpt-5.4,4.0,smollm2:135m,100,0,1.19867,100,100,0,0,1.19867,0.0119867,inf,zero_success
gpt-5.4,4.0,smollm2:135m-instruct-q8_0,100,0,0.8140000000000001,100,100,0,0,0.8140000000000001,0.008140000000000001,inf,zero_success
gpt-5.4,4.0,smollm2:360m,100,2,1.73387,100,100,0,0,1.73387,0.0173387,0.866935,finite
gpt-5.4,4.0,smollm2:360m-instruct-q8_0,100,2,1.23222,100,100,0,0,1.23222,0.0123222,0.61611,finite
gpt-5.4,4.0,smollm:1.7b,100,0,7.49611,100,100,0,0,7.49611,0.0749611,inf,zero_success
gpt-5.4,4.0,smollm:360m,100,0,2.58516,100,100,0,0,2.58516,0.025851600000000002,inf,zero_success
gpt-5.4,4.0,stablelm2:1.6b,100,0,5.7245800000000004,100,100,0,0,5.7245800000000004,0.057245800000000006,inf,zero_success
gpt-5.4,4.0,stablelm2:1.6b-chat,100,1,5.7273700000000005,100,100,0,0,5.7273700000000005,0.057273700000000004,5.7273700000000005,finite
gpt-5.4,4.0,stablelm2:1.6b-zephyr,100,1,4.46021,100,100,0,0,4.46021,0.0446021,4.46021,finite
gpt-5.4,4.0,starcoder2:3b,100,0,13.84306,100,100,0,0,13.84306,0.1384306,inf,zero_success
gpt-5.4,4.0,starcoder2:3b-q6_K,100,0,18.15079,100,100,0,0,18.15079,0.1815079,inf,zero_success
gpt-5.4,4.0,starcoder2:3b-q8_0,100,0,20.77656,100,100,0,0,20.77656,0.2077656,inf,zero_success
gpt-5.4,4.0,tinyllama:1.1b,100,1,3.73769,100,100,0,0,3.73769,0.037376900000000005,3.73769,finite
gpt-5.4,4.0,tinyllama:1.1b-chat-v1-q8_0,100,0,6.0696,100,100,0,0,6.0696,0.060696,inf,zero_success
gpt-5.4,4.0,yi-coder:1.5b,100,1,5.3132,100,100,0,0,5.3132,0.053132,5.3132,finite
