arm,model,point_quality,point_wh_per_attempt,point_rank,rank_mean,rank_median,rank_q025,rank_q975,point_pareto,pareto_probability,point_top_1_credit,top_1_probability,point_top_5_credit,top_5_probability,point_top_10_credit,top_10_probability,score_source,metric,threshold,assigned_attempts,zero_success,run_param_count,integer_tier,lock_tier,tier_disagrees
consensus/mean,codegemma:2b,1.07,0.10250499999999999,134.0,133.977,134.5,130.0,137.0,False,0.0,0.0,0.0,0.0,0.0,0.0,0.0,consensus,mean_score,,100,False,2506172416,T3,T2,True
consensus/mean,codegemma:2b-code-q6_K,1.235,0.0531285,128.0,124.544125,127.0,106.5,134.0,False,0.0,0.0,0.0,0.0,0.0,0.0,0.0,consensus,mean_score,,100,False,2506172416,T3,T2,True
consensus/mean,cogito:3b,2.365,0.0465268,52.5,48.862,50.0,32.0,62.0,False,0.0435,0.0,0.0,0.0,0.0,0.0,0.0,consensus,mean_score,,100,False,3606752320,T4,T3,True
consensus/mean,cogito:3b-v1-preview-llama-q8_0,2.37,0.0701172,51.0,48.43575,49.0,32.0,61.5,False,0.0,0.0,0.0,0.0,0.0,0.0,0.0,consensus,mean_score,,100,False,3606752320,T4,T3,True
consensus/mean,deepseek-coder:1.3b,1.37,0.0654276,116.0,115.23575,115.0,106.0,123.5,False,0.0,0.0,0.0,0.0,0.0,0.0,0.0,consensus,mean_score,,100,False,1346471936,T2,T2,False
consensus/mean,deepseek-coder:1.3b-instruct-q8_0,1.395,0.097566,112.5,114.07025,113.5,102.0,127.0,False,0.0,0.0,0.0,0.0,0.0,0.0,0.0,consensus,mean_score,,100,False,1346471936,T2,T2,False
consensus/mean,falcon3:1b,1.545,0.09954219999999997,103.0,103.254125,103.5,90.5,114.0,False,0.0,0.0,0.0,0.0,0.0,0.0,0.0,consensus,mean_score,,100,False,1669408768,T2,T2,False
consensus/mean,falcon3:1b-instruct-q8_0,1.54,0.09960649999999997,104.0,103.80425,104.0,91.5,114.51250000000005,False,0.0,0.0,0.0,0.0,0.0,0.0,0.0,consensus,mean_score,,100,False,1669408768,T2,T2,False
consensus/mean,falcon3:3b,1.985,0.0586016,72.0,73.235,72.0,62.5,88.0,False,0.0,0.0,0.0,0.0,0.0,0.0,0.0,consensus,mean_score,,100,False,3227655168,T4,T4,False
consensus/mean,falcon3:3b-instruct-q4_K_M,1.995,0.058018900000000005,70.0,72.422875,71.25,61.0,87.5,False,0.0,0.0,0.0,0.0,0.0,0.0,0.0,consensus,mean_score,,100,False,3227655168,T4,T4,False
consensus/mean,falcon3:3b-instruct-q8_0,2.22,0.09732470000000001,62.5,60.183625,61.0,42.0,75.0,False,0.0,0.0,0.0,0.0,0.0,0.0,0.0,consensus,mean_score,,100,False,3227655168,T4,T4,False
consensus/mean,gemma2:2b,2.385,0.06473620000000001,49.5,46.401375,48.0,23.5,64.0,False,0.0,0.0,0.0,0.0,0.0,0.0,0.00025,consensus,mean_score,,100,False,2614341888,T3,T3,False
consensus/mean,gemma2:2b-instruct-q4_K_M,2.54,0.06000190000000001,28.0,31.497625,31.0,17.0,49.0,False,0.0,0.0,0.0,0.0,0.0,0.0,0.001,consensus,mean_score,,100,False,2614341888,T3,T2,True
consensus/mean,gemma2:2b-instruct-q8_0,2.445,0.0859835,43.0,40.5675,41.0,21.0,59.0,False,0.0,0.0,0.0,0.0,0.0,0.0,0.0,consensus,mean_score,,100,False,2614341888,T3,T3,False
consensus/mean,gemma3:1b,1.855,0.0230552,80.5,80.96475,81.0,69.5,92.0,False,0.02725,0.0,0.0,0.0,0.0,0.0,0.0,consensus,mean_score,,100,False,999885952,T1,T1,False
consensus/mean,gemma3:1b-it-q8_0,1.79,0.023906599999999997,86.5,86.05575,86.0,74.0,99.0,False,0.00225,0.0,0.0,0.0,0.0,0.0,0.0,consensus,mean_score,,100,False,999885952,T1,T1,False
consensus/mean,gemma3:1b-it-qat,1.99,0.020576200000000003,71.0,72.219625,72.0,56.0,88.0,False,0.4885,0.0,0.0,0.0,0.0,0.0,0.0,consensus,mean_score,,100,False,999885952,T1,T1,False
consensus/mean,gemma3:270m,1.28,0.0052651,122.5,122.575,123.0,113.0,130.0,True,0.9925,0.0,0.0,0.0,0.0,0.0,0.0,consensus,mean_score,,100,False,268098176,T1,T1,False
consensus/mean,gemma3:270m-it-qat,1.245,0.007723500000000001,127.0,125.2845,126.0,117.0,130.0,False,0.139,0.0,0.0,0.0,0.0,0.0,0.0,consensus,mean_score,,100,False,268098176,T1,T1,False
consensus/mean,gemma3:4b,2.94,0.0641429,9.0,10.521625,10.0,6.0,18.5,False,0.01175,0.0,0.0,0.0,0.00375,1.0,0.5805,consensus,mean_score,,100,False,4299915632,T5,T5,False
consensus/mean,gemma3:4b-it-q4_K_M,2.88,0.06425800000000001,11.0,13.37,13.0,8.0,22.5,False,0.00025,0.0,0.0,0.0,0.00025,0.0,0.24908333333333332,consensus,mean_score,,100,False,4299915632,T5,T5,False
consensus/mean,gemma3:4b-it-q8_0,2.78,0.08659489999999997,18.0,19.127375,17.0,9.0,45.0,False,0.0,0.0,0.0,0.0,0.0,0.0,0.08664583333333332,consensus,mean_score,,100,False,4299915632,T5,T5,False
consensus/mean,gemma3:4b-it-qat,2.715,0.07702389999999999,21.0,22.81875,20.0,10.0,49.0,False,0.0,0.0,0.0,0.0,0.0,0.0,0.0363125,consensus,mean_score,,100,False,4300079472,T5,T5,False
consensus/mean,gemma3n:e2b,2.835,0.0648302,14.0,15.65475,14.0,7.0,34.0,False,0.0,0.0,0.0,0.0,0.00025,0.0,0.24010416666666665,consensus,mean_score,,100,False,4456156768,T5,T5,False
consensus/mean,gemma4:e2b-it-qat,3.185,0.0504522,5.0,5.407625,5.0,3.0,9.0,True,0.99425,0.0,0.000625,1.0,0.6683750000000002,1.0,0.993875,consensus,mean_score,,100,False,4628569635,T5,T5,False
consensus/mean,gemma:2b,1.775,0.048510500000000005,88.5,86.81775,87.5,67.98750000000001,105.0,False,0.0,0.0,0.0,0.0,0.0,0.0,0.0,consensus,mean_score,,100,False,2506434560,T3,T3,False
consensus/mean,gemma:2b-instruct-q4_K_M,1.83,0.04429810000000001,85.0,82.887125,84.0,62.0,101.0,False,0.0005,0.0,0.0,0.0,0.0,0.0,0.0,consensus,mean_score,,100,False,2506434560,T3,T2,True
consensus/mean,gemma:2b-instruct-q8_0,1.79,0.06085420000000001,86.5,85.54525,86.0,66.48750000000001,102.0,False,0.0,0.0,0.0,0.0,0.0,0.0,0.0,consensus,mean_score,,100,False,2506434560,T3,T3,False
consensus/mean,granite3.1-dense:2b,2.46,0.08316719999999998,40.0,39.704,39.0,22.0,58.5,False,0.0,0.0,0.0,0.0,0.0,0.0,0.0,consensus,mean_score,,100,False,2533531648,T3,T3,False
consensus/mean,granite3.1-dense:2b-instruct-q8_0,2.59,0.1141953,26.0,27.85525,27.0,15.487500000000004,43.5,False,0.0,0.0,0.0,0.0,0.0,0.0,0.001625,consensus,mean_score,,100,False,2533531648,T3,T3,False
consensus/mean,granite3.1-moe:3b,1.875,0.0334147,77.0,79.948125,79.5,68.0,96.0,False,0.006,0.0,0.0,0.0,0.0,0.0,0.0,consensus,mean_score,,100,False,3298793472,T4,T4,False
consensus/mean,granite3.2:2b,2.52,0.1216954,31.0,34.115375,33.0,18.0,53.5,False,0.0,0.0,0.0,0.0,0.0,0.0,0.0,consensus,mean_score,,100,False,2533531648,T3,T3,False
consensus/mean,granite3.2:2b-instruct-q4_K_M,2.535,0.1221751,29.0,32.45425,31.5,16.5,51.5,False,0.0,0.0,0.0,0.0,0.0,0.0,0.0,consensus,mean_score,,100,False,2533531648,T3,T3,False
consensus/mean,granite3.3:2b,2.475,0.0769426,37.0,38.77475,38.0,23.0,57.5,False,0.0,0.0,0.0,0.0,0.0,0.0,0.0,consensus,mean_score,,100,False,2533539840,T3,T3,False
consensus/mean,granite4.1:3b,2.98,0.074758,8.0,9.710875,9.0,5.0,18.0,False,0.08775,0.0,0.0,0.0,0.07454166666666667,1.0,0.6486458333333333,consensus,mean_score,,100,False,3402836480,T4,T3,True
consensus/mean,granite4:1b-h,2.235,0.028435600000000005,61.0,58.34825,60.0,36.0,72.0,True,0.818,0.0,0.0,0.0,0.0,0.0,0.0,consensus,mean_score,,100,False,1461538368,T2,T2,False
consensus/mean,granite4:350m,1.525,0.012930599999999999,107.0,104.12975,105.0,91.5,113.0,False,0.23475,0.0,0.0,0.0,0.0,0.0,0.0,consensus,mean_score,,100,False,352379904,T1,T1,False
consensus/mean,granite4:350m-bf16,1.51,0.012712099999999999,108.0,105.443125,106.0,94.5,113.5,False,0.258,0.0,0.0,0.0,0.0,0.0,0.0,consensus,mean_score,,100,False,352379904,T1,T1,False
consensus/mean,granite4:350m-h,1.59,0.0080541,100.0,100.030875,100.0,86.0,113.5,True,0.992,0.0,0.0,0.0,0.0,0.0,0.0,consensus,mean_score,,100,False,340332224,T1,T1,False
consensus/mean,granite4:micro,2.72,0.0798973,20.0,20.423,20.0,12.0,31.0,False,0.0,0.0,0.0,0.0,0.0,0.0,0.007208333333333333,consensus,mean_score,,100,False,3402836480,T4,T4,False
consensus/mean,granite4:micro-h,3.015,0.0651603,7.0,8.26675,8.0,5.0,14.0,False,0.1165,0.0,0.0,0.0,0.07416666666666667,1.0,0.8234166666666668,consensus,mean_score,,100,False,3191396096,T4,T4,False
consensus/mean,hf.co/LiquidAI/LFM2-1.2B-GGUF:Q4_K_M,1.86,0.0186997,78.5,80.7865,80.0,70.0,93.51250000000005,True,0.4315,0.0,0.0,0.0,0.0,0.0,0.0,consensus,mean_score,,100,False,1170340608,T2,T2,False
consensus/mean,hf.co/LiquidAI/LFM2-1.2B-GGUF:Q8_0,1.95,0.030554,75.0,74.753,74.0,66.5,86.0,False,0.06925,0.0,0.0,0.0,0.0,0.0,0.0,consensus,mean_score,,100,False,1170340608,T2,T2,False
consensus/mean,hf.co/LiquidAI/LFM2-350M-GGUF:Q4_K_M,1.325,0.011277400000000002,119.5,118.9725,119.0,111.0,127.5,False,0.00275,0.0,0.0,0.0,0.0,0.0,0.0,consensus,mean_score,,100,False,354483968,T1,T1,False
consensus/mean,hf.co/LiquidAI/LFM2-700M-GGUF:Q4_K_M,1.395,0.0220955,112.5,113.151625,113.0,103.0,122.5,False,0.0,0.0,0.0,0.0,0.0,0.0,0.0,consensus,mean_score,,100,False,742489344,T1,T1,False
consensus/mean,hf.co/NousResearch/Hermes-3-Llama-3.2-3B-GGUF:Q4_K_M,2.11,0.0769492,66.5,65.61425,67.0,52.0,74.5,False,0.0,0.0,0.0,0.0,0.0,0.0,0.0,consensus,mean_score,,100,False,3212749888,T4,T3,True
consensus/mean,hf.co/NousResearch/Hermes-3-Llama-3.2-3B-GGUF:Q8_0,2.22,0.0991791,62.5,60.234625,61.0,47.0,70.0,False,0.0,0.0,0.0,0.0,0.0,0.0,0.0,consensus,mean_score,,100,False,3212749888,T4,T3,True
consensus/mean,hf.co/Qwen/Qwen2.5-1.5B-Instruct-GGUF:Q4_K_M,2.075,0.038428699999999996,68.0,67.2155,69.0,42.5,81.0,False,0.048,0.0,0.0,0.0,0.0,0.0,0.0,consensus,mean_score,,100,False,1777088000,T2,T2,False
consensus/mean,hf.co/Qwen/Qwen2.5-3B-Instruct-GGUF:Q4_K_M,2.65,0.09588630000000001,24.0,24.901125,24.0,15.5,40.512500000000045,False,0.0,0.0,0.0,0.0,0.0,0.0,0.00025,consensus,mean_score,,100,False,3397103616,T4,T4,False
consensus/mean,hf.co/Qwen/Qwen3-4B-GGUF:Q4_K_M,2.875,0.2571047,12.0,13.382,13.0,7.0,23.0,False,0.0,0.0,0.0,0.0,0.002625,0.0,0.32160416666666675,consensus,mean_score,,100,False,4022468096,T5,T5,False
consensus/mean,hf.co/allenai/OLMo-2-0425-1B-Instruct-GGUF:Q4_K_M,1.695,0.061812700000000005,92.0,92.633125,92.5,84.0,102.0,False,0.0,0.0,0.0,0.0,0.0,0.0,0.0,consensus,mean_score,,100,False,1484916736,T2,T1,True
consensus/mean,hf.co/bartowski/Llama-3.2-3B-Instruct-GGUF:IQ4_XS,2.385,0.06516,49.5,47.2675,48.0,32.5,60.012500000000045,False,0.0,0.0,0.0,0.0,0.0,0.0,0.0,consensus,mean_score,,100,False,3212749888,T4,T3,True
consensus/mean,hf.co/bartowski/Llama-3.2-3B-Instruct-GGUF:Q3_K_L,2.25,0.06620140000000001,59.0,58.356,58.5,46.5,68.0,False,0.0,0.0,0.0,0.0,0.0,0.0,0.0,consensus,mean_score,,100,False,3212749888,T4,T3,True
consensus/mean,hf.co/bartowski/Llama-3.2-3B-Instruct-GGUF:Q5_K_M,2.52,0.07428490000000001,31.0,33.137875,33.0,22.0,45.0,False,0.0,0.0,0.0,0.0,0.0,0.0,0.0,consensus,mean_score,,100,False,3212749888,T4,T3,True
consensus/mean,hf.co/bartowski/Llama-3.2-3B-Instruct-GGUF:Q6_K,2.42,0.0734838,46.0,44.108875,44.0,35.0,54.0,False,0.0,0.0,0.0,0.0,0.0,0.0,0.0,consensus,mean_score,,100,False,3212749888,T4,T3,True
consensus/mean,hf.co/ggml-org/SmolLM3-3B-GGUF:Q4_K_M,2.245,0.110296,60.0,58.0145,59.0,41.0,68.0,False,0.0,0.0,0.0,0.0,0.0,0.0,0.0,consensus,mean_score,,100,False,3075098624,T4,T3,True
consensus/mean,hf.co/ggml-org/SmolLM3-3B-GGUF:Q8_0,2.295,0.13829260000000002,56.0,54.328,56.0,36.0,67.0,False,0.0,0.0,0.0,0.0,0.0,0.0,0.0,consensus,mean_score,,100,False,3075098624,T4,T3,True
consensus/mean,hf.co/openbmb/MiniCPM3-4B-GGUF:Q4_K_M,2.315,0.0784251,55.0,53.749625,54.5,38.0,65.0,False,0.0,0.0,0.0,0.0,0.0,0.0,0.0,consensus,mean_score,,100,False,4073876000,T5,T4,True
consensus/mean,hf.co/tiiuae/Falcon-H1-0.5B-Instruct-GGUF:Q4_K_M,1.69,0.034294200000000004,93.0,93.085,93.0,79.5,107.0,False,0.0,0.0,0.0,0.0,0.0,0.0,0.0,consensus,mean_score,,100,False,521411104,T1,T1,False
consensus/mean,hf.co/tiiuae/Falcon-H1-1.5B-Deep-Instruct-GGUF:IQ4_XS,2.365,0.1053772,52.5,48.6895,50.0,29.0,64.0,False,0.0,0.0,0.0,0.0,0.0,0.0,0.0,consensus,mean_score,,100,False,1554874768,T2,T2,False
consensus/mean,hf.co/tiiuae/Falcon-H1-1.5B-Deep-Instruct-GGUF:Q4_K_M,2.39,0.09332829999999999,48.0,46.08975,47.0,25.0,62.0,False,0.0,0.0,0.0,0.0,0.0,0.0,0.00025,consensus,mean_score,,100,False,1554874768,T2,T2,False
consensus/mean,hf.co/tiiuae/Falcon-H1-3B-Instruct-GGUF:Q4_K_M,2.915,0.12489019999999998,10.0,11.798625,11.0,6.0,21.0,False,0.0,0.0,0.0,0.0,0.009208333333333334,1.0,0.4505,consensus,mean_score,,100,False,3149392384,T4,T3,True
consensus/mean,hf.co/unsloth/Llama-3.2-1B-Instruct-GGUF:Q4_K_M,1.615,0.0180221,98.0,98.47475,98.5,86.0,109.5,False,0.029,0.0,0.0,0.0,0.0,0.0,0.0,consensus,mean_score,,100,False,1235814432,T2,T2,False
consensus/mean,hf.co/unsloth/Phi-4-mini-instruct-GGUF:Q4_K_M,2.49,0.10440899999999999,35.0,36.38925,36.0,20.0,54.0,False,0.0,0.0,0.0,0.0,0.0,0.0,0.0,consensus,mean_score,,100,False,3836021856,T4,T4,False
consensus/mean,hf.co/unsloth/Qwen3-4B-GGUF:Q4_K_M,3.38,0.09334010000000001,3.0,2.984625,3.0,1.0,5.0,True,0.91875,0.0,0.15820833333333334,1.0,0.9790833333333334,1.0,1.0,consensus,mean_score,,100,False,4022468096,T5,T5,False
consensus/mean,internlm2:1.8b,1.49,0.030893100000000003,109.0,107.331875,107.0,98.0,118.0,False,0.0,0.0,0.0,0.0,0.0,0.0,0.0,consensus,mean_score,,100,False,1889110016,T2,T2,False
consensus/mean,llama3.2:1b,1.645,0.0269072,96.0,95.420375,96.0,84.5,105.5,False,0.0,0.0,0.0,0.0,0.0,0.0,0.0,consensus,mean_score,,100,False,1235814432,T2,T2,False
consensus/mean,llama3.2:1b-instruct-q4_K_M,1.53,0.022604799999999994,106.0,104.473125,104.5,95.0,114.0,False,0.0,0.0,0.0,0.0,0.0,0.0,0.0,consensus,mean_score,,100,False,1235814432,T2,T1,True
consensus/mean,llama3.2:1b-instruct-q8_0,1.625,0.026446500000000005,97.0,97.543,98.0,87.0,108.0,False,0.0,0.0,0.0,0.0,0.0,0.0,0.0,consensus,mean_score,,100,False,1235814432,T2,T2,False
consensus/mean,llama3.2:3b,2.515,0.05392730000000001,33.0,33.590875,33.0,19.487500000000004,50.0,False,0.00125,0.0,0.0,0.0,0.0,0.0,0.0,consensus,mean_score,,100,False,3212749888,T4,T4,False
consensus/mean,llama3.2:3b-instruct-q4_K_M,2.435,0.053858199999999995,44.0,42.07825,42.0,27.0,57.0,False,0.00075,0.0,0.0,0.0,0.0,0.0,0.0,consensus,mean_score,,100,False,3212749888,T4,T3,True
consensus/mean,llama3.2:3b-instruct-q8_0,2.5,0.08039449999999998,34.0,35.813625,36.0,21.0,51.5,False,0.0,0.0,0.0,0.0,0.0,0.0,0.0,consensus,mean_score,,100,False,3212749888,T4,T4,False
consensus/mean,ministral-3:3b,2.81,0.10715520000000002,16.0,16.167875,16.0,9.0,25.0,False,0.0,0.0,0.0,0.0,0.0,0.0,0.0655625,consensus,mean_score,,100,False,3849090048,T4,T4,False
consensus/mean,nemotron-mini:4b,1.66,0.0678951,95.0,95.082,95.0,84.5,105.0,False,0.0,0.0,0.0,0.0,0.0,0.0,0.0,consensus,mean_score,,100,False,4190509056,T5,T5,False
consensus/mean,nemotron-mini:4b-instruct-q4_K_M,1.665,0.06775320000000001,94.0,94.607375,94.0,82.0,106.5,False,0.0,0.0,0.0,0.0,0.0,0.0,0.0,consensus,mean_score,,100,False,4190509056,T5,T5,False
consensus/mean,nemotron-mini:4b-instruct-q8_0,1.745,0.11059119999999999,90.0,89.24225,89.0,80.98750000000001,99.0,False,0.0,0.0,0.0,0.0,0.0,0.0,0.0,consensus,mean_score,,100,False,4190509056,T5,T5,False
consensus/mean,opencoder:1.5b,1.535,0.07436240000000001,105.0,104.058125,104.5,90.48750000000001,117.0,False,0.0,0.0,0.0,0.0,0.0,0.0,0.0,consensus,mean_score,,100,False,1905650880,T2,T2,False
consensus/mean,phi3.5:3.8b,2.395,0.14908549999999998,47.0,46.40675,46.5,29.5,62.512500000000045,False,0.0,0.0,0.0,0.0,0.0,0.0,0.0,consensus,mean_score,,100,False,3821079648,T4,T4,False
consensus/mean,phi3.5:3.8b-mini-instruct-q8_0,2.565,0.2185186,27.0,31.64875,30.0,20.0,50.0,False,0.0,0.0,0.0,0.0,0.0,0.0,0.0,consensus,mean_score,,100,False,3821079648,T4,T4,False
consensus/mean,phi3:3.8b,2.11,0.10969870000000002,66.5,67.060125,67.0,60.0,76.0,False,0.0,0.0,0.0,0.0,0.0,0.0,0.0,consensus,mean_score,,100,False,3821079648,T4,T4,False
consensus/mean,phi3:3.8b-mini-128k-instruct-q8_0,2.33,0.12320129999999999,54.0,51.927625,53.0,34.987500000000004,65.0,False,0.0,0.0,0.0,0.0,0.0,0.0,0.0,consensus,mean_score,,100,False,3821079648,T4,T4,False
consensus/mean,phi3:mini,2.18,0.10882840000000002,64.0,62.517625,63.0,54.0,70.5,False,0.0,0.0,0.0,0.0,0.0,0.0,0.0,consensus,mean_score,,100,False,3821079648,T4,T4,False
consensus/mean,phi3:mini-128k,2.16,0.1089084,65.0,63.746875,64.0,55.0,71.0,False,0.0,0.0,0.0,0.0,0.0,0.0,0.0,consensus,mean_score,,100,False,3821079648,T4,T4,False
consensus/mean,phi3:mini-4k,2.255,0.1537809,58.0,57.618875,58.5,42.0,68.0,False,0.0,0.0,0.0,0.0,0.0,0.0,0.0,consensus,mean_score,,100,False,3821079552,T4,T4,False
consensus/mean,phi4-mini,2.46,0.0958175,40.0,39.62575,39.5,23.0,56.5,False,0.0,0.0,0.0,0.0,0.0,0.0,0.0,consensus,mean_score,,100,False,3836021856,T4,T4,False
consensus/mean,phi4-mini-reasoning,2.46,0.2828102,40.0,39.84675,39.0,19.0,63.0,False,0.0,0.0,0.0,0.0,0.0,0.0,0.0,consensus,mean_score,,100,False,3836021856,T4,T4,False
consensus/mean,qwen2-math:1.5b,1.28,0.0745381,122.5,122.687625,123.0,113.0,130.0,False,0.0,0.0,0.0,0.0,0.0,0.0,0.0,consensus,mean_score,,100,False,1543714304,T2,T2,False
consensus/mean,qwen2.5-coder:0.5b,1.57,0.025064600000000003,102.0,101.2415,102.0,90.0,110.5,False,0.001,0.0,0.0,0.0,0.0,0.0,0.0,consensus,mean_score,,100,False,494032768,T1,T1,False
consensus/mean,qwen2.5-coder:1.5b,1.955,0.05254289999999999,74.0,74.62375,74.0,66.0,85.0,False,0.0,0.0,0.0,0.0,0.0,0.0,0.0,consensus,mean_score,,100,False,1543714304,T2,T2,False
consensus/mean,qwen2.5-coder:1.5b-instruct-q8_0,1.92,0.0742927,76.0,76.33325,76.0,70.0,84.0,False,0.0,0.0,0.0,0.0,0.0,0.0,0.0,consensus,mean_score,,100,False,1543714304,T2,T2,False
consensus/mean,qwen2.5-coder:3b,2.425,0.094148,45.0,43.8365,44.25,26.5,62.0,False,0.0,0.0,0.0,0.0,0.0,0.0,0.0,consensus,mean_score,,100,False,3085938688,T4,T4,False
consensus/mean,qwen2.5-coder:3b-instruct-q4_K_M,2.45,0.09297190000000001,42.0,41.241875,41.0,26.0,59.0,False,0.0,0.0,0.0,0.0,0.0,0.0,0.0,consensus,mean_score,,100,False,3085938688,T4,T4,False
consensus/mean,qwen2.5-coder:3b-instruct-q8_0,2.66,0.15580289999999997,23.0,25.29425,23.0,15.5,44.5,False,0.0,0.0,0.0,0.0,0.0,0.0,0.000625,consensus,mean_score,,100,False,3085938688,T4,T4,False
consensus/mean,qwen2.5:0.5b,1.26,0.0324637,126.0,124.355875,124.5,117.0,130.0,False,0.0,0.0,0.0,0.0,0.0,0.0,0.0,consensus,mean_score,,100,False,494032768,T1,T1,False
consensus/mean,qwen2.5:0.5b-instruct-q4_K_M,1.265,0.0319782,124.5,123.877875,124.0,117.0,129.0,False,0.0,0.0,0.0,0.0,0.0,0.0,0.0,consensus,mean_score,,100,False,494032768,T1,T1,False
consensus/mean,qwen2.5:0.5b-instruct-q8_0,1.325,0.034305,119.5,118.682875,119.0,109.0,126.0,False,0.0,0.0,0.0,0.0,0.0,0.0,0.0,consensus,mean_score,,100,False,494032768,T1,T1,False
consensus/mean,qwen2.5:1.5b,1.845,0.053494799999999995,83.0,81.843875,82.0,73.0,90.5,False,0.0,0.0,0.0,0.0,0.0,0.0,0.0,consensus,mean_score,,100,False,1543714304,T2,T2,False
consensus/mean,qwen2.5:1.5b-instruct-q4_K_M,1.855,0.053314699999999986,80.5,80.876625,81.0,71.5,90.0,False,0.0,0.0,0.0,0.0,0.0,0.0,0.0,consensus,mean_score,,100,False,1543714304,T2,T2,False
consensus/mean,qwen2.5:1.5b-instruct-q8_0,1.96,0.0777736,73.0,73.91525,73.5,66.0,83.5,False,0.0,0.0,0.0,0.0,0.0,0.0,0.0,consensus,mean_score,,100,False,1543714304,T2,T2,False
consensus/mean,qwen2.5:3b,2.485,0.10877729999999998,36.0,37.58025,37.0,24.5,53.0,False,0.0,0.0,0.0,0.0,0.0,0.0,0.0,consensus,mean_score,,100,False,3085938688,T4,T4,False
consensus/mean,qwen2.5:3b-instruct-q4_K_M,2.52,0.10583500000000001,31.0,33.705625,33.0,20.5,50.0,False,0.0,0.0,0.0,0.0,0.0,0.0,0.0,consensus,mean_score,,100,False,3085938688,T4,T4,False
consensus/mean,qwen2.5:3b-instruct-q8_0,2.67,0.17272310000000002,22.0,23.059375,23.0,15.0,35.5,False,0.0,0.0,0.0,0.0,0.0,0.0,0.0005,consensus,mean_score,,100,False,3085938688,T4,T4,False
consensus/mean,qwen2:0.5b-instruct-q8_0,1.34,0.019274100000000002,118.0,117.40525,117.5,109.0,125.01250000000005,False,0.0,0.0,0.0,0.0,0.0,0.0,0.0,consensus,mean_score,,100,False,494032768,T1,T1,False
consensus/mean,qwen2:1.5b,1.595,0.0268809,99.0,99.320125,99.5,89.0,108.0,False,0.0,0.0,0.0,0.0,0.0,0.0,0.0,consensus,mean_score,,100,False,1543714304,T2,T2,False
consensus/mean,qwen2:1.5b-instruct-q8_0,1.705,0.04402440000000001,91.0,91.805875,92.0,81.0,103.0,False,0.0,0.0,0.0,0.0,0.0,0.0,0.0,consensus,mean_score,,100,False,1543714304,T2,T2,False
consensus/mean,qwen3.5:2b,2.28,0.10294600000000001,57.0,55.384875,57.0,34.5,68.0,False,0.0,0.0,0.0,0.0,0.0,0.0,0.0,consensus,mean_score,,100,False,2274069824,T3,T2,True
consensus/mean,qwen3:0.6b,1.775,0.0153814,88.5,86.75375,87.0,75.98750000000001,98.0,True,0.8885,0.0,0.0,0.0,0.0,0.0,0.0,consensus,mean_score,,100,False,751632384,T1,T1,False
consensus/mean,qwen3:0.6b-fp16,1.86,0.0282127,78.5,80.736375,80.5,69.0,95.0,False,0.00225,0.0,0.0,0.0,0.0,0.0,0.0,consensus,mean_score,,100,False,751632384,T1,T1,False
consensus/mean,qwen3:0.6b-q8_0,2.01,0.018881900000000004,69.0,71.329375,71.0,61.0,84.0,True,0.8705,0.0,0.0,0.0,0.0,0.0,0.0,consensus,mean_score,,100,False,751632384,T1,T1,False
consensus/mean,qwen3:1.7b,2.63,0.0365625,25.0,27.27275,25.0,11.0,55.0,True,0.982,0.0,0.0,0.0,0.000125,0.0,0.021166666666666663,consensus,mean_score,,100,False,2031739904,T3,T3,False
consensus/mean,qwen3:1.7b-fp16,2.82,0.08118539999999999,15.0,16.685375,15.0,6.0,41.5,False,0.00475,0.0,0.0,0.0,0.006375,0.0,0.20672916666666663,consensus,mean_score,,100,False,2031739904,T3,T3,False
consensus/mean,qwen3:1.7b-q8_0,2.75,0.053398499999999995,19.0,20.954875,19.0,9.0,47.5,False,0.18525,0.0,0.0,0.0,0.0,0.0,0.053479166666666675,consensus,mean_score,,100,False,2031739904,T3,T3,False
consensus/mean,qwen3:4b,2.8,0.2570734,17.0,17.048,17.0,8.0,31.0,False,0.0,0.0,0.0,0.0,0.0,0.0,0.14687499999999998,consensus,mean_score,,100,False,4022468096,T5,T5,False
consensus/mean,qwen3:4b-instruct-2507-q4_K_M,3.36,0.10899769999999999,4.0,3.318375,3.0,2.0,5.0,False,0.45475,0.0,0.000875,1.0,0.98175,1.0,0.99975,consensus,mean_score,,100,False,4022468096,T5,T5,False
consensus/mean,qwen3:4b-instruct-2507-q8_0,3.59,0.1605071,1.0,1.394875,1.0,1.0,3.5,True,0.76625,1.0,0.7694583333333334,1.0,0.99825,1.0,1.0,consensus,mean_score,,100,False,4022468096,T5,T5,False
consensus/mean,qwen3:4b-q8_0,3.4,0.1389434,2.0,2.664875,3.0,1.0,4.0,True,0.31375,0.0,0.06958333333333333,1.0,1.0,1.0,1.0,consensus,mean_score,,100,False,4022468096,T5,T5,False
consensus/mean,qwen3:4b-thinking-2507-q4_K_M,2.865,0.2587354,13.0,13.858625,13.0,6.0,25.5,False,0.0,0.0,0.0,0.0,0.0045,0.0,0.3206875,consensus,mean_score,,100,False,4022468096,T5,T4,True
consensus/mean,qwen3:4b-thinking-2507-q8_0,3.035,0.38266600000000006,6.0,8.42625,7.0,3.0,17.5,False,0.00125,0.0,0.00125,0.0,0.19675,1.0,0.7432291666666666,consensus,mean_score,,100,False,4022468096,T5,T4,True
consensus/mean,sailor2:1b,1.22,0.05649899999999999,129.0,127.4155,128.0,121.5,131.0,False,0.0,0.0,0.0,0.0,0.0,0.0,0.0,consensus,mean_score,,100,False,988064640,T1,T1,False
consensus/mean,smallthinker:3b-preview-q4_K_M,2.47,0.1830502,38.0,38.369625,38.5,18.5,58.0,False,0.0,0.0,0.0,0.0,0.0,0.0,0.000125,consensus,mean_score,,100,False,3397103616,T4,T3,True
consensus/mean,smollm2:1.7b,1.835,0.05150450000000001,84.0,82.65675,83.0,73.0,92.0,False,0.0,0.0,0.0,0.0,0.0,0.0,0.0,consensus,mean_score,,100,False,1711376384,T2,T2,False
consensus/mean,smollm2:1.7b-instruct-q8_0,1.85,0.051941799999999996,82.0,81.222125,81.0,72.0,91.0,False,0.0,0.0,0.0,0.0,0.0,0.0,0.0,consensus,mean_score,,100,False,1711376384,T2,T2,False
consensus/mean,smollm2:135m,1.095,0.0119867,132.5,132.45275,132.0,130.0,135.0,False,0.0,0.0,0.0,0.0,0.0,0.0,0.0,consensus,mean_score,,100,False,134515008,T1,T1,False
consensus/mean,smollm2:135m-instruct-q8_0,1.095,0.00814,132.5,132.6335,132.5,130.0,135.0,False,0.00025,0.0,0.0,0.0,0.0,0.0,0.0,consensus,mean_score,,100,False,134515008,T1,T1,False
consensus/mean,smollm2:360m,1.345,0.017338700000000002,117.0,117.234,117.0,105.48750000000001,128.0,False,0.0005,0.0,0.0,0.0,0.0,0.0,0.0,consensus,mean_score,,100,False,361821120,T1,T1,False
consensus/mean,smollm2:360m-instruct-q8_0,1.265,0.012322199999999998,124.5,123.913875,124.5,115.0,129.5,False,0.00625,0.0,0.0,0.0,0.0,0.0,0.0,consensus,mean_score,,100,False,361821120,T1,T1,False
consensus/mean,smollm:1.7b,1.215,0.0749611,130.0,126.98125,128.0,118.0,132.0,False,0.0,0.0,0.0,0.0,0.0,0.0,0.0,consensus,mean_score,,100,False,1711376384,T2,T2,False
consensus/mean,smollm:360m,1.065,0.025851599999999995,135.0,134.48125,135.0,130.5,137.0,False,0.0,0.0,0.0,0.0,0.0,0.0,0.0,consensus,mean_score,,100,False,361821120,T1,T1,False
consensus/mean,stablelm2:1.6b,1.385,0.057245799999999986,114.0,114.07725,114.0,108.0,120.5,False,0.0,0.0,0.0,0.0,0.0,0.0,0.0,consensus,mean_score,,100,False,1644515328,T2,T2,False
consensus/mean,stablelm2:1.6b-chat,1.38,0.0572737,115.0,114.581875,114.0,105.98750000000001,124.0,False,0.0,0.0,0.0,0.0,0.0,0.0,0.0,consensus,mean_score,,100,False,1644515328,T2,T2,False
consensus/mean,stablelm2:1.6b-zephyr,1.415,0.0446021,110.0,112.135375,112.0,102.5,122.0,False,0.0,0.0,0.0,0.0,0.0,0.0,0.0,consensus,mean_score,,100,False,1644515328,T2,T2,False
consensus/mean,starcoder2:3b,1.02,0.13843060000000001,137.0,136.676375,137.0,135.5,137.0,False,0.0,0.0,0.0,0.0,0.0,0.0,0.0,consensus,mean_score,,100,False,3030371328,T4,T3,True
consensus/mean,starcoder2:3b-q6_K,1.105,0.1815079,131.0,132.091875,132.0,128.0,135.5,False,0.0,0.0,0.0,0.0,0.0,0.0,0.0,consensus,mean_score,,100,False,3030371328,T4,T3,True
consensus/mean,starcoder2:3b-q8_0,1.055,0.2077656,136.0,134.908875,135.0,132.0,137.0,False,0.0,0.0,0.0,0.0,0.0,0.0,0.0,consensus,mean_score,,100,False,3030371328,T4,T3,True
consensus/mean,tinyllama:1.1b,1.285,0.037376900000000005,121.0,122.2245,123.0,112.0,129.0,False,0.0,0.0,0.0,0.0,0.0,0.0,0.0,consensus,mean_score,,100,False,1100048384,T2,T2,False
consensus/mean,tinyllama:1.1b-chat-v1-q8_0,1.41,0.06069599999999999,111.0,112.087375,112.0,97.5,123.0,False,0.0,0.0,0.0,0.0,0.0,0.0,0.0,consensus,mean_score,,100,False,1100048384,T2,T2,False
consensus/mean,yi-coder:1.5b,1.58,0.05313199999999999,101.0,100.468375,101.5,86.5,111.0,False,0.0,0.0,0.0,0.0,0.0,0.0,0.0,consensus,mean_score,,100,False,1476495360,T2,T2,False
consensus/pass1-ge-2.5,codegemma:2b,0.01,0.10250499999999999,136.0,133.909875,135.0,125.0,136.5,False,0.0,0.0,0.0,0.0,0.0,0.0,0.0,consensus,pass_1,2.5,100,False,2506172416,T3,T2,True
consensus/pass1-ge-2.5,codegemma:2b-code-q6_K,0.08,0.0531285,118.5,117.78175,118.0,101.5,132.0,False,0.0,0.0,0.0,0.0,0.0,0.0,0.0,consensus,pass_1,2.5,100,False,2506172416,T3,T2,True
consensus/pass1-ge-2.5,cogito:3b,0.5,0.0465268,52.5,51.070375,52.5,28.0,65.5,False,0.0465,0.0,0.0,0.0,0.0,0.0,0.0,consensus,pass_1,2.5,100,False,3606752320,T4,T3,True
consensus/pass1-ge-2.5,cogito:3b-v1-preview-llama-q8_0,0.55,0.0701172,42.5,40.416625,40.5,19.0,60.5,False,0.0,0.0,0.0,0.0,0.0,0.0,0.00025,consensus,pass_1,2.5,100,False,3606752320,T4,T3,True
consensus/pass1-ge-2.5,deepseek-coder:1.3b,0.1,0.0654276,113.0,112.963125,113.5,99.5,123.5,False,0.0,0.0,0.0,0.0,0.0,0.0,0.0,consensus,pass_1,2.5,100,False,1346471936,T2,T2,False
consensus/pass1-ge-2.5,deepseek-coder:1.3b-instruct-q8_0,0.08,0.097566,118.5,117.96325,118.0,106.5,128.5,False,0.0,0.0,0.0,0.0,0.0,0.0,0.0,consensus,pass_1,2.5,100,False,1346471936,T2,T2,False
consensus/pass1-ge-2.5,falcon3:1b,0.17,0.09954219999999997,100.5,101.2135,101.5,86.48750000000001,116.5,False,0.0,0.0,0.0,0.0,0.0,0.0,0.0,consensus,pass_1,2.5,100,False,1669408768,T2,T2,False
consensus/pass1-ge-2.5,falcon3:1b-instruct-q8_0,0.17,0.09960649999999997,100.5,101.046,101.0,85.0,116.0,False,0.0,0.0,0.0,0.0,0.0,0.0,0.0,consensus,pass_1,2.5,100,False,1669408768,T2,T2,False
consensus/pass1-ge-2.5,falcon3:3b,0.39,0.0586016,68.0,68.558,68.0,55.5,82.5,False,0.0,0.0,0.0,0.0,0.0,0.0,0.0,consensus,pass_1,2.5,100,False,3227655168,T4,T4,False
consensus/pass1-ge-2.5,falcon3:3b-instruct-q4_K_M,0.39,0.058018900000000005,68.0,68.7005,68.5,56.0,82.5,False,0.0,0.0,0.0,0.0,0.0,0.0,0.0,consensus,pass_1,2.5,100,False,3227655168,T4,T4,False
consensus/pass1-ge-2.5,falcon3:3b-instruct-q8_0,0.45,0.09732470000000001,64.0,60.75525,62.0,43.0,75.5,False,0.0,0.0,0.0,0.0,0.0,0.0,0.0,consensus,pass_1,2.5,100,False,3227655168,T4,T4,False
consensus/pass1-ge-2.5,gemma2:2b,0.53,0.06473620000000001,47.5,44.9905,46.0,18.5,67.5,False,0.0,0.0,0.0,0.0,0.0,0.0,0.0023125,consensus,pass_1,2.5,100,False,2614341888,T3,T3,False
consensus/pass1-ge-2.5,gemma2:2b-instruct-q4_K_M,0.64,0.06000190000000001,21.0,22.2265,21.0,8.0,42.0,False,0.005,0.0,0.0,0.0,0.003958333333333334,0.0,0.0674125,consensus,pass_1,2.5,100,False,2614341888,T3,T2,True
consensus/pass1-ge-2.5,gemma2:2b-instruct-q8_0,0.58,0.0859835,34.0,33.58425,33.0,15.5,56.0,False,0.0,0.0,0.0,0.0,0.0,0.0,0.002691666666666667,consensus,pass_1,2.5,100,False,2614341888,T3,T3,False
consensus/pass1-ge-2.5,gemma3:1b,0.28,0.0230552,81.0,82.474875,82.5,68.0,98.5,False,0.06125,0.0,0.0,0.0,0.0,0.0,0.0,consensus,pass_1,2.5,100,False,999885952,T1,T1,False
consensus/pass1-ge-2.5,gemma3:1b-it-q8_0,0.25,0.023906599999999997,89.5,87.565875,87.5,71.5,106.0,False,0.014,0.0,0.0,0.0,0.0,0.0,0.0,consensus,pass_1,2.5,100,False,999885952,T1,T1,False
consensus/pass1-ge-2.5,gemma3:1b-it-qat,0.32,0.020576200000000003,75.0,76.338375,76.0,59.0,94.5,False,0.32675,0.0,0.0,0.0,0.0,0.0,0.0,consensus,pass_1,2.5,100,False,999885952,T1,T1,False
consensus/pass1-ge-2.5,gemma3:270m,0.13,0.0052651,109.0,108.283125,108.0,93.0,125.0,True,0.9935,0.0,0.0,0.0,0.0,0.0,0.0,consensus,pass_1,2.5,100,False,268098176,T1,T1,False
consensus/pass1-ge-2.5,gemma3:270m-it-qat,0.09,0.007723500000000001,115.0,116.251375,116.0,105.5,128.0,False,0.11575,0.0,0.0,0.0,0.0,0.0,0.0,consensus,pass_1,2.5,100,False,268098176,T1,T1,False
consensus/pass1-ge-2.5,gemma3:4b,0.72,0.0641429,11.5,12.090875,11.5,6.0,22.012500000000045,False,0.00075,0.0,0.00020833333333333332,0.0,0.015887500000000002,0.0,0.40140833333333314,consensus,pass_1,2.5,100,False,4299915632,T5,T5,False
consensus/pass1-ge-2.5,gemma3:4b-it-q4_K_M,0.71,0.06425800000000001,13.5,13.4825,12.5,7.0,26.0,False,0.0,0.0,8.333333333333333e-05,0.0,0.003958333333333334,0.0,0.27980833333333344,consensus,pass_1,2.5,100,False,4299915632,T5,T5,False
consensus/pass1-ge-2.5,gemma3:4b-it-q8_0,0.65,0.08659489999999997,18.5,22.50375,19.5,9.5,50.0,False,0.0,0.0,0.0,0.0,0.0004916666666666666,0.0,0.0461875,consensus,pass_1,2.5,100,False,4299915632,T5,T5,False
consensus/pass1-ge-2.5,gemma3:4b-it-qat,0.59,0.07702389999999999,28.5,33.251625,31.0,15.5,58.5,False,0.0,0.0,0.0,0.0,0.00025,0.0,0.0012375,consensus,pass_1,2.5,100,False,4300079472,T5,T5,False
consensus/pass1-ge-2.5,gemma3n:e2b,0.69,0.0648302,15.0,16.346375,14.5,6.0,37.5,False,0.00925,0.0,0.0,0.0,0.0157875,0.0,0.22824583333333343,consensus,pass_1,2.5,100,False,4456156768,T5,T5,False
consensus/pass1-ge-2.5,gemma4:e2b-it-qat,0.83,0.0504522,4.0,3.933375,4.0,1.0,7.5,True,0.99,0.0,0.14918749999999997,1.0,0.8173708333333335,1.0,0.998,consensus,pass_1,2.5,100,False,4628569635,T5,T5,False
consensus/pass1-ge-2.5,gemma:2b,0.27,0.048510500000000005,84.0,83.993625,84.0,68.5,101.51250000000005,False,0.0,0.0,0.0,0.0,0.0,0.0,0.0,consensus,pass_1,2.5,100,False,2506434560,T3,T3,False
consensus/pass1-ge-2.5,gemma:2b-instruct-q4_K_M,0.29,0.04429810000000001,79.0,80.9985,81.0,56.987500000000004,102.0,False,0.0025,0.0,0.0,0.0,0.0,0.0,0.0,consensus,pass_1,2.5,100,False,2506434560,T3,T2,True
consensus/pass1-ge-2.5,gemma:2b-instruct-q8_0,0.26,0.06085420000000001,87.0,85.55,86.0,68.5,102.0,False,0.0,0.0,0.0,0.0,0.0,0.0,0.0,consensus,pass_1,2.5,100,False,2506434560,T3,T3,False
consensus/pass1-ge-2.5,granite3.1-dense:2b,0.53,0.08316719999999998,47.5,45.67825,46.0,27.5,64.0,False,0.0,0.0,0.0,0.0,0.0,0.0,0.0,consensus,pass_1,2.5,100,False,2533531648,T3,T3,False
consensus/pass1-ge-2.5,granite3.1-dense:2b-instruct-q8_0,0.61,0.1141953,24.0,27.1585,27.0,14.0,42.0,False,0.0,0.0,0.0,0.0,8.333333333333333e-05,0.0,0.0020666666666666667,consensus,pass_1,2.5,100,False,2533531648,T3,T3,False
consensus/pass1-ge-2.5,granite3.1-moe:3b,0.28,0.0334147,81.0,82.77975,82.0,69.0,100.0,False,0.0045,0.0,0.0,0.0,0.0,0.0,0.0,consensus,pass_1,2.5,100,False,3298793472,T4,T4,False
consensus/pass1-ge-2.5,granite3.2:2b,0.58,0.1216954,34.0,34.03275,33.5,16.0,55.5,False,0.0,0.0,0.0,0.0,0.0,0.0,0.0010333333333333332,consensus,pass_1,2.5,100,False,2533531648,T3,T3,False
consensus/pass1-ge-2.5,granite3.2:2b-instruct-q4_K_M,0.59,0.1221751,28.5,31.707375,30.5,12.5,55.5,False,0.0,0.0,0.0,0.0,0.0007916666666666666,0.0,0.013575000000000002,consensus,pass_1,2.5,100,False,2533531648,T3,T3,False
consensus/pass1-ge-2.5,granite3.3:2b,0.59,0.0769426,28.5,32.080125,30.5,15.5,54.5,False,0.0,0.0,0.0,0.0,0.0,0.0,0.00175,consensus,pass_1,2.5,100,False,2533539840,T3,T3,False
consensus/pass1-ge-2.5,granite4.1:3b,0.73,0.074758,9.0,11.361375,10.5,4.5,22.5,False,0.024,0.0,0.0007916666666666668,0.0,0.05831250000000002,1.0,0.4901083333333331,consensus,pass_1,2.5,100,False,3402836480,T4,T3,True
consensus/pass1-ge-2.5,granite4:1b-h,0.43,0.028435600000000005,66.0,61.935,64.5,33.0,79.5,True,0.62375,0.0,0.0,0.0,0.0,0.0,0.0,consensus,pass_1,2.5,100,False,1461538368,T2,T2,False
consensus/pass1-ge-2.5,granite4:350m,0.17,0.012930599999999999,100.5,100.240125,101.0,84.0,113.0,False,0.04,0.0,0.0,0.0,0.0,0.0,0.0,consensus,pass_1,2.5,100,False,352379904,T1,T1,False
consensus/pass1-ge-2.5,granite4:350m-bf16,0.19,0.012712099999999999,96.5,96.78225,97.0,81.5,110.0,False,0.2585,0.0,0.0,0.0,0.0,0.0,0.0,consensus,pass_1,2.5,100,False,352379904,T1,T1,False
consensus/pass1-ge-2.5,granite4:350m-h,0.22,0.0080541,92.5,92.263875,92.5,74.5,109.5,True,0.87775,0.0,0.0,0.0,0.0,0.0,0.0,consensus,pass_1,2.5,100,False,340332224,T1,T1,False
consensus/pass1-ge-2.5,granite4:micro,0.66,0.0798973,16.5,19.418625,18.5,10.5,33.5,False,0.00025,0.0,0.0,0.0,0.0,0.0,0.026254166666666662,consensus,pass_1,2.5,100,False,3402836480,T4,T4,False
consensus/pass1-ge-2.5,granite4:micro-h,0.77,0.0651603,6.0,7.547,7.0,3.0,13.5,False,0.132,0.0,0.003416666666666667,0.0,0.22149166666666673,1.0,0.8663999999999997,consensus,pass_1,2.5,100,False,3191396096,T4,T4,False
consensus/pass1-ge-2.5,hf.co/LiquidAI/LFM2-1.2B-GGUF:Q4_K_M,0.27,0.0186997,84.0,84.296625,84.0,71.0,100.5,True,0.232,0.0,0.0,0.0,0.0,0.0,0.0,consensus,pass_1,2.5,100,False,1170340608,T2,T2,False
consensus/pass1-ge-2.5,hf.co/LiquidAI/LFM2-1.2B-GGUF:Q8_0,0.33,0.030554,73.0,75.475375,75.0,64.5,89.5,False,0.07875,0.0,0.0,0.0,0.0,0.0,0.0,consensus,pass_1,2.5,100,False,1170340608,T2,T2,False
consensus/pass1-ge-2.5,hf.co/LiquidAI/LFM2-350M-GGUF:Q4_K_M,0.05,0.011277400000000002,126.0,124.85225,125.0,114.0,135.5,False,0.0,0.0,0.0,0.0,0.0,0.0,0.0,consensus,pass_1,2.5,100,False,354483968,T1,T1,False
consensus/pass1-ge-2.5,hf.co/LiquidAI/LFM2-700M-GGUF:Q4_K_M,0.08,0.0220955,118.5,117.4605,117.5,104.0,130.0,False,0.0,0.0,0.0,0.0,0.0,0.0,0.0,consensus,pass_1,2.5,100,False,742489344,T1,T1,False
consensus/pass1-ge-2.5,hf.co/NousResearch/Hermes-3-Llama-3.2-3B-GGUF:Q4_K_M,0.39,0.0769492,68.0,67.894,68.5,51.5,81.51250000000005,False,0.0,0.0,0.0,0.0,0.0,0.0,0.0,consensus,pass_1,2.5,100,False,3212749888,T4,T3,True
consensus/pass1-ge-2.5,hf.co/NousResearch/Hermes-3-Llama-3.2-3B-GGUF:Q8_0,0.48,0.0991791,57.0,55.504,57.0,31.487500000000004,70.5,False,0.0,0.0,0.0,0.0,0.0,0.0,0.0,consensus,pass_1,2.5,100,False,3212749888,T4,T3,True
consensus/pass1-ge-2.5,hf.co/Qwen/Qwen2.5-1.5B-Instruct-GGUF:Q4_K_M,0.35,0.038428699999999996,71.0,72.685625,72.5,61.487500000000004,84.5,False,0.0065,0.0,0.0,0.0,0.0,0.0,0.0,consensus,pass_1,2.5,100,False,1777088000,T2,T2,False
consensus/pass1-ge-2.5,hf.co/Qwen/Qwen2.5-3B-Instruct-GGUF:Q4_K_M,0.66,0.09588630000000001,16.5,20.06675,19.0,10.0,35.0,False,0.0,0.0,0.0,0.0,0.0003333333333333333,0.0,0.04148333333333333,consensus,pass_1,2.5,100,False,3397103616,T4,T4,False
consensus/pass1-ge-2.5,hf.co/Qwen/Qwen3-4B-GGUF:Q4_K_M,0.72,0.2571047,11.5,13.02225,12.0,4.0,28.5,False,0.00175,0.0,0.0025416666666666665,0.0,0.0665625,0.0,0.4187916666666666,consensus,pass_1,2.5,100,False,4022468096,T5,T5,False
consensus/pass1-ge-2.5,hf.co/allenai/OLMo-2-0425-1B-Instruct-GGUF:Q4_K_M,0.16,0.061812700000000005,104.0,102.973,103.0,88.48750000000001,118.51250000000005,False,0.0,0.0,0.0,0.0,0.0,0.0,0.0,consensus,pass_1,2.5,100,False,1484916736,T2,T1,True
consensus/pass1-ge-2.5,hf.co/bartowski/Llama-3.2-3B-Instruct-GGUF:IQ4_XS,0.54,0.06516,44.5,43.37925,43.5,27.5,59.5,False,0.0,0.0,0.0,0.0,0.0,0.0,0.0,consensus,pass_1,2.5,100,False,3212749888,T4,T3,True
consensus/pass1-ge-2.5,hf.co/bartowski/Llama-3.2-3B-Instruct-GGUF:Q3_K_L,0.48,0.06620140000000001,57.0,55.526875,57.0,35.0,69.0,False,0.0,0.0,0.0,0.0,0.0,0.0,0.0,consensus,pass_1,2.5,100,False,3212749888,T4,T3,True
consensus/pass1-ge-2.5,hf.co/bartowski/Llama-3.2-3B-Instruct-GGUF:Q5_K_M,0.56,0.07428490000000001,40.0,38.195875,38.5,26.0,49.5,False,0.0,0.0,0.0,0.0,0.0,0.0,0.0,consensus,pass_1,2.5,100,False,3212749888,T4,T3,True
consensus/pass1-ge-2.5,hf.co/bartowski/Llama-3.2-3B-Instruct-GGUF:Q6_K,0.51,0.0734838,51.0,50.47025,50.5,37.0,62.0,False,0.0,0.0,0.0,0.0,0.0,0.0,0.0,consensus,pass_1,2.5,100,False,3212749888,T4,T3,True
consensus/pass1-ge-2.5,hf.co/ggml-org/SmolLM3-3B-GGUF:Q4_K_M,0.48,0.110296,57.0,54.80325,56.5,33.5,67.5,False,0.0,0.0,0.0,0.0,0.0,0.0,0.0,consensus,pass_1,2.5,100,False,3075098624,T4,T3,True
consensus/pass1-ge-2.5,hf.co/ggml-org/SmolLM3-3B-GGUF:Q8_0,0.44,0.13829260000000002,65.0,60.7865,63.0,35.987500000000004,74.51250000000005,False,0.0,0.0,0.0,0.0,0.0,0.0,0.0,consensus,pass_1,2.5,100,False,3075098624,T4,T3,True
consensus/pass1-ge-2.5,hf.co/openbmb/MiniCPM3-4B-GGUF:Q4_K_M,0.49,0.0784251,54.0,54.282375,55.0,36.0,68.5,False,0.0,0.0,0.0,0.0,0.0,0.0,0.0,consensus,pass_1,2.5,100,False,4073876000,T5,T4,True
consensus/pass1-ge-2.5,hf.co/tiiuae/Falcon-H1-0.5B-Instruct-GGUF:Q4_K_M,0.22,0.034294200000000004,92.5,92.607,92.0,77.0,110.5,False,0.0,0.0,0.0,0.0,0.0,0.0,0.0,consensus,pass_1,2.5,100,False,521411104,T1,T1,False
consensus/pass1-ge-2.5,hf.co/tiiuae/Falcon-H1-1.5B-Deep-Instruct-GGUF:IQ4_XS,0.5,0.1053772,52.5,52.1045,52.5,32.5,67.0,False,0.0,0.0,0.0,0.0,0.0,0.0,0.0,consensus,pass_1,2.5,100,False,1554874768,T2,T2,False
consensus/pass1-ge-2.5,hf.co/tiiuae/Falcon-H1-1.5B-Deep-Instruct-GGUF:Q4_K_M,0.56,0.09332829999999999,40.0,38.9965,39.0,19.5,59.5,False,0.0,0.0,0.0,0.0,0.0,0.0,0.00025,consensus,pass_1,2.5,100,False,1554874768,T2,T2,False
consensus/pass1-ge-2.5,hf.co/tiiuae/Falcon-H1-3B-Instruct-GGUF:Q4_K_M,0.73,0.12489019999999998,9.0,11.5495,11.0,5.0,22.0,False,0.0005,0.0,8.333333333333333e-05,0.0,0.04041666666666668,1.0,0.45049583333333293,consensus,pass_1,2.5,100,False,3149392384,T4,T3,True
consensus/pass1-ge-2.5,hf.co/unsloth/Llama-3.2-1B-Instruct-GGUF:Q4_K_M,0.18,0.0180221,98.0,99.310625,99.0,84.0,114.0,False,0.01575,0.0,0.0,0.0,0.0,0.0,0.0,consensus,pass_1,2.5,100,False,1235814432,T2,T2,False
consensus/pass1-ge-2.5,hf.co/unsloth/Phi-4-mini-instruct-GGUF:Q4_K_M,0.59,0.10440899999999999,28.5,31.96125,30.5,15.5,55.5,False,0.0,0.0,0.0,0.0,0.0,0.0,0.0009791666666666666,consensus,pass_1,2.5,100,False,3836021856,T4,T4,False
consensus/pass1-ge-2.5,hf.co/unsloth/Qwen3-4B-GGUF:Q4_K_M,0.83,0.09334010000000001,4.0,4.3515,4.0,1.0,11.0,False,0.4235,0.0,0.16587500000000002,1.0,0.7306583333333334,1.0,0.9657458333333335,consensus,pass_1,2.5,100,False,4022468096,T5,T5,False
consensus/pass1-ge-2.5,internlm2:1.8b,0.17,0.030893100000000003,100.5,100.87175,101.0,88.0,113.0,False,0.0,0.0,0.0,0.0,0.0,0.0,0.0,consensus,pass_1,2.5,100,False,1889110016,T2,T2,False
consensus/pass1-ge-2.5,llama3.2:1b,0.15,0.0269072,106.5,104.984125,104.0,91.5,122.0,False,0.0,0.0,0.0,0.0,0.0,0.0,0.0,consensus,pass_1,2.5,100,False,1235814432,T2,T2,False
consensus/pass1-ge-2.5,llama3.2:1b-instruct-q4_K_M,0.12,0.022604799999999994,110.5,110.0935,110.0,98.48750000000001,122.5,False,0.0,0.0,0.0,0.0,0.0,0.0,0.0,consensus,pass_1,2.5,100,False,1235814432,T2,T1,True
consensus/pass1-ge-2.5,llama3.2:1b-instruct-q8_0,0.15,0.026446500000000005,106.5,105.118875,104.25,92.0,123.0,False,0.0,0.0,0.0,0.0,0.0,0.0,0.0,consensus,pass_1,2.5,100,False,1235814432,T2,T2,False
consensus/pass1-ge-2.5,llama3.2:3b,0.58,0.05392730000000001,34.0,33.46525,33.0,18.0,51.0,False,0.005,0.0,0.0,0.0,0.0,0.0,0.000175,consensus,pass_1,2.5,100,False,3212749888,T4,T4,False
consensus/pass1-ge-2.5,llama3.2:3b-instruct-q4_K_M,0.53,0.053858199999999995,47.5,45.3085,46.0,28.0,60.0,False,0.0015,0.0,0.0,0.0,0.0,0.0,0.0,consensus,pass_1,2.5,100,False,3212749888,T4,T3,True
consensus/pass1-ge-2.5,llama3.2:3b-instruct-q8_0,0.58,0.08039449999999998,34.0,33.89075,33.5,19.0,50.5,False,0.0,0.0,0.0,0.0,0.0,0.0,0.00029166666666666664,consensus,pass_1,2.5,100,False,3212749888,T4,T4,False
consensus/pass1-ge-2.5,ministral-3:3b,0.64,0.10715520000000002,21.0,22.95025,21.5,12.0,41.0,False,0.0,0.0,0.0,0.0,0.0,0.0,0.009024999999999998,consensus,pass_1,2.5,100,False,3849090048,T4,T4,False
consensus/pass1-ge-2.5,nemotron-mini:4b,0.2,0.0678951,94.5,95.76175,96.0,85.5,106.5,False,0.0,0.0,0.0,0.0,0.0,0.0,0.0,consensus,pass_1,2.5,100,False,4190509056,T5,T5,False
consensus/pass1-ge-2.5,nemotron-mini:4b-instruct-q4_K_M,0.2,0.06775320000000001,94.5,95.892,95.5,82.5,109.0,False,0.0,0.0,0.0,0.0,0.0,0.0,0.0,consensus,pass_1,2.5,100,False,4190509056,T5,T5,False
consensus/pass1-ge-2.5,nemotron-mini:4b-instruct-q8_0,0.27,0.11059119999999999,84.0,84.398875,84.5,73.0,97.5,False,0.0,0.0,0.0,0.0,0.0,0.0,0.0,consensus,pass_1,2.5,100,False,4190509056,T5,T5,False
consensus/pass1-ge-2.5,opencoder:1.5b,0.16,0.07436240000000001,104.0,102.531125,103.0,86.5,118.51250000000005,False,0.0,0.0,0.0,0.0,0.0,0.0,0.0,consensus,pass_1,2.5,100,False,1905650880,T2,T2,False
consensus/pass1-ge-2.5,phi3.5:3.8b,0.59,0.14908549999999998,28.5,32.293375,31.0,17.0,53.0,False,0.0,0.0,0.0,0.0,0.0,0.0,0.0005625,consensus,pass_1,2.5,100,False,3821079648,T4,T4,False
consensus/pass1-ge-2.5,phi3.5:3.8b-mini-instruct-q8_0,0.57,0.2185186,37.5,36.73125,36.0,20.0,56.0,False,0.0,0.0,0.0,0.0,0.0,0.0,0.0,consensus,pass_1,2.5,100,False,3821079648,T4,T4,False
consensus/pass1-ge-2.5,phi3:3.8b,0.46,0.10969870000000002,62.5,59.348375,60.5,44.0,70.0,False,0.0,0.0,0.0,0.0,0.0,0.0,0.0,consensus,pass_1,2.5,100,False,3821079648,T4,T4,False
consensus/pass1-ge-2.5,phi3:3.8b-mini-128k-instruct-q8_0,0.48,0.12320129999999999,57.0,55.576375,56.5,37.0,69.5,False,0.0,0.0,0.0,0.0,0.0,0.0,0.0,consensus,pass_1,2.5,100,False,3821079648,T4,T4,False
consensus/pass1-ge-2.5,phi3:mini,0.47,0.10882840000000002,60.5,57.409875,58.0,44.0,67.5,False,0.0,0.0,0.0,0.0,0.0,0.0,0.0,consensus,pass_1,2.5,100,False,3821079648,T4,T4,False
consensus/pass1-ge-2.5,phi3:mini-128k,0.46,0.1089084,62.5,59.523625,60.5,45.5,68.5,False,0.0,0.0,0.0,0.0,0.0,0.0,0.0,consensus,pass_1,2.5,100,False,3821079648,T4,T4,False
consensus/pass1-ge-2.5,phi3:mini-4k,0.47,0.1537809,60.5,57.782,58.5,44.0,67.0,False,0.0,0.0,0.0,0.0,0.0,0.0,0.0,consensus,pass_1,2.5,100,False,3821079552,T4,T4,False
consensus/pass1-ge-2.5,phi4-mini,0.58,0.0958175,34.0,33.786125,33.0,18.0,51.5,False,0.0,0.0,0.0,0.0,0.0,0.0,0.000125,consensus,pass_1,2.5,100,False,3836021856,T4,T4,False
consensus/pass1-ge-2.5,phi4-mini-reasoning,0.52,0.2828102,50.0,46.871,48.0,23.0,67.0,False,0.0,0.0,0.0,0.0,0.0,0.0,0.000375,consensus,pass_1,2.5,100,False,3836021856,T4,T4,False
consensus/pass1-ge-2.5,qwen2-math:1.5b,0.07,0.0745381,122.0,121.006125,121.0,110.5,132.5,False,0.0,0.0,0.0,0.0,0.0,0.0,0.0,consensus,pass_1,2.5,100,False,1543714304,T2,T2,False
consensus/pass1-ge-2.5,qwen2.5-coder:0.5b,0.16,0.025064600000000003,104.0,102.157,102.5,87.5,114.5,False,0.001,0.0,0.0,0.0,0.0,0.0,0.0,consensus,pass_1,2.5,100,False,494032768,T1,T1,False
consensus/pass1-ge-2.5,qwen2.5-coder:1.5b,0.34,0.05254289999999999,72.0,74.009625,73.5,65.0,85.5,False,0.0,0.0,0.0,0.0,0.0,0.0,0.0,consensus,pass_1,2.5,100,False,1543714304,T2,T2,False
consensus/pass1-ge-2.5,qwen2.5-coder:1.5b-instruct-q8_0,0.26,0.0742927,87.0,86.137375,85.5,75.5,101.0,False,0.0,0.0,0.0,0.0,0.0,0.0,0.0,consensus,pass_1,2.5,100,False,1543714304,T2,T2,False
consensus/pass1-ge-2.5,qwen2.5-coder:3b,0.53,0.094148,47.5,45.574,46.0,26.0,62.5,False,0.0,0.0,0.0,0.0,0.0,0.0,0.0,consensus,pass_1,2.5,100,False,3085938688,T4,T4,False
consensus/pass1-ge-2.5,qwen2.5-coder:3b-instruct-q4_K_M,0.54,0.09297190000000001,44.5,43.383,43.5,26.0,60.012500000000045,False,0.0,0.0,0.0,0.0,0.0,0.0,0.0,consensus,pass_1,2.5,100,False,3085938688,T4,T4,False
consensus/pass1-ge-2.5,qwen2.5-coder:3b-instruct-q8_0,0.62,0.15580289999999997,23.0,26.768625,25.0,16.0,46.0,False,0.0,0.0,0.0,0.0,0.0,0.0,0.0004583333333333333,consensus,pass_1,2.5,100,False,3085938688,T4,T4,False
consensus/pass1-ge-2.5,qwen2.5:0.5b,0.03,0.0324637,130.5,129.113375,130.0,120.5,135.0,False,0.0,0.0,0.0,0.0,0.0,0.0,0.0,consensus,pass_1,2.5,100,False,494032768,T1,T1,False
consensus/pass1-ge-2.5,qwen2.5:0.5b-instruct-q4_K_M,0.06,0.0319782,123.5,121.966125,122.5,113.0,129.0,False,0.0,0.0,0.0,0.0,0.0,0.0,0.0,consensus,pass_1,2.5,100,False,494032768,T1,T1,False
consensus/pass1-ge-2.5,qwen2.5:0.5b-instruct-q8_0,0.04,0.034305,128.0,127.5105,127.5,119.0,135.0,False,0.0,0.0,0.0,0.0,0.0,0.0,0.0,consensus,pass_1,2.5,100,False,494032768,T1,T1,False
consensus/pass1-ge-2.5,qwen2.5:1.5b,0.25,0.053494799999999995,89.5,87.4285,87.5,74.5,99.0,False,0.0,0.0,0.0,0.0,0.0,0.0,0.0,consensus,pass_1,2.5,100,False,1543714304,T2,T2,False
consensus/pass1-ge-2.5,qwen2.5:1.5b-instruct-q4_K_M,0.28,0.053314699999999986,81.0,82.285875,82.5,70.5,94.0,False,0.0,0.0,0.0,0.0,0.0,0.0,0.0,consensus,pass_1,2.5,100,False,1543714304,T2,T2,False
consensus/pass1-ge-2.5,qwen2.5:1.5b-instruct-q8_0,0.32,0.0777736,75.0,76.42025,76.0,68.0,86.0,False,0.0,0.0,0.0,0.0,0.0,0.0,0.0,consensus,pass_1,2.5,100,False,1543714304,T2,T2,False
consensus/pass1-ge-2.5,qwen2.5:3b,0.55,0.10877729999999998,42.5,40.78725,41.0,26.0,56.0,False,0.0,0.0,0.0,0.0,0.0,0.0,0.0,consensus,pass_1,2.5,100,False,3085938688,T4,T4,False
consensus/pass1-ge-2.5,qwen2.5:3b-instruct-q4_K_M,0.56,0.10583500000000001,40.0,38.059875,38.5,21.5,54.5,False,0.0,0.0,0.0,0.0,0.0,0.0,0.0,consensus,pass_1,2.5,100,False,3085938688,T4,T4,False
consensus/pass1-ge-2.5,qwen2.5:3b-instruct-q8_0,0.6,0.17272310000000002,25.0,29.673125,29.0,15.0,47.0,False,0.0,0.0,0.0,0.0,0.0,0.0,0.0029375,consensus,pass_1,2.5,100,False,3085938688,T4,T4,False
consensus/pass1-ge-2.5,qwen2:0.5b-instruct-q8_0,0.08,0.019274100000000002,118.5,117.227625,118.0,104.5,127.5,False,0.0,0.0,0.0,0.0,0.0,0.0,0.0,consensus,pass_1,2.5,100,False,494032768,T1,T1,False
consensus/pass1-ge-2.5,qwen2:1.5b,0.14,0.0268809,108.0,105.878875,106.5,92.5,117.0,False,0.0,0.0,0.0,0.0,0.0,0.0,0.0,consensus,pass_1,2.5,100,False,1543714304,T2,T2,False
consensus/pass1-ge-2.5,qwen2:1.5b-instruct-q8_0,0.24,0.04402440000000001,91.0,89.11725,89.0,75.0,103.0,False,0.00025,0.0,0.0,0.0,0.0,0.0,0.0,consensus,pass_1,2.5,100,False,1543714304,T2,T2,False
consensus/pass1-ge-2.5,qwen3.5:2b,0.48,0.10294600000000001,57.0,55.209,56.5,31.5,70.0,False,0.0,0.0,0.0,0.0,0.0,0.0,0.0,consensus,pass_1,2.5,100,False,2274069824,T3,T2,True
consensus/pass1-ge-2.5,qwen3:0.6b,0.26,0.0153814,87.0,85.745625,85.5,73.5,99.0,True,0.618,0.0,0.0,0.0,0.0,0.0,0.0,consensus,pass_1,2.5,100,False,751632384,T1,T1,False
consensus/pass1-ge-2.5,qwen3:0.6b-fp16,0.32,0.0282127,75.0,77.1695,76.0,65.5,93.0,False,0.033,0.0,0.0,0.0,0.0,0.0,0.0,consensus,pass_1,2.5,100,False,751632384,T1,T1,False
consensus/pass1-ge-2.5,qwen3:0.6b-q8_0,0.37,0.018881900000000004,70.0,70.271875,70.0,55.0,84.5,True,0.8525,0.0,0.0,0.0,0.0,0.0,0.0,consensus,pass_1,2.5,100,False,751632384,T1,T1,False
consensus/pass1-ge-2.5,qwen3:1.7b,0.64,0.0365625,21.0,23.853,21.5,7.5,53.0,True,0.98025,0.0,0.0,0.0,0.007,0.0,0.08767083333333334,consensus,pass_1,2.5,100,False,2031739904,T3,T3,False
consensus/pass1-ge-2.5,qwen3:1.7b-fp16,0.65,0.08118539999999999,18.5,22.54325,19.5,8.487500000000004,52.5,False,0.00025,0.0,0.0,0.0,0.0013958333333333333,0.0,0.07785416666666664,consensus,pass_1,2.5,100,False,2031739904,T3,T3,False
consensus/pass1-ge-2.5,qwen3:1.7b-q8_0,0.57,0.053398499999999995,37.5,37.259125,35.5,15.0,65.5,False,0.0445,0.0,0.0,0.0,0.0,0.0,0.0026333333333333334,consensus,pass_1,2.5,100,False,2031739904,T3,T3,False
consensus/pass1-ge-2.5,qwen3:4b,0.73,0.2570734,9.0,12.08775,11.0,4.0,26.512500000000045,False,0.0005,0.0,0.000125,0.0,0.06563750000000002,1.0,0.4707083333333331,consensus,pass_1,2.5,100,False,4022468096,T5,T5,False
consensus/pass1-ge-2.5,qwen3:4b-instruct-2507-q4_K_M,0.83,0.10899769999999999,4.0,4.309375,4.0,2.0,8.5,False,0.2995,0.0,0.0024166666666666664,1.0,0.8028333333333335,1.0,0.992575,consensus,pass_1,2.5,100,False,4022468096,T5,T5,False
consensus/pass1-ge-2.5,qwen3:4b-instruct-2507-q8_0,0.87,0.1605071,1.0,2.448875,2.0,1.0,7.0,True,0.44075,1.0,0.47393749999999935,1.0,0.9299916666666667,1.0,0.9973666666666665,consensus,pass_1,2.5,100,False,4022468096,T5,T5,False
consensus/pass1-ge-2.5,qwen3:4b-q8_0,0.86,0.1389434,2.0,2.3405,2.0,1.0,5.0,True,0.4175,0.0,0.19202083333333356,1.0,0.9787,1.0,1.0,consensus,pass_1,2.5,100,False,4022468096,T5,T5,False
consensus/pass1-ge-2.5,qwen3:4b-thinking-2507-q4_K_M,0.71,0.2587354,13.5,14.11375,12.5,5.5,32.012500000000045,False,0.0,0.0,0.0,0.0,0.02583333333333333,0.0,0.34554999999999986,consensus,pass_1,2.5,100,False,4022468096,T5,T4,True
consensus/pass1-ge-2.5,qwen3:4b-thinking-2507-q8_0,0.76,0.38266600000000006,7.0,8.773375,8.0,2.0,18.5,False,0.00675,0.0,0.0093125,0.0,0.21195416666666672,1.0,0.6924458333333333,consensus,pass_1,2.5,100,False,4022468096,T5,T4,True
consensus/pass1-ge-2.5,sailor2:1b,0.03,0.05649899999999999,130.5,129.91975,130.0,122.5,135.5,False,0.0,0.0,0.0,0.0,0.0,0.0,0.0,consensus,pass_1,2.5,100,False,988064640,T1,T1,False
consensus/pass1-ge-2.5,smallthinker:3b-preview-q4_K_M,0.59,0.1830502,28.5,32.6425,30.5,12.5,59.5,False,0.0,0.0,0.0,0.0,0.0003,0.0,0.012758333333333333,consensus,pass_1,2.5,100,False,3397103616,T4,T3,True
consensus/pass1-ge-2.5,smollm2:1.7b,0.31,0.05150450000000001,77.5,78.451,78.0,70.0,89.5,False,0.0,0.0,0.0,0.0,0.0,0.0,0.0,consensus,pass_1,2.5,100,False,1711376384,T2,T2,False
consensus/pass1-ge-2.5,smollm2:1.7b-instruct-q8_0,0.31,0.051941799999999996,77.5,78.09225,77.5,68.0,90.5,False,0.0,0.0,0.0,0.0,0.0,0.0,0.0,consensus,pass_1,2.5,100,False,1711376384,T2,T2,False
consensus/pass1-ge-2.5,smollm2:135m,0.02,0.0119867,134.0,131.95675,133.0,125.0,136.0,False,0.0,0.0,0.0,0.0,0.0,0.0,0.0,consensus,pass_1,2.5,100,False,134515008,T1,T1,False
consensus/pass1-ge-2.5,smollm2:135m-instruct-q8_0,0.03,0.00814,130.5,129.630375,130.0,121.0,135.5,False,0.00025,0.0,0.0,0.0,0.0,0.0,0.0,consensus,pass_1,2.5,100,False,134515008,T1,T1,False
consensus/pass1-ge-2.5,smollm2:360m,0.1,0.017338700000000002,113.0,113.479875,113.5,101.5,124.5,False,0.00025,0.0,0.0,0.0,0.0,0.0,0.0,consensus,pass_1,2.5,100,False,361821120,T1,T1,False
consensus/pass1-ge-2.5,smollm2:360m-instruct-q8_0,0.06,0.012322199999999998,123.5,122.508125,123.0,110.0,133.5,False,0.001,0.0,0.0,0.0,0.0,0.0,0.0,consensus,pass_1,2.5,100,False,361821120,T1,T1,False
consensus/pass1-ge-2.5,smollm:1.7b,0.05,0.0749611,126.0,125.4885,125.5,110.5,135.5,False,0.0,0.0,0.0,0.0,0.0,0.0,0.0,consensus,pass_1,2.5,100,False,1711376384,T2,T2,False
consensus/pass1-ge-2.5,smollm:360m,0.02,0.025851599999999995,134.0,132.89425,133.5,126.5,136.5,False,0.0,0.0,0.0,0.0,0.0,0.0,0.0,consensus,pass_1,2.5,100,False,361821120,T1,T1,False
consensus/pass1-ge-2.5,stablelm2:1.6b,0.05,0.057245799999999986,126.0,125.4245,125.5,115.5,134.5,False,0.0,0.0,0.0,0.0,0.0,0.0,0.0,consensus,pass_1,2.5,100,False,1644515328,T2,T2,False
consensus/pass1-ge-2.5,stablelm2:1.6b-chat,0.08,0.0572737,118.5,117.522,118.0,105.5,128.5,False,0.0,0.0,0.0,0.0,0.0,0.0,0.0,consensus,pass_1,2.5,100,False,1644515328,T2,T2,False
consensus/pass1-ge-2.5,stablelm2:1.6b-zephyr,0.1,0.0446021,113.0,113.89325,113.5,103.0,125.0,False,0.0,0.0,0.0,0.0,0.0,0.0,0.0,consensus,pass_1,2.5,100,False,1644515328,T2,T2,False
consensus/pass1-ge-2.5,starcoder2:3b,0.0,0.13843060000000001,137.0,136.326,136.5,134.5,137.0,False,0.0,0.0,0.0,0.0,0.0,0.0,0.0,consensus,pass_1,2.5,100,True,3030371328,T4,T3,True
consensus/pass1-ge-2.5,starcoder2:3b-q6_K,0.03,0.1815079,130.5,129.73725,130.0,122.0,135.5,False,0.0,0.0,0.0,0.0,0.0,0.0,0.0,consensus,pass_1,2.5,100,False,3030371328,T4,T3,True
consensus/pass1-ge-2.5,starcoder2:3b-q8_0,0.02,0.2077656,134.0,131.95675,133.0,125.0,136.0,False,0.0,0.0,0.0,0.0,0.0,0.0,0.0,consensus,pass_1,2.5,100,False,3030371328,T4,T3,True
consensus/pass1-ge-2.5,tinyllama:1.1b,0.08,0.037376900000000005,118.5,118.077125,118.0,108.5,127.0,False,0.0,0.0,0.0,0.0,0.0,0.0,0.0,consensus,pass_1,2.5,100,False,1100048384,T2,T2,False
consensus/pass1-ge-2.5,tinyllama:1.1b-chat-v1-q8_0,0.12,0.06069599999999999,110.5,109.12675,109.5,91.0,125.01250000000005,False,0.0,0.0,0.0,0.0,0.0,0.0,0.0,consensus,pass_1,2.5,100,False,1100048384,T2,T2,False
consensus/pass1-ge-2.5,yi-coder:1.5b,0.19,0.05313199999999999,96.5,96.8705,97.5,79.98750000000001,110.5,False,0.0,0.0,0.0,0.0,0.0,0.0,0.0,consensus,pass_1,2.5,100,False,1476495360,T2,T2,False
consensus/pass1-ge-3,codegemma:2b,0.0,0.10250499999999999,136.5,133.630625,134.5,128.0,136.5,False,0.0,0.0,0.0,0.0,0.0,0.0,0.0,consensus,pass_1,3.0,100,True,2506172416,T3,T2,True
consensus/pass1-ge-3,codegemma:2b-code-q6_K,0.03,0.0531285,116.5,118.913,118.0,93.5,136.0,False,0.0,0.0,0.0,0.0,0.0,0.0,0.0,consensus,pass_1,3.0,100,False,2506172416,T3,T2,True
consensus/pass1-ge-3,cogito:3b,0.42,0.0465268,45.0,43.527125,44.0,23.0,60.512500000000045,False,0.06775,0.0,0.0,0.0,0.0,0.0,6.25e-05,consensus,pass_1,3.0,100,False,3606752320,T4,T3,True
consensus/pass1-ge-3,cogito:3b-v1-preview-llama-q8_0,0.43,0.0701172,42.5,41.752125,42.0,24.0,58.512500000000045,False,0.0,0.0,0.0,0.0,0.0,0.0,0.0,consensus,pass_1,3.0,100,False,3606752320,T4,T3,True
consensus/pass1-ge-3,deepseek-coder:1.3b,0.02,0.0654276,124.5,122.00425,123.0,103.0,135.5,False,0.0,0.0,0.0,0.0,0.0,0.0,0.0,consensus,pass_1,3.0,100,False,1346471936,T2,T2,False
consensus/pass1-ge-3,deepseek-coder:1.3b-instruct-q8_0,0.03,0.097566,116.5,118.462125,118.5,99.0,135.0,False,0.0,0.0,0.0,0.0,0.0,0.0,0.0,consensus,pass_1,3.0,100,False,1346471936,T2,T2,False
consensus/pass1-ge-3,falcon3:1b,0.09,0.09954219999999997,96.0,99.858875,98.0,80.5,125.0,False,0.0,0.0,0.0,0.0,0.0,0.0,0.0,consensus,pass_1,3.0,100,False,1669408768,T2,T2,False
consensus/pass1-ge-3,falcon3:1b-instruct-q8_0,0.08,0.09960649999999997,100.5,103.69025,101.5,82.0,129.5,False,0.0,0.0,0.0,0.0,0.0,0.0,0.0,consensus,pass_1,3.0,100,False,1669408768,T2,T2,False
consensus/pass1-ge-3,falcon3:3b,0.24,0.0586016,72.0,72.394,71.5,61.5,87.0,False,0.0,0.0,0.0,0.0,0.0,0.0,0.0,consensus,pass_1,3.0,100,False,3227655168,T4,T4,False
consensus/pass1-ge-3,falcon3:3b-instruct-q4_K_M,0.27,0.058018900000000005,68.0,68.404625,68.0,56.0,82.0,False,0.0,0.0,0.0,0.0,0.0,0.0,0.0,consensus,pass_1,3.0,100,False,3227655168,T4,T4,False
consensus/pass1-ge-3,falcon3:3b-instruct-q8_0,0.32,0.09732470000000001,63.5,61.99925,63.5,40.0,79.5,False,0.0,0.0,0.0,0.0,0.0,0.0,0.0,consensus,pass_1,3.0,100,False,3227655168,T4,T4,False
consensus/pass1-ge-3,gemma2:2b,0.41,0.06473620000000001,48.5,45.872625,46.5,25.0,63.5,False,0.0,0.0,0.0,0.0,0.0,0.0,0.00025,consensus,pass_1,3.0,100,False,2614341888,T3,T3,False
consensus/pass1-ge-3,gemma2:2b-instruct-q4_K_M,0.46,0.06000190000000001,36.0,34.862125,34.5,16.0,56.0,False,0.00025,0.0,0.0,0.0,0.00025,0.0,0.0031666666666666666,consensus,pass_1,3.0,100,False,2614341888,T3,T2,True
consensus/pass1-ge-3,gemma2:2b-instruct-q8_0,0.46,0.0859835,36.0,35.11525,35.0,16.0,57.0,False,0.0,0.0,0.0,0.0,0.0,0.0,0.0010208333333333332,consensus,pass_1,3.0,100,False,2614341888,T3,T3,False
consensus/pass1-ge-3,gemma3:1b,0.13,0.0230552,89.5,89.63375,89.0,74.0,109.51250000000005,False,0.00625,0.0,0.0,0.0,0.0,0.0,0.0,consensus,pass_1,3.0,100,False,999885952,T1,T1,False
consensus/pass1-ge-3,gemma3:1b-it-q8_0,0.16,0.023906599999999997,86.0,83.726375,84.0,71.0,96.5,False,0.03925,0.0,0.0,0.0,0.0,0.0,0.0,consensus,pass_1,3.0,100,False,999885952,T1,T1,False
consensus/pass1-ge-3,gemma3:1b-it-qat,0.25,0.020576200000000003,70.5,70.02525,70.0,51.0,85.0,True,0.79575,0.0,0.0,0.0,0.0,0.0,0.0,consensus,pass_1,3.0,100,False,999885952,T1,T1,False
consensus/pass1-ge-3,gemma3:270m,0.02,0.0052651,124.5,123.352875,123.5,115.0,131.0,True,0.97675,0.0,0.0,0.0,0.0,0.0,0.0,consensus,pass_1,3.0,100,False,268098176,T1,T1,False
consensus/pass1-ge-3,gemma3:270m-it-qat,0.04,0.007723500000000001,112.5,114.32425,113.0,101.5,130.5,True,0.58975,0.0,0.0,0.0,0.0,0.0,0.0,consensus,pass_1,3.0,100,False,268098176,T1,T1,False
consensus/pass1-ge-3,gemma3:4b,0.6,0.0641429,11.0,14.001125,12.5,7.5,30.012500000000045,False,0.001,0.0,0.0,0.0,0.003708333333333333,0.0,0.2945791666666667,consensus,pass_1,3.0,100,False,4299915632,T5,T5,False
consensus/pass1-ge-3,gemma3:4b-it-q4_K_M,0.61,0.06425800000000001,10.0,12.526,11.0,6.0,28.012500000000045,False,0.008,0.0,0.0005,0.0,0.018604166666666668,1.0,0.43681666666666674,consensus,pass_1,3.0,100,False,4299915632,T5,T5,False
consensus/pass1-ge-3,gemma3:4b-it-q8_0,0.56,0.08659489999999997,16.0,19.182875,16.5,8.5,44.0,False,0.0,0.0,0.0,0.0,0.0004583333333333333,0.0,0.0960333333333333,consensus,pass_1,3.0,100,False,4299915632,T5,T5,False
consensus/pass1-ge-3,gemma3:4b-it-qat,0.5,0.07702389999999999,24.0,28.496,25.5,12.0,56.5,False,0.00025,0.0,0.0,0.0,0.00025,0.0,0.011937499999999998,consensus,pass_1,3.0,100,False,4300079472,T5,T5,False
consensus/pass1-ge-3,gemma3n:e2b,0.59,0.0648302,12.5,15.084,13.0,6.0,35.5,False,0.006,0.0,0.0,0.0,0.016,0.0,0.33033333333333315,consensus,pass_1,3.0,100,False,4456156768,T5,T5,False
consensus/pass1-ge-3,gemma4:e2b-it-qat,0.72,0.0504522,4.5,4.861375,5.0,2.5,7.5,True,0.99975,0.0,0.007833333333333333,1.0,0.7311041666666666,1.0,0.9992333333333332,consensus,pass_1,3.0,100,False,4628569635,T5,T5,False
consensus/pass1-ge-3,gemma:2b,0.13,0.048510500000000005,89.5,89.82025,89.5,71.0,114.0,False,0.0,0.0,0.0,0.0,0.0,0.0,0.0,consensus,pass_1,3.0,100,False,2506434560,T3,T3,False
consensus/pass1-ge-3,gemma:2b-instruct-q4_K_M,0.17,0.04429810000000001,83.0,82.07625,82.5,61.5,101.5,False,0.0015,0.0,0.0,0.0,0.0,0.0,0.0,consensus,pass_1,3.0,100,False,2506434560,T3,T2,True
consensus/pass1-ge-3,gemma:2b-instruct-q8_0,0.17,0.06085420000000001,83.0,82.452,82.5,67.5,98.5,False,0.0,0.0,0.0,0.0,0.0,0.0,0.0,consensus,pass_1,3.0,100,False,2506434560,T3,T3,False
consensus/pass1-ge-3,granite3.1-dense:2b,0.47,0.08316719999999998,31.5,32.6925,32.0,20.0,49.5,False,0.0,0.0,0.0,0.0,0.0,0.0,0.0,consensus,pass_1,3.0,100,False,2533531648,T3,T3,False
consensus/pass1-ge-3,granite3.1-dense:2b-instruct-q8_0,0.48,0.1141953,27.5,30.1065,29.5,15.5,47.5,False,0.0,0.0,0.0,0.0,0.0,0.0,0.002,consensus,pass_1,3.0,100,False,2533531648,T3,T3,False
consensus/pass1-ge-3,granite3.1-moe:3b,0.21,0.0334147,74.0,76.21175,75.0,64.0,93.0,False,0.0765,0.0,0.0,0.0,0.0,0.0,0.0,consensus,pass_1,3.0,100,False,3298793472,T4,T4,False
consensus/pass1-ge-3,granite3.2:2b,0.5,0.1216954,24.0,27.02,25.5,11.5,49.0,False,0.0,0.0,0.0,0.0,0.000125,0.0,0.014808333333333338,consensus,pass_1,3.0,100,False,2533531648,T3,T3,False
consensus/pass1-ge-3,granite3.2:2b-instruct-q4_K_M,0.51,0.1221751,22.0,24.753125,23.5,10.5,45.0,False,0.0,0.0,0.0,0.0,0.000125,0.0,0.024570833333333333,consensus,pass_1,3.0,100,False,2533531648,T3,T3,False
consensus/pass1-ge-3,granite3.3:2b,0.45,0.0769426,39.0,37.83075,37.0,18.5,60.0,False,0.0,0.0,0.0,0.0,0.0,0.0,0.000375,consensus,pass_1,3.0,100,False,2533539840,T3,T3,False
consensus/pass1-ge-3,granite4.1:3b,0.64,0.074758,8.5,10.113625,9.0,5.0,19.5,False,0.00925,0.0,6.25e-05,0.0,0.04236249999999999,1.0,0.642879166666667,consensus,pass_1,3.0,100,False,3402836480,T4,T3,True
consensus/pass1-ge-3,granite4:1b-h,0.29,0.028435600000000005,67.0,65.464125,66.5,43.0,82.5,True,0.595,0.0,0.0,0.0,0.0,0.0,0.0,consensus,pass_1,3.0,100,False,1461538368,T2,T2,False
consensus/pass1-ge-3,granite4:350m,0.07,0.012930599999999999,104.5,102.456875,103.0,90.0,114.0,False,0.225,0.0,0.0,0.0,0.0,0.0,0.0,consensus,pass_1,3.0,100,False,352379904,T1,T1,False
consensus/pass1-ge-3,granite4:350m-bf16,0.05,0.012712099999999999,110.5,109.644,109.5,94.5,129.0,False,0.146,0.0,0.0,0.0,0.0,0.0,0.0,consensus,pass_1,3.0,100,False,352379904,T1,T1,False
consensus/pass1-ge-3,granite4:350m-h,0.09,0.0080541,96.0,98.29925,97.5,81.0,119.0,True,0.88575,0.0,0.0,0.0,0.0,0.0,0.0,consensus,pass_1,3.0,100,False,340332224,T1,T1,False
consensus/pass1-ge-3,granite4:micro,0.59,0.0798973,12.5,14.193625,14.0,8.0,23.5,False,0.00025,0.0,0.0,0.0,0.00025,0.0,0.1846458333333334,consensus,pass_1,3.0,100,False,3402836480,T4,T4,False
consensus/pass1-ge-3,granite4:micro-h,0.7,0.0651603,6.0,5.899625,6.0,3.0,9.5,False,0.264,0.0,0.00275,0.0,0.4009166666666667,1.0,0.9874458333333334,consensus,pass_1,3.0,100,False,3191396096,T4,T4,False
consensus/pass1-ge-3,hf.co/LiquidAI/LFM2-1.2B-GGUF:Q4_K_M,0.15,0.0186997,87.0,86.08525,85.5,72.5,102.5,True,0.40225,0.0,0.0,0.0,0.0,0.0,0.0,consensus,pass_1,3.0,100,False,1170340608,T2,T2,False
consensus/pass1-ge-3,hf.co/LiquidAI/LFM2-1.2B-GGUF:Q8_0,0.19,0.030554,75.5,78.607375,78.0,68.0,91.01250000000005,False,0.0565,0.0,0.0,0.0,0.0,0.0,0.0,consensus,pass_1,3.0,100,False,1170340608,T2,T2,False
consensus/pass1-ge-3,hf.co/LiquidAI/LFM2-350M-GGUF:Q4_K_M,0.02,0.011277400000000002,124.5,122.139375,123.0,106.0,134.5,False,0.0045,0.0,0.0,0.0,0.0,0.0,0.0,consensus,pass_1,3.0,100,False,354483968,T1,T1,False
consensus/pass1-ge-3,hf.co/LiquidAI/LFM2-700M-GGUF:Q4_K_M,0.02,0.0220955,124.5,122.013125,122.5,104.5,135.0,False,0.0,0.0,0.0,0.0,0.0,0.0,0.0,consensus,pass_1,3.0,100,False,742489344,T1,T1,False
consensus/pass1-ge-3,hf.co/NousResearch/Hermes-3-Llama-3.2-3B-GGUF:Q4_K_M,0.3,0.0769492,66.0,64.078875,65.5,45.0,74.01250000000005,False,0.0,0.0,0.0,0.0,0.0,0.0,0.0,consensus,pass_1,3.0,100,False,3212749888,T4,T3,True
consensus/pass1-ge-3,hf.co/NousResearch/Hermes-3-Llama-3.2-3B-GGUF:Q8_0,0.36,0.0991791,59.0,56.53925,57.0,40.5,68.5,False,0.0,0.0,0.0,0.0,0.0,0.0,0.0,consensus,pass_1,3.0,100,False,3212749888,T4,T3,True
consensus/pass1-ge-3,hf.co/Qwen/Qwen2.5-1.5B-Instruct-GGUF:Q4_K_M,0.25,0.038428699999999996,70.5,70.203625,70.5,56.5,82.5,False,0.047,0.0,0.0,0.0,0.0,0.0,0.0,consensus,pass_1,3.0,100,False,1777088000,T2,T2,False
consensus/pass1-ge-3,hf.co/Qwen/Qwen2.5-3B-Instruct-GGUF:Q4_K_M,0.54,0.09588630000000001,18.0,19.955125,19.0,11.0,33.0,False,0.0,0.0,0.0,0.0,8.333333333333333e-05,0.0,0.0181375,consensus,pass_1,3.0,100,False,3397103616,T4,T4,False
consensus/pass1-ge-3,hf.co/Qwen/Qwen3-4B-GGUF:Q4_K_M,0.57,0.2571047,15.0,16.136625,16.0,7.0,28.0,False,0.00075,0.0,0.000125,0.0,0.012112499999999998,0.0,0.16049583333333348,consensus,pass_1,3.0,100,False,4022468096,T5,T5,False
consensus/pass1-ge-3,hf.co/allenai/OLMo-2-0425-1B-Instruct-GGUF:Q4_K_M,0.09,0.061812700000000005,96.0,98.140375,97.5,85.5,114.0,False,0.0,0.0,0.0,0.0,0.0,0.0,0.0,consensus,pass_1,3.0,100,False,1484916736,T2,T1,True
consensus/pass1-ge-3,hf.co/bartowski/Llama-3.2-3B-Instruct-GGUF:IQ4_XS,0.41,0.06516,48.5,46.174,47.0,26.0,63.0,False,0.0,0.0,0.0,0.0,0.0,0.0,0.0,consensus,pass_1,3.0,100,False,3212749888,T4,T3,True
consensus/pass1-ge-3,hf.co/bartowski/Llama-3.2-3B-Instruct-GGUF:Q3_K_L,0.35,0.06620140000000001,60.0,57.682625,59.0,41.0,70.0,False,0.0,0.0,0.0,0.0,0.0,0.0,0.0,consensus,pass_1,3.0,100,False,3212749888,T4,T3,True
consensus/pass1-ge-3,hf.co/bartowski/Llama-3.2-3B-Instruct-GGUF:Q5_K_M,0.46,0.07428490000000001,36.0,34.418375,34.5,19.987500000000004,49.5,False,0.0,0.0,0.0,0.0,0.0,0.0,0.0,consensus,pass_1,3.0,100,False,3212749888,T4,T3,True
consensus/pass1-ge-3,hf.co/bartowski/Llama-3.2-3B-Instruct-GGUF:Q6_K,0.38,0.0734838,53.5,53.015,53.0,43.5,61.0,False,0.0,0.0,0.0,0.0,0.0,0.0,0.0,consensus,pass_1,3.0,100,False,3212749888,T4,T3,True
consensus/pass1-ge-3,hf.co/ggml-org/SmolLM3-3B-GGUF:Q4_K_M,0.37,0.110296,56.5,54.015875,55.0,35.5,66.5,False,0.0,0.0,0.0,0.0,0.0,0.0,0.0,consensus,pass_1,3.0,100,False,3075098624,T4,T3,True
consensus/pass1-ge-3,hf.co/ggml-org/SmolLM3-3B-GGUF:Q8_0,0.37,0.13829260000000002,56.5,53.57275,55.25,31.0,68.5,False,0.0,0.0,0.0,0.0,0.0,0.0,0.0,consensus,pass_1,3.0,100,False,3075098624,T4,T3,True
consensus/pass1-ge-3,hf.co/openbmb/MiniCPM3-4B-GGUF:Q4_K_M,0.38,0.0784251,53.5,52.47025,53.5,33.0,65.0,False,0.0,0.0,0.0,0.0,0.0,0.0,0.0,consensus,pass_1,3.0,100,False,4073876000,T5,T4,True
consensus/pass1-ge-3,hf.co/tiiuae/Falcon-H1-0.5B-Instruct-GGUF:Q4_K_M,0.13,0.034294200000000004,89.5,89.652625,89.5,74.5,106.51250000000005,False,0.0,0.0,0.0,0.0,0.0,0.0,0.0,consensus,pass_1,3.0,100,False,521411104,T1,T1,False
consensus/pass1-ge-3,hf.co/tiiuae/Falcon-H1-1.5B-Deep-Instruct-GGUF:IQ4_XS,0.41,0.1053772,48.5,46.3625,47.0,28.0,62.0,False,0.0,0.0,0.0,0.0,0.0,0.0,0.0,consensus,pass_1,3.0,100,False,1554874768,T2,T2,False
consensus/pass1-ge-3,hf.co/tiiuae/Falcon-H1-1.5B-Deep-Instruct-GGUF:Q4_K_M,0.42,0.09332829999999999,45.0,44.111125,44.0,26.5,62.0,False,0.0,0.0,0.0,0.0,0.0,0.0,0.0,consensus,pass_1,3.0,100,False,1554874768,T2,T2,False
consensus/pass1-ge-3,hf.co/tiiuae/Falcon-H1-3B-Instruct-GGUF:Q4_K_M,0.64,0.12489019999999998,8.5,10.15125,9.0,4.0,20.0,False,0.00425,0.0,0.0009583333333333334,0.0,0.08234166666666665,1.0,0.6122250000000006,consensus,pass_1,3.0,100,False,3149392384,T4,T3,True
consensus/pass1-ge-3,hf.co/unsloth/Llama-3.2-1B-Instruct-GGUF:Q4_K_M,0.07,0.0180221,104.5,104.554375,103.5,93.0,121.0,False,0.00175,0.0,0.0,0.0,0.0,0.0,0.0,consensus,pass_1,3.0,100,False,1235814432,T2,T2,False
consensus/pass1-ge-3,hf.co/unsloth/Phi-4-mini-instruct-GGUF:Q4_K_M,0.46,0.10440899999999999,36.0,34.5265,34.0,16.5,56.5,False,0.0,0.0,0.0,0.0,0.0,0.0,8.333333333333333e-05,consensus,pass_1,3.0,100,False,3836021856,T4,T4,False
consensus/pass1-ge-3,hf.co/unsloth/Qwen3-4B-GGUF:Q4_K_M,0.72,0.09334010000000001,4.5,5.114625,5.0,2.0,9.5,False,0.37975,0.0,0.016104166666666666,1.0,0.6179666666666666,1.0,0.9883791666666667,consensus,pass_1,3.0,100,False,4022468096,T5,T5,False
consensus/pass1-ge-3,internlm2:1.8b,0.04,0.030893100000000003,112.5,113.0175,113.0,100.0,125.5,False,0.0,0.0,0.0,0.0,0.0,0.0,0.0,consensus,pass_1,3.0,100,False,1889110016,T2,T2,False
consensus/pass1-ge-3,llama3.2:1b,0.06,0.0269072,108.0,106.045625,105.5,92.5,124.0,False,0.0,0.0,0.0,0.0,0.0,0.0,0.0,consensus,pass_1,3.0,100,False,1235814432,T2,T2,False
consensus/pass1-ge-3,llama3.2:1b-instruct-q4_K_M,0.08,0.022604799999999994,100.5,100.651,100.0,87.0,117.0,False,0.0,0.0,0.0,0.0,0.0,0.0,0.0,consensus,pass_1,3.0,100,False,1235814432,T2,T1,True
consensus/pass1-ge-3,llama3.2:1b-instruct-q8_0,0.06,0.026446500000000005,108.0,106.045625,105.5,92.5,124.0,False,0.0,0.0,0.0,0.0,0.0,0.0,0.0,consensus,pass_1,3.0,100,False,1235814432,T2,T2,False
consensus/pass1-ge-3,llama3.2:3b,0.47,0.05392730000000001,31.5,31.87375,31.5,17.0,48.5,False,0.0005,0.0,0.0,0.0,0.0,0.0,0.0004583333333333333,consensus,pass_1,3.0,100,False,3212749888,T4,T4,False
consensus/pass1-ge-3,llama3.2:3b-instruct-q4_K_M,0.41,0.053858199999999995,48.5,45.617625,46.0,25.0,65.0,False,0.0,0.0,0.0,0.0,0.0,0.0,0.0,consensus,pass_1,3.0,100,False,3212749888,T4,T3,True
consensus/pass1-ge-3,llama3.2:3b-instruct-q8_0,0.46,0.08039449999999998,36.0,35.063125,35.0,19.5,52.0,False,0.0,0.0,0.0,0.0,0.0,0.0,0.0,consensus,pass_1,3.0,100,False,3212749888,T4,T4,False
consensus/pass1-ge-3,ministral-3:3b,0.55,0.10715520000000002,17.0,18.768,18.0,10.0,32.512500000000045,False,0.0,0.0,0.0,0.0,0.0,0.0,0.0427,consensus,pass_1,3.0,100,False,3849090048,T4,T4,False
consensus/pass1-ge-3,nemotron-mini:4b,0.08,0.0678951,100.5,100.982625,100.0,88.5,117.5,False,0.0,0.0,0.0,0.0,0.0,0.0,0.0,consensus,pass_1,3.0,100,False,4190509056,T5,T5,False
consensus/pass1-ge-3,nemotron-mini:4b-instruct-q4_K_M,0.11,0.06775320000000001,92.0,93.43425,92.5,78.5,111.0,False,0.0,0.0,0.0,0.0,0.0,0.0,0.0,consensus,pass_1,3.0,100,False,4190509056,T5,T5,False
consensus/pass1-ge-3,nemotron-mini:4b-instruct-q8_0,0.18,0.11059119999999999,78.5,80.10475,80.0,71.5,91.0,False,0.0,0.0,0.0,0.0,0.0,0.0,0.0,consensus,pass_1,3.0,100,False,4190509056,T5,T5,False
consensus/pass1-ge-3,opencoder:1.5b,0.07,0.07436240000000001,104.5,103.419125,103.0,86.5,125.5,False,0.0,0.0,0.0,0.0,0.0,0.0,0.0,consensus,pass_1,3.0,100,False,1905650880,T2,T2,False
consensus/pass1-ge-3,phi3.5:3.8b,0.39,0.14908549999999998,52.0,50.79225,51.5,37.0,61.5,False,0.0,0.0,0.0,0.0,0.0,0.0,0.0,consensus,pass_1,3.0,100,False,3821079648,T4,T4,False
consensus/pass1-ge-3,phi3.5:3.8b-mini-instruct-q8_0,0.47,0.2185186,31.5,33.853375,32.5,17.0,57.0,False,0.0,0.0,0.0,0.0,0.0,0.0,0.0,consensus,pass_1,3.0,100,False,3821079648,T4,T4,False
consensus/pass1-ge-3,phi3:3.8b,0.31,0.10969870000000002,65.0,64.084125,64.5,52.5,74.0,False,0.0,0.0,0.0,0.0,0.0,0.0,0.0,consensus,pass_1,3.0,100,False,3821079648,T4,T4,False
consensus/pass1-ge-3,phi3:3.8b-mini-128k-instruct-q8_0,0.4,0.12320129999999999,51.0,48.347,49.0,29.0,65.5,False,0.0,0.0,0.0,0.0,0.0,0.0,0.0,consensus,pass_1,3.0,100,False,3821079648,T4,T4,False
consensus/pass1-ge-3,phi3:mini,0.32,0.10882840000000002,63.5,62.4845,63.5,47.5,72.5,False,0.0,0.0,0.0,0.0,0.0,0.0,0.0,consensus,pass_1,3.0,100,False,3821079648,T4,T4,False
consensus/pass1-ge-3,phi3:mini-128k,0.34,0.1089084,61.5,59.0795,60.5,42.0,69.5,False,0.0,0.0,0.0,0.0,0.0,0.0,0.0,consensus,pass_1,3.0,100,False,3821079648,T4,T4,False
consensus/pass1-ge-3,phi3:mini-4k,0.34,0.1537809,61.5,59.16875,60.0,43.0,71.0,False,0.0,0.0,0.0,0.0,0.0,0.0,0.0,consensus,pass_1,3.0,100,False,3821079552,T4,T4,False
consensus/pass1-ge-3,phi4-mini,0.42,0.0958175,45.0,43.299,44.5,20.987500000000004,62.0,False,0.0,0.0,0.0,0.0,0.0,0.0,8.333333333333333e-05,consensus,pass_1,3.0,100,False,3836021856,T4,T4,False
consensus/pass1-ge-3,phi4-mini-reasoning,0.44,0.2828102,40.5,39.070625,38.5,18.0,62.0,False,0.0,0.0,0.0,0.0,0.0,0.0,0.00075,consensus,pass_1,3.0,100,False,3836021856,T4,T4,False
consensus/pass1-ge-3,qwen2-math:1.5b,0.03,0.0745381,116.5,118.9585,118.0,105.0,131.0,False,0.0,0.0,0.0,0.0,0.0,0.0,0.0,consensus,pass_1,3.0,100,False,1543714304,T2,T2,False
consensus/pass1-ge-3,qwen2.5-coder:0.5b,0.1,0.025064600000000003,93.0,95.410375,95.0,80.5,111.5,False,0.00225,0.0,0.0,0.0,0.0,0.0,0.0,consensus,pass_1,3.0,100,False,494032768,T1,T1,False
consensus/pass1-ge-3,qwen2.5-coder:1.5b,0.26,0.05254289999999999,69.0,69.266,69.5,59.0,78.0,False,0.0,0.0,0.0,0.0,0.0,0.0,0.0,consensus,pass_1,3.0,100,False,1543714304,T2,T2,False
consensus/pass1-ge-3,qwen2.5-coder:1.5b-instruct-q8_0,0.17,0.0742927,83.0,82.3585,82.0,73.0,93.0,False,0.0,0.0,0.0,0.0,0.0,0.0,0.0,consensus,pass_1,3.0,100,False,1543714304,T2,T2,False
consensus/pass1-ge-3,qwen2.5-coder:3b,0.37,0.094148,56.5,53.489625,55.0,32.987500000000004,67.0,False,0.0,0.0,0.0,0.0,0.0,0.0,0.0,consensus,pass_1,3.0,100,False,3085938688,T4,T4,False
consensus/pass1-ge-3,qwen2.5-coder:3b-instruct-q4_K_M,0.44,0.09297190000000001,40.5,39.655,39.5,23.5,57.0,False,0.0,0.0,0.0,0.0,0.0,0.0,0.0,consensus,pass_1,3.0,100,False,3085938688,T4,T4,False
consensus/pass1-ge-3,qwen2.5-coder:3b-instruct-q8_0,0.48,0.15580289999999997,27.5,31.581375,30.0,17.5,52.5,False,0.0,0.0,0.0,0.0,0.0,0.0,0.000625,consensus,pass_1,3.0,100,False,3085938688,T4,T4,False
consensus/pass1-ge-3,qwen2.5:0.5b,0.02,0.0324637,124.5,121.545125,122.5,103.0,135.0,False,0.0,0.0,0.0,0.0,0.0,0.0,0.0,consensus,pass_1,3.0,100,False,494032768,T1,T1,False
consensus/pass1-ge-3,qwen2.5:0.5b-instruct-q4_K_M,0.01,0.0319782,132.5,127.508,130.0,110.5,136.0,False,0.0,0.0,0.0,0.0,0.0,0.0,0.0,consensus,pass_1,3.0,100,False,494032768,T1,T1,False
consensus/pass1-ge-3,qwen2.5:0.5b-instruct-q8_0,0.02,0.034305,124.5,122.910625,123.0,111.0,132.5,False,0.0,0.0,0.0,0.0,0.0,0.0,0.0,consensus,pass_1,3.0,100,False,494032768,T1,T1,False
consensus/pass1-ge-3,qwen2.5:1.5b,0.19,0.053494799999999995,75.5,78.730625,78.0,69.5,89.5,False,0.0,0.0,0.0,0.0,0.0,0.0,0.0,consensus,pass_1,3.0,100,False,1543714304,T2,T2,False
consensus/pass1-ge-3,qwen2.5:1.5b-instruct-q4_K_M,0.18,0.053314699999999986,78.5,80.724,80.5,70.5,93.5,False,0.0,0.0,0.0,0.0,0.0,0.0,0.0,consensus,pass_1,3.0,100,False,1543714304,T2,T2,False
consensus/pass1-ge-3,qwen2.5:1.5b-instruct-q8_0,0.22,0.0777736,73.0,73.96925,73.5,66.0,84.5,False,0.0,0.0,0.0,0.0,0.0,0.0,0.0,consensus,pass_1,3.0,100,False,1543714304,T2,T2,False
consensus/pass1-ge-3,qwen2.5:3b,0.43,0.10877729999999998,42.5,41.89375,42.0,23.0,61.5,False,0.0,0.0,0.0,0.0,0.0,0.0,0.0,consensus,pass_1,3.0,100,False,3085938688,T4,T4,False
consensus/pass1-ge-3,qwen2.5:3b-instruct-q4_K_M,0.47,0.10583500000000001,31.5,32.397875,31.5,17.0,50.5,False,0.0,0.0,0.0,0.0,0.0,0.0,0.000625,consensus,pass_1,3.0,100,False,3085938688,T4,T4,False
consensus/pass1-ge-3,qwen2.5:3b-instruct-q8_0,0.48,0.17272310000000002,27.5,30.73725,30.0,20.0,45.5,False,0.0,0.0,0.0,0.0,0.0,0.0,0.0,consensus,pass_1,3.0,100,False,3085938688,T4,T4,False
consensus/pass1-ge-3,qwen2:0.5b-instruct-q8_0,0.03,0.019274100000000002,116.5,119.16175,117.5,100.5,133.5,False,0.0,0.0,0.0,0.0,0.0,0.0,0.0,consensus,pass_1,3.0,100,False,494032768,T1,T1,False
consensus/pass1-ge-3,qwen2:1.5b,0.08,0.0268809,100.5,100.498375,100.5,87.0,114.5,False,0.0,0.0,0.0,0.0,0.0,0.0,0.0,consensus,pass_1,3.0,100,False,1543714304,T2,T2,False
consensus/pass1-ge-3,qwen2:1.5b-instruct-q8_0,0.09,0.04402440000000001,96.0,97.82275,97.0,87.5,112.0,False,0.0,0.0,0.0,0.0,0.0,0.0,0.0,consensus,pass_1,3.0,100,False,1543714304,T2,T2,False
consensus/pass1-ge-3,qwen3.5:2b,0.37,0.10294600000000001,56.5,54.241625,55.5,33.0,69.0,False,0.0,0.0,0.0,0.0,0.0,0.0,0.0,consensus,pass_1,3.0,100,False,2274069824,T3,T2,True
consensus/pass1-ge-3,qwen3:0.6b,0.13,0.0153814,89.5,89.78175,89.0,77.5,106.0,True,0.68275,0.0,0.0,0.0,0.0,0.0,0.0,consensus,pass_1,3.0,100,False,751632384,T1,T1,False
consensus/pass1-ge-3,qwen3:0.6b-fp16,0.17,0.0282127,83.0,82.084625,82.0,70.0,96.5,False,0.0185,0.0,0.0,0.0,0.0,0.0,0.0,consensus,pass_1,3.0,100,False,751632384,T1,T1,False
consensus/pass1-ge-3,qwen3:0.6b-q8_0,0.18,0.018881900000000004,78.5,80.765875,80.0,68.0,97.0,True,0.57375,0.0,0.0,0.0,0.0,0.0,0.0,consensus,pass_1,3.0,100,False,751632384,T1,T1,False
consensus/pass1-ge-3,qwen3:1.7b,0.52,0.0365625,21.0,24.54475,22.0,9.0,51.0,True,0.98575,0.0,0.0,0.0,0.0,0.0,0.05472916666666667,consensus,pass_1,3.0,100,False,2031739904,T3,T3,False
consensus/pass1-ge-3,qwen3:1.7b-fp16,0.58,0.08118539999999999,14.0,16.44575,14.0,7.0,41.5,False,0.00025,0.0,0.0,0.0,0.003208333333333333,0.0,0.26463333333333333,consensus,pass_1,3.0,100,False,2031739904,T3,T3,False
consensus/pass1-ge-3,qwen3:1.7b-q8_0,0.53,0.053398499999999995,19.5,23.523,20.5,9.5,52.0,False,0.1445,0.0,0.0,0.0,0.0,0.0,0.053020833333333336,consensus,pass_1,3.0,100,False,2031739904,T3,T3,False
consensus/pass1-ge-3,qwen3:4b,0.5,0.2570734,24.0,28.0845,25.5,11.0,54.512500000000045,False,0.0,0.0,0.0,0.0,0.00025,0.0,0.020108333333333332,consensus,pass_1,3.0,100,False,4022468096,T5,T5,False
consensus/pass1-ge-3,qwen3:4b-instruct-2507-q4_K_M,0.76,0.10899769999999999,3.0,3.625125,3.0,1.5,8.5,True,0.6055,0.0,0.03408333333333333,1.0,0.8516249999999999,1.0,0.9925625,consensus,pass_1,3.0,100,False,4022468096,T5,T5,False
consensus/pass1-ge-3,qwen3:4b-instruct-2507-q8_0,0.82,0.1605071,1.0,1.59975,1.0,1.0,4.0,True,0.597,1.0,0.6182916666666669,1.0,0.9955833333333334,1.0,0.9996875,consensus,pass_1,3.0,100,False,4022468096,T5,T5,False
consensus/pass1-ge-3,qwen3:4b-q8_0,0.79,0.1389434,2.0,2.139625,2.0,1.0,4.0,True,0.61375,0.0,0.2950833333333333,1.0,0.9946041666666666,1.0,0.99975,consensus,pass_1,3.0,100,False,4022468096,T5,T5,False
consensus/pass1-ge-3,qwen3:4b-thinking-2507-q4_K_M,0.53,0.2587354,19.5,22.818875,20.5,7.5,48.5,False,0.0,0.0,0.0,0.0,0.006458333333333333,0.0,0.09604166666666669,consensus,pass_1,3.0,100,False,4022468096,T5,T4,True
consensus/pass1-ge-3,qwen3:4b-thinking-2507-q8_0,0.65,0.38266600000000006,7.0,9.391875,8.5,1.5,22.0,False,0.022,0.0,0.02420833333333333,0.0,0.22161250000000002,1.0,0.6563916666666672,consensus,pass_1,3.0,100,False,4022468096,T5,T4,True
consensus/pass1-ge-3,sailor2:1b,0.01,0.05649899999999999,132.5,128.228375,129.5,116.0,136.0,False,0.0,0.0,0.0,0.0,0.0,0.0,0.0,consensus,pass_1,3.0,100,False,988064640,T1,T1,False
consensus/pass1-ge-3,smallthinker:3b-preview-q4_K_M,0.48,0.1830502,27.5,30.815,29.5,12.0,56.5,False,0.0,0.0,0.0,0.0,0.0,0.0,0.008354166666666668,consensus,pass_1,3.0,100,False,3397103616,T4,T3,True
consensus/pass1-ge-3,smollm2:1.7b,0.17,0.05150450000000001,83.0,82.1255,82.0,71.5,95.0,False,0.0,0.0,0.0,0.0,0.0,0.0,0.0,consensus,pass_1,3.0,100,False,1711376384,T2,T2,False
consensus/pass1-ge-3,smollm2:1.7b-instruct-q8_0,0.18,0.051941799999999996,78.5,80.132125,80.0,72.0,89.5,False,0.0,0.0,0.0,0.0,0.0,0.0,0.0,consensus,pass_1,3.0,100,False,1711376384,T2,T2,False
consensus/pass1-ge-3,smollm2:135m,0.01,0.0119867,132.5,127.481625,129.5,111.5,135.5,False,0.0,0.0,0.0,0.0,0.0,0.0,0.0,consensus,pass_1,3.0,100,False,134515008,T1,T1,False
consensus/pass1-ge-3,smollm2:135m-instruct-q8_0,0.01,0.00814,132.5,129.142,129.5,122.5,133.5,False,0.0,0.0,0.0,0.0,0.0,0.0,0.0,consensus,pass_1,3.0,100,False,134515008,T1,T1,False
consensus/pass1-ge-3,smollm2:360m,0.06,0.017338700000000002,108.0,106.4865,105.5,93.5,123.0,False,0.0065,0.0,0.0,0.0,0.0,0.0,0.0,consensus,pass_1,3.0,100,False,361821120,T1,T1,False
consensus/pass1-ge-3,smollm2:360m-instruct-q8_0,0.02,0.012322199999999998,124.5,123.908875,124.0,111.0,133.5,False,0.00025,0.0,0.0,0.0,0.0,0.0,0.0,consensus,pass_1,3.0,100,False,361821120,T1,T1,False
consensus/pass1-ge-3,smollm:1.7b,0.02,0.0749611,124.5,123.908875,124.0,111.0,133.5,False,0.0,0.0,0.0,0.0,0.0,0.0,0.0,consensus,pass_1,3.0,100,False,1711376384,T2,T2,False
consensus/pass1-ge-3,smollm:360m,0.01,0.025851599999999995,132.5,129.142,129.5,122.5,133.5,False,0.0,0.0,0.0,0.0,0.0,0.0,0.0,consensus,pass_1,3.0,100,False,361821120,T1,T1,False
consensus/pass1-ge-3,stablelm2:1.6b,0.03,0.057245799999999986,116.5,117.586,117.0,104.0,132.0,False,0.0,0.0,0.0,0.0,0.0,0.0,0.0,consensus,pass_1,3.0,100,False,1644515328,T2,T2,False
consensus/pass1-ge-3,stablelm2:1.6b-chat,0.03,0.0572737,116.5,119.16175,117.5,100.5,133.5,False,0.0,0.0,0.0,0.0,0.0,0.0,0.0,consensus,pass_1,3.0,100,False,1644515328,T2,T2,False
consensus/pass1-ge-3,stablelm2:1.6b-zephyr,0.05,0.0446021,110.5,109.514625,109.0,97.0,128.0,False,0.0,0.0,0.0,0.0,0.0,0.0,0.0,consensus,pass_1,3.0,100,False,1644515328,T2,T2,False
consensus/pass1-ge-3,starcoder2:3b,0.0,0.13843060000000001,136.5,133.630625,134.5,128.0,136.5,False,0.0,0.0,0.0,0.0,0.0,0.0,0.0,consensus,pass_1,3.0,100,True,3030371328,T4,T3,True
consensus/pass1-ge-3,starcoder2:3b-q6_K,0.02,0.1815079,124.5,122.3485,123.0,110.0,131.5,False,0.0,0.0,0.0,0.0,0.0,0.0,0.0,consensus,pass_1,3.0,100,False,3030371328,T4,T3,True
consensus/pass1-ge-3,starcoder2:3b-q8_0,0.01,0.2077656,132.5,127.481625,129.5,111.5,135.5,False,0.0,0.0,0.0,0.0,0.0,0.0,0.0,consensus,pass_1,3.0,100,False,3030371328,T4,T3,True
consensus/pass1-ge-3,tinyllama:1.1b,0.02,0.037376900000000005,124.5,122.7695,123.5,110.5,131.5,False,0.0,0.0,0.0,0.0,0.0,0.0,0.0,consensus,pass_1,3.0,100,False,1100048384,T2,T2,False
consensus/pass1-ge-3,tinyllama:1.1b-chat-v1-q8_0,0.07,0.06069599999999999,104.5,103.812375,103.5,85.5,129.0,False,0.0,0.0,0.0,0.0,0.0,0.0,0.0,consensus,pass_1,3.0,100,False,1100048384,T2,T2,False
consensus/pass1-ge-3,yi-coder:1.5b,0.09,0.05313199999999999,96.0,98.000875,97.5,82.5,118.01250000000005,False,0.0,0.0,0.0,0.0,0.0,0.0,0.0,consensus,pass_1,3.0,100,False,1476495360,T2,T2,False
consensus/pass1-ge-3.5,codegemma:2b,0.0,0.10250499999999999,127.0,122.014,124.0,112.0,127.0,False,0.0,0.0,0.0,0.0,0.0,0.0,0.0,consensus,pass_1,3.5,100,True,2506172416,T3,T2,True
consensus/pass1-ge-3.5,codegemma:2b-code-q6_K,0.03,0.0531285,86.0,94.648625,88.0,59.5,125.0,False,0.0,0.0,0.0,0.0,0.0,0.0,0.0,consensus,pass_1,3.5,100,False,2506172416,T3,T2,True
consensus/pass1-ge-3.5,cogito:3b,0.14,0.0465268,51.5,50.68625,51.0,30.0,69.5,False,0.03025,0.0,0.0,0.0,0.0,0.0,0.0,consensus,pass_1,3.5,100,False,3606752320,T4,T3,True
consensus/pass1-ge-3.5,cogito:3b-v1-preview-llama-q8_0,0.15,0.0701172,47.5,47.762,48.0,32.0,63.0,False,0.0,0.0,0.0,0.0,0.0,0.0,0.0,consensus,pass_1,3.5,100,False,3606752320,T4,T3,True
consensus/pass1-ge-3.5,deepseek-coder:1.3b,0.0,0.0654276,127.0,122.014,124.0,112.0,127.0,False,0.0,0.0,0.0,0.0,0.0,0.0,0.0,consensus,pass_1,3.5,100,True,1346471936,T2,T2,False
consensus/pass1-ge-3.5,deepseek-coder:1.3b-instruct-q8_0,0.01,0.097566,108.5,106.700625,107.5,81.0,126.5,False,0.0,0.0,0.0,0.0,0.0,0.0,0.0,consensus,pass_1,3.5,100,False,1346471936,T2,T2,False
consensus/pass1-ge-3.5,falcon3:1b,0.01,0.09954219999999997,108.5,107.65475,106.5,92.0,121.0,False,0.0,0.0,0.0,0.0,0.0,0.0,0.0,consensus,pass_1,3.5,100,False,1669408768,T2,T2,False
consensus/pass1-ge-3.5,falcon3:1b-instruct-q8_0,0.01,0.09960649999999997,108.5,107.65475,106.5,92.0,121.0,False,0.0,0.0,0.0,0.0,0.0,0.0,0.0,consensus,pass_1,3.5,100,False,1669408768,T2,T2,False
consensus/pass1-ge-3.5,falcon3:3b,0.04,0.0586016,80.5,82.3035,80.5,68.0,115.5,False,0.0,0.0,0.0,0.0,0.0,0.0,0.0,consensus,pass_1,3.5,100,False,3227655168,T4,T4,False
consensus/pass1-ge-3.5,falcon3:3b-instruct-q4_K_M,0.03,0.058018900000000005,86.0,89.0805,86.5,71.48750000000001,120.0,False,0.0,0.0,0.0,0.0,0.0,0.0,0.0,consensus,pass_1,3.5,100,False,3227655168,T4,T4,False
consensus/pass1-ge-3.5,falcon3:3b-instruct-q8_0,0.14,0.09732470000000001,51.5,51.698875,51.5,27.5,76.0,False,0.0,0.0,0.0,0.0,0.0,0.0,0.0,consensus,pass_1,3.5,100,False,3227655168,T4,T4,False
consensus/pass1-ge-3.5,gemma2:2b,0.11,0.06473620000000001,61.5,59.404375,60.5,34.5,80.0,False,0.0,0.0,0.0,0.0,0.0,0.0,0.0,consensus,pass_1,3.5,100,False,2614341888,T3,T3,False
consensus/pass1-ge-3.5,gemma2:2b-instruct-q4_K_M,0.13,0.06000190000000001,56.0,54.2215,54.0,38.0,71.0,False,0.0,0.0,0.0,0.0,0.0,0.0,0.0,consensus,pass_1,3.5,100,False,2614341888,T3,T2,True
consensus/pass1-ge-3.5,gemma2:2b-instruct-q8_0,0.13,0.0859835,56.0,54.328625,55.0,24.0,83.5,False,0.0,0.0,0.0,0.0,0.0,0.0,0.0,consensus,pass_1,3.5,100,False,2614341888,T3,T3,False
consensus/pass1-ge-3.5,gemma3:1b,0.05,0.0230552,77.0,78.932875,76.5,64.0,112.0,False,0.01525,0.0,0.0,0.0,0.0,0.0,0.0,consensus,pass_1,3.5,100,False,999885952,T1,T1,False
consensus/pass1-ge-3.5,gemma3:1b-it-q8_0,0.05,0.023906599999999997,77.0,82.199375,77.0,59.0,116.5,False,0.00025,0.0,0.0,0.0,0.0,0.0,0.0,consensus,pass_1,3.5,100,False,999885952,T1,T1,False
consensus/pass1-ge-3.5,gemma3:1b-it-qat,0.08,0.020576200000000003,69.0,68.055,68.0,46.0,89.5,True,0.62375,0.0,0.0,0.0,0.0,0.0,0.0,consensus,pass_1,3.5,100,False,999885952,T1,T1,False
consensus/pass1-ge-3.5,gemma3:270m,0.0,0.0052651,127.0,122.014,124.0,112.0,127.0,True,0.97675,0.0,0.0,0.0,0.0,0.0,0.0,consensus,pass_1,3.5,100,True,268098176,T1,T1,False
consensus/pass1-ge-3.5,gemma3:270m-it-qat,0.01,0.007723500000000001,108.5,106.555,107.5,82.5,125.0,True,0.643,0.0,0.0,0.0,0.0,0.0,0.0,consensus,pass_1,3.5,100,False,268098176,T1,T1,False
consensus/pass1-ge-3.5,gemma3:4b,0.34,0.0641429,11.5,13.205875,12.0,6.0,28.012500000000045,False,0.1065,0.0,0.0,0.0,0.021541666666666667,0.0,0.36266666666666675,consensus,pass_1,3.5,100,False,4299915632,T5,T5,False
consensus/pass1-ge-3.5,gemma3:4b-it-q4_K_M,0.27,0.06425800000000001,20.0,22.525625,21.0,11.5,43.0,False,0.00275,0.0,0.0,0.0,0.0,0.0,0.012452976190476191,consensus,pass_1,3.5,100,False,4299915632,T5,T5,False
consensus/pass1-ge-3.5,gemma3:4b-it-q8_0,0.27,0.08659489999999997,20.0,22.69375,21.0,9.0,44.512500000000045,False,0.0005,0.0,0.0,0.0,0.0009583333333333334,0.0,0.05131130952380954,consensus,pass_1,3.5,100,False,4299915632,T5,T5,False
consensus/pass1-ge-3.5,gemma3:4b-it-qat,0.28,0.07702389999999999,17.5,20.997875,19.0,9.5,42.5,False,0.0,0.0,0.0,0.0,0.0,0.0,0.05372500000000001,consensus,pass_1,3.5,100,False,4300079472,T5,T5,False
consensus/pass1-ge-3.5,gemma3n:e2b,0.28,0.0648302,17.5,20.896125,19.5,8.0,41.5,False,0.00225,0.0,0.0,0.0,0.0005,0.0,0.07870833333333335,consensus,pass_1,3.5,100,False,4456156768,T5,T5,False
consensus/pass1-ge-3.5,gemma4:e2b-it-qat,0.41,0.0504522,6.0,8.199625,7.0,4.0,18.5,True,0.94375,0.0,0.00025,0.0,0.226,1.0,0.8044958333333334,consensus,pass_1,3.5,100,False,4628569635,T5,T5,False
consensus/pass1-ge-3.5,gemma:2b,0.05,0.048510500000000005,77.0,81.906625,77.5,48.0,124.0,False,0.0005,0.0,0.0,0.0,0.0,0.0,0.0,consensus,pass_1,3.5,100,False,2506434560,T3,T3,False
consensus/pass1-ge-3.5,gemma:2b-instruct-q4_K_M,0.06,0.04429810000000001,72.5,79.1405,73.5,39.987500000000004,116.5,False,0.0115,0.0,0.0,0.0,0.0,0.0,0.0,consensus,pass_1,3.5,100,False,2506434560,T3,T2,True
consensus/pass1-ge-3.5,gemma:2b-instruct-q8_0,0.05,0.06085420000000001,77.0,81.906625,77.5,48.0,124.0,False,0.0,0.0,0.0,0.0,0.0,0.0,0.0,consensus,pass_1,3.5,100,False,2506434560,T3,T3,False
consensus/pass1-ge-3.5,granite3.1-dense:2b,0.24,0.08316719999999998,24.5,26.955625,25.5,13.0,52.0,False,0.0,0.0,0.0,0.0,0.0,0.0,0.0032500000000000003,consensus,pass_1,3.5,100,False,2533531648,T3,T3,False
consensus/pass1-ge-3.5,granite3.1-dense:2b-instruct-q8_0,0.23,0.1141953,27.5,29.515,27.5,14.0,57.0,False,0.0,0.0,0.0,0.0,0.0,0.0,0.0018624999999999998,consensus,pass_1,3.5,100,False,2533531648,T3,T3,False
consensus/pass1-ge-3.5,granite3.1-moe:3b,0.03,0.0334147,86.0,87.608,86.0,68.0,120.0,False,0.00575,0.0,0.0,0.0,0.0,0.0,0.0,consensus,pass_1,3.5,100,False,3298793472,T4,T4,False
consensus/pass1-ge-3.5,granite3.2:2b,0.22,0.1216954,30.5,32.225125,31.0,12.5,62.5,False,0.0,0.0,0.0,0.0,0.0,0.0,0.009850000000000001,consensus,pass_1,3.5,100,False,2533531648,T3,T3,False
consensus/pass1-ge-3.5,granite3.2:2b-instruct-q4_K_M,0.22,0.1221751,30.5,31.714875,30.5,14.0,59.5,False,0.0,0.0,0.0,0.0,0.0,0.0,0.002229166666666667,consensus,pass_1,3.5,100,False,2533531648,T3,T3,False
consensus/pass1-ge-3.5,granite3.3:2b,0.18,0.0769426,39.0,40.972125,39.75,16.0,70.0,False,0.0,0.0,0.0,0.0,0.0,0.0,0.0012916666666666667,consensus,pass_1,3.5,100,False,2533539840,T3,T3,False
consensus/pass1-ge-3.5,granite4.1:3b,0.39,0.074758,7.5,8.688875,8.0,5.0,15.5,False,0.2445,0.0,0.0,0.0,0.09212500000000001,1.0,0.7901279761904763,consensus,pass_1,3.5,100,False,3402836480,T4,T3,True
consensus/pass1-ge-3.5,granite4:1b-h,0.13,0.028435600000000005,56.0,53.851375,54.0,35.0,70.5,True,0.821,0.0,0.0,0.0,0.0,0.0,0.0,consensus,pass_1,3.5,100,False,1461538368,T2,T2,False
consensus/pass1-ge-3.5,granite4:350m,0.03,0.012930599999999999,86.0,90.085625,87.5,69.5,116.5,True,0.5165,0.0,0.0,0.0,0.0,0.0,0.0,consensus,pass_1,3.5,100,False,352379904,T1,T1,False
consensus/pass1-ge-3.5,granite4:350m-bf16,0.01,0.012712099999999999,108.5,107.65475,106.5,92.0,121.0,False,0.17025,0.0,0.0,0.0,0.0,0.0,0.0,consensus,pass_1,3.5,100,False,352379904,T1,T1,False
consensus/pass1-ge-3.5,granite4:350m-h,0.0,0.0080541,127.0,122.014,124.0,112.0,127.0,False,0.0,0.0,0.0,0.0,0.0,0.0,0.0,consensus,pass_1,3.5,100,True,340332224,T1,T1,False
consensus/pass1-ge-3.5,granite4:micro,0.26,0.0798973,22.5,23.447625,22.5,11.0,41.0,False,0.0,0.0,0.0,0.0,0.0,0.0,0.019319642857142855,consensus,pass_1,3.5,100,False,3402836480,T4,T4,False
consensus/pass1-ge-3.5,granite4:micro-h,0.38,0.0651603,9.0,9.49475,9.0,4.5,18.5,False,0.309,0.0,0.0,0.0,0.09937500000000002,1.0,0.6759863095238096,consensus,pass_1,3.5,100,False,3191396096,T4,T4,False
consensus/pass1-ge-3.5,hf.co/LiquidAI/LFM2-1.2B-GGUF:Q4_K_M,0.03,0.0186997,86.0,87.63375,85.5,71.0,118.53750000000014,False,0.166,0.0,0.0,0.0,0.0,0.0,0.0,consensus,pass_1,3.5,100,False,1170340608,T2,T2,False
consensus/pass1-ge-3.5,hf.co/LiquidAI/LFM2-1.2B-GGUF:Q8_0,0.03,0.030554,86.0,87.198375,85.5,72.5,113.5,False,0.0,0.0,0.0,0.0,0.0,0.0,0.0,consensus,pass_1,3.5,100,False,1170340608,T2,T2,False
consensus/pass1-ge-3.5,hf.co/LiquidAI/LFM2-350M-GGUF:Q4_K_M,0.0,0.011277400000000002,127.0,122.014,124.0,112.0,127.0,False,0.0,0.0,0.0,0.0,0.0,0.0,0.0,consensus,pass_1,3.5,100,True,354483968,T1,T1,False
consensus/pass1-ge-3.5,hf.co/LiquidAI/LFM2-700M-GGUF:Q4_K_M,0.0,0.0220955,127.0,122.014,124.0,112.0,127.0,False,0.0,0.0,0.0,0.0,0.0,0.0,0.0,consensus,pass_1,3.5,100,True,742489344,T1,T1,False
consensus/pass1-ge-3.5,hf.co/NousResearch/Hermes-3-Llama-3.2-3B-GGUF:Q4_K_M,0.1,0.0769492,65.0,61.547375,63.0,36.0,83.0,False,0.0,0.0,0.0,0.0,0.0,0.0,0.0,consensus,pass_1,3.5,100,False,3212749888,T4,T3,True
consensus/pass1-ge-3.5,hf.co/NousResearch/Hermes-3-Llama-3.2-3B-GGUF:Q8_0,0.12,0.0991791,58.5,55.999625,57.0,29.5,78.5,False,0.0,0.0,0.0,0.0,0.0,0.0,0.0,consensus,pass_1,3.5,100,False,3212749888,T4,T3,True
consensus/pass1-ge-3.5,hf.co/Qwen/Qwen2.5-1.5B-Instruct-GGUF:Q4_K_M,0.09,0.038428699999999996,67.5,64.934375,65.5,37.5,96.02500000000009,False,0.09775,0.0,0.0,0.0,0.0,0.0,0.0,consensus,pass_1,3.5,100,False,1777088000,T2,T2,False
consensus/pass1-ge-3.5,hf.co/Qwen/Qwen2.5-3B-Instruct-GGUF:Q4_K_M,0.24,0.09588630000000001,24.5,27.27175,25.5,13.0,54.012500000000045,False,0.0,0.0,0.0,0.0,0.0,0.0,0.006516666666666665,consensus,pass_1,3.5,100,False,3397103616,T4,T4,False
consensus/pass1-ge-3.5,hf.co/Qwen/Qwen3-4B-GGUF:Q4_K_M,0.39,0.2571047,7.5,8.928375,8.0,4.5,18.0,False,0.001,0.0,0.00025,0.0,0.08312499999999996,1.0,0.7668113095238095,consensus,pass_1,3.5,100,False,4022468096,T5,T5,False
consensus/pass1-ge-3.5,hf.co/allenai/OLMo-2-0425-1B-Instruct-GGUF:Q4_K_M,0.01,0.061812700000000005,108.5,107.65475,106.5,92.0,121.0,False,0.0,0.0,0.0,0.0,0.0,0.0,0.0,consensus,pass_1,3.5,100,False,1484916736,T2,T1,True
consensus/pass1-ge-3.5,hf.co/bartowski/Llama-3.2-3B-Instruct-GGUF:IQ4_XS,0.14,0.06516,51.5,51.48125,51.5,28.5,73.0,False,0.0,0.0,0.0,0.0,0.0,0.0,0.0,consensus,pass_1,3.5,100,False,3212749888,T4,T3,True
consensus/pass1-ge-3.5,hf.co/bartowski/Llama-3.2-3B-Instruct-GGUF:Q3_K_L,0.11,0.06620140000000001,61.5,59.52325,60.5,40.987500000000004,76.0,False,0.0,0.0,0.0,0.0,0.0,0.0,0.0,consensus,pass_1,3.5,100,False,3212749888,T4,T3,True
consensus/pass1-ge-3.5,hf.co/bartowski/Llama-3.2-3B-Instruct-GGUF:Q5_K_M,0.23,0.07428490000000001,27.5,28.267625,27.5,15.0,44.5,False,0.0,0.0,0.0,0.0,0.0,0.0,0.0005,consensus,pass_1,3.5,100,False,3212749888,T4,T3,True
consensus/pass1-ge-3.5,hf.co/bartowski/Llama-3.2-3B-Instruct-GGUF:Q6_K,0.17,0.0734838,42.0,42.79075,42.5,29.0,58.5,False,0.0,0.0,0.0,0.0,0.0,0.0,0.0,consensus,pass_1,3.5,100,False,3212749888,T4,T3,True
consensus/pass1-ge-3.5,hf.co/ggml-org/SmolLM3-3B-GGUF:Q4_K_M,0.09,0.110296,67.5,65.4005,65.5,37.5,96.0,False,0.0,0.0,0.0,0.0,0.0,0.0,0.0,consensus,pass_1,3.5,100,False,3075098624,T4,T3,True
consensus/pass1-ge-3.5,hf.co/ggml-org/SmolLM3-3B-GGUF:Q8_0,0.14,0.13829260000000002,51.5,51.594375,50.5,31.5,74.0,False,0.0,0.0,0.0,0.0,0.0,0.0,0.0,consensus,pass_1,3.5,100,False,3075098624,T4,T3,True
consensus/pass1-ge-3.5,hf.co/openbmb/MiniCPM3-4B-GGUF:Q4_K_M,0.11,0.0784251,61.5,59.617375,60.5,44.5,71.0,False,0.0,0.0,0.0,0.0,0.0,0.0,0.0,consensus,pass_1,3.5,100,False,4073876000,T5,T4,True
consensus/pass1-ge-3.5,hf.co/tiiuae/Falcon-H1-0.5B-Instruct-GGUF:Q4_K_M,0.04,0.034294200000000004,80.5,86.275,81.5,61.487500000000004,119.5,False,0.03775,0.0,0.0,0.0,0.0,0.0,0.0,consensus,pass_1,3.5,100,False,521411104,T1,T1,False
consensus/pass1-ge-3.5,hf.co/tiiuae/Falcon-H1-1.5B-Deep-Instruct-GGUF:IQ4_XS,0.17,0.1053772,42.0,42.744875,42.0,17.0,72.5,False,0.0,0.0,0.0,0.0,0.0,0.0,0.00125,consensus,pass_1,3.5,100,False,1554874768,T2,T2,False
consensus/pass1-ge-3.5,hf.co/tiiuae/Falcon-H1-1.5B-Deep-Instruct-GGUF:Q4_K_M,0.1,0.09332829999999999,65.0,62.3895,63.0,33.487500000000004,91.51250000000005,False,0.0,0.0,0.0,0.0,0.0,0.0,0.0,consensus,pass_1,3.5,100,False,1554874768,T2,T2,False
consensus/pass1-ge-3.5,hf.co/tiiuae/Falcon-H1-3B-Instruct-GGUF:Q4_K_M,0.35,0.12489019999999998,10.0,12.65225,11.0,5.0,30.0,False,0.0,0.0,0.0,0.0,0.03764583333333333,1.0,0.45466964285714273,consensus,pass_1,3.5,100,False,3149392384,T4,T3,True
consensus/pass1-ge-3.5,hf.co/unsloth/Llama-3.2-1B-Instruct-GGUF:Q4_K_M,0.02,0.0180221,95.5,95.326375,94.0,80.0,117.0,False,0.01125,0.0,0.0,0.0,0.0,0.0,0.0,consensus,pass_1,3.5,100,False,1235814432,T2,T2,False
consensus/pass1-ge-3.5,hf.co/unsloth/Phi-4-mini-instruct-GGUF:Q4_K_M,0.14,0.10440899999999999,51.5,51.68175,51.5,32.0,72.0,False,0.0,0.0,0.0,0.0,0.0,0.0,0.0,consensus,pass_1,3.5,100,False,3836021856,T4,T4,False
consensus/pass1-ge-3.5,hf.co/unsloth/Qwen3-4B-GGUF:Q4_K_M,0.54,0.09334010000000001,3.0,2.979375,3.0,1.0,5.5,True,0.964,0.0,0.17862500000000006,1.0,0.9743333333333333,1.0,1.0,consensus,pass_1,3.5,100,False,4022468096,T5,T5,False
consensus/pass1-ge-3.5,internlm2:1.8b,0.01,0.030893100000000003,108.5,106.555,107.5,82.5,125.0,False,0.0,0.0,0.0,0.0,0.0,0.0,0.0,consensus,pass_1,3.5,100,False,1889110016,T2,T2,False
consensus/pass1-ge-3.5,llama3.2:1b,0.03,0.0269072,86.0,87.51425,85.5,71.5,118.5,False,0.00525,0.0,0.0,0.0,0.0,0.0,0.0,consensus,pass_1,3.5,100,False,1235814432,T2,T2,False
consensus/pass1-ge-3.5,llama3.2:1b-instruct-q4_K_M,0.02,0.022604799999999994,95.5,95.13475,93.5,72.5,124.5,False,0.0065,0.0,0.0,0.0,0.0,0.0,0.0,consensus,pass_1,3.5,100,False,1235814432,T2,T1,True
consensus/pass1-ge-3.5,llama3.2:1b-instruct-q8_0,0.02,0.026446500000000005,95.5,95.88925,93.5,77.0,124.0,False,0.00275,0.0,0.0,0.0,0.0,0.0,0.0,consensus,pass_1,3.5,100,False,1235814432,T2,T2,False
consensus/pass1-ge-3.5,llama3.2:3b,0.17,0.05392730000000001,42.0,42.0245,42.0,24.5,61.0,False,0.00125,0.0,0.0,0.0,0.0,0.0,0.0,consensus,pass_1,3.5,100,False,3212749888,T4,T4,False
consensus/pass1-ge-3.5,llama3.2:3b-instruct-q4_K_M,0.14,0.053858199999999995,51.5,51.256125,51.5,35.0,67.5,False,0.0,0.0,0.0,0.0,0.0,0.0,0.0,consensus,pass_1,3.5,100,False,3212749888,T4,T3,True
consensus/pass1-ge-3.5,llama3.2:3b-instruct-q8_0,0.2,0.08039449999999998,35.5,35.590375,35.25,18.0,53.512500000000045,False,0.0,0.0,0.0,0.0,0.0,0.0,0.0001875,consensus,pass_1,3.5,100,False,3212749888,T4,T4,False
consensus/pass1-ge-3.5,ministral-3:3b,0.34,0.10715520000000002,11.5,12.72,12.0,6.0,23.0,False,0.00325,0.0,0.0,0.0,0.014083333333333333,0.0,0.3469666666666667,consensus,pass_1,3.5,100,False,3849090048,T4,T4,False
consensus/pass1-ge-3.5,nemotron-mini:4b,0.01,0.0678951,108.5,107.65475,106.5,92.0,121.0,False,0.0,0.0,0.0,0.0,0.0,0.0,0.0,consensus,pass_1,3.5,100,False,4190509056,T5,T5,False
consensus/pass1-ge-3.5,nemotron-mini:4b-instruct-q4_K_M,0.01,0.06775320000000001,108.5,107.65475,106.5,92.0,121.0,False,0.0,0.0,0.0,0.0,0.0,0.0,0.0,consensus,pass_1,3.5,100,False,4190509056,T5,T5,False
consensus/pass1-ge-3.5,nemotron-mini:4b-instruct-q8_0,0.05,0.11059119999999999,77.0,77.372625,76.0,68.5,92.5,False,0.0,0.0,0.0,0.0,0.0,0.0,0.0,consensus,pass_1,3.5,100,False,4190509056,T5,T5,False
consensus/pass1-ge-3.5,opencoder:1.5b,0.02,0.07436240000000001,95.5,98.861125,95.0,69.0,125.0,False,0.0,0.0,0.0,0.0,0.0,0.0,0.0,consensus,pass_1,3.5,100,False,1905650880,T2,T2,False
consensus/pass1-ge-3.5,phi3.5:3.8b,0.18,0.14908549999999998,39.0,41.195875,40.0,19.5,67.0,False,0.0,0.0,0.0,0.0,0.0,0.0,0.00025,consensus,pass_1,3.5,100,False,3821079648,T4,T4,False
consensus/pass1-ge-3.5,phi3.5:3.8b-mini-instruct-q8_0,0.21,0.2185186,33.0,34.950375,33.0,17.0,62.0,False,0.0,0.0,0.0,0.0,0.0,0.0,0.0009166666666666666,consensus,pass_1,3.5,100,False,3821079648,T4,T4,False
consensus/pass1-ge-3.5,phi3:3.8b,0.11,0.10969870000000002,61.5,60.061625,60.0,43.0,76.5,False,0.0,0.0,0.0,0.0,0.0,0.0,0.0,consensus,pass_1,3.5,100,False,3821079648,T4,T4,False
consensus/pass1-ge-3.5,phi3:3.8b-mini-128k-instruct-q8_0,0.16,0.12320129999999999,45.0,45.930625,45.5,25.5,68.5,False,0.0,0.0,0.0,0.0,0.0,0.0,0.0,consensus,pass_1,3.5,100,False,3821079648,T4,T4,False
consensus/pass1-ge-3.5,phi3:mini,0.12,0.10882840000000002,58.5,56.578,56.5,40.5,72.0,False,0.0,0.0,0.0,0.0,0.0,0.0,0.0,consensus,pass_1,3.5,100,False,3821079648,T4,T4,False
consensus/pass1-ge-3.5,phi3:mini-128k,0.1,0.1089084,65.0,63.0045,63.0,44.5,80.5,False,0.0,0.0,0.0,0.0,0.0,0.0,0.0,consensus,pass_1,3.5,100,False,3821079648,T4,T4,False
consensus/pass1-ge-3.5,phi3:mini-4k,0.16,0.1537809,45.0,45.60125,45.0,29.0,64.0,False,0.0,0.0,0.0,0.0,0.0,0.0,0.0,consensus,pass_1,3.5,100,False,3821079552,T4,T4,False
consensus/pass1-ge-3.5,phi4-mini,0.16,0.0958175,45.0,45.150875,45.0,24.0,67.5,False,0.0,0.0,0.0,0.0,0.0,0.0,0.0,consensus,pass_1,3.5,100,False,3836021856,T4,T4,False
consensus/pass1-ge-3.5,phi4-mini-reasoning,0.27,0.2828102,20.0,22.14,20.5,9.0,44.0,False,0.0,0.0,0.0,0.0,0.0010416666666666664,0.0,0.06858333333333334,consensus,pass_1,3.5,100,False,3836021856,T4,T4,False
consensus/pass1-ge-3.5,qwen2-math:1.5b,0.0,0.0745381,127.0,122.014,124.0,112.0,127.0,False,0.0,0.0,0.0,0.0,0.0,0.0,0.0,consensus,pass_1,3.5,100,True,1543714304,T2,T2,False
consensus/pass1-ge-3.5,qwen2.5-coder:0.5b,0.01,0.025064600000000003,108.5,107.65475,106.5,92.0,121.0,False,0.0,0.0,0.0,0.0,0.0,0.0,0.0,consensus,pass_1,3.5,100,False,494032768,T1,T1,False
consensus/pass1-ge-3.5,qwen2.5-coder:1.5b,0.06,0.05254289999999999,72.5,73.84275,73.0,64.5,88.0,False,0.0,0.0,0.0,0.0,0.0,0.0,0.0,consensus,pass_1,3.5,100,False,1543714304,T2,T2,False
consensus/pass1-ge-3.5,qwen2.5-coder:1.5b-instruct-q8_0,0.07,0.0742927,70.0,71.11025,71.0,53.5,89.0,False,0.0,0.0,0.0,0.0,0.0,0.0,0.0,consensus,pass_1,3.5,100,False,1543714304,T2,T2,False
consensus/pass1-ge-3.5,qwen2.5-coder:3b,0.2,0.094148,35.5,36.353125,34.5,21.0,60.5,False,0.0,0.0,0.0,0.0,0.0,0.0,0.0,consensus,pass_1,3.5,100,False,3085938688,T4,T4,False
consensus/pass1-ge-3.5,qwen2.5-coder:3b-instruct-q4_K_M,0.19,0.09297190000000001,37.0,38.75025,37.5,23.0,61.5,False,0.0,0.0,0.0,0.0,0.0,0.0,0.0,consensus,pass_1,3.5,100,False,3085938688,T4,T4,False
consensus/pass1-ge-3.5,qwen2.5-coder:3b-instruct-q8_0,0.23,0.15580289999999997,27.5,29.4355,28.5,16.0,49.0,False,0.0,0.0,0.0,0.0,0.0,0.0,6.25e-05,consensus,pass_1,3.5,100,False,3085938688,T4,T4,False
consensus/pass1-ge-3.5,qwen2.5:0.5b,0.0,0.0324637,127.0,122.014,124.0,112.0,127.0,False,0.0,0.0,0.0,0.0,0.0,0.0,0.0,consensus,pass_1,3.5,100,True,494032768,T1,T1,False
consensus/pass1-ge-3.5,qwen2.5:0.5b-instruct-q4_K_M,0.0,0.0319782,127.0,122.014,124.0,112.0,127.0,False,0.0,0.0,0.0,0.0,0.0,0.0,0.0,consensus,pass_1,3.5,100,True,494032768,T1,T1,False
consensus/pass1-ge-3.5,qwen2.5:0.5b-instruct-q8_0,0.0,0.034305,127.0,122.014,124.0,112.0,127.0,False,0.0,0.0,0.0,0.0,0.0,0.0,0.0,consensus,pass_1,3.5,100,True,494032768,T1,T1,False
consensus/pass1-ge-3.5,qwen2.5:1.5b,0.02,0.053494799999999995,95.5,95.7125,94.0,73.5,125.5,False,0.0,0.0,0.0,0.0,0.0,0.0,0.0,consensus,pass_1,3.5,100,False,1543714304,T2,T2,False
consensus/pass1-ge-3.5,qwen2.5:1.5b-instruct-q4_K_M,0.02,0.053314699999999986,95.5,95.7125,94.0,73.5,125.5,False,0.0,0.0,0.0,0.0,0.0,0.0,0.0,consensus,pass_1,3.5,100,False,1543714304,T2,T2,False
consensus/pass1-ge-3.5,qwen2.5:1.5b-instruct-q8_0,0.06,0.0777736,72.5,75.622875,73.5,54.5,118.5,False,0.0,0.0,0.0,0.0,0.0,0.0,0.0,consensus,pass_1,3.5,100,False,1543714304,T2,T2,False
consensus/pass1-ge-3.5,qwen2.5:3b,0.21,0.10877729999999998,33.0,32.617625,32.0,20.0,49.5,False,0.0,0.0,0.0,0.0,0.0,0.0,0.000125,consensus,pass_1,3.5,100,False,3085938688,T4,T4,False
consensus/pass1-ge-3.5,qwen2.5:3b-instruct-q4_K_M,0.21,0.10583500000000001,33.0,32.859125,32.0,19.5,51.0,False,0.0,0.0,0.0,0.0,0.0,0.0,0.000125,consensus,pass_1,3.5,100,False,3085938688,T4,T4,False
consensus/pass1-ge-3.5,qwen2.5:3b-instruct-q8_0,0.29,0.17272310000000002,15.0,18.702625,18.0,9.5,34.0,False,0.0,0.0,0.0,0.0,0.0,0.0,0.062070833333333325,consensus,pass_1,3.5,100,False,3085938688,T4,T4,False
consensus/pass1-ge-3.5,qwen2:0.5b-instruct-q8_0,0.0,0.019274100000000002,127.0,122.014,124.0,112.0,127.0,False,0.0,0.0,0.0,0.0,0.0,0.0,0.0,consensus,pass_1,3.5,100,True,494032768,T1,T1,False
consensus/pass1-ge-3.5,qwen2:1.5b,0.01,0.0268809,108.5,106.800125,107.75,83.5,125.0,False,0.0,0.0,0.0,0.0,0.0,0.0,0.0,consensus,pass_1,3.5,100,False,1543714304,T2,T2,False
consensus/pass1-ge-3.5,qwen2:1.5b-instruct-q8_0,0.02,0.04402440000000001,95.5,99.18675,94.5,78.0,121.0,False,0.0,0.0,0.0,0.0,0.0,0.0,0.0,consensus,pass_1,3.5,100,False,1543714304,T2,T2,False
consensus/pass1-ge-3.5,qwen3.5:2b,0.15,0.10294600000000001,47.5,48.432375,48.5,30.0,66.0,False,0.0,0.0,0.0,0.0,0.0,0.0,0.0,consensus,pass_1,3.5,100,False,2274069824,T3,T2,True
consensus/pass1-ge-3.5,qwen3:0.6b,0.03,0.0153814,86.0,87.198375,85.5,72.5,113.5,False,0.324,0.0,0.0,0.0,0.0,0.0,0.0,consensus,pass_1,3.5,100,False,751632384,T1,T1,False
consensus/pass1-ge-3.5,qwen3:0.6b-fp16,0.03,0.0282127,86.0,89.11575,86.5,73.5,117.0,False,0.0,0.0,0.0,0.0,0.0,0.0,0.0,consensus,pass_1,3.5,100,False,751632384,T1,T1,False
consensus/pass1-ge-3.5,qwen3:0.6b-q8_0,0.06,0.018881900000000004,72.5,77.688625,73.5,55.0,117.0,True,0.52475,0.0,0.0,0.0,0.0,0.0,0.0,consensus,pass_1,3.5,100,False,751632384,T1,T1,False
consensus/pass1-ge-3.5,qwen3:1.7b,0.23,0.0365625,27.5,30.158375,28.0,11.0,61.0,True,0.89575,0.0,0.0,0.0,6.25e-05,0.0,0.019770833333333328,consensus,pass_1,3.5,100,False,2031739904,T3,T3,False
consensus/pass1-ge-3.5,qwen3:1.7b-fp16,0.26,0.08118539999999999,22.5,24.72775,22.5,10.5,50.5,False,0.001,0.0,0.0,0.0,0.00075,0.0,0.027433333333333327,consensus,pass_1,3.5,100,False,2031739904,T3,T3,False
consensus/pass1-ge-3.5,qwen3:1.7b-q8_0,0.29,0.053398499999999995,15.0,19.00525,17.5,9.5,36.5,False,0.1965,0.0,0.0,0.0,0.0010416666666666664,0.0,0.05555000000000002,consensus,pass_1,3.5,100,False,2031739904,T3,T3,False
consensus/pass1-ge-3.5,qwen3:4b,0.29,0.2570734,15.0,19.2695,17.5,8.5,39.0,False,0.0,0.0,0.0,0.0,0.0,0.0,0.09881250000000003,consensus,pass_1,3.5,100,False,4022468096,T5,T5,False
consensus/pass1-ge-3.5,qwen3:4b-instruct-2507-q4_K_M,0.57,0.10899769999999999,1.0,2.104125,2.0,1.0,4.5,True,0.672,1.0,0.3272291666666666,1.0,0.9951249999999999,1.0,0.99975,consensus,pass_1,3.5,100,False,4022468096,T5,T5,False
consensus/pass1-ge-3.5,qwen3:4b-instruct-2507-q8_0,0.56,0.1605071,2.0,2.62525,2.0,1.0,6.5,False,0.305,0.0,0.31814583333333335,1.0,0.9548333333333333,1.0,0.9960416666666666,consensus,pass_1,3.5,100,False,4022468096,T5,T5,False
consensus/pass1-ge-3.5,qwen3:4b-q8_0,0.53,0.1389434,4.0,3.26075,3.0,1.0,6.0,False,0.14325,0.0,0.1318958333333333,1.0,0.9574166666666666,1.0,0.999,consensus,pass_1,3.5,100,False,4022468096,T5,T5,False
consensus/pass1-ge-3.5,qwen3:4b-thinking-2507-q4_K_M,0.33,0.2587354,13.0,14.684125,13.0,6.0,32.0,False,0.0005,0.0,0.000375,0.0,0.014916666666666668,0.0,0.3340166666666668,consensus,pass_1,3.5,100,False,4022468096,T5,T4,True
consensus/pass1-ge-3.5,qwen3:4b-thinking-2507-q8_0,0.45,0.38266600000000006,5.0,6.255625,5.0,1.0,17.0,False,0.039,0.0,0.043229166666666666,1.0,0.5251250000000001,1.0,0.8933125000000001,consensus,pass_1,3.5,100,False,4022468096,T5,T4,True
consensus/pass1-ge-3.5,sailor2:1b,0.0,0.05649899999999999,127.0,122.014,124.0,112.0,127.0,False,0.0,0.0,0.0,0.0,0.0,0.0,0.0,consensus,pass_1,3.5,100,True,988064640,T1,T1,False
consensus/pass1-ge-3.5,smallthinker:3b-preview-q4_K_M,0.18,0.1830502,39.0,40.107375,39.5,19.0,64.0,False,0.0,0.0,0.0,0.0,0.0,0.0,0.0,consensus,pass_1,3.5,100,False,3397103616,T4,T3,True
consensus/pass1-ge-3.5,smollm2:1.7b,0.01,0.05150450000000001,108.5,106.800125,107.75,83.5,125.0,False,0.0,0.0,0.0,0.0,0.0,0.0,0.0,consensus,pass_1,3.5,100,False,1711376384,T2,T2,False
consensus/pass1-ge-3.5,smollm2:1.7b-instruct-q8_0,0.01,0.051941799999999996,108.5,106.800125,107.75,83.5,125.0,False,0.0,0.0,0.0,0.0,0.0,0.0,0.0,consensus,pass_1,3.5,100,False,1711376384,T2,T2,False
consensus/pass1-ge-3.5,smollm2:135m,0.0,0.0119867,127.0,122.014,124.0,112.0,127.0,False,0.0,0.0,0.0,0.0,0.0,0.0,0.0,consensus,pass_1,3.5,100,True,134515008,T1,T1,False
consensus/pass1-ge-3.5,smollm2:135m-instruct-q8_0,0.0,0.00814,127.0,122.014,124.0,112.0,127.0,False,0.0,0.0,0.0,0.0,0.0,0.0,0.0,consensus,pass_1,3.5,100,True,134515008,T1,T1,False
consensus/pass1-ge-3.5,smollm2:360m,0.02,0.017338700000000002,95.5,99.18675,94.5,78.0,121.0,False,0.0,0.0,0.0,0.0,0.0,0.0,0.0,consensus,pass_1,3.5,100,False,361821120,T1,T1,False
consensus/pass1-ge-3.5,smollm2:360m-instruct-q8_0,0.02,0.012322199999999998,95.5,99.18675,94.5,78.0,121.0,True,0.404,0.0,0.0,0.0,0.0,0.0,0.0,consensus,pass_1,3.5,100,False,361821120,T1,T1,False
consensus/pass1-ge-3.5,smollm:1.7b,0.0,0.0749611,127.0,122.014,124.0,112.0,127.0,False,0.0,0.0,0.0,0.0,0.0,0.0,0.0,consensus,pass_1,3.5,100,True,1711376384,T2,T2,False
consensus/pass1-ge-3.5,smollm:360m,0.0,0.025851599999999995,127.0,122.014,124.0,112.0,127.0,False,0.0,0.0,0.0,0.0,0.0,0.0,0.0,consensus,pass_1,3.5,100,True,361821120,T1,T1,False
consensus/pass1-ge-3.5,stablelm2:1.6b,0.0,0.057245799999999986,127.0,122.014,124.0,112.0,127.0,False,0.0,0.0,0.0,0.0,0.0,0.0,0.0,consensus,pass_1,3.5,100,True,1644515328,T2,T2,False
consensus/pass1-ge-3.5,stablelm2:1.6b-chat,0.01,0.0572737,108.5,107.65475,106.5,92.0,121.0,False,0.0,0.0,0.0,0.0,0.0,0.0,0.0,consensus,pass_1,3.5,100,False,1644515328,T2,T2,False
consensus/pass1-ge-3.5,stablelm2:1.6b-zephyr,0.01,0.0446021,108.5,107.65475,106.5,92.0,121.0,False,0.0,0.0,0.0,0.0,0.0,0.0,0.0,consensus,pass_1,3.5,100,False,1644515328,T2,T2,False
consensus/pass1-ge-3.5,starcoder2:3b,0.0,0.13843060000000001,127.0,122.014,124.0,112.0,127.0,False,0.0,0.0,0.0,0.0,0.0,0.0,0.0,consensus,pass_1,3.5,100,True,3030371328,T4,T3,True
consensus/pass1-ge-3.5,starcoder2:3b-q6_K,0.0,0.1815079,127.0,122.014,124.0,112.0,127.0,False,0.0,0.0,0.0,0.0,0.0,0.0,0.0,consensus,pass_1,3.5,100,True,3030371328,T4,T3,True
consensus/pass1-ge-3.5,starcoder2:3b-q8_0,0.0,0.2077656,127.0,122.014,124.0,112.0,127.0,False,0.0,0.0,0.0,0.0,0.0,0.0,0.0,consensus,pass_1,3.5,100,True,3030371328,T4,T3,True
consensus/pass1-ge-3.5,tinyllama:1.1b,0.02,0.037376900000000005,95.5,95.5675,94.0,81.5,116.5,False,0.0,0.0,0.0,0.0,0.0,0.0,0.0,consensus,pass_1,3.5,100,False,1100048384,T2,T2,False
consensus/pass1-ge-3.5,tinyllama:1.1b-chat-v1-q8_0,0.0,0.06069599999999999,127.0,122.014,124.0,112.0,127.0,False,0.0,0.0,0.0,0.0,0.0,0.0,0.0,consensus,pass_1,3.5,100,True,1100048384,T2,T2,False
consensus/pass1-ge-3.5,yi-coder:1.5b,0.01,0.05313199999999999,108.5,106.555,107.5,82.5,125.0,False,0.0,0.0,0.0,0.0,0.0,0.0,0.0,consensus,pass_1,3.5,100,False,1476495360,T2,T2,False
consensus/pass1-ge-4,codegemma:2b,0.0,0.10250499999999999,121.5,115.27525,116.5,104.0,121.5,False,0.0,0.0,0.0,0.0,0.0,0.0,0.0,consensus,pass_1,4.0,100,True,2506172416,T3,T2,True
consensus/pass1-ge-4,codegemma:2b-code-q6_K,0.01,0.0531285,93.0,93.851,93.5,63.0,118.0,False,0.0,0.0,0.0,0.0,0.0,0.0,0.0,consensus,pass_1,4.0,100,False,2506172416,T3,T2,True
consensus/pass1-ge-4,cogito:3b,0.08,0.0465268,46.0,47.264,47.0,26.0,73.5,False,0.0295,0.0,0.0,0.0,0.0,0.0,0.0,consensus,pass_1,4.0,100,False,3606752320,T4,T3,True
consensus/pass1-ge-4,cogito:3b-v1-preview-llama-q8_0,0.05,0.0701172,61.5,58.59325,58.5,37.5,78.01250000000005,False,0.0,0.0,0.0,0.0,0.0,0.0,0.00025,consensus,pass_1,4.0,100,False,3606752320,T4,T3,True
consensus/pass1-ge-4,deepseek-coder:1.3b,0.0,0.0654276,121.5,115.27525,116.5,104.0,121.5,False,0.0,0.0,0.0,0.0,0.0,0.0,0.0,consensus,pass_1,4.0,100,True,1346471936,T2,T2,False
consensus/pass1-ge-4,deepseek-coder:1.3b-instruct-q8_0,0.0,0.097566,121.5,115.27525,116.5,104.0,121.5,False,0.0,0.0,0.0,0.0,0.0,0.0,0.0,consensus,pass_1,4.0,100,True,1346471936,T2,T2,False
consensus/pass1-ge-4,falcon3:1b,0.01,0.09954219999999997,93.0,96.172,92.5,80.5,114.5,False,0.0,0.0,0.0,0.0,0.0,0.0,0.0,consensus,pass_1,4.0,100,False,1669408768,T2,T2,False
consensus/pass1-ge-4,falcon3:1b-instruct-q8_0,0.01,0.09960649999999997,93.0,96.172,92.5,80.5,114.5,False,0.0,0.0,0.0,0.0,0.0,0.0,0.0,consensus,pass_1,4.0,100,False,1669408768,T2,T2,False
consensus/pass1-ge-4,falcon3:3b,0.02,0.0586016,76.5,86.822875,78.0,63.0,114.5,False,0.0,0.0,0.0,0.0,0.0,0.0,0.0,consensus,pass_1,4.0,100,False,3227655168,T4,T4,False
consensus/pass1-ge-4,falcon3:3b-instruct-q4_K_M,0.02,0.058018900000000005,76.5,86.822875,78.0,63.0,114.5,False,0.0,0.0,0.0,0.0,0.0,0.0,0.0,consensus,pass_1,4.0,100,False,3227655168,T4,T4,False
consensus/pass1-ge-4,falcon3:3b-instruct-q8_0,0.11,0.09732470000000001,35.5,35.9345,35.0,15.487500000000004,61.5,False,0.0,0.0,0.0,0.0,0.0,0.0,0.0016125,consensus,pass_1,4.0,100,False,3227655168,T4,T4,False
consensus/pass1-ge-4,gemma2:2b,0.07,0.06473620000000001,52.5,52.765625,52.0,24.0,104.5,False,0.0,0.0,0.0,0.0,0.0,0.0,0.0,consensus,pass_1,4.0,100,False,2614341888,T3,T3,False
consensus/pass1-ge-4,gemma2:2b-instruct-q4_K_M,0.08,0.06000190000000001,46.0,47.194,46.5,32.5,66.5,False,0.0,0.0,0.0,0.0,0.0,0.0,0.0,consensus,pass_1,4.0,100,False,2614341888,T3,T2,True
consensus/pass1-ge-4,gemma2:2b-instruct-q8_0,0.06,0.0859835,58.5,56.569375,55.5,30.5,108.0,False,0.0,0.0,0.0,0.0,0.0,0.0,0.0,consensus,pass_1,4.0,100,False,2614341888,T3,T3,False
consensus/pass1-ge-4,gemma3:1b,0.03,0.0230552,70.0,73.589125,70.0,55.487500000000004,109.0,False,0.01425,0.0,0.0,0.0,0.0,0.0,0.0,consensus,pass_1,4.0,100,False,999885952,T1,T1,False
consensus/pass1-ge-4,gemma3:1b-it-q8_0,0.03,0.023906599999999997,70.0,73.589125,70.0,55.487500000000004,109.0,False,0.0,0.0,0.0,0.0,0.0,0.0,0.0,consensus,pass_1,4.0,100,False,999885952,T1,T1,False
consensus/pass1-ge-4,gemma3:1b-it-qat,0.03,0.020576200000000003,70.0,73.9755,70.5,45.0,109.0,False,0.28825,0.0,0.0,0.0,0.0,0.0,0.0,consensus,pass_1,4.0,100,False,999885952,T1,T1,False
consensus/pass1-ge-4,gemma3:270m,0.0,0.0052651,121.5,115.27525,116.5,104.0,121.5,True,0.97675,0.0,0.0,0.0,0.0,0.0,0.0,consensus,pass_1,4.0,100,True,268098176,T1,T1,False
consensus/pass1-ge-4,gemma3:270m-it-qat,0.0,0.007723500000000001,121.5,115.27525,116.5,104.0,121.5,False,0.02325,0.0,0.0,0.0,0.0,0.0,0.0,consensus,pass_1,4.0,100,True,268098176,T1,T1,False
consensus/pass1-ge-4,gemma3:4b,0.19,0.0641429,13.0,16.562625,14.0,6.5,42.5,False,0.01175,0.0,0.0,0.0,0.0035833333333333333,0.0,0.24070238095238103,consensus,pass_1,4.0,100,False,4299915632,T5,T5,False
consensus/pass1-ge-4,gemma3:4b-it-q4_K_M,0.17,0.06425800000000001,17.5,21.068875,18.0,8.5,49.0,False,0.0,0.0,0.0,0.0,0.000125,0.0,0.08816785714285715,consensus,pass_1,4.0,100,False,4299915632,T5,T5,False
consensus/pass1-ge-4,gemma3:4b-it-q8_0,0.15,0.08659489999999997,20.5,27.51825,23.0,9.5,65.5,False,0.0,0.0,0.0,0.0,0.0006916666666666666,0.0,0.04031904761904761,consensus,pass_1,4.0,100,False,4299915632,T5,T5,False
consensus/pass1-ge-4,gemma3:4b-it-qat,0.15,0.07702389999999999,20.5,25.592875,22.0,7.5,57.0,False,0.0,0.0,0.0,0.0,0.00029166666666666664,0.0,0.10478809523809522,consensus,pass_1,4.0,100,False,4300079472,T5,T5,False
consensus/pass1-ge-4,gemma3n:e2b,0.19,0.0648302,13.0,16.96025,14.0,6.0,44.0,False,0.016,0.0,0.0,0.0,0.008395833333333333,0.0,0.27810714285714294,consensus,pass_1,4.0,100,False,4456156768,T5,T5,False
consensus/pass1-ge-4,gemma4:e2b-it-qat,0.3,0.0504522,5.0,6.83525,5.5,4.0,16.5,True,0.94575,0.0,0.0,1.0,0.4856041666666667,1.0,0.9062285714285712,consensus,pass_1,4.0,100,False,4628569635,T5,T5,False
consensus/pass1-ge-4,gemma:2b,0.01,0.048510500000000005,93.0,93.851,93.5,63.0,118.0,False,0.0,0.0,0.0,0.0,0.0,0.0,0.0,consensus,pass_1,4.0,100,False,2506434560,T3,T3,False
consensus/pass1-ge-4,gemma:2b-instruct-q4_K_M,0.01,0.04429810000000001,93.0,93.851,93.5,63.0,118.0,False,0.0,0.0,0.0,0.0,0.0,0.0,0.0,consensus,pass_1,4.0,100,False,2506434560,T3,T2,True
consensus/pass1-ge-4,gemma:2b-instruct-q8_0,0.01,0.06085420000000001,93.0,93.851,93.5,63.0,118.0,False,0.0,0.0,0.0,0.0,0.0,0.0,0.0,consensus,pass_1,4.0,100,False,2506434560,T3,T3,False
consensus/pass1-ge-4,granite3.1-dense:2b,0.12,0.08316719999999998,30.0,31.462125,30.0,12.5,58.5,False,0.0,0.0,0.0,0.0,0.0,0.0,0.007099999999999999,consensus,pass_1,4.0,100,False,2533531648,T3,T3,False
consensus/pass1-ge-4,granite3.1-dense:2b-instruct-q8_0,0.13,0.1141953,25.0,29.128875,26.5,13.0,56.5,False,0.0,0.0,0.0,0.0,0.0,0.0,0.0021833333333333336,consensus,pass_1,4.0,100,False,2533531648,T3,T3,False
consensus/pass1-ge-4,granite3.1-moe:3b,0.01,0.0334147,93.0,94.0795,93.5,61.5,120.0,False,0.0,0.0,0.0,0.0,0.0,0.0,0.0,consensus,pass_1,4.0,100,False,3298793472,T4,T4,False
consensus/pass1-ge-4,granite3.2:2b,0.1,0.1216954,40.5,38.714125,38.5,15.5,67.5,False,0.0,0.0,0.0,0.0,0.0,0.0,0.0027249999999999996,consensus,pass_1,4.0,100,False,2533531648,T3,T3,False
consensus/pass1-ge-4,granite3.2:2b-instruct-q4_K_M,0.13,0.1221751,25.0,29.63225,27.5,8.5,64.5,False,0.0,0.0,0.0,0.0,0.00275,0.0,0.06302976190476191,consensus,pass_1,4.0,100,False,2533531648,T3,T3,False
consensus/pass1-ge-4,granite3.3:2b,0.07,0.0769426,52.5,49.926125,50.5,22.0,83.5,False,0.0,0.0,0.0,0.0,0.0,0.0,5e-05,consensus,pass_1,4.0,100,False,2533539840,T3,T3,False
consensus/pass1-ge-4,granite4.1:3b,0.26,0.074758,6.5,8.76325,7.0,4.0,20.0,False,0.26225,0.0,0.0,0.0,0.20395833333333338,1.0,0.7657071428571428,consensus,pass_1,4.0,100,False,3402836480,T4,T3,True
consensus/pass1-ge-4,granite4:1b-h,0.1,0.028435600000000005,40.5,40.2595,39.0,23.5,62.5,True,0.9235,0.0,0.0,0.0,0.0,0.0,0.0,consensus,pass_1,4.0,100,False,1461538368,T2,T2,False
consensus/pass1-ge-4,granite4:350m,0.01,0.012930599999999999,93.0,96.172,92.5,80.5,114.5,False,0.0,0.0,0.0,0.0,0.0,0.0,0.0,consensus,pass_1,4.0,100,False,352379904,T1,T1,False
consensus/pass1-ge-4,granite4:350m-bf16,0.01,0.012712099999999999,93.0,96.172,92.5,80.5,114.5,False,0.271,0.0,0.0,0.0,0.0,0.0,0.0,consensus,pass_1,4.0,100,False,352379904,T1,T1,False
consensus/pass1-ge-4,granite4:350m-h,0.0,0.0080541,121.5,115.27525,116.5,104.0,121.5,False,0.0,0.0,0.0,0.0,0.0,0.0,0.0,consensus,pass_1,4.0,100,True,340332224,T1,T1,False
consensus/pass1-ge-4,granite4:micro,0.16,0.0798973,19.0,20.5815,19.5,10.5,36.0,False,0.0,0.0,0.0,0.0,0.0,0.0,0.02401309523809524,consensus,pass_1,4.0,100,False,3402836480,T4,T4,False
consensus/pass1-ge-4,granite4:micro-h,0.24,0.0651603,8.0,9.947125,9.0,5.0,20.5,False,0.1895,0.0,0.0,0.0,0.08035416666666664,1.0,0.6350261904761902,consensus,pass_1,4.0,100,False,3191396096,T4,T4,False
consensus/pass1-ge-4,hf.co/LiquidAI/LFM2-1.2B-GGUF:Q4_K_M,0.01,0.0186997,93.0,94.0795,93.5,61.5,120.0,False,0.1755,0.0,0.0,0.0,0.0,0.0,0.0,consensus,pass_1,4.0,100,False,1170340608,T2,T2,False
consensus/pass1-ge-4,hf.co/LiquidAI/LFM2-1.2B-GGUF:Q8_0,0.0,0.030554,121.5,115.27525,116.5,104.0,121.5,False,0.0,0.0,0.0,0.0,0.0,0.0,0.0,consensus,pass_1,4.0,100,True,1170340608,T2,T2,False
consensus/pass1-ge-4,hf.co/LiquidAI/LFM2-350M-GGUF:Q4_K_M,0.0,0.011277400000000002,121.5,115.27525,116.5,104.0,121.5,False,0.0,0.0,0.0,0.0,0.0,0.0,0.0,consensus,pass_1,4.0,100,True,354483968,T1,T1,False
consensus/pass1-ge-4,hf.co/LiquidAI/LFM2-700M-GGUF:Q4_K_M,0.0,0.0220955,121.5,115.27525,116.5,104.0,121.5,False,0.0,0.0,0.0,0.0,0.0,0.0,0.0,consensus,pass_1,4.0,100,True,742489344,T1,T1,False
consensus/pass1-ge-4,hf.co/NousResearch/Hermes-3-Llama-3.2-3B-GGUF:Q4_K_M,0.02,0.0769492,76.5,86.822875,78.0,63.0,114.5,False,0.0,0.0,0.0,0.0,0.0,0.0,0.0,consensus,pass_1,4.0,100,False,3212749888,T4,T3,True
consensus/pass1-ge-4,hf.co/NousResearch/Hermes-3-Llama-3.2-3B-GGUF:Q8_0,0.02,0.0991791,76.5,80.273375,77.5,57.5,112.5,False,0.0,0.0,0.0,0.0,0.0,0.0,0.0,consensus,pass_1,4.0,100,False,3212749888,T4,T3,True
consensus/pass1-ge-4,hf.co/Qwen/Qwen2.5-1.5B-Instruct-GGUF:Q4_K_M,0.06,0.038428699999999996,58.5,60.209625,55.5,23.0,116.0,False,0.12925,0.0,0.0,0.0,0.0,0.0,0.000125,consensus,pass_1,4.0,100,False,1777088000,T2,T2,False
consensus/pass1-ge-4,hf.co/Qwen/Qwen2.5-3B-Instruct-GGUF:Q4_K_M,0.07,0.09588630000000001,52.5,51.14725,49.5,31.0,82.0,False,0.0,0.0,0.0,0.0,0.0,0.0,0.0,consensus,pass_1,4.0,100,False,3397103616,T4,T4,False
consensus/pass1-ge-4,hf.co/Qwen/Qwen3-4B-GGUF:Q4_K_M,0.21,0.2571047,10.5,13.510625,11.5,7.0,29.512500000000045,False,0.0,0.0,0.0,0.0,0.0017499999999999998,0.5,0.39879107142857134,consensus,pass_1,4.0,100,False,4022468096,T5,T5,False
consensus/pass1-ge-4,hf.co/allenai/OLMo-2-0425-1B-Instruct-GGUF:Q4_K_M,0.0,0.061812700000000005,121.5,115.27525,116.5,104.0,121.5,False,0.0,0.0,0.0,0.0,0.0,0.0,0.0,consensus,pass_1,4.0,100,True,1484916736,T2,T1,True
consensus/pass1-ge-4,hf.co/bartowski/Llama-3.2-3B-Instruct-GGUF:IQ4_XS,0.07,0.06516,52.5,51.546,50.5,37.0,72.0,False,0.0,0.0,0.0,0.0,0.0,0.0,0.0,consensus,pass_1,4.0,100,False,3212749888,T4,T3,True
consensus/pass1-ge-4,hf.co/bartowski/Llama-3.2-3B-Instruct-GGUF:Q3_K_L,0.04,0.06620140000000001,65.0,63.843875,63.0,45.0,84.5,False,0.0,0.0,0.0,0.0,0.0,0.0,0.0,consensus,pass_1,4.0,100,False,3212749888,T4,T3,True
consensus/pass1-ge-4,hf.co/bartowski/Llama-3.2-3B-Instruct-GGUF:Q5_K_M,0.11,0.07428490000000001,35.5,34.7515,34.0,19.0,53.5,False,0.0,0.0,0.0,0.0,0.0,0.0,8.333333333333333e-05,consensus,pass_1,4.0,100,False,3212749888,T4,T3,True
consensus/pass1-ge-4,hf.co/bartowski/Llama-3.2-3B-Instruct-GGUF:Q6_K,0.11,0.0734838,35.5,34.461375,34.0,23.0,47.512500000000045,False,0.0,0.0,0.0,0.0,0.0,0.0,0.0,consensus,pass_1,4.0,100,False,3212749888,T4,T3,True
consensus/pass1-ge-4,hf.co/ggml-org/SmolLM3-3B-GGUF:Q4_K_M,0.07,0.110296,52.5,51.155,51.0,19.0,91.01250000000005,False,0.0,0.0,0.0,0.0,0.0,0.0,0.0019,consensus,pass_1,4.0,100,False,3075098624,T4,T3,True
consensus/pass1-ge-4,hf.co/ggml-org/SmolLM3-3B-GGUF:Q8_0,0.04,0.13829260000000002,65.0,66.639375,64.0,42.5,112.0,False,0.0,0.0,0.0,0.0,0.0,0.0,0.0,consensus,pass_1,4.0,100,False,3075098624,T4,T3,True
consensus/pass1-ge-4,hf.co/openbmb/MiniCPM3-4B-GGUF:Q4_K_M,0.06,0.0784251,58.5,56.765,55.5,32.0,107.0,False,0.0,0.0,0.0,0.0,0.0,0.0,0.0,consensus,pass_1,4.0,100,False,4073876000,T5,T4,True
consensus/pass1-ge-4,hf.co/tiiuae/Falcon-H1-0.5B-Instruct-GGUF:Q4_K_M,0.0,0.034294200000000004,121.5,115.27525,116.5,104.0,121.5,False,0.0,0.0,0.0,0.0,0.0,0.0,0.0,consensus,pass_1,4.0,100,True,521411104,T1,T1,False
consensus/pass1-ge-4,hf.co/tiiuae/Falcon-H1-1.5B-Deep-Instruct-GGUF:IQ4_XS,0.08,0.1053772,46.0,45.278125,46.0,15.0,77.5,False,0.0,0.0,0.0,0.0,0.0,0.0,0.0038833333333333333,consensus,pass_1,4.0,100,False,1554874768,T2,T2,False
consensus/pass1-ge-4,hf.co/tiiuae/Falcon-H1-1.5B-Deep-Instruct-GGUF:Q4_K_M,0.07,0.09332829999999999,52.5,51.8445,50.5,14.0,115.0,False,0.0,0.0,0.0,0.0,0.0,0.0,0.0038749999999999995,consensus,pass_1,4.0,100,False,1554874768,T2,T2,False
consensus/pass1-ge-4,hf.co/tiiuae/Falcon-H1-3B-Instruct-GGUF:Q4_K_M,0.19,0.12489019999999998,13.0,15.991375,13.5,6.0,37.512500000000045,False,0.0,0.0,0.0,0.0,0.005541666666666667,0.0,0.25380714285714306,consensus,pass_1,4.0,100,False,3149392384,T4,T3,True
consensus/pass1-ge-4,hf.co/unsloth/Llama-3.2-1B-Instruct-GGUF:Q4_K_M,0.02,0.0180221,76.5,81.031375,78.0,63.5,110.0,False,0.27975,0.0,0.0,0.0,0.0,0.0,0.0,consensus,pass_1,4.0,100,False,1235814432,T2,T2,False
consensus/pass1-ge-4,hf.co/unsloth/Phi-4-mini-instruct-GGUF:Q4_K_M,0.08,0.10440899999999999,46.0,47.93575,47.5,25.0,75.5,False,0.0,0.0,0.0,0.0,0.0,0.0,0.0,consensus,pass_1,4.0,100,False,3836021856,T4,T4,False
consensus/pass1-ge-4,hf.co/unsloth/Qwen3-4B-GGUF:Q4_K_M,0.44,0.09334010000000001,2.0,2.294875,2.0,1.0,4.0,True,0.988,0.0,0.11783333333333333,1.0,0.9991875,1.0,1.0,consensus,pass_1,4.0,100,False,4022468096,T5,T5,False
consensus/pass1-ge-4,internlm2:1.8b,0.0,0.030893100000000003,121.5,115.27525,116.5,104.0,121.5,False,0.0,0.0,0.0,0.0,0.0,0.0,0.0,consensus,pass_1,4.0,100,True,1889110016,T2,T2,False
consensus/pass1-ge-4,llama3.2:1b,0.01,0.0269072,93.0,93.851,93.5,63.0,118.0,False,0.0,0.0,0.0,0.0,0.0,0.0,0.0,consensus,pass_1,4.0,100,False,1235814432,T2,T2,False
consensus/pass1-ge-4,llama3.2:1b-instruct-q4_K_M,0.02,0.022604799999999994,76.5,80.125875,77.0,54.5,119.0,False,0.121,0.0,0.0,0.0,0.0,0.0,0.0,consensus,pass_1,4.0,100,False,1235814432,T2,T1,True
consensus/pass1-ge-4,llama3.2:1b-instruct-q8_0,0.01,0.026446500000000005,93.0,93.851,93.5,63.0,118.0,False,0.0,0.0,0.0,0.0,0.0,0.0,0.0,consensus,pass_1,4.0,100,False,1235814432,T2,T2,False
consensus/pass1-ge-4,llama3.2:3b,0.1,0.05392730000000001,40.5,38.441625,38.0,18.0,61.5,False,0.0055,0.0,0.0,0.0,0.0,0.0,0.0007083333333333334,consensus,pass_1,4.0,100,False,3212749888,T4,T4,False
consensus/pass1-ge-4,llama3.2:3b-instruct-q4_K_M,0.08,0.053858199999999995,46.0,46.734875,47.0,27.0,67.0,False,0.001,0.0,0.0,0.0,0.0,0.0,0.0,consensus,pass_1,4.0,100,False,3212749888,T4,T3,True
consensus/pass1-ge-4,llama3.2:3b-instruct-q8_0,0.12,0.08039449999999998,30.0,31.92925,31.0,12.0,56.0,False,0.0,0.0,0.0,0.0,8.333333333333333e-05,0.0,0.014058333333333336,consensus,pass_1,4.0,100,False,3212749888,T4,T4,False
consensus/pass1-ge-4,ministral-3:3b,0.22,0.10715520000000002,9.0,11.87725,10.5,5.5,25.0,False,0.00125,0.0,0.0,0.0,0.025416666666666667,1.0,0.4872148809523809,consensus,pass_1,4.0,100,False,3849090048,T4,T4,False
consensus/pass1-ge-4,nemotron-mini:4b,0.01,0.0678951,93.0,96.172,92.5,80.5,114.5,False,0.0,0.0,0.0,0.0,0.0,0.0,0.0,consensus,pass_1,4.0,100,False,4190509056,T5,T5,False
consensus/pass1-ge-4,nemotron-mini:4b-instruct-q4_K_M,0.01,0.06775320000000001,93.0,96.172,92.5,80.5,114.5,False,0.0,0.0,0.0,0.0,0.0,0.0,0.0,consensus,pass_1,4.0,100,False,4190509056,T5,T5,False
consensus/pass1-ge-4,nemotron-mini:4b-instruct-q8_0,0.03,0.11059119999999999,70.0,74.019375,70.0,57.5,110.0,False,0.0,0.0,0.0,0.0,0.0,0.0,0.0,consensus,pass_1,4.0,100,False,4190509056,T5,T5,False
consensus/pass1-ge-4,opencoder:1.5b,0.01,0.07436240000000001,93.0,94.048,93.5,64.5,120.0,False,0.0,0.0,0.0,0.0,0.0,0.0,0.0,consensus,pass_1,4.0,100,False,1905650880,T2,T2,False
consensus/pass1-ge-4,phi3.5:3.8b,0.09,0.14908549999999998,43.0,43.735,42.5,26.0,67.0,False,0.0,0.0,0.0,0.0,0.0,0.0,0.0,consensus,pass_1,4.0,100,False,3821079648,T4,T4,False
consensus/pass1-ge-4,phi3.5:3.8b-mini-instruct-q8_0,0.12,0.2185186,30.0,32.982125,31.5,16.0,57.0,False,0.0,0.0,0.0,0.0,0.0,0.0,0.000125,consensus,pass_1,4.0,100,False,3821079648,T4,T4,False
consensus/pass1-ge-4,phi3:3.8b,0.01,0.10969870000000002,93.0,93.307375,92.5,61.0,121.0,False,0.0,0.0,0.0,0.0,0.0,0.0,0.0,consensus,pass_1,4.0,100,False,3821079648,T4,T4,False
consensus/pass1-ge-4,phi3:3.8b-mini-128k-instruct-q8_0,0.07,0.12320129999999999,52.5,52.96025,51.5,28.0,107.0,False,0.0,0.0,0.0,0.0,0.0,0.0,0.0,consensus,pass_1,4.0,100,False,3821079648,T4,T4,False
consensus/pass1-ge-4,phi3:mini,0.05,0.10882840000000002,61.5,59.3235,58.5,45.5,77.0,False,0.0,0.0,0.0,0.0,0.0,0.0,0.0,consensus,pass_1,4.0,100,False,3821079648,T4,T4,False
consensus/pass1-ge-4,phi3:mini-128k,0.02,0.1089084,76.5,80.488375,77.5,60.0,112.5,False,0.0,0.0,0.0,0.0,0.0,0.0,0.0,consensus,pass_1,4.0,100,False,3821079648,T4,T4,False
consensus/pass1-ge-4,phi3:mini-4k,0.1,0.1537809,40.5,38.90525,38.5,21.0,59.0,False,0.0,0.0,0.0,0.0,0.0,0.0,0.0,consensus,pass_1,4.0,100,False,3821079552,T4,T4,False
consensus/pass1-ge-4,phi4-mini,0.11,0.0958175,35.5,36.59325,35.0,16.0,66.0,False,0.0,0.0,0.0,0.0,0.0,0.0,0.0013958333333333336,consensus,pass_1,4.0,100,False,3836021856,T4,T4,False
consensus/pass1-ge-4,phi4-mini-reasoning,0.12,0.2828102,30.0,31.733375,31.5,13.0,53.0,False,0.0,0.0,0.0,0.0,0.0,0.0,0.0057666666666666665,consensus,pass_1,4.0,100,False,3836021856,T4,T4,False
consensus/pass1-ge-4,qwen2-math:1.5b,0.0,0.0745381,121.5,115.27525,116.5,104.0,121.5,False,0.0,0.0,0.0,0.0,0.0,0.0,0.0,consensus,pass_1,4.0,100,True,1543714304,T2,T2,False
consensus/pass1-ge-4,qwen2.5-coder:0.5b,0.0,0.025064600000000003,121.5,115.27525,116.5,104.0,121.5,False,0.0,0.0,0.0,0.0,0.0,0.0,0.0,consensus,pass_1,4.0,100,True,494032768,T1,T1,False
consensus/pass1-ge-4,qwen2.5-coder:1.5b,0.04,0.05254289999999999,65.0,65.057625,63.5,51.0,104.5,False,0.0,0.0,0.0,0.0,0.0,0.0,0.0,consensus,pass_1,4.0,100,False,1543714304,T2,T2,False
consensus/pass1-ge-4,qwen2.5-coder:1.5b-instruct-q8_0,0.04,0.0742927,65.0,63.427625,63.5,44.0,84.0,False,0.0,0.0,0.0,0.0,0.0,0.0,0.0,consensus,pass_1,4.0,100,False,1543714304,T2,T2,False
consensus/pass1-ge-4,qwen2.5-coder:3b,0.11,0.094148,35.5,35.65475,35.0,17.5,57.5,False,0.0,0.0,0.0,0.0,0.0,0.0,0.000125,consensus,pass_1,4.0,100,False,3085938688,T4,T4,False
consensus/pass1-ge-4,qwen2.5-coder:3b-instruct-q4_K_M,0.11,0.09297190000000001,35.5,35.6075,34.0,20.5,56.5,False,0.0,0.0,0.0,0.0,0.0,0.0,0.0,consensus,pass_1,4.0,100,False,3085938688,T4,T4,False
consensus/pass1-ge-4,qwen2.5-coder:3b-instruct-q8_0,0.14,0.15580289999999997,22.0,26.78975,24.5,12.0,51.5,False,0.0,0.0,0.0,0.0,0.0,0.0,0.012250000000000002,consensus,pass_1,4.0,100,False,3085938688,T4,T4,False
consensus/pass1-ge-4,qwen2.5:0.5b,0.0,0.0324637,121.5,115.27525,116.5,104.0,121.5,False,0.0,0.0,0.0,0.0,0.0,0.0,0.0,consensus,pass_1,4.0,100,True,494032768,T1,T1,False
consensus/pass1-ge-4,qwen2.5:0.5b-instruct-q4_K_M,0.0,0.0319782,121.5,115.27525,116.5,104.0,121.5,False,0.0,0.0,0.0,0.0,0.0,0.0,0.0,consensus,pass_1,4.0,100,True,494032768,T1,T1,False
consensus/pass1-ge-4,qwen2.5:0.5b-instruct-q8_0,0.0,0.034305,121.5,115.27525,116.5,104.0,121.5,False,0.0,0.0,0.0,0.0,0.0,0.0,0.0,consensus,pass_1,4.0,100,True,494032768,T1,T1,False
consensus/pass1-ge-4,qwen2.5:1.5b,0.01,0.053494799999999995,93.0,94.0795,93.5,61.5,120.0,False,0.0,0.0,0.0,0.0,0.0,0.0,0.0,consensus,pass_1,4.0,100,False,1543714304,T2,T2,False
consensus/pass1-ge-4,qwen2.5:1.5b-instruct-q4_K_M,0.01,0.053314699999999986,93.0,93.4835,92.5,59.5,121.0,False,0.0,0.0,0.0,0.0,0.0,0.0,0.0,consensus,pass_1,4.0,100,False,1543714304,T2,T2,False
consensus/pass1-ge-4,qwen2.5:1.5b-instruct-q8_0,0.01,0.0777736,93.0,94.048,93.5,64.5,120.0,False,0.0,0.0,0.0,0.0,0.0,0.0,0.0,consensus,pass_1,4.0,100,False,1543714304,T2,T2,False
consensus/pass1-ge-4,qwen2.5:3b,0.13,0.10877729999999998,25.0,28.227375,26.5,15.0,47.012500000000045,False,0.0,0.0,0.0,0.0,0.0,0.0,0.00013333333333333334,consensus,pass_1,4.0,100,False,3085938688,T4,T4,False
consensus/pass1-ge-4,qwen2.5:3b-instruct-q4_K_M,0.13,0.10583500000000001,25.0,28.317375,27.0,14.0,48.5,False,0.0,0.0,0.0,0.0,0.0,0.0,0.0017375,consensus,pass_1,4.0,100,False,3085938688,T4,T4,False
consensus/pass1-ge-4,qwen2.5:3b-instruct-q8_0,0.12,0.17272310000000002,30.0,33.000875,30.0,12.5,66.0,False,0.0,0.0,0.0,0.0,0.0,0.0,0.00858690476190476,consensus,pass_1,4.0,100,False,3085938688,T4,T4,False
consensus/pass1-ge-4,qwen2:0.5b-instruct-q8_0,0.0,0.019274100000000002,121.5,115.27525,116.5,104.0,121.5,False,0.0,0.0,0.0,0.0,0.0,0.0,0.0,consensus,pass_1,4.0,100,True,494032768,T1,T1,False
consensus/pass1-ge-4,qwen2:1.5b,0.01,0.0268809,93.0,93.851,93.5,63.0,118.0,False,0.0,0.0,0.0,0.0,0.0,0.0,0.0,consensus,pass_1,4.0,100,False,1543714304,T2,T2,False
consensus/pass1-ge-4,qwen2:1.5b-instruct-q8_0,0.01,0.04402440000000001,93.0,96.172,92.5,80.5,114.5,False,0.0,0.0,0.0,0.0,0.0,0.0,0.0,consensus,pass_1,4.0,100,False,1543714304,T2,T2,False
consensus/pass1-ge-4,qwen3.5:2b,0.07,0.10294600000000001,52.5,50.388,50.5,28.5,72.5,False,0.0,0.0,0.0,0.0,0.0,0.0,0.0,consensus,pass_1,4.0,100,False,2274069824,T3,T2,True
consensus/pass1-ge-4,qwen3:0.6b,0.01,0.0153814,93.0,96.172,92.5,80.5,114.5,False,0.0,0.0,0.0,0.0,0.0,0.0,0.0,consensus,pass_1,4.0,100,False,751632384,T1,T1,False
consensus/pass1-ge-4,qwen3:0.6b-fp16,0.03,0.0282127,70.0,74.019375,70.0,57.5,110.0,False,0.0,0.0,0.0,0.0,0.0,0.0,0.0,consensus,pass_1,4.0,100,False,751632384,T1,T1,False
consensus/pass1-ge-4,qwen3:0.6b-q8_0,0.04,0.018881900000000004,65.0,69.155875,64.5,47.0,110.0,True,0.67675,0.0,0.0,0.0,0.0,0.0,0.0,consensus,pass_1,4.0,100,False,751632384,T1,T1,False
consensus/pass1-ge-4,qwen3:1.7b,0.13,0.0365625,25.0,31.492875,28.0,11.0,70.51250000000005,True,0.66375,0.0,0.0,0.0,0.0005,0.0,0.02265833333333334,consensus,pass_1,4.0,100,False,2031739904,T3,T3,False
consensus/pass1-ge-4,qwen3:1.7b-fp16,0.17,0.08118539999999999,17.5,21.03225,18.0,8.0,49.5,False,0.0,0.0,0.0,0.0,0.004525000000000001,0.0,0.09625416666666667,consensus,pass_1,4.0,100,False,2031739904,T3,T3,False
consensus/pass1-ge-4,qwen3:1.7b-q8_0,0.18,0.053398499999999995,15.5,17.942375,16.0,7.0,41.5,False,0.2165,0.0,0.0,0.0,0.005733333333333334,0.0,0.15460000000000004,consensus,pass_1,4.0,100,False,2031739904,T3,T3,False
consensus/pass1-ge-4,qwen3:4b,0.18,0.2570734,15.5,19.262875,17.0,8.0,43.512500000000045,False,0.0,0.0,0.0,0.0,0.001125,0.0,0.18736130952380953,consensus,pass_1,4.0,100,False,4022468096,T5,T5,False
consensus/pass1-ge-4,qwen3:4b-instruct-2507-q4_K_M,0.4,0.10899769999999999,3.0,3.331375,3.0,2.0,5.0125000000000455,False,0.2295,0.0,0.0009583333333333334,1.0,0.9785458333333332,1.0,0.99925,consensus,pass_1,4.0,100,False,4022468096,T5,T5,False
consensus/pass1-ge-4,qwen3:4b-instruct-2507-q8_0,0.54,0.1605071,1.0,1.14975,1.0,1.0,2.0,True,0.86575,1.0,0.8777083333333334,1.0,0.99875,1.0,0.99975,consensus,pass_1,4.0,100,False,4022468096,T5,T5,False
consensus/pass1-ge-4,qwen3:4b-q8_0,0.39,0.1389434,4.0,3.58475,4.0,2.0,5.0,False,0.06675,0.0,0.002125,1.0,0.9813791666666665,1.0,0.99975,consensus,pass_1,4.0,100,False,4022468096,T5,T5,False
consensus/pass1-ge-4,qwen3:4b-thinking-2507-q4_K_M,0.21,0.2587354,10.5,14.537,12.0,6.0,37.5,False,0.0,0.0,0.0,0.0,0.014333333333333333,0.5,0.418844642857143,consensus,pass_1,4.0,100,False,4022468096,T5,T4,True
consensus/pass1-ge-4,qwen3:4b-thinking-2507-q8_0,0.26,0.38266600000000006,6.5,8.798375,7.5,3.0,21.5,False,0.00125,0.0,0.001375,0.0,0.197375,1.0,0.7669547619047616,consensus,pass_1,4.0,100,False,4022468096,T5,T4,True
consensus/pass1-ge-4,sailor2:1b,0.0,0.05649899999999999,121.5,115.27525,116.5,104.0,121.5,False,0.0,0.0,0.0,0.0,0.0,0.0,0.0,consensus,pass_1,4.0,100,True,988064640,T1,T1,False
consensus/pass1-ge-4,smallthinker:3b-preview-q4_K_M,0.06,0.1830502,58.5,55.3165,54.5,38.5,79.5,False,0.0,0.0,0.0,0.0,0.0,0.0,0.0,consensus,pass_1,4.0,100,False,3397103616,T4,T3,True
consensus/pass1-ge-4,smollm2:1.7b,0.0,0.05150450000000001,121.5,115.27525,116.5,104.0,121.5,False,0.0,0.0,0.0,0.0,0.0,0.0,0.0,consensus,pass_1,4.0,100,True,1711376384,T2,T2,False
consensus/pass1-ge-4,smollm2:1.7b-instruct-q8_0,0.0,0.051941799999999996,121.5,115.27525,116.5,104.0,121.5,False,0.0,0.0,0.0,0.0,0.0,0.0,0.0,consensus,pass_1,4.0,100,True,1711376384,T2,T2,False
consensus/pass1-ge-4,smollm2:135m,0.0,0.0119867,121.5,115.27525,116.5,104.0,121.5,False,0.0,0.0,0.0,0.0,0.0,0.0,0.0,consensus,pass_1,4.0,100,True,134515008,T1,T1,False
consensus/pass1-ge-4,smollm2:135m-instruct-q8_0,0.0,0.00814,121.5,115.27525,116.5,104.0,121.5,False,0.0,0.0,0.0,0.0,0.0,0.0,0.0,consensus,pass_1,4.0,100,True,134515008,T1,T1,False
consensus/pass1-ge-4,smollm2:360m,0.02,0.017338700000000002,76.5,86.822875,78.0,63.0,114.5,True,0.431,0.0,0.0,0.0,0.0,0.0,0.0,consensus,pass_1,4.0,100,False,361821120,T1,T1,False
consensus/pass1-ge-4,smollm2:360m-instruct-q8_0,0.01,0.012322199999999998,93.0,96.172,92.5,80.5,114.5,True,0.36025,0.0,0.0,0.0,0.0,0.0,0.0,consensus,pass_1,4.0,100,False,361821120,T1,T1,False
consensus/pass1-ge-4,smollm:1.7b,0.0,0.0749611,121.5,115.27525,116.5,104.0,121.5,False,0.0,0.0,0.0,0.0,0.0,0.0,0.0,consensus,pass_1,4.0,100,True,1711376384,T2,T2,False
consensus/pass1-ge-4,smollm:360m,0.0,0.025851599999999995,121.5,115.27525,116.5,104.0,121.5,False,0.0,0.0,0.0,0.0,0.0,0.0,0.0,consensus,pass_1,4.0,100,True,361821120,T1,T1,False
consensus/pass1-ge-4,stablelm2:1.6b,0.0,0.057245799999999986,121.5,115.27525,116.5,104.0,121.5,False,0.0,0.0,0.0,0.0,0.0,0.0,0.0,consensus,pass_1,4.0,100,True,1644515328,T2,T2,False
consensus/pass1-ge-4,stablelm2:1.6b-chat,0.0,0.0572737,121.5,115.27525,116.5,104.0,121.5,False,0.0,0.0,0.0,0.0,0.0,0.0,0.0,consensus,pass_1,4.0,100,True,1644515328,T2,T2,False
consensus/pass1-ge-4,stablelm2:1.6b-zephyr,0.01,0.0446021,93.0,96.172,92.5,80.5,114.5,False,0.0,0.0,0.0,0.0,0.0,0.0,0.0,consensus,pass_1,4.0,100,False,1644515328,T2,T2,False
consensus/pass1-ge-4,starcoder2:3b,0.0,0.13843060000000001,121.5,115.27525,116.5,104.0,121.5,False,0.0,0.0,0.0,0.0,0.0,0.0,0.0,consensus,pass_1,4.0,100,True,3030371328,T4,T3,True
consensus/pass1-ge-4,starcoder2:3b-q6_K,0.0,0.1815079,121.5,115.27525,116.5,104.0,121.5,False,0.0,0.0,0.0,0.0,0.0,0.0,0.0,consensus,pass_1,4.0,100,True,3030371328,T4,T3,True
consensus/pass1-ge-4,starcoder2:3b-q8_0,0.0,0.2077656,121.5,115.27525,116.5,104.0,121.5,False,0.0,0.0,0.0,0.0,0.0,0.0,0.0,consensus,pass_1,4.0,100,True,3030371328,T4,T3,True
consensus/pass1-ge-4,tinyllama:1.1b,0.0,0.037376900000000005,121.5,115.27525,116.5,104.0,121.5,False,0.0,0.0,0.0,0.0,0.0,0.0,0.0,consensus,pass_1,4.0,100,True,1100048384,T2,T2,False
consensus/pass1-ge-4,tinyllama:1.1b-chat-v1-q8_0,0.0,0.06069599999999999,121.5,115.27525,116.5,104.0,121.5,False,0.0,0.0,0.0,0.0,0.0,0.0,0.0,consensus,pass_1,4.0,100,True,1100048384,T2,T2,False
consensus/pass1-ge-4,yi-coder:1.5b,0.01,0.05313199999999999,93.0,94.048,93.5,64.5,120.0,False,0.0,0.0,0.0,0.0,0.0,0.0,0.0,consensus,pass_1,4.0,100,False,1476495360,T2,T2,False
claude-opus-4.6/mean,codegemma:2b,1.07,0.10250499999999999,134.5,134.223875,134.5,130.0,137.0,False,0.0,0.0,0.0,0.0,0.0,0.0,0.0,claude-opus-4.6,mean_score,,100,False,2506172416,T3,T2,True
claude-opus-4.6/mean,codegemma:2b-code-q6_K,1.22,0.0531285,129.5,126.60225,129.0,109.0,135.0,False,0.0,0.0,0.0,0.0,0.0,0.0,0.0,claude-opus-4.6,mean_score,,100,False,2506172416,T3,T2,True
claude-opus-4.6/mean,cogito:3b,2.43,0.0465268,51.0,49.85475,51.0,34.0,61.0,False,0.0345,0.0,0.0,0.0,0.0,0.0,0.0,claude-opus-4.6,mean_score,,100,False,3606752320,T4,T3,True
claude-opus-4.6/mean,cogito:3b-v1-preview-llama-q8_0,2.42,0.0701172,52.0,50.801375,51.5,35.487500000000004,63.0,False,0.0,0.0,0.0,0.0,0.0,0.0,0.0,claude-opus-4.6,mean_score,,100,False,3606752320,T4,T3,True
claude-opus-4.6/mean,deepseek-coder:1.3b,1.38,0.0654276,118.5,117.507,118.0,108.0,125.0,False,0.0,0.0,0.0,0.0,0.0,0.0,0.0,claude-opus-4.6,mean_score,,100,False,1346471936,T2,T2,False
claude-opus-4.6/mean,deepseek-coder:1.3b-instruct-q8_0,1.42,0.097566,114.0,114.812625,114.5,103.0,127.5,False,0.0,0.0,0.0,0.0,0.0,0.0,0.0,claude-opus-4.6,mean_score,,100,False,1346471936,T2,T2,False
claude-opus-4.6/mean,falcon3:1b,1.58,0.09954219999999997,104.0,103.10925,103.0,91.0,116.5,False,0.0,0.0,0.0,0.0,0.0,0.0,0.0,claude-opus-4.6,mean_score,,100,False,1669408768,T2,T2,False
claude-opus-4.6/mean,falcon3:1b-instruct-q8_0,1.56,0.09960649999999997,105.5,105.025,105.0,93.0,118.0,False,0.0,0.0,0.0,0.0,0.0,0.0,0.0,claude-opus-4.6,mean_score,,100,False,1669408768,T2,T2,False
claude-opus-4.6/mean,falcon3:3b,1.96,0.0586016,77.0,77.925125,77.25,65.0,93.0,False,0.0,0.0,0.0,0.0,0.0,0.0,0.0,claude-opus-4.6,mean_score,,100,False,3227655168,T4,T4,False
claude-opus-4.6/mean,falcon3:3b-instruct-q4_K_M,1.99,0.058018900000000005,72.5,75.58875,75.0,64.0,91.0,False,0.0,0.0,0.0,0.0,0.0,0.0,0.0,claude-opus-4.6,mean_score,,100,False,3227655168,T4,T4,False
claude-opus-4.6/mean,falcon3:3b-instruct-q8_0,2.24,0.09732470000000001,63.5,62.5715,63.0,45.5,77.51250000000005,False,0.0,0.0,0.0,0.0,0.0,0.0,0.0,claude-opus-4.6,mean_score,,100,False,3227655168,T4,T4,False
claude-opus-4.6/mean,gemma2:2b,2.4,0.06473620000000001,54.0,52.233625,53.0,34.0,65.0,False,0.0,0.0,0.0,0.0,0.0,0.0,0.0,claude-opus-4.6,mean_score,,100,False,2614341888,T3,T3,False
claude-opus-4.6/mean,gemma2:2b-instruct-q4_K_M,2.56,0.06000190000000001,38.0,37.601625,37.5,19.5,56.012500000000045,False,0.0,0.0,0.0,0.0,0.0,0.0,0.000625,claude-opus-4.6,mean_score,,100,False,2614341888,T3,T2,True
claude-opus-4.6/mean,gemma2:2b-instruct-q8_0,2.47,0.0859835,48.5,45.904375,47.0,26.5,62.0,False,0.0,0.0,0.0,0.0,0.0,0.0,0.0,claude-opus-4.6,mean_score,,100,False,2614341888,T3,T3,False
claude-opus-4.6/mean,gemma3:1b,1.85,0.0230552,86.0,85.018375,85.5,73.0,96.5,False,0.01325,0.0,0.0,0.0,0.0,0.0,0.0,claude-opus-4.6,mean_score,,100,False,999885952,T1,T1,False
claude-opus-4.6/mean,gemma3:1b-it-q8_0,1.79,0.023906599999999997,91.0,89.335375,90.0,77.5,100.0,False,0.0005,0.0,0.0,0.0,0.0,0.0,0.0,claude-opus-4.6,mean_score,,100,False,999885952,T1,T1,False
claude-opus-4.6/mean,gemma3:1b-it-qat,1.99,0.020576200000000003,72.5,75.62175,75.0,61.5,90.0,True,0.45175,0.0,0.0,0.0,0.0,0.0,0.0,claude-opus-4.6,mean_score,,100,False,999885952,T1,T1,False
claude-opus-4.6/mean,gemma3:270m,1.24,0.0052651,127.0,127.1985,127.5,122.48750000000001,130.0,True,0.98975,0.0,0.0,0.0,0.0,0.0,0.0,claude-opus-4.6,mean_score,,100,False,268098176,T1,T1,False
claude-opus-4.6/mean,gemma3:270m-it-qat,1.22,0.007723500000000001,129.5,127.940625,129.0,119.5,132.0,False,0.19075,0.0,0.0,0.0,0.0,0.0,0.0,claude-opus-4.6,mean_score,,100,False,268098176,T1,T1,False
claude-opus-4.6/mean,gemma3:4b,2.96,0.0641429,15.0,14.42975,14.0,7.5,24.512500000000045,False,0.01025,0.0,0.0,0.0,0.001,0.0,0.1835416666666667,claude-opus-4.6,mean_score,,100,False,4299915632,T5,T5,False
claude-opus-4.6/mean,gemma3:4b-it-q4_K_M,2.9,0.06425800000000001,17.0,17.5995,17.0,10.0,31.0,False,0.00025,0.0,0.0,0.0,0.0,0.0,0.03672916666666667,claude-opus-4.6,mean_score,,100,False,4299915632,T5,T5,False
claude-opus-4.6/mean,gemma3:4b-it-q8_0,2.75,0.08659489999999997,22.0,26.853875,23.5,13.5,54.0,False,0.0,0.0,0.0,0.0,0.0,0.0,0.004375,claude-opus-4.6,mean_score,,100,False,4299915632,T5,T5,False
claude-opus-4.6/mean,gemma3:4b-it-qat,2.74,0.07702389999999999,23.0,27.08775,24.0,13.5,52.5,False,0.0,0.0,0.0,0.0,0.0,0.0,0.0053125,claude-opus-4.6,mean_score,,100,False,4300079472,T5,T5,False
claude-opus-4.6/mean,gemma3n:e2b,2.97,0.0648302,14.0,14.557,14.0,7.0,27.5,False,0.00275,0.0,0.0,0.0,0.00025,0.0,0.2173125,claude-opus-4.6,mean_score,,100,False,4456156768,T5,T5,False
claude-opus-4.6/mean,gemma4:e2b-it-qat,3.23,0.0504522,6.0,7.1225,7.0,5.0,12.0,True,0.992,0.0,0.0,0.0,0.14220833333333335,1.0,0.93925,claude-opus-4.6,mean_score,,100,False,4628569635,T5,T5,False
claude-opus-4.6/mean,gemma:2b,1.83,0.048510500000000005,88.0,86.459625,87.5,66.0,103.0,False,0.00025,0.0,0.0,0.0,0.0,0.0,0.0,claude-opus-4.6,mean_score,,100,False,2506434560,T3,T3,False
claude-opus-4.6/mean,gemma:2b-instruct-q4_K_M,1.91,0.04429810000000001,81.0,81.059,82.0,60.0,99.0,False,0.001,0.0,0.0,0.0,0.0,0.0,0.0,claude-opus-4.6,mean_score,,100,False,2506434560,T3,T2,True
claude-opus-4.6/mean,gemma:2b-instruct-q8_0,1.88,0.06085420000000001,84.5,82.79825,83.5,64.5,98.5,False,0.0,0.0,0.0,0.0,0.0,0.0,0.0,claude-opus-4.6,mean_score,,100,False,2506434560,T3,T3,False
claude-opus-4.6/mean,granite3.1-dense:2b,2.58,0.08316719999999998,34.5,36.436875,35.5,22.0,55.5,False,0.0,0.0,0.0,0.0,0.0,0.0,0.0,claude-opus-4.6,mean_score,,100,False,2533531648,T3,T3,False
claude-opus-4.6/mean,granite3.1-dense:2b-instruct-q8_0,2.71,0.1141953,25.0,26.24525,26.0,16.0,42.0,False,0.0,0.0,0.0,0.0,0.0,0.0,0.000125,claude-opus-4.6,mean_score,,100,False,2533531648,T3,T3,False
claude-opus-4.6/mean,granite3.1-moe:3b,1.97,0.0334147,76.0,77.090875,76.5,65.0,92.0,False,0.0325,0.0,0.0,0.0,0.0,0.0,0.0,claude-opus-4.6,mean_score,,100,False,3298793472,T4,T4,False
claude-opus-4.6/mean,granite3.2:2b,2.63,0.1216954,29.5,32.203375,31.0,17.5,51.0,False,0.0,0.0,0.0,0.0,0.0,0.0,0.0,claude-opus-4.6,mean_score,,100,False,2533531648,T3,T3,False
claude-opus-4.6/mean,granite3.2:2b-instruct-q4_K_M,2.65,0.1221751,28.0,30.2635,29.0,16.0,49.0,False,0.0,0.0,0.0,0.0,0.0,0.0,0.001,claude-opus-4.6,mean_score,,100,False,2533531648,T3,T3,False
claude-opus-4.6/mean,granite3.3:2b,2.56,0.0769426,38.0,38.802875,38.0,23.0,58.0,False,0.0,0.0,0.0,0.0,0.0,0.0,0.0,claude-opus-4.6,mean_score,,100,False,2533539840,T3,T3,False
claude-opus-4.6/mean,granite4.1:3b,3.11,0.074758,8.0,9.718,9.0,5.5,17.0,False,0.2195,0.0,0.0,0.0,0.025375,1.0,0.6563916666666665,claude-opus-4.6,mean_score,,100,False,3402836480,T4,T3,True
claude-opus-4.6/mean,granite4:1b-h,2.26,0.028435600000000005,62.0,61.041875,62.0,42.5,73.5,True,0.87,0.0,0.0,0.0,0.0,0.0,0.0,claude-opus-4.6,mean_score,,100,False,1461538368,T2,T2,False
claude-opus-4.6/mean,granite4:350m,1.55,0.012930599999999999,107.0,104.641125,105.0,93.0,114.5,False,0.39,0.0,0.0,0.0,0.0,0.0,0.0,claude-opus-4.6,mean_score,,100,False,352379904,T1,T1,False
claude-opus-4.6/mean,granite4:350m-bf16,1.51,0.012712099999999999,108.0,107.91025,108.0,99.0,116.5,False,0.30275,0.0,0.0,0.0,0.0,0.0,0.0,claude-opus-4.6,mean_score,,100,False,352379904,T1,T1,False
claude-opus-4.6/mean,granite4:350m-h,1.56,0.0080541,105.5,104.754875,104.5,94.0,118.01250000000005,True,0.998,0.0,0.0,0.0,0.0,0.0,0.0,claude-opus-4.6,mean_score,,100,False,340332224,T1,T1,False
claude-opus-4.6/mean,granite4:micro,2.8,0.0798973,21.0,21.838375,21.5,14.0,33.5,False,0.0,0.0,0.0,0.0,0.0,0.0,0.001875,claude-opus-4.6,mean_score,,100,False,3402836480,T4,T4,False
claude-opus-4.6/mean,granite4:micro-h,3.04,0.0651603,11.0,11.46425,11.5,6.0,17.5,False,0.0785,0.0,0.0,0.0,0.008875,0.0,0.3783291666666667,claude-opus-4.6,mean_score,,100,False,3191396096,T4,T4,False
claude-opus-4.6/mean,hf.co/LiquidAI/LFM2-1.2B-GGUF:Q4_K_M,1.94,0.0186997,79.0,78.91875,78.5,69.5,90.5,True,0.6,0.0,0.0,0.0,0.0,0.0,0.0,claude-opus-4.6,mean_score,,100,False,1170340608,T2,T2,False
claude-opus-4.6/mean,hf.co/LiquidAI/LFM2-1.2B-GGUF:Q8_0,1.98,0.030554,74.5,75.933625,75.5,67.0,86.5,False,0.089,0.0,0.0,0.0,0.0,0.0,0.0,claude-opus-4.6,mean_score,,100,False,1170340608,T2,T2,False
claude-opus-4.6/mean,hf.co/LiquidAI/LFM2-350M-GGUF:Q4_K_M,1.42,0.011277400000000002,114.0,114.33975,114.0,105.5,123.5,False,0.071,0.0,0.0,0.0,0.0,0.0,0.0,claude-opus-4.6,mean_score,,100,False,354483968,T1,T1,False
claude-opus-4.6/mean,hf.co/LiquidAI/LFM2-700M-GGUF:Q4_K_M,1.5,0.0220955,109.0,108.158875,108.25,96.5,119.0,False,0.0,0.0,0.0,0.0,0.0,0.0,0.0,claude-opus-4.6,mean_score,,100,False,742489344,T1,T1,False
claude-opus-4.6/mean,hf.co/NousResearch/Hermes-3-Llama-3.2-3B-GGUF:Q4_K_M,2.24,0.0769492,63.5,61.6515,63.0,45.0,71.0,False,0.0,0.0,0.0,0.0,0.0,0.0,0.0,claude-opus-4.6,mean_score,,100,False,3212749888,T4,T3,True
claude-opus-4.6/mean,hf.co/NousResearch/Hermes-3-Llama-3.2-3B-GGUF:Q8_0,2.32,0.0991791,60.0,58.02875,59.0,43.0,68.0,False,0.0,0.0,0.0,0.0,0.0,0.0,0.0,claude-opus-4.6,mean_score,,100,False,3212749888,T4,T3,True
claude-opus-4.6/mean,hf.co/Qwen/Qwen2.5-1.5B-Instruct-GGUF:Q4_K_M,2.15,0.038428699999999996,67.0,66.165375,67.0,42.5,80.0,False,0.089,0.0,0.0,0.0,0.0,0.0,0.0,claude-opus-4.6,mean_score,,100,False,1777088000,T2,T2,False
claude-opus-4.6/mean,hf.co/Qwen/Qwen2.5-3B-Instruct-GGUF:Q4_K_M,2.81,0.09588630000000001,20.0,21.4565,21.0,13.5,34.0,False,0.0,0.0,0.0,0.0,0.0,0.0,0.001625,claude-opus-4.6,mean_score,,100,False,3397103616,T4,T4,False
claude-opus-4.6/mean,hf.co/Qwen/Qwen3-4B-GGUF:Q4_K_M,2.99,0.2571047,13.0,14.014375,13.0,8.0,24.0,False,0.0,0.0,0.0,0.0,0.001,0.0,0.2543333333333334,claude-opus-4.6,mean_score,,100,False,4022468096,T5,T5,False
claude-opus-4.6/mean,hf.co/allenai/OLMo-2-0425-1B-Instruct-GGUF:Q4_K_M,1.78,0.061812700000000005,92.0,89.724875,90.0,81.0,97.5,False,0.0,0.0,0.0,0.0,0.0,0.0,0.0,claude-opus-4.6,mean_score,,100,False,1484916736,T2,T1,True
claude-opus-4.6/mean,hf.co/bartowski/Llama-3.2-3B-Instruct-GGUF:IQ4_XS,2.46,0.06516,50.0,47.3695,48.0,33.0,59.5,False,0.0,0.0,0.0,0.0,0.0,0.0,0.0,claude-opus-4.6,mean_score,,100,False,3212749888,T4,T3,True
claude-opus-4.6/mean,hf.co/bartowski/Llama-3.2-3B-Instruct-GGUF:Q3_K_L,2.38,0.06620140000000001,56.0,54.29275,54.5,40.987500000000004,65.5,False,0.0,0.0,0.0,0.0,0.0,0.0,0.0,claude-opus-4.6,mean_score,,100,False,3212749888,T4,T3,True
claude-opus-4.6/mean,hf.co/bartowski/Llama-3.2-3B-Instruct-GGUF:Q5_K_M,2.6,0.07428490000000001,31.5,33.513625,33.5,21.987500000000004,46.5,False,0.0,0.0,0.0,0.0,0.0,0.0,0.0,claude-opus-4.6,mean_score,,100,False,3212749888,T4,T3,True
claude-opus-4.6/mean,hf.co/bartowski/Llama-3.2-3B-Instruct-GGUF:Q6_K,2.51,0.0734838,45.5,42.941875,43.0,32.5,53.0,False,0.0,0.0,0.0,0.0,0.0,0.0,0.0,claude-opus-4.6,mean_score,,100,False,3212749888,T4,T3,True
claude-opus-4.6/mean,hf.co/ggml-org/SmolLM3-3B-GGUF:Q4_K_M,2.34,0.110296,58.0,56.368125,57.5,39.5,66.0,False,0.0,0.0,0.0,0.0,0.0,0.0,0.0,claude-opus-4.6,mean_score,,100,False,3075098624,T4,T3,True
claude-opus-4.6/mean,hf.co/ggml-org/SmolLM3-3B-GGUF:Q8_0,2.37,0.13829260000000002,57.0,54.14225,56.0,36.0,65.0,False,0.0,0.0,0.0,0.0,0.0,0.0,0.0,claude-opus-4.6,mean_score,,100,False,3075098624,T4,T3,True
claude-opus-4.6/mean,hf.co/openbmb/MiniCPM3-4B-GGUF:Q4_K_M,2.33,0.0784251,59.0,57.82025,58.5,45.0,66.0,False,0.0,0.0,0.0,0.0,0.0,0.0,0.0,claude-opus-4.6,mean_score,,100,False,4073876000,T5,T4,True
claude-opus-4.6/mean,hf.co/tiiuae/Falcon-H1-0.5B-Instruct-GGUF:Q4_K_M,1.84,0.034294200000000004,87.0,85.7145,86.0,71.98750000000001,100.01250000000005,False,0.00075,0.0,0.0,0.0,0.0,0.0,0.0,claude-opus-4.6,mean_score,,100,False,521411104,T1,T1,False
claude-opus-4.6/mean,hf.co/tiiuae/Falcon-H1-1.5B-Deep-Instruct-GGUF:IQ4_XS,2.47,0.1053772,48.5,46.3415,47.0,27.0,62.5,False,0.0,0.0,0.0,0.0,0.0,0.0,0.0,claude-opus-4.6,mean_score,,100,False,1554874768,T2,T2,False
claude-opus-4.6/mean,hf.co/tiiuae/Falcon-H1-1.5B-Deep-Instruct-GGUF:Q4_K_M,2.53,0.09332829999999999,42.5,40.22575,40.5,22.0,56.5,False,0.0,0.0,0.0,0.0,0.0,0.0,8.333333333333333e-05,claude-opus-4.6,mean_score,,100,False,1554874768,T2,T2,False
claude-opus-4.6/mean,hf.co/tiiuae/Falcon-H1-3B-Instruct-GGUF:Q4_K_M,3.03,0.12489019999999998,12.0,12.28775,12.0,6.0,22.0,False,0.0,0.0,0.0,0.0,0.00875,0.0,0.38504166666666667,claude-opus-4.6,mean_score,,100,False,3149392384,T4,T3,True
claude-opus-4.6/mean,hf.co/unsloth/Llama-3.2-1B-Instruct-GGUF:Q4_K_M,1.67,0.0180221,97.0,97.175,97.0,87.5,107.0,False,0.03725,0.0,0.0,0.0,0.0,0.0,0.0,claude-opus-4.6,mean_score,,100,False,1235814432,T2,T2,False
claude-opus-4.6/mean,hf.co/unsloth/Phi-4-mini-instruct-GGUF:Q4_K_M,2.54,0.10440899999999999,40.5,39.76575,39.5,24.0,55.0,False,0.0,0.0,0.0,0.0,0.0,0.0,0.0,claude-opus-4.6,mean_score,,100,False,3836021856,T4,T4,False
claude-opus-4.6/mean,hf.co/unsloth/Qwen3-4B-GGUF:Q4_K_M,3.46,0.09334010000000001,5.0,4.076875,4.0,1.0,7.0,True,0.94,0.0,0.075375,1.0,0.8554583333333333,1.0,1.0,claude-opus-4.6,mean_score,,100,False,4022468096,T5,T5,False
claude-opus-4.6/mean,internlm2:1.8b,1.45,0.030893100000000003,110.0,112.249375,112.0,101.5,124.0,False,0.0,0.0,0.0,0.0,0.0,0.0,0.0,claude-opus-4.6,mean_score,,100,False,1889110016,T2,T2,False
claude-opus-4.6/mean,llama3.2:1b,1.72,0.0269072,93.0,92.91825,93.0,81.0,104.0,False,0.001,0.0,0.0,0.0,0.0,0.0,0.0,claude-opus-4.6,mean_score,,100,False,1235814432,T2,T2,False
claude-opus-4.6/mean,llama3.2:1b-instruct-q4_K_M,1.6,0.022604799999999994,101.5,101.9095,102.0,92.0,112.5,False,0.0,0.0,0.0,0.0,0.0,0.0,0.0,claude-opus-4.6,mean_score,,100,False,1235814432,T2,T1,True
claude-opus-4.6/mean,llama3.2:1b-instruct-q8_0,1.67,0.026446500000000005,97.0,97.016,97.0,85.5,108.0,False,0.0,0.0,0.0,0.0,0.0,0.0,0.0,claude-opus-4.6,mean_score,,100,False,1235814432,T2,T2,False
claude-opus-4.6/mean,llama3.2:3b,2.56,0.05392730000000001,38.0,37.224875,37.0,23.5,51.5,False,0.00075,0.0,0.0,0.0,0.0,0.0,0.0,claude-opus-4.6,mean_score,,100,False,3212749888,T4,T4,False
claude-opus-4.6/mean,llama3.2:3b-instruct-q4_K_M,2.53,0.053858199999999995,42.5,40.735375,40.5,27.0,54.5,False,0.001,0.0,0.0,0.0,0.0,0.0,0.0,claude-opus-4.6,mean_score,,100,False,3212749888,T4,T3,True
claude-opus-4.6/mean,llama3.2:3b-instruct-q8_0,2.58,0.08039449999999998,34.5,35.997875,36.0,23.0,50.0,False,0.0,0.0,0.0,0.0,0.0,0.0,0.0,claude-opus-4.6,mean_score,,100,False,3212749888,T4,T4,False
claude-opus-4.6/mean,ministral-3:3b,3.06,0.10715520000000002,10.0,11.14125,11.0,7.0,17.0,False,0.0005,0.0,0.0,0.0,0.002125,1.0,0.4481208333333333,claude-opus-4.6,mean_score,,100,False,3849090048,T4,T4,False
claude-opus-4.6/mean,nemotron-mini:4b,1.69,0.0678951,94.0,95.385625,95.0,86.5,104.5,False,0.0,0.0,0.0,0.0,0.0,0.0,0.0,claude-opus-4.6,mean_score,,100,False,4190509056,T5,T5,False
claude-opus-4.6/mean,nemotron-mini:4b-instruct-q4_K_M,1.67,0.06775320000000001,97.0,97.052375,97.0,86.5,108.0,False,0.0,0.0,0.0,0.0,0.0,0.0,0.0,claude-opus-4.6,mean_score,,100,False,4190509056,T5,T5,False
claude-opus-4.6/mean,nemotron-mini:4b-instruct-q8_0,1.81,0.11059119999999999,89.5,88.064,88.0,79.5,97.5,False,0.0,0.0,0.0,0.0,0.0,0.0,0.0,claude-opus-4.6,mean_score,,100,False,4190509056,T5,T5,False
claude-opus-4.6/mean,opencoder:1.5b,1.59,0.07436240000000001,103.0,102.312125,103.0,91.0,113.0,False,0.0,0.0,0.0,0.0,0.0,0.0,0.0,claude-opus-4.6,mean_score,,100,False,1905650880,T2,T2,False
claude-opus-4.6/mean,phi3.5:3.8b,2.39,0.14908549999999998,55.0,53.294625,54.0,37.0,66.0,False,0.0,0.0,0.0,0.0,0.0,0.0,0.0,claude-opus-4.6,mean_score,,100,False,3821079648,T4,T4,False
claude-opus-4.6/mean,phi3.5:3.8b-mini-instruct-q8_0,2.69,0.2185186,27.0,28.94025,27.0,20.0,45.5,False,0.0,0.0,0.0,0.0,0.0,0.0,0.0,claude-opus-4.6,mean_score,,100,False,3821079648,T4,T4,False
claude-opus-4.6/mean,phi3:3.8b,2.11,0.10969870000000002,68.0,69.190375,68.0,63.0,79.5,False,0.0,0.0,0.0,0.0,0.0,0.0,0.0,claude-opus-4.6,mean_score,,100,False,3821079648,T4,T4,False
claude-opus-4.6/mean,phi3:3.8b-mini-128k-instruct-q8_0,2.41,0.12320129999999999,53.0,51.510125,52.5,36.5,63.0,False,0.0,0.0,0.0,0.0,0.0,0.0,0.0,claude-opus-4.6,mean_score,,100,False,3821079648,T4,T4,False
claude-opus-4.6/mean,phi3:mini,2.19,0.10882840000000002,65.0,64.797,64.5,58.0,73.5,False,0.0,0.0,0.0,0.0,0.0,0.0,0.0,claude-opus-4.6,mean_score,,100,False,3821079648,T4,T4,False
claude-opus-4.6/mean,phi3:mini-128k,2.18,0.1089084,66.0,65.332625,65.0,58.0,74.0,False,0.0,0.0,0.0,0.0,0.0,0.0,0.0,claude-opus-4.6,mean_score,,100,False,3821079648,T4,T4,False
claude-opus-4.6/mean,phi3:mini-4k,2.3,0.1537809,61.0,59.01725,60.0,44.5,69.0,False,0.0,0.0,0.0,0.0,0.0,0.0,0.0,claude-opus-4.6,mean_score,,100,False,3821079552,T4,T4,False
claude-opus-4.6/mean,phi4-mini,2.54,0.0958175,40.5,39.73275,40.0,23.5,56.0,False,0.0,0.0,0.0,0.0,0.0,0.0,0.0,claude-opus-4.6,mean_score,,100,False,3836021856,T4,T4,False
claude-opus-4.6/mean,phi4-mini-reasoning,2.63,0.2828102,29.5,33.037,31.0,15.0,58.5,False,0.0,0.0,0.0,0.0,0.0,0.0,0.00125,claude-opus-4.6,mean_score,,100,False,3836021856,T4,T4,False
claude-opus-4.6/mean,qwen2-math:1.5b,1.35,0.0745381,121.0,119.83675,120.75,108.0,128.0,False,0.0,0.0,0.0,0.0,0.0,0.0,0.0,claude-opus-4.6,mean_score,,100,False,1543714304,T2,T2,False
claude-opus-4.6/mean,qwen2.5-coder:0.5b,1.61,0.025064600000000003,100.0,100.865625,101.0,91.5,109.0,False,0.0005,0.0,0.0,0.0,0.0,0.0,0.0,claude-opus-4.6,mean_score,,100,False,494032768,T1,T1,False
claude-opus-4.6/mean,qwen2.5-coder:1.5b,2.03,0.05254289999999999,71.0,73.416875,73.0,64.0,85.0,False,0.0,0.0,0.0,0.0,0.0,0.0,0.0,claude-opus-4.6,mean_score,,100,False,1543714304,T2,T2,False
claude-opus-4.6/mean,qwen2.5-coder:1.5b-instruct-q8_0,2.07,0.0742927,69.0,70.42025,70.0,65.0,76.5,False,0.0,0.0,0.0,0.0,0.0,0.0,0.0,claude-opus-4.6,mean_score,,100,False,1543714304,T2,T2,False
claude-opus-4.6/mean,qwen2.5-coder:3b,2.52,0.094148,44.0,42.1645,42.0,25.5,60.0,False,0.0,0.0,0.0,0.0,0.0,0.0,0.0,claude-opus-4.6,mean_score,,100,False,3085938688,T4,T4,False
claude-opus-4.6/mean,qwen2.5-coder:3b-instruct-q4_K_M,2.48,0.09297190000000001,47.0,46.199125,47.0,28.0,62.0,False,0.0,0.0,0.0,0.0,0.0,0.0,0.0,claude-opus-4.6,mean_score,,100,False,3085938688,T4,T4,False
claude-opus-4.6/mean,qwen2.5-coder:3b-instruct-q8_0,2.73,0.15580289999999997,24.0,27.008625,25.0,16.0,48.0,False,0.0,0.0,0.0,0.0,0.0,0.0,0.0,claude-opus-4.6,mean_score,,100,False,3085938688,T4,T4,False
claude-opus-4.6/mean,qwen2.5:0.5b,1.34,0.0324637,122.0,121.114375,121.0,114.5,128.0,False,0.0,0.0,0.0,0.0,0.0,0.0,0.0,claude-opus-4.6,mean_score,,100,False,494032768,T1,T1,False
claude-opus-4.6/mean,qwen2.5:0.5b-instruct-q4_K_M,1.36,0.0319782,120.0,119.1215,119.0,111.5,127.0,False,0.0,0.0,0.0,0.0,0.0,0.0,0.0,claude-opus-4.6,mean_score,,100,False,494032768,T1,T1,False
claude-opus-4.6/mean,qwen2.5:0.5b-instruct-q8_0,1.4,0.034305,117.0,115.679,116.0,106.5,124.0,False,0.0,0.0,0.0,0.0,0.0,0.0,0.0,claude-opus-4.6,mean_score,,100,False,494032768,T1,T1,False
claude-opus-4.6/mean,qwen2.5:1.5b,1.95,0.053494799999999995,78.0,78.11525,78.0,71.0,87.0,False,0.0,0.0,0.0,0.0,0.0,0.0,0.0,claude-opus-4.6,mean_score,,100,False,1543714304,T2,T2,False
claude-opus-4.6/mean,qwen2.5:1.5b-instruct-q4_K_M,1.93,0.053314699999999986,80.0,79.75075,79.5,72.0,88.0,False,0.0,0.0,0.0,0.0,0.0,0.0,0.0,claude-opus-4.6,mean_score,,100,False,1543714304,T2,T2,False
claude-opus-4.6/mean,qwen2.5:1.5b-instruct-q8_0,2.06,0.0777736,70.0,71.0545,71.0,63.0,79.5,False,0.0,0.0,0.0,0.0,0.0,0.0,0.0,claude-opus-4.6,mean_score,,100,False,1543714304,T2,T2,False
claude-opus-4.6/mean,qwen2.5:3b,2.57,0.10877729999999998,36.0,37.42725,37.0,24.0,53.0,False,0.0,0.0,0.0,0.0,0.0,0.0,0.0,claude-opus-4.6,mean_score,,100,False,3085938688,T4,T4,False
claude-opus-4.6/mean,qwen2.5:3b-instruct-q4_K_M,2.6,0.10583500000000001,31.5,34.123,33.0,21.5,49.0,False,0.0,0.0,0.0,0.0,0.0,0.0,0.0,claude-opus-4.6,mean_score,,100,False,3085938688,T4,T4,False
claude-opus-4.6/mean,qwen2.5:3b-instruct-q8_0,2.82,0.17272310000000002,19.0,20.662375,20.0,13.0,31.0,False,0.0,0.0,0.0,0.0,0.0,0.0,0.0023333333333333335,claude-opus-4.6,mean_score,,100,False,3085938688,T4,T4,False
claude-opus-4.6/mean,qwen2:0.5b-instruct-q8_0,1.38,0.019274100000000002,118.5,117.361625,118.0,108.0,125.0,False,0.0,0.0,0.0,0.0,0.0,0.0,0.0,claude-opus-4.6,mean_score,,100,False,494032768,T1,T1,False
claude-opus-4.6/mean,qwen2:1.5b,1.6,0.0268809,101.5,101.42875,102.0,91.0,111.0,False,0.0,0.0,0.0,0.0,0.0,0.0,0.0,claude-opus-4.6,mean_score,,100,False,1543714304,T2,T2,False
claude-opus-4.6/mean,qwen2:1.5b-instruct-q8_0,1.68,0.04402440000000001,95.0,96.285125,96.0,87.0,106.0,False,0.0,0.0,0.0,0.0,0.0,0.0,0.0,claude-opus-4.6,mean_score,,100,False,1543714304,T2,T2,False
claude-opus-4.6/mean,qwen3.5:2b,2.51,0.10294600000000001,45.5,42.808125,43.0,25.0,60.0,False,0.0,0.0,0.0,0.0,0.0,0.0,0.0,claude-opus-4.6,mean_score,,100,False,2274069824,T3,T2,True
claude-opus-4.6/mean,qwen3:0.6b,1.81,0.0153814,89.5,87.881625,88.0,78.0,98.0,True,0.951,0.0,0.0,0.0,0.0,0.0,0.0,claude-opus-4.6,mean_score,,100,False,751632384,T1,T1,False
claude-opus-4.6/mean,qwen3:0.6b-fp16,1.89,0.0282127,82.5,82.211,82.0,69.5,95.51250000000005,False,0.02875,0.0,0.0,0.0,0.0,0.0,0.0,claude-opus-4.6,mean_score,,100,False,751632384,T1,T1,False
claude-opus-4.6/mean,qwen3:0.6b-q8_0,1.98,0.018881900000000004,74.5,76.224875,76.0,65.5,88.5,True,0.744,0.0,0.0,0.0,0.0,0.0,0.0,claude-opus-4.6,mean_score,,100,False,751632384,T1,T1,False
claude-opus-4.6/mean,qwen3:1.7b,2.7,0.0365625,26.0,28.52725,26.5,13.0,53.5,True,0.98475,0.0,0.0,0.0,0.0,0.0,0.008208333333333331,claude-opus-4.6,mean_score,,100,False,2031739904,T3,T3,False
claude-opus-4.6/mean,qwen3:1.7b-fp16,2.92,0.08118539999999999,16.0,16.86775,16.0,7.0,36.0,False,0.00575,0.0,0.0,0.0,0.000875,0.0,0.1328083333333333,claude-opus-4.6,mean_score,,100,False,2031739904,T3,T3,False
claude-opus-4.6/mean,qwen3:1.7b-q8_0,2.87,0.053398499999999995,18.0,19.68875,18.5,9.5,39.5,False,0.19575,0.0,0.0,0.0,0.00025,0.0,0.044458333333333336,claude-opus-4.6,mean_score,,100,False,2031739904,T3,T3,False
claude-opus-4.6/mean,qwen3:4b,3.09,0.2570734,9.0,11.121,10.0,6.0,21.5,False,0.0,0.0,0.0,0.0,0.012708333333333334,1.0,0.5524333333333333,claude-opus-4.6,mean_score,,100,False,4022468096,T5,T5,False
claude-opus-4.6/mean,qwen3:4b-instruct-2507-q4_K_M,3.56,0.10899769999999999,2.0,2.99175,3.0,2.0,5.0,True,0.717,0.0,0.01075,1.0,0.9855,1.0,1.0,claude-opus-4.6,mean_score,,100,False,4022468096,T5,T5,False
claude-opus-4.6/mean,qwen3:4b-instruct-2507-q8_0,3.76,0.1605071,1.0,1.39275,1.0,1.0,4.0,True,0.835,1.0,0.7722083333333334,1.0,0.99875,1.0,1.0,claude-opus-4.6,mean_score,,100,False,4022468096,T5,T5,False
claude-opus-4.6/mean,qwen3:4b-q8_0,3.52,0.1389434,3.0,3.274125,3.0,1.0,5.0,False,0.214,0.0,0.04745833333333334,1.0,0.991375,1.0,1.0,claude-opus-4.6,mean_score,,100,False,4022468096,T5,T5,False
claude-opus-4.6/mean,qwen3:4b-thinking-2507-q4_K_M,3.19,0.2587354,7.0,8.64175,7.0,4.0,19.0,False,0.00075,0.0,0.00025,0.0,0.13270833333333332,1.0,0.7627291666666666,claude-opus-4.6,mean_score,,100,False,4022468096,T5,T4,True
claude-opus-4.6/mean,qwen3:4b-thinking-2507-q8_0,3.48,0.38266600000000006,4.0,3.984125,4.0,1.0,10.0,False,0.0905,0.0,0.09395833333333332,1.0,0.8327916666666666,1.0,0.9815833333333334,claude-opus-4.6,mean_score,,100,False,4022468096,T5,T4,True
claude-opus-4.6/mean,sailor2:1b,1.27,0.05649899999999999,126.0,125.2475,125.5,119.0,130.0,False,0.0,0.0,0.0,0.0,0.0,0.0,0.0,claude-opus-4.6,mean_score,,100,False,988064640,T1,T1,False
claude-opus-4.6/mean,smallthinker:3b-preview-q4_K_M,2.59,0.1830502,33.0,34.934875,34.5,17.5,53.0,False,0.0,0.0,0.0,0.0,0.0,0.0,0.000125,claude-opus-4.6,mean_score,,100,False,3397103616,T4,T3,True
claude-opus-4.6/mean,smollm2:1.7b,1.88,0.05150450000000001,84.5,82.929125,83.0,73.5,92.0,False,0.0,0.0,0.0,0.0,0.0,0.0,0.0,claude-opus-4.6,mean_score,,100,False,1711376384,T2,T2,False
claude-opus-4.6/mean,smollm2:1.7b-instruct-q8_0,1.89,0.051941799999999996,82.5,82.170125,82.5,71.5,92.0,False,0.0,0.0,0.0,0.0,0.0,0.0,0.0,claude-opus-4.6,mean_score,,100,False,1711376384,T2,T2,False
claude-opus-4.6/mean,smollm2:135m,1.11,0.0119867,132.0,131.9125,132.0,129.5,135.0,False,0.0,0.0,0.0,0.0,0.0,0.0,0.0,claude-opus-4.6,mean_score,,100,False,134515008,T1,T1,False
claude-opus-4.6/mean,smollm2:135m-instruct-q8_0,1.08,0.00814,133.0,133.78825,134.0,131.0,136.0,False,0.0,0.0,0.0,0.0,0.0,0.0,0.0,claude-opus-4.6,mean_score,,100,False,134515008,T1,T1,False
claude-opus-4.6/mean,smollm2:360m,1.33,0.017338700000000002,123.0,120.922,122.0,109.0,129.0,False,0.0,0.0,0.0,0.0,0.0,0.0,0.0,claude-opus-4.6,mean_score,,100,False,361821120,T1,T1,False
claude-opus-4.6/mean,smollm2:360m-instruct-q8_0,1.28,0.012322199999999998,125.0,124.936875,125.0,119.5,129.0,False,0.0045,0.0,0.0,0.0,0.0,0.0,0.0,claude-opus-4.6,mean_score,,100,False,361821120,T1,T1,False
claude-opus-4.6/mean,smollm:1.7b,1.23,0.0749611,128.0,127.094625,128.0,119.0,131.0,False,0.0,0.0,0.0,0.0,0.0,0.0,0.0,claude-opus-4.6,mean_score,,100,False,1711376384,T2,T2,False
claude-opus-4.6/mean,smollm:360m,1.06,0.025851599999999995,136.0,134.99275,135.5,131.0,137.0,False,0.0,0.0,0.0,0.0,0.0,0.0,0.0,claude-opus-4.6,mean_score,,100,False,361821120,T1,T1,False
claude-opus-4.6/mean,stablelm2:1.6b,1.44,0.057245799999999986,111.5,112.70025,112.5,107.0,119.0,False,0.0,0.0,0.0,0.0,0.0,0.0,0.0,claude-opus-4.6,mean_score,,100,False,1644515328,T2,T2,False
claude-opus-4.6/mean,stablelm2:1.6b-chat,1.42,0.0572737,114.0,114.534375,114.5,104.5,124.0,False,0.0,0.0,0.0,0.0,0.0,0.0,0.0,claude-opus-4.6,mean_score,,100,False,1644515328,T2,T2,False
claude-opus-4.6/mean,stablelm2:1.6b-zephyr,1.41,0.0446021,116.0,115.43075,115.0,106.0,124.0,False,0.0,0.0,0.0,0.0,0.0,0.0,0.0,claude-opus-4.6,mean_score,,100,False,1644515328,T2,T2,False
claude-opus-4.6/mean,starcoder2:3b,1.04,0.13843060000000001,137.0,135.97175,136.0,133.0,137.0,False,0.0,0.0,0.0,0.0,0.0,0.0,0.0,claude-opus-4.6,mean_score,,100,False,3030371328,T4,T3,True
claude-opus-4.6/mean,starcoder2:3b-q6_K,1.12,0.1815079,131.0,131.615625,131.5,127.5,135.5,False,0.0,0.0,0.0,0.0,0.0,0.0,0.0,claude-opus-4.6,mean_score,,100,False,3030371328,T4,T3,True
claude-opus-4.6/mean,starcoder2:3b-q8_0,1.07,0.2077656,134.5,134.226,134.5,130.5,137.0,False,0.0,0.0,0.0,0.0,0.0,0.0,0.0,claude-opus-4.6,mean_score,,100,False,3030371328,T4,T3,True
claude-opus-4.6/mean,tinyllama:1.1b,1.31,0.037376900000000005,124.0,122.533625,123.5,111.0,129.0,False,0.0,0.0,0.0,0.0,0.0,0.0,0.0,claude-opus-4.6,mean_score,,100,False,1100048384,T2,T2,False
claude-opus-4.6/mean,tinyllama:1.1b-chat-v1-q8_0,1.44,0.06069599999999999,111.5,112.685125,113.0,99.5,123.0,False,0.0,0.0,0.0,0.0,0.0,0.0,0.0,claude-opus-4.6,mean_score,,100,False,1100048384,T2,T2,False
claude-opus-4.6/mean,yi-coder:1.5b,1.62,0.05313199999999999,99.0,100.18275,101.0,88.0,110.5,False,0.0,0.0,0.0,0.0,0.0,0.0,0.0,claude-opus-4.6,mean_score,,100,False,1476495360,T2,T2,False
claude-opus-4.6/pass1-ge-2.5,codegemma:2b,0.0,0.10250499999999999,136.5,134.330875,135.5,129.5,136.5,False,0.0,0.0,0.0,0.0,0.0,0.0,0.0,claude-opus-4.6,pass_1,2.5,100,True,2506172416,T3,T2,True
claude-opus-4.6/pass1-ge-2.5,codegemma:2b-code-q6_K,0.03,0.0531285,121.5,121.513625,122.0,96.5,136.0,False,0.0,0.0,0.0,0.0,0.0,0.0,0.0,claude-opus-4.6,pass_1,2.5,100,False,2506172416,T3,T2,True
claude-opus-4.6/pass1-ge-2.5,cogito:3b,0.47,0.0465268,47.0,44.285125,45.0,24.5,59.0,False,0.107,0.0,0.0,0.0,0.0,0.0,0.0,claude-opus-4.6,pass_1,2.5,100,False,3606752320,T4,T3,True
claude-opus-4.6/pass1-ge-2.5,cogito:3b-v1-preview-llama-q8_0,0.48,0.0701172,43.0,42.83075,43.0,24.0,60.0,False,0.0,0.0,0.0,0.0,0.0,0.0,0.0,claude-opus-4.6,pass_1,2.5,100,False,3606752320,T4,T3,True
claude-opus-4.6/pass1-ge-2.5,deepseek-coder:1.3b,0.04,0.0654276,116.0,116.593125,116.5,104.5,129.0,False,0.0,0.0,0.0,0.0,0.0,0.0,0.0,claude-opus-4.6,pass_1,2.5,100,False,1346471936,T2,T2,False
claude-opus-4.6/pass1-ge-2.5,deepseek-coder:1.3b-instruct-q8_0,0.03,0.097566,121.5,120.747375,120.5,106.0,134.0,False,0.0,0.0,0.0,0.0,0.0,0.0,0.0,claude-opus-4.6,pass_1,2.5,100,False,1346471936,T2,T2,False
claude-opus-4.6/pass1-ge-2.5,falcon3:1b,0.11,0.09954219999999997,95.0,98.848,97.0,78.5,128.5,False,0.0,0.0,0.0,0.0,0.0,0.0,0.0,claude-opus-4.6,pass_1,2.5,100,False,1669408768,T2,T2,False
claude-opus-4.6/pass1-ge-2.5,falcon3:1b-instruct-q8_0,0.1,0.09960649999999997,99.0,102.2115,100.0,80.0,131.0,False,0.0,0.0,0.0,0.0,0.0,0.0,0.0,claude-opus-4.6,pass_1,2.5,100,False,1669408768,T2,T2,False
claude-opus-4.6/pass1-ge-2.5,falcon3:3b,0.26,0.0586016,70.0,73.094625,71.5,62.5,89.0,False,0.0,0.0,0.0,0.0,0.0,0.0,0.0,claude-opus-4.6,pass_1,2.5,100,False,3227655168,T4,T4,False
claude-opus-4.6/pass1-ge-2.5,falcon3:3b-instruct-q4_K_M,0.28,0.058018900000000005,69.0,70.47725,69.5,61.0,84.0,False,0.0,0.0,0.0,0.0,0.0,0.0,0.0,claude-opus-4.6,pass_1,2.5,100,False,3227655168,T4,T4,False
claude-opus-4.6/pass1-ge-2.5,falcon3:3b-instruct-q8_0,0.36,0.09732470000000001,63.5,61.711125,63.0,43.0,75.5,False,0.0,0.0,0.0,0.0,0.0,0.0,0.0,claude-opus-4.6,pass_1,2.5,100,False,3227655168,T4,T4,False
claude-opus-4.6/pass1-ge-2.5,gemma2:2b,0.43,0.06473620000000001,55.0,52.0205,53.5,32.0,66.0,False,0.0,0.0,0.0,0.0,0.0,0.0,0.0,claude-opus-4.6,pass_1,2.5,100,False,2614341888,T3,T3,False
claude-opus-4.6/pass1-ge-2.5,gemma2:2b-instruct-q4_K_M,0.52,0.06000190000000001,36.5,35.13925,34.5,15.5,56.0,False,0.00075,0.0,0.0,0.0,0.00025,0.0,0.002875,claude-opus-4.6,pass_1,2.5,100,False,2614341888,T3,T2,True
claude-opus-4.6/pass1-ge-2.5,gemma2:2b-instruct-q8_0,0.48,0.0859835,43.0,43.020125,43.0,22.5,63.0,False,0.0,0.0,0.0,0.0,0.0,0.0,0.0,claude-opus-4.6,pass_1,2.5,100,False,2614341888,T3,T3,False
claude-opus-4.6/pass1-ge-2.5,gemma3:1b,0.15,0.0230552,90.0,89.32475,89.0,75.5,106.5,False,0.01225,0.0,0.0,0.0,0.0,0.0,0.0,claude-opus-4.6,pass_1,2.5,100,False,999885952,T1,T1,False
claude-opus-4.6/pass1-ge-2.5,gemma3:1b-it-q8_0,0.16,0.023906599999999997,88.5,87.34075,87.5,74.0,100.5,False,0.02575,0.0,0.0,0.0,0.0,0.0,0.0,claude-opus-4.6,pass_1,2.5,100,False,999885952,T1,T1,False
claude-opus-4.6/pass1-ge-2.5,gemma3:1b-it-qat,0.25,0.020576200000000003,72.0,73.451125,73.0,60.5,88.0,True,0.7175,0.0,0.0,0.0,0.0,0.0,0.0,claude-opus-4.6,pass_1,2.5,100,False,999885952,T1,T1,False
claude-opus-4.6/pass1-ge-2.5,gemma3:270m,0.02,0.0052651,128.5,126.26625,126.5,118.5,132.0,True,0.97675,0.0,0.0,0.0,0.0,0.0,0.0,claude-opus-4.6,pass_1,2.5,100,False,268098176,T1,T1,False
claude-opus-4.6/pass1-ge-2.5,gemma3:270m-it-qat,0.05,0.007723500000000001,112.5,114.917625,113.5,99.5,131.5,True,0.622,0.0,0.0,0.0,0.0,0.0,0.0,claude-opus-4.6,pass_1,2.5,100,False,268098176,T1,T1,False
claude-opus-4.6/pass1-ge-2.5,gemma3:4b,0.63,0.0641429,15.0,17.669625,16.5,9.0,35.0,False,0.00075,0.0,0.0,0.0,0.000125,0.0,0.0837541666666667,claude-opus-4.6,pass_1,2.5,100,False,4299915632,T5,T5,False
claude-opus-4.6/pass1-ge-2.5,gemma3:4b-it-q4_K_M,0.64,0.06425800000000001,13.0,15.954125,15.0,7.0,33.0,False,0.00575,0.0,0.0,0.0,0.004833333333333334,0.0,0.176075,claude-opus-4.6,pass_1,2.5,100,False,4299915632,T5,T5,False
claude-opus-4.6/pass1-ge-2.5,gemma3:4b-it-q8_0,0.58,0.08659489999999997,21.0,25.668125,23.0,10.5,52.0,False,0.00025,0.0,0.0,0.0,0.0003333333333333333,0.0,0.025329166666666666,claude-opus-4.6,pass_1,2.5,100,False,4299915632,T5,T5,False
claude-opus-4.6/pass1-ge-2.5,gemma3:4b-it-qat,0.54,0.07702389999999999,29.5,32.106,30.5,14.5,55.5,False,0.00025,0.0,0.0,0.0,0.000125,0.0,0.0026666666666666666,claude-opus-4.6,pass_1,2.5,100,False,4300079472,T5,T5,False
claude-opus-4.6/pass1-ge-2.5,gemma3n:e2b,0.67,0.0648302,11.0,13.299375,12.0,6.0,28.5,False,0.0235,0.0,0.0,0.0,0.0208,0.0,0.3758833333333332,claude-opus-4.6,pass_1,2.5,100,False,4456156768,T5,T5,False
claude-opus-4.6/pass1-ge-2.5,gemma4:e2b-it-qat,0.77,0.0504522,5.0,5.551,5.5,3.0,9.0,True,1.0,0.0,0.002529166666666667,1.0,0.5261041666666666,1.0,0.9933125,claude-opus-4.6,pass_1,2.5,100,False,4628569635,T5,T5,False
claude-opus-4.6/pass1-ge-2.5,gemma:2b,0.16,0.048510500000000005,88.5,87.83175,88.0,68.0,110.5,False,0.0,0.0,0.0,0.0,0.0,0.0,0.0,claude-opus-4.6,pass_1,2.5,100,False,2506434560,T3,T3,False
claude-opus-4.6/pass1-ge-2.5,gemma:2b-instruct-q4_K_M,0.19,0.04429810000000001,82.5,82.593625,83.0,63.5,102.5,False,0.00275,0.0,0.0,0.0,0.0,0.0,0.0,claude-opus-4.6,pass_1,2.5,100,False,2506434560,T3,T2,True
claude-opus-4.6/pass1-ge-2.5,gemma:2b-instruct-q8_0,0.19,0.06085420000000001,82.5,82.667625,82.5,67.5,98.5,False,0.0,0.0,0.0,0.0,0.0,0.0,0.0,claude-opus-4.6,pass_1,2.5,100,False,2506434560,T3,T3,False
claude-opus-4.6/pass1-ge-2.5,granite3.1-dense:2b,0.53,0.08316719999999998,33.5,32.998125,32.0,20.5,50.5,False,0.0,0.0,0.0,0.0,0.0,0.0,0.0,claude-opus-4.6,pass_1,2.5,100,False,2533531648,T3,T3,False
claude-opus-4.6/pass1-ge-2.5,granite3.1-dense:2b-instruct-q8_0,0.57,0.1141953,22.5,25.22325,25.0,13.0,39.5,False,0.0,0.0,0.0,0.0,0.000125,0.0,0.007166666666666666,claude-opus-4.6,pass_1,2.5,100,False,2533531648,T3,T3,False
claude-opus-4.6/pass1-ge-2.5,granite3.1-moe:3b,0.23,0.0334147,74.5,76.76975,75.5,65.0,94.0,False,0.1035,0.0,0.0,0.0,0.0,0.0,0.0,claude-opus-4.6,pass_1,2.5,100,False,3298793472,T4,T4,False
claude-opus-4.6/pass1-ge-2.5,granite3.2:2b,0.53,0.1216954,33.5,33.24325,32.5,15.5,54.5,False,0.0,0.0,0.0,0.0,0.0,0.0,0.0030624999999999997,claude-opus-4.6,pass_1,2.5,100,False,2533531648,T3,T3,False
claude-opus-4.6/pass1-ge-2.5,granite3.2:2b-instruct-q4_K_M,0.55,0.1221751,26.5,29.00275,28.0,11.5,51.0,False,0.0,0.0,0.0,0.0,0.0,0.0,0.018170833333333334,claude-opus-4.6,pass_1,2.5,100,False,2533531648,T3,T3,False
claude-opus-4.6/pass1-ge-2.5,granite3.3:2b,0.55,0.0769426,26.5,29.617375,28.0,13.0,52.5,False,0.0,0.0,0.0,0.0,0.0,0.0,0.005174999999999999,claude-opus-4.6,pass_1,2.5,100,False,2533539840,T3,T3,False
claude-opus-4.6/pass1-ge-2.5,granite4.1:3b,0.71,0.074758,8.5,9.373,8.5,4.0,17.5,False,0.05375,0.0,0.0,0.0,0.06951666666666664,1.0,0.7020666666666666,claude-opus-4.6,pass_1,2.5,100,False,3402836480,T4,T3,True
claude-opus-4.6/pass1-ge-2.5,granite4:1b-h,0.3,0.028435600000000005,67.5,68.359375,68.0,51.5,85.0,True,0.6185,0.0,0.0,0.0,0.0,0.0,0.0,claude-opus-4.6,pass_1,2.5,100,False,1461538368,T2,T2,False
claude-opus-4.6/pass1-ge-2.5,granite4:350m,0.07,0.012930599999999999,108.0,106.140625,106.5,93.5,118.0,False,0.13625,0.0,0.0,0.0,0.0,0.0,0.0,claude-opus-4.6,pass_1,2.5,100,False,352379904,T1,T1,False
claude-opus-4.6/pass1-ge-2.5,granite4:350m-bf16,0.06,0.012712099999999999,110.5,109.579125,109.5,95.0,124.0,False,0.15775,0.0,0.0,0.0,0.0,0.0,0.0,claude-opus-4.6,pass_1,2.5,100,False,352379904,T1,T1,False
claude-opus-4.6/pass1-ge-2.5,granite4:350m-h,0.09,0.0080541,102.5,102.1235,101.0,86.0,123.0,True,0.8425,0.0,0.0,0.0,0.0,0.0,0.0,claude-opus-4.6,pass_1,2.5,100,False,340332224,T1,T1,False
claude-opus-4.6/pass1-ge-2.5,granite4:micro,0.61,0.0798973,19.0,19.723,19.0,10.5,32.5,False,0.0,0.0,0.0,0.0,0.0,0.0,0.02520416666666667,claude-opus-4.6,pass_1,2.5,100,False,3402836480,T4,T4,False
claude-opus-4.6/pass1-ge-2.5,granite4:micro-h,0.71,0.0651603,8.5,9.087375,8.5,4.5,16.0,False,0.112,0.0,0.0,0.0,0.07291249999999999,1.0,0.7327250000000001,claude-opus-4.6,pass_1,2.5,100,False,3191396096,T4,T4,False
claude-opus-4.6/pass1-ge-2.5,hf.co/LiquidAI/LFM2-1.2B-GGUF:Q4_K_M,0.19,0.0186997,82.5,82.7495,82.5,70.5,98.5,True,0.61225,0.0,0.0,0.0,0.0,0.0,0.0,claude-opus-4.6,pass_1,2.5,100,False,1170340608,T2,T2,False
claude-opus-4.6/pass1-ge-2.5,hf.co/LiquidAI/LFM2-1.2B-GGUF:Q8_0,0.21,0.030554,77.5,79.04775,79.0,68.5,90.5,False,0.0685,0.0,0.0,0.0,0.0,0.0,0.0,claude-opus-4.6,pass_1,2.5,100,False,1170340608,T2,T2,False
claude-opus-4.6/pass1-ge-2.5,hf.co/LiquidAI/LFM2-350M-GGUF:Q4_K_M,0.03,0.011277400000000002,121.5,121.296125,121.0,104.5,135.0,False,0.009,0.0,0.0,0.0,0.0,0.0,0.0,claude-opus-4.6,pass_1,2.5,100,False,354483968,T1,T1,False
claude-opus-4.6/pass1-ge-2.5,hf.co/LiquidAI/LFM2-700M-GGUF:Q4_K_M,0.04,0.0220955,116.0,116.295,115.75,101.0,131.5,False,0.0,0.0,0.0,0.0,0.0,0.0,0.0,claude-opus-4.6,pass_1,2.5,100,False,742489344,T1,T1,False
claude-opus-4.6/pass1-ge-2.5,hf.co/NousResearch/Hermes-3-Llama-3.2-3B-GGUF:Q4_K_M,0.34,0.0769492,65.5,63.73825,65.0,47.5,74.0,False,0.0,0.0,0.0,0.0,0.0,0.0,0.0,claude-opus-4.6,pass_1,2.5,100,False,3212749888,T4,T3,True
claude-opus-4.6/pass1-ge-2.5,hf.co/NousResearch/Hermes-3-Llama-3.2-3B-GGUF:Q8_0,0.42,0.0991791,56.0,53.6345,55.5,30.487500000000004,67.5,False,0.0,0.0,0.0,0.0,0.0,0.0,0.0,claude-opus-4.6,pass_1,2.5,100,False,3212749888,T4,T3,True
claude-opus-4.6/pass1-ge-2.5,hf.co/Qwen/Qwen2.5-1.5B-Instruct-GGUF:Q4_K_M,0.25,0.038428699999999996,72.0,73.286875,73.0,62.0,86.0,False,0.038,0.0,0.0,0.0,0.0,0.0,0.0,claude-opus-4.6,pass_1,2.5,100,False,1777088000,T2,T2,False
claude-opus-4.6/pass1-ge-2.5,hf.co/Qwen/Qwen2.5-3B-Instruct-GGUF:Q4_K_M,0.63,0.09588630000000001,15.0,17.4405,16.5,8.5,30.5,False,0.002,0.0,0.0,0.0,0.0025,0.0,0.08514583333333334,claude-opus-4.6,pass_1,2.5,100,False,3397103616,T4,T4,False
claude-opus-4.6/pass1-ge-2.5,hf.co/Qwen/Qwen3-4B-GGUF:Q4_K_M,0.62,0.2571047,17.5,18.37025,17.5,8.0,32.0,False,0.0,0.0,0.0,0.0,0.0011041666666666667,0.0,0.08567083333333333,claude-opus-4.6,pass_1,2.5,100,False,4022468096,T5,T5,False
claude-opus-4.6/pass1-ge-2.5,hf.co/allenai/OLMo-2-0425-1B-Instruct-GGUF:Q4_K_M,0.11,0.061812700000000005,95.0,97.24975,97.0,83.0,113.0,False,0.0,0.0,0.0,0.0,0.0,0.0,0.0,claude-opus-4.6,pass_1,2.5,100,False,1484916736,T2,T1,True
claude-opus-4.6/pass1-ge-2.5,hf.co/bartowski/Llama-3.2-3B-Instruct-GGUF:IQ4_XS,0.47,0.06516,47.0,45.159125,45.5,27.5,60.5,False,0.0,0.0,0.0,0.0,0.0,0.0,0.0,claude-opus-4.6,pass_1,2.5,100,False,3212749888,T4,T3,True
claude-opus-4.6/pass1-ge-2.5,hf.co/bartowski/Llama-3.2-3B-Instruct-GGUF:Q3_K_L,0.4,0.06620140000000001,59.0,57.456,58.0,44.5,67.0,False,0.0,0.0,0.0,0.0,0.0,0.0,0.0,claude-opus-4.6,pass_1,2.5,100,False,3212749888,T4,T3,True
claude-opus-4.6/pass1-ge-2.5,hf.co/bartowski/Llama-3.2-3B-Instruct-GGUF:Q5_K_M,0.48,0.07428490000000001,43.0,42.799875,43.5,27.0,56.5,False,0.0,0.0,0.0,0.0,0.0,0.0,0.0,claude-opus-4.6,pass_1,2.5,100,False,3212749888,T4,T3,True
claude-opus-4.6/pass1-ge-2.5,hf.co/bartowski/Llama-3.2-3B-Instruct-GGUF:Q6_K,0.45,0.0734838,52.0,49.29875,50.0,36.5,60.0,False,0.0,0.0,0.0,0.0,0.0,0.0,0.0,claude-opus-4.6,pass_1,2.5,100,False,3212749888,T4,T3,True
claude-opus-4.6/pass1-ge-2.5,hf.co/ggml-org/SmolLM3-3B-GGUF:Q4_K_M,0.4,0.110296,59.0,56.879875,58.0,41.0,67.0,False,0.0,0.0,0.0,0.0,0.0,0.0,0.0,claude-opus-4.6,pass_1,2.5,100,False,3075098624,T4,T3,True
claude-opus-4.6/pass1-ge-2.5,hf.co/ggml-org/SmolLM3-3B-GGUF:Q8_0,0.4,0.13829260000000002,59.0,56.513,58.0,36.5,68.0,False,0.0,0.0,0.0,0.0,0.0,0.0,0.0,claude-opus-4.6,pass_1,2.5,100,False,3075098624,T4,T3,True
claude-opus-4.6/pass1-ge-2.5,hf.co/openbmb/MiniCPM3-4B-GGUF:Q4_K_M,0.41,0.0784251,57.0,55.909125,57.0,41.0,66.0,False,0.0,0.0,0.0,0.0,0.0,0.0,0.0,claude-opus-4.6,pass_1,2.5,100,False,4073876000,T5,T4,True
claude-opus-4.6/pass1-ge-2.5,hf.co/tiiuae/Falcon-H1-0.5B-Instruct-GGUF:Q4_K_M,0.18,0.034294200000000004,86.0,84.3395,84.5,70.0,102.0,False,0.00675,0.0,0.0,0.0,0.0,0.0,0.0,claude-opus-4.6,pass_1,2.5,100,False,521411104,T1,T1,False
claude-opus-4.6/pass1-ge-2.5,hf.co/tiiuae/Falcon-H1-1.5B-Deep-Instruct-GGUF:IQ4_XS,0.46,0.1053772,49.5,47.04525,47.5,29.0,61.5,False,0.0,0.0,0.0,0.0,0.0,0.0,0.0,claude-opus-4.6,pass_1,2.5,100,False,1554874768,T2,T2,False
claude-opus-4.6/pass1-ge-2.5,hf.co/tiiuae/Falcon-H1-1.5B-Deep-Instruct-GGUF:Q4_K_M,0.52,0.09332829999999999,36.5,34.9905,35.0,17.5,54.0,False,0.0,0.0,0.0,0.0,0.0,0.0,0.0004583333333333333,claude-opus-4.6,pass_1,2.5,100,False,1554874768,T2,T2,False
claude-opus-4.6/pass1-ge-2.5,hf.co/tiiuae/Falcon-H1-3B-Instruct-GGUF:Q4_K_M,0.72,0.12489019999999998,7.0,9.02375,8.0,4.0,19.0,False,0.0005,0.0,0.0,0.0,0.1855833333333334,1.0,0.7103541666666664,claude-opus-4.6,pass_1,2.5,100,False,3149392384,T4,T3,True
claude-opus-4.6/pass1-ge-2.5,hf.co/unsloth/Llama-3.2-1B-Instruct-GGUF:Q4_K_M,0.1,0.0180221,99.0,99.79375,99.0,88.0,115.51250000000005,False,0.0665,0.0,0.0,0.0,0.0,0.0,0.0,claude-opus-4.6,pass_1,2.5,100,False,1235814432,T2,T2,False
claude-opus-4.6/pass1-ge-2.5,hf.co/unsloth/Phi-4-mini-instruct-GGUF:Q4_K_M,0.53,0.10440899999999999,33.5,32.8875,32.0,18.0,50.012500000000045,False,0.0,0.0,0.0,0.0,0.0,0.0,0.00020833333333333332,claude-opus-4.6,pass_1,2.5,100,False,3836021856,T4,T4,False
claude-opus-4.6/pass1-ge-2.5,hf.co/unsloth/Qwen3-4B-GGUF:Q4_K_M,0.81,0.09334010000000001,4.0,4.04575,4.0,1.0,8.5,True,0.717,0.0,0.09034166666666665,1.0,0.8220125,1.0,0.9926041666666667,claude-opus-4.6,pass_1,2.5,100,False,4022468096,T5,T5,False
claude-opus-4.6/pass1-ge-2.5,internlm2:1.8b,0.04,0.030893100000000003,116.0,116.709375,116.5,105.0,129.0,False,0.0,0.0,0.0,0.0,0.0,0.0,0.0,claude-opus-4.6,pass_1,2.5,100,False,1889110016,T2,T2,False
claude-opus-4.6/pass1-ge-2.5,llama3.2:1b,0.11,0.0269072,95.0,96.80425,96.5,81.5,115.5,False,0.00075,0.0,0.0,0.0,0.0,0.0,0.0,claude-opus-4.6,pass_1,2.5,100,False,1235814432,T2,T2,False
claude-opus-4.6/pass1-ge-2.5,llama3.2:1b-instruct-q4_K_M,0.09,0.022604799999999994,102.5,101.687,101.5,90.5,115.5,False,0.0,0.0,0.0,0.0,0.0,0.0,0.0,claude-opus-4.6,pass_1,2.5,100,False,1235814432,T2,T1,True
claude-opus-4.6/pass1-ge-2.5,llama3.2:1b-instruct-q8_0,0.09,0.026446500000000005,102.5,102.240375,101.5,86.0,124.5,False,0.0,0.0,0.0,0.0,0.0,0.0,0.0,claude-opus-4.6,pass_1,2.5,100,False,1235814432,T2,T2,False
claude-opus-4.6/pass1-ge-2.5,llama3.2:3b,0.5,0.05392730000000001,39.5,38.225375,38.5,24.5,51.0,False,0.00025,0.0,0.0,0.0,0.0,0.0,0.0,claude-opus-4.6,pass_1,2.5,100,False,3212749888,T4,T4,False
claude-opus-4.6/pass1-ge-2.5,llama3.2:3b-instruct-q4_K_M,0.48,0.053858199999999995,43.0,42.95375,43.0,27.0,57.5,False,0.00075,0.0,0.0,0.0,0.0,0.0,0.0,claude-opus-4.6,pass_1,2.5,100,False,3212749888,T4,T3,True
claude-opus-4.6/pass1-ge-2.5,llama3.2:3b-instruct-q8_0,0.54,0.08039449999999998,29.5,30.793375,30.5,16.5,47.0,False,0.0,0.0,0.0,0.0,0.0,0.0,0.00025,claude-opus-4.6,pass_1,2.5,100,False,3212749888,T4,T4,False
claude-opus-4.6/pass1-ge-2.5,ministral-3:3b,0.68,0.10715520000000002,10.0,11.85425,11.0,7.0,21.5,False,0.001,0.0,0.0,0.0,0.005966666666666666,1.0,0.4277416666666665,claude-opus-4.6,pass_1,2.5,100,False,3849090048,T4,T4,False
claude-opus-4.6/pass1-ge-2.5,nemotron-mini:4b,0.1,0.0678951,99.0,99.4155,98.5,87.5,114.5,False,0.0,0.0,0.0,0.0,0.0,0.0,0.0,claude-opus-4.6,pass_1,2.5,100,False,4190509056,T5,T5,False
claude-opus-4.6/pass1-ge-2.5,nemotron-mini:4b-instruct-q4_K_M,0.12,0.06775320000000001,92.0,94.942375,94.0,81.5,111.5,False,0.0,0.0,0.0,0.0,0.0,0.0,0.0,claude-opus-4.6,pass_1,2.5,100,False,4190509056,T5,T5,False
claude-opus-4.6/pass1-ge-2.5,nemotron-mini:4b-instruct-q8_0,0.21,0.11059119999999999,77.5,79.1385,78.5,69.0,92.0,False,0.0,0.0,0.0,0.0,0.0,0.0,0.0,claude-opus-4.6,pass_1,2.5,100,False,4190509056,T5,T5,False
claude-opus-4.6/pass1-ge-2.5,opencoder:1.5b,0.08,0.07436240000000001,105.5,104.370125,104.0,89.5,121.5,False,0.0,0.0,0.0,0.0,0.0,0.0,0.0,claude-opus-4.6,pass_1,2.5,100,False,1905650880,T2,T2,False
claude-opus-4.6/pass1-ge-2.5,phi3.5:3.8b,0.46,0.14908549999999998,49.5,47.234875,48.0,32.5,59.5,False,0.0,0.0,0.0,0.0,0.0,0.0,0.0,claude-opus-4.6,pass_1,2.5,100,False,3821079648,T4,T4,False
claude-opus-4.6/pass1-ge-2.5,phi3.5:3.8b-mini-instruct-q8_0,0.54,0.2185186,29.5,31.731875,30.0,15.5,55.0,False,0.0,0.0,0.0,0.0,0.0,0.0,0.0017916666666666669,claude-opus-4.6,pass_1,2.5,100,False,3821079648,T4,T4,False
claude-opus-4.6/pass1-ge-2.5,phi3:3.8b,0.34,0.10969870000000002,65.5,64.773125,65.0,55.0,74.51250000000005,False,0.0,0.0,0.0,0.0,0.0,0.0,0.0,claude-opus-4.6,pass_1,2.5,100,False,3821079648,T4,T4,False
claude-opus-4.6/pass1-ge-2.5,phi3:3.8b-mini-128k-instruct-q8_0,0.44,0.12320129999999999,54.0,50.459125,51.5,33.5,63.5,False,0.0,0.0,0.0,0.0,0.0,0.0,0.0,claude-opus-4.6,pass_1,2.5,100,False,3821079648,T4,T4,False
claude-opus-4.6/pass1-ge-2.5,phi3:mini,0.36,0.10882840000000002,63.5,62.0355,63.0,50.0,70.0,False,0.0,0.0,0.0,0.0,0.0,0.0,0.0,claude-opus-4.6,pass_1,2.5,100,False,3821079648,T4,T4,False
claude-opus-4.6/pass1-ge-2.5,phi3:mini-128k,0.37,0.1089084,61.5,60.678875,61.5,48.5,69.0,False,0.0,0.0,0.0,0.0,0.0,0.0,0.0,claude-opus-4.6,pass_1,2.5,100,False,3821079648,T4,T4,False
claude-opus-4.6/pass1-ge-2.5,phi3:mini-4k,0.37,0.1537809,61.5,61.149375,61.5,49.5,69.0,False,0.0,0.0,0.0,0.0,0.0,0.0,0.0,claude-opus-4.6,pass_1,2.5,100,False,3821079552,T4,T4,False
claude-opus-4.6/pass1-ge-2.5,phi4-mini,0.53,0.0958175,33.5,32.66875,32.0,17.5,49.5,False,0.0,0.0,0.0,0.0,0.0,0.0,0.0003,claude-opus-4.6,pass_1,2.5,100,False,3836021856,T4,T4,False
claude-opus-4.6/pass1-ge-2.5,phi4-mini-reasoning,0.5,0.2828102,39.5,38.72325,38.0,19.0,59.5,False,0.0,0.0,0.0,0.0,0.0,0.0,0.0,claude-opus-4.6,pass_1,2.5,100,False,3836021856,T4,T4,False
claude-opus-4.6/pass1-ge-2.5,qwen2-math:1.5b,0.07,0.0745381,108.0,106.776625,106.5,91.5,123.5,False,0.0,0.0,0.0,0.0,0.0,0.0,0.0,claude-opus-4.6,pass_1,2.5,100,False,1543714304,T2,T2,False
claude-opus-4.6/pass1-ge-2.5,qwen2.5-coder:0.5b,0.11,0.025064600000000003,95.0,96.741625,96.5,82.0,112.0,False,0.0015,0.0,0.0,0.0,0.0,0.0,0.0,claude-opus-4.6,pass_1,2.5,100,False,494032768,T1,T1,False
claude-opus-4.6/pass1-ge-2.5,qwen2.5-coder:1.5b,0.3,0.05254289999999999,67.5,68.2605,68.0,59.5,77.5,False,0.0,0.0,0.0,0.0,0.0,0.0,0.0,claude-opus-4.6,pass_1,2.5,100,False,1543714304,T2,T2,False
claude-opus-4.6/pass1-ge-2.5,qwen2.5-coder:1.5b-instruct-q8_0,0.22,0.0742927,76.0,77.63975,77.0,69.5,89.0,False,0.0,0.0,0.0,0.0,0.0,0.0,0.0,claude-opus-4.6,pass_1,2.5,100,False,1543714304,T2,T2,False
claude-opus-4.6/pass1-ge-2.5,qwen2.5-coder:3b,0.45,0.094148,52.0,48.483625,49.5,30.0,62.5,False,0.0,0.0,0.0,0.0,0.0,0.0,0.0,claude-opus-4.6,pass_1,2.5,100,False,3085938688,T4,T4,False
claude-opus-4.6/pass1-ge-2.5,qwen2.5-coder:3b-instruct-q4_K_M,0.45,0.09297190000000001,52.0,48.7115,50.0,31.5,61.5,False,0.0,0.0,0.0,0.0,0.0,0.0,0.0,claude-opus-4.6,pass_1,2.5,100,False,3085938688,T4,T4,False
claude-opus-4.6/pass1-ge-2.5,qwen2.5-coder:3b-instruct-q8_0,0.54,0.15580289999999997,29.5,32.0255,30.5,17.0,52.5,False,0.0,0.0,0.0,0.0,0.0,0.0,0.0014375,claude-opus-4.6,pass_1,2.5,100,False,3085938688,T4,T4,False
claude-opus-4.6/pass1-ge-2.5,qwen2.5:0.5b,0.02,0.0324637,128.5,124.69875,126.0,107.5,135.5,False,0.0,0.0,0.0,0.0,0.0,0.0,0.0,claude-opus-4.6,pass_1,2.5,100,False,494032768,T1,T1,False
claude-opus-4.6/pass1-ge-2.5,qwen2.5:0.5b-instruct-q4_K_M,0.04,0.0319782,116.0,115.826,116.5,101.5,128.5,False,0.0,0.0,0.0,0.0,0.0,0.0,0.0,claude-opus-4.6,pass_1,2.5,100,False,494032768,T1,T1,False
claude-opus-4.6/pass1-ge-2.5,qwen2.5:0.5b-instruct-q8_0,0.02,0.034305,128.5,126.023,126.5,114.5,133.5,False,0.0,0.0,0.0,0.0,0.0,0.0,0.0,claude-opus-4.6,pass_1,2.5,100,False,494032768,T1,T1,False
claude-opus-4.6/pass1-ge-2.5,qwen2.5:1.5b,0.23,0.053494799999999995,74.5,75.932375,75.5,68.0,85.5,False,0.0,0.0,0.0,0.0,0.0,0.0,0.0,claude-opus-4.6,pass_1,2.5,100,False,1543714304,T2,T2,False
claude-opus-4.6/pass1-ge-2.5,qwen2.5:1.5b-instruct-q4_K_M,0.2,0.053314699999999986,79.5,81.014625,81.0,71.5,91.0,False,0.0,0.0,0.0,0.0,0.0,0.0,0.0,claude-opus-4.6,pass_1,2.5,100,False,1543714304,T2,T2,False
claude-opus-4.6/pass1-ge-2.5,qwen2.5:1.5b-instruct-q8_0,0.25,0.0777736,72.0,73.426125,72.5,66.0,83.5,False,0.0,0.0,0.0,0.0,0.0,0.0,0.0,claude-opus-4.6,pass_1,2.5,100,False,1543714304,T2,T2,False
claude-opus-4.6/pass1-ge-2.5,qwen2.5:3b,0.47,0.10877729999999998,47.0,44.943375,46.0,27.0,60.012500000000045,False,0.0,0.0,0.0,0.0,0.0,0.0,0.0,claude-opus-4.6,pass_1,2.5,100,False,3085938688,T4,T4,False
claude-opus-4.6/pass1-ge-2.5,qwen2.5:3b-instruct-q4_K_M,0.51,0.10583500000000001,38.0,36.148875,36.0,20.0,52.0,False,0.0,0.0,0.0,0.0,0.0,0.0,0.0,claude-opus-4.6,pass_1,2.5,100,False,3085938688,T4,T4,False
claude-opus-4.6/pass1-ge-2.5,qwen2.5:3b-instruct-q8_0,0.6,0.17272310000000002,20.0,21.054,20.5,10.5,34.5,False,0.0,0.0,0.0,0.0,0.000125,0.0,0.02309166666666665,claude-opus-4.6,pass_1,2.5,100,False,3085938688,T4,T4,False
claude-opus-4.6/pass1-ge-2.5,qwen2:0.5b-instruct-q8_0,0.03,0.019274100000000002,121.5,121.92225,121.5,104.5,134.0,False,0.0,0.0,0.0,0.0,0.0,0.0,0.0,claude-opus-4.6,pass_1,2.5,100,False,494032768,T1,T1,False
claude-opus-4.6/pass1-ge-2.5,qwen2:1.5b,0.08,0.0268809,105.5,104.1785,104.5,90.98750000000001,118.5,False,0.0,0.0,0.0,0.0,0.0,0.0,0.0,claude-opus-4.6,pass_1,2.5,100,False,1543714304,T2,T2,False
claude-opus-4.6/pass1-ge-2.5,qwen2:1.5b-instruct-q8_0,0.11,0.04402440000000001,95.0,96.8045,96.0,87.0,110.0,False,0.0,0.0,0.0,0.0,0.0,0.0,0.0,claude-opus-4.6,pass_1,2.5,100,False,1543714304,T2,T2,False
claude-opus-4.6/pass1-ge-2.5,qwen3.5:2b,0.48,0.10294600000000001,43.0,43.131875,43.5,23.5,62.5,False,0.0,0.0,0.0,0.0,0.0,0.0,0.0,claude-opus-4.6,pass_1,2.5,100,False,2274069824,T3,T2,True
claude-opus-4.6/pass1-ge-2.5,qwen3:0.6b,0.14,0.0153814,91.0,91.46775,90.5,80.0,107.0,True,0.7445,0.0,0.0,0.0,0.0,0.0,0.0,claude-opus-4.6,pass_1,2.5,100,False,751632384,T1,T1,False
claude-opus-4.6/pass1-ge-2.5,qwen3:0.6b-fp16,0.18,0.0282127,86.0,84.272,84.0,71.5,100.0,False,0.03025,0.0,0.0,0.0,0.0,0.0,0.0,claude-opus-4.6,pass_1,2.5,100,False,751632384,T1,T1,False
claude-opus-4.6/pass1-ge-2.5,qwen3:0.6b-q8_0,0.18,0.018881900000000004,86.0,84.16,84.5,70.0,100.0,False,0.47775,0.0,0.0,0.0,0.0,0.0,0.0,claude-opus-4.6,pass_1,2.5,100,False,751632384,T1,T1,False
claude-opus-4.6/pass1-ge-2.5,qwen3:1.7b,0.56,0.0365625,24.5,28.183875,26.5,10.5,53.0,True,0.9925,0.0,0.0,0.0,0.0,0.0,0.024129166666666663,claude-opus-4.6,pass_1,2.5,100,False,2031739904,T3,T3,False
claude-opus-4.6/pass1-ge-2.5,qwen3:1.7b-fp16,0.62,0.08118539999999999,17.5,19.581,17.0,7.5,45.5,False,0.0,0.0,0.0,0.0,0.0005833333333333334,0.0,0.1367541666666667,claude-opus-4.6,pass_1,2.5,100,False,2031739904,T3,T3,False
claude-opus-4.6/pass1-ge-2.5,qwen3:1.7b-q8_0,0.57,0.053398499999999995,22.5,27.20675,24.5,10.5,54.5,False,0.14325,0.0,0.0,0.0,0.0,0.0,0.027345833333333326,claude-opus-4.6,pass_1,2.5,100,False,2031739904,T3,T3,False
claude-opus-4.6/pass1-ge-2.5,qwen3:4b,0.65,0.2570734,12.0,15.520125,14.0,6.5,32.5,False,0.0,0.0,0.0,0.0,0.009604166666666664,0.0,0.25373333333333337,claude-opus-4.6,pass_1,2.5,100,False,4022468096,T5,T5,False
claude-opus-4.6/pass1-ge-2.5,qwen3:4b-instruct-2507-q4_K_M,0.83,0.10899769999999999,3.0,3.336875,3.0,2.0,6.0,True,0.56625,0.0,0.013612500000000007,1.0,0.9396374999999997,1.0,1.0,claude-opus-4.6,pass_1,2.5,100,False,4022468096,T5,T5,False
claude-opus-4.6/pass1-ge-2.5,qwen3:4b-instruct-2507-q8_0,0.88,0.1605071,1.0,1.94575,1.0,1.0,6.0,True,0.5645,1.0,0.5878625000000001,1.0,0.9679249999999999,1.0,0.9993333333333334,claude-opus-4.6,pass_1,2.5,100,False,4022468096,T5,T5,False
claude-opus-4.6/pass1-ge-2.5,qwen3:4b-q8_0,0.86,0.1389434,2.0,2.031375,2.0,1.0,4.0,True,0.60825,0.0,0.2863625000000001,1.0,0.9974500000000001,1.0,1.0,claude-opus-4.6,pass_1,2.5,100,False,4022468096,T5,T5,False
claude-opus-4.6/pass1-ge-2.5,qwen3:4b-thinking-2507-q4_K_M,0.63,0.2587354,15.0,17.760875,16.0,6.5,36.512500000000045,False,0.0,0.0,0.0,0.0,0.009375,0.0,0.18494999999999998,claude-opus-4.6,pass_1,2.5,100,False,4022468096,T5,T4,True
claude-opus-4.6/pass1-ge-2.5,qwen3:4b-thinking-2507-q8_0,0.75,0.38266600000000006,6.0,6.775875,6.0,2.0,13.5,False,0.016,0.0,0.01929166666666667,0.0,0.3630083333333333,1.0,0.8770791666666669,claude-opus-4.6,pass_1,2.5,100,False,4022468096,T5,T4,True
claude-opus-4.6/pass1-ge-2.5,sailor2:1b,0.01,0.05649899999999999,134.0,130.1835,131.5,119.0,136.0,False,0.0,0.0,0.0,0.0,0.0,0.0,0.0,claude-opus-4.6,pass_1,2.5,100,False,988064640,T1,T1,False
claude-opus-4.6/pass1-ge-2.5,smallthinker:3b-preview-q4_K_M,0.56,0.1830502,24.5,27.473375,26.5,11.5,49.512500000000045,False,0.0,0.0,0.0,0.0,0.0,0.0,0.014154166666666666,claude-opus-4.6,pass_1,2.5,100,False,3397103616,T4,T3,True
claude-opus-4.6/pass1-ge-2.5,smollm2:1.7b,0.19,0.05150450000000001,82.5,82.495,82.5,71.5,95.0,False,0.0,0.0,0.0,0.0,0.0,0.0,0.0,claude-opus-4.6,pass_1,2.5,100,False,1711376384,T2,T2,False
claude-opus-4.6/pass1-ge-2.5,smollm2:1.7b-instruct-q8_0,0.2,0.051941799999999996,79.5,80.749,80.5,70.48750000000001,92.0,False,0.0,0.0,0.0,0.0,0.0,0.0,0.0,claude-opus-4.6,pass_1,2.5,100,False,1711376384,T2,T2,False
claude-opus-4.6/pass1-ge-2.5,smollm2:135m,0.01,0.0119867,134.0,129.529125,131.5,115.0,136.0,False,0.0,0.0,0.0,0.0,0.0,0.0,0.0,claude-opus-4.6,pass_1,2.5,100,False,134515008,T1,T1,False
claude-opus-4.6/pass1-ge-2.5,smollm2:135m-instruct-q8_0,0.01,0.00814,134.0,131.254375,131.5,126.0,134.0,False,0.0,0.0,0.0,0.0,0.0,0.0,0.0,claude-opus-4.6,pass_1,2.5,100,False,134515008,T1,T1,False
claude-opus-4.6/pass1-ge-2.5,smollm2:360m,0.06,0.017338700000000002,110.5,109.833375,109.0,96.0,126.0,False,0.00575,0.0,0.0,0.0,0.0,0.0,0.0,claude-opus-4.6,pass_1,2.5,100,False,361821120,T1,T1,False
claude-opus-4.6/pass1-ge-2.5,smollm2:360m-instruct-q8_0,0.02,0.012322199999999998,128.5,126.59225,127.5,115.0,134.0,False,0.00025,0.0,0.0,0.0,0.0,0.0,0.0,claude-opus-4.6,pass_1,2.5,100,False,361821120,T1,T1,False
claude-opus-4.6/pass1-ge-2.5,smollm:1.7b,0.02,0.0749611,128.5,126.59225,127.5,115.0,134.0,False,0.0,0.0,0.0,0.0,0.0,0.0,0.0,claude-opus-4.6,pass_1,2.5,100,False,1711376384,T2,T2,False
claude-opus-4.6/pass1-ge-2.5,smollm:360m,0.02,0.025851599999999995,128.5,126.59225,127.5,115.0,134.0,False,0.0,0.0,0.0,0.0,0.0,0.0,0.0,claude-opus-4.6,pass_1,2.5,100,False,361821120,T1,T1,False
claude-opus-4.6/pass1-ge-2.5,stablelm2:1.6b,0.03,0.057245799999999986,121.5,120.761,121.0,108.0,132.5,False,0.0,0.0,0.0,0.0,0.0,0.0,0.0,claude-opus-4.6,pass_1,2.5,100,False,1644515328,T2,T2,False
claude-opus-4.6/pass1-ge-2.5,stablelm2:1.6b-chat,0.04,0.0572737,116.0,117.039625,117.0,100.98750000000001,133.0,False,0.0,0.0,0.0,0.0,0.0,0.0,0.0,claude-opus-4.6,pass_1,2.5,100,False,1644515328,T2,T2,False
claude-opus-4.6/pass1-ge-2.5,stablelm2:1.6b-zephyr,0.05,0.0446021,112.5,113.4405,112.5,102.5,130.0,False,0.0,0.0,0.0,0.0,0.0,0.0,0.0,claude-opus-4.6,pass_1,2.5,100,False,1644515328,T2,T2,False
claude-opus-4.6/pass1-ge-2.5,starcoder2:3b,0.0,0.13843060000000001,136.5,134.330875,135.5,129.5,136.5,False,0.0,0.0,0.0,0.0,0.0,0.0,0.0,claude-opus-4.6,pass_1,2.5,100,True,3030371328,T4,T3,True
claude-opus-4.6/pass1-ge-2.5,starcoder2:3b-q6_K,0.03,0.1815079,121.5,120.439,121.0,106.5,132.0,False,0.0,0.0,0.0,0.0,0.0,0.0,0.0,claude-opus-4.6,pass_1,2.5,100,False,3030371328,T4,T3,True
claude-opus-4.6/pass1-ge-2.5,starcoder2:3b-q8_0,0.02,0.2077656,128.5,124.566,125.5,108.0,135.0,False,0.0,0.0,0.0,0.0,0.0,0.0,0.0,claude-opus-4.6,pass_1,2.5,100,False,3030371328,T4,T3,True
claude-opus-4.6/pass1-ge-2.5,tinyllama:1.1b,0.02,0.037376900000000005,128.5,125.72625,126.5,113.5,133.0,False,0.0,0.0,0.0,0.0,0.0,0.0,0.0,claude-opus-4.6,pass_1,2.5,100,False,1100048384,T2,T2,False
claude-opus-4.6/pass1-ge-2.5,tinyllama:1.1b-chat-v1-q8_0,0.07,0.06069599999999999,108.0,107.241875,107.0,89.0,130.5,False,0.0,0.0,0.0,0.0,0.0,0.0,0.0,claude-opus-4.6,pass_1,2.5,100,False,1100048384,T2,T2,False
claude-opus-4.6/pass1-ge-2.5,yi-coder:1.5b,0.09,0.05313199999999999,102.5,101.63,101.0,86.0,122.5,False,0.0,0.0,0.0,0.0,0.0,0.0,0.0,claude-opus-4.6,pass_1,2.5,100,False,1476495360,T2,T2,False
claude-opus-4.6/pass1-ge-3,codegemma:2b,0.0,0.10250499999999999,136.5,134.330875,135.5,129.5,136.5,False,0.0,0.0,0.0,0.0,0.0,0.0,0.0,claude-opus-4.6,pass_1,3.0,100,True,2506172416,T3,T2,True
claude-opus-4.6/pass1-ge-3,codegemma:2b-code-q6_K,0.03,0.0531285,121.5,121.513625,122.0,96.5,136.0,False,0.0,0.0,0.0,0.0,0.0,0.0,0.0,claude-opus-4.6,pass_1,3.0,100,False,2506172416,T3,T2,True
claude-opus-4.6/pass1-ge-3,cogito:3b,0.47,0.0465268,47.0,44.285125,45.0,24.5,59.0,False,0.107,0.0,0.0,0.0,0.0,0.0,0.0,claude-opus-4.6,pass_1,3.0,100,False,3606752320,T4,T3,True
claude-opus-4.6/pass1-ge-3,cogito:3b-v1-preview-llama-q8_0,0.48,0.0701172,43.0,42.83075,43.0,24.0,60.0,False,0.0,0.0,0.0,0.0,0.0,0.0,0.0,claude-opus-4.6,pass_1,3.0,100,False,3606752320,T4,T3,True
claude-opus-4.6/pass1-ge-3,deepseek-coder:1.3b,0.04,0.0654276,116.0,116.593125,116.5,104.5,129.0,False,0.0,0.0,0.0,0.0,0.0,0.0,0.0,claude-opus-4.6,pass_1,3.0,100,False,1346471936,T2,T2,False
claude-opus-4.6/pass1-ge-3,deepseek-coder:1.3b-instruct-q8_0,0.03,0.097566,121.5,120.747375,120.5,106.0,134.0,False,0.0,0.0,0.0,0.0,0.0,0.0,0.0,claude-opus-4.6,pass_1,3.0,100,False,1346471936,T2,T2,False
claude-opus-4.6/pass1-ge-3,falcon3:1b,0.11,0.09954219999999997,95.0,98.848,97.0,78.5,128.5,False,0.0,0.0,0.0,0.0,0.0,0.0,0.0,claude-opus-4.6,pass_1,3.0,100,False,1669408768,T2,T2,False
claude-opus-4.6/pass1-ge-3,falcon3:1b-instruct-q8_0,0.1,0.09960649999999997,99.0,102.2115,100.0,80.0,131.0,False,0.0,0.0,0.0,0.0,0.0,0.0,0.0,claude-opus-4.6,pass_1,3.0,100,False,1669408768,T2,T2,False
claude-opus-4.6/pass1-ge-3,falcon3:3b,0.26,0.0586016,70.0,73.094625,71.5,62.5,89.0,False,0.0,0.0,0.0,0.0,0.0,0.0,0.0,claude-opus-4.6,pass_1,3.0,100,False,3227655168,T4,T4,False
claude-opus-4.6/pass1-ge-3,falcon3:3b-instruct-q4_K_M,0.28,0.058018900000000005,69.0,70.47725,69.5,61.0,84.0,False,0.0,0.0,0.0,0.0,0.0,0.0,0.0,claude-opus-4.6,pass_1,3.0,100,False,3227655168,T4,T4,False
claude-opus-4.6/pass1-ge-3,falcon3:3b-instruct-q8_0,0.36,0.09732470000000001,63.5,61.711125,63.0,43.0,75.5,False,0.0,0.0,0.0,0.0,0.0,0.0,0.0,claude-opus-4.6,pass_1,3.0,100,False,3227655168,T4,T4,False
claude-opus-4.6/pass1-ge-3,gemma2:2b,0.43,0.06473620000000001,55.0,52.0205,53.5,32.0,66.0,False,0.0,0.0,0.0,0.0,0.0,0.0,0.0,claude-opus-4.6,pass_1,3.0,100,False,2614341888,T3,T3,False
claude-opus-4.6/pass1-ge-3,gemma2:2b-instruct-q4_K_M,0.52,0.06000190000000001,36.5,35.13925,34.5,15.5,56.0,False,0.00075,0.0,0.0,0.0,0.00025,0.0,0.002875,claude-opus-4.6,pass_1,3.0,100,False,2614341888,T3,T2,True
claude-opus-4.6/pass1-ge-3,gemma2:2b-instruct-q8_0,0.48,0.0859835,43.0,43.020125,43.0,22.5,63.0,False,0.0,0.0,0.0,0.0,0.0,0.0,0.0,claude-opus-4.6,pass_1,3.0,100,False,2614341888,T3,T3,False
claude-opus-4.6/pass1-ge-3,gemma3:1b,0.15,0.0230552,90.0,89.32475,89.0,75.5,106.5,False,0.01225,0.0,0.0,0.0,0.0,0.0,0.0,claude-opus-4.6,pass_1,3.0,100,False,999885952,T1,T1,False
claude-opus-4.6/pass1-ge-3,gemma3:1b-it-q8_0,0.16,0.023906599999999997,88.5,87.34075,87.5,74.0,100.5,False,0.02575,0.0,0.0,0.0,0.0,0.0,0.0,claude-opus-4.6,pass_1,3.0,100,False,999885952,T1,T1,False
claude-opus-4.6/pass1-ge-3,gemma3:1b-it-qat,0.25,0.020576200000000003,72.0,73.451125,73.0,60.5,88.0,True,0.7175,0.0,0.0,0.0,0.0,0.0,0.0,claude-opus-4.6,pass_1,3.0,100,False,999885952,T1,T1,False
claude-opus-4.6/pass1-ge-3,gemma3:270m,0.02,0.0052651,128.5,126.26625,126.5,118.5,132.0,True,0.97675,0.0,0.0,0.0,0.0,0.0,0.0,claude-opus-4.6,pass_1,3.0,100,False,268098176,T1,T1,False
claude-opus-4.6/pass1-ge-3,gemma3:270m-it-qat,0.05,0.007723500000000001,112.5,114.917625,113.5,99.5,131.5,True,0.622,0.0,0.0,0.0,0.0,0.0,0.0,claude-opus-4.6,pass_1,3.0,100,False,268098176,T1,T1,False
claude-opus-4.6/pass1-ge-3,gemma3:4b,0.63,0.0641429,15.0,17.669625,16.5,9.0,35.0,False,0.00075,0.0,0.0,0.0,0.000125,0.0,0.0837541666666667,claude-opus-4.6,pass_1,3.0,100,False,4299915632,T5,T5,False
claude-opus-4.6/pass1-ge-3,gemma3:4b-it-q4_K_M,0.64,0.06425800000000001,13.0,15.954125,15.0,7.0,33.0,False,0.00575,0.0,0.0,0.0,0.004833333333333334,0.0,0.176075,claude-opus-4.6,pass_1,3.0,100,False,4299915632,T5,T5,False
claude-opus-4.6/pass1-ge-3,gemma3:4b-it-q8_0,0.58,0.08659489999999997,21.0,25.668125,23.0,10.5,52.0,False,0.00025,0.0,0.0,0.0,0.0003333333333333333,0.0,0.025329166666666666,claude-opus-4.6,pass_1,3.0,100,False,4299915632,T5,T5,False
claude-opus-4.6/pass1-ge-3,gemma3:4b-it-qat,0.54,0.07702389999999999,29.5,32.106,30.5,14.5,55.5,False,0.00025,0.0,0.0,0.0,0.000125,0.0,0.0026666666666666666,claude-opus-4.6,pass_1,3.0,100,False,4300079472,T5,T5,False
claude-opus-4.6/pass1-ge-3,gemma3n:e2b,0.67,0.0648302,11.0,13.299375,12.0,6.0,28.5,False,0.0235,0.0,0.0,0.0,0.0208,0.0,0.3758833333333332,claude-opus-4.6,pass_1,3.0,100,False,4456156768,T5,T5,False
claude-opus-4.6/pass1-ge-3,gemma4:e2b-it-qat,0.77,0.0504522,5.0,5.551,5.5,3.0,9.0,True,1.0,0.0,0.002529166666666667,1.0,0.5261041666666666,1.0,0.9933125,claude-opus-4.6,pass_1,3.0,100,False,4628569635,T5,T5,False
claude-opus-4.6/pass1-ge-3,gemma:2b,0.16,0.048510500000000005,88.5,87.83175,88.0,68.0,110.5,False,0.0,0.0,0.0,0.0,0.0,0.0,0.0,claude-opus-4.6,pass_1,3.0,100,False,2506434560,T3,T3,False
claude-opus-4.6/pass1-ge-3,gemma:2b-instruct-q4_K_M,0.19,0.04429810000000001,82.5,82.593625,83.0,63.5,102.5,False,0.00275,0.0,0.0,0.0,0.0,0.0,0.0,claude-opus-4.6,pass_1,3.0,100,False,2506434560,T3,T2,True
claude-opus-4.6/pass1-ge-3,gemma:2b-instruct-q8_0,0.19,0.06085420000000001,82.5,82.667625,82.5,67.5,98.5,False,0.0,0.0,0.0,0.0,0.0,0.0,0.0,claude-opus-4.6,pass_1,3.0,100,False,2506434560,T3,T3,False
claude-opus-4.6/pass1-ge-3,granite3.1-dense:2b,0.53,0.08316719999999998,33.5,32.998125,32.0,20.5,50.5,False,0.0,0.0,0.0,0.0,0.0,0.0,0.0,claude-opus-4.6,pass_1,3.0,100,False,2533531648,T3,T3,False
claude-opus-4.6/pass1-ge-3,granite3.1-dense:2b-instruct-q8_0,0.57,0.1141953,22.5,25.22325,25.0,13.0,39.5,False,0.0,0.0,0.0,0.0,0.000125,0.0,0.007166666666666666,claude-opus-4.6,pass_1,3.0,100,False,2533531648,T3,T3,False
claude-opus-4.6/pass1-ge-3,granite3.1-moe:3b,0.23,0.0334147,74.5,76.76975,75.5,65.0,94.0,False,0.1035,0.0,0.0,0.0,0.0,0.0,0.0,claude-opus-4.6,pass_1,3.0,100,False,3298793472,T4,T4,False
claude-opus-4.6/pass1-ge-3,granite3.2:2b,0.53,0.1216954,33.5,33.24325,32.5,15.5,54.5,False,0.0,0.0,0.0,0.0,0.0,0.0,0.0030624999999999997,claude-opus-4.6,pass_1,3.0,100,False,2533531648,T3,T3,False
claude-opus-4.6/pass1-ge-3,granite3.2:2b-instruct-q4_K_M,0.55,0.1221751,26.5,29.00275,28.0,11.5,51.0,False,0.0,0.0,0.0,0.0,0.0,0.0,0.018170833333333334,claude-opus-4.6,pass_1,3.0,100,False,2533531648,T3,T3,False
claude-opus-4.6/pass1-ge-3,granite3.3:2b,0.55,0.0769426,26.5,29.617375,28.0,13.0,52.5,False,0.0,0.0,0.0,0.0,0.0,0.0,0.005174999999999999,claude-opus-4.6,pass_1,3.0,100,False,2533539840,T3,T3,False
claude-opus-4.6/pass1-ge-3,granite4.1:3b,0.71,0.074758,8.5,9.373,8.5,4.0,17.5,False,0.05375,0.0,0.0,0.0,0.06951666666666664,1.0,0.7020666666666666,claude-opus-4.6,pass_1,3.0,100,False,3402836480,T4,T3,True
claude-opus-4.6/pass1-ge-3,granite4:1b-h,0.3,0.028435600000000005,67.5,68.359375,68.0,51.5,85.0,True,0.6185,0.0,0.0,0.0,0.0,0.0,0.0,claude-opus-4.6,pass_1,3.0,100,False,1461538368,T2,T2,False
claude-opus-4.6/pass1-ge-3,granite4:350m,0.07,0.012930599999999999,108.0,106.140625,106.5,93.5,118.0,False,0.13625,0.0,0.0,0.0,0.0,0.0,0.0,claude-opus-4.6,pass_1,3.0,100,False,352379904,T1,T1,False
claude-opus-4.6/pass1-ge-3,granite4:350m-bf16,0.06,0.012712099999999999,110.5,109.579125,109.5,95.0,124.0,False,0.15775,0.0,0.0,0.0,0.0,0.0,0.0,claude-opus-4.6,pass_1,3.0,100,False,352379904,T1,T1,False
claude-opus-4.6/pass1-ge-3,granite4:350m-h,0.09,0.0080541,102.5,102.1235,101.0,86.0,123.0,True,0.8425,0.0,0.0,0.0,0.0,0.0,0.0,claude-opus-4.6,pass_1,3.0,100,False,340332224,T1,T1,False
claude-opus-4.6/pass1-ge-3,granite4:micro,0.61,0.0798973,19.0,19.723,19.0,10.5,32.5,False,0.0,0.0,0.0,0.0,0.0,0.0,0.02520416666666667,claude-opus-4.6,pass_1,3.0,100,False,3402836480,T4,T4,False
claude-opus-4.6/pass1-ge-3,granite4:micro-h,0.71,0.0651603,8.5,9.087375,8.5,4.5,16.0,False,0.112,0.0,0.0,0.0,0.07291249999999999,1.0,0.7327250000000001,claude-opus-4.6,pass_1,3.0,100,False,3191396096,T4,T4,False
claude-opus-4.6/pass1-ge-3,hf.co/LiquidAI/LFM2-1.2B-GGUF:Q4_K_M,0.19,0.0186997,82.5,82.7495,82.5,70.5,98.5,True,0.61225,0.0,0.0,0.0,0.0,0.0,0.0,claude-opus-4.6,pass_1,3.0,100,False,1170340608,T2,T2,False
claude-opus-4.6/pass1-ge-3,hf.co/LiquidAI/LFM2-1.2B-GGUF:Q8_0,0.21,0.030554,77.5,79.04775,79.0,68.5,90.5,False,0.0685,0.0,0.0,0.0,0.0,0.0,0.0,claude-opus-4.6,pass_1,3.0,100,False,1170340608,T2,T2,False
claude-opus-4.6/pass1-ge-3,hf.co/LiquidAI/LFM2-350M-GGUF:Q4_K_M,0.03,0.011277400000000002,121.5,121.296125,121.0,104.5,135.0,False,0.009,0.0,0.0,0.0,0.0,0.0,0.0,claude-opus-4.6,pass_1,3.0,100,False,354483968,T1,T1,False
claude-opus-4.6/pass1-ge-3,hf.co/LiquidAI/LFM2-700M-GGUF:Q4_K_M,0.04,0.0220955,116.0,116.295,115.75,101.0,131.5,False,0.0,0.0,0.0,0.0,0.0,0.0,0.0,claude-opus-4.6,pass_1,3.0,100,False,742489344,T1,T1,False
claude-opus-4.6/pass1-ge-3,hf.co/NousResearch/Hermes-3-Llama-3.2-3B-GGUF:Q4_K_M,0.34,0.0769492,65.5,63.73825,65.0,47.5,74.0,False,0.0,0.0,0.0,0.0,0.0,0.0,0.0,claude-opus-4.6,pass_1,3.0,100,False,3212749888,T4,T3,True
claude-opus-4.6/pass1-ge-3,hf.co/NousResearch/Hermes-3-Llama-3.2-3B-GGUF:Q8_0,0.42,0.0991791,56.0,53.6345,55.5,30.487500000000004,67.5,False,0.0,0.0,0.0,0.0,0.0,0.0,0.0,claude-opus-4.6,pass_1,3.0,100,False,3212749888,T4,T3,True
claude-opus-4.6/pass1-ge-3,hf.co/Qwen/Qwen2.5-1.5B-Instruct-GGUF:Q4_K_M,0.25,0.038428699999999996,72.0,73.286875,73.0,62.0,86.0,False,0.038,0.0,0.0,0.0,0.0,0.0,0.0,claude-opus-4.6,pass_1,3.0,100,False,1777088000,T2,T2,False
claude-opus-4.6/pass1-ge-3,hf.co/Qwen/Qwen2.5-3B-Instruct-GGUF:Q4_K_M,0.63,0.09588630000000001,15.0,17.4405,16.5,8.5,30.5,False,0.002,0.0,0.0,0.0,0.0025,0.0,0.08514583333333334,claude-opus-4.6,pass_1,3.0,100,False,3397103616,T4,T4,False
claude-opus-4.6/pass1-ge-3,hf.co/Qwen/Qwen3-4B-GGUF:Q4_K_M,0.62,0.2571047,17.5,18.37025,17.5,8.0,32.0,False,0.0,0.0,0.0,0.0,0.0011041666666666667,0.0,0.08567083333333333,claude-opus-4.6,pass_1,3.0,100,False,4022468096,T5,T5,False
claude-opus-4.6/pass1-ge-3,hf.co/allenai/OLMo-2-0425-1B-Instruct-GGUF:Q4_K_M,0.11,0.061812700000000005,95.0,97.24975,97.0,83.0,113.0,False,0.0,0.0,0.0,0.0,0.0,0.0,0.0,claude-opus-4.6,pass_1,3.0,100,False,1484916736,T2,T1,True
claude-opus-4.6/pass1-ge-3,hf.co/bartowski/Llama-3.2-3B-Instruct-GGUF:IQ4_XS,0.47,0.06516,47.0,45.159125,45.5,27.5,60.5,False,0.0,0.0,0.0,0.0,0.0,0.0,0.0,claude-opus-4.6,pass_1,3.0,100,False,3212749888,T4,T3,True
claude-opus-4.6/pass1-ge-3,hf.co/bartowski/Llama-3.2-3B-Instruct-GGUF:Q3_K_L,0.4,0.06620140000000001,59.0,57.456,58.0,44.5,67.0,False,0.0,0.0,0.0,0.0,0.0,0.0,0.0,claude-opus-4.6,pass_1,3.0,100,False,3212749888,T4,T3,True
claude-opus-4.6/pass1-ge-3,hf.co/bartowski/Llama-3.2-3B-Instruct-GGUF:Q5_K_M,0.48,0.07428490000000001,43.0,42.799875,43.5,27.0,56.5,False,0.0,0.0,0.0,0.0,0.0,0.0,0.0,claude-opus-4.6,pass_1,3.0,100,False,3212749888,T4,T3,True
claude-opus-4.6/pass1-ge-3,hf.co/bartowski/Llama-3.2-3B-Instruct-GGUF:Q6_K,0.45,0.0734838,52.0,49.29875,50.0,36.5,60.0,False,0.0,0.0,0.0,0.0,0.0,0.0,0.0,claude-opus-4.6,pass_1,3.0,100,False,3212749888,T4,T3,True
claude-opus-4.6/pass1-ge-3,hf.co/ggml-org/SmolLM3-3B-GGUF:Q4_K_M,0.4,0.110296,59.0,56.879875,58.0,41.0,67.0,False,0.0,0.0,0.0,0.0,0.0,0.0,0.0,claude-opus-4.6,pass_1,3.0,100,False,3075098624,T4,T3,True
claude-opus-4.6/pass1-ge-3,hf.co/ggml-org/SmolLM3-3B-GGUF:Q8_0,0.4,0.13829260000000002,59.0,56.513,58.0,36.5,68.0,False,0.0,0.0,0.0,0.0,0.0,0.0,0.0,claude-opus-4.6,pass_1,3.0,100,False,3075098624,T4,T3,True
claude-opus-4.6/pass1-ge-3,hf.co/openbmb/MiniCPM3-4B-GGUF:Q4_K_M,0.41,0.0784251,57.0,55.909125,57.0,41.0,66.0,False,0.0,0.0,0.0,0.0,0.0,0.0,0.0,claude-opus-4.6,pass_1,3.0,100,False,4073876000,T5,T4,True
claude-opus-4.6/pass1-ge-3,hf.co/tiiuae/Falcon-H1-0.5B-Instruct-GGUF:Q4_K_M,0.18,0.034294200000000004,86.0,84.3395,84.5,70.0,102.0,False,0.00675,0.0,0.0,0.0,0.0,0.0,0.0,claude-opus-4.6,pass_1,3.0,100,False,521411104,T1,T1,False
claude-opus-4.6/pass1-ge-3,hf.co/tiiuae/Falcon-H1-1.5B-Deep-Instruct-GGUF:IQ4_XS,0.46,0.1053772,49.5,47.04525,47.5,29.0,61.5,False,0.0,0.0,0.0,0.0,0.0,0.0,0.0,claude-opus-4.6,pass_1,3.0,100,False,1554874768,T2,T2,False
claude-opus-4.6/pass1-ge-3,hf.co/tiiuae/Falcon-H1-1.5B-Deep-Instruct-GGUF:Q4_K_M,0.52,0.09332829999999999,36.5,34.9905,35.0,17.5,54.0,False,0.0,0.0,0.0,0.0,0.0,0.0,0.0004583333333333333,claude-opus-4.6,pass_1,3.0,100,False,1554874768,T2,T2,False
claude-opus-4.6/pass1-ge-3,hf.co/tiiuae/Falcon-H1-3B-Instruct-GGUF:Q4_K_M,0.72,0.12489019999999998,7.0,9.02375,8.0,4.0,19.0,False,0.0005,0.0,0.0,0.0,0.1855833333333334,1.0,0.7103541666666664,claude-opus-4.6,pass_1,3.0,100,False,3149392384,T4,T3,True
claude-opus-4.6/pass1-ge-3,hf.co/unsloth/Llama-3.2-1B-Instruct-GGUF:Q4_K_M,0.1,0.0180221,99.0,99.79375,99.0,88.0,115.51250000000005,False,0.0665,0.0,0.0,0.0,0.0,0.0,0.0,claude-opus-4.6,pass_1,3.0,100,False,1235814432,T2,T2,False
claude-opus-4.6/pass1-ge-3,hf.co/unsloth/Phi-4-mini-instruct-GGUF:Q4_K_M,0.53,0.10440899999999999,33.5,32.8875,32.0,18.0,50.012500000000045,False,0.0,0.0,0.0,0.0,0.0,0.0,0.00020833333333333332,claude-opus-4.6,pass_1,3.0,100,False,3836021856,T4,T4,False
claude-opus-4.6/pass1-ge-3,hf.co/unsloth/Qwen3-4B-GGUF:Q4_K_M,0.81,0.09334010000000001,4.0,4.04575,4.0,1.0,8.5,True,0.717,0.0,0.09034166666666665,1.0,0.8220125,1.0,0.9926041666666667,claude-opus-4.6,pass_1,3.0,100,False,4022468096,T5,T5,False
claude-opus-4.6/pass1-ge-3,internlm2:1.8b,0.04,0.030893100000000003,116.0,116.709375,116.5,105.0,129.0,False,0.0,0.0,0.0,0.0,0.0,0.0,0.0,claude-opus-4.6,pass_1,3.0,100,False,1889110016,T2,T2,False
claude-opus-4.6/pass1-ge-3,llama3.2:1b,0.11,0.0269072,95.0,96.80425,96.5,81.5,115.5,False,0.00075,0.0,0.0,0.0,0.0,0.0,0.0,claude-opus-4.6,pass_1,3.0,100,False,1235814432,T2,T2,False
claude-opus-4.6/pass1-ge-3,llama3.2:1b-instruct-q4_K_M,0.09,0.022604799999999994,102.5,101.687,101.5,90.5,115.5,False,0.0,0.0,0.0,0.0,0.0,0.0,0.0,claude-opus-4.6,pass_1,3.0,100,False,1235814432,T2,T1,True
claude-opus-4.6/pass1-ge-3,llama3.2:1b-instruct-q8_0,0.09,0.026446500000000005,102.5,102.240375,101.5,86.0,124.5,False,0.0,0.0,0.0,0.0,0.0,0.0,0.0,claude-opus-4.6,pass_1,3.0,100,False,1235814432,T2,T2,False
claude-opus-4.6/pass1-ge-3,llama3.2:3b,0.5,0.05392730000000001,39.5,38.225375,38.5,24.5,51.0,False,0.00025,0.0,0.0,0.0,0.0,0.0,0.0,claude-opus-4.6,pass_1,3.0,100,False,3212749888,T4,T4,False
claude-opus-4.6/pass1-ge-3,llama3.2:3b-instruct-q4_K_M,0.48,0.053858199999999995,43.0,42.95375,43.0,27.0,57.5,False,0.00075,0.0,0.0,0.0,0.0,0.0,0.0,claude-opus-4.6,pass_1,3.0,100,False,3212749888,T4,T3,True
claude-opus-4.6/pass1-ge-3,llama3.2:3b-instruct-q8_0,0.54,0.08039449999999998,29.5,30.793375,30.5,16.5,47.0,False,0.0,0.0,0.0,0.0,0.0,0.0,0.00025,claude-opus-4.6,pass_1,3.0,100,False,3212749888,T4,T4,False
claude-opus-4.6/pass1-ge-3,ministral-3:3b,0.68,0.10715520000000002,10.0,11.85425,11.0,7.0,21.5,False,0.001,0.0,0.0,0.0,0.005966666666666666,1.0,0.4277416666666665,claude-opus-4.6,pass_1,3.0,100,False,3849090048,T4,T4,False
claude-opus-4.6/pass1-ge-3,nemotron-mini:4b,0.1,0.0678951,99.0,99.4155,98.5,87.5,114.5,False,0.0,0.0,0.0,0.0,0.0,0.0,0.0,claude-opus-4.6,pass_1,3.0,100,False,4190509056,T5,T5,False
claude-opus-4.6/pass1-ge-3,nemotron-mini:4b-instruct-q4_K_M,0.12,0.06775320000000001,92.0,94.942375,94.0,81.5,111.5,False,0.0,0.0,0.0,0.0,0.0,0.0,0.0,claude-opus-4.6,pass_1,3.0,100,False,4190509056,T5,T5,False
claude-opus-4.6/pass1-ge-3,nemotron-mini:4b-instruct-q8_0,0.21,0.11059119999999999,77.5,79.1385,78.5,69.0,92.0,False,0.0,0.0,0.0,0.0,0.0,0.0,0.0,claude-opus-4.6,pass_1,3.0,100,False,4190509056,T5,T5,False
claude-opus-4.6/pass1-ge-3,opencoder:1.5b,0.08,0.07436240000000001,105.5,104.370125,104.0,89.5,121.5,False,0.0,0.0,0.0,0.0,0.0,0.0,0.0,claude-opus-4.6,pass_1,3.0,100,False,1905650880,T2,T2,False
claude-opus-4.6/pass1-ge-3,phi3.5:3.8b,0.46,0.14908549999999998,49.5,47.234875,48.0,32.5,59.5,False,0.0,0.0,0.0,0.0,0.0,0.0,0.0,claude-opus-4.6,pass_1,3.0,100,False,3821079648,T4,T4,False
claude-opus-4.6/pass1-ge-3,phi3.5:3.8b-mini-instruct-q8_0,0.54,0.2185186,29.5,31.731875,30.0,15.5,55.0,False,0.0,0.0,0.0,0.0,0.0,0.0,0.0017916666666666669,claude-opus-4.6,pass_1,3.0,100,False,3821079648,T4,T4,False
claude-opus-4.6/pass1-ge-3,phi3:3.8b,0.34,0.10969870000000002,65.5,64.773125,65.0,55.0,74.51250000000005,False,0.0,0.0,0.0,0.0,0.0,0.0,0.0,claude-opus-4.6,pass_1,3.0,100,False,3821079648,T4,T4,False
claude-opus-4.6/pass1-ge-3,phi3:3.8b-mini-128k-instruct-q8_0,0.44,0.12320129999999999,54.0,50.459125,51.5,33.5,63.5,False,0.0,0.0,0.0,0.0,0.0,0.0,0.0,claude-opus-4.6,pass_1,3.0,100,False,3821079648,T4,T4,False
claude-opus-4.6/pass1-ge-3,phi3:mini,0.36,0.10882840000000002,63.5,62.0355,63.0,50.0,70.0,False,0.0,0.0,0.0,0.0,0.0,0.0,0.0,claude-opus-4.6,pass_1,3.0,100,False,3821079648,T4,T4,False
claude-opus-4.6/pass1-ge-3,phi3:mini-128k,0.37,0.1089084,61.5,60.678875,61.5,48.5,69.0,False,0.0,0.0,0.0,0.0,0.0,0.0,0.0,claude-opus-4.6,pass_1,3.0,100,False,3821079648,T4,T4,False
claude-opus-4.6/pass1-ge-3,phi3:mini-4k,0.37,0.1537809,61.5,61.149375,61.5,49.5,69.0,False,0.0,0.0,0.0,0.0,0.0,0.0,0.0,claude-opus-4.6,pass_1,3.0,100,False,3821079552,T4,T4,False
claude-opus-4.6/pass1-ge-3,phi4-mini,0.53,0.0958175,33.5,32.66875,32.0,17.5,49.5,False,0.0,0.0,0.0,0.0,0.0,0.0,0.0003,claude-opus-4.6,pass_1,3.0,100,False,3836021856,T4,T4,False
claude-opus-4.6/pass1-ge-3,phi4-mini-reasoning,0.5,0.2828102,39.5,38.72325,38.0,19.0,59.5,False,0.0,0.0,0.0,0.0,0.0,0.0,0.0,claude-opus-4.6,pass_1,3.0,100,False,3836021856,T4,T4,False
claude-opus-4.6/pass1-ge-3,qwen2-math:1.5b,0.07,0.0745381,108.0,106.776625,106.5,91.5,123.5,False,0.0,0.0,0.0,0.0,0.0,0.0,0.0,claude-opus-4.6,pass_1,3.0,100,False,1543714304,T2,T2,False
claude-opus-4.6/pass1-ge-3,qwen2.5-coder:0.5b,0.11,0.025064600000000003,95.0,96.741625,96.5,82.0,112.0,False,0.0015,0.0,0.0,0.0,0.0,0.0,0.0,claude-opus-4.6,pass_1,3.0,100,False,494032768,T1,T1,False
claude-opus-4.6/pass1-ge-3,qwen2.5-coder:1.5b,0.3,0.05254289999999999,67.5,68.2605,68.0,59.5,77.5,False,0.0,0.0,0.0,0.0,0.0,0.0,0.0,claude-opus-4.6,pass_1,3.0,100,False,1543714304,T2,T2,False
claude-opus-4.6/pass1-ge-3,qwen2.5-coder:1.5b-instruct-q8_0,0.22,0.0742927,76.0,77.63975,77.0,69.5,89.0,False,0.0,0.0,0.0,0.0,0.0,0.0,0.0,claude-opus-4.6,pass_1,3.0,100,False,1543714304,T2,T2,False
claude-opus-4.6/pass1-ge-3,qwen2.5-coder:3b,0.45,0.094148,52.0,48.483625,49.5,30.0,62.5,False,0.0,0.0,0.0,0.0,0.0,0.0,0.0,claude-opus-4.6,pass_1,3.0,100,False,3085938688,T4,T4,False
claude-opus-4.6/pass1-ge-3,qwen2.5-coder:3b-instruct-q4_K_M,0.45,0.09297190000000001,52.0,48.7115,50.0,31.5,61.5,False,0.0,0.0,0.0,0.0,0.0,0.0,0.0,claude-opus-4.6,pass_1,3.0,100,False,3085938688,T4,T4,False
claude-opus-4.6/pass1-ge-3,qwen2.5-coder:3b-instruct-q8_0,0.54,0.15580289999999997,29.5,32.0255,30.5,17.0,52.5,False,0.0,0.0,0.0,0.0,0.0,0.0,0.0014375,claude-opus-4.6,pass_1,3.0,100,False,3085938688,T4,T4,False
claude-opus-4.6/pass1-ge-3,qwen2.5:0.5b,0.02,0.0324637,128.5,124.69875,126.0,107.5,135.5,False,0.0,0.0,0.0,0.0,0.0,0.0,0.0,claude-opus-4.6,pass_1,3.0,100,False,494032768,T1,T1,False
claude-opus-4.6/pass1-ge-3,qwen2.5:0.5b-instruct-q4_K_M,0.04,0.0319782,116.0,115.826,116.5,101.5,128.5,False,0.0,0.0,0.0,0.0,0.0,0.0,0.0,claude-opus-4.6,pass_1,3.0,100,False,494032768,T1,T1,False
claude-opus-4.6/pass1-ge-3,qwen2.5:0.5b-instruct-q8_0,0.02,0.034305,128.5,126.023,126.5,114.5,133.5,False,0.0,0.0,0.0,0.0,0.0,0.0,0.0,claude-opus-4.6,pass_1,3.0,100,False,494032768,T1,T1,False
claude-opus-4.6/pass1-ge-3,qwen2.5:1.5b,0.23,0.053494799999999995,74.5,75.932375,75.5,68.0,85.5,False,0.0,0.0,0.0,0.0,0.0,0.0,0.0,claude-opus-4.6,pass_1,3.0,100,False,1543714304,T2,T2,False
claude-opus-4.6/pass1-ge-3,qwen2.5:1.5b-instruct-q4_K_M,0.2,0.053314699999999986,79.5,81.014625,81.0,71.5,91.0,False,0.0,0.0,0.0,0.0,0.0,0.0,0.0,claude-opus-4.6,pass_1,3.0,100,False,1543714304,T2,T2,False
claude-opus-4.6/pass1-ge-3,qwen2.5:1.5b-instruct-q8_0,0.25,0.0777736,72.0,73.426125,72.5,66.0,83.5,False,0.0,0.0,0.0,0.0,0.0,0.0,0.0,claude-opus-4.6,pass_1,3.0,100,False,1543714304,T2,T2,False
claude-opus-4.6/pass1-ge-3,qwen2.5:3b,0.47,0.10877729999999998,47.0,44.943375,46.0,27.0,60.012500000000045,False,0.0,0.0,0.0,0.0,0.0,0.0,0.0,claude-opus-4.6,pass_1,3.0,100,False,3085938688,T4,T4,False
claude-opus-4.6/pass1-ge-3,qwen2.5:3b-instruct-q4_K_M,0.51,0.10583500000000001,38.0,36.148875,36.0,20.0,52.0,False,0.0,0.0,0.0,0.0,0.0,0.0,0.0,claude-opus-4.6,pass_1,3.0,100,False,3085938688,T4,T4,False
claude-opus-4.6/pass1-ge-3,qwen2.5:3b-instruct-q8_0,0.6,0.17272310000000002,20.0,21.054,20.5,10.5,34.5,False,0.0,0.0,0.0,0.0,0.000125,0.0,0.02309166666666665,claude-opus-4.6,pass_1,3.0,100,False,3085938688,T4,T4,False
claude-opus-4.6/pass1-ge-3,qwen2:0.5b-instruct-q8_0,0.03,0.019274100000000002,121.5,121.92225,121.5,104.5,134.0,False,0.0,0.0,0.0,0.0,0.0,0.0,0.0,claude-opus-4.6,pass_1,3.0,100,False,494032768,T1,T1,False
claude-opus-4.6/pass1-ge-3,qwen2:1.5b,0.08,0.0268809,105.5,104.1785,104.5,90.98750000000001,118.5,False,0.0,0.0,0.0,0.0,0.0,0.0,0.0,claude-opus-4.6,pass_1,3.0,100,False,1543714304,T2,T2,False
claude-opus-4.6/pass1-ge-3,qwen2:1.5b-instruct-q8_0,0.11,0.04402440000000001,95.0,96.8045,96.0,87.0,110.0,False,0.0,0.0,0.0,0.0,0.0,0.0,0.0,claude-opus-4.6,pass_1,3.0,100,False,1543714304,T2,T2,False
claude-opus-4.6/pass1-ge-3,qwen3.5:2b,0.48,0.10294600000000001,43.0,43.131875,43.5,23.5,62.5,False,0.0,0.0,0.0,0.0,0.0,0.0,0.0,claude-opus-4.6,pass_1,3.0,100,False,2274069824,T3,T2,True
claude-opus-4.6/pass1-ge-3,qwen3:0.6b,0.14,0.0153814,91.0,91.46775,90.5,80.0,107.0,True,0.7445,0.0,0.0,0.0,0.0,0.0,0.0,claude-opus-4.6,pass_1,3.0,100,False,751632384,T1,T1,False
claude-opus-4.6/pass1-ge-3,qwen3:0.6b-fp16,0.18,0.0282127,86.0,84.272,84.0,71.5,100.0,False,0.03025,0.0,0.0,0.0,0.0,0.0,0.0,claude-opus-4.6,pass_1,3.0,100,False,751632384,T1,T1,False
claude-opus-4.6/pass1-ge-3,qwen3:0.6b-q8_0,0.18,0.018881900000000004,86.0,84.16,84.5,70.0,100.0,False,0.47775,0.0,0.0,0.0,0.0,0.0,0.0,claude-opus-4.6,pass_1,3.0,100,False,751632384,T1,T1,False
claude-opus-4.6/pass1-ge-3,qwen3:1.7b,0.56,0.0365625,24.5,28.183875,26.5,10.5,53.0,True,0.9925,0.0,0.0,0.0,0.0,0.0,0.024129166666666663,claude-opus-4.6,pass_1,3.0,100,False,2031739904,T3,T3,False
claude-opus-4.6/pass1-ge-3,qwen3:1.7b-fp16,0.62,0.08118539999999999,17.5,19.581,17.0,7.5,45.5,False,0.0,0.0,0.0,0.0,0.0005833333333333334,0.0,0.1367541666666667,claude-opus-4.6,pass_1,3.0,100,False,2031739904,T3,T3,False
claude-opus-4.6/pass1-ge-3,qwen3:1.7b-q8_0,0.57,0.053398499999999995,22.5,27.20675,24.5,10.5,54.5,False,0.14325,0.0,0.0,0.0,0.0,0.0,0.027345833333333326,claude-opus-4.6,pass_1,3.0,100,False,2031739904,T3,T3,False
claude-opus-4.6/pass1-ge-3,qwen3:4b,0.65,0.2570734,12.0,15.520125,14.0,6.5,32.5,False,0.0,0.0,0.0,0.0,0.009604166666666664,0.0,0.25373333333333337,claude-opus-4.6,pass_1,3.0,100,False,4022468096,T5,T5,False
claude-opus-4.6/pass1-ge-3,qwen3:4b-instruct-2507-q4_K_M,0.83,0.10899769999999999,3.0,3.336875,3.0,2.0,6.0,True,0.56625,0.0,0.013612500000000007,1.0,0.9396374999999997,1.0,1.0,claude-opus-4.6,pass_1,3.0,100,False,4022468096,T5,T5,False
claude-opus-4.6/pass1-ge-3,qwen3:4b-instruct-2507-q8_0,0.88,0.1605071,1.0,1.94575,1.0,1.0,6.0,True,0.5645,1.0,0.5878625000000001,1.0,0.9679249999999999,1.0,0.9993333333333334,claude-opus-4.6,pass_1,3.0,100,False,4022468096,T5,T5,False
claude-opus-4.6/pass1-ge-3,qwen3:4b-q8_0,0.86,0.1389434,2.0,2.031375,2.0,1.0,4.0,True,0.60825,0.0,0.2863625000000001,1.0,0.9974500000000001,1.0,1.0,claude-opus-4.6,pass_1,3.0,100,False,4022468096,T5,T5,False
claude-opus-4.6/pass1-ge-3,qwen3:4b-thinking-2507-q4_K_M,0.63,0.2587354,15.0,17.760875,16.0,6.5,36.512500000000045,False,0.0,0.0,0.0,0.0,0.009375,0.0,0.18494999999999998,claude-opus-4.6,pass_1,3.0,100,False,4022468096,T5,T4,True
claude-opus-4.6/pass1-ge-3,qwen3:4b-thinking-2507-q8_0,0.75,0.38266600000000006,6.0,6.775875,6.0,2.0,13.5,False,0.016,0.0,0.01929166666666667,0.0,0.3630083333333333,1.0,0.8770791666666669,claude-opus-4.6,pass_1,3.0,100,False,4022468096,T5,T4,True
claude-opus-4.6/pass1-ge-3,sailor2:1b,0.01,0.05649899999999999,134.0,130.1835,131.5,119.0,136.0,False,0.0,0.0,0.0,0.0,0.0,0.0,0.0,claude-opus-4.6,pass_1,3.0,100,False,988064640,T1,T1,False
claude-opus-4.6/pass1-ge-3,smallthinker:3b-preview-q4_K_M,0.56,0.1830502,24.5,27.473375,26.5,11.5,49.512500000000045,False,0.0,0.0,0.0,0.0,0.0,0.0,0.014154166666666666,claude-opus-4.6,pass_1,3.0,100,False,3397103616,T4,T3,True
claude-opus-4.6/pass1-ge-3,smollm2:1.7b,0.19,0.05150450000000001,82.5,82.495,82.5,71.5,95.0,False,0.0,0.0,0.0,0.0,0.0,0.0,0.0,claude-opus-4.6,pass_1,3.0,100,False,1711376384,T2,T2,False
claude-opus-4.6/pass1-ge-3,smollm2:1.7b-instruct-q8_0,0.2,0.051941799999999996,79.5,80.749,80.5,70.48750000000001,92.0,False,0.0,0.0,0.0,0.0,0.0,0.0,0.0,claude-opus-4.6,pass_1,3.0,100,False,1711376384,T2,T2,False
claude-opus-4.6/pass1-ge-3,smollm2:135m,0.01,0.0119867,134.0,129.529125,131.5,115.0,136.0,False,0.0,0.0,0.0,0.0,0.0,0.0,0.0,claude-opus-4.6,pass_1,3.0,100,False,134515008,T1,T1,False
claude-opus-4.6/pass1-ge-3,smollm2:135m-instruct-q8_0,0.01,0.00814,134.0,131.254375,131.5,126.0,134.0,False,0.0,0.0,0.0,0.0,0.0,0.0,0.0,claude-opus-4.6,pass_1,3.0,100,False,134515008,T1,T1,False
claude-opus-4.6/pass1-ge-3,smollm2:360m,0.06,0.017338700000000002,110.5,109.833375,109.0,96.0,126.0,False,0.00575,0.0,0.0,0.0,0.0,0.0,0.0,claude-opus-4.6,pass_1,3.0,100,False,361821120,T1,T1,False
claude-opus-4.6/pass1-ge-3,smollm2:360m-instruct-q8_0,0.02,0.012322199999999998,128.5,126.59225,127.5,115.0,134.0,False,0.00025,0.0,0.0,0.0,0.0,0.0,0.0,claude-opus-4.6,pass_1,3.0,100,False,361821120,T1,T1,False
claude-opus-4.6/pass1-ge-3,smollm:1.7b,0.02,0.0749611,128.5,126.59225,127.5,115.0,134.0,False,0.0,0.0,0.0,0.0,0.0,0.0,0.0,claude-opus-4.6,pass_1,3.0,100,False,1711376384,T2,T2,False
claude-opus-4.6/pass1-ge-3,smollm:360m,0.02,0.025851599999999995,128.5,126.59225,127.5,115.0,134.0,False,0.0,0.0,0.0,0.0,0.0,0.0,0.0,claude-opus-4.6,pass_1,3.0,100,False,361821120,T1,T1,False
claude-opus-4.6/pass1-ge-3,stablelm2:1.6b,0.03,0.057245799999999986,121.5,120.761,121.0,108.0,132.5,False,0.0,0.0,0.0,0.0,0.0,0.0,0.0,claude-opus-4.6,pass_1,3.0,100,False,1644515328,T2,T2,False
claude-opus-4.6/pass1-ge-3,stablelm2:1.6b-chat,0.04,0.0572737,116.0,117.039625,117.0,100.98750000000001,133.0,False,0.0,0.0,0.0,0.0,0.0,0.0,0.0,claude-opus-4.6,pass_1,3.0,100,False,1644515328,T2,T2,False
claude-opus-4.6/pass1-ge-3,stablelm2:1.6b-zephyr,0.05,0.0446021,112.5,113.4405,112.5,102.5,130.0,False,0.0,0.0,0.0,0.0,0.0,0.0,0.0,claude-opus-4.6,pass_1,3.0,100,False,1644515328,T2,T2,False
claude-opus-4.6/pass1-ge-3,starcoder2:3b,0.0,0.13843060000000001,136.5,134.330875,135.5,129.5,136.5,False,0.0,0.0,0.0,0.0,0.0,0.0,0.0,claude-opus-4.6,pass_1,3.0,100,True,3030371328,T4,T3,True
claude-opus-4.6/pass1-ge-3,starcoder2:3b-q6_K,0.03,0.1815079,121.5,120.439,121.0,106.5,132.0,False,0.0,0.0,0.0,0.0,0.0,0.0,0.0,claude-opus-4.6,pass_1,3.0,100,False,3030371328,T4,T3,True
claude-opus-4.6/pass1-ge-3,starcoder2:3b-q8_0,0.02,0.2077656,128.5,124.566,125.5,108.0,135.0,False,0.0,0.0,0.0,0.0,0.0,0.0,0.0,claude-opus-4.6,pass_1,3.0,100,False,3030371328,T4,T3,True
claude-opus-4.6/pass1-ge-3,tinyllama:1.1b,0.02,0.037376900000000005,128.5,125.72625,126.5,113.5,133.0,False,0.0,0.0,0.0,0.0,0.0,0.0,0.0,claude-opus-4.6,pass_1,3.0,100,False,1100048384,T2,T2,False
claude-opus-4.6/pass1-ge-3,tinyllama:1.1b-chat-v1-q8_0,0.07,0.06069599999999999,108.0,107.241875,107.0,89.0,130.5,False,0.0,0.0,0.0,0.0,0.0,0.0,0.0,claude-opus-4.6,pass_1,3.0,100,False,1100048384,T2,T2,False
claude-opus-4.6/pass1-ge-3,yi-coder:1.5b,0.09,0.05313199999999999,102.5,101.63,101.0,86.0,122.5,False,0.0,0.0,0.0,0.0,0.0,0.0,0.0,claude-opus-4.6,pass_1,3.0,100,False,1476495360,T2,T2,False
claude-opus-4.6/pass1-ge-3.5,codegemma:2b,0.0,0.10250499999999999,124.5,119.0185,119.5,109.5,124.5,False,0.0,0.0,0.0,0.0,0.0,0.0,0.0,claude-opus-4.6,pass_1,3.5,100,True,2506172416,T3,T2,True
claude-opus-4.6/pass1-ge-3.5,codegemma:2b-code-q6_K,0.03,0.0531285,79.5,89.224,82.0,54.0,121.0,False,0.00025,0.0,0.0,0.0,0.0,0.0,0.0,claude-opus-4.6,pass_1,3.5,100,False,2506172416,T3,T2,True
claude-opus-4.6/pass1-ge-3.5,cogito:3b,0.11,0.0465268,52.0,51.465375,52.0,33.0,68.5,False,0.0195,0.0,0.0,0.0,0.0,0.0,0.0,claude-opus-4.6,pass_1,3.5,100,False,3606752320,T4,T3,True
claude-opus-4.6/pass1-ge-3.5,cogito:3b-v1-preview-llama-q8_0,0.09,0.0701172,59.5,57.23725,57.5,39.5,75.5,False,0.0,0.0,0.0,0.0,0.0,0.0,0.0,claude-opus-4.6,pass_1,3.5,100,False,3606752320,T4,T3,True
claude-opus-4.6/pass1-ge-3.5,deepseek-coder:1.3b,0.0,0.0654276,124.5,119.0185,119.5,109.5,124.5,False,0.0,0.0,0.0,0.0,0.0,0.0,0.0,claude-opus-4.6,pass_1,3.5,100,True,1346471936,T2,T2,False
claude-opus-4.6/pass1-ge-3.5,deepseek-coder:1.3b-instruct-q8_0,0.01,0.097566,102.0,101.137125,100.5,72.5,123.0,False,0.0,0.0,0.0,0.0,0.0,0.0,0.0,claude-opus-4.6,pass_1,3.5,100,False,1346471936,T2,T2,False
claude-opus-4.6/pass1-ge-3.5,falcon3:1b,0.01,0.09954219999999997,102.0,102.26275,100.0,85.0,119.0,False,0.0,0.0,0.0,0.0,0.0,0.0,0.0,claude-opus-4.6,pass_1,3.5,100,False,1669408768,T2,T2,False
claude-opus-4.6/pass1-ge-3.5,falcon3:1b-instruct-q8_0,0.01,0.09960649999999997,102.0,102.26275,100.0,85.0,119.0,False,0.0,0.0,0.0,0.0,0.0,0.0,0.0,claude-opus-4.6,pass_1,3.5,100,False,1669408768,T2,T2,False
claude-opus-4.6/pass1-ge-3.5,falcon3:3b,0.02,0.0586016,87.5,89.271375,87.0,68.0,117.5,False,0.0,0.0,0.0,0.0,0.0,0.0,0.0,claude-opus-4.6,pass_1,3.5,100,False,3227655168,T4,T4,False
claude-opus-4.6/pass1-ge-3.5,falcon3:3b-instruct-q4_K_M,0.02,0.058018900000000005,87.5,89.271375,87.0,68.0,117.5,False,0.0,0.0,0.0,0.0,0.0,0.0,0.0,claude-opus-4.6,pass_1,3.5,100,False,3227655168,T4,T4,False
claude-opus-4.6/pass1-ge-3.5,falcon3:3b-instruct-q8_0,0.12,0.09732470000000001,48.5,49.1405,49.0,28.987500000000004,71.0,False,0.0,0.0,0.0,0.0,0.0,0.0,0.0,claude-opus-4.6,pass_1,3.5,100,False,3227655168,T4,T4,False
claude-opus-4.6/pass1-ge-3.5,gemma2:2b,0.09,0.06473620000000001,59.5,58.18625,58.5,34.5,82.01250000000005,False,0.0,0.0,0.0,0.0,0.0,0.0,0.0,claude-opus-4.6,pass_1,3.5,100,False,2614341888,T3,T3,False
claude-opus-4.6/pass1-ge-3.5,gemma2:2b-instruct-q4_K_M,0.12,0.06000190000000001,48.5,49.41975,48.5,32.0,70.0,False,0.0,0.0,0.0,0.0,0.0,0.0,0.0,claude-opus-4.6,pass_1,3.5,100,False,2614341888,T3,T2,True
claude-opus-4.6/pass1-ge-3.5,gemma2:2b-instruct-q8_0,0.1,0.0859835,55.5,54.375,54.5,31.5,77.5,False,0.0,0.0,0.0,0.0,0.0,0.0,0.0,claude-opus-4.6,pass_1,3.5,100,False,2614341888,T3,T3,False
claude-opus-4.6/pass1-ge-3.5,gemma3:1b,0.05,0.0230552,69.5,72.629,70.0,57.0,109.01250000000005,False,0.1905,0.0,0.0,0.0,0.0,0.0,0.0,claude-opus-4.6,pass_1,3.5,100,False,999885952,T1,T1,False
claude-opus-4.6/pass1-ge-3.5,gemma3:1b-it-q8_0,0.04,0.023906599999999997,75.0,79.72575,75.0,60.0,114.0,False,0.00175,0.0,0.0,0.0,0.0,0.0,0.0,claude-opus-4.6,pass_1,3.5,100,False,999885952,T1,T1,False
claude-opus-4.6/pass1-ge-3.5,gemma3:1b-it-qat,0.05,0.020576200000000003,69.5,71.682125,70.5,54.0,110.0,False,0.412,0.0,0.0,0.0,0.0,0.0,0.0,claude-opus-4.6,pass_1,3.5,100,False,999885952,T1,T1,False
claude-opus-4.6/pass1-ge-3.5,gemma3:270m,0.0,0.0052651,124.5,119.0185,119.5,109.5,124.5,True,0.97675,0.0,0.0,0.0,0.0,0.0,0.0,claude-opus-4.6,pass_1,3.5,100,True,268098176,T1,T1,False
claude-opus-4.6/pass1-ge-3.5,gemma3:270m-it-qat,0.01,0.007723500000000001,102.0,101.287125,100.5,75.5,123.0,True,0.6445,0.0,0.0,0.0,0.0,0.0,0.0,claude-opus-4.6,pass_1,3.5,100,False,268098176,T1,T1,False
claude-opus-4.6/pass1-ge-3.5,gemma3:4b,0.28,0.0641429,15.5,17.38125,16.0,7.0,37.5,False,0.06025,0.0,0.0,0.0,0.004833333333333333,0.0,0.13210416666666666,claude-opus-4.6,pass_1,3.5,100,False,4299915632,T5,T5,False
claude-opus-4.6/pass1-ge-3.5,gemma3:4b-it-q4_K_M,0.22,0.06425800000000001,21.5,26.82525,24.5,13.5,52.0,False,0.00025,0.0,0.0,0.0,0.0,0.0,0.0019166666666666666,claude-opus-4.6,pass_1,3.5,100,False,4299915632,T5,T5,False
claude-opus-4.6/pass1-ge-3.5,gemma3:4b-it-q8_0,0.22,0.08659489999999997,21.5,27.221,24.5,11.0,55.0,False,0.0005,0.0,0.0,0.0,0.0008,0.0,0.022564880952380947,claude-opus-4.6,pass_1,3.5,100,False,4299915632,T5,T5,False
claude-opus-4.6/pass1-ge-3.5,gemma3:4b-it-qat,0.2,0.07702389999999999,27.5,30.541,28.25,13.0,58.0,False,0.0,0.0,0.0,0.0,0.0,0.0,0.007258333333333333,claude-opus-4.6,pass_1,3.5,100,False,4300079472,T5,T5,False
claude-opus-4.6/pass1-ge-3.5,gemma3n:e2b,0.28,0.0648302,15.5,17.47925,16.0,7.0,35.0,False,0.0195,0.0,0.0,0.0,0.0020416666666666665,0.0,0.13106250000000003,claude-opus-4.6,pass_1,3.5,100,False,4456156768,T5,T5,False
claude-opus-4.6/pass1-ge-3.5,gemma4:e2b-it-qat,0.38,0.0504522,7.5,9.178875,8.5,4.0,19.5,True,0.9455,0.0,0.0008333333333333334,0.0,0.12887916666666663,1.0,0.705135714285714,claude-opus-4.6,pass_1,3.5,100,False,4628569635,T5,T5,False
claude-opus-4.6/pass1-ge-3.5,gemma:2b,0.05,0.048510500000000005,69.5,75.463125,71.5,43.5,119.0,False,0.0005,0.0,0.0,0.0,0.0,0.0,0.0,claude-opus-4.6,pass_1,3.5,100,False,2506434560,T3,T3,False
claude-opus-4.6/pass1-ge-3.5,gemma:2b-instruct-q4_K_M,0.05,0.04429810000000001,69.5,81.333625,71.0,36.0,121.0,False,0.02075,0.0,0.0,0.0,0.0,0.0,0.0,claude-opus-4.6,pass_1,3.5,100,False,2506434560,T3,T2,True
claude-opus-4.6/pass1-ge-3.5,gemma:2b-instruct-q8_0,0.05,0.06085420000000001,69.5,75.463125,71.5,43.5,119.0,False,0.0,0.0,0.0,0.0,0.0,0.0,0.0,claude-opus-4.6,pass_1,3.5,100,False,2506434560,T3,T3,False
claude-opus-4.6/pass1-ge-3.5,granite3.1-dense:2b,0.19,0.08316719999999998,31.5,31.25575,30.0,16.5,54.012500000000045,False,0.0,0.0,0.0,0.0,0.0,0.0,6.25e-05,claude-opus-4.6,pass_1,3.5,100,False,2533531648,T3,T3,False
claude-opus-4.6/pass1-ge-3.5,granite3.1-dense:2b-instruct-q8_0,0.21,0.1141953,24.0,27.590625,25.5,15.0,52.5,False,0.0,0.0,0.0,0.0,0.0,0.0,0.0,claude-opus-4.6,pass_1,3.5,100,False,2533531648,T3,T3,False
claude-opus-4.6/pass1-ge-3.5,granite3.1-moe:3b,0.02,0.0334147,87.5,89.102875,87.0,65.0,122.5,False,0.0025,0.0,0.0,0.0,0.0,0.0,0.0,claude-opus-4.6,pass_1,3.5,100,False,3298793472,T4,T4,False
claude-opus-4.6/pass1-ge-3.5,granite3.2:2b,0.19,0.1216954,31.5,32.3235,31.0,15.0,59.5,False,0.0,0.0,0.0,0.0,0.0,0.0,0.0013333333333333333,claude-opus-4.6,pass_1,3.5,100,False,2533531648,T3,T3,False
claude-opus-4.6/pass1-ge-3.5,granite3.2:2b-instruct-q4_K_M,0.21,0.1221751,24.0,27.69575,26.0,12.0,53.5,False,0.0,0.0,0.0,0.0,0.0005,0.0,0.01035,claude-opus-4.6,pass_1,3.5,100,False,2533531648,T3,T3,False
claude-opus-4.6/pass1-ge-3.5,granite3.3:2b,0.15,0.0769426,40.0,41.137,39.5,20.5,66.51250000000005,False,0.0,0.0,0.0,0.0,0.0,0.0,0.0,claude-opus-4.6,pass_1,3.5,100,False,2533539840,T3,T3,False
claude-opus-4.6/pass1-ge-3.5,granite4.1:3b,0.37,0.074758,9.0,9.09925,9.0,5.0,15.0,False,0.36425,0.0,0.0,0.0,0.056733333333333344,1.0,0.7346232142857141,claude-opus-4.6,pass_1,3.5,100,False,3402836480,T4,T3,True
claude-opus-4.6/pass1-ge-3.5,granite4:1b-h,0.12,0.028435600000000005,48.5,49.499625,49.0,32.5,67.01250000000005,True,0.92975,0.0,0.0,0.0,0.0,0.0,0.0,claude-opus-4.6,pass_1,3.5,100,False,1461538368,T2,T2,False
claude-opus-4.6/pass1-ge-3.5,granite4:350m,0.03,0.012930599999999999,79.5,84.124875,81.0,63.0,114.0,True,0.5795,0.0,0.0,0.0,0.0,0.0,0.0,claude-opus-4.6,pass_1,3.5,100,False,352379904,T1,T1,False
claude-opus-4.6/pass1-ge-3.5,granite4:350m-bf16,0.01,0.012712099999999999,102.0,102.26275,100.0,85.0,119.0,False,0.17025,0.0,0.0,0.0,0.0,0.0,0.0,claude-opus-4.6,pass_1,3.5,100,False,352379904,T1,T1,False
claude-opus-4.6/pass1-ge-3.5,granite4:350m-h,0.0,0.0080541,124.5,119.0185,119.5,109.5,124.5,False,0.0,0.0,0.0,0.0,0.0,0.0,0.0,claude-opus-4.6,pass_1,3.5,100,True,340332224,T1,T1,False
claude-opus-4.6/pass1-ge-3.5,granite4:micro,0.23,0.0798973,20.0,23.82325,23.0,12.0,40.0,False,0.0,0.0,0.0,0.0,0.0,0.0,0.0100625,claude-opus-4.6,pass_1,3.5,100,False,3402836480,T4,T4,False
claude-opus-4.6/pass1-ge-3.5,granite4:micro-h,0.33,0.0651603,10.5,12.023,12.0,5.5,21.012500000000045,False,0.22875,0.0,0.0,0.0,0.023029166666666667,0.5,0.37468988095238126,claude-opus-4.6,pass_1,3.5,100,False,3191396096,T4,T4,False
claude-opus-4.6/pass1-ge-3.5,hf.co/LiquidAI/LFM2-1.2B-GGUF:Q4_K_M,0.02,0.0186997,87.5,89.139875,87.5,66.0,120.5,False,0.13675,0.0,0.0,0.0,0.0,0.0,0.0,claude-opus-4.6,pass_1,3.5,100,False,1170340608,T2,T2,False
claude-opus-4.6/pass1-ge-3.5,hf.co/LiquidAI/LFM2-1.2B-GGUF:Q8_0,0.0,0.030554,124.5,119.0185,119.5,109.5,124.5,False,0.0,0.0,0.0,0.0,0.0,0.0,0.0,claude-opus-4.6,pass_1,3.5,100,True,1170340608,T2,T2,False
claude-opus-4.6/pass1-ge-3.5,hf.co/LiquidAI/LFM2-350M-GGUF:Q4_K_M,0.0,0.011277400000000002,124.5,119.0185,119.5,109.5,124.5,False,0.0,0.0,0.0,0.0,0.0,0.0,0.0,claude-opus-4.6,pass_1,3.5,100,True,354483968,T1,T1,False
claude-opus-4.6/pass1-ge-3.5,hf.co/LiquidAI/LFM2-700M-GGUF:Q4_K_M,0.0,0.0220955,124.5,119.0185,119.5,109.5,124.5,False,0.0,0.0,0.0,0.0,0.0,0.0,0.0,claude-opus-4.6,pass_1,3.5,100,True,742489344,T1,T1,False
claude-opus-4.6/pass1-ge-3.5,hf.co/NousResearch/Hermes-3-Llama-3.2-3B-GGUF:Q4_K_M,0.09,0.0769492,59.5,57.692625,58.5,34.0,82.0,False,0.0,0.0,0.0,0.0,0.0,0.0,0.0,claude-opus-4.6,pass_1,3.5,100,False,3212749888,T4,T3,True
claude-opus-4.6/pass1-ge-3.5,hf.co/NousResearch/Hermes-3-Llama-3.2-3B-GGUF:Q8_0,0.08,0.0991791,63.5,60.460875,60.5,41.0,81.0,False,0.0,0.0,0.0,0.0,0.0,0.0,0.0,claude-opus-4.6,pass_1,3.5,100,False,3212749888,T4,T3,True
claude-opus-4.6/pass1-ge-3.5,hf.co/Qwen/Qwen2.5-1.5B-Instruct-GGUF:Q4_K_M,0.08,0.038428699999999996,63.5,62.039375,60.5,36.5,115.0,False,0.1045,0.0,0.0,0.0,0.0,0.0,0.0,claude-opus-4.6,pass_1,3.5,100,False,1777088000,T2,T2,False
claude-opus-4.6/pass1-ge-3.5,hf.co/Qwen/Qwen2.5-3B-Instruct-GGUF:Q4_K_M,0.2,0.09588630000000001,27.5,29.9,28.0,14.0,57.5,False,0.0,0.0,0.0,0.0,0.0,0.0,0.001958333333333333,claude-opus-4.6,pass_1,3.5,100,False,3397103616,T4,T4,False
claude-opus-4.6/pass1-ge-3.5,hf.co/Qwen/Qwen3-4B-GGUF:Q4_K_M,0.4,0.2571047,6.0,7.6905,7.0,2.5,15.5,False,0.0175,0.0,0.004083333333333334,0.0,0.17173750000000004,1.0,0.8628416666666667,claude-opus-4.6,pass_1,3.5,100,False,4022468096,T5,T5,False
claude-opus-4.6/pass1-ge-3.5,hf.co/allenai/OLMo-2-0425-1B-Instruct-GGUF:Q4_K_M,0.0,0.061812700000000005,124.5,119.0185,119.5,109.5,124.5,False,0.0,0.0,0.0,0.0,0.0,0.0,0.0,claude-opus-4.6,pass_1,3.5,100,True,1484916736,T2,T1,True
claude-opus-4.6/pass1-ge-3.5,hf.co/bartowski/Llama-3.2-3B-Instruct-GGUF:IQ4_XS,0.1,0.06516,55.5,54.9465,55.0,39.5,71.5,False,0.0,0.0,0.0,0.0,0.0,0.0,0.0,claude-opus-4.6,pass_1,3.5,100,False,3212749888,T4,T3,True
claude-opus-4.6/pass1-ge-3.5,hf.co/bartowski/Llama-3.2-3B-Instruct-GGUF:Q3_K_L,0.11,0.06620140000000001,52.0,51.35775,51.5,32.0,70.0,False,0.0,0.0,0.0,0.0,0.0,0.0,0.0,claude-opus-4.6,pass_1,3.5,100,False,3212749888,T4,T3,True
claude-opus-4.6/pass1-ge-3.5,hf.co/bartowski/Llama-3.2-3B-Instruct-GGUF:Q5_K_M,0.2,0.07428490000000001,27.5,28.34375,27.5,16.5,45.0,False,0.0,0.0,0.0,0.0,0.0,0.0,0.0,claude-opus-4.6,pass_1,3.5,100,False,3212749888,T4,T3,True
claude-opus-4.6/pass1-ge-3.5,hf.co/bartowski/Llama-3.2-3B-Instruct-GGUF:Q6_K,0.15,0.0734838,40.0,40.265875,40.0,26.0,55.0,False,0.0,0.0,0.0,0.0,0.0,0.0,0.0,claude-opus-4.6,pass_1,3.5,100,False,3212749888,T4,T3,True
claude-opus-4.6/pass1-ge-3.5,hf.co/ggml-org/SmolLM3-3B-GGUF:Q4_K_M,0.08,0.110296,63.5,60.54,60.5,33.5,89.5,False,0.0,0.0,0.0,0.0,0.0,0.0,0.0,claude-opus-4.6,pass_1,3.5,100,False,3075098624,T4,T3,True
claude-opus-4.6/pass1-ge-3.5,hf.co/ggml-org/SmolLM3-3B-GGUF:Q8_0,0.1,0.13829260000000002,55.5,54.683125,54.5,36.987500000000004,76.5,False,0.0,0.0,0.0,0.0,0.0,0.0,0.0,claude-opus-4.6,pass_1,3.5,100,False,3075098624,T4,T3,True
claude-opus-4.6/pass1-ge-3.5,hf.co/openbmb/MiniCPM3-4B-GGUF:Q4_K_M,0.08,0.0784251,63.5,60.699875,61.0,43.0,79.5,False,0.0,0.0,0.0,0.0,0.0,0.0,0.0,claude-opus-4.6,pass_1,3.5,100,False,4073876000,T5,T4,True
claude-opus-4.6/pass1-ge-3.5,hf.co/tiiuae/Falcon-H1-0.5B-Instruct-GGUF:Q4_K_M,0.02,0.034294200000000004,87.5,93.22575,88.0,60.0,124.0,False,0.023,0.0,0.0,0.0,0.0,0.0,0.0,claude-opus-4.6,pass_1,3.5,100,False,521411104,T1,T1,False
claude-opus-4.6/pass1-ge-3.5,hf.co/tiiuae/Falcon-H1-1.5B-Deep-Instruct-GGUF:IQ4_XS,0.15,0.1053772,40.0,40.528125,39.5,17.5,69.5,False,0.0,0.0,0.0,0.0,0.0,0.0,0.00041666666666666664,claude-opus-4.6,pass_1,3.5,100,False,1554874768,T2,T2,False
claude-opus-4.6/pass1-ge-3.5,hf.co/tiiuae/Falcon-H1-1.5B-Deep-Instruct-GGUF:Q4_K_M,0.09,0.09332829999999999,59.5,57.602125,58.0,30.5,85.5,False,0.0,0.0,0.0,0.0,0.0,0.0,0.0,claude-opus-4.6,pass_1,3.5,100,False,1554874768,T2,T2,False
claude-opus-4.6/pass1-ge-3.5,hf.co/tiiuae/Falcon-H1-3B-Instruct-GGUF:Q4_K_M,0.32,0.12489019999999998,12.5,13.402875,12.5,6.0,28.0,False,0.0,0.0,0.0,0.0,0.012541666666666666,0.0,0.3309625,claude-opus-4.6,pass_1,3.5,100,False,3149392384,T4,T3,True
claude-opus-4.6/pass1-ge-3.5,hf.co/unsloth/Llama-3.2-1B-Instruct-GGUF:Q4_K_M,0.02,0.0180221,87.5,89.459125,87.0,73.48750000000001,115.5,False,0.06125,0.0,0.0,0.0,0.0,0.0,0.0,claude-opus-4.6,pass_1,3.5,100,False,1235814432,T2,T2,False
claude-opus-4.6/pass1-ge-3.5,hf.co/unsloth/Phi-4-mini-instruct-GGUF:Q4_K_M,0.1,0.10440899999999999,55.5,55.63475,55.5,35.0,78.0,False,0.0,0.0,0.0,0.0,0.0,0.0,0.0,claude-opus-4.6,pass_1,3.5,100,False,3836021856,T4,T4,False
claude-opus-4.6/pass1-ge-3.5,hf.co/unsloth/Qwen3-4B-GGUF:Q4_K_M,0.49,0.09334010000000001,4.5,3.979875,4.0,1.0,7.5,True,0.91525,0.0,0.09779166666666662,1.0,0.84165,1.0,0.9989166666666667,claude-opus-4.6,pass_1,3.5,100,False,4022468096,T5,T5,False
claude-opus-4.6/pass1-ge-3.5,internlm2:1.8b,0.0,0.030893100000000003,124.5,119.0185,119.5,109.5,124.5,False,0.0,0.0,0.0,0.0,0.0,0.0,0.0,claude-opus-4.6,pass_1,3.5,100,True,1889110016,T2,T2,False
claude-opus-4.6/pass1-ge-3.5,llama3.2:1b,0.02,0.0269072,87.5,89.21025,86.5,69.0,119.0,False,0.006,0.0,0.0,0.0,0.0,0.0,0.0,claude-opus-4.6,pass_1,3.5,100,False,1235814432,T2,T2,False
claude-opus-4.6/pass1-ge-3.5,llama3.2:1b-instruct-q4_K_M,0.02,0.022604799999999994,87.5,88.951625,87.0,66.0,121.5,False,0.031,0.0,0.0,0.0,0.0,0.0,0.0,claude-opus-4.6,pass_1,3.5,100,False,1235814432,T2,T1,True
claude-opus-4.6/pass1-ge-3.5,llama3.2:1b-instruct-q8_0,0.01,0.026446500000000005,102.0,101.486875,101.0,78.5,121.0,False,0.0,0.0,0.0,0.0,0.0,0.0,0.0,claude-opus-4.6,pass_1,3.5,100,False,1235814432,T2,T2,False
claude-opus-4.6/pass1-ge-3.5,llama3.2:3b,0.15,0.05392730000000001,40.0,39.986375,39.5,22.0,61.0,False,0.00125,0.0,0.0,0.0,0.0,0.0,0.0,claude-opus-4.6,pass_1,3.5,100,False,3212749888,T4,T4,False
claude-opus-4.6/pass1-ge-3.5,llama3.2:3b-instruct-q4_K_M,0.12,0.053858199999999995,48.5,48.422125,48.5,29.5,66.5,False,0.001,0.0,0.0,0.0,0.0,0.0,0.0,claude-opus-4.6,pass_1,3.5,100,False,3212749888,T4,T3,True
claude-opus-4.6/pass1-ge-3.5,llama3.2:3b-instruct-q8_0,0.16,0.08039449999999998,36.5,37.911125,37.5,21.0,55.5,False,0.0,0.0,0.0,0.0,0.0,0.0,0.0,claude-opus-4.6,pass_1,3.5,100,False,3212749888,T4,T4,False
claude-opus-4.6/pass1-ge-3.5,ministral-3:3b,0.33,0.10715520000000002,10.5,12.102125,12.0,6.5,20.0,False,0.006,0.0,0.0,0.0,0.007833333333333333,0.5,0.3504232142857145,claude-opus-4.6,pass_1,3.5,100,False,3849090048,T4,T4,False
claude-opus-4.6/pass1-ge-3.5,nemotron-mini:4b,0.01,0.0678951,102.0,102.26275,100.0,85.0,119.0,False,0.0,0.0,0.0,0.0,0.0,0.0,0.0,claude-opus-4.6,pass_1,3.5,100,False,4190509056,T5,T5,False
claude-opus-4.6/pass1-ge-3.5,nemotron-mini:4b-instruct-q4_K_M,0.01,0.06775320000000001,102.0,102.26275,100.0,85.0,119.0,False,0.0,0.0,0.0,0.0,0.0,0.0,0.0,claude-opus-4.6,pass_1,3.5,100,False,4190509056,T5,T5,False
claude-opus-4.6/pass1-ge-3.5,nemotron-mini:4b-instruct-q8_0,0.04,0.11059119999999999,75.0,75.9515,74.5,63.5,110.5,False,0.0,0.0,0.0,0.0,0.0,0.0,0.0,claude-opus-4.6,pass_1,3.5,100,False,4190509056,T5,T5,False
claude-opus-4.6/pass1-ge-3.5,opencoder:1.5b,0.02,0.07436240000000001,87.5,93.489625,88.0,62.0,123.0,False,0.0,0.0,0.0,0.0,0.0,0.0,0.0,claude-opus-4.6,pass_1,3.5,100,False,1905650880,T2,T2,False
claude-opus-4.6/pass1-ge-3.5,phi3.5:3.8b,0.13,0.14908549999999998,45.5,47.11475,46.0,28.0,71.0,False,0.0,0.0,0.0,0.0,0.0,0.0,0.0,claude-opus-4.6,pass_1,3.5,100,False,3821079648,T4,T4,False
claude-opus-4.6/pass1-ge-3.5,phi3.5:3.8b-mini-instruct-q8_0,0.19,0.2185186,31.5,32.6935,31.0,18.5,56.5,False,0.0,0.0,0.0,0.0,0.0,0.0,8.333333333333333e-05,claude-opus-4.6,pass_1,3.5,100,False,3821079648,T4,T4,False
claude-opus-4.6/pass1-ge-3.5,phi3:3.8b,0.03,0.10969870000000002,79.5,81.116125,80.0,64.0,113.5,False,0.0,0.0,0.0,0.0,0.0,0.0,0.0,claude-opus-4.6,pass_1,3.5,100,False,3821079648,T4,T4,False
claude-opus-4.6/pass1-ge-3.5,phi3:3.8b-mini-128k-instruct-q8_0,0.11,0.12320129999999999,52.0,52.00525,52.0,34.5,71.5,False,0.0,0.0,0.0,0.0,0.0,0.0,0.0,claude-opus-4.6,pass_1,3.5,100,False,3821079648,T4,T4,False
claude-opus-4.6/pass1-ge-3.5,phi3:mini,0.05,0.10882840000000002,69.5,70.656375,69.5,58.5,89.0,False,0.0,0.0,0.0,0.0,0.0,0.0,0.0,claude-opus-4.6,pass_1,3.5,100,False,3821079648,T4,T4,False
claude-opus-4.6/pass1-ge-3.5,phi3:mini-128k,0.03,0.1089084,79.5,83.3295,80.0,66.5,117.5,False,0.0,0.0,0.0,0.0,0.0,0.0,0.0,claude-opus-4.6,pass_1,3.5,100,False,3821079648,T4,T4,False
claude-opus-4.6/pass1-ge-3.5,phi3:mini-4k,0.14,0.1537809,43.5,43.533,42.5,29.5,60.0,False,0.0,0.0,0.0,0.0,0.0,0.0,0.0,claude-opus-4.6,pass_1,3.5,100,False,3821079552,T4,T4,False
claude-opus-4.6/pass1-ge-3.5,phi4-mini,0.13,0.0958175,45.5,46.689125,46.0,25.5,72.5,False,0.0,0.0,0.0,0.0,0.0,0.0,0.0,claude-opus-4.6,pass_1,3.5,100,False,3836021856,T4,T4,False
claude-opus-4.6/pass1-ge-3.5,phi4-mini-reasoning,0.3,0.2828102,14.0,15.385375,14.0,7.0,32.0,False,0.00025,0.0,0.00025,0.0,0.006291666666666666,0.0,0.21392083333333328,claude-opus-4.6,pass_1,3.5,100,False,3836021856,T4,T4,False
claude-opus-4.6/pass1-ge-3.5,qwen2-math:1.5b,0.0,0.0745381,124.5,119.0185,119.5,109.5,124.5,False,0.0,0.0,0.0,0.0,0.0,0.0,0.0,claude-opus-4.6,pass_1,3.5,100,True,1543714304,T2,T2,False
claude-opus-4.6/pass1-ge-3.5,qwen2.5-coder:0.5b,0.0,0.025064600000000003,124.5,119.0185,119.5,109.5,124.5,False,0.0,0.0,0.0,0.0,0.0,0.0,0.0,claude-opus-4.6,pass_1,3.5,100,True,494032768,T1,T1,False
claude-opus-4.6/pass1-ge-3.5,qwen2.5-coder:1.5b,0.04,0.05254289999999999,75.0,76.325,74.5,64.5,109.5,False,0.0,0.0,0.0,0.0,0.0,0.0,0.0,claude-opus-4.6,pass_1,3.5,100,False,1543714304,T2,T2,False
claude-opus-4.6/pass1-ge-3.5,qwen2.5-coder:1.5b-instruct-q8_0,0.05,0.0742927,69.5,70.2465,70.0,58.0,84.0,False,0.0,0.0,0.0,0.0,0.0,0.0,0.0,claude-opus-4.6,pass_1,3.5,100,False,1543714304,T2,T2,False
claude-opus-4.6/pass1-ge-3.5,qwen2.5-coder:3b,0.18,0.094148,34.5,33.452875,32.0,20.0,53.512500000000045,False,0.0,0.0,0.0,0.0,0.0,0.0,0.0,claude-opus-4.6,pass_1,3.5,100,False,3085938688,T4,T4,False
claude-opus-4.6/pass1-ge-3.5,qwen2.5-coder:3b-instruct-q4_K_M,0.16,0.09297190000000001,36.5,38.9695,38.0,25.0,59.0,False,0.0,0.0,0.0,0.0,0.0,0.0,0.0,claude-opus-4.6,pass_1,3.5,100,False,3085938688,T4,T4,False
claude-opus-4.6/pass1-ge-3.5,qwen2.5-coder:3b-instruct-q8_0,0.21,0.15580289999999997,24.0,27.5475,26.5,15.0,46.5,False,0.0,0.0,0.0,0.0,0.0,0.0,0.0,claude-opus-4.6,pass_1,3.5,100,False,3085938688,T4,T4,False
claude-opus-4.6/pass1-ge-3.5,qwen2.5:0.5b,0.0,0.0324637,124.5,119.0185,119.5,109.5,124.5,False,0.0,0.0,0.0,0.0,0.0,0.0,0.0,claude-opus-4.6,pass_1,3.5,100,True,494032768,T1,T1,False
claude-opus-4.6/pass1-ge-3.5,qwen2.5:0.5b-instruct-q4_K_M,0.0,0.0319782,124.5,119.0185,119.5,109.5,124.5,False,0.0,0.0,0.0,0.0,0.0,0.0,0.0,claude-opus-4.6,pass_1,3.5,100,True,494032768,T1,T1,False
claude-opus-4.6/pass1-ge-3.5,qwen2.5:0.5b-instruct-q8_0,0.0,0.034305,124.5,119.0185,119.5,109.5,124.5,False,0.0,0.0,0.0,0.0,0.0,0.0,0.0,claude-opus-4.6,pass_1,3.5,100,True,494032768,T1,T1,False
claude-opus-4.6/pass1-ge-3.5,qwen2.5:1.5b,0.01,0.053494799999999995,102.0,101.137125,100.5,72.5,123.0,False,0.0,0.0,0.0,0.0,0.0,0.0,0.0,claude-opus-4.6,pass_1,3.5,100,False,1543714304,T2,T2,False
claude-opus-4.6/pass1-ge-3.5,qwen2.5:1.5b-instruct-q4_K_M,0.01,0.053314699999999986,102.0,100.6645,99.5,72.5,124.0,False,0.0,0.0,0.0,0.0,0.0,0.0,0.0,claude-opus-4.6,pass_1,3.5,100,False,1543714304,T2,T2,False
claude-opus-4.6/pass1-ge-3.5,qwen2.5:1.5b-instruct-q8_0,0.03,0.0777736,79.5,83.65925,80.5,58.5,121.5,False,0.0,0.0,0.0,0.0,0.0,0.0,0.0,claude-opus-4.6,pass_1,3.5,100,False,1543714304,T2,T2,False
claude-opus-4.6/pass1-ge-3.5,qwen2.5:3b,0.19,0.10877729999999998,31.5,30.311625,29.5,18.0,47.012500000000045,False,0.0,0.0,0.0,0.0,0.0,0.0,8.333333333333333e-05,claude-opus-4.6,pass_1,3.5,100,False,3085938688,T4,T4,False
claude-opus-4.6/pass1-ge-3.5,qwen2.5:3b-instruct-q4_K_M,0.18,0.10583500000000001,34.5,32.983875,32.5,20.0,50.0,False,0.0,0.0,0.0,0.0,0.0,0.0,8.333333333333333e-05,claude-opus-4.6,pass_1,3.5,100,False,3085938688,T4,T4,False
claude-opus-4.6/pass1-ge-3.5,qwen2.5:3b-instruct-q8_0,0.26,0.17272310000000002,18.0,19.67125,18.5,10.0,37.5,False,0.0,0.0,0.0,0.0,0.0,0.0,0.04122916666666666,claude-opus-4.6,pass_1,3.5,100,False,3085938688,T4,T4,False
claude-opus-4.6/pass1-ge-3.5,qwen2:0.5b-instruct-q8_0,0.0,0.019274100000000002,124.5,119.0185,119.5,109.5,124.5,False,0.0,0.0,0.0,0.0,0.0,0.0,0.0,claude-opus-4.6,pass_1,3.5,100,True,494032768,T1,T1,False
claude-opus-4.6/pass1-ge-3.5,qwen2:1.5b,0.01,0.0268809,102.0,101.486875,101.0,78.5,121.0,False,0.0,0.0,0.0,0.0,0.0,0.0,0.0,claude-opus-4.6,pass_1,3.5,100,False,1543714304,T2,T2,False
claude-opus-4.6/pass1-ge-3.5,qwen2:1.5b-instruct-q8_0,0.01,0.04402440000000001,102.0,102.26275,100.0,85.0,119.0,False,0.0,0.0,0.0,0.0,0.0,0.0,0.0,claude-opus-4.6,pass_1,3.5,100,False,1543714304,T2,T2,False
claude-opus-4.6/pass1-ge-3.5,qwen3.5:2b,0.14,0.10294600000000001,43.5,43.093875,43.0,24.0,62.012500000000045,False,0.0,0.0,0.0,0.0,0.0,0.0,0.0,claude-opus-4.6,pass_1,3.5,100,False,2274069824,T3,T2,True
claude-opus-4.6/pass1-ge-3.5,qwen3:0.6b,0.01,0.0153814,102.0,102.26275,100.0,85.0,119.0,False,0.0,0.0,0.0,0.0,0.0,0.0,0.0,claude-opus-4.6,pass_1,3.5,100,False,751632384,T1,T1,False
claude-opus-4.6/pass1-ge-3.5,qwen3:0.6b-fp16,0.03,0.0282127,79.5,83.70975,80.0,67.5,115.5,False,0.0,0.0,0.0,0.0,0.0,0.0,0.0,claude-opus-4.6,pass_1,3.5,100,False,751632384,T1,T1,False
claude-opus-4.6/pass1-ge-3.5,qwen3:0.6b-q8_0,0.05,0.018881900000000004,69.5,74.789625,70.0,54.5,115.5,True,0.53875,0.0,0.0,0.0,0.0,0.0,0.0,claude-opus-4.6,pass_1,3.5,100,False,751632384,T1,T1,False
claude-opus-4.6/pass1-ge-3.5,qwen3:1.7b,0.2,0.0365625,27.5,30.6415,28.0,13.0,59.012500000000045,True,0.846,0.0,0.0,0.0,0.0,0.0,0.006549999999999999,claude-opus-4.6,pass_1,3.5,100,False,2031739904,T3,T3,False
claude-opus-4.6/pass1-ge-3.5,qwen3:1.7b-fp16,0.26,0.08118539999999999,18.0,19.9575,18.0,9.5,39.012500000000045,False,0.0045,0.0,0.0,0.0,0.000925,0.0,0.04387083333333333,claude-opus-4.6,pass_1,3.5,100,False,2031739904,T3,T3,False
claude-opus-4.6/pass1-ge-3.5,qwen3:1.7b-q8_0,0.26,0.053398499999999995,18.0,19.55525,18.5,10.5,34.5,False,0.203,0.0,0.0,0.0,0.00013333333333333334,0.0,0.025594047619047617,claude-opus-4.6,pass_1,3.5,100,False,2031739904,T3,T3,False
claude-opus-4.6/pass1-ge-3.5,qwen3:4b,0.32,0.2570734,12.5,13.736625,12.5,7.0,27.0,False,0.0005,0.0,0.0,0.0,0.00225,0.0,0.31126488095238125,claude-opus-4.6,pass_1,3.5,100,False,4022468096,T5,T5,False
claude-opus-4.6/pass1-ge-3.5,qwen3:4b-instruct-2507-q4_K_M,0.54,0.10899769999999999,2.0,2.530625,2.0,1.0,5.5,True,0.747,0.0,0.2172083333333334,1.0,0.9732916666666668,1.0,0.9995,claude-opus-4.6,pass_1,3.5,100,False,4022468096,T5,T5,False
claude-opus-4.6/pass1-ge-3.5,qwen3:4b-instruct-2507-q8_0,0.56,0.1605071,1.0,2.22075,2.0,1.0,6.5,True,0.51025,1.0,0.4618958333333331,1.0,0.9479375,1.0,0.9966041666666666,claude-opus-4.6,pass_1,3.5,100,False,4022468096,T5,T5,False
claude-opus-4.6/pass1-ge-3.5,qwen3:4b-q8_0,0.5,0.1389434,3.0,3.61025,3.5,1.0,7.0,False,0.15125,0.0,0.0780625,1.0,0.9104416666666668,1.0,0.9994375,claude-opus-4.6,pass_1,3.5,100,False,4022468096,T5,T5,False
claude-opus-4.6/pass1-ge-3.5,qwen3:4b-thinking-2507-q4_K_M,0.38,0.2587354,7.5,9.321125,8.0,3.5,21.5,False,0.00625,0.0,0.003,0.0,0.1226875,1.0,0.7148874999999999,claude-opus-4.6,pass_1,3.5,100,False,4022468096,T5,T4,True
claude-opus-4.6/pass1-ge-3.5,qwen3:4b-thinking-2507-q8_0,0.49,0.38266600000000006,4.5,4.2115,4.0,1.0,11.0,False,0.1255,0.0,0.136875,1.0,0.7854625000000003,1.0,0.9702083333333335,claude-opus-4.6,pass_1,3.5,100,False,4022468096,T5,T4,True
claude-opus-4.6/pass1-ge-3.5,sailor2:1b,0.0,0.05649899999999999,124.5,119.0185,119.5,109.5,124.5,False,0.0,0.0,0.0,0.0,0.0,0.0,0.0,claude-opus-4.6,pass_1,3.5,100,True,988064640,T1,T1,False
claude-opus-4.6/pass1-ge-3.5,smallthinker:3b-preview-q4_K_M,0.15,0.1830502,40.0,40.00975,40.0,22.0,59.5,False,0.0,0.0,0.0,0.0,0.0,0.0,0.0,claude-opus-4.6,pass_1,3.5,100,False,3397103616,T4,T3,True
claude-opus-4.6/pass1-ge-3.5,smollm2:1.7b,0.01,0.05150450000000001,102.0,101.486875,101.0,78.5,121.0,False,0.0,0.0,0.0,0.0,0.0,0.0,0.0,claude-opus-4.6,pass_1,3.5,100,False,1711376384,T2,T2,False
claude-opus-4.6/pass1-ge-3.5,smollm2:1.7b-instruct-q8_0,0.01,0.051941799999999996,102.0,101.486875,101.0,78.5,121.0,False,0.0,0.0,0.0,0.0,0.0,0.0,0.0,claude-opus-4.6,pass_1,3.5,100,False,1711376384,T2,T2,False
claude-opus-4.6/pass1-ge-3.5,smollm2:135m,0.0,0.0119867,124.5,119.0185,119.5,109.5,124.5,False,0.0,0.0,0.0,0.0,0.0,0.0,0.0,claude-opus-4.6,pass_1,3.5,100,True,134515008,T1,T1,False
claude-opus-4.6/pass1-ge-3.5,smollm2:135m-instruct-q8_0,0.0,0.00814,124.5,119.0185,119.5,109.5,124.5,False,0.0,0.0,0.0,0.0,0.0,0.0,0.0,claude-opus-4.6,pass_1,3.5,100,True,134515008,T1,T1,False
claude-opus-4.6/pass1-ge-3.5,smollm2:360m,0.02,0.017338700000000002,87.5,94.321125,88.0,72.5,119.0,False,0.15375,0.0,0.0,0.0,0.0,0.0,0.0,claude-opus-4.6,pass_1,3.5,100,False,361821120,T1,T1,False
claude-opus-4.6/pass1-ge-3.5,smollm2:360m-instruct-q8_0,0.01,0.012322199999999998,102.0,102.26275,100.0,85.0,119.0,False,0.18475,0.0,0.0,0.0,0.0,0.0,0.0,claude-opus-4.6,pass_1,3.5,100,False,361821120,T1,T1,False
claude-opus-4.6/pass1-ge-3.5,smollm:1.7b,0.0,0.0749611,124.5,119.0185,119.5,109.5,124.5,False,0.0,0.0,0.0,0.0,0.0,0.0,0.0,claude-opus-4.6,pass_1,3.5,100,True,1711376384,T2,T2,False
claude-opus-4.6/pass1-ge-3.5,smollm:360m,0.0,0.025851599999999995,124.5,119.0185,119.5,109.5,124.5,False,0.0,0.0,0.0,0.0,0.0,0.0,0.0,claude-opus-4.6,pass_1,3.5,100,True,361821120,T1,T1,False
claude-opus-4.6/pass1-ge-3.5,stablelm2:1.6b,0.0,0.057245799999999986,124.5,119.0185,119.5,109.5,124.5,False,0.0,0.0,0.0,0.0,0.0,0.0,0.0,claude-opus-4.6,pass_1,3.5,100,True,1644515328,T2,T2,False
claude-opus-4.6/pass1-ge-3.5,stablelm2:1.6b-chat,0.0,0.0572737,124.5,119.0185,119.5,109.5,124.5,False,0.0,0.0,0.0,0.0,0.0,0.0,0.0,claude-opus-4.6,pass_1,3.5,100,True,1644515328,T2,T2,False
claude-opus-4.6/pass1-ge-3.5,stablelm2:1.6b-zephyr,0.01,0.0446021,102.0,102.26275,100.0,85.0,119.0,False,0.0,0.0,0.0,0.0,0.0,0.0,0.0,claude-opus-4.6,pass_1,3.5,100,False,1644515328,T2,T2,False
claude-opus-4.6/pass1-ge-3.5,starcoder2:3b,0.0,0.13843060000000001,124.5,119.0185,119.5,109.5,124.5,False,0.0,0.0,0.0,0.0,0.0,0.0,0.0,claude-opus-4.6,pass_1,3.5,100,True,3030371328,T4,T3,True
claude-opus-4.6/pass1-ge-3.5,starcoder2:3b-q6_K,0.0,0.1815079,124.5,119.0185,119.5,109.5,124.5,False,0.0,0.0,0.0,0.0,0.0,0.0,0.0,claude-opus-4.6,pass_1,3.5,100,True,3030371328,T4,T3,True
claude-opus-4.6/pass1-ge-3.5,starcoder2:3b-q8_0,0.0,0.2077656,124.5,119.0185,119.5,109.5,124.5,False,0.0,0.0,0.0,0.0,0.0,0.0,0.0,claude-opus-4.6,pass_1,3.5,100,True,3030371328,T4,T3,True
claude-opus-4.6/pass1-ge-3.5,tinyllama:1.1b,0.01,0.037376900000000005,102.0,101.486875,101.0,78.5,121.0,False,0.0,0.0,0.0,0.0,0.0,0.0,0.0,claude-opus-4.6,pass_1,3.5,100,False,1100048384,T2,T2,False
claude-opus-4.6/pass1-ge-3.5,tinyllama:1.1b-chat-v1-q8_0,0.0,0.06069599999999999,124.5,119.0185,119.5,109.5,124.5,False,0.0,0.0,0.0,0.0,0.0,0.0,0.0,claude-opus-4.6,pass_1,3.5,100,True,1100048384,T2,T2,False
claude-opus-4.6/pass1-ge-3.5,yi-coder:1.5b,0.01,0.05313199999999999,102.0,101.287125,100.5,75.5,123.0,False,0.0,0.0,0.0,0.0,0.0,0.0,0.0,claude-opus-4.6,pass_1,3.5,100,False,1476495360,T2,T2,False
claude-opus-4.6/pass1-ge-4,codegemma:2b,0.0,0.10250499999999999,124.5,119.0185,119.5,109.5,124.5,False,0.0,0.0,0.0,0.0,0.0,0.0,0.0,claude-opus-4.6,pass_1,4.0,100,True,2506172416,T3,T2,True
claude-opus-4.6/pass1-ge-4,codegemma:2b-code-q6_K,0.03,0.0531285,79.5,89.224,82.0,54.0,121.0,False,0.00025,0.0,0.0,0.0,0.0,0.0,0.0,claude-opus-4.6,pass_1,4.0,100,False,2506172416,T3,T2,True
claude-opus-4.6/pass1-ge-4,cogito:3b,0.11,0.0465268,52.0,51.465375,52.0,33.0,68.5,False,0.0195,0.0,0.0,0.0,0.0,0.0,0.0,claude-opus-4.6,pass_1,4.0,100,False,3606752320,T4,T3,True
claude-opus-4.6/pass1-ge-4,cogito:3b-v1-preview-llama-q8_0,0.09,0.0701172,59.5,57.23725,57.5,39.5,75.5,False,0.0,0.0,0.0,0.0,0.0,0.0,0.0,claude-opus-4.6,pass_1,4.0,100,False,3606752320,T4,T3,True
claude-opus-4.6/pass1-ge-4,deepseek-coder:1.3b,0.0,0.0654276,124.5,119.0185,119.5,109.5,124.5,False,0.0,0.0,0.0,0.0,0.0,0.0,0.0,claude-opus-4.6,pass_1,4.0,100,True,1346471936,T2,T2,False
claude-opus-4.6/pass1-ge-4,deepseek-coder:1.3b-instruct-q8_0,0.01,0.097566,102.0,101.137125,100.5,72.5,123.0,False,0.0,0.0,0.0,0.0,0.0,0.0,0.0,claude-opus-4.6,pass_1,4.0,100,False,1346471936,T2,T2,False
claude-opus-4.6/pass1-ge-4,falcon3:1b,0.01,0.09954219999999997,102.0,102.26275,100.0,85.0,119.0,False,0.0,0.0,0.0,0.0,0.0,0.0,0.0,claude-opus-4.6,pass_1,4.0,100,False,1669408768,T2,T2,False
claude-opus-4.6/pass1-ge-4,falcon3:1b-instruct-q8_0,0.01,0.09960649999999997,102.0,102.26275,100.0,85.0,119.0,False,0.0,0.0,0.0,0.0,0.0,0.0,0.0,claude-opus-4.6,pass_1,4.0,100,False,1669408768,T2,T2,False
claude-opus-4.6/pass1-ge-4,falcon3:3b,0.02,0.0586016,87.5,89.271375,87.0,68.0,117.5,False,0.0,0.0,0.0,0.0,0.0,0.0,0.0,claude-opus-4.6,pass_1,4.0,100,False,3227655168,T4,T4,False
claude-opus-4.6/pass1-ge-4,falcon3:3b-instruct-q4_K_M,0.02,0.058018900000000005,87.5,89.271375,87.0,68.0,117.5,False,0.0,0.0,0.0,0.0,0.0,0.0,0.0,claude-opus-4.6,pass_1,4.0,100,False,3227655168,T4,T4,False
claude-opus-4.6/pass1-ge-4,falcon3:3b-instruct-q8_0,0.12,0.09732470000000001,48.5,49.1405,49.0,28.987500000000004,71.0,False,0.0,0.0,0.0,0.0,0.0,0.0,0.0,claude-opus-4.6,pass_1,4.0,100,False,3227655168,T4,T4,False
claude-opus-4.6/pass1-ge-4,gemma2:2b,0.09,0.06473620000000001,59.5,58.18625,58.5,34.5,82.01250000000005,False,0.0,0.0,0.0,0.0,0.0,0.0,0.0,claude-opus-4.6,pass_1,4.0,100,False,2614341888,T3,T3,False
claude-opus-4.6/pass1-ge-4,gemma2:2b-instruct-q4_K_M,0.12,0.06000190000000001,48.5,49.41975,48.5,32.0,70.0,False,0.0,0.0,0.0,0.0,0.0,0.0,0.0,claude-opus-4.6,pass_1,4.0,100,False,2614341888,T3,T2,True
claude-opus-4.6/pass1-ge-4,gemma2:2b-instruct-q8_0,0.1,0.0859835,55.5,54.375,54.5,31.5,77.5,False,0.0,0.0,0.0,0.0,0.0,0.0,0.0,claude-opus-4.6,pass_1,4.0,100,False,2614341888,T3,T3,False
claude-opus-4.6/pass1-ge-4,gemma3:1b,0.05,0.0230552,69.5,72.629,70.0,57.0,109.01250000000005,False,0.1905,0.0,0.0,0.0,0.0,0.0,0.0,claude-opus-4.6,pass_1,4.0,100,False,999885952,T1,T1,False
claude-opus-4.6/pass1-ge-4,gemma3:1b-it-q8_0,0.04,0.023906599999999997,75.0,79.72575,75.0,60.0,114.0,False,0.00175,0.0,0.0,0.0,0.0,0.0,0.0,claude-opus-4.6,pass_1,4.0,100,False,999885952,T1,T1,False
claude-opus-4.6/pass1-ge-4,gemma3:1b-it-qat,0.05,0.020576200000000003,69.5,71.682125,70.5,54.0,110.0,False,0.412,0.0,0.0,0.0,0.0,0.0,0.0,claude-opus-4.6,pass_1,4.0,100,False,999885952,T1,T1,False
claude-opus-4.6/pass1-ge-4,gemma3:270m,0.0,0.0052651,124.5,119.0185,119.5,109.5,124.5,True,0.97675,0.0,0.0,0.0,0.0,0.0,0.0,claude-opus-4.6,pass_1,4.0,100,True,268098176,T1,T1,False
claude-opus-4.6/pass1-ge-4,gemma3:270m-it-qat,0.01,0.007723500000000001,102.0,101.287125,100.5,75.5,123.0,True,0.6445,0.0,0.0,0.0,0.0,0.0,0.0,claude-opus-4.6,pass_1,4.0,100,False,268098176,T1,T1,False
claude-opus-4.6/pass1-ge-4,gemma3:4b,0.28,0.0641429,15.5,17.38125,16.0,7.0,37.5,False,0.06025,0.0,0.0,0.0,0.004833333333333333,0.0,0.13210416666666666,claude-opus-4.6,pass_1,4.0,100,False,4299915632,T5,T5,False
claude-opus-4.6/pass1-ge-4,gemma3:4b-it-q4_K_M,0.22,0.06425800000000001,21.5,26.82525,24.5,13.5,52.0,False,0.00025,0.0,0.0,0.0,0.0,0.0,0.0019166666666666666,claude-opus-4.6,pass_1,4.0,100,False,4299915632,T5,T5,False
claude-opus-4.6/pass1-ge-4,gemma3:4b-it-q8_0,0.22,0.08659489999999997,21.5,27.221,24.5,11.0,55.0,False,0.0005,0.0,0.0,0.0,0.0008,0.0,0.022564880952380947,claude-opus-4.6,pass_1,4.0,100,False,4299915632,T5,T5,False
claude-opus-4.6/pass1-ge-4,gemma3:4b-it-qat,0.2,0.07702389999999999,27.5,30.541,28.25,13.0,58.0,False,0.0,0.0,0.0,0.0,0.0,0.0,0.007258333333333333,claude-opus-4.6,pass_1,4.0,100,False,4300079472,T5,T5,False
claude-opus-4.6/pass1-ge-4,gemma3n:e2b,0.28,0.0648302,15.5,17.47925,16.0,7.0,35.0,False,0.0195,0.0,0.0,0.0,0.0020416666666666665,0.0,0.13106250000000003,claude-opus-4.6,pass_1,4.0,100,False,4456156768,T5,T5,False
claude-opus-4.6/pass1-ge-4,gemma4:e2b-it-qat,0.38,0.0504522,7.5,9.178875,8.5,4.0,19.5,True,0.9455,0.0,0.0008333333333333334,0.0,0.12887916666666663,1.0,0.705135714285714,claude-opus-4.6,pass_1,4.0,100,False,4628569635,T5,T5,False
claude-opus-4.6/pass1-ge-4,gemma:2b,0.05,0.048510500000000005,69.5,75.463125,71.5,43.5,119.0,False,0.0005,0.0,0.0,0.0,0.0,0.0,0.0,claude-opus-4.6,pass_1,4.0,100,False,2506434560,T3,T3,False
claude-opus-4.6/pass1-ge-4,gemma:2b-instruct-q4_K_M,0.05,0.04429810000000001,69.5,81.333625,71.0,36.0,121.0,False,0.02075,0.0,0.0,0.0,0.0,0.0,0.0,claude-opus-4.6,pass_1,4.0,100,False,2506434560,T3,T2,True
claude-opus-4.6/pass1-ge-4,gemma:2b-instruct-q8_0,0.05,0.06085420000000001,69.5,75.463125,71.5,43.5,119.0,False,0.0,0.0,0.0,0.0,0.0,0.0,0.0,claude-opus-4.6,pass_1,4.0,100,False,2506434560,T3,T3,False
claude-opus-4.6/pass1-ge-4,granite3.1-dense:2b,0.19,0.08316719999999998,31.5,31.25575,30.0,16.5,54.012500000000045,False,0.0,0.0,0.0,0.0,0.0,0.0,6.25e-05,claude-opus-4.6,pass_1,4.0,100,False,2533531648,T3,T3,False
claude-opus-4.6/pass1-ge-4,granite3.1-dense:2b-instruct-q8_0,0.21,0.1141953,24.0,27.590625,25.5,15.0,52.5,False,0.0,0.0,0.0,0.0,0.0,0.0,0.0,claude-opus-4.6,pass_1,4.0,100,False,2533531648,T3,T3,False
claude-opus-4.6/pass1-ge-4,granite3.1-moe:3b,0.02,0.0334147,87.5,89.102875,87.0,65.0,122.5,False,0.0025,0.0,0.0,0.0,0.0,0.0,0.0,claude-opus-4.6,pass_1,4.0,100,False,3298793472,T4,T4,False
claude-opus-4.6/pass1-ge-4,granite3.2:2b,0.19,0.1216954,31.5,32.3235,31.0,15.0,59.5,False,0.0,0.0,0.0,0.0,0.0,0.0,0.0013333333333333333,claude-opus-4.6,pass_1,4.0,100,False,2533531648,T3,T3,False
claude-opus-4.6/pass1-ge-4,granite3.2:2b-instruct-q4_K_M,0.21,0.1221751,24.0,27.69575,26.0,12.0,53.5,False,0.0,0.0,0.0,0.0,0.0005,0.0,0.01035,claude-opus-4.6,pass_1,4.0,100,False,2533531648,T3,T3,False
claude-opus-4.6/pass1-ge-4,granite3.3:2b,0.15,0.0769426,40.0,41.137,39.5,20.5,66.51250000000005,False,0.0,0.0,0.0,0.0,0.0,0.0,0.0,claude-opus-4.6,pass_1,4.0,100,False,2533539840,T3,T3,False
claude-opus-4.6/pass1-ge-4,granite4.1:3b,0.37,0.074758,9.0,9.09925,9.0,5.0,15.0,False,0.36425,0.0,0.0,0.0,0.056733333333333344,1.0,0.7346232142857141,claude-opus-4.6,pass_1,4.0,100,False,3402836480,T4,T3,True
claude-opus-4.6/pass1-ge-4,granite4:1b-h,0.12,0.028435600000000005,48.5,49.499625,49.0,32.5,67.01250000000005,True,0.92975,0.0,0.0,0.0,0.0,0.0,0.0,claude-opus-4.6,pass_1,4.0,100,False,1461538368,T2,T2,False
claude-opus-4.6/pass1-ge-4,granite4:350m,0.03,0.012930599999999999,79.5,84.124875,81.0,63.0,114.0,True,0.5795,0.0,0.0,0.0,0.0,0.0,0.0,claude-opus-4.6,pass_1,4.0,100,False,352379904,T1,T1,False
claude-opus-4.6/pass1-ge-4,granite4:350m-bf16,0.01,0.012712099999999999,102.0,102.26275,100.0,85.0,119.0,False,0.17025,0.0,0.0,0.0,0.0,0.0,0.0,claude-opus-4.6,pass_1,4.0,100,False,352379904,T1,T1,False
claude-opus-4.6/pass1-ge-4,granite4:350m-h,0.0,0.0080541,124.5,119.0185,119.5,109.5,124.5,False,0.0,0.0,0.0,0.0,0.0,0.0,0.0,claude-opus-4.6,pass_1,4.0,100,True,340332224,T1,T1,False
claude-opus-4.6/pass1-ge-4,granite4:micro,0.23,0.0798973,20.0,23.82325,23.0,12.0,40.0,False,0.0,0.0,0.0,0.0,0.0,0.0,0.0100625,claude-opus-4.6,pass_1,4.0,100,False,3402836480,T4,T4,False
claude-opus-4.6/pass1-ge-4,granite4:micro-h,0.33,0.0651603,10.5,12.023,12.0,5.5,21.012500000000045,False,0.22875,0.0,0.0,0.0,0.023029166666666667,0.5,0.37468988095238126,claude-opus-4.6,pass_1,4.0,100,False,3191396096,T4,T4,False
claude-opus-4.6/pass1-ge-4,hf.co/LiquidAI/LFM2-1.2B-GGUF:Q4_K_M,0.02,0.0186997,87.5,89.139875,87.5,66.0,120.5,False,0.13675,0.0,0.0,0.0,0.0,0.0,0.0,claude-opus-4.6,pass_1,4.0,100,False,1170340608,T2,T2,False
claude-opus-4.6/pass1-ge-4,hf.co/LiquidAI/LFM2-1.2B-GGUF:Q8_0,0.0,0.030554,124.5,119.0185,119.5,109.5,124.5,False,0.0,0.0,0.0,0.0,0.0,0.0,0.0,claude-opus-4.6,pass_1,4.0,100,True,1170340608,T2,T2,False
claude-opus-4.6/pass1-ge-4,hf.co/LiquidAI/LFM2-350M-GGUF:Q4_K_M,0.0,0.011277400000000002,124.5,119.0185,119.5,109.5,124.5,False,0.0,0.0,0.0,0.0,0.0,0.0,0.0,claude-opus-4.6,pass_1,4.0,100,True,354483968,T1,T1,False
claude-opus-4.6/pass1-ge-4,hf.co/LiquidAI/LFM2-700M-GGUF:Q4_K_M,0.0,0.0220955,124.5,119.0185,119.5,109.5,124.5,False,0.0,0.0,0.0,0.0,0.0,0.0,0.0,claude-opus-4.6,pass_1,4.0,100,True,742489344,T1,T1,False
claude-opus-4.6/pass1-ge-4,hf.co/NousResearch/Hermes-3-Llama-3.2-3B-GGUF:Q4_K_M,0.09,0.0769492,59.5,57.692625,58.5,34.0,82.0,False,0.0,0.0,0.0,0.0,0.0,0.0,0.0,claude-opus-4.6,pass_1,4.0,100,False,3212749888,T4,T3,True
claude-opus-4.6/pass1-ge-4,hf.co/NousResearch/Hermes-3-Llama-3.2-3B-GGUF:Q8_0,0.08,0.0991791,63.5,60.460875,60.5,41.0,81.0,False,0.0,0.0,0.0,0.0,0.0,0.0,0.0,claude-opus-4.6,pass_1,4.0,100,False,3212749888,T4,T3,True
claude-opus-4.6/pass1-ge-4,hf.co/Qwen/Qwen2.5-1.5B-Instruct-GGUF:Q4_K_M,0.08,0.038428699999999996,63.5,62.039375,60.5,36.5,115.0,False,0.1045,0.0,0.0,0.0,0.0,0.0,0.0,claude-opus-4.6,pass_1,4.0,100,False,1777088000,T2,T2,False
claude-opus-4.6/pass1-ge-4,hf.co/Qwen/Qwen2.5-3B-Instruct-GGUF:Q4_K_M,0.2,0.09588630000000001,27.5,29.9,28.0,14.0,57.5,False,0.0,0.0,0.0,0.0,0.0,0.0,0.001958333333333333,claude-opus-4.6,pass_1,4.0,100,False,3397103616,T4,T4,False
claude-opus-4.6/pass1-ge-4,hf.co/Qwen/Qwen3-4B-GGUF:Q4_K_M,0.4,0.2571047,6.0,7.6905,7.0,2.5,15.5,False,0.0175,0.0,0.004083333333333334,0.0,0.17173750000000004,1.0,0.8628416666666667,claude-opus-4.6,pass_1,4.0,100,False,4022468096,T5,T5,False
claude-opus-4.6/pass1-ge-4,hf.co/allenai/OLMo-2-0425-1B-Instruct-GGUF:Q4_K_M,0.0,0.061812700000000005,124.5,119.0185,119.5,109.5,124.5,False,0.0,0.0,0.0,0.0,0.0,0.0,0.0,claude-opus-4.6,pass_1,4.0,100,True,1484916736,T2,T1,True
claude-opus-4.6/pass1-ge-4,hf.co/bartowski/Llama-3.2-3B-Instruct-GGUF:IQ4_XS,0.1,0.06516,55.5,54.9465,55.0,39.5,71.5,False,0.0,0.0,0.0,0.0,0.0,0.0,0.0,claude-opus-4.6,pass_1,4.0,100,False,3212749888,T4,T3,True
claude-opus-4.6/pass1-ge-4,hf.co/bartowski/Llama-3.2-3B-Instruct-GGUF:Q3_K_L,0.11,0.06620140000000001,52.0,51.35775,51.5,32.0,70.0,False,0.0,0.0,0.0,0.0,0.0,0.0,0.0,claude-opus-4.6,pass_1,4.0,100,False,3212749888,T4,T3,True
claude-opus-4.6/pass1-ge-4,hf.co/bartowski/Llama-3.2-3B-Instruct-GGUF:Q5_K_M,0.2,0.07428490000000001,27.5,28.34375,27.5,16.5,45.0,False,0.0,0.0,0.0,0.0,0.0,0.0,0.0,claude-opus-4.6,pass_1,4.0,100,False,3212749888,T4,T3,True
claude-opus-4.6/pass1-ge-4,hf.co/bartowski/Llama-3.2-3B-Instruct-GGUF:Q6_K,0.15,0.0734838,40.0,40.265875,40.0,26.0,55.0,False,0.0,0.0,0.0,0.0,0.0,0.0,0.0,claude-opus-4.6,pass_1,4.0,100,False,3212749888,T4,T3,True
claude-opus-4.6/pass1-ge-4,hf.co/ggml-org/SmolLM3-3B-GGUF:Q4_K_M,0.08,0.110296,63.5,60.54,60.5,33.5,89.5,False,0.0,0.0,0.0,0.0,0.0,0.0,0.0,claude-opus-4.6,pass_1,4.0,100,False,3075098624,T4,T3,True
claude-opus-4.6/pass1-ge-4,hf.co/ggml-org/SmolLM3-3B-GGUF:Q8_0,0.1,0.13829260000000002,55.5,54.683125,54.5,36.987500000000004,76.5,False,0.0,0.0,0.0,0.0,0.0,0.0,0.0,claude-opus-4.6,pass_1,4.0,100,False,3075098624,T4,T3,True
claude-opus-4.6/pass1-ge-4,hf.co/openbmb/MiniCPM3-4B-GGUF:Q4_K_M,0.08,0.0784251,63.5,60.699875,61.0,43.0,79.5,False,0.0,0.0,0.0,0.0,0.0,0.0,0.0,claude-opus-4.6,pass_1,4.0,100,False,4073876000,T5,T4,True
claude-opus-4.6/pass1-ge-4,hf.co/tiiuae/Falcon-H1-0.5B-Instruct-GGUF:Q4_K_M,0.02,0.034294200000000004,87.5,93.22575,88.0,60.0,124.0,False,0.023,0.0,0.0,0.0,0.0,0.0,0.0,claude-opus-4.6,pass_1,4.0,100,False,521411104,T1,T1,False
claude-opus-4.6/pass1-ge-4,hf.co/tiiuae/Falcon-H1-1.5B-Deep-Instruct-GGUF:IQ4_XS,0.15,0.1053772,40.0,40.528125,39.5,17.5,69.5,False,0.0,0.0,0.0,0.0,0.0,0.0,0.00041666666666666664,claude-opus-4.6,pass_1,4.0,100,False,1554874768,T2,T2,False
claude-opus-4.6/pass1-ge-4,hf.co/tiiuae/Falcon-H1-1.5B-Deep-Instruct-GGUF:Q4_K_M,0.09,0.09332829999999999,59.5,57.602125,58.0,30.5,85.5,False,0.0,0.0,0.0,0.0,0.0,0.0,0.0,claude-opus-4.6,pass_1,4.0,100,False,1554874768,T2,T2,False
claude-opus-4.6/pass1-ge-4,hf.co/tiiuae/Falcon-H1-3B-Instruct-GGUF:Q4_K_M,0.32,0.12489019999999998,12.5,13.402875,12.5,6.0,28.0,False,0.0,0.0,0.0,0.0,0.012541666666666666,0.0,0.3309625,claude-opus-4.6,pass_1,4.0,100,False,3149392384,T4,T3,True
claude-opus-4.6/pass1-ge-4,hf.co/unsloth/Llama-3.2-1B-Instruct-GGUF:Q4_K_M,0.02,0.0180221,87.5,89.459125,87.0,73.48750000000001,115.5,False,0.06125,0.0,0.0,0.0,0.0,0.0,0.0,claude-opus-4.6,pass_1,4.0,100,False,1235814432,T2,T2,False
claude-opus-4.6/pass1-ge-4,hf.co/unsloth/Phi-4-mini-instruct-GGUF:Q4_K_M,0.1,0.10440899999999999,55.5,55.63475,55.5,35.0,78.0,False,0.0,0.0,0.0,0.0,0.0,0.0,0.0,claude-opus-4.6,pass_1,4.0,100,False,3836021856,T4,T4,False
claude-opus-4.6/pass1-ge-4,hf.co/unsloth/Qwen3-4B-GGUF:Q4_K_M,0.49,0.09334010000000001,4.5,3.979875,4.0,1.0,7.5,True,0.91525,0.0,0.09779166666666662,1.0,0.84165,1.0,0.9989166666666667,claude-opus-4.6,pass_1,4.0,100,False,4022468096,T5,T5,False
claude-opus-4.6/pass1-ge-4,internlm2:1.8b,0.0,0.030893100000000003,124.5,119.0185,119.5,109.5,124.5,False,0.0,0.0,0.0,0.0,0.0,0.0,0.0,claude-opus-4.6,pass_1,4.0,100,True,1889110016,T2,T2,False
claude-opus-4.6/pass1-ge-4,llama3.2:1b,0.02,0.0269072,87.5,89.21025,86.5,69.0,119.0,False,0.006,0.0,0.0,0.0,0.0,0.0,0.0,claude-opus-4.6,pass_1,4.0,100,False,1235814432,T2,T2,False
claude-opus-4.6/pass1-ge-4,llama3.2:1b-instruct-q4_K_M,0.02,0.022604799999999994,87.5,88.951625,87.0,66.0,121.5,False,0.031,0.0,0.0,0.0,0.0,0.0,0.0,claude-opus-4.6,pass_1,4.0,100,False,1235814432,T2,T1,True
claude-opus-4.6/pass1-ge-4,llama3.2:1b-instruct-q8_0,0.01,0.026446500000000005,102.0,101.486875,101.0,78.5,121.0,False,0.0,0.0,0.0,0.0,0.0,0.0,0.0,claude-opus-4.6,pass_1,4.0,100,False,1235814432,T2,T2,False
claude-opus-4.6/pass1-ge-4,llama3.2:3b,0.15,0.05392730000000001,40.0,39.986375,39.5,22.0,61.0,False,0.00125,0.0,0.0,0.0,0.0,0.0,0.0,claude-opus-4.6,pass_1,4.0,100,False,3212749888,T4,T4,False
claude-opus-4.6/pass1-ge-4,llama3.2:3b-instruct-q4_K_M,0.12,0.053858199999999995,48.5,48.422125,48.5,29.5,66.5,False,0.001,0.0,0.0,0.0,0.0,0.0,0.0,claude-opus-4.6,pass_1,4.0,100,False,3212749888,T4,T3,True
claude-opus-4.6/pass1-ge-4,llama3.2:3b-instruct-q8_0,0.16,0.08039449999999998,36.5,37.911125,37.5,21.0,55.5,False,0.0,0.0,0.0,0.0,0.0,0.0,0.0,claude-opus-4.6,pass_1,4.0,100,False,3212749888,T4,T4,False
claude-opus-4.6/pass1-ge-4,ministral-3:3b,0.33,0.10715520000000002,10.5,12.102125,12.0,6.5,20.0,False,0.006,0.0,0.0,0.0,0.007833333333333333,0.5,0.3504232142857145,claude-opus-4.6,pass_1,4.0,100,False,3849090048,T4,T4,False
claude-opus-4.6/pass1-ge-4,nemotron-mini:4b,0.01,0.0678951,102.0,102.26275,100.0,85.0,119.0,False,0.0,0.0,0.0,0.0,0.0,0.0,0.0,claude-opus-4.6,pass_1,4.0,100,False,4190509056,T5,T5,False
claude-opus-4.6/pass1-ge-4,nemotron-mini:4b-instruct-q4_K_M,0.01,0.06775320000000001,102.0,102.26275,100.0,85.0,119.0,False,0.0,0.0,0.0,0.0,0.0,0.0,0.0,claude-opus-4.6,pass_1,4.0,100,False,4190509056,T5,T5,False
claude-opus-4.6/pass1-ge-4,nemotron-mini:4b-instruct-q8_0,0.04,0.11059119999999999,75.0,75.9515,74.5,63.5,110.5,False,0.0,0.0,0.0,0.0,0.0,0.0,0.0,claude-opus-4.6,pass_1,4.0,100,False,4190509056,T5,T5,False
claude-opus-4.6/pass1-ge-4,opencoder:1.5b,0.02,0.07436240000000001,87.5,93.489625,88.0,62.0,123.0,False,0.0,0.0,0.0,0.0,0.0,0.0,0.0,claude-opus-4.6,pass_1,4.0,100,False,1905650880,T2,T2,False
claude-opus-4.6/pass1-ge-4,phi3.5:3.8b,0.13,0.14908549999999998,45.5,47.11475,46.0,28.0,71.0,False,0.0,0.0,0.0,0.0,0.0,0.0,0.0,claude-opus-4.6,pass_1,4.0,100,False,3821079648,T4,T4,False
claude-opus-4.6/pass1-ge-4,phi3.5:3.8b-mini-instruct-q8_0,0.19,0.2185186,31.5,32.6935,31.0,18.5,56.5,False,0.0,0.0,0.0,0.0,0.0,0.0,8.333333333333333e-05,claude-opus-4.6,pass_1,4.0,100,False,3821079648,T4,T4,False
claude-opus-4.6/pass1-ge-4,phi3:3.8b,0.03,0.10969870000000002,79.5,81.116125,80.0,64.0,113.5,False,0.0,0.0,0.0,0.0,0.0,0.0,0.0,claude-opus-4.6,pass_1,4.0,100,False,3821079648,T4,T4,False
claude-opus-4.6/pass1-ge-4,phi3:3.8b-mini-128k-instruct-q8_0,0.11,0.12320129999999999,52.0,52.00525,52.0,34.5,71.5,False,0.0,0.0,0.0,0.0,0.0,0.0,0.0,claude-opus-4.6,pass_1,4.0,100,False,3821079648,T4,T4,False
claude-opus-4.6/pass1-ge-4,phi3:mini,0.05,0.10882840000000002,69.5,70.656375,69.5,58.5,89.0,False,0.0,0.0,0.0,0.0,0.0,0.0,0.0,claude-opus-4.6,pass_1,4.0,100,False,3821079648,T4,T4,False
claude-opus-4.6/pass1-ge-4,phi3:mini-128k,0.03,0.1089084,79.5,83.3295,80.0,66.5,117.5,False,0.0,0.0,0.0,0.0,0.0,0.0,0.0,claude-opus-4.6,pass_1,4.0,100,False,3821079648,T4,T4,False
claude-opus-4.6/pass1-ge-4,phi3:mini-4k,0.14,0.1537809,43.5,43.533,42.5,29.5,60.0,False,0.0,0.0,0.0,0.0,0.0,0.0,0.0,claude-opus-4.6,pass_1,4.0,100,False,3821079552,T4,T4,False
claude-opus-4.6/pass1-ge-4,phi4-mini,0.13,0.0958175,45.5,46.689125,46.0,25.5,72.5,False,0.0,0.0,0.0,0.0,0.0,0.0,0.0,claude-opus-4.6,pass_1,4.0,100,False,3836021856,T4,T4,False
claude-opus-4.6/pass1-ge-4,phi4-mini-reasoning,0.3,0.2828102,14.0,15.385375,14.0,7.0,32.0,False,0.00025,0.0,0.00025,0.0,0.006291666666666666,0.0,0.21392083333333328,claude-opus-4.6,pass_1,4.0,100,False,3836021856,T4,T4,False
claude-opus-4.6/pass1-ge-4,qwen2-math:1.5b,0.0,0.0745381,124.5,119.0185,119.5,109.5,124.5,False,0.0,0.0,0.0,0.0,0.0,0.0,0.0,claude-opus-4.6,pass_1,4.0,100,True,1543714304,T2,T2,False
claude-opus-4.6/pass1-ge-4,qwen2.5-coder:0.5b,0.0,0.025064600000000003,124.5,119.0185,119.5,109.5,124.5,False,0.0,0.0,0.0,0.0,0.0,0.0,0.0,claude-opus-4.6,pass_1,4.0,100,True,494032768,T1,T1,False
claude-opus-4.6/pass1-ge-4,qwen2.5-coder:1.5b,0.04,0.05254289999999999,75.0,76.325,74.5,64.5,109.5,False,0.0,0.0,0.0,0.0,0.0,0.0,0.0,claude-opus-4.6,pass_1,4.0,100,False,1543714304,T2,T2,False
claude-opus-4.6/pass1-ge-4,qwen2.5-coder:1.5b-instruct-q8_0,0.05,0.0742927,69.5,70.2465,70.0,58.0,84.0,False,0.0,0.0,0.0,0.0,0.0,0.0,0.0,claude-opus-4.6,pass_1,4.0,100,False,1543714304,T2,T2,False
claude-opus-4.6/pass1-ge-4,qwen2.5-coder:3b,0.18,0.094148,34.5,33.452875,32.0,20.0,53.512500000000045,False,0.0,0.0,0.0,0.0,0.0,0.0,0.0,claude-opus-4.6,pass_1,4.0,100,False,3085938688,T4,T4,False
claude-opus-4.6/pass1-ge-4,qwen2.5-coder:3b-instruct-q4_K_M,0.16,0.09297190000000001,36.5,38.9695,38.0,25.0,59.0,False,0.0,0.0,0.0,0.0,0.0,0.0,0.0,claude-opus-4.6,pass_1,4.0,100,False,3085938688,T4,T4,False
claude-opus-4.6/pass1-ge-4,qwen2.5-coder:3b-instruct-q8_0,0.21,0.15580289999999997,24.0,27.5475,26.5,15.0,46.5,False,0.0,0.0,0.0,0.0,0.0,0.0,0.0,claude-opus-4.6,pass_1,4.0,100,False,3085938688,T4,T4,False
claude-opus-4.6/pass1-ge-4,qwen2.5:0.5b,0.0,0.0324637,124.5,119.0185,119.5,109.5,124.5,False,0.0,0.0,0.0,0.0,0.0,0.0,0.0,claude-opus-4.6,pass_1,4.0,100,True,494032768,T1,T1,False
claude-opus-4.6/pass1-ge-4,qwen2.5:0.5b-instruct-q4_K_M,0.0,0.0319782,124.5,119.0185,119.5,109.5,124.5,False,0.0,0.0,0.0,0.0,0.0,0.0,0.0,claude-opus-4.6,pass_1,4.0,100,True,494032768,T1,T1,False
claude-opus-4.6/pass1-ge-4,qwen2.5:0.5b-instruct-q8_0,0.0,0.034305,124.5,119.0185,119.5,109.5,124.5,False,0.0,0.0,0.0,0.0,0.0,0.0,0.0,claude-opus-4.6,pass_1,4.0,100,True,494032768,T1,T1,False
claude-opus-4.6/pass1-ge-4,qwen2.5:1.5b,0.01,0.053494799999999995,102.0,101.137125,100.5,72.5,123.0,False,0.0,0.0,0.0,0.0,0.0,0.0,0.0,claude-opus-4.6,pass_1,4.0,100,False,1543714304,T2,T2,False
claude-opus-4.6/pass1-ge-4,qwen2.5:1.5b-instruct-q4_K_M,0.01,0.053314699999999986,102.0,100.6645,99.5,72.5,124.0,False,0.0,0.0,0.0,0.0,0.0,0.0,0.0,claude-opus-4.6,pass_1,4.0,100,False,1543714304,T2,T2,False
claude-opus-4.6/pass1-ge-4,qwen2.5:1.5b-instruct-q8_0,0.03,0.0777736,79.5,83.65925,80.5,58.5,121.5,False,0.0,0.0,0.0,0.0,0.0,0.0,0.0,claude-opus-4.6,pass_1,4.0,100,False,1543714304,T2,T2,False
claude-opus-4.6/pass1-ge-4,qwen2.5:3b,0.19,0.10877729999999998,31.5,30.311625,29.5,18.0,47.012500000000045,False,0.0,0.0,0.0,0.0,0.0,0.0,8.333333333333333e-05,claude-opus-4.6,pass_1,4.0,100,False,3085938688,T4,T4,False
claude-opus-4.6/pass1-ge-4,qwen2.5:3b-instruct-q4_K_M,0.18,0.10583500000000001,34.5,32.983875,32.5,20.0,50.0,False,0.0,0.0,0.0,0.0,0.0,0.0,8.333333333333333e-05,claude-opus-4.6,pass_1,4.0,100,False,3085938688,T4,T4,False
claude-opus-4.6/pass1-ge-4,qwen2.5:3b-instruct-q8_0,0.26,0.17272310000000002,18.0,19.67125,18.5,10.0,37.5,False,0.0,0.0,0.0,0.0,0.0,0.0,0.04122916666666666,claude-opus-4.6,pass_1,4.0,100,False,3085938688,T4,T4,False
claude-opus-4.6/pass1-ge-4,qwen2:0.5b-instruct-q8_0,0.0,0.019274100000000002,124.5,119.0185,119.5,109.5,124.5,False,0.0,0.0,0.0,0.0,0.0,0.0,0.0,claude-opus-4.6,pass_1,4.0,100,True,494032768,T1,T1,False
claude-opus-4.6/pass1-ge-4,qwen2:1.5b,0.01,0.0268809,102.0,101.486875,101.0,78.5,121.0,False,0.0,0.0,0.0,0.0,0.0,0.0,0.0,claude-opus-4.6,pass_1,4.0,100,False,1543714304,T2,T2,False
claude-opus-4.6/pass1-ge-4,qwen2:1.5b-instruct-q8_0,0.01,0.04402440000000001,102.0,102.26275,100.0,85.0,119.0,False,0.0,0.0,0.0,0.0,0.0,0.0,0.0,claude-opus-4.6,pass_1,4.0,100,False,1543714304,T2,T2,False
claude-opus-4.6/pass1-ge-4,qwen3.5:2b,0.14,0.10294600000000001,43.5,43.093875,43.0,24.0,62.012500000000045,False,0.0,0.0,0.0,0.0,0.0,0.0,0.0,claude-opus-4.6,pass_1,4.0,100,False,2274069824,T3,T2,True
claude-opus-4.6/pass1-ge-4,qwen3:0.6b,0.01,0.0153814,102.0,102.26275,100.0,85.0,119.0,False,0.0,0.0,0.0,0.0,0.0,0.0,0.0,claude-opus-4.6,pass_1,4.0,100,False,751632384,T1,T1,False
claude-opus-4.6/pass1-ge-4,qwen3:0.6b-fp16,0.03,0.0282127,79.5,83.70975,80.0,67.5,115.5,False,0.0,0.0,0.0,0.0,0.0,0.0,0.0,claude-opus-4.6,pass_1,4.0,100,False,751632384,T1,T1,False
claude-opus-4.6/pass1-ge-4,qwen3:0.6b-q8_0,0.05,0.018881900000000004,69.5,74.789625,70.0,54.5,115.5,True,0.53875,0.0,0.0,0.0,0.0,0.0,0.0,claude-opus-4.6,pass_1,4.0,100,False,751632384,T1,T1,False
claude-opus-4.6/pass1-ge-4,qwen3:1.7b,0.2,0.0365625,27.5,30.6415,28.0,13.0,59.012500000000045,True,0.846,0.0,0.0,0.0,0.0,0.0,0.006549999999999999,claude-opus-4.6,pass_1,4.0,100,False,2031739904,T3,T3,False
claude-opus-4.6/pass1-ge-4,qwen3:1.7b-fp16,0.26,0.08118539999999999,18.0,19.9575,18.0,9.5,39.012500000000045,False,0.0045,0.0,0.0,0.0,0.000925,0.0,0.04387083333333333,claude-opus-4.6,pass_1,4.0,100,False,2031739904,T3,T3,False
claude-opus-4.6/pass1-ge-4,qwen3:1.7b-q8_0,0.26,0.053398499999999995,18.0,19.55525,18.5,10.5,34.5,False,0.203,0.0,0.0,0.0,0.00013333333333333334,0.0,0.025594047619047617,claude-opus-4.6,pass_1,4.0,100,False,2031739904,T3,T3,False
claude-opus-4.6/pass1-ge-4,qwen3:4b,0.32,0.2570734,12.5,13.736625,12.5,7.0,27.0,False,0.0005,0.0,0.0,0.0,0.00225,0.0,0.31126488095238125,claude-opus-4.6,pass_1,4.0,100,False,4022468096,T5,T5,False
claude-opus-4.6/pass1-ge-4,qwen3:4b-instruct-2507-q4_K_M,0.54,0.10899769999999999,2.0,2.530625,2.0,1.0,5.5,True,0.747,0.0,0.2172083333333334,1.0,0.9732916666666668,1.0,0.9995,claude-opus-4.6,pass_1,4.0,100,False,4022468096,T5,T5,False
claude-opus-4.6/pass1-ge-4,qwen3:4b-instruct-2507-q8_0,0.56,0.1605071,1.0,2.22075,2.0,1.0,6.5,True,0.51025,1.0,0.4618958333333331,1.0,0.9479375,1.0,0.9966041666666666,claude-opus-4.6,pass_1,4.0,100,False,4022468096,T5,T5,False
claude-opus-4.6/pass1-ge-4,qwen3:4b-q8_0,0.5,0.1389434,3.0,3.61025,3.5,1.0,7.0,False,0.15125,0.0,0.0780625,1.0,0.9104416666666668,1.0,0.9994375,claude-opus-4.6,pass_1,4.0,100,False,4022468096,T5,T5,False
claude-opus-4.6/pass1-ge-4,qwen3:4b-thinking-2507-q4_K_M,0.38,0.2587354,7.5,9.321125,8.0,3.5,21.5,False,0.00625,0.0,0.003,0.0,0.1226875,1.0,0.7148874999999999,claude-opus-4.6,pass_1,4.0,100,False,4022468096,T5,T4,True
claude-opus-4.6/pass1-ge-4,qwen3:4b-thinking-2507-q8_0,0.49,0.38266600000000006,4.5,4.2115,4.0,1.0,11.0,False,0.1255,0.0,0.136875,1.0,0.7854625000000003,1.0,0.9702083333333335,claude-opus-4.6,pass_1,4.0,100,False,4022468096,T5,T4,True
claude-opus-4.6/pass1-ge-4,sailor2:1b,0.0,0.05649899999999999,124.5,119.0185,119.5,109.5,124.5,False,0.0,0.0,0.0,0.0,0.0,0.0,0.0,claude-opus-4.6,pass_1,4.0,100,True,988064640,T1,T1,False
claude-opus-4.6/pass1-ge-4,smallthinker:3b-preview-q4_K_M,0.15,0.1830502,40.0,40.00975,40.0,22.0,59.5,False,0.0,0.0,0.0,0.0,0.0,0.0,0.0,claude-opus-4.6,pass_1,4.0,100,False,3397103616,T4,T3,True
claude-opus-4.6/pass1-ge-4,smollm2:1.7b,0.01,0.05150450000000001,102.0,101.486875,101.0,78.5,121.0,False,0.0,0.0,0.0,0.0,0.0,0.0,0.0,claude-opus-4.6,pass_1,4.0,100,False,1711376384,T2,T2,False
claude-opus-4.6/pass1-ge-4,smollm2:1.7b-instruct-q8_0,0.01,0.051941799999999996,102.0,101.486875,101.0,78.5,121.0,False,0.0,0.0,0.0,0.0,0.0,0.0,0.0,claude-opus-4.6,pass_1,4.0,100,False,1711376384,T2,T2,False
claude-opus-4.6/pass1-ge-4,smollm2:135m,0.0,0.0119867,124.5,119.0185,119.5,109.5,124.5,False,0.0,0.0,0.0,0.0,0.0,0.0,0.0,claude-opus-4.6,pass_1,4.0,100,True,134515008,T1,T1,False
claude-opus-4.6/pass1-ge-4,smollm2:135m-instruct-q8_0,0.0,0.00814,124.5,119.0185,119.5,109.5,124.5,False,0.0,0.0,0.0,0.0,0.0,0.0,0.0,claude-opus-4.6,pass_1,4.0,100,True,134515008,T1,T1,False
claude-opus-4.6/pass1-ge-4,smollm2:360m,0.02,0.017338700000000002,87.5,94.321125,88.0,72.5,119.0,False,0.15375,0.0,0.0,0.0,0.0,0.0,0.0,claude-opus-4.6,pass_1,4.0,100,False,361821120,T1,T1,False
claude-opus-4.6/pass1-ge-4,smollm2:360m-instruct-q8_0,0.01,0.012322199999999998,102.0,102.26275,100.0,85.0,119.0,False,0.18475,0.0,0.0,0.0,0.0,0.0,0.0,claude-opus-4.6,pass_1,4.0,100,False,361821120,T1,T1,False
claude-opus-4.6/pass1-ge-4,smollm:1.7b,0.0,0.0749611,124.5,119.0185,119.5,109.5,124.5,False,0.0,0.0,0.0,0.0,0.0,0.0,0.0,claude-opus-4.6,pass_1,4.0,100,True,1711376384,T2,T2,False
claude-opus-4.6/pass1-ge-4,smollm:360m,0.0,0.025851599999999995,124.5,119.0185,119.5,109.5,124.5,False,0.0,0.0,0.0,0.0,0.0,0.0,0.0,claude-opus-4.6,pass_1,4.0,100,True,361821120,T1,T1,False
claude-opus-4.6/pass1-ge-4,stablelm2:1.6b,0.0,0.057245799999999986,124.5,119.0185,119.5,109.5,124.5,False,0.0,0.0,0.0,0.0,0.0,0.0,0.0,claude-opus-4.6,pass_1,4.0,100,True,1644515328,T2,T2,False
claude-opus-4.6/pass1-ge-4,stablelm2:1.6b-chat,0.0,0.0572737,124.5,119.0185,119.5,109.5,124.5,False,0.0,0.0,0.0,0.0,0.0,0.0,0.0,claude-opus-4.6,pass_1,4.0,100,True,1644515328,T2,T2,False
claude-opus-4.6/pass1-ge-4,stablelm2:1.6b-zephyr,0.01,0.0446021,102.0,102.26275,100.0,85.0,119.0,False,0.0,0.0,0.0,0.0,0.0,0.0,0.0,claude-opus-4.6,pass_1,4.0,100,False,1644515328,T2,T2,False
claude-opus-4.6/pass1-ge-4,starcoder2:3b,0.0,0.13843060000000001,124.5,119.0185,119.5,109.5,124.5,False,0.0,0.0,0.0,0.0,0.0,0.0,0.0,claude-opus-4.6,pass_1,4.0,100,True,3030371328,T4,T3,True
claude-opus-4.6/pass1-ge-4,starcoder2:3b-q6_K,0.0,0.1815079,124.5,119.0185,119.5,109.5,124.5,False,0.0,0.0,0.0,0.0,0.0,0.0,0.0,claude-opus-4.6,pass_1,4.0,100,True,3030371328,T4,T3,True
claude-opus-4.6/pass1-ge-4,starcoder2:3b-q8_0,0.0,0.2077656,124.5,119.0185,119.5,109.5,124.5,False,0.0,0.0,0.0,0.0,0.0,0.0,0.0,claude-opus-4.6,pass_1,4.0,100,True,3030371328,T4,T3,True
claude-opus-4.6/pass1-ge-4,tinyllama:1.1b,0.01,0.037376900000000005,102.0,101.486875,101.0,78.5,121.0,False,0.0,0.0,0.0,0.0,0.0,0.0,0.0,claude-opus-4.6,pass_1,4.0,100,False,1100048384,T2,T2,False
claude-opus-4.6/pass1-ge-4,tinyllama:1.1b-chat-v1-q8_0,0.0,0.06069599999999999,124.5,119.0185,119.5,109.5,124.5,False,0.0,0.0,0.0,0.0,0.0,0.0,0.0,claude-opus-4.6,pass_1,4.0,100,True,1100048384,T2,T2,False
claude-opus-4.6/pass1-ge-4,yi-coder:1.5b,0.01,0.05313199999999999,102.0,101.287125,100.5,75.5,123.0,False,0.0,0.0,0.0,0.0,0.0,0.0,0.0,claude-opus-4.6,pass_1,4.0,100,False,1476495360,T2,T2,False
gpt-5.4/mean,codegemma:2b,1.07,0.10250499999999999,134.5,133.36375,134.0,127.5,136.0,False,0.0,0.0,0.0,0.0,0.0,0.0,0.0,gpt-5.4,mean_score,,100,False,2506172416,T3,T2,True
gpt-5.4/mean,codegemma:2b-code-q6_K,1.25,0.0531285,123.0,121.271125,123.0,102.5,132.5,False,0.0,0.0,0.0,0.0,0.0,0.0,0.0,gpt-5.4,mean_score,,100,False,2506172416,T3,T2,True
gpt-5.4/mean,cogito:3b,2.3,0.0465268,50.5,47.294875,48.0,28.0,62.5,False,0.06175,0.0,0.0,0.0,0.0,0.0,0.0,gpt-5.4,mean_score,,100,False,3606752320,T4,T3,True
gpt-5.4/mean,cogito:3b-v1-preview-llama-q8_0,2.32,0.0701172,48.0,45.286375,46.0,25.5,61.5,False,0.0,0.0,0.0,0.0,0.0,0.0,0.0,gpt-5.4,mean_score,,100,False,3606752320,T4,T3,True
gpt-5.4/mean,deepseek-coder:1.3b,1.36,0.0654276,113.5,113.34275,113.5,103.0,122.0,False,0.0,0.0,0.0,0.0,0.0,0.0,0.0,gpt-5.4,mean_score,,100,False,1346471936,T2,T2,False
gpt-5.4/mean,deepseek-coder:1.3b-instruct-q8_0,1.37,0.097566,112.0,113.36025,113.0,100.0,125.5,False,0.0,0.0,0.0,0.0,0.0,0.0,0.0,gpt-5.4,mean_score,,100,False,1346471936,T2,T2,False
gpt-5.4/mean,falcon3:1b,1.51,0.09954219999999997,105.5,103.150125,103.5,88.0,115.0,False,0.0,0.0,0.0,0.0,0.0,0.0,0.0,gpt-5.4,mean_score,,100,False,1669408768,T2,T2,False
gpt-5.4/mean,falcon3:1b-instruct-q8_0,1.52,0.09960649999999997,104.0,102.256,103.0,88.0,115.0,False,0.0,0.0,0.0,0.0,0.0,0.0,0.0,gpt-5.4,mean_score,,100,False,1669408768,T2,T2,False
gpt-5.4/mean,falcon3:3b,2.01,0.0586016,68.0,68.872625,68.5,56.5,83.0,False,0.0,0.0,0.0,0.0,0.0,0.0,0.0,gpt-5.4,mean_score,,100,False,3227655168,T4,T4,False
gpt-5.4/mean,falcon3:3b-instruct-q4_K_M,2.0,0.058018900000000005,69.5,69.47875,69.0,56.0,84.5,False,0.0,0.0,0.0,0.0,0.0,0.0,0.0,gpt-5.4,mean_score,,100,False,3227655168,T4,T4,False
gpt-5.4/mean,falcon3:3b-instruct-q8_0,2.2,0.09732470000000001,59.0,56.485,57.0,34.5,74.0,False,0.0,0.0,0.0,0.0,0.0,0.0,0.0,gpt-5.4,mean_score,,100,False,3227655168,T4,T4,False
gpt-5.4/mean,gemma2:2b,2.37,0.06473620000000001,42.0,40.0715,40.5,15.5,64.0,False,0.0,0.0,0.0,0.0,0.0,0.0,0.004291666666666665,gpt-5.4,mean_score,,100,False,2614341888,T3,T3,False
gpt-5.4/mean,gemma2:2b-instruct-q4_K_M,2.52,0.06000190000000001,23.5,25.219125,24.5,12.0,42.0,False,0.0,0.0,0.0,0.0,0.0,0.0,0.0091875,gpt-5.4,mean_score,,100,False,2614341888,T3,T2,True
gpt-5.4/mean,gemma2:2b-instruct-q8_0,2.42,0.0859835,34.5,34.82725,34.5,15.0,58.0,False,0.0,0.0,0.0,0.0,0.0,0.0,0.002,gpt-5.4,mean_score,,100,False,2614341888,T3,T3,False
gpt-5.4/mean,gemma3:1b,1.86,0.0230552,75.5,76.908125,77.0,62.5,90.5,False,0.056,0.0,0.0,0.0,0.0,0.0,0.0,gpt-5.4,mean_score,,100,False,999885952,T1,T1,False
gpt-5.4/mean,gemma3:1b-it-q8_0,1.79,0.023906599999999997,79.5,82.2405,82.0,68.5,98.0,False,0.00925,0.0,0.0,0.0,0.0,0.0,0.0,gpt-5.4,mean_score,,100,False,999885952,T1,T1,False
gpt-5.4/mean,gemma3:1b-it-qat,1.99,0.020576200000000003,71.0,68.760125,69.5,46.5,85.0,False,0.46125,0.0,0.0,0.0,0.0,0.0,0.0,gpt-5.4,mean_score,,100,False,999885952,T1,T1,False
gpt-5.4/mean,gemma3:270m,1.32,0.0052651,117.0,117.046,116.5,105.5,129.0,True,0.9935,0.0,0.0,0.0,0.0,0.0,0.0,gpt-5.4,mean_score,,100,False,268098176,T1,T1,False
gpt-5.4/mean,gemma3:270m-it-qat,1.27,0.007723500000000001,120.0,120.366,120.5,113.0,127.5,False,0.155,0.0,0.0,0.0,0.0,0.0,0.0,gpt-5.4,mean_score,,100,False,268098176,T1,T1,False
gpt-5.4/mean,gemma3:4b,2.92,0.0641429,7.0,8.0285,8.0,5.0,13.5,False,0.024,0.0,0.0,0.0,0.04372916666666668,1.0,0.9001875,gpt-5.4,mean_score,,100,False,4299915632,T5,T5,False
gpt-5.4/mean,gemma3:4b-it-q4_K_M,2.86,0.06425800000000001,8.0,10.281375,10.0,7.0,18.0,False,0.00425,0.0,0.0,0.0,0.0030625,1.0,0.6447708333333331,gpt-5.4,mean_score,,100,False,4299915632,T5,T5,False
gpt-5.4/mean,gemma3:4b-it-q8_0,2.81,0.08659489999999997,10.0,12.750875,11.0,6.0,33.0,False,0.00225,0.0,0.0,0.0,0.0185625,1.0,0.430125,gpt-5.4,mean_score,,100,False,4299915632,T5,T5,False
gpt-5.4/mean,gemma3:4b-it-qat,2.69,0.07702389999999999,15.0,18.088125,15.0,8.0,45.0,False,0.0,0.0,0.0,0.0,0.001125,0.0,0.12804166666666666,gpt-5.4,mean_score,,100,False,4300079472,T5,T5,False
gpt-5.4/mean,gemma3n:e2b,2.7,0.0648302,14.0,17.16775,14.5,7.0,43.012500000000045,False,0.0,0.0,0.0,0.0,0.0,0.0,0.1973333333333333,gpt-5.4,mean_score,,100,False,4456156768,T5,T5,False
gpt-5.4/mean,gemma4:e2b-it-qat,3.14,0.0504522,5.0,4.646875,5.0,2.0,8.0,True,0.994,0.0,0.014208333333333331,1.0,0.8142083333333335,1.0,0.994875,gpt-5.4,mean_score,,100,False,4628569635,T5,T5,False
gpt-5.4/mean,gemma:2b,1.72,0.048510500000000005,89.0,87.1285,87.5,69.0,107.0,False,0.0,0.0,0.0,0.0,0.0,0.0,0.0,gpt-5.4,mean_score,,100,False,2506434560,T3,T3,False
gpt-5.4/mean,gemma:2b-instruct-q4_K_M,1.75,0.04429810000000001,85.0,84.76575,85.5,61.5,104.5,False,0.0005,0.0,0.0,0.0,0.0,0.0,0.0,gpt-5.4,mean_score,,100,False,2506434560,T3,T2,True
gpt-5.4/mean,gemma:2b-instruct-q8_0,1.7,0.06085420000000001,90.0,88.52625,89.0,68.5,107.5,False,0.0,0.0,0.0,0.0,0.0,0.0,0.0,gpt-5.4,mean_score,,100,False,2506434560,T3,T3,False
gpt-5.4/mean,granite3.1-dense:2b,2.34,0.08316719999999998,44.5,42.974375,43.5,20.0,63.5,False,0.0,0.0,0.0,0.0,0.0,0.0,0.000125,gpt-5.4,mean_score,,100,False,2533531648,T3,T3,False
gpt-5.4/mean,granite3.1-dense:2b-instruct-q8_0,2.47,0.1141953,27.5,29.80475,29.5,14.5,47.012500000000045,False,0.0,0.0,0.0,0.0,0.0,0.0,0.001875,gpt-5.4,mean_score,,100,False,2533531648,T3,T3,False
gpt-5.4/mean,granite3.1-moe:3b,1.78,0.0334147,82.0,82.921375,82.0,70.0,100.0,False,0.0,0.0,0.0,0.0,0.0,0.0,0.0,gpt-5.4,mean_score,,100,False,3298793472,T4,T4,False
gpt-5.4/mean,granite3.2:2b,2.41,0.1216954,37.0,35.85925,36.0,16.5,56.012500000000045,False,0.0,0.0,0.0,0.0,0.0,0.0,0.0,gpt-5.4,mean_score,,100,False,2533531648,T3,T3,False
gpt-5.4/mean,granite3.2:2b-instruct-q4_K_M,2.42,0.1221751,34.5,34.78425,34.5,16.5,54.5,False,0.0,0.0,0.0,0.0,0.0,0.0,0.00025,gpt-5.4,mean_score,,100,False,2533531648,T3,T3,False
gpt-5.4/mean,granite3.3:2b,2.39,0.0769426,40.0,38.6205,38.5,21.0,58.0,False,0.0,0.0,0.0,0.0,0.0,0.0,0.0,gpt-5.4,mean_score,,100,False,2533539840,T3,T3,False
gpt-5.4/mean,granite4.1:3b,2.85,0.074758,9.0,10.4765,10.0,5.0,20.0,False,0.03375,0.0,0.0,0.0,0.05566666666666667,1.0,0.5568124999999999,gpt-5.4,mean_score,,100,False,3402836480,T4,T3,True
gpt-5.4/mean,granite4:1b-h,2.21,0.028435600000000005,57.5,54.827125,56.5,30.0,71.5,True,0.731,0.0,0.0,0.0,0.0,0.0,0.0,gpt-5.4,mean_score,,100,False,1461538368,T2,T2,False
gpt-5.4/mean,granite4:350m,1.5,0.012930599999999999,107.0,103.554875,104.5,90.0,114.0,False,0.09475,0.0,0.0,0.0,0.0,0.0,0.0,gpt-5.4,mean_score,,100,False,352379904,T1,T1,False
gpt-5.4/mean,granite4:350m-bf16,1.51,0.012712099999999999,105.5,102.601625,103.5,89.0,112.5,False,0.2095,0.0,0.0,0.0,0.0,0.0,0.0,gpt-5.4,mean_score,,100,False,352379904,T1,T1,False
gpt-5.4/mean,granite4:350m-h,1.62,0.0080541,94.0,94.459625,95.0,75.98750000000001,111.0,True,0.977,0.0,0.0,0.0,0.0,0.0,0.0,gpt-5.4,mean_score,,100,False,340332224,T1,T1,False
gpt-5.4/mean,granite4:micro,2.64,0.0798973,16.0,17.795125,17.0,9.5,29.5,False,0.0,0.0,0.0,0.0,0.0,0.0,0.048666666666666664,gpt-5.4,mean_score,,100,False,3402836480,T4,T4,False
gpt-5.4/mean,granite4:micro-h,2.99,0.0651603,6.0,6.7035,6.0,3.0,11.512500000000045,False,0.1775,0.0,0.00075,0.0,0.21716666666666667,1.0,0.9489375,gpt-5.4,mean_score,,100,False,3191396096,T4,T4,False
gpt-5.4/mean,hf.co/LiquidAI/LFM2-1.2B-GGUF:Q4_K_M,1.78,0.0186997,82.0,82.8915,82.0,71.0,99.5,True,0.2625,0.0,0.0,0.0,0.0,0.0,0.0,gpt-5.4,mean_score,,100,False,1170340608,T2,T2,False
gpt-5.4/mean,hf.co/LiquidAI/LFM2-1.2B-GGUF:Q8_0,1.92,0.030554,73.0,73.788375,73.0,64.0,87.0,False,0.03875,0.0,0.0,0.0,0.0,0.0,0.0,gpt-5.4,mean_score,,100,False,1170340608,T2,T2,False
gpt-5.4/mean,hf.co/LiquidAI/LFM2-350M-GGUF:Q4_K_M,1.23,0.011277400000000002,125.0,123.221125,124.0,115.0,130.0,False,0.0,0.0,0.0,0.0,0.0,0.0,0.0,gpt-5.4,mean_score,,100,False,354483968,T1,T1,False
gpt-5.4/mean,hf.co/LiquidAI/LFM2-700M-GGUF:Q4_K_M,1.29,0.0220955,119.0,118.567125,119.0,108.5,127.0,False,0.0,0.0,0.0,0.0,0.0,0.0,0.0,gpt-5.4,mean_score,,100,False,742489344,T1,T1,False
gpt-5.4/mean,hf.co/NousResearch/Hermes-3-Llama-3.2-3B-GGUF:Q4_K_M,1.98,0.0769492,72.0,69.828125,70.0,57.0,80.5,False,0.0,0.0,0.0,0.0,0.0,0.0,0.0,gpt-5.4,mean_score,,100,False,3212749888,T4,T3,True
gpt-5.4/mean,hf.co/NousResearch/Hermes-3-Llama-3.2-3B-GGUF:Q8_0,2.12,0.0991791,63.5,62.35075,63.0,48.5,74.5,False,0.0,0.0,0.0,0.0,0.0,0.0,0.0,gpt-5.4,mean_score,,100,False,3212749888,T4,T3,True
gpt-5.4/mean,hf.co/Qwen/Qwen2.5-1.5B-Instruct-GGUF:Q4_K_M,2.0,0.038428699999999996,69.5,68.31375,70.0,42.0,84.5,False,0.0205,0.0,0.0,0.0,0.0,0.0,0.0,gpt-5.4,mean_score,,100,False,1777088000,T2,T2,False
gpt-5.4/mean,hf.co/Qwen/Qwen2.5-3B-Instruct-GGUF:Q4_K_M,2.49,0.09588630000000001,26.0,29.34525,28.0,17.0,48.5,False,0.0,0.0,0.0,0.0,0.0,0.0,0.0,gpt-5.4,mean_score,,100,False,3397103616,T4,T4,False
gpt-5.4/mean,hf.co/Qwen/Qwen3-4B-GGUF:Q4_K_M,2.76,0.2571047,12.0,13.03075,13.0,6.0,23.5,False,0.00025,0.0,0.00025,0.0,0.008583333333333333,0.0,0.3131666666666667,gpt-5.4,mean_score,,100,False,4022468096,T5,T5,False
gpt-5.4/mean,hf.co/allenai/OLMo-2-0425-1B-Instruct-GGUF:Q4_K_M,1.61,0.061812700000000005,95.0,95.854625,95.5,85.0,107.5,False,0.0,0.0,0.0,0.0,0.0,0.0,0.0,gpt-5.4,mean_score,,100,False,1484916736,T2,T1,True
gpt-5.4/mean,hf.co/bartowski/Llama-3.2-3B-Instruct-GGUF:IQ4_XS,2.31,0.06516,49.0,46.54825,47.0,28.0,62.5,False,0.0,0.0,0.0,0.0,0.0,0.0,0.0,gpt-5.4,mean_score,,100,False,3212749888,T4,T3,True
gpt-5.4/mean,hf.co/bartowski/Llama-3.2-3B-Instruct-GGUF:Q3_K_L,2.12,0.06620140000000001,63.5,62.215625,62.5,50.0,73.5,False,0.0,0.0,0.0,0.0,0.0,0.0,0.0,gpt-5.4,mean_score,,100,False,3212749888,T4,T3,True
gpt-5.4/mean,hf.co/bartowski/Llama-3.2-3B-Instruct-GGUF:Q5_K_M,2.44,0.07428490000000001,30.5,32.556875,32.5,18.5,47.0,False,0.0,0.0,0.0,0.0,0.0,0.0,0.000375,gpt-5.4,mean_score,,100,False,3212749888,T4,T3,True
gpt-5.4/mean,hf.co/bartowski/Llama-3.2-3B-Instruct-GGUF:Q6_K,2.33,0.0734838,46.5,45.09575,45.0,32.5,57.0,False,0.0,0.0,0.0,0.0,0.0,0.0,0.0,gpt-5.4,mean_score,,100,False,3212749888,T4,T3,True
gpt-5.4/mean,hf.co/ggml-org/SmolLM3-3B-GGUF:Q4_K_M,2.15,0.110296,61.0,59.37175,60.5,40.5,71.0,False,0.0,0.0,0.0,0.0,0.0,0.0,0.0,gpt-5.4,mean_score,,100,False,3075098624,T4,T3,True
gpt-5.4/mean,hf.co/ggml-org/SmolLM3-3B-GGUF:Q8_0,2.22,0.13829260000000002,56.0,54.32775,55.5,34.487500000000004,69.0,False,0.0,0.0,0.0,0.0,0.0,0.0,0.0,gpt-5.4,mean_score,,100,False,3075098624,T4,T3,True
gpt-5.4/mean,hf.co/openbmb/MiniCPM3-4B-GGUF:Q4_K_M,2.3,0.0784251,50.5,47.884875,48.5,29.0,63.5,False,0.0,0.0,0.0,0.0,0.0,0.0,0.0,gpt-5.4,mean_score,,100,False,4073876000,T5,T4,True
gpt-5.4/mean,hf.co/tiiuae/Falcon-H1-0.5B-Instruct-GGUF:Q4_K_M,1.54,0.034294200000000004,100.5,101.341125,101.5,86.5,116.0,False,0.0,0.0,0.0,0.0,0.0,0.0,0.0,gpt-5.4,mean_score,,100,False,521411104,T1,T1,False
gpt-5.4/mean,hf.co/tiiuae/Falcon-H1-1.5B-Deep-Instruct-GGUF:IQ4_XS,2.26,0.1053772,53.0,50.649375,52.0,29.0,66.0,False,0.0,0.0,0.0,0.0,0.0,0.0,0.00025,gpt-5.4,mean_score,,100,False,1554874768,T2,T2,False
gpt-5.4/mean,hf.co/tiiuae/Falcon-H1-1.5B-Deep-Instruct-GGUF:Q4_K_M,2.25,0.09332829999999999,54.5,51.390625,53.0,27.0,68.0,False,0.0,0.0,0.0,0.0,0.0,0.0,0.000375,gpt-5.4,mean_score,,100,False,1554874768,T2,T2,False
gpt-5.4/mean,hf.co/tiiuae/Falcon-H1-3B-Instruct-GGUF:Q4_K_M,2.8,0.12489019999999998,11.0,11.783375,11.0,6.0,21.0,False,0.0,0.0,0.0,0.0,0.003,0.0,0.404625,gpt-5.4,mean_score,,100,False,3149392384,T4,T3,True
gpt-5.4/mean,hf.co/unsloth/Llama-3.2-1B-Instruct-GGUF:Q4_K_M,1.56,0.0180221,99.0,99.612375,100.0,84.5,112.5,False,0.02575,0.0,0.0,0.0,0.0,0.0,0.0,gpt-5.4,mean_score,,100,False,1235814432,T2,T2,False
gpt-5.4/mean,hf.co/unsloth/Phi-4-mini-instruct-GGUF:Q4_K_M,2.44,0.10440899999999999,30.5,32.686375,32.0,15.0,54.0,False,0.0,0.0,0.0,0.0,0.0,0.0,0.00075,gpt-5.4,mean_score,,100,False,3836021856,T4,T4,False
gpt-5.4/mean,hf.co/unsloth/Qwen3-4B-GGUF:Q4_K_M,3.3,0.09334010000000001,2.0,2.47925,2.0,1.0,5.0,True,0.84075,0.0,0.27191666666666664,1.0,0.9910416666666667,1.0,1.0,gpt-5.4,mean_score,,100,False,4022468096,T5,T5,False
gpt-5.4/mean,internlm2:1.8b,1.53,0.030893100000000003,102.5,101.873125,102.0,91.0,112.5,False,0.0,0.0,0.0,0.0,0.0,0.0,0.0,gpt-5.4,mean_score,,100,False,1889110016,T2,T2,False
gpt-5.4/mean,llama3.2:1b,1.57,0.0269072,98.0,98.634875,99.0,85.5,111.0,False,0.0,0.0,0.0,0.0,0.0,0.0,0.0,gpt-5.4,mean_score,,100,False,1235814432,T2,T2,False
gpt-5.4/mean,llama3.2:1b-instruct-q4_K_M,1.46,0.022604799999999994,109.0,107.002875,107.0,95.5,118.0,False,0.0,0.0,0.0,0.0,0.0,0.0,0.0,gpt-5.4,mean_score,,100,False,1235814432,T2,T1,True
gpt-5.4/mean,llama3.2:1b-instruct-q8_0,1.58,0.026446500000000005,97.0,97.727125,98.0,86.0,109.0,False,0.0,0.0,0.0,0.0,0.0,0.0,0.0,gpt-5.4,mean_score,,100,False,1235814432,T2,T2,False
gpt-5.4/mean,llama3.2:3b,2.47,0.05392730000000001,27.5,29.472,28.5,14.0,48.5,False,0.00325,0.0,0.0,0.0,0.0,0.0,0.0036666666666666666,gpt-5.4,mean_score,,100,False,3212749888,T4,T4,False
gpt-5.4/mean,llama3.2:3b-instruct-q4_K_M,2.34,0.053858199999999995,44.5,43.20775,44.0,24.5,59.0,False,0.00075,0.0,0.0,0.0,0.0,0.0,0.0,gpt-5.4,mean_score,,100,False,3212749888,T4,T3,True
gpt-5.4/mean,llama3.2:3b-instruct-q8_0,2.42,0.08039449999999998,34.5,35.198875,35.5,16.0,53.5,False,0.0,0.0,0.0,0.0,0.0,0.0,0.00025,gpt-5.4,mean_score,,100,False,3212749888,T4,T4,False
gpt-5.4/mean,ministral-3:3b,2.56,0.10715520000000002,20.5,24.283625,22.0,12.5,48.0,False,0.0,0.0,0.0,0.0,0.0,0.0,0.007729166666666666,gpt-5.4,mean_score,,100,False,3849090048,T4,T4,False
gpt-5.4/mean,nemotron-mini:4b,1.63,0.0678951,93.0,94.0665,94.0,79.5,108.0,False,0.0,0.0,0.0,0.0,0.0,0.0,0.0,gpt-5.4,mean_score,,100,False,4190509056,T5,T5,False
gpt-5.4/mean,nemotron-mini:4b-instruct-q4_K_M,1.66,0.06775320000000001,92.0,91.3915,91.5,77.0,105.0,False,0.0,0.0,0.0,0.0,0.0,0.0,0.0,gpt-5.4,mean_score,,100,False,4190509056,T5,T5,False
gpt-5.4/mean,nemotron-mini:4b-instruct-q8_0,1.68,0.11059119999999999,91.0,90.49125,90.0,80.5,102.0,False,0.0,0.0,0.0,0.0,0.0,0.0,0.0,gpt-5.4,mean_score,,100,False,4190509056,T5,T5,False
gpt-5.4/mean,opencoder:1.5b,1.48,0.07436240000000001,108.0,105.679,106.5,88.0,121.5,False,0.0,0.0,0.0,0.0,0.0,0.0,0.0,gpt-5.4,mean_score,,100,False,1905650880,T2,T2,False
gpt-5.4/mean,phi3.5:3.8b,2.4,0.14908549999999998,38.5,37.1505,37.0,19.0,58.0,False,0.0,0.0,0.0,0.0,0.0,0.0,0.0,gpt-5.4,mean_score,,100,False,3821079648,T4,T4,False
gpt-5.4/mean,phi3.5:3.8b-mini-instruct-q8_0,2.44,0.2185186,30.5,34.430125,33.0,18.5,55.0,False,0.0,0.0,0.0,0.0,0.0,0.0,0.0,gpt-5.4,mean_score,,100,False,3821079648,T4,T4,False
gpt-5.4/mean,phi3:3.8b,2.11,0.10969870000000002,65.0,63.693375,64.0,53.0,73.5,False,0.0,0.0,0.0,0.0,0.0,0.0,0.0,gpt-5.4,mean_score,,100,False,3821079648,T4,T4,False
gpt-5.4/mean,phi3:3.8b-mini-128k-instruct-q8_0,2.25,0.12320129999999999,54.5,52.0165,53.0,30.0,69.0,False,0.0,0.0,0.0,0.0,0.0,0.0,0.0,gpt-5.4,mean_score,,100,False,3821079648,T4,T4,False
gpt-5.4/mean,phi3:mini,2.17,0.10882840000000002,60.0,58.72425,59.0,46.5,69.0,False,0.0,0.0,0.0,0.0,0.0,0.0,0.0,gpt-5.4,mean_score,,100,False,3821079648,T4,T4,False
gpt-5.4/mean,phi3:mini-128k,2.14,0.1089084,62.0,61.11725,61.5,50.5,69.5,False,0.0,0.0,0.0,0.0,0.0,0.0,0.0,gpt-5.4,mean_score,,100,False,3821079648,T4,T4,False
gpt-5.4/mean,phi3:mini-4k,2.21,0.1537809,57.5,55.4735,56.0,39.0,68.0,False,0.0,0.0,0.0,0.0,0.0,0.0,0.0,gpt-5.4,mean_score,,100,False,3821079552,T4,T4,False
gpt-5.4/mean,phi4-mini,2.38,0.0958175,41.0,39.133125,39.5,20.0,57.0,False,0.0,0.0,0.0,0.0,0.0,0.0,0.0,gpt-5.4,mean_score,,100,False,3836021856,T4,T4,False
gpt-5.4/mean,phi4-mini-reasoning,2.29,0.2828102,52.0,47.5005,49.0,21.0,69.0,False,0.0,0.0,0.0,0.0,0.0,0.0,0.000125,gpt-5.4,mean_score,,100,False,3836021856,T4,T4,False
gpt-5.4/mean,qwen2-math:1.5b,1.21,0.0745381,126.0,124.98175,125.5,116.5,131.0,False,0.0,0.0,0.0,0.0,0.0,0.0,0.0,gpt-5.4,mean_score,,100,False,1543714304,T2,T2,False
gpt-5.4/mean,qwen2.5-coder:0.5b,1.53,0.025064600000000003,102.5,101.375,102.0,86.5,113.0,False,0.00125,0.0,0.0,0.0,0.0,0.0,0.0,gpt-5.4,mean_score,,100,False,494032768,T1,T1,False
gpt-5.4/mean,qwen2.5-coder:1.5b,1.88,0.05254289999999999,74.0,75.956375,75.5,67.0,86.0,False,0.0,0.0,0.0,0.0,0.0,0.0,0.0,gpt-5.4,mean_score,,100,False,1543714304,T2,T2,False
gpt-5.4/mean,qwen2.5-coder:1.5b-instruct-q8_0,1.77,0.0742927,84.0,83.543,83.0,74.0,97.0,False,0.0,0.0,0.0,0.0,0.0,0.0,0.0,gpt-5.4,mean_score,,100,False,1543714304,T2,T2,False
gpt-5.4/mean,qwen2.5-coder:3b,2.33,0.094148,46.5,45.07075,45.5,27.0,63.5,False,0.0,0.0,0.0,0.0,0.0,0.0,0.0,gpt-5.4,mean_score,,100,False,3085938688,T4,T4,False
gpt-5.4/mean,qwen2.5-coder:3b-instruct-q4_K_M,2.42,0.09297190000000001,34.5,35.85425,35.0,20.5,55.0,False,0.0,0.0,0.0,0.0,0.0,0.0,0.0,gpt-5.4,mean_score,,100,False,3085938688,T4,T4,False
gpt-5.4/mean,qwen2.5-coder:3b-instruct-q8_0,2.59,0.15580289999999997,18.5,22.189375,20.0,13.987500000000004,41.0,False,0.0,0.0,0.0,0.0,0.0,0.0,0.0012916666666666664,gpt-5.4,mean_score,,100,False,3085938688,T4,T4,False
gpt-5.4/mean,qwen2.5:0.5b,1.18,0.0324637,128.0,126.657375,127.0,119.5,131.0,False,0.0,0.0,0.0,0.0,0.0,0.0,0.0,gpt-5.4,mean_score,,100,False,494032768,T1,T1,False
gpt-5.4/mean,qwen2.5:0.5b-instruct-q4_K_M,1.17,0.0319782,129.5,127.47425,128.0,120.5,132.0,False,0.0,0.0,0.0,0.0,0.0,0.0,0.0,gpt-5.4,mean_score,,100,False,494032768,T1,T1,False
gpt-5.4/mean,qwen2.5:0.5b-instruct-q8_0,1.25,0.034305,123.0,121.532125,122.0,111.0,128.0,False,0.0,0.0,0.0,0.0,0.0,0.0,0.0,gpt-5.4,mean_score,,100,False,494032768,T1,T1,False
gpt-5.4/mean,qwen2.5:1.5b,1.74,0.053494799999999995,86.5,85.581625,86.0,74.5,95.51250000000005,False,0.0,0.0,0.0,0.0,0.0,0.0,0.0,gpt-5.4,mean_score,,100,False,1543714304,T2,T2,False
gpt-5.4/mean,qwen2.5:1.5b-instruct-q4_K_M,1.78,0.053314699999999986,82.0,82.07,82.0,71.0,93.0,False,0.0,0.0,0.0,0.0,0.0,0.0,0.0,gpt-5.4,mean_score,,100,False,1543714304,T2,T2,False
gpt-5.4/mean,qwen2.5:1.5b-instruct-q8_0,1.86,0.0777736,75.5,77.050625,76.5,67.0,89.0,False,0.0,0.0,0.0,0.0,0.0,0.0,0.0,gpt-5.4,mean_score,,100,False,1543714304,T2,T2,False
gpt-5.4/mean,qwen2.5:3b,2.4,0.10877729999999998,38.5,37.36425,37.0,22.0,54.0,False,0.0,0.0,0.0,0.0,0.0,0.0,0.0,gpt-5.4,mean_score,,100,False,3085938688,T4,T4,False
gpt-5.4/mean,qwen2.5:3b-instruct-q4_K_M,2.44,0.10583500000000001,30.5,32.961125,32.0,17.0,51.0,False,0.0,0.0,0.0,0.0,0.0,0.0,0.00025,gpt-5.4,mean_score,,100,False,3085938688,T4,T4,False
gpt-5.4/mean,qwen2.5:3b-instruct-q8_0,2.52,0.17272310000000002,23.5,26.252875,25.0,15.0,43.0,False,0.0,0.0,0.0,0.0,0.0,0.0,8.333333333333333e-05,gpt-5.4,mean_score,,100,False,3085938688,T4,T4,False
gpt-5.4/mean,qwen2:0.5b-instruct-q8_0,1.3,0.019274100000000002,118.0,117.71275,118.0,109.0,125.0,False,0.0,0.0,0.0,0.0,0.0,0.0,0.0,gpt-5.4,mean_score,,100,False,494032768,T1,T1,False
gpt-5.4/mean,qwen2:1.5b,1.59,0.0268809,96.0,96.908625,97.0,84.5,108.0,False,0.0,0.0,0.0,0.0,0.0,0.0,0.0,gpt-5.4,mean_score,,100,False,1543714304,T2,T2,False
gpt-5.4/mean,qwen2:1.5b-instruct-q8_0,1.73,0.04402440000000001,88.0,86.40575,86.0,74.0,100.0,False,0.0,0.0,0.0,0.0,0.0,0.0,0.0,gpt-5.4,mean_score,,100,False,1543714304,T2,T2,False
gpt-5.4/mean,qwen3.5:2b,2.05,0.10294600000000001,66.0,66.184875,67.0,48.5,80.5,False,0.0,0.0,0.0,0.0,0.0,0.0,0.0,gpt-5.4,mean_score,,100,False,2274069824,T3,T2,True
gpt-5.4/mean,qwen3:0.6b,1.74,0.0153814,86.5,85.512375,85.5,73.0,98.5,True,0.7365,0.0,0.0,0.0,0.0,0.0,0.0,gpt-5.4,mean_score,,100,False,751632384,T1,T1,False
gpt-5.4/mean,qwen3:0.6b-fp16,1.83,0.0282127,77.0,79.34225,78.5,66.5,96.0,False,0.0,0.0,0.0,0.0,0.0,0.0,0.0,gpt-5.4,mean_score,,100,False,751632384,T1,T1,False
gpt-5.4/mean,qwen3:0.6b-q8_0,2.04,0.018881900000000004,67.0,66.593125,67.0,51.987500000000004,78.5,True,0.90725,0.0,0.0,0.0,0.0,0.0,0.0,gpt-5.4,mean_score,,100,False,751632384,T1,T1,False
gpt-5.4/mean,qwen3:1.7b,2.56,0.0365625,20.5,25.62375,22.0,10.0,57.5,True,0.96725,0.0,0.0,0.0,0.0016666666666666666,0.0,0.03216666666666667,gpt-5.4,mean_score,,100,False,2031739904,T3,T3,False
gpt-5.4/mean,qwen3:1.7b-fp16,2.72,0.08118539999999999,13.0,16.676125,13.5,6.5,46.5,False,0.0025,0.0,0.0,0.0,0.008083333333333333,0.0,0.22572916666666668,gpt-5.4,mean_score,,100,False,2031739904,T3,T3,False
gpt-5.4/mean,qwen3:1.7b-q8_0,2.63,0.053398499999999995,17.0,22.189125,18.0,9.5,54.5,False,0.17,0.0,0.0,0.0,0.0,0.0,0.04631249999999999,gpt-5.4,mean_score,,100,False,2031739904,T3,T3,False
gpt-5.4/mean,qwen3:4b,2.51,0.2570734,25.0,28.42425,26.0,12.0,54.012500000000045,False,0.0,0.0,0.0,0.0,0.0,0.0,0.013833333333333335,gpt-5.4,mean_score,,100,False,4022468096,T5,T5,False
gpt-5.4/mean,qwen3:4b-instruct-2507-q4_K_M,3.16,0.10899769999999999,4.0,4.486,4.0,2.0,9.0,False,0.1765,0.0,0.0005,1.0,0.8496458333333334,1.0,0.98925,gpt-5.4,mean_score,,100,False,4022468096,T5,T5,False
gpt-5.4/mean,qwen3:4b-instruct-2507-q8_0,3.42,0.1605071,1.0,1.72725,1.0,1.0,5.0,True,0.62,1.0,0.6294166666666667,1.0,0.9867083333333334,1.0,0.99975,gpt-5.4,mean_score,,100,False,4022468096,T5,T5,False
gpt-5.4/mean,qwen3:4b-q8_0,3.28,0.1389434,3.0,2.590625,2.5,1.0,4.0,False,0.3245,0.0,0.08295833333333333,1.0,0.99725,1.0,1.0,gpt-5.4,mean_score,,100,False,4022468096,T5,T5,False
gpt-5.4/mean,qwen3:4b-thinking-2507-q4_K_M,2.54,0.2587354,22.0,25.486,23.5,11.0,48.0,False,0.0,0.0,0.0,0.0,0.0,0.0,0.021958333333333333,gpt-5.4,mean_score,,100,False,4022468096,T5,T4,True
gpt-5.4/mean,qwen3:4b-thinking-2507-q8_0,2.59,0.38266600000000006,18.5,21.6185,20.0,8.0,43.5,False,0.0,0.0,0.0,0.0,0.0005,0.0,0.07,gpt-5.4,mean_score,,100,False,4022468096,T5,T4,True
gpt-5.4/mean,sailor2:1b,1.17,0.05649899999999999,129.5,128.0185,128.0,122.5,133.0,False,0.0,0.0,0.0,0.0,0.0,0.0,0.0,gpt-5.4,mean_score,,100,False,988064640,T1,T1,False
gpt-5.4/mean,smallthinker:3b-preview-q4_K_M,2.35,0.1830502,43.0,41.93275,42.5,18.487500000000004,64.5,False,0.0,0.0,0.0,0.0,0.0,0.0,0.0005833333333333333,gpt-5.4,mean_score,,100,False,3397103616,T4,T3,True
gpt-5.4/mean,smollm2:1.7b,1.79,0.05150450000000001,79.5,82.11625,82.0,72.5,93.0,False,0.0,0.0,0.0,0.0,0.0,0.0,0.0,gpt-5.4,mean_score,,100,False,1711376384,T2,T2,False
gpt-5.4/mean,smollm2:1.7b-instruct-q8_0,1.81,0.051941799999999996,78.0,80.238,80.0,71.0,91.01250000000005,False,0.0,0.0,0.0,0.0,0.0,0.0,0.0,gpt-5.4,mean_score,,100,False,1711376384,T2,T2,False
gpt-5.4/mean,smollm2:135m,1.08,0.0119867,133.0,132.866875,133.0,129.0,135.0,False,0.0,0.0,0.0,0.0,0.0,0.0,0.0,gpt-5.4,mean_score,,100,False,134515008,T1,T1,False
gpt-5.4/mean,smollm2:135m-instruct-q8_0,1.11,0.00814,131.0,131.438,131.5,128.0,135.0,False,0.00025,0.0,0.0,0.0,0.0,0.0,0.0,gpt-5.4,mean_score,,100,False,134515008,T1,T1,False
gpt-5.4/mean,smollm2:360m,1.36,0.017338700000000002,113.5,113.36175,113.5,100.5,124.5,False,0.001,0.0,0.0,0.0,0.0,0.0,0.0,gpt-5.4,mean_score,,100,False,361821120,T1,T1,False
gpt-5.4/mean,smollm2:360m-instruct-q8_0,1.25,0.012322199999999998,123.0,121.903875,122.5,110.0,130.5,False,0.0075,0.0,0.0,0.0,0.0,0.0,0.0,gpt-5.4,mean_score,,100,False,361821120,T1,T1,False
gpt-5.4/mean,smollm:1.7b,1.2,0.0749611,127.0,125.846875,126.0,116.0,133.5,False,0.0,0.0,0.0,0.0,0.0,0.0,0.0,gpt-5.4,mean_score,,100,False,1711376384,T2,T2,False
gpt-5.4/mean,smollm:360m,1.07,0.025851599999999995,134.5,133.739625,134.0,129.0,136.5,False,0.0,0.0,0.0,0.0,0.0,0.0,0.0,gpt-5.4,mean_score,,100,False,361821120,T1,T1,False
gpt-5.4/mean,stablelm2:1.6b,1.33,0.057245799999999986,116.0,115.84625,116.0,109.0,123.0,False,0.0,0.0,0.0,0.0,0.0,0.0,0.0,gpt-5.4,mean_score,,100,False,1644515328,T2,T2,False
gpt-5.4/mean,stablelm2:1.6b-chat,1.34,0.0572737,115.0,114.8175,115.0,105.5,124.0,False,0.0,0.0,0.0,0.0,0.0,0.0,0.0,gpt-5.4,mean_score,,100,False,1644515328,T2,T2,False
gpt-5.4/mean,stablelm2:1.6b-zephyr,1.42,0.0446021,110.0,109.628875,110.0,99.0,119.0,False,0.0,0.0,0.0,0.0,0.0,0.0,0.0,gpt-5.4,mean_score,,100,False,1644515328,T2,T2,False
gpt-5.4/mean,starcoder2:3b,1.0,0.13843060000000001,137.0,136.919375,137.0,136.5,137.0,False,0.0,0.0,0.0,0.0,0.0,0.0,0.0,gpt-5.4,mean_score,,100,False,3030371328,T4,T3,True
gpt-5.4/mean,starcoder2:3b-q6_K,1.09,0.1815079,132.0,132.45925,132.5,128.0,136.0,False,0.0,0.0,0.0,0.0,0.0,0.0,0.0,gpt-5.4,mean_score,,100,False,3030371328,T4,T3,True
gpt-5.4/mean,starcoder2:3b-q8_0,1.04,0.2077656,136.0,135.276875,135.5,133.0,136.5,False,0.0,0.0,0.0,0.0,0.0,0.0,0.0,gpt-5.4,mean_score,,100,False,3030371328,T4,T3,True
gpt-5.4/mean,tinyllama:1.1b,1.26,0.037376900000000005,121.0,121.36225,121.5,112.98750000000001,129.5,False,0.0,0.0,0.0,0.0,0.0,0.0,0.0,gpt-5.4,mean_score,,100,False,1100048384,T2,T2,False
gpt-5.4/mean,tinyllama:1.1b-chat-v1-q8_0,1.38,0.06069599999999999,111.0,111.52925,112.0,95.0,124.0,False,0.0,0.0,0.0,0.0,0.0,0.0,0.0,gpt-5.4,mean_score,,100,False,1100048384,T2,T2,False
gpt-5.4/mean,yi-coder:1.5b,1.54,0.05313199999999999,100.5,100.53225,101.5,83.0,113.5,False,0.0,0.0,0.0,0.0,0.0,0.0,0.0,gpt-5.4,mean_score,,100,False,1476495360,T2,T2,False
gpt-5.4/pass1-ge-2.5,codegemma:2b,0.01,0.10250499999999999,135.0,133.42475,134.5,124.0,136.5,False,0.0,0.0,0.0,0.0,0.0,0.0,0.0,gpt-5.4,pass_1,2.5,100,False,2506172416,T3,T2,True
gpt-5.4/pass1-ge-2.5,codegemma:2b-code-q6_K,0.1,0.0531285,113.0,112.269875,113.0,92.48750000000001,128.5,False,0.0,0.0,0.0,0.0,0.0,0.0,0.0,gpt-5.4,pass_1,2.5,100,False,2506172416,T3,T2,True
gpt-5.4/pass1-ge-2.5,cogito:3b,0.45,0.0465268,52.5,51.6495,53.0,26.5,68.0,False,0.0255,0.0,0.0,0.0,0.0,0.0,0.0,gpt-5.4,pass_1,2.5,100,False,3606752320,T4,T3,True
gpt-5.4/pass1-ge-2.5,cogito:3b-v1-preview-llama-q8_0,0.51,0.0701172,39.5,37.323875,37.5,16.0,59.012500000000045,False,0.0,0.0,0.0,0.0,0.0,0.0,0.001995833333333333,gpt-5.4,pass_1,2.5,100,False,3606752320,T4,T3,True
gpt-5.4/pass1-ge-2.5,deepseek-coder:1.3b,0.09,0.0654276,115.5,113.846625,114.5,100.5,123.5,False,0.0,0.0,0.0,0.0,0.0,0.0,0.0,gpt-5.4,pass_1,2.5,100,False,1346471936,T2,T2,False
gpt-5.4/pass1-ge-2.5,deepseek-coder:1.3b-instruct-q8_0,0.07,0.097566,120.0,119.010375,119.5,107.5,128.5,False,0.0,0.0,0.0,0.0,0.0,0.0,0.0,gpt-5.4,pass_1,2.5,100,False,1346471936,T2,T2,False
gpt-5.4/pass1-ge-2.5,falcon3:1b,0.17,0.09954219999999997,100.0,99.051,99.0,82.0,115.0,False,0.0,0.0,0.0,0.0,0.0,0.0,0.0,gpt-5.4,pass_1,2.5,100,False,1669408768,T2,T2,False
gpt-5.4/pass1-ge-2.5,falcon3:1b-instruct-q8_0,0.17,0.09960649999999997,100.0,99.014,99.0,83.0,115.0,False,0.0,0.0,0.0,0.0,0.0,0.0,0.0,gpt-5.4,pass_1,2.5,100,False,1669408768,T2,T2,False
gpt-5.4/pass1-ge-2.5,falcon3:3b,0.38,0.0586016,67.5,66.364625,67.0,50.0,81.5,False,0.0,0.0,0.0,0.0,0.0,0.0,0.0,gpt-5.4,pass_1,2.5,100,False,3227655168,T4,T4,False
gpt-5.4/pass1-ge-2.5,falcon3:3b-instruct-q4_K_M,0.38,0.058018900000000005,67.5,66.11425,67.0,47.0,81.5,False,0.0,0.0,0.0,0.0,0.0,0.0,0.0,gpt-5.4,pass_1,2.5,100,False,3227655168,T4,T4,False
gpt-5.4/pass1-ge-2.5,falcon3:3b-instruct-q8_0,0.42,0.09732470000000001,63.5,59.103375,60.0,36.5,78.0,False,0.0,0.0,0.0,0.0,0.0,0.0,0.0,gpt-5.4,pass_1,2.5,100,False,3227655168,T4,T4,False
gpt-5.4/pass1-ge-2.5,gemma2:2b,0.52,0.06473620000000001,35.0,35.80825,34.5,12.5,64.5,False,0.0,0.0,0.0,0.0,8.333333333333333e-05,0.0,0.0123375,gpt-5.4,pass_1,2.5,100,False,2614341888,T3,T3,False
gpt-5.4/pass1-ge-2.5,gemma2:2b-instruct-q4_K_M,0.58,0.06000190000000001,18.0,22.271625,21.0,9.0,42.5,False,0.00175,0.0,0.0,0.0,0.0017875000000000002,0.0,0.045625,gpt-5.4,pass_1,2.5,100,False,2614341888,T3,T2,True
gpt-5.4/pass1-ge-2.5,gemma2:2b-instruct-q8_0,0.56,0.0859835,22.0,25.830375,24.5,11.0,47.0,False,0.0,0.0,0.0,0.0,0.0003333333333333333,0.0,0.019079166666666664,gpt-5.4,pass_1,2.5,100,False,2614341888,T3,T3,False
gpt-5.4/pass1-ge-2.5,gemma3:1b,0.28,0.0230552,79.0,79.67925,79.5,63.0,95.0,False,0.069,0.0,0.0,0.0,0.0,0.0,0.0,gpt-5.4,pass_1,2.5,100,False,999885952,T1,T1,False
gpt-5.4/pass1-ge-2.5,gemma3:1b-it-q8_0,0.26,0.023906599999999997,82.0,83.31375,83.0,66.5,102.5,False,0.03125,0.0,0.0,0.0,0.0,0.0,0.0,gpt-5.4,pass_1,2.5,100,False,999885952,T1,T1,False
gpt-5.4/pass1-ge-2.5,gemma3:1b-it-qat,0.32,0.020576200000000003,72.0,73.1645,74.0,46.5,92.5,False,0.34725,0.0,0.0,0.0,0.0,0.0,0.0,gpt-5.4,pass_1,2.5,100,False,999885952,T1,T1,False
gpt-5.4/pass1-ge-2.5,gemma3:270m,0.13,0.0052651,107.0,106.836,106.75,90.5,125.0,True,0.99275,0.0,0.0,0.0,0.0,0.0,0.0,gpt-5.4,pass_1,2.5,100,False,268098176,T1,T1,False
gpt-5.4/pass1-ge-2.5,gemma3:270m-it-qat,0.09,0.007723500000000001,115.5,114.689,114.5,105.5,124.0,False,0.10975,0.0,0.0,0.0,0.0,0.0,0.0,gpt-5.4,pass_1,2.5,100,False,268098176,T1,T1,False
gpt-5.4/pass1-ge-2.5,gemma3:4b,0.69,0.0641429,7.5,9.493125,9.0,4.5,18.0,False,0.006,0.0,0.0009583333333333333,0.0,0.06029583333333337,1.0,0.7074708333333336,gpt-5.4,pass_1,2.5,100,False,4299915632,T5,T5,False
gpt-5.4/pass1-ge-2.5,gemma3:4b-it-q4_K_M,0.69,0.06425800000000001,7.5,9.70075,9.0,4.5,20.0,False,0.0065,0.0,0.001,0.0,0.05983750000000003,1.0,0.6968333333333334,gpt-5.4,pass_1,2.5,100,False,4299915632,T5,T5,False
gpt-5.4/pass1-ge-2.5,gemma3:4b-it-q8_0,0.64,0.08659489999999997,11.5,15.246375,13.0,7.0,38.0,False,0.0,0.0,8.333333333333333e-05,0.0,0.0066458333333333335,0.0,0.2905166666666668,gpt-5.4,pass_1,2.5,100,False,4299915632,T5,T5,False
gpt-5.4/pass1-ge-2.5,gemma3:4b-it-qat,0.55,0.07702389999999999,26.0,29.999625,27.0,11.5,60.0,False,0.0,0.0,0.0,0.0,0.000375,0.0,0.013045833333333335,gpt-5.4,pass_1,2.5,100,False,4300079472,T5,T5,False
gpt-5.4/pass1-ge-2.5,gemma3n:e2b,0.63,0.0648302,13.5,16.369125,14.0,6.0,42.0,False,0.0025,0.0,0.00025,0.0,0.014291666666666666,0.0,0.2794833333333333,gpt-5.4,pass_1,2.5,100,False,4456156768,T5,T5,False
gpt-5.4/pass1-ge-2.5,gemma4:e2b-it-qat,0.78,0.0504522,3.0,3.6015,4.0,1.0,6.0,True,0.99475,0.0,0.11035416666666661,1.0,0.9169166666666658,1.0,1.0,gpt-5.4,pass_1,2.5,100,False,4628569635,T5,T5,False
gpt-5.4/pass1-ge-2.5,gemma:2b,0.25,0.048510500000000005,85.0,84.746375,85.0,67.5,103.5,False,0.0,0.0,0.0,0.0,0.0,0.0,0.0,gpt-5.4,pass_1,2.5,100,False,2506434560,T3,T3,False
gpt-5.4/pass1-ge-2.5,gemma:2b-instruct-q4_K_M,0.27,0.04429810000000001,80.0,81.08725,81.75,50.0,103.5,False,0.002,0.0,0.0,0.0,0.0,0.0,0.0,gpt-5.4,pass_1,2.5,100,False,2506434560,T3,T2,True
gpt-5.4/pass1-ge-2.5,gemma:2b-instruct-q8_0,0.24,0.06085420000000001,87.0,86.417625,86.5,68.5,103.5,False,0.0,0.0,0.0,0.0,0.0,0.0,0.0,gpt-5.4,pass_1,2.5,100,False,2506434560,T3,T3,False
gpt-5.4/pass1-ge-2.5,granite3.1-dense:2b,0.49,0.08316719999999998,44.5,42.954,42.5,24.5,62.512500000000045,False,0.0,0.0,0.0,0.0,0.0,0.0,0.0,gpt-5.4,pass_1,2.5,100,False,2533531648,T3,T3,False
gpt-5.4/pass1-ge-2.5,granite3.1-dense:2b-instruct-q8_0,0.52,0.1141953,35.0,34.6935,35.0,17.5,51.5,False,0.0,0.0,0.0,0.0,0.0,0.0,0.0003333333333333333,gpt-5.4,pass_1,2.5,100,False,2533531648,T3,T3,False
gpt-5.4/pass1-ge-2.5,granite3.1-moe:3b,0.26,0.0334147,82.0,83.289,82.5,70.0,100.0,False,0.0015,0.0,0.0,0.0,0.0,0.0,0.0,gpt-5.4,pass_1,2.5,100,False,3298793472,T4,T4,False
gpt-5.4/pass1-ge-2.5,granite3.2:2b,0.55,0.1216954,26.0,28.231125,27.0,12.5,50.012500000000045,False,0.0,0.0,0.0,0.0,0.0,0.0,0.0058625,gpt-5.4,pass_1,2.5,100,False,2533531648,T3,T3,False
gpt-5.4/pass1-ge-2.5,granite3.2:2b-instruct-q4_K_M,0.55,0.1221751,26.0,28.161125,27.0,11.5,51.5,False,0.0,0.0,0.0,0.0,0.000125,0.0,0.016050000000000002,gpt-5.4,pass_1,2.5,100,False,2533531648,T3,T3,False
gpt-5.4/pass1-ge-2.5,granite3.3:2b,0.5,0.0769426,42.5,40.604625,40.0,20.5,63.5,False,0.0,0.0,0.0,0.0,0.0,0.0,0.0,gpt-5.4,pass_1,2.5,100,False,2533539840,T3,T3,False
gpt-5.4/pass1-ge-2.5,granite4.1:3b,0.67,0.074758,9.0,11.698125,10.5,5.0,25.5,False,0.00825,0.0,0.0011041666666666665,0.0,0.03370833333333333,1.0,0.4944125,gpt-5.4,pass_1,2.5,100,False,3402836480,T4,T3,True
gpt-5.4/pass1-ge-2.5,granite4:1b-h,0.42,0.028435600000000005,63.5,57.156625,60.0,26.0,78.0,True,0.59275,0.0,0.0,0.0,0.0,0.0,0.0,gpt-5.4,pass_1,2.5,100,False,1461538368,T2,T2,False
gpt-5.4/pass1-ge-2.5,granite4:350m,0.18,0.012930599999999999,97.0,96.513375,97.0,79.0,111.0,False,0.124,0.0,0.0,0.0,0.0,0.0,0.0,gpt-5.4,pass_1,2.5,100,False,352379904,T1,T1,False
gpt-5.4/pass1-ge-2.5,granite4:350m-bf16,0.18,0.012712099999999999,97.0,96.572,96.5,80.0,110.0,False,0.21225,0.0,0.0,0.0,0.0,0.0,0.0,gpt-5.4,pass_1,2.5,100,False,352379904,T1,T1,False
gpt-5.4/pass1-ge-2.5,granite4:350m-h,0.22,0.0080541,90.5,89.9065,90.0,72.48750000000001,107.5,True,0.8785,0.0,0.0,0.0,0.0,0.0,0.0,gpt-5.4,pass_1,2.5,100,False,340332224,T1,T1,False
gpt-5.4/pass1-ge-2.5,granite4:micro,0.64,0.0798973,11.5,13.821125,13.0,7.0,24.5,False,0.00025,0.0,0.0,0.0,0.002495833333333333,0.0,0.2347625000000001,gpt-5.4,pass_1,2.5,100,False,3402836480,T4,T4,False
gpt-5.4/pass1-ge-2.5,granite4:micro-h,0.75,0.0651603,5.5,5.28925,5.0,1.5,9.5,False,0.1905,0.0,0.02410416666666666,0.5,0.5614500000000002,1.0,0.9838,gpt-5.4,pass_1,2.5,100,False,3191396096,T4,T4,False
gpt-5.4/pass1-ge-2.5,hf.co/LiquidAI/LFM2-1.2B-GGUF:Q4_K_M,0.23,0.0186997,88.0,88.459875,88.0,74.5,104.0,False,0.08475,0.0,0.0,0.0,0.0,0.0,0.0,gpt-5.4,pass_1,2.5,100,False,1170340608,T2,T2,False
gpt-5.4/pass1-ge-2.5,hf.co/LiquidAI/LFM2-1.2B-GGUF:Q8_0,0.31,0.030554,74.0,75.753875,75.5,63.0,90.5,False,0.04675,0.0,0.0,0.0,0.0,0.0,0.0,gpt-5.4,pass_1,2.5,100,False,1170340608,T2,T2,False
gpt-5.4/pass1-ge-2.5,hf.co/LiquidAI/LFM2-350M-GGUF:Q4_K_M,0.04,0.011277400000000002,126.0,125.749625,126.0,115.0,134.5,False,0.0,0.0,0.0,0.0,0.0,0.0,0.0,gpt-5.4,pass_1,2.5,100,False,354483968,T1,T1,False
gpt-5.4/pass1-ge-2.5,hf.co/LiquidAI/LFM2-700M-GGUF:Q4_K_M,0.07,0.0220955,120.0,118.51625,119.0,104.98750000000001,130.0,False,0.0,0.0,0.0,0.0,0.0,0.0,0.0,gpt-5.4,pass_1,2.5,100,False,742489344,T1,T1,False
gpt-5.4/pass1-ge-2.5,hf.co/NousResearch/Hermes-3-Llama-3.2-3B-GGUF:Q4_K_M,0.36,0.0769492,70.0,68.21575,69.5,48.5,82.0,False,0.0,0.0,0.0,0.0,0.0,0.0,0.0,gpt-5.4,pass_1,2.5,100,False,3212749888,T4,T3,True
gpt-5.4/pass1-ge-2.5,hf.co/NousResearch/Hermes-3-Llama-3.2-3B-GGUF:Q8_0,0.41,0.0991791,65.0,61.0085,62.0,43.0,75.0,False,0.0,0.0,0.0,0.0,0.0,0.0,0.0,gpt-5.4,pass_1,2.5,100,False,3212749888,T4,T3,True
gpt-5.4/pass1-ge-2.5,hf.co/Qwen/Qwen2.5-1.5B-Instruct-GGUF:Q4_K_M,0.35,0.038428699999999996,71.0,69.864875,70.5,52.5,83.0,False,0.008,0.0,0.0,0.0,0.0,0.0,0.0,gpt-5.4,pass_1,2.5,100,False,1777088000,T2,T2,False
gpt-5.4/pass1-ge-2.5,hf.co/Qwen/Qwen2.5-3B-Instruct-GGUF:Q4_K_M,0.57,0.09588630000000001,19.5,24.04525,23.5,13.5,39.5,False,0.0,0.0,0.0,0.0,0.0,0.0,0.0010708333333333334,gpt-5.4,pass_1,2.5,100,False,3397103616,T4,T4,False
gpt-5.4/pass1-ge-2.5,hf.co/Qwen/Qwen3-4B-GGUF:Q4_K_M,0.63,0.2571047,13.5,15.462625,14.5,5.0,32.5,False,0.00175,0.0,0.0017708333333333332,0.0,0.0299375,0.0,0.24449583333333347,gpt-5.4,pass_1,2.5,100,False,4022468096,T5,T5,False
gpt-5.4/pass1-ge-2.5,hf.co/allenai/OLMo-2-0425-1B-Instruct-GGUF:Q4_K_M,0.15,0.061812700000000005,103.5,102.89525,102.5,90.0,118.0,False,0.0,0.0,0.0,0.0,0.0,0.0,0.0,gpt-5.4,pass_1,2.5,100,False,1484916736,T2,T1,True
gpt-5.4/pass1-ge-2.5,hf.co/bartowski/Llama-3.2-3B-Instruct-GGUF:IQ4_XS,0.48,0.06516,46.5,44.994375,45.5,26.5,63.0,False,0.0,0.0,0.0,0.0,0.0,0.0,0.0,gpt-5.4,pass_1,2.5,100,False,3212749888,T4,T3,True
gpt-5.4/pass1-ge-2.5,hf.co/bartowski/Llama-3.2-3B-Instruct-GGUF:Q3_K_L,0.43,0.06620140000000001,60.5,55.83325,57.5,30.0,74.0,False,0.0,0.0,0.0,0.0,0.0,0.0,8.333333333333333e-05,gpt-5.4,pass_1,2.5,100,False,3212749888,T4,T3,True
gpt-5.4/pass1-ge-2.5,hf.co/bartowski/Llama-3.2-3B-Instruct-GGUF:Q5_K_M,0.54,0.07428490000000001,29.5,29.5125,29.5,18.5,42.0,False,0.0,0.0,0.0,0.0,0.0,0.0,0.0,gpt-5.4,pass_1,2.5,100,False,3212749888,T4,T3,True
gpt-5.4/pass1-ge-2.5,hf.co/bartowski/Llama-3.2-3B-Instruct-GGUF:Q6_K,0.44,0.0734838,56.5,55.44175,55.5,43.5,65.5,False,0.0,0.0,0.0,0.0,0.0,0.0,0.0,gpt-5.4,pass_1,2.5,100,False,3212749888,T4,T3,True
gpt-5.4/pass1-ge-2.5,hf.co/ggml-org/SmolLM3-3B-GGUF:Q4_K_M,0.45,0.110296,52.5,51.52875,52.5,29.0,67.0,False,0.0,0.0,0.0,0.0,0.0,0.0,0.0,gpt-5.4,pass_1,2.5,100,False,3075098624,T4,T3,True
gpt-5.4/pass1-ge-2.5,hf.co/ggml-org/SmolLM3-3B-GGUF:Q8_0,0.43,0.13829260000000002,60.5,55.702875,57.5,28.5,75.5,False,0.0,0.0,0.0,0.0,0.0,0.0,0.0,gpt-5.4,pass_1,2.5,100,False,3075098624,T4,T3,True
gpt-5.4/pass1-ge-2.5,hf.co/openbmb/MiniCPM3-4B-GGUF:Q4_K_M,0.46,0.0784251,49.0,50.32625,51.0,27.5,69.0,False,0.0,0.0,0.0,0.0,0.0,0.0,0.0,gpt-5.4,pass_1,2.5,100,False,4073876000,T5,T4,True
gpt-5.4/pass1-ge-2.5,hf.co/tiiuae/Falcon-H1-0.5B-Instruct-GGUF:Q4_K_M,0.18,0.034294200000000004,97.0,97.546125,97.0,81.5,115.5,False,0.0,0.0,0.0,0.0,0.0,0.0,0.0,gpt-5.4,pass_1,2.5,100,False,521411104,T1,T1,False
gpt-5.4/pass1-ge-2.5,hf.co/tiiuae/Falcon-H1-1.5B-Deep-Instruct-GGUF:IQ4_XS,0.45,0.1053772,52.5,52.923625,53.0,35.0,69.0,False,0.0,0.0,0.0,0.0,0.0,0.0,0.0,gpt-5.4,pass_1,2.5,100,False,1554874768,T2,T2,False
gpt-5.4/pass1-ge-2.5,hf.co/tiiuae/Falcon-H1-1.5B-Deep-Instruct-GGUF:Q4_K_M,0.46,0.09332829999999999,49.0,50.40825,50.0,31.5,69.0,False,0.0,0.0,0.0,0.0,0.0,0.0,0.0,gpt-5.4,pass_1,2.5,100,False,1554874768,T2,T2,False
gpt-5.4/pass1-ge-2.5,hf.co/tiiuae/Falcon-H1-3B-Instruct-GGUF:Q4_K_M,0.66,0.12489019999999998,10.0,12.280625,11.5,5.5,24.0,False,0.00075,0.0,0.00025,0.0,0.025225,1.0,0.40732083333333313,gpt-5.4,pass_1,2.5,100,False,3149392384,T4,T3,True
gpt-5.4/pass1-ge-2.5,hf.co/unsloth/Llama-3.2-1B-Instruct-GGUF:Q4_K_M,0.15,0.0180221,103.5,103.13425,103.5,87.5,117.01250000000005,False,0.0015,0.0,0.0,0.0,0.0,0.0,0.0,gpt-5.4,pass_1,2.5,100,False,1235814432,T2,T2,False
gpt-5.4/pass1-ge-2.5,hf.co/unsloth/Phi-4-mini-instruct-GGUF:Q4_K_M,0.54,0.10440899999999999,29.5,30.5345,29.0,12.987500000000004,56.5,False,0.0,0.0,0.0,0.0,0.0,0.0,0.004791666666666666,gpt-5.4,pass_1,2.5,100,False,3836021856,T4,T4,False
gpt-5.4/pass1-ge-2.5,hf.co/unsloth/Qwen3-4B-GGUF:Q4_K_M,0.75,0.09334010000000001,5.5,5.4265,5.0,1.0,11.0,False,0.238,0.0,0.04564583333333335,0.5,0.5462250000000001,1.0,0.9626208333333333,gpt-5.4,pass_1,2.5,100,False,4022468096,T5,T5,False
gpt-5.4/pass1-ge-2.5,internlm2:1.8b,0.17,0.030893100000000003,100.0,98.849375,99.0,84.5,112.0,False,0.0,0.0,0.0,0.0,0.0,0.0,0.0,gpt-5.4,pass_1,2.5,100,False,1889110016,T2,T2,False
gpt-5.4/pass1-ge-2.5,llama3.2:1b,0.11,0.0269072,110.5,111.544,110.5,99.5,126.0,False,0.0,0.0,0.0,0.0,0.0,0.0,0.0,gpt-5.4,pass_1,2.5,100,False,1235814432,T2,T2,False
gpt-5.4/pass1-ge-2.5,llama3.2:1b-instruct-q4_K_M,0.11,0.022604799999999994,110.5,110.771125,110.5,98.0,124.5,False,0.0,0.0,0.0,0.0,0.0,0.0,0.0,gpt-5.4,pass_1,2.5,100,False,1235814432,T2,T1,True
gpt-5.4/pass1-ge-2.5,llama3.2:1b-instruct-q8_0,0.12,0.026446500000000005,108.5,109.0835,108.0,97.0,124.0,False,0.0,0.0,0.0,0.0,0.0,0.0,0.0,gpt-5.4,pass_1,2.5,100,False,1235814432,T2,T2,False
gpt-5.4/pass1-ge-2.5,llama3.2:3b,0.55,0.05392730000000001,26.0,27.726875,26.5,11.5,49.512500000000045,False,0.003,0.0,0.0,0.0,0.0,0.0,0.015450000000000004,gpt-5.4,pass_1,2.5,100,False,3212749888,T4,T4,False
gpt-5.4/pass1-ge-2.5,llama3.2:3b-instruct-q4_K_M,0.46,0.053858199999999995,49.0,49.460625,50.0,27.0,68.0,False,0.00075,0.0,0.0,0.0,0.0,0.0,0.0,gpt-5.4,pass_1,2.5,100,False,3212749888,T4,T3,True
gpt-5.4/pass1-ge-2.5,llama3.2:3b-instruct-q8_0,0.5,0.08039449999999998,42.5,40.525,41.0,22.5,57.5,False,0.0,0.0,0.0,0.0,0.0,0.0,0.0,gpt-5.4,pass_1,2.5,100,False,3212749888,T4,T4,False
gpt-5.4/pass1-ge-2.5,ministral-3:3b,0.56,0.10715520000000002,22.0,26.7795,25.0,13.5,48.0,False,0.0,0.0,0.0,0.0,0.0,0.0,0.0034541666666666675,gpt-5.4,pass_1,2.5,100,False,3849090048,T4,T4,False
gpt-5.4/pass1-ge-2.5,nemotron-mini:4b,0.19,0.0678951,94.5,95.347625,95.5,82.5,108.5,False,0.0,0.0,0.0,0.0,0.0,0.0,0.0,gpt-5.4,pass_1,2.5,100,False,4190509056,T5,T5,False
gpt-5.4/pass1-ge-2.5,nemotron-mini:4b-instruct-q4_K_M,0.2,0.06775320000000001,93.0,93.360375,93.5,78.0,108.5,False,0.0,0.0,0.0,0.0,0.0,0.0,0.0,gpt-5.4,pass_1,2.5,100,False,4190509056,T5,T5,False
gpt-5.4/pass1-ge-2.5,nemotron-mini:4b-instruct-q8_0,0.25,0.11059119999999999,85.0,84.77175,84.5,75.0,96.5,False,0.0,0.0,0.0,0.0,0.0,0.0,0.0,gpt-5.4,pass_1,2.5,100,False,4190509056,T5,T5,False
gpt-5.4/pass1-ge-2.5,opencoder:1.5b,0.15,0.07436240000000001,103.5,102.658,103.0,85.5,120.0,False,0.0,0.0,0.0,0.0,0.0,0.0,0.0,gpt-5.4,pass_1,2.5,100,False,1905650880,T2,T2,False
gpt-5.4/pass1-ge-2.5,phi3.5:3.8b,0.52,0.14908549999999998,35.0,35.456,35.0,17.5,56.5,False,0.0,0.0,0.0,0.0,0.0,0.0,0.0,gpt-5.4,pass_1,2.5,100,False,3821079648,T4,T4,False
gpt-5.4/pass1-ge-2.5,phi3.5:3.8b-mini-instruct-q8_0,0.51,0.2185186,39.5,38.393375,38.0,19.0,60.0,False,0.0,0.0,0.0,0.0,0.0,0.0,0.0,gpt-5.4,pass_1,2.5,100,False,3821079648,T4,T4,False
gpt-5.4/pass1-ge-2.5,phi3:3.8b,0.44,0.10969870000000002,56.5,54.7615,55.5,36.487500000000004,69.0,False,0.0,0.0,0.0,0.0,0.0,0.0,0.0,gpt-5.4,pass_1,2.5,100,False,3821079648,T4,T4,False
gpt-5.4/pass1-ge-2.5,phi3:3.8b-mini-128k-instruct-q8_0,0.44,0.12320129999999999,56.5,54.82325,55.5,33.987500000000004,73.0,False,0.0,0.0,0.0,0.0,0.0,0.0,0.0,gpt-5.4,pass_1,2.5,100,False,3821079648,T4,T4,False
gpt-5.4/pass1-ge-2.5,phi3:mini,0.43,0.10882840000000002,60.5,56.79625,58.0,37.0,69.51250000000005,False,0.0,0.0,0.0,0.0,0.0,0.0,0.0,gpt-5.4,pass_1,2.5,100,False,3821079648,T4,T4,False
gpt-5.4/pass1-ge-2.5,phi3:mini-128k,0.43,0.1089084,60.5,56.883,58.5,35.5,70.0,False,0.0,0.0,0.0,0.0,0.0,0.0,0.0,gpt-5.4,pass_1,2.5,100,False,3821079648,T4,T4,False
gpt-5.4/pass1-ge-2.5,phi3:mini-4k,0.44,0.1537809,56.5,54.818625,55.0,38.5,69.5,False,0.0,0.0,0.0,0.0,0.0,0.0,0.0,gpt-5.4,pass_1,2.5,100,False,3821079552,T4,T4,False
gpt-5.4/pass1-ge-2.5,phi4-mini,0.48,0.0958175,46.5,44.749375,45.5,21.5,64.5,False,0.0,0.0,0.0,0.0,0.0,0.0,0.00025,gpt-5.4,pass_1,2.5,100,False,3836021856,T4,T4,False
gpt-5.4/pass1-ge-2.5,phi4-mini-reasoning,0.49,0.2828102,44.5,42.442125,43.0,16.0,67.5,False,0.0,0.0,0.0,0.0,0.00025,0.0,0.0039375,gpt-5.4,pass_1,2.5,100,False,3836021856,T4,T4,False
gpt-5.4/pass1-ge-2.5,qwen2-math:1.5b,0.04,0.0745381,126.0,126.503875,126.5,116.5,135.0,False,0.0,0.0,0.0,0.0,0.0,0.0,0.0,gpt-5.4,pass_1,2.5,100,False,1543714304,T2,T2,False
gpt-5.4/pass1-ge-2.5,qwen2.5-coder:0.5b,0.15,0.025064600000000003,103.5,102.2695,102.5,87.48750000000001,115.5,False,0.00075,0.0,0.0,0.0,0.0,0.0,0.0,gpt-5.4,pass_1,2.5,100,False,494032768,T1,T1,False
gpt-5.4/pass1-ge-2.5,qwen2.5-coder:1.5b,0.31,0.05254289999999999,74.0,75.43075,75.5,63.5,87.0,False,0.0,0.0,0.0,0.0,0.0,0.0,0.0,gpt-5.4,pass_1,2.5,100,False,1543714304,T2,T2,False
gpt-5.4/pass1-ge-2.5,qwen2.5-coder:1.5b-instruct-q8_0,0.22,0.0742927,90.5,90.553125,89.5,80.0,105.0,False,0.0,0.0,0.0,0.0,0.0,0.0,0.0,gpt-5.4,pass_1,2.5,100,False,1543714304,T2,T2,False
gpt-5.4/pass1-ge-2.5,qwen2.5-coder:3b,0.45,0.094148,52.5,52.237,53.0,29.5,69.5,False,0.0,0.0,0.0,0.0,0.0,0.0,0.0,gpt-5.4,pass_1,2.5,100,False,3085938688,T4,T4,False
gpt-5.4/pass1-ge-2.5,qwen2.5-coder:3b-instruct-q4_K_M,0.53,0.09297190000000001,31.5,33.132875,32.5,17.5,53.5,False,0.0,0.0,0.0,0.0,0.0,0.0,0.0005,gpt-5.4,pass_1,2.5,100,False,3085938688,T4,T4,False
gpt-5.4/pass1-ge-2.5,qwen2.5-coder:3b-instruct-q8_0,0.56,0.15580289999999997,22.0,26.5235,25.0,15.5,44.512500000000045,False,0.0,0.0,0.0,0.0,0.0,0.0,0.000375,gpt-5.4,pass_1,2.5,100,False,3085938688,T4,T4,False
gpt-5.4/pass1-ge-2.5,qwen2.5:0.5b,0.03,0.0324637,130.0,128.116875,128.5,119.0,135.0,False,0.0,0.0,0.0,0.0,0.0,0.0,0.0,gpt-5.4,pass_1,2.5,100,False,494032768,T1,T1,False
gpt-5.4/pass1-ge-2.5,qwen2.5:0.5b-instruct-q4_K_M,0.03,0.0319782,130.0,128.052375,128.5,117.0,135.0,False,0.0,0.0,0.0,0.0,0.0,0.0,0.0,gpt-5.4,pass_1,2.5,100,False,494032768,T1,T1,False
gpt-5.4/pass1-ge-2.5,qwen2.5:0.5b-instruct-q8_0,0.04,0.034305,126.0,126.52925,126.5,117.5,135.0,False,0.0,0.0,0.0,0.0,0.0,0.0,0.0,gpt-5.4,pass_1,2.5,100,False,494032768,T1,T1,False
gpt-5.4/pass1-ge-2.5,qwen2.5:1.5b,0.22,0.053494799999999995,90.5,90.099375,90.0,76.5,103.5,False,0.0,0.0,0.0,0.0,0.0,0.0,0.0,gpt-5.4,pass_1,2.5,100,False,1543714304,T2,T2,False
gpt-5.4/pass1-ge-2.5,qwen2.5:1.5b-instruct-q4_K_M,0.26,0.053314699999999986,82.0,82.950375,83.0,70.0,98.0,False,0.0,0.0,0.0,0.0,0.0,0.0,0.0,gpt-5.4,pass_1,2.5,100,False,1543714304,T2,T2,False
gpt-5.4/pass1-ge-2.5,qwen2.5:1.5b-instruct-q8_0,0.29,0.0777736,77.5,78.008,78.0,67.5,89.0,False,0.0,0.0,0.0,0.0,0.0,0.0,0.0,gpt-5.4,pass_1,2.5,100,False,1543714304,T2,T2,False
gpt-5.4/pass1-ge-2.5,qwen2.5:3b,0.51,0.10877729999999998,39.5,37.535,37.0,21.0,56.5,False,0.0,0.0,0.0,0.0,0.0,0.0,0.0,gpt-5.4,pass_1,2.5,100,False,3085938688,T4,T4,False
gpt-5.4/pass1-ge-2.5,qwen2.5:3b-instruct-q4_K_M,0.52,0.10583500000000001,35.0,34.944875,34.5,19.487500000000004,53.5,False,0.0,0.0,0.0,0.0,0.0,0.0,0.0,gpt-5.4,pass_1,2.5,100,False,3085938688,T4,T4,False
gpt-5.4/pass1-ge-2.5,qwen2.5:3b-instruct-q8_0,0.51,0.17272310000000002,39.5,37.609125,37.5,21.5,54.5,False,0.0,0.0,0.0,0.0,0.0,0.0,0.0,gpt-5.4,pass_1,2.5,100,False,3085938688,T4,T4,False
gpt-5.4/pass1-ge-2.5,qwen2:0.5b-instruct-q8_0,0.08,0.019274100000000002,117.5,116.043,116.5,103.0,127.0,False,0.0,0.0,0.0,0.0,0.0,0.0,0.0,gpt-5.4,pass_1,2.5,100,False,494032768,T1,T1,False
gpt-5.4/pass1-ge-2.5,qwen2:1.5b,0.14,0.0268809,106.0,104.225,105.0,89.5,116.0,False,0.0,0.0,0.0,0.0,0.0,0.0,0.0,gpt-5.4,pass_1,2.5,100,False,1543714304,T2,T2,False
gpt-5.4/pass1-ge-2.5,qwen2:1.5b-instruct-q8_0,0.22,0.04402440000000001,90.5,90.16575,90.0,76.0,104.5,False,0.0,0.0,0.0,0.0,0.0,0.0,0.0,gpt-5.4,pass_1,2.5,100,False,1543714304,T2,T2,False
gpt-5.4/pass1-ge-2.5,qwen3.5:2b,0.39,0.10294600000000001,66.0,64.033375,65.5,42.5,79.5,False,0.0,0.0,0.0,0.0,0.0,0.0,0.0,gpt-5.4,pass_1,2.5,100,False,2274069824,T3,T2,True
gpt-5.4/pass1-ge-2.5,qwen3:0.6b,0.25,0.0153814,85.0,84.68425,84.5,72.0,98.5,True,0.56575,0.0,0.0,0.0,0.0,0.0,0.0,gpt-5.4,pass_1,2.5,100,False,751632384,T1,T1,False
gpt-5.4/pass1-ge-2.5,qwen3:0.6b-fp16,0.31,0.0282127,74.0,75.89525,75.0,62.487500000000004,92.0,False,0.0185,0.0,0.0,0.0,0.0,0.0,0.0,gpt-5.4,pass_1,2.5,100,False,751632384,T1,T1,False
gpt-5.4/pass1-ge-2.5,qwen3:0.6b-q8_0,0.37,0.018881900000000004,69.0,66.559625,68.0,44.0,81.5,True,0.867,0.0,0.0,0.0,0.0,0.0,0.0,gpt-5.4,pass_1,2.5,100,False,751632384,T1,T1,False
gpt-5.4/pass1-ge-2.5,qwen3:1.7b,0.6,0.0365625,17.0,20.910875,18.0,7.5,50.012500000000045,True,0.95825,0.0,0.0,0.0,0.003395833333333333,0.0,0.11646666666666665,gpt-5.4,pass_1,2.5,100,False,2031739904,T3,T3,False
gpt-5.4/pass1-ge-2.5,qwen3:1.7b-fp16,0.61,0.08118539999999999,15.5,19.367375,16.0,7.0,50.012500000000045,False,0.0005,0.0,0.0,0.0,0.004708333333333334,0.0,0.1510291666666667,gpt-5.4,pass_1,2.5,100,False,2031739904,T3,T3,False
gpt-5.4/pass1-ge-2.5,qwen3:1.7b-q8_0,0.53,0.053398499999999995,31.5,34.461375,31.5,13.0,66.5,False,0.0365,0.0,0.0,0.0,0.0,0.0,0.005291666666666666,gpt-5.4,pass_1,2.5,100,False,2031739904,T3,T3,False
gpt-5.4/pass1-ge-2.5,qwen3:4b,0.57,0.2570734,19.5,26.217125,22.5,8.5,58.0,False,0.0,0.0,0.0,0.0,0.0020833333333333333,0.0,0.05975416666666666,gpt-5.4,pass_1,2.5,100,False,4022468096,T5,T5,False
gpt-5.4/pass1-ge-2.5,qwen3:4b-instruct-2507-q4_K_M,0.77,0.10899769999999999,4.0,4.6595,4.0,2.0,10.5,False,0.29725,0.0,0.017270833333333336,1.0,0.7180916666666662,1.0,0.9716750000000001,gpt-5.4,pass_1,2.5,100,False,4022468096,T5,T5,False
gpt-5.4/pass1-ge-2.5,qwen3:4b-instruct-2507-q8_0,0.82,0.1605071,1.0,2.199375,1.5,1.0,6.0,True,0.45225,1.0,0.4875208333333329,1.0,0.9669916666666669,1.0,0.9991041666666667,gpt-5.4,pass_1,2.5,100,False,4022468096,T5,T5,False
gpt-5.4/pass1-ge-2.5,qwen3:4b-q8_0,0.81,0.1389434,2.0,2.140375,2.0,1.0,4.5,True,0.54325,0.0,0.3031458333333335,1.0,0.9859541666666667,1.0,0.999625,gpt-5.4,pass_1,2.5,100,False,4022468096,T5,T5,False
gpt-5.4/pass1-ge-2.5,qwen3:4b-thinking-2507-q4_K_M,0.55,0.2587354,26.0,30.367625,27.0,10.0,62.0,False,0.0,0.0,0.0,0.0,0.0013333333333333335,0.0,0.03162499999999999,gpt-5.4,pass_1,2.5,100,False,4022468096,T5,T4,True
gpt-5.4/pass1-ge-2.5,qwen3:4b-thinking-2507-q8_0,0.61,0.38266600000000006,15.5,19.559625,17.0,3.5,49.5,False,0.00525,0.0,0.006541666666666666,0.0,0.05729166666666666,0.0,0.21349583333333336,gpt-5.4,pass_1,2.5,100,False,4022468096,T5,T4,True
gpt-5.4/pass1-ge-2.5,sailor2:1b,0.03,0.05649899999999999,130.0,128.894375,129.0,121.5,135.0,False,0.0,0.0,0.0,0.0,0.0,0.0,0.0,gpt-5.4,pass_1,2.5,100,False,988064640,T1,T1,False
gpt-5.4/pass1-ge-2.5,smallthinker:3b-preview-q4_K_M,0.52,0.1830502,35.0,35.66325,34.0,13.0,65.5,False,0.0,0.0,0.0,0.0,0.00016666666666666666,0.0,0.005974999999999999,gpt-5.4,pass_1,2.5,100,False,3397103616,T4,T3,True
gpt-5.4/pass1-ge-2.5,smollm2:1.7b,0.29,0.05150450000000001,77.5,78.82625,78.5,68.5,91.0,False,0.0,0.0,0.0,0.0,0.0,0.0,0.0,gpt-5.4,pass_1,2.5,100,False,1711376384,T2,T2,False
gpt-5.4/pass1-ge-2.5,smollm2:1.7b-instruct-q8_0,0.3,0.051941799999999996,76.0,76.660375,76.5,65.0,88.5,False,0.0,0.0,0.0,0.0,0.0,0.0,0.0,gpt-5.4,pass_1,2.5,100,False,1711376384,T2,T2,False
gpt-5.4/pass1-ge-2.5,smollm2:135m,0.02,0.0119867,133.0,131.136375,131.5,124.0,136.0,False,0.0,0.0,0.0,0.0,0.0,0.0,0.0,gpt-5.4,pass_1,2.5,100,False,134515008,T1,T1,False
gpt-5.4/pass1-ge-2.5,smollm2:135m-instruct-q8_0,0.03,0.00814,130.0,128.61725,129.0,120.0,135.0,False,0.00025,0.0,0.0,0.0,0.0,0.0,0.0,gpt-5.4,pass_1,2.5,100,False,134515008,T1,T1,False
gpt-5.4/pass1-ge-2.5,smollm2:360m,0.1,0.017338700000000002,113.0,112.269375,112.5,100.0,123.0,False,0.00025,0.0,0.0,0.0,0.0,0.0,0.0,gpt-5.4,pass_1,2.5,100,False,361821120,T1,T1,False
gpt-5.4/pass1-ge-2.5,smollm2:360m-instruct-q8_0,0.06,0.012322199999999998,123.0,121.453375,122.0,108.0,133.0,False,0.001,0.0,0.0,0.0,0.0,0.0,0.0,gpt-5.4,pass_1,2.5,100,False,361821120,T1,T1,False
gpt-5.4/pass1-ge-2.5,smollm:1.7b,0.06,0.0749611,123.0,121.83875,122.0,106.5,134.5,False,0.0,0.0,0.0,0.0,0.0,0.0,0.0,gpt-5.4,pass_1,2.5,100,False,1711376384,T2,T2,False
gpt-5.4/pass1-ge-2.5,smollm:360m,0.01,0.025851599999999995,135.0,134.18275,134.5,130.0,136.5,False,0.0,0.0,0.0,0.0,0.0,0.0,0.0,gpt-5.4,pass_1,2.5,100,False,361821120,T1,T1,False
gpt-5.4/pass1-ge-2.5,stablelm2:1.6b,0.06,0.057245799999999986,123.0,121.829625,121.5,112.0,133.0,False,0.0,0.0,0.0,0.0,0.0,0.0,0.0,gpt-5.4,pass_1,2.5,100,False,1644515328,T2,T2,False
gpt-5.4/pass1-ge-2.5,stablelm2:1.6b-chat,0.07,0.0572737,120.0,118.96775,119.0,106.5,131.5,False,0.0,0.0,0.0,0.0,0.0,0.0,0.0,gpt-5.4,pass_1,2.5,100,False,1644515328,T2,T2,False
gpt-5.4/pass1-ge-2.5,stablelm2:1.6b-zephyr,0.1,0.0446021,113.0,112.733875,112.5,101.98750000000001,124.0,False,0.0,0.0,0.0,0.0,0.0,0.0,0.0,gpt-5.4,pass_1,2.5,100,False,1644515328,T2,T2,False
gpt-5.4/pass1-ge-2.5,starcoder2:3b,0.0,0.13843060000000001,137.0,136.226125,136.5,134.5,137.0,False,0.0,0.0,0.0,0.0,0.0,0.0,0.0,gpt-5.4,pass_1,2.5,100,True,3030371328,T4,T3,True
gpt-5.4/pass1-ge-2.5,starcoder2:3b-q6_K,0.03,0.1815079,130.0,128.525875,129.0,119.5,134.5,False,0.0,0.0,0.0,0.0,0.0,0.0,0.0,gpt-5.4,pass_1,2.5,100,False,3030371328,T4,T3,True
gpt-5.4/pass1-ge-2.5,starcoder2:3b-q8_0,0.01,0.2077656,135.0,133.969625,134.5,128.5,136.5,False,0.0,0.0,0.0,0.0,0.0,0.0,0.0,gpt-5.4,pass_1,2.5,100,False,3030371328,T4,T3,True
gpt-5.4/pass1-ge-2.5,tinyllama:1.1b,0.08,0.037376900000000005,117.5,116.894,117.0,107.0,126.0,False,0.0,0.0,0.0,0.0,0.0,0.0,0.0,gpt-5.4,pass_1,2.5,100,False,1100048384,T2,T2,False
gpt-5.4/pass1-ge-2.5,tinyllama:1.1b-chat-v1-q8_0,0.12,0.06069599999999999,108.5,107.68225,108.5,88.0,124.5,False,0.0,0.0,0.0,0.0,0.0,0.0,0.0,gpt-5.4,pass_1,2.5,100,False,1100048384,T2,T2,False
gpt-5.4/pass1-ge-2.5,yi-coder:1.5b,0.19,0.05313199999999999,94.5,94.7595,95.5,77.5,109.0,False,0.0,0.0,0.0,0.0,0.0,0.0,0.0,gpt-5.4,pass_1,2.5,100,False,1476495360,T2,T2,False
gpt-5.4/pass1-ge-3,codegemma:2b,0.01,0.10250499999999999,135.0,133.42475,134.5,124.0,136.5,False,0.0,0.0,0.0,0.0,0.0,0.0,0.0,gpt-5.4,pass_1,3.0,100,False,2506172416,T3,T2,True
gpt-5.4/pass1-ge-3,codegemma:2b-code-q6_K,0.1,0.0531285,113.0,112.269875,113.0,92.48750000000001,128.5,False,0.0,0.0,0.0,0.0,0.0,0.0,0.0,gpt-5.4,pass_1,3.0,100,False,2506172416,T3,T2,True
gpt-5.4/pass1-ge-3,cogito:3b,0.45,0.0465268,52.5,51.6495,53.0,26.5,68.0,False,0.0255,0.0,0.0,0.0,0.0,0.0,0.0,gpt-5.4,pass_1,3.0,100,False,3606752320,T4,T3,True
gpt-5.4/pass1-ge-3,cogito:3b-v1-preview-llama-q8_0,0.51,0.0701172,39.5,37.323875,37.5,16.0,59.012500000000045,False,0.0,0.0,0.0,0.0,0.0,0.0,0.001995833333333333,gpt-5.4,pass_1,3.0,100,False,3606752320,T4,T3,True
gpt-5.4/pass1-ge-3,deepseek-coder:1.3b,0.09,0.0654276,115.5,113.846625,114.5,100.5,123.5,False,0.0,0.0,0.0,0.0,0.0,0.0,0.0,gpt-5.4,pass_1,3.0,100,False,1346471936,T2,T2,False
gpt-5.4/pass1-ge-3,deepseek-coder:1.3b-instruct-q8_0,0.07,0.097566,120.0,119.010375,119.5,107.5,128.5,False,0.0,0.0,0.0,0.0,0.0,0.0,0.0,gpt-5.4,pass_1,3.0,100,False,1346471936,T2,T2,False
gpt-5.4/pass1-ge-3,falcon3:1b,0.17,0.09954219999999997,100.0,99.051,99.0,82.0,115.0,False,0.0,0.0,0.0,0.0,0.0,0.0,0.0,gpt-5.4,pass_1,3.0,100,False,1669408768,T2,T2,False
gpt-5.4/pass1-ge-3,falcon3:1b-instruct-q8_0,0.17,0.09960649999999997,100.0,99.014,99.0,83.0,115.0,False,0.0,0.0,0.0,0.0,0.0,0.0,0.0,gpt-5.4,pass_1,3.0,100,False,1669408768,T2,T2,False
gpt-5.4/pass1-ge-3,falcon3:3b,0.38,0.0586016,67.5,66.364625,67.0,50.0,81.5,False,0.0,0.0,0.0,0.0,0.0,0.0,0.0,gpt-5.4,pass_1,3.0,100,False,3227655168,T4,T4,False
gpt-5.4/pass1-ge-3,falcon3:3b-instruct-q4_K_M,0.38,0.058018900000000005,67.5,66.11425,67.0,47.0,81.5,False,0.0,0.0,0.0,0.0,0.0,0.0,0.0,gpt-5.4,pass_1,3.0,100,False,3227655168,T4,T4,False
gpt-5.4/pass1-ge-3,falcon3:3b-instruct-q8_0,0.42,0.09732470000000001,63.5,59.103375,60.0,36.5,78.0,False,0.0,0.0,0.0,0.0,0.0,0.0,0.0,gpt-5.4,pass_1,3.0,100,False,3227655168,T4,T4,False
gpt-5.4/pass1-ge-3,gemma2:2b,0.52,0.06473620000000001,35.0,35.80825,34.5,12.5,64.5,False,0.0,0.0,0.0,0.0,8.333333333333333e-05,0.0,0.0123375,gpt-5.4,pass_1,3.0,100,False,2614341888,T3,T3,False
gpt-5.4/pass1-ge-3,gemma2:2b-instruct-q4_K_M,0.58,0.06000190000000001,18.0,22.271625,21.0,9.0,42.5,False,0.00175,0.0,0.0,0.0,0.0017875000000000002,0.0,0.045625,gpt-5.4,pass_1,3.0,100,False,2614341888,T3,T2,True
gpt-5.4/pass1-ge-3,gemma2:2b-instruct-q8_0,0.56,0.0859835,22.0,25.830375,24.5,11.0,47.0,False,0.0,0.0,0.0,0.0,0.0003333333333333333,0.0,0.019079166666666664,gpt-5.4,pass_1,3.0,100,False,2614341888,T3,T3,False
gpt-5.4/pass1-ge-3,gemma3:1b,0.28,0.0230552,79.0,79.67925,79.5,63.0,95.0,False,0.069,0.0,0.0,0.0,0.0,0.0,0.0,gpt-5.4,pass_1,3.0,100,False,999885952,T1,T1,False
gpt-5.4/pass1-ge-3,gemma3:1b-it-q8_0,0.26,0.023906599999999997,82.0,83.31375,83.0,66.5,102.5,False,0.03125,0.0,0.0,0.0,0.0,0.0,0.0,gpt-5.4,pass_1,3.0,100,False,999885952,T1,T1,False
gpt-5.4/pass1-ge-3,gemma3:1b-it-qat,0.32,0.020576200000000003,72.0,73.1645,74.0,46.5,92.5,False,0.34725,0.0,0.0,0.0,0.0,0.0,0.0,gpt-5.4,pass_1,3.0,100,False,999885952,T1,T1,False
gpt-5.4/pass1-ge-3,gemma3:270m,0.13,0.0052651,107.0,106.836,106.75,90.5,125.0,True,0.99275,0.0,0.0,0.0,0.0,0.0,0.0,gpt-5.4,pass_1,3.0,100,False,268098176,T1,T1,False
gpt-5.4/pass1-ge-3,gemma3:270m-it-qat,0.09,0.007723500000000001,115.5,114.689,114.5,105.5,124.0,False,0.10975,0.0,0.0,0.0,0.0,0.0,0.0,gpt-5.4,pass_1,3.0,100,False,268098176,T1,T1,False
gpt-5.4/pass1-ge-3,gemma3:4b,0.69,0.0641429,7.5,9.493125,9.0,4.5,18.0,False,0.006,0.0,0.0009583333333333333,0.0,0.06029583333333337,1.0,0.7074708333333336,gpt-5.4,pass_1,3.0,100,False,4299915632,T5,T5,False
gpt-5.4/pass1-ge-3,gemma3:4b-it-q4_K_M,0.69,0.06425800000000001,7.5,9.70075,9.0,4.5,20.0,False,0.0065,0.0,0.001,0.0,0.05983750000000003,1.0,0.6968333333333334,gpt-5.4,pass_1,3.0,100,False,4299915632,T5,T5,False
gpt-5.4/pass1-ge-3,gemma3:4b-it-q8_0,0.64,0.08659489999999997,11.5,15.246375,13.0,7.0,38.0,False,0.0,0.0,8.333333333333333e-05,0.0,0.0066458333333333335,0.0,0.2905166666666668,gpt-5.4,pass_1,3.0,100,False,4299915632,T5,T5,False
gpt-5.4/pass1-ge-3,gemma3:4b-it-qat,0.55,0.07702389999999999,26.0,29.999625,27.0,11.5,60.0,False,0.0,0.0,0.0,0.0,0.000375,0.0,0.013045833333333335,gpt-5.4,pass_1,3.0,100,False,4300079472,T5,T5,False
gpt-5.4/pass1-ge-3,gemma3n:e2b,0.63,0.0648302,13.5,16.369125,14.0,6.0,42.0,False,0.0025,0.0,0.00025,0.0,0.014291666666666666,0.0,0.2794833333333333,gpt-5.4,pass_1,3.0,100,False,4456156768,T5,T5,False
gpt-5.4/pass1-ge-3,gemma4:e2b-it-qat,0.78,0.0504522,3.0,3.6015,4.0,1.0,6.0,True,0.99475,0.0,0.11035416666666661,1.0,0.9169166666666658,1.0,1.0,gpt-5.4,pass_1,3.0,100,False,4628569635,T5,T5,False
gpt-5.4/pass1-ge-3,gemma:2b,0.25,0.048510500000000005,85.0,84.746375,85.0,67.5,103.5,False,0.0,0.0,0.0,0.0,0.0,0.0,0.0,gpt-5.4,pass_1,3.0,100,False,2506434560,T3,T3,False
gpt-5.4/pass1-ge-3,gemma:2b-instruct-q4_K_M,0.27,0.04429810000000001,80.0,81.08725,81.75,50.0,103.5,False,0.002,0.0,0.0,0.0,0.0,0.0,0.0,gpt-5.4,pass_1,3.0,100,False,2506434560,T3,T2,True
gpt-5.4/pass1-ge-3,gemma:2b-instruct-q8_0,0.24,0.06085420000000001,87.0,86.417625,86.5,68.5,103.5,False,0.0,0.0,0.0,0.0,0.0,0.0,0.0,gpt-5.4,pass_1,3.0,100,False,2506434560,T3,T3,False
gpt-5.4/pass1-ge-3,granite3.1-dense:2b,0.49,0.08316719999999998,44.5,42.954,42.5,24.5,62.512500000000045,False,0.0,0.0,0.0,0.0,0.0,0.0,0.0,gpt-5.4,pass_1,3.0,100,False,2533531648,T3,T3,False
gpt-5.4/pass1-ge-3,granite3.1-dense:2b-instruct-q8_0,0.52,0.1141953,35.0,34.6935,35.0,17.5,51.5,False,0.0,0.0,0.0,0.0,0.0,0.0,0.0003333333333333333,gpt-5.4,pass_1,3.0,100,False,2533531648,T3,T3,False
gpt-5.4/pass1-ge-3,granite3.1-moe:3b,0.26,0.0334147,82.0,83.289,82.5,70.0,100.0,False,0.0015,0.0,0.0,0.0,0.0,0.0,0.0,gpt-5.4,pass_1,3.0,100,False,3298793472,T4,T4,False
gpt-5.4/pass1-ge-3,granite3.2:2b,0.55,0.1216954,26.0,28.231125,27.0,12.5,50.012500000000045,False,0.0,0.0,0.0,0.0,0.0,0.0,0.0058625,gpt-5.4,pass_1,3.0,100,False,2533531648,T3,T3,False
gpt-5.4/pass1-ge-3,granite3.2:2b-instruct-q4_K_M,0.55,0.1221751,26.0,28.161125,27.0,11.5,51.5,False,0.0,0.0,0.0,0.0,0.000125,0.0,0.016050000000000002,gpt-5.4,pass_1,3.0,100,False,2533531648,T3,T3,False
gpt-5.4/pass1-ge-3,granite3.3:2b,0.5,0.0769426,42.5,40.604625,40.0,20.5,63.5,False,0.0,0.0,0.0,0.0,0.0,0.0,0.0,gpt-5.4,pass_1,3.0,100,False,2533539840,T3,T3,False
gpt-5.4/pass1-ge-3,granite4.1:3b,0.67,0.074758,9.0,11.698125,10.5,5.0,25.5,False,0.00825,0.0,0.0011041666666666665,0.0,0.03370833333333333,1.0,0.4944125,gpt-5.4,pass_1,3.0,100,False,3402836480,T4,T3,True
gpt-5.4/pass1-ge-3,granite4:1b-h,0.42,0.028435600000000005,63.5,57.156625,60.0,26.0,78.0,True,0.59275,0.0,0.0,0.0,0.0,0.0,0.0,gpt-5.4,pass_1,3.0,100,False,1461538368,T2,T2,False
gpt-5.4/pass1-ge-3,granite4:350m,0.18,0.012930599999999999,97.0,96.513375,97.0,79.0,111.0,False,0.124,0.0,0.0,0.0,0.0,0.0,0.0,gpt-5.4,pass_1,3.0,100,False,352379904,T1,T1,False
gpt-5.4/pass1-ge-3,granite4:350m-bf16,0.18,0.012712099999999999,97.0,96.572,96.5,80.0,110.0,False,0.21225,0.0,0.0,0.0,0.0,0.0,0.0,gpt-5.4,pass_1,3.0,100,False,352379904,T1,T1,False
gpt-5.4/pass1-ge-3,granite4:350m-h,0.22,0.0080541,90.5,89.9065,90.0,72.48750000000001,107.5,True,0.8785,0.0,0.0,0.0,0.0,0.0,0.0,gpt-5.4,pass_1,3.0,100,False,340332224,T1,T1,False
gpt-5.4/pass1-ge-3,granite4:micro,0.64,0.0798973,11.5,13.821125,13.0,7.0,24.5,False,0.00025,0.0,0.0,0.0,0.002495833333333333,0.0,0.2347625000000001,gpt-5.4,pass_1,3.0,100,False,3402836480,T4,T4,False
gpt-5.4/pass1-ge-3,granite4:micro-h,0.75,0.0651603,5.5,5.28925,5.0,1.5,9.5,False,0.1905,0.0,0.02410416666666666,0.5,0.5614500000000002,1.0,0.9838,gpt-5.4,pass_1,3.0,100,False,3191396096,T4,T4,False
gpt-5.4/pass1-ge-3,hf.co/LiquidAI/LFM2-1.2B-GGUF:Q4_K_M,0.23,0.0186997,88.0,88.459875,88.0,74.5,104.0,False,0.08475,0.0,0.0,0.0,0.0,0.0,0.0,gpt-5.4,pass_1,3.0,100,False,1170340608,T2,T2,False
gpt-5.4/pass1-ge-3,hf.co/LiquidAI/LFM2-1.2B-GGUF:Q8_0,0.31,0.030554,74.0,75.753875,75.5,63.0,90.5,False,0.04675,0.0,0.0,0.0,0.0,0.0,0.0,gpt-5.4,pass_1,3.0,100,False,1170340608,T2,T2,False
gpt-5.4/pass1-ge-3,hf.co/LiquidAI/LFM2-350M-GGUF:Q4_K_M,0.04,0.011277400000000002,126.0,125.749625,126.0,115.0,134.5,False,0.0,0.0,0.0,0.0,0.0,0.0,0.0,gpt-5.4,pass_1,3.0,100,False,354483968,T1,T1,False
gpt-5.4/pass1-ge-3,hf.co/LiquidAI/LFM2-700M-GGUF:Q4_K_M,0.07,0.0220955,120.0,118.51625,119.0,104.98750000000001,130.0,False,0.0,0.0,0.0,0.0,0.0,0.0,0.0,gpt-5.4,pass_1,3.0,100,False,742489344,T1,T1,False
gpt-5.4/pass1-ge-3,hf.co/NousResearch/Hermes-3-Llama-3.2-3B-GGUF:Q4_K_M,0.36,0.0769492,70.0,68.21575,69.5,48.5,82.0,False,0.0,0.0,0.0,0.0,0.0,0.0,0.0,gpt-5.4,pass_1,3.0,100,False,3212749888,T4,T3,True
gpt-5.4/pass1-ge-3,hf.co/NousResearch/Hermes-3-Llama-3.2-3B-GGUF:Q8_0,0.41,0.0991791,65.0,61.0085,62.0,43.0,75.0,False,0.0,0.0,0.0,0.0,0.0,0.0,0.0,gpt-5.4,pass_1,3.0,100,False,3212749888,T4,T3,True
gpt-5.4/pass1-ge-3,hf.co/Qwen/Qwen2.5-1.5B-Instruct-GGUF:Q4_K_M,0.35,0.038428699999999996,71.0,69.864875,70.5,52.5,83.0,False,0.008,0.0,0.0,0.0,0.0,0.0,0.0,gpt-5.4,pass_1,3.0,100,False,1777088000,T2,T2,False
gpt-5.4/pass1-ge-3,hf.co/Qwen/Qwen2.5-3B-Instruct-GGUF:Q4_K_M,0.57,0.09588630000000001,19.5,24.04525,23.5,13.5,39.5,False,0.0,0.0,0.0,0.0,0.0,0.0,0.0010708333333333334,gpt-5.4,pass_1,3.0,100,False,3397103616,T4,T4,False
gpt-5.4/pass1-ge-3,hf.co/Qwen/Qwen3-4B-GGUF:Q4_K_M,0.63,0.2571047,13.5,15.462625,14.5,5.0,32.5,False,0.00175,0.0,0.0017708333333333332,0.0,0.0299375,0.0,0.24449583333333347,gpt-5.4,pass_1,3.0,100,False,4022468096,T5,T5,False
gpt-5.4/pass1-ge-3,hf.co/allenai/OLMo-2-0425-1B-Instruct-GGUF:Q4_K_M,0.15,0.061812700000000005,103.5,102.89525,102.5,90.0,118.0,False,0.0,0.0,0.0,0.0,0.0,0.0,0.0,gpt-5.4,pass_1,3.0,100,False,1484916736,T2,T1,True
gpt-5.4/pass1-ge-3,hf.co/bartowski/Llama-3.2-3B-Instruct-GGUF:IQ4_XS,0.48,0.06516,46.5,44.994375,45.5,26.5,63.0,False,0.0,0.0,0.0,0.0,0.0,0.0,0.0,gpt-5.4,pass_1,3.0,100,False,3212749888,T4,T3,True
gpt-5.4/pass1-ge-3,hf.co/bartowski/Llama-3.2-3B-Instruct-GGUF:Q3_K_L,0.43,0.06620140000000001,60.5,55.83325,57.5,30.0,74.0,False,0.0,0.0,0.0,0.0,0.0,0.0,8.333333333333333e-05,gpt-5.4,pass_1,3.0,100,False,3212749888,T4,T3,True
gpt-5.4/pass1-ge-3,hf.co/bartowski/Llama-3.2-3B-Instruct-GGUF:Q5_K_M,0.54,0.07428490000000001,29.5,29.5125,29.5,18.5,42.0,False,0.0,0.0,0.0,0.0,0.0,0.0,0.0,gpt-5.4,pass_1,3.0,100,False,3212749888,T4,T3,True
gpt-5.4/pass1-ge-3,hf.co/bartowski/Llama-3.2-3B-Instruct-GGUF:Q6_K,0.44,0.0734838,56.5,55.44175,55.5,43.5,65.5,False,0.0,0.0,0.0,0.0,0.0,0.0,0.0,gpt-5.4,pass_1,3.0,100,False,3212749888,T4,T3,True
gpt-5.4/pass1-ge-3,hf.co/ggml-org/SmolLM3-3B-GGUF:Q4_K_M,0.45,0.110296,52.5,51.52875,52.5,29.0,67.0,False,0.0,0.0,0.0,0.0,0.0,0.0,0.0,gpt-5.4,pass_1,3.0,100,False,3075098624,T4,T3,True
gpt-5.4/pass1-ge-3,hf.co/ggml-org/SmolLM3-3B-GGUF:Q8_0,0.43,0.13829260000000002,60.5,55.702875,57.5,28.5,75.5,False,0.0,0.0,0.0,0.0,0.0,0.0,0.0,gpt-5.4,pass_1,3.0,100,False,3075098624,T4,T3,True
gpt-5.4/pass1-ge-3,hf.co/openbmb/MiniCPM3-4B-GGUF:Q4_K_M,0.46,0.0784251,49.0,50.32625,51.0,27.5,69.0,False,0.0,0.0,0.0,0.0,0.0,0.0,0.0,gpt-5.4,pass_1,3.0,100,False,4073876000,T5,T4,True
gpt-5.4/pass1-ge-3,hf.co/tiiuae/Falcon-H1-0.5B-Instruct-GGUF:Q4_K_M,0.18,0.034294200000000004,97.0,97.546125,97.0,81.5,115.5,False,0.0,0.0,0.0,0.0,0.0,0.0,0.0,gpt-5.4,pass_1,3.0,100,False,521411104,T1,T1,False
gpt-5.4/pass1-ge-3,hf.co/tiiuae/Falcon-H1-1.5B-Deep-Instruct-GGUF:IQ4_XS,0.45,0.1053772,52.5,52.923625,53.0,35.0,69.0,False,0.0,0.0,0.0,0.0,0.0,0.0,0.0,gpt-5.4,pass_1,3.0,100,False,1554874768,T2,T2,False
gpt-5.4/pass1-ge-3,hf.co/tiiuae/Falcon-H1-1.5B-Deep-Instruct-GGUF:Q4_K_M,0.46,0.09332829999999999,49.0,50.40825,50.0,31.5,69.0,False,0.0,0.0,0.0,0.0,0.0,0.0,0.0,gpt-5.4,pass_1,3.0,100,False,1554874768,T2,T2,False
gpt-5.4/pass1-ge-3,hf.co/tiiuae/Falcon-H1-3B-Instruct-GGUF:Q4_K_M,0.66,0.12489019999999998,10.0,12.280625,11.5,5.5,24.0,False,0.00075,0.0,0.00025,0.0,0.025225,1.0,0.40732083333333313,gpt-5.4,pass_1,3.0,100,False,3149392384,T4,T3,True
gpt-5.4/pass1-ge-3,hf.co/unsloth/Llama-3.2-1B-Instruct-GGUF:Q4_K_M,0.15,0.0180221,103.5,103.13425,103.5,87.5,117.01250000000005,False,0.0015,0.0,0.0,0.0,0.0,0.0,0.0,gpt-5.4,pass_1,3.0,100,False,1235814432,T2,T2,False
gpt-5.4/pass1-ge-3,hf.co/unsloth/Phi-4-mini-instruct-GGUF:Q4_K_M,0.54,0.10440899999999999,29.5,30.5345,29.0,12.987500000000004,56.5,False,0.0,0.0,0.0,0.0,0.0,0.0,0.004791666666666666,gpt-5.4,pass_1,3.0,100,False,3836021856,T4,T4,False
gpt-5.4/pass1-ge-3,hf.co/unsloth/Qwen3-4B-GGUF:Q4_K_M,0.75,0.09334010000000001,5.5,5.4265,5.0,1.0,11.0,False,0.238,0.0,0.04564583333333335,0.5,0.5462250000000001,1.0,0.9626208333333333,gpt-5.4,pass_1,3.0,100,False,4022468096,T5,T5,False
gpt-5.4/pass1-ge-3,internlm2:1.8b,0.17,0.030893100000000003,100.0,98.849375,99.0,84.5,112.0,False,0.0,0.0,0.0,0.0,0.0,0.0,0.0,gpt-5.4,pass_1,3.0,100,False,1889110016,T2,T2,False
gpt-5.4/pass1-ge-3,llama3.2:1b,0.11,0.0269072,110.5,111.544,110.5,99.5,126.0,False,0.0,0.0,0.0,0.0,0.0,0.0,0.0,gpt-5.4,pass_1,3.0,100,False,1235814432,T2,T2,False
gpt-5.4/pass1-ge-3,llama3.2:1b-instruct-q4_K_M,0.11,0.022604799999999994,110.5,110.771125,110.5,98.0,124.5,False,0.0,0.0,0.0,0.0,0.0,0.0,0.0,gpt-5.4,pass_1,3.0,100,False,1235814432,T2,T1,True
gpt-5.4/pass1-ge-3,llama3.2:1b-instruct-q8_0,0.12,0.026446500000000005,108.5,109.0835,108.0,97.0,124.0,False,0.0,0.0,0.0,0.0,0.0,0.0,0.0,gpt-5.4,pass_1,3.0,100,False,1235814432,T2,T2,False
gpt-5.4/pass1-ge-3,llama3.2:3b,0.55,0.05392730000000001,26.0,27.726875,26.5,11.5,49.512500000000045,False,0.003,0.0,0.0,0.0,0.0,0.0,0.015450000000000004,gpt-5.4,pass_1,3.0,100,False,3212749888,T4,T4,False
gpt-5.4/pass1-ge-3,llama3.2:3b-instruct-q4_K_M,0.46,0.053858199999999995,49.0,49.460625,50.0,27.0,68.0,False,0.00075,0.0,0.0,0.0,0.0,0.0,0.0,gpt-5.4,pass_1,3.0,100,False,3212749888,T4,T3,True
gpt-5.4/pass1-ge-3,llama3.2:3b-instruct-q8_0,0.5,0.08039449999999998,42.5,40.525,41.0,22.5,57.5,False,0.0,0.0,0.0,0.0,0.0,0.0,0.0,gpt-5.4,pass_1,3.0,100,False,3212749888,T4,T4,False
gpt-5.4/pass1-ge-3,ministral-3:3b,0.56,0.10715520000000002,22.0,26.7795,25.0,13.5,48.0,False,0.0,0.0,0.0,0.0,0.0,0.0,0.0034541666666666675,gpt-5.4,pass_1,3.0,100,False,3849090048,T4,T4,False
gpt-5.4/pass1-ge-3,nemotron-mini:4b,0.19,0.0678951,94.5,95.347625,95.5,82.5,108.5,False,0.0,0.0,0.0,0.0,0.0,0.0,0.0,gpt-5.4,pass_1,3.0,100,False,4190509056,T5,T5,False
gpt-5.4/pass1-ge-3,nemotron-mini:4b-instruct-q4_K_M,0.2,0.06775320000000001,93.0,93.360375,93.5,78.0,108.5,False,0.0,0.0,0.0,0.0,0.0,0.0,0.0,gpt-5.4,pass_1,3.0,100,False,4190509056,T5,T5,False
gpt-5.4/pass1-ge-3,nemotron-mini:4b-instruct-q8_0,0.25,0.11059119999999999,85.0,84.77175,84.5,75.0,96.5,False,0.0,0.0,0.0,0.0,0.0,0.0,0.0,gpt-5.4,pass_1,3.0,100,False,4190509056,T5,T5,False
gpt-5.4/pass1-ge-3,opencoder:1.5b,0.15,0.07436240000000001,103.5,102.658,103.0,85.5,120.0,False,0.0,0.0,0.0,0.0,0.0,0.0,0.0,gpt-5.4,pass_1,3.0,100,False,1905650880,T2,T2,False
gpt-5.4/pass1-ge-3,phi3.5:3.8b,0.52,0.14908549999999998,35.0,35.456,35.0,17.5,56.5,False,0.0,0.0,0.0,0.0,0.0,0.0,0.0,gpt-5.4,pass_1,3.0,100,False,3821079648,T4,T4,False
gpt-5.4/pass1-ge-3,phi3.5:3.8b-mini-instruct-q8_0,0.51,0.2185186,39.5,38.393375,38.0,19.0,60.0,False,0.0,0.0,0.0,0.0,0.0,0.0,0.0,gpt-5.4,pass_1,3.0,100,False,3821079648,T4,T4,False
gpt-5.4/pass1-ge-3,phi3:3.8b,0.44,0.10969870000000002,56.5,54.7615,55.5,36.487500000000004,69.0,False,0.0,0.0,0.0,0.0,0.0,0.0,0.0,gpt-5.4,pass_1,3.0,100,False,3821079648,T4,T4,False
gpt-5.4/pass1-ge-3,phi3:3.8b-mini-128k-instruct-q8_0,0.44,0.12320129999999999,56.5,54.82325,55.5,33.987500000000004,73.0,False,0.0,0.0,0.0,0.0,0.0,0.0,0.0,gpt-5.4,pass_1,3.0,100,False,3821079648,T4,T4,False
gpt-5.4/pass1-ge-3,phi3:mini,0.43,0.10882840000000002,60.5,56.79625,58.0,37.0,69.51250000000005,False,0.0,0.0,0.0,0.0,0.0,0.0,0.0,gpt-5.4,pass_1,3.0,100,False,3821079648,T4,T4,False
gpt-5.4/pass1-ge-3,phi3:mini-128k,0.43,0.1089084,60.5,56.883,58.5,35.5,70.0,False,0.0,0.0,0.0,0.0,0.0,0.0,0.0,gpt-5.4,pass_1,3.0,100,False,3821079648,T4,T4,False
gpt-5.4/pass1-ge-3,phi3:mini-4k,0.44,0.1537809,56.5,54.818625,55.0,38.5,69.5,False,0.0,0.0,0.0,0.0,0.0,0.0,0.0,gpt-5.4,pass_1,3.0,100,False,3821079552,T4,T4,False
gpt-5.4/pass1-ge-3,phi4-mini,0.48,0.0958175,46.5,44.749375,45.5,21.5,64.5,False,0.0,0.0,0.0,0.0,0.0,0.0,0.00025,gpt-5.4,pass_1,3.0,100,False,3836021856,T4,T4,False
gpt-5.4/pass1-ge-3,phi4-mini-reasoning,0.49,0.2828102,44.5,42.442125,43.0,16.0,67.5,False,0.0,0.0,0.0,0.0,0.00025,0.0,0.0039375,gpt-5.4,pass_1,3.0,100,False,3836021856,T4,T4,False
gpt-5.4/pass1-ge-3,qwen2-math:1.5b,0.04,0.0745381,126.0,126.503875,126.5,116.5,135.0,False,0.0,0.0,0.0,0.0,0.0,0.0,0.0,gpt-5.4,pass_1,3.0,100,False,1543714304,T2,T2,False
gpt-5.4/pass1-ge-3,qwen2.5-coder:0.5b,0.15,0.025064600000000003,103.5,102.2695,102.5,87.48750000000001,115.5,False,0.00075,0.0,0.0,0.0,0.0,0.0,0.0,gpt-5.4,pass_1,3.0,100,False,494032768,T1,T1,False
gpt-5.4/pass1-ge-3,qwen2.5-coder:1.5b,0.31,0.05254289999999999,74.0,75.43075,75.5,63.5,87.0,False,0.0,0.0,0.0,0.0,0.0,0.0,0.0,gpt-5.4,pass_1,3.0,100,False,1543714304,T2,T2,False
gpt-5.4/pass1-ge-3,qwen2.5-coder:1.5b-instruct-q8_0,0.22,0.0742927,90.5,90.553125,89.5,80.0,105.0,False,0.0,0.0,0.0,0.0,0.0,0.0,0.0,gpt-5.4,pass_1,3.0,100,False,1543714304,T2,T2,False
gpt-5.4/pass1-ge-3,qwen2.5-coder:3b,0.45,0.094148,52.5,52.237,53.0,29.5,69.5,False,0.0,0.0,0.0,0.0,0.0,0.0,0.0,gpt-5.4,pass_1,3.0,100,False,3085938688,T4,T4,False
gpt-5.4/pass1-ge-3,qwen2.5-coder:3b-instruct-q4_K_M,0.53,0.09297190000000001,31.5,33.132875,32.5,17.5,53.5,False,0.0,0.0,0.0,0.0,0.0,0.0,0.0005,gpt-5.4,pass_1,3.0,100,False,3085938688,T4,T4,False
gpt-5.4/pass1-ge-3,qwen2.5-coder:3b-instruct-q8_0,0.56,0.15580289999999997,22.0,26.5235,25.0,15.5,44.512500000000045,False,0.0,0.0,0.0,0.0,0.0,0.0,0.000375,gpt-5.4,pass_1,3.0,100,False,3085938688,T4,T4,False
gpt-5.4/pass1-ge-3,qwen2.5:0.5b,0.03,0.0324637,130.0,128.116875,128.5,119.0,135.0,False,0.0,0.0,0.0,0.0,0.0,0.0,0.0,gpt-5.4,pass_1,3.0,100,False,494032768,T1,T1,False
gpt-5.4/pass1-ge-3,qwen2.5:0.5b-instruct-q4_K_M,0.03,0.0319782,130.0,128.052375,128.5,117.0,135.0,False,0.0,0.0,0.0,0.0,0.0,0.0,0.0,gpt-5.4,pass_1,3.0,100,False,494032768,T1,T1,False
gpt-5.4/pass1-ge-3,qwen2.5:0.5b-instruct-q8_0,0.04,0.034305,126.0,126.52925,126.5,117.5,135.0,False,0.0,0.0,0.0,0.0,0.0,0.0,0.0,gpt-5.4,pass_1,3.0,100,False,494032768,T1,T1,False
gpt-5.4/pass1-ge-3,qwen2.5:1.5b,0.22,0.053494799999999995,90.5,90.099375,90.0,76.5,103.5,False,0.0,0.0,0.0,0.0,0.0,0.0,0.0,gpt-5.4,pass_1,3.0,100,False,1543714304,T2,T2,False
gpt-5.4/pass1-ge-3,qwen2.5:1.5b-instruct-q4_K_M,0.26,0.053314699999999986,82.0,82.950375,83.0,70.0,98.0,False,0.0,0.0,0.0,0.0,0.0,0.0,0.0,gpt-5.4,pass_1,3.0,100,False,1543714304,T2,T2,False
gpt-5.4/pass1-ge-3,qwen2.5:1.5b-instruct-q8_0,0.29,0.0777736,77.5,78.008,78.0,67.5,89.0,False,0.0,0.0,0.0,0.0,0.0,0.0,0.0,gpt-5.4,pass_1,3.0,100,False,1543714304,T2,T2,False
gpt-5.4/pass1-ge-3,qwen2.5:3b,0.51,0.10877729999999998,39.5,37.535,37.0,21.0,56.5,False,0.0,0.0,0.0,0.0,0.0,0.0,0.0,gpt-5.4,pass_1,3.0,100,False,3085938688,T4,T4,False
gpt-5.4/pass1-ge-3,qwen2.5:3b-instruct-q4_K_M,0.52,0.10583500000000001,35.0,34.944875,34.5,19.487500000000004,53.5,False,0.0,0.0,0.0,0.0,0.0,0.0,0.0,gpt-5.4,pass_1,3.0,100,False,3085938688,T4,T4,False
gpt-5.4/pass1-ge-3,qwen2.5:3b-instruct-q8_0,0.51,0.17272310000000002,39.5,37.609125,37.5,21.5,54.5,False,0.0,0.0,0.0,0.0,0.0,0.0,0.0,gpt-5.4,pass_1,3.0,100,False,3085938688,T4,T4,False
gpt-5.4/pass1-ge-3,qwen2:0.5b-instruct-q8_0,0.08,0.019274100000000002,117.5,116.043,116.5,103.0,127.0,False,0.0,0.0,0.0,0.0,0.0,0.0,0.0,gpt-5.4,pass_1,3.0,100,False,494032768,T1,T1,False
gpt-5.4/pass1-ge-3,qwen2:1.5b,0.14,0.0268809,106.0,104.225,105.0,89.5,116.0,False,0.0,0.0,0.0,0.0,0.0,0.0,0.0,gpt-5.4,pass_1,3.0,100,False,1543714304,T2,T2,False
gpt-5.4/pass1-ge-3,qwen2:1.5b-instruct-q8_0,0.22,0.04402440000000001,90.5,90.16575,90.0,76.0,104.5,False,0.0,0.0,0.0,0.0,0.0,0.0,0.0,gpt-5.4,pass_1,3.0,100,False,1543714304,T2,T2,False
gpt-5.4/pass1-ge-3,qwen3.5:2b,0.39,0.10294600000000001,66.0,64.033375,65.5,42.5,79.5,False,0.0,0.0,0.0,0.0,0.0,0.0,0.0,gpt-5.4,pass_1,3.0,100,False,2274069824,T3,T2,True
gpt-5.4/pass1-ge-3,qwen3:0.6b,0.25,0.0153814,85.0,84.68425,84.5,72.0,98.5,True,0.56575,0.0,0.0,0.0,0.0,0.0,0.0,gpt-5.4,pass_1,3.0,100,False,751632384,T1,T1,False
gpt-5.4/pass1-ge-3,qwen3:0.6b-fp16,0.31,0.0282127,74.0,75.89525,75.0,62.487500000000004,92.0,False,0.0185,0.0,0.0,0.0,0.0,0.0,0.0,gpt-5.4,pass_1,3.0,100,False,751632384,T1,T1,False
gpt-5.4/pass1-ge-3,qwen3:0.6b-q8_0,0.37,0.018881900000000004,69.0,66.559625,68.0,44.0,81.5,True,0.867,0.0,0.0,0.0,0.0,0.0,0.0,gpt-5.4,pass_1,3.0,100,False,751632384,T1,T1,False
gpt-5.4/pass1-ge-3,qwen3:1.7b,0.6,0.0365625,17.0,20.910875,18.0,7.5,50.012500000000045,True,0.95825,0.0,0.0,0.0,0.003395833333333333,0.0,0.11646666666666665,gpt-5.4,pass_1,3.0,100,False,2031739904,T3,T3,False
gpt-5.4/pass1-ge-3,qwen3:1.7b-fp16,0.61,0.08118539999999999,15.5,19.367375,16.0,7.0,50.012500000000045,False,0.0005,0.0,0.0,0.0,0.004708333333333334,0.0,0.1510291666666667,gpt-5.4,pass_1,3.0,100,False,2031739904,T3,T3,False
gpt-5.4/pass1-ge-3,qwen3:1.7b-q8_0,0.53,0.053398499999999995,31.5,34.461375,31.5,13.0,66.5,False,0.0365,0.0,0.0,0.0,0.0,0.0,0.005291666666666666,gpt-5.4,pass_1,3.0,100,False,2031739904,T3,T3,False
gpt-5.4/pass1-ge-3,qwen3:4b,0.57,0.2570734,19.5,26.217125,22.5,8.5,58.0,False,0.0,0.0,0.0,0.0,0.0020833333333333333,0.0,0.05975416666666666,gpt-5.4,pass_1,3.0,100,False,4022468096,T5,T5,False
gpt-5.4/pass1-ge-3,qwen3:4b-instruct-2507-q4_K_M,0.77,0.10899769999999999,4.0,4.6595,4.0,2.0,10.5,False,0.29725,0.0,0.017270833333333336,1.0,0.7180916666666662,1.0,0.9716750000000001,gpt-5.4,pass_1,3.0,100,False,4022468096,T5,T5,False
gpt-5.4/pass1-ge-3,qwen3:4b-instruct-2507-q8_0,0.82,0.1605071,1.0,2.199375,1.5,1.0,6.0,True,0.45225,1.0,0.4875208333333329,1.0,0.9669916666666669,1.0,0.9991041666666667,gpt-5.4,pass_1,3.0,100,False,4022468096,T5,T5,False
gpt-5.4/pass1-ge-3,qwen3:4b-q8_0,0.81,0.1389434,2.0,2.140375,2.0,1.0,4.5,True,0.54325,0.0,0.3031458333333335,1.0,0.9859541666666667,1.0,0.999625,gpt-5.4,pass_1,3.0,100,False,4022468096,T5,T5,False
gpt-5.4/pass1-ge-3,qwen3:4b-thinking-2507-q4_K_M,0.55,0.2587354,26.0,30.367625,27.0,10.0,62.0,False,0.0,0.0,0.0,0.0,0.0013333333333333335,0.0,0.03162499999999999,gpt-5.4,pass_1,3.0,100,False,4022468096,T5,T4,True
gpt-5.4/pass1-ge-3,qwen3:4b-thinking-2507-q8_0,0.61,0.38266600000000006,15.5,19.559625,17.0,3.5,49.5,False,0.00525,0.0,0.006541666666666666,0.0,0.05729166666666666,0.0,0.21349583333333336,gpt-5.4,pass_1,3.0,100,False,4022468096,T5,T4,True
gpt-5.4/pass1-ge-3,sailor2:1b,0.03,0.05649899999999999,130.0,128.894375,129.0,121.5,135.0,False,0.0,0.0,0.0,0.0,0.0,0.0,0.0,gpt-5.4,pass_1,3.0,100,False,988064640,T1,T1,False
gpt-5.4/pass1-ge-3,smallthinker:3b-preview-q4_K_M,0.52,0.1830502,35.0,35.66325,34.0,13.0,65.5,False,0.0,0.0,0.0,0.0,0.00016666666666666666,0.0,0.005974999999999999,gpt-5.4,pass_1,3.0,100,False,3397103616,T4,T3,True
gpt-5.4/pass1-ge-3,smollm2:1.7b,0.29,0.05150450000000001,77.5,78.82625,78.5,68.5,91.0,False,0.0,0.0,0.0,0.0,0.0,0.0,0.0,gpt-5.4,pass_1,3.0,100,False,1711376384,T2,T2,False
gpt-5.4/pass1-ge-3,smollm2:1.7b-instruct-q8_0,0.3,0.051941799999999996,76.0,76.660375,76.5,65.0,88.5,False,0.0,0.0,0.0,0.0,0.0,0.0,0.0,gpt-5.4,pass_1,3.0,100,False,1711376384,T2,T2,False
gpt-5.4/pass1-ge-3,smollm2:135m,0.02,0.0119867,133.0,131.136375,131.5,124.0,136.0,False,0.0,0.0,0.0,0.0,0.0,0.0,0.0,gpt-5.4,pass_1,3.0,100,False,134515008,T1,T1,False
gpt-5.4/pass1-ge-3,smollm2:135m-instruct-q8_0,0.03,0.00814,130.0,128.61725,129.0,120.0,135.0,False,0.00025,0.0,0.0,0.0,0.0,0.0,0.0,gpt-5.4,pass_1,3.0,100,False,134515008,T1,T1,False
gpt-5.4/pass1-ge-3,smollm2:360m,0.1,0.017338700000000002,113.0,112.269375,112.5,100.0,123.0,False,0.00025,0.0,0.0,0.0,0.0,0.0,0.0,gpt-5.4,pass_1,3.0,100,False,361821120,T1,T1,False
gpt-5.4/pass1-ge-3,smollm2:360m-instruct-q8_0,0.06,0.012322199999999998,123.0,121.453375,122.0,108.0,133.0,False,0.001,0.0,0.0,0.0,0.0,0.0,0.0,gpt-5.4,pass_1,3.0,100,False,361821120,T1,T1,False
gpt-5.4/pass1-ge-3,smollm:1.7b,0.06,0.0749611,123.0,121.83875,122.0,106.5,134.5,False,0.0,0.0,0.0,0.0,0.0,0.0,0.0,gpt-5.4,pass_1,3.0,100,False,1711376384,T2,T2,False
gpt-5.4/pass1-ge-3,smollm:360m,0.01,0.025851599999999995,135.0,134.18275,134.5,130.0,136.5,False,0.0,0.0,0.0,0.0,0.0,0.0,0.0,gpt-5.4,pass_1,3.0,100,False,361821120,T1,T1,False
gpt-5.4/pass1-ge-3,stablelm2:1.6b,0.06,0.057245799999999986,123.0,121.829625,121.5,112.0,133.0,False,0.0,0.0,0.0,0.0,0.0,0.0,0.0,gpt-5.4,pass_1,3.0,100,False,1644515328,T2,T2,False
gpt-5.4/pass1-ge-3,stablelm2:1.6b-chat,0.07,0.0572737,120.0,118.96775,119.0,106.5,131.5,False,0.0,0.0,0.0,0.0,0.0,0.0,0.0,gpt-5.4,pass_1,3.0,100,False,1644515328,T2,T2,False
gpt-5.4/pass1-ge-3,stablelm2:1.6b-zephyr,0.1,0.0446021,113.0,112.733875,112.5,101.98750000000001,124.0,False,0.0,0.0,0.0,0.0,0.0,0.0,0.0,gpt-5.4,pass_1,3.0,100,False,1644515328,T2,T2,False
gpt-5.4/pass1-ge-3,starcoder2:3b,0.0,0.13843060000000001,137.0,136.226125,136.5,134.5,137.0,False,0.0,0.0,0.0,0.0,0.0,0.0,0.0,gpt-5.4,pass_1,3.0,100,True,3030371328,T4,T3,True
gpt-5.4/pass1-ge-3,starcoder2:3b-q6_K,0.03,0.1815079,130.0,128.525875,129.0,119.5,134.5,False,0.0,0.0,0.0,0.0,0.0,0.0,0.0,gpt-5.4,pass_1,3.0,100,False,3030371328,T4,T3,True
gpt-5.4/pass1-ge-3,starcoder2:3b-q8_0,0.01,0.2077656,135.0,133.969625,134.5,128.5,136.5,False,0.0,0.0,0.0,0.0,0.0,0.0,0.0,gpt-5.4,pass_1,3.0,100,False,3030371328,T4,T3,True
gpt-5.4/pass1-ge-3,tinyllama:1.1b,0.08,0.037376900000000005,117.5,116.894,117.0,107.0,126.0,False,0.0,0.0,0.0,0.0,0.0,0.0,0.0,gpt-5.4,pass_1,3.0,100,False,1100048384,T2,T2,False
gpt-5.4/pass1-ge-3,tinyllama:1.1b-chat-v1-q8_0,0.12,0.06069599999999999,108.5,107.68225,108.5,88.0,124.5,False,0.0,0.0,0.0,0.0,0.0,0.0,0.0,gpt-5.4,pass_1,3.0,100,False,1100048384,T2,T2,False
gpt-5.4/pass1-ge-3,yi-coder:1.5b,0.19,0.05313199999999999,94.5,94.7595,95.5,77.5,109.0,False,0.0,0.0,0.0,0.0,0.0,0.0,0.0,gpt-5.4,pass_1,3.0,100,False,1476495360,T2,T2,False
gpt-5.4/pass1-ge-3.5,codegemma:2b,0.0,0.10250499999999999,125.5,119.893,121.5,109.5,125.5,False,0.0,0.0,0.0,0.0,0.0,0.0,0.0,gpt-5.4,pass_1,3.5,100,True,2506172416,T3,T2,True
gpt-5.4/pass1-ge-3.5,codegemma:2b-code-q6_K,0.01,0.0531285,103.5,101.628125,103.0,72.5,123.5,False,0.0,0.0,0.0,0.0,0.0,0.0,0.0,gpt-5.4,pass_1,3.5,100,False,2506172416,T3,T2,True
gpt-5.4/pass1-ge-3.5,cogito:3b,0.11,0.0465268,43.5,43.35675,43.5,18.5,69.01250000000005,False,0.098,0.0,0.0,0.0,0.0,0.0,0.00042410714285714285,gpt-5.4,pass_1,3.5,100,False,3606752320,T4,T3,True
gpt-5.4/pass1-ge-3.5,cogito:3b-v1-preview-llama-q8_0,0.11,0.0701172,43.5,42.970875,43.0,25.5,60.0,False,0.0,0.0,0.0,0.0,0.0,0.0,0.00025,gpt-5.4,pass_1,3.5,100,False,3606752320,T4,T3,True
gpt-5.4/pass1-ge-3.5,deepseek-coder:1.3b,0.0,0.0654276,125.5,119.893,121.5,109.5,125.5,False,0.0,0.0,0.0,0.0,0.0,0.0,0.0,gpt-5.4,pass_1,3.5,100,True,1346471936,T2,T2,False
gpt-5.4/pass1-ge-3.5,deepseek-coder:1.3b-instruct-q8_0,0.01,0.097566,103.5,102.36075,103.5,74.5,124.5,False,0.0,0.0,0.0,0.0,0.0,0.0,0.0,gpt-5.4,pass_1,3.5,100,False,1346471936,T2,T2,False
gpt-5.4/pass1-ge-3.5,falcon3:1b,0.01,0.09954219999999997,103.5,103.842625,102.0,90.0,118.0,False,0.0,0.0,0.0,0.0,0.0,0.0,0.0,gpt-5.4,pass_1,3.5,100,False,1669408768,T2,T2,False
gpt-5.4/pass1-ge-3.5,falcon3:1b-instruct-q8_0,0.01,0.09960649999999997,103.5,103.842625,102.0,90.0,118.0,False,0.0,0.0,0.0,0.0,0.0,0.0,0.0,gpt-5.4,pass_1,3.5,100,False,1669408768,T2,T2,False
gpt-5.4/pass1-ge-3.5,falcon3:3b,0.03,0.0586016,77.5,81.77325,78.0,65.0,116.0,False,0.0,0.0,0.0,0.0,0.0,0.0,0.0,gpt-5.4,pass_1,3.5,100,False,3227655168,T4,T4,False
gpt-5.4/pass1-ge-3.5,falcon3:3b-instruct-q4_K_M,0.02,0.058018900000000005,87.0,94.039,88.0,71.0,118.0,False,0.0,0.0,0.0,0.0,0.0,0.0,0.0,gpt-5.4,pass_1,3.5,100,False,3227655168,T4,T4,False
gpt-5.4/pass1-ge-3.5,falcon3:3b-instruct-q8_0,0.13,0.09732470000000001,34.5,37.624875,36.0,12.0,70.0,False,0.0,0.0,0.0,0.0,0.0,0.0,0.014795833333333334,gpt-5.4,pass_1,3.5,100,False,3227655168,T4,T4,False
gpt-5.4/pass1-ge-3.5,gemma2:2b,0.09,0.06473620000000001,55.0,52.083375,53.5,20.5,82.5,False,0.0,0.0,0.0,0.0,0.0,0.0,0.0017916666666666665,gpt-5.4,pass_1,3.5,100,False,2614341888,T3,T3,False
gpt-5.4/pass1-ge-3.5,gemma2:2b-instruct-q4_K_M,0.09,0.06000190000000001,55.0,52.4235,52.5,38.487500000000004,66.0,False,0.0,0.0,0.0,0.0,0.0,0.0,0.0,gpt-5.4,pass_1,3.5,100,False,2614341888,T3,T2,True
gpt-5.4/pass1-ge-3.5,gemma2:2b-instruct-q8_0,0.09,0.0859835,55.0,52.514625,53.0,22.0,88.0,False,0.0,0.0,0.0,0.0,0.0,0.0,0.0,gpt-5.4,pass_1,3.5,100,False,2614341888,T3,T3,False
gpt-5.4/pass1-ge-3.5,gemma3:1b,0.03,0.0230552,77.5,81.83225,79.0,62.0,114.0,False,0.00525,0.0,0.0,0.0,0.0,0.0,0.0,gpt-5.4,pass_1,3.5,100,False,999885952,T1,T1,False
gpt-5.4/pass1-ge-3.5,gemma3:1b-it-q8_0,0.04,0.023906599999999997,72.0,76.810375,73.0,51.0,114.0,False,0.00025,0.0,0.0,0.0,0.0,0.0,0.0,gpt-5.4,pass_1,3.5,100,False,999885952,T1,T1,False
gpt-5.4/pass1-ge-3.5,gemma3:1b-it-qat,0.06,0.020576200000000003,68.0,64.69875,64.5,39.0,109.5,True,0.61375,0.0,0.0,0.0,0.0,0.0,0.0,gpt-5.4,pass_1,3.5,100,False,999885952,T1,T1,False
gpt-5.4/pass1-ge-3.5,gemma3:270m,0.0,0.0052651,125.5,119.893,121.5,109.5,125.5,True,0.97675,0.0,0.0,0.0,0.0,0.0,0.0,gpt-5.4,pass_1,3.5,100,True,268098176,T1,T1,False
gpt-5.4/pass1-ge-3.5,gemma3:270m-it-qat,0.0,0.007723500000000001,125.5,119.893,121.5,109.5,125.5,False,0.02325,0.0,0.0,0.0,0.0,0.0,0.0,gpt-5.4,pass_1,3.5,100,True,268098176,T1,T1,False
gpt-5.4/pass1-ge-3.5,gemma3:4b,0.24,0.0641429,8.0,11.8,10.0,6.0,29.5,False,0.032,0.0,0.0,0.0,0.005291666666666667,1.0,0.5306755952380954,gpt-5.4,pass_1,3.5,100,False,4299915632,T5,T5,False
gpt-5.4/pass1-ge-3.5,gemma3:4b-it-q4_K_M,0.22,0.06425800000000001,12.0,14.944625,13.0,7.0,35.512500000000045,False,0.00275,0.0,0.0,0.0,0.0013749999999999997,0.0,0.2811630952380952,gpt-5.4,pass_1,3.5,100,False,4299915632,T5,T5,False
gpt-5.4/pass1-ge-3.5,gemma3:4b-it-q8_0,0.2,0.08659489999999997,15.0,19.1435,16.0,8.0,45.5,False,0.00025,0.0,0.0,0.0,0.00225,0.0,0.1293238095238095,gpt-5.4,pass_1,3.5,100,False,4299915632,T5,T5,False
gpt-5.4/pass1-ge-3.5,gemma3:4b-it-qat,0.23,0.07702389999999999,9.5,13.67775,11.5,6.0,36.0,False,0.0,0.0,0.0,0.0,0.006375,1.0,0.443607142857143,gpt-5.4,pass_1,3.5,100,False,4300079472,T5,T5,False
gpt-5.4/pass1-ge-3.5,gemma3n:e2b,0.19,0.0648302,16.0,21.45375,17.5,7.5,54.0,False,0.00125,0.0,0.0,0.0,0.000625,0.0,0.155008630952381,gpt-5.4,pass_1,3.5,100,False,4456156768,T5,T5,False
gpt-5.4/pass1-ge-3.5,gemma4:e2b-it-qat,0.33,0.0504522,5.0,6.3015,5.0,3.0,15.5,True,0.93975,0.0,0.0001875,1.0,0.5851041666666668,1.0,0.9323607142857145,gpt-5.4,pass_1,3.5,100,False,4628569635,T5,T5,False
gpt-5.4/pass1-ge-3.5,gemma:2b,0.01,0.048510500000000005,103.5,101.628125,103.0,72.5,123.5,False,0.0,0.0,0.0,0.0,0.0,0.0,0.0,gpt-5.4,pass_1,3.5,100,False,2506434560,T3,T3,False
gpt-5.4/pass1-ge-3.5,gemma:2b-instruct-q4_K_M,0.02,0.04429810000000001,87.0,89.088125,87.0,69.5,114.0,False,0.0,0.0,0.0,0.0,0.0,0.0,0.0,gpt-5.4,pass_1,3.5,100,False,2506434560,T3,T2,True
gpt-5.4/pass1-ge-3.5,gemma:2b-instruct-q8_0,0.01,0.06085420000000001,103.5,101.628125,103.0,72.5,123.5,False,0.0,0.0,0.0,0.0,0.0,0.0,0.0,gpt-5.4,pass_1,3.5,100,False,2506434560,T3,T3,False
gpt-5.4/pass1-ge-3.5,granite3.1-dense:2b,0.16,0.08316719999999998,21.0,26.94925,23.5,8.5,62.0,False,0.00025,0.0,0.0,0.0,0.00041666666666666664,0.0,0.07003154761904762,gpt-5.4,pass_1,3.5,100,False,2533531648,T3,T3,False
gpt-5.4/pass1-ge-3.5,granite3.1-dense:2b-instruct-q8_0,0.15,0.1141953,25.0,29.69,26.5,12.0,60.0,False,0.0,0.0,0.0,0.0,0.0,0.0,0.009854166666666666,gpt-5.4,pass_1,3.5,100,False,2533531648,T3,T3,False
gpt-5.4/pass1-ge-3.5,granite3.1-moe:3b,0.02,0.0334147,87.0,89.41625,87.0,64.0,123.0,False,0.00425,0.0,0.0,0.0,0.0,0.0,0.0,gpt-5.4,pass_1,3.5,100,False,3298793472,T4,T4,False
gpt-5.4/pass1-ge-3.5,granite3.2:2b,0.13,0.1216954,34.5,36.7685,35.0,13.5,69.01250000000005,False,0.0,0.0,0.0,0.0,0.0,0.0,0.004883333333333334,gpt-5.4,pass_1,3.5,100,False,2533531648,T3,T3,False
gpt-5.4/pass1-ge-3.5,granite3.2:2b-instruct-q4_K_M,0.14,0.1221751,29.0,33.3175,31.0,11.0,68.5,False,0.0,0.0,0.0,0.0,0.000125,0.0,0.022737500000000004,gpt-5.4,pass_1,3.5,100,False,2533531648,T3,T3,False
gpt-5.4/pass1-ge-3.5,granite3.3:2b,0.1,0.0769426,48.5,47.396375,48.0,12.987500000000004,87.5,False,0.0,0.0,0.0,0.0,0.0,0.0,0.011333333333333334,gpt-5.4,pass_1,3.5,100,False,2533539840,T3,T3,False
gpt-5.4/pass1-ge-3.5,granite4.1:3b,0.28,0.074758,7.0,8.600375,7.0,4.0,19.5,False,0.19075,0.0,0.000375,0.0,0.2124166666666667,1.0,0.7564148809523813,gpt-5.4,pass_1,3.5,100,False,3402836480,T4,T3,True
gpt-5.4/pass1-ge-3.5,granite4:1b-h,0.1,0.028435600000000005,48.5,47.875625,48.0,24.5,71.0,True,0.85775,0.0,0.0,0.0,0.0,0.0,0.0,gpt-5.4,pass_1,3.5,100,False,1461538368,T2,T2,False
gpt-5.4/pass1-ge-3.5,granite4:350m,0.01,0.012930599999999999,103.5,103.842625,102.0,90.0,118.0,False,0.0,0.0,0.0,0.0,0.0,0.0,0.0,gpt-5.4,pass_1,3.5,100,False,352379904,T1,T1,False
gpt-5.4/pass1-ge-3.5,granite4:350m-bf16,0.01,0.012712099999999999,103.5,103.842625,102.0,90.0,118.0,False,0.271,0.0,0.0,0.0,0.0,0.0,0.0,gpt-5.4,pass_1,3.5,100,False,352379904,T1,T1,False
gpt-5.4/pass1-ge-3.5,granite4:350m-h,0.0,0.0080541,125.5,119.893,121.5,109.5,125.5,False,0.0,0.0,0.0,0.0,0.0,0.0,0.0,gpt-5.4,pass_1,3.5,100,True,340332224,T1,T1,False
gpt-5.4/pass1-ge-3.5,granite4:micro,0.18,0.0798973,17.0,20.454875,19.0,9.0,38.0,False,0.00025,0.0,0.0,0.0,0.0,0.0,0.05662767857142858,gpt-5.4,pass_1,3.5,100,False,3402836480,T4,T4,False
gpt-5.4/pass1-ge-3.5,granite4:micro-h,0.29,0.0651603,6.0,7.33775,6.5,4.0,14.5,False,0.28,0.0,0.0005833333333333333,0.0,0.20541666666666672,1.0,0.8983645833333332,gpt-5.4,pass_1,3.5,100,False,3191396096,T4,T4,False
gpt-5.4/pass1-ge-3.5,hf.co/LiquidAI/LFM2-1.2B-GGUF:Q4_K_M,0.02,0.0186997,87.0,89.573,86.5,67.5,123.5,False,0.13625,0.0,0.0,0.0,0.0,0.0,0.0,gpt-5.4,pass_1,3.5,100,False,1170340608,T2,T2,False
gpt-5.4/pass1-ge-3.5,hf.co/LiquidAI/LFM2-1.2B-GGUF:Q8_0,0.03,0.030554,77.5,79.8175,79.0,62.5,111.5,False,0.0,0.0,0.0,0.0,0.0,0.0,0.0,gpt-5.4,pass_1,3.5,100,False,1170340608,T2,T2,False
gpt-5.4/pass1-ge-3.5,hf.co/LiquidAI/LFM2-350M-GGUF:Q4_K_M,0.0,0.011277400000000002,125.5,119.893,121.5,109.5,125.5,False,0.0,0.0,0.0,0.0,0.0,0.0,0.0,gpt-5.4,pass_1,3.5,100,True,354483968,T1,T1,False
gpt-5.4/pass1-ge-3.5,hf.co/LiquidAI/LFM2-700M-GGUF:Q4_K_M,0.0,0.0220955,125.5,119.893,121.5,109.5,125.5,False,0.0,0.0,0.0,0.0,0.0,0.0,0.0,gpt-5.4,pass_1,3.5,100,True,742489344,T1,T1,False
gpt-5.4/pass1-ge-3.5,hf.co/NousResearch/Hermes-3-Llama-3.2-3B-GGUF:Q4_K_M,0.03,0.0769492,77.5,81.98825,78.5,61.5,116.5,False,0.0,0.0,0.0,0.0,0.0,0.0,0.0,gpt-5.4,pass_1,3.5,100,False,3212749888,T4,T3,True
gpt-5.4/pass1-ge-3.5,hf.co/NousResearch/Hermes-3-Llama-3.2-3B-GGUF:Q8_0,0.07,0.0991791,64.5,59.654125,60.5,27.0,96.5,False,0.0,0.0,0.0,0.0,0.0,0.0,0.000175,gpt-5.4,pass_1,3.5,100,False,3212749888,T4,T3,True
gpt-5.4/pass1-ge-3.5,hf.co/Qwen/Qwen2.5-1.5B-Instruct-GGUF:Q4_K_M,0.07,0.038428699999999996,64.5,61.7595,61.5,22.5,118.0,False,0.1555,0.0,0.0,0.0,0.0,0.0,0.0,gpt-5.4,pass_1,3.5,100,False,1777088000,T2,T2,False
gpt-5.4/pass1-ge-3.5,hf.co/Qwen/Qwen2.5-3B-Instruct-GGUF:Q4_K_M,0.11,0.09588630000000001,43.5,43.174,42.5,22.0,68.0,False,0.0,0.0,0.0,0.0,0.0,0.0,0.0,gpt-5.4,pass_1,3.5,100,False,3397103616,T4,T4,False
gpt-5.4/pass1-ge-3.5,hf.co/Qwen/Qwen3-4B-GGUF:Q4_K_M,0.23,0.2571047,9.5,12.794625,11.0,6.5,28.5,False,0.0,0.0,0.0,0.0,0.0006458333333333333,1.0,0.4652276785714288,gpt-5.4,pass_1,3.5,100,False,4022468096,T5,T5,False
gpt-5.4/pass1-ge-3.5,hf.co/allenai/OLMo-2-0425-1B-Instruct-GGUF:Q4_K_M,0.01,0.061812700000000005,103.5,103.842625,102.0,90.0,118.0,False,0.0,0.0,0.0,0.0,0.0,0.0,0.0,gpt-5.4,pass_1,3.5,100,False,1484916736,T2,T1,True
gpt-5.4/pass1-ge-3.5,hf.co/bartowski/Llama-3.2-3B-Instruct-GGUF:IQ4_XS,0.11,0.06516,43.5,44.435625,44.0,22.0,69.5,False,0.0,0.0,0.0,0.0,0.0,0.0,0.0,gpt-5.4,pass_1,3.5,100,False,3212749888,T4,T3,True
gpt-5.4/pass1-ge-3.5,hf.co/bartowski/Llama-3.2-3B-Instruct-GGUF:Q3_K_L,0.04,0.06620140000000001,72.0,73.209125,72.0,59.0,92.5,False,0.0,0.0,0.0,0.0,0.0,0.0,0.0,gpt-5.4,pass_1,3.5,100,False,3212749888,T4,T3,True
gpt-5.4/pass1-ge-3.5,hf.co/bartowski/Llama-3.2-3B-Instruct-GGUF:Q5_K_M,0.14,0.07428490000000001,29.0,31.458625,30.5,13.5,54.5,False,0.0,0.0,0.0,0.0,0.0,0.0,0.005252380952380952,gpt-5.4,pass_1,3.5,100,False,3212749888,T4,T3,True
gpt-5.4/pass1-ge-3.5,hf.co/bartowski/Llama-3.2-3B-Instruct-GGUF:Q6_K,0.13,0.0734838,34.5,35.266375,35.0,18.5,53.0,False,0.0,0.0,0.0,0.0,0.0,0.0,0.00039821428571428576,gpt-5.4,pass_1,3.5,100,False,3212749888,T4,T3,True
gpt-5.4/pass1-ge-3.5,hf.co/ggml-org/SmolLM3-3B-GGUF:Q4_K_M,0.08,0.110296,60.5,56.796,57.25,21.5,99.5,False,0.0,0.0,0.0,0.0,0.0,0.0,0.0011666666666666665,gpt-5.4,pass_1,3.5,100,False,3075098624,T4,T3,True
gpt-5.4/pass1-ge-3.5,hf.co/ggml-org/SmolLM3-3B-GGUF:Q8_0,0.08,0.13829260000000002,60.5,56.119625,55.5,32.987500000000004,84.5,False,0.0,0.0,0.0,0.0,0.0,0.0,0.0,gpt-5.4,pass_1,3.5,100,False,3075098624,T4,T3,True
gpt-5.4/pass1-ge-3.5,hf.co/openbmb/MiniCPM3-4B-GGUF:Q4_K_M,0.09,0.0784251,55.0,52.31425,53.0,31.5,71.0,False,0.0,0.0,0.0,0.0,0.0,0.0,0.0,gpt-5.4,pass_1,3.5,100,False,4073876000,T5,T4,True
gpt-5.4/pass1-ge-3.5,hf.co/tiiuae/Falcon-H1-0.5B-Instruct-GGUF:Q4_K_M,0.02,0.034294200000000004,87.0,89.531625,87.0,71.0,116.0,False,0.0,0.0,0.0,0.0,0.0,0.0,0.0,gpt-5.4,pass_1,3.5,100,False,521411104,T1,T1,False
gpt-5.4/pass1-ge-3.5,hf.co/tiiuae/Falcon-H1-1.5B-Deep-Instruct-GGUF:IQ4_XS,0.1,0.1053772,48.5,46.55575,47.0,13.0,81.01250000000005,False,0.0,0.0,0.0,0.0,0.0,0.0,0.008133333333333333,gpt-5.4,pass_1,3.5,100,False,1554874768,T2,T2,False
gpt-5.4/pass1-ge-3.5,hf.co/tiiuae/Falcon-H1-1.5B-Deep-Instruct-GGUF:Q4_K_M,0.07,0.09332829999999999,64.5,61.603,61.0,18.0,120.5,False,0.0,0.0,0.0,0.0,0.0,0.0,0.0020625,gpt-5.4,pass_1,3.5,100,False,1554874768,T2,T2,False
gpt-5.4/pass1-ge-3.5,hf.co/tiiuae/Falcon-H1-3B-Instruct-GGUF:Q4_K_M,0.22,0.12489019999999998,12.0,14.732,12.5,6.0,38.5,False,0.0,0.0,0.0,0.0,0.020375000000000004,0.0,0.40046964285714287,gpt-5.4,pass_1,3.5,100,False,3149392384,T4,T3,True
gpt-5.4/pass1-ge-3.5,hf.co/unsloth/Llama-3.2-1B-Instruct-GGUF:Q4_K_M,0.02,0.0180221,87.0,89.348875,87.0,71.0,114.5,False,0.0695,0.0,0.0,0.0,0.0,0.0,0.0,gpt-5.4,pass_1,3.5,100,False,1235814432,T2,T2,False
gpt-5.4/pass1-ge-3.5,hf.co/unsloth/Phi-4-mini-instruct-GGUF:Q4_K_M,0.12,0.10440899999999999,39.5,40.5755,39.5,22.0,64.0,False,0.0,0.0,0.0,0.0,0.0,0.0,0.0,gpt-5.4,pass_1,3.5,100,False,3836021856,T4,T4,False
gpt-5.4/pass1-ge-3.5,hf.co/unsloth/Qwen3-4B-GGUF:Q4_K_M,0.47,0.09334010000000001,2.0,1.964625,2.0,1.0,4.0,True,0.99,0.0,0.26760416666666664,1.0,1.0,1.0,1.0,gpt-5.4,pass_1,3.5,100,False,4022468096,T5,T5,False
gpt-5.4/pass1-ge-3.5,internlm2:1.8b,0.01,0.030893100000000003,103.5,101.661,103.0,72.5,124.0,False,0.0,0.0,0.0,0.0,0.0,0.0,0.0,gpt-5.4,pass_1,3.5,100,False,1889110016,T2,T2,False
gpt-5.4/pass1-ge-3.5,llama3.2:1b,0.02,0.0269072,87.0,88.591125,85.5,62.5,121.5,False,0.0155,0.0,0.0,0.0,0.0,0.0,0.0,gpt-5.4,pass_1,3.5,100,False,1235814432,T2,T2,False
gpt-5.4/pass1-ge-3.5,llama3.2:1b-instruct-q4_K_M,0.01,0.022604799999999994,103.5,101.05125,102.0,69.5,125.0,False,0.01225,0.0,0.0,0.0,0.0,0.0,0.0,gpt-5.4,pass_1,3.5,100,False,1235814432,T2,T1,True
gpt-5.4/pass1-ge-3.5,llama3.2:1b-instruct-q8_0,0.02,0.026446500000000005,87.0,89.267875,86.0,64.5,121.5,False,0.01575,0.0,0.0,0.0,0.0,0.0,0.0,gpt-5.4,pass_1,3.5,100,False,1235814432,T2,T2,False
gpt-5.4/pass1-ge-3.5,llama3.2:3b,0.12,0.05392730000000001,39.5,39.28225,39.0,19.5,61.5,False,0.002,0.0,0.0,0.0,0.0,0.0,0.000125,gpt-5.4,pass_1,3.5,100,False,3212749888,T4,T4,False
gpt-5.4/pass1-ge-3.5,llama3.2:3b-instruct-q4_K_M,0.1,0.053858199999999995,48.5,47.95225,48.5,25.5,68.0,False,0.00125,0.0,0.0,0.0,0.0,0.0,0.0,gpt-5.4,pass_1,3.5,100,False,3212749888,T4,T3,True
gpt-5.4/pass1-ge-3.5,llama3.2:3b-instruct-q8_0,0.16,0.08039449999999998,21.0,26.81575,25.0,8.5,54.5,False,0.0,0.0,0.0,0.0,0.000125,0.0,0.07014047619047618,gpt-5.4,pass_1,3.5,100,False,3212749888,T4,T4,False
gpt-5.4/pass1-ge-3.5,ministral-3:3b,0.22,0.10715520000000002,12.0,13.8705,12.5,6.0,30.0,False,0.00025,0.0,0.0,0.0,0.002083333333333333,0.0,0.35544464285714283,gpt-5.4,pass_1,3.5,100,False,3849090048,T4,T4,False
gpt-5.4/pass1-ge-3.5,nemotron-mini:4b,0.01,0.0678951,103.5,103.842625,102.0,90.0,118.0,False,0.0,0.0,0.0,0.0,0.0,0.0,0.0,gpt-5.4,pass_1,3.5,100,False,4190509056,T5,T5,False
gpt-5.4/pass1-ge-3.5,nemotron-mini:4b-instruct-q4_K_M,0.01,0.06775320000000001,103.5,103.842625,102.0,90.0,118.0,False,0.0,0.0,0.0,0.0,0.0,0.0,0.0,gpt-5.4,pass_1,3.5,100,False,4190509056,T5,T5,False
gpt-5.4/pass1-ge-3.5,nemotron-mini:4b-instruct-q8_0,0.04,0.11059119999999999,72.0,74.33775,72.5,61.0,109.5,False,0.0,0.0,0.0,0.0,0.0,0.0,0.0,gpt-5.4,pass_1,3.5,100,False,4190509056,T5,T5,False
gpt-5.4/pass1-ge-3.5,opencoder:1.5b,0.01,0.07436240000000001,103.5,101.661,103.0,72.5,124.0,False,0.0,0.0,0.0,0.0,0.0,0.0,0.0,gpt-5.4,pass_1,3.5,100,False,1905650880,T2,T2,False
gpt-5.4/pass1-ge-3.5,phi3.5:3.8b,0.14,0.14908549999999998,29.0,33.272625,31.0,14.0,61.0,False,0.0,0.0,0.0,0.0,0.0,0.0,0.002373214285714286,gpt-5.4,pass_1,3.5,100,False,3821079648,T4,T4,False
gpt-5.4/pass1-ge-3.5,phi3.5:3.8b-mini-instruct-q8_0,0.13,0.2185186,34.5,37.58775,35.5,15.0,67.5,False,0.0,0.0,0.0,0.0,0.0,0.0,0.0020250000000000003,gpt-5.4,pass_1,3.5,100,False,3821079648,T4,T4,False
gpt-5.4/pass1-ge-3.5,phi3:3.8b,0.09,0.10969870000000002,55.0,52.973625,53.0,32.0,75.5,False,0.0,0.0,0.0,0.0,0.0,0.0,0.0,gpt-5.4,pass_1,3.5,100,False,3821079648,T4,T4,False
gpt-5.4/pass1-ge-3.5,phi3:3.8b-mini-128k-instruct-q8_0,0.13,0.12320129999999999,34.5,36.45625,35.5,14.0,64.01250000000005,False,0.0,0.0,0.0,0.0,8.333333333333333e-05,0.0,0.005041666666666667,gpt-5.4,pass_1,3.5,100,False,3821079648,T4,T4,False
gpt-5.4/pass1-ge-3.5,phi3:mini,0.12,0.10882840000000002,39.5,39.085,39.0,22.5,57.5,False,0.0,0.0,0.0,0.0,0.0,0.0,0.0,gpt-5.4,pass_1,3.5,100,False,3821079648,T4,T4,False
gpt-5.4/pass1-ge-3.5,phi3:mini-128k,0.09,0.1089084,55.0,52.352375,52.5,30.5,72.5,False,0.0,0.0,0.0,0.0,0.0,0.0,0.0,gpt-5.4,pass_1,3.5,100,False,3821079648,T4,T4,False
gpt-5.4/pass1-ge-3.5,phi3:mini-4k,0.12,0.1537809,39.5,39.555,38.5,19.5,63.0,False,0.0,0.0,0.0,0.0,0.0,0.0,9.166666666666667e-05,gpt-5.4,pass_1,3.5,100,False,3821079552,T4,T4,False
gpt-5.4/pass1-ge-3.5,phi4-mini,0.14,0.0958175,29.0,32.721875,31.0,13.5,60.0,False,0.0,0.0,0.0,0.0,0.0,0.0,0.006485714285714285,gpt-5.4,pass_1,3.5,100,False,3836021856,T4,T4,False
gpt-5.4/pass1-ge-3.5,phi4-mini-reasoning,0.1,0.2828102,48.5,48.462,49.0,19.0,79.5,False,0.0,0.0,0.0,0.0,0.0,0.0,0.0006208333333333334,gpt-5.4,pass_1,3.5,100,False,3836021856,T4,T4,False
gpt-5.4/pass1-ge-3.5,qwen2-math:1.5b,0.0,0.0745381,125.5,119.893,121.5,109.5,125.5,False,0.0,0.0,0.0,0.0,0.0,0.0,0.0,gpt-5.4,pass_1,3.5,100,True,1543714304,T2,T2,False
gpt-5.4/pass1-ge-3.5,qwen2.5-coder:0.5b,0.01,0.025064600000000003,103.5,103.842625,102.0,90.0,118.0,False,0.0,0.0,0.0,0.0,0.0,0.0,0.0,gpt-5.4,pass_1,3.5,100,False,494032768,T1,T1,False
gpt-5.4/pass1-ge-3.5,qwen2.5-coder:1.5b,0.06,0.05254289999999999,68.0,63.83275,64.0,47.987500000000004,79.5,False,0.0005,0.0,0.0,0.0,0.0,0.0,0.0,gpt-5.4,pass_1,3.5,100,False,1543714304,T2,T2,False
gpt-5.4/pass1-ge-3.5,qwen2.5-coder:1.5b-instruct-q8_0,0.06,0.0742927,68.0,63.623375,64.0,42.5,83.0,False,0.0,0.0,0.0,0.0,0.0,0.0,0.0,gpt-5.4,pass_1,3.5,100,False,1543714304,T2,T2,False
gpt-5.4/pass1-ge-3.5,qwen2.5-coder:3b,0.13,0.094148,34.5,36.69175,35.0,17.5,62.0,False,0.0,0.0,0.0,0.0,0.0,0.0,0.00025,gpt-5.4,pass_1,3.5,100,False,3085938688,T4,T4,False
gpt-5.4/pass1-ge-3.5,qwen2.5-coder:3b-instruct-q4_K_M,0.14,0.09297190000000001,29.0,32.706625,30.5,15.0,58.0,False,0.0,0.0,0.0,0.0,0.0,0.0,0.0006083333333333333,gpt-5.4,pass_1,3.5,100,False,3085938688,T4,T4,False
gpt-5.4/pass1-ge-3.5,qwen2.5-coder:3b-instruct-q8_0,0.16,0.15580289999999997,21.0,26.75275,25.0,13.0,51.0,False,0.0,0.0,0.0,0.0,0.0,0.0,0.005295833333333334,gpt-5.4,pass_1,3.5,100,False,3085938688,T4,T4,False
gpt-5.4/pass1-ge-3.5,qwen2.5:0.5b,0.0,0.0324637,125.5,119.893,121.5,109.5,125.5,False,0.0,0.0,0.0,0.0,0.0,0.0,0.0,gpt-5.4,pass_1,3.5,100,True,494032768,T1,T1,False
gpt-5.4/pass1-ge-3.5,qwen2.5:0.5b-instruct-q4_K_M,0.0,0.0319782,125.5,119.893,121.5,109.5,125.5,False,0.0,0.0,0.0,0.0,0.0,0.0,0.0,gpt-5.4,pass_1,3.5,100,True,494032768,T1,T1,False
gpt-5.4/pass1-ge-3.5,qwen2.5:0.5b-instruct-q8_0,0.0,0.034305,125.5,119.893,121.5,109.5,125.5,False,0.0,0.0,0.0,0.0,0.0,0.0,0.0,gpt-5.4,pass_1,3.5,100,True,494032768,T1,T1,False
gpt-5.4/pass1-ge-3.5,qwen2.5:1.5b,0.02,0.053494799999999995,87.0,89.623625,87.0,65.0,123.0,False,0.0,0.0,0.0,0.0,0.0,0.0,0.0,gpt-5.4,pass_1,3.5,100,False,1543714304,T2,T2,False
gpt-5.4/pass1-ge-3.5,qwen2.5:1.5b-instruct-q4_K_M,0.02,0.053314699999999986,87.0,89.623625,87.0,65.0,123.0,False,0.0,0.0,0.0,0.0,0.0,0.0,0.0,gpt-5.4,pass_1,3.5,100,False,1543714304,T2,T2,False
gpt-5.4/pass1-ge-3.5,qwen2.5:1.5b-instruct-q8_0,0.04,0.0777736,72.0,77.80425,73.0,50.0,122.5,False,0.0,0.0,0.0,0.0,0.0,0.0,0.0,gpt-5.4,pass_1,3.5,100,False,1543714304,T2,T2,False
gpt-5.4/pass1-ge-3.5,qwen2.5:3b,0.15,0.10877729999999998,25.0,28.16375,26.5,14.0,48.5,False,0.0,0.0,0.0,0.0,0.0,0.0,0.0007315476190476191,gpt-5.4,pass_1,3.5,100,False,3085938688,T4,T4,False
gpt-5.4/pass1-ge-3.5,qwen2.5:3b-instruct-q4_K_M,0.16,0.10583500000000001,21.0,25.799125,24.0,11.5,48.5,False,0.0,0.0,0.0,0.0,0.0,0.0,0.01496904761904762,gpt-5.4,pass_1,3.5,100,False,3085938688,T4,T4,False
gpt-5.4/pass1-ge-3.5,qwen2.5:3b-instruct-q8_0,0.15,0.17272310000000002,25.0,29.9405,27.0,13.0,58.0,False,0.0,0.0,0.0,0.0,0.0,0.0,0.004385714285714285,gpt-5.4,pass_1,3.5,100,False,3085938688,T4,T4,False
gpt-5.4/pass1-ge-3.5,qwen2:0.5b-instruct-q8_0,0.0,0.019274100000000002,125.5,119.893,121.5,109.5,125.5,False,0.0,0.0,0.0,0.0,0.0,0.0,0.0,gpt-5.4,pass_1,3.5,100,True,494032768,T1,T1,False
gpt-5.4/pass1-ge-3.5,qwen2:1.5b,0.01,0.0268809,103.5,101.628125,103.0,72.5,123.5,False,0.0,0.0,0.0,0.0,0.0,0.0,0.0,gpt-5.4,pass_1,3.5,100,False,1543714304,T2,T2,False
gpt-5.4/pass1-ge-3.5,qwen2:1.5b-instruct-q8_0,0.02,0.04402440000000001,87.0,94.039,88.0,71.0,118.0,False,0.0,0.0,0.0,0.0,0.0,0.0,0.0,gpt-5.4,pass_1,3.5,100,False,1543714304,T2,T2,False
gpt-5.4/pass1-ge-3.5,qwen3.5:2b,0.07,0.10294600000000001,64.5,59.95525,61.0,36.5,82.5,False,0.0,0.0,0.0,0.0,0.0,0.0,0.0,gpt-5.4,pass_1,3.5,100,False,2274069824,T3,T2,True
gpt-5.4/pass1-ge-3.5,qwen3:0.6b,0.03,0.0153814,77.5,79.8175,79.0,62.5,111.5,True,0.6215,0.0,0.0,0.0,0.0,0.0,0.0,gpt-5.4,pass_1,3.5,100,False,751632384,T1,T1,False
gpt-5.4/pass1-ge-3.5,qwen3:0.6b-fp16,0.03,0.0282127,77.5,82.061375,78.5,64.5,114.5,False,0.0,0.0,0.0,0.0,0.0,0.0,0.0,gpt-5.4,pass_1,3.5,100,False,751632384,T1,T1,False
gpt-5.4/pass1-ge-3.5,qwen3:0.6b-q8_0,0.04,0.018881900000000004,72.0,76.98475,72.5,53.987500000000004,114.5,True,0.4165,0.0,0.0,0.0,0.0,0.0,0.0,gpt-5.4,pass_1,3.5,100,False,751632384,T1,T1,False
gpt-5.4/pass1-ge-3.5,qwen3:1.7b,0.16,0.0365625,21.0,28.82325,24.5,8.0,66.0,True,0.7985,0.0,0.000125,0.0,0.003958333333333333,0.0,0.07346636904761901,gpt-5.4,pass_1,3.5,100,False,2031739904,T3,T3,False
gpt-5.4/pass1-ge-3.5,qwen3:1.7b-fp16,0.17,0.08118539999999999,18.0,27.147,22.5,9.5,64.5,False,0.0,0.0,0.0,0.0,0.0023125,0.0,0.03664255952380952,gpt-5.4,pass_1,3.5,100,False,2031739904,T3,T3,False
gpt-5.4/pass1-ge-3.5,qwen3:1.7b-q8_0,0.21,0.053398499999999995,14.0,16.76225,14.0,7.0,44.0,False,0.202,0.0,0.0005,0.0,0.008208333333333333,0.0,0.21184375000000003,gpt-5.4,pass_1,3.5,100,False,2031739904,T3,T3,False
gpt-5.4/pass1-ge-3.5,qwen3:4b,0.09,0.2570734,55.0,52.939,53.5,15.487500000000004,113.0,False,0.0,0.0,0.0,0.0,0.0,0.0,0.008908333333333334,gpt-5.4,pass_1,3.5,100,False,4022468096,T5,T5,False
gpt-5.4/pass1-ge-3.5,qwen3:4b-instruct-2507-q4_K_M,0.42,0.10899769999999999,3.0,3.393625,3.0,2.0,5.0,False,0.10825,0.0,0.005291666666666666,1.0,0.9860208333333333,1.0,0.998,gpt-5.4,pass_1,3.5,100,False,4022468096,T5,T5,False
gpt-5.4/pass1-ge-3.5,qwen3:4b-instruct-2507-q8_0,0.51,0.1605071,1.0,1.476875,1.0,1.0,4.0,True,0.6655,1.0,0.6911458333333335,1.0,0.9945833333333334,1.0,0.9989583333333333,gpt-5.4,pass_1,3.5,100,False,4022468096,T5,T5,False
gpt-5.4/pass1-ge-3.5,qwen3:4b-q8_0,0.41,0.1389434,4.0,3.5845,4.0,1.0,6.0,False,0.08775,0.0,0.03418750000000001,1.0,0.9622083333333333,1.0,0.9994583333333332,gpt-5.4,pass_1,3.5,100,False,4022468096,T5,T5,False
gpt-5.4/pass1-ge-3.5,qwen3:4b-thinking-2507-q4_K_M,0.08,0.2587354,60.5,56.21425,57.5,25.5,85.0,False,0.0,0.0,0.0,0.0,0.0,0.0,0.0002857142857142857,gpt-5.4,pass_1,3.5,100,False,4022468096,T5,T4,True
gpt-5.4/pass1-ge-3.5,qwen3:4b-thinking-2507-q8_0,0.08,0.38266600000000006,60.5,55.871125,57.0,33.5,75.0,False,0.0,0.0,0.0,0.0,0.0,0.0,0.0,gpt-5.4,pass_1,3.5,100,False,4022468096,T5,T4,True
gpt-5.4/pass1-ge-3.5,sailor2:1b,0.0,0.05649899999999999,125.5,119.893,121.5,109.5,125.5,False,0.0,0.0,0.0,0.0,0.0,0.0,0.0,gpt-5.4,pass_1,3.5,100,True,988064640,T1,T1,False
gpt-5.4/pass1-ge-3.5,smallthinker:3b-preview-q4_K_M,0.1,0.1830502,48.5,47.082375,48.0,19.5,71.5,False,0.0,0.0,0.0,0.0,0.0,0.0,0.0013148809523809524,gpt-5.4,pass_1,3.5,100,False,3397103616,T4,T3,True
gpt-5.4/pass1-ge-3.5,smollm2:1.7b,0.0,0.05150450000000001,125.5,119.893,121.5,109.5,125.5,False,0.0,0.0,0.0,0.0,0.0,0.0,0.0,gpt-5.4,pass_1,3.5,100,True,1711376384,T2,T2,False
gpt-5.4/pass1-ge-3.5,smollm2:1.7b-instruct-q8_0,0.0,0.051941799999999996,125.5,119.893,121.5,109.5,125.5,False,0.0,0.0,0.0,0.0,0.0,0.0,0.0,gpt-5.4,pass_1,3.5,100,True,1711376384,T2,T2,False
gpt-5.4/pass1-ge-3.5,smollm2:135m,0.0,0.0119867,125.5,119.893,121.5,109.5,125.5,False,0.0,0.0,0.0,0.0,0.0,0.0,0.0,gpt-5.4,pass_1,3.5,100,True,134515008,T1,T1,False
gpt-5.4/pass1-ge-3.5,smollm2:135m-instruct-q8_0,0.0,0.00814,125.5,119.893,121.5,109.5,125.5,False,0.0,0.0,0.0,0.0,0.0,0.0,0.0,gpt-5.4,pass_1,3.5,100,True,134515008,T1,T1,False
gpt-5.4/pass1-ge-3.5,smollm2:360m,0.02,0.017338700000000002,87.0,94.039,88.0,71.0,118.0,False,0.0,0.0,0.0,0.0,0.0,0.0,0.0,gpt-5.4,pass_1,3.5,100,False,361821120,T1,T1,False
gpt-5.4/pass1-ge-3.5,smollm2:360m-instruct-q8_0,0.02,0.012322199999999998,87.0,94.039,88.0,71.0,118.0,True,0.62125,0.0,0.0,0.0,0.0,0.0,0.0,gpt-5.4,pass_1,3.5,100,False,361821120,T1,T1,False
gpt-5.4/pass1-ge-3.5,smollm:1.7b,0.0,0.0749611,125.5,119.893,121.5,109.5,125.5,False,0.0,0.0,0.0,0.0,0.0,0.0,0.0,gpt-5.4,pass_1,3.5,100,True,1711376384,T2,T2,False
gpt-5.4/pass1-ge-3.5,smollm:360m,0.0,0.025851599999999995,125.5,119.893,121.5,109.5,125.5,False,0.0,0.0,0.0,0.0,0.0,0.0,0.0,gpt-5.4,pass_1,3.5,100,True,361821120,T1,T1,False
gpt-5.4/pass1-ge-3.5,stablelm2:1.6b,0.0,0.057245799999999986,125.5,119.893,121.5,109.5,125.5,False,0.0,0.0,0.0,0.0,0.0,0.0,0.0,gpt-5.4,pass_1,3.5,100,True,1644515328,T2,T2,False
gpt-5.4/pass1-ge-3.5,stablelm2:1.6b-chat,0.01,0.0572737,103.5,103.842625,102.0,90.0,118.0,False,0.0,0.0,0.0,0.0,0.0,0.0,0.0,gpt-5.4,pass_1,3.5,100,False,1644515328,T2,T2,False
gpt-5.4/pass1-ge-3.5,stablelm2:1.6b-zephyr,0.01,0.0446021,103.5,103.842625,102.0,90.0,118.0,False,0.0,0.0,0.0,0.0,0.0,0.0,0.0,gpt-5.4,pass_1,3.5,100,False,1644515328,T2,T2,False
gpt-5.4/pass1-ge-3.5,starcoder2:3b,0.0,0.13843060000000001,125.5,119.893,121.5,109.5,125.5,False,0.0,0.0,0.0,0.0,0.0,0.0,0.0,gpt-5.4,pass_1,3.5,100,True,3030371328,T4,T3,True
gpt-5.4/pass1-ge-3.5,starcoder2:3b-q6_K,0.0,0.1815079,125.5,119.893,121.5,109.5,125.5,False,0.0,0.0,0.0,0.0,0.0,0.0,0.0,gpt-5.4,pass_1,3.5,100,True,3030371328,T4,T3,True
gpt-5.4/pass1-ge-3.5,starcoder2:3b-q8_0,0.0,0.2077656,125.5,119.893,121.5,109.5,125.5,False,0.0,0.0,0.0,0.0,0.0,0.0,0.0,gpt-5.4,pass_1,3.5,100,True,3030371328,T4,T3,True
gpt-5.4/pass1-ge-3.5,tinyllama:1.1b,0.01,0.037376900000000005,103.5,103.842625,102.0,90.0,118.0,False,0.0,0.0,0.0,0.0,0.0,0.0,0.0,gpt-5.4,pass_1,3.5,100,False,1100048384,T2,T2,False
gpt-5.4/pass1-ge-3.5,tinyllama:1.1b-chat-v1-q8_0,0.0,0.06069599999999999,125.5,119.893,121.5,109.5,125.5,False,0.0,0.0,0.0,0.0,0.0,0.0,0.0,gpt-5.4,pass_1,3.5,100,True,1100048384,T2,T2,False
gpt-5.4/pass1-ge-3.5,yi-coder:1.5b,0.01,0.05313199999999999,103.5,101.661,103.0,72.5,124.0,False,0.0,0.0,0.0,0.0,0.0,0.0,0.0,gpt-5.4,pass_1,3.5,100,False,1476495360,T2,T2,False
gpt-5.4/pass1-ge-4,codegemma:2b,0.0,0.10250499999999999,125.5,119.893,121.5,109.5,125.5,False,0.0,0.0,0.0,0.0,0.0,0.0,0.0,gpt-5.4,pass_1,4.0,100,True,2506172416,T3,T2,True
gpt-5.4/pass1-ge-4,codegemma:2b-code-q6_K,0.01,0.0531285,103.5,101.628125,103.0,72.5,123.5,False,0.0,0.0,0.0,0.0,0.0,0.0,0.0,gpt-5.4,pass_1,4.0,100,False,2506172416,T3,T2,True
gpt-5.4/pass1-ge-4,cogito:3b,0.11,0.0465268,43.5,43.35675,43.5,18.5,69.01250000000005,False,0.098,0.0,0.0,0.0,0.0,0.0,0.00042410714285714285,gpt-5.4,pass_1,4.0,100,False,3606752320,T4,T3,True
gpt-5.4/pass1-ge-4,cogito:3b-v1-preview-llama-q8_0,0.11,0.0701172,43.5,42.970875,43.0,25.5,60.0,False,0.0,0.0,0.0,0.0,0.0,0.0,0.00025,gpt-5.4,pass_1,4.0,100,False,3606752320,T4,T3,True
gpt-5.4/pass1-ge-4,deepseek-coder:1.3b,0.0,0.0654276,125.5,119.893,121.5,109.5,125.5,False,0.0,0.0,0.0,0.0,0.0,0.0,0.0,gpt-5.4,pass_1,4.0,100,True,1346471936,T2,T2,False
gpt-5.4/pass1-ge-4,deepseek-coder:1.3b-instruct-q8_0,0.01,0.097566,103.5,102.36075,103.5,74.5,124.5,False,0.0,0.0,0.0,0.0,0.0,0.0,0.0,gpt-5.4,pass_1,4.0,100,False,1346471936,T2,T2,False
gpt-5.4/pass1-ge-4,falcon3:1b,0.01,0.09954219999999997,103.5,103.842625,102.0,90.0,118.0,False,0.0,0.0,0.0,0.0,0.0,0.0,0.0,gpt-5.4,pass_1,4.0,100,False,1669408768,T2,T2,False
gpt-5.4/pass1-ge-4,falcon3:1b-instruct-q8_0,0.01,0.09960649999999997,103.5,103.842625,102.0,90.0,118.0,False,0.0,0.0,0.0,0.0,0.0,0.0,0.0,gpt-5.4,pass_1,4.0,100,False,1669408768,T2,T2,False
gpt-5.4/pass1-ge-4,falcon3:3b,0.03,0.0586016,77.5,81.77325,78.0,65.0,116.0,False,0.0,0.0,0.0,0.0,0.0,0.0,0.0,gpt-5.4,pass_1,4.0,100,False,3227655168,T4,T4,False
gpt-5.4/pass1-ge-4,falcon3:3b-instruct-q4_K_M,0.02,0.058018900000000005,87.0,94.039,88.0,71.0,118.0,False,0.0,0.0,0.0,0.0,0.0,0.0,0.0,gpt-5.4,pass_1,4.0,100,False,3227655168,T4,T4,False
gpt-5.4/pass1-ge-4,falcon3:3b-instruct-q8_0,0.13,0.09732470000000001,34.5,37.624875,36.0,12.0,70.0,False,0.0,0.0,0.0,0.0,0.0,0.0,0.014795833333333334,gpt-5.4,pass_1,4.0,100,False,3227655168,T4,T4,False
gpt-5.4/pass1-ge-4,gemma2:2b,0.09,0.06473620000000001,55.0,52.083375,53.5,20.5,82.5,False,0.0,0.0,0.0,0.0,0.0,0.0,0.0017916666666666665,gpt-5.4,pass_1,4.0,100,False,2614341888,T3,T3,False
gpt-5.4/pass1-ge-4,gemma2:2b-instruct-q4_K_M,0.09,0.06000190000000001,55.0,52.4235,52.5,38.487500000000004,66.0,False,0.0,0.0,0.0,0.0,0.0,0.0,0.0,gpt-5.4,pass_1,4.0,100,False,2614341888,T3,T2,True
gpt-5.4/pass1-ge-4,gemma2:2b-instruct-q8_0,0.09,0.0859835,55.0,52.514625,53.0,22.0,88.0,False,0.0,0.0,0.0,0.0,0.0,0.0,0.0,gpt-5.4,pass_1,4.0,100,False,2614341888,T3,T3,False
gpt-5.4/pass1-ge-4,gemma3:1b,0.03,0.0230552,77.5,81.83225,79.0,62.0,114.0,False,0.00525,0.0,0.0,0.0,0.0,0.0,0.0,gpt-5.4,pass_1,4.0,100,False,999885952,T1,T1,False
gpt-5.4/pass1-ge-4,gemma3:1b-it-q8_0,0.04,0.023906599999999997,72.0,76.810375,73.0,51.0,114.0,False,0.00025,0.0,0.0,0.0,0.0,0.0,0.0,gpt-5.4,pass_1,4.0,100,False,999885952,T1,T1,False
gpt-5.4/pass1-ge-4,gemma3:1b-it-qat,0.06,0.020576200000000003,68.0,64.69875,64.5,39.0,109.5,True,0.61375,0.0,0.0,0.0,0.0,0.0,0.0,gpt-5.4,pass_1,4.0,100,False,999885952,T1,T1,False
gpt-5.4/pass1-ge-4,gemma3:270m,0.0,0.0052651,125.5,119.893,121.5,109.5,125.5,True,0.97675,0.0,0.0,0.0,0.0,0.0,0.0,gpt-5.4,pass_1,4.0,100,True,268098176,T1,T1,False
gpt-5.4/pass1-ge-4,gemma3:270m-it-qat,0.0,0.007723500000000001,125.5,119.893,121.5,109.5,125.5,False,0.02325,0.0,0.0,0.0,0.0,0.0,0.0,gpt-5.4,pass_1,4.0,100,True,268098176,T1,T1,False
gpt-5.4/pass1-ge-4,gemma3:4b,0.24,0.0641429,8.0,11.8,10.0,6.0,29.5,False,0.032,0.0,0.0,0.0,0.005291666666666667,1.0,0.5306755952380954,gpt-5.4,pass_1,4.0,100,False,4299915632,T5,T5,False
gpt-5.4/pass1-ge-4,gemma3:4b-it-q4_K_M,0.22,0.06425800000000001,12.0,14.944625,13.0,7.0,35.512500000000045,False,0.00275,0.0,0.0,0.0,0.0013749999999999997,0.0,0.2811630952380952,gpt-5.4,pass_1,4.0,100,False,4299915632,T5,T5,False
gpt-5.4/pass1-ge-4,gemma3:4b-it-q8_0,0.2,0.08659489999999997,15.0,19.1435,16.0,8.0,45.5,False,0.00025,0.0,0.0,0.0,0.00225,0.0,0.1293238095238095,gpt-5.4,pass_1,4.0,100,False,4299915632,T5,T5,False
gpt-5.4/pass1-ge-4,gemma3:4b-it-qat,0.23,0.07702389999999999,9.5,13.67775,11.5,6.0,36.0,False,0.0,0.0,0.0,0.0,0.006375,1.0,0.443607142857143,gpt-5.4,pass_1,4.0,100,False,4300079472,T5,T5,False
gpt-5.4/pass1-ge-4,gemma3n:e2b,0.19,0.0648302,16.0,21.45375,17.5,7.5,54.0,False,0.00125,0.0,0.0,0.0,0.000625,0.0,0.155008630952381,gpt-5.4,pass_1,4.0,100,False,4456156768,T5,T5,False
gpt-5.4/pass1-ge-4,gemma4:e2b-it-qat,0.33,0.0504522,5.0,6.3015,5.0,3.0,15.5,True,0.93975,0.0,0.0001875,1.0,0.5851041666666668,1.0,0.9323607142857145,gpt-5.4,pass_1,4.0,100,False,4628569635,T5,T5,False
gpt-5.4/pass1-ge-4,gemma:2b,0.01,0.048510500000000005,103.5,101.628125,103.0,72.5,123.5,False,0.0,0.0,0.0,0.0,0.0,0.0,0.0,gpt-5.4,pass_1,4.0,100,False,2506434560,T3,T3,False
gpt-5.4/pass1-ge-4,gemma:2b-instruct-q4_K_M,0.02,0.04429810000000001,87.0,89.088125,87.0,69.5,114.0,False,0.0,0.0,0.0,0.0,0.0,0.0,0.0,gpt-5.4,pass_1,4.0,100,False,2506434560,T3,T2,True
gpt-5.4/pass1-ge-4,gemma:2b-instruct-q8_0,0.01,0.06085420000000001,103.5,101.628125,103.0,72.5,123.5,False,0.0,0.0,0.0,0.0,0.0,0.0,0.0,gpt-5.4,pass_1,4.0,100,False,2506434560,T3,T3,False
gpt-5.4/pass1-ge-4,granite3.1-dense:2b,0.16,0.08316719999999998,21.0,26.94925,23.5,8.5,62.0,False,0.00025,0.0,0.0,0.0,0.00041666666666666664,0.0,0.07003154761904762,gpt-5.4,pass_1,4.0,100,False,2533531648,T3,T3,False
gpt-5.4/pass1-ge-4,granite3.1-dense:2b-instruct-q8_0,0.15,0.1141953,25.0,29.69,26.5,12.0,60.0,False,0.0,0.0,0.0,0.0,0.0,0.0,0.009854166666666666,gpt-5.4,pass_1,4.0,100,False,2533531648,T3,T3,False
gpt-5.4/pass1-ge-4,granite3.1-moe:3b,0.02,0.0334147,87.0,89.41625,87.0,64.0,123.0,False,0.00425,0.0,0.0,0.0,0.0,0.0,0.0,gpt-5.4,pass_1,4.0,100,False,3298793472,T4,T4,False
gpt-5.4/pass1-ge-4,granite3.2:2b,0.13,0.1216954,34.5,36.7685,35.0,13.5,69.01250000000005,False,0.0,0.0,0.0,0.0,0.0,0.0,0.004883333333333334,gpt-5.4,pass_1,4.0,100,False,2533531648,T3,T3,False
gpt-5.4/pass1-ge-4,granite3.2:2b-instruct-q4_K_M,0.14,0.1221751,29.0,33.3175,31.0,11.0,68.5,False,0.0,0.0,0.0,0.0,0.000125,0.0,0.022737500000000004,gpt-5.4,pass_1,4.0,100,False,2533531648,T3,T3,False
gpt-5.4/pass1-ge-4,granite3.3:2b,0.1,0.0769426,48.5,47.396375,48.0,12.987500000000004,87.5,False,0.0,0.0,0.0,0.0,0.0,0.0,0.011333333333333334,gpt-5.4,pass_1,4.0,100,False,2533539840,T3,T3,False
gpt-5.4/pass1-ge-4,granite4.1:3b,0.28,0.074758,7.0,8.600375,7.0,4.0,19.5,False,0.19075,0.0,0.000375,0.0,0.2124166666666667,1.0,0.7564148809523813,gpt-5.4,pass_1,4.0,100,False,3402836480,T4,T3,True
gpt-5.4/pass1-ge-4,granite4:1b-h,0.1,0.028435600000000005,48.5,47.875625,48.0,24.5,71.0,True,0.85775,0.0,0.0,0.0,0.0,0.0,0.0,gpt-5.4,pass_1,4.0,100,False,1461538368,T2,T2,False
gpt-5.4/pass1-ge-4,granite4:350m,0.01,0.012930599999999999,103.5,103.842625,102.0,90.0,118.0,False,0.0,0.0,0.0,0.0,0.0,0.0,0.0,gpt-5.4,pass_1,4.0,100,False,352379904,T1,T1,False
gpt-5.4/pass1-ge-4,granite4:350m-bf16,0.01,0.012712099999999999,103.5,103.842625,102.0,90.0,118.0,False,0.271,0.0,0.0,0.0,0.0,0.0,0.0,gpt-5.4,pass_1,4.0,100,False,352379904,T1,T1,False
gpt-5.4/pass1-ge-4,granite4:350m-h,0.0,0.0080541,125.5,119.893,121.5,109.5,125.5,False,0.0,0.0,0.0,0.0,0.0,0.0,0.0,gpt-5.4,pass_1,4.0,100,True,340332224,T1,T1,False
gpt-5.4/pass1-ge-4,granite4:micro,0.18,0.0798973,17.0,20.454875,19.0,9.0,38.0,False,0.00025,0.0,0.0,0.0,0.0,0.0,0.05662767857142858,gpt-5.4,pass_1,4.0,100,False,3402836480,T4,T4,False
gpt-5.4/pass1-ge-4,granite4:micro-h,0.29,0.0651603,6.0,7.33775,6.5,4.0,14.5,False,0.28,0.0,0.0005833333333333333,0.0,0.20541666666666672,1.0,0.8983645833333332,gpt-5.4,pass_1,4.0,100,False,3191396096,T4,T4,False
gpt-5.4/pass1-ge-4,hf.co/LiquidAI/LFM2-1.2B-GGUF:Q4_K_M,0.02,0.0186997,87.0,89.573,86.5,67.5,123.5,False,0.13625,0.0,0.0,0.0,0.0,0.0,0.0,gpt-5.4,pass_1,4.0,100,False,1170340608,T2,T2,False
gpt-5.4/pass1-ge-4,hf.co/LiquidAI/LFM2-1.2B-GGUF:Q8_0,0.03,0.030554,77.5,79.8175,79.0,62.5,111.5,False,0.0,0.0,0.0,0.0,0.0,0.0,0.0,gpt-5.4,pass_1,4.0,100,False,1170340608,T2,T2,False
gpt-5.4/pass1-ge-4,hf.co/LiquidAI/LFM2-350M-GGUF:Q4_K_M,0.0,0.011277400000000002,125.5,119.893,121.5,109.5,125.5,False,0.0,0.0,0.0,0.0,0.0,0.0,0.0,gpt-5.4,pass_1,4.0,100,True,354483968,T1,T1,False
gpt-5.4/pass1-ge-4,hf.co/LiquidAI/LFM2-700M-GGUF:Q4_K_M,0.0,0.0220955,125.5,119.893,121.5,109.5,125.5,False,0.0,0.0,0.0,0.0,0.0,0.0,0.0,gpt-5.4,pass_1,4.0,100,True,742489344,T1,T1,False
gpt-5.4/pass1-ge-4,hf.co/NousResearch/Hermes-3-Llama-3.2-3B-GGUF:Q4_K_M,0.03,0.0769492,77.5,81.98825,78.5,61.5,116.5,False,0.0,0.0,0.0,0.0,0.0,0.0,0.0,gpt-5.4,pass_1,4.0,100,False,3212749888,T4,T3,True
gpt-5.4/pass1-ge-4,hf.co/NousResearch/Hermes-3-Llama-3.2-3B-GGUF:Q8_0,0.07,0.0991791,64.5,59.654125,60.5,27.0,96.5,False,0.0,0.0,0.0,0.0,0.0,0.0,0.000175,gpt-5.4,pass_1,4.0,100,False,3212749888,T4,T3,True
gpt-5.4/pass1-ge-4,hf.co/Qwen/Qwen2.5-1.5B-Instruct-GGUF:Q4_K_M,0.07,0.038428699999999996,64.5,61.7595,61.5,22.5,118.0,False,0.1555,0.0,0.0,0.0,0.0,0.0,0.0,gpt-5.4,pass_1,4.0,100,False,1777088000,T2,T2,False
gpt-5.4/pass1-ge-4,hf.co/Qwen/Qwen2.5-3B-Instruct-GGUF:Q4_K_M,0.11,0.09588630000000001,43.5,43.174,42.5,22.0,68.0,False,0.0,0.0,0.0,0.0,0.0,0.0,0.0,gpt-5.4,pass_1,4.0,100,False,3397103616,T4,T4,False
gpt-5.4/pass1-ge-4,hf.co/Qwen/Qwen3-4B-GGUF:Q4_K_M,0.23,0.2571047,9.5,12.794625,11.0,6.5,28.5,False,0.0,0.0,0.0,0.0,0.0006458333333333333,1.0,0.4652276785714288,gpt-5.4,pass_1,4.0,100,False,4022468096,T5,T5,False
gpt-5.4/pass1-ge-4,hf.co/allenai/OLMo-2-0425-1B-Instruct-GGUF:Q4_K_M,0.01,0.061812700000000005,103.5,103.842625,102.0,90.0,118.0,False,0.0,0.0,0.0,0.0,0.0,0.0,0.0,gpt-5.4,pass_1,4.0,100,False,1484916736,T2,T1,True
gpt-5.4/pass1-ge-4,hf.co/bartowski/Llama-3.2-3B-Instruct-GGUF:IQ4_XS,0.11,0.06516,43.5,44.435625,44.0,22.0,69.5,False,0.0,0.0,0.0,0.0,0.0,0.0,0.0,gpt-5.4,pass_1,4.0,100,False,3212749888,T4,T3,True
gpt-5.4/pass1-ge-4,hf.co/bartowski/Llama-3.2-3B-Instruct-GGUF:Q3_K_L,0.04,0.06620140000000001,72.0,73.209125,72.0,59.0,92.5,False,0.0,0.0,0.0,0.0,0.0,0.0,0.0,gpt-5.4,pass_1,4.0,100,False,3212749888,T4,T3,True
gpt-5.4/pass1-ge-4,hf.co/bartowski/Llama-3.2-3B-Instruct-GGUF:Q5_K_M,0.14,0.07428490000000001,29.0,31.458625,30.5,13.5,54.5,False,0.0,0.0,0.0,0.0,0.0,0.0,0.005252380952380952,gpt-5.4,pass_1,4.0,100,False,3212749888,T4,T3,True
gpt-5.4/pass1-ge-4,hf.co/bartowski/Llama-3.2-3B-Instruct-GGUF:Q6_K,0.13,0.0734838,34.5,35.266375,35.0,18.5,53.0,False,0.0,0.0,0.0,0.0,0.0,0.0,0.00039821428571428576,gpt-5.4,pass_1,4.0,100,False,3212749888,T4,T3,True
gpt-5.4/pass1-ge-4,hf.co/ggml-org/SmolLM3-3B-GGUF:Q4_K_M,0.08,0.110296,60.5,56.796,57.25,21.5,99.5,False,0.0,0.0,0.0,0.0,0.0,0.0,0.0011666666666666665,gpt-5.4,pass_1,4.0,100,False,3075098624,T4,T3,True
gpt-5.4/pass1-ge-4,hf.co/ggml-org/SmolLM3-3B-GGUF:Q8_0,0.08,0.13829260000000002,60.5,56.119625,55.5,32.987500000000004,84.5,False,0.0,0.0,0.0,0.0,0.0,0.0,0.0,gpt-5.4,pass_1,4.0,100,False,3075098624,T4,T3,True
gpt-5.4/pass1-ge-4,hf.co/openbmb/MiniCPM3-4B-GGUF:Q4_K_M,0.09,0.0784251,55.0,52.31425,53.0,31.5,71.0,False,0.0,0.0,0.0,0.0,0.0,0.0,0.0,gpt-5.4,pass_1,4.0,100,False,4073876000,T5,T4,True
gpt-5.4/pass1-ge-4,hf.co/tiiuae/Falcon-H1-0.5B-Instruct-GGUF:Q4_K_M,0.02,0.034294200000000004,87.0,89.531625,87.0,71.0,116.0,False,0.0,0.0,0.0,0.0,0.0,0.0,0.0,gpt-5.4,pass_1,4.0,100,False,521411104,T1,T1,False
gpt-5.4/pass1-ge-4,hf.co/tiiuae/Falcon-H1-1.5B-Deep-Instruct-GGUF:IQ4_XS,0.1,0.1053772,48.5,46.55575,47.0,13.0,81.01250000000005,False,0.0,0.0,0.0,0.0,0.0,0.0,0.008133333333333333,gpt-5.4,pass_1,4.0,100,False,1554874768,T2,T2,False
gpt-5.4/pass1-ge-4,hf.co/tiiuae/Falcon-H1-1.5B-Deep-Instruct-GGUF:Q4_K_M,0.07,0.09332829999999999,64.5,61.603,61.0,18.0,120.5,False,0.0,0.0,0.0,0.0,0.0,0.0,0.0020625,gpt-5.4,pass_1,4.0,100,False,1554874768,T2,T2,False
gpt-5.4/pass1-ge-4,hf.co/tiiuae/Falcon-H1-3B-Instruct-GGUF:Q4_K_M,0.22,0.12489019999999998,12.0,14.732,12.5,6.0,38.5,False,0.0,0.0,0.0,0.0,0.020375000000000004,0.0,0.40046964285714287,gpt-5.4,pass_1,4.0,100,False,3149392384,T4,T3,True
gpt-5.4/pass1-ge-4,hf.co/unsloth/Llama-3.2-1B-Instruct-GGUF:Q4_K_M,0.02,0.0180221,87.0,89.348875,87.0,71.0,114.5,False,0.0695,0.0,0.0,0.0,0.0,0.0,0.0,gpt-5.4,pass_1,4.0,100,False,1235814432,T2,T2,False
gpt-5.4/pass1-ge-4,hf.co/unsloth/Phi-4-mini-instruct-GGUF:Q4_K_M,0.12,0.10440899999999999,39.5,40.5755,39.5,22.0,64.0,False,0.0,0.0,0.0,0.0,0.0,0.0,0.0,gpt-5.4,pass_1,4.0,100,False,3836021856,T4,T4,False
gpt-5.4/pass1-ge-4,hf.co/unsloth/Qwen3-4B-GGUF:Q4_K_M,0.47,0.09334010000000001,2.0,1.964625,2.0,1.0,4.0,True,0.99,0.0,0.26760416666666664,1.0,1.0,1.0,1.0,gpt-5.4,pass_1,4.0,100,False,4022468096,T5,T5,False
gpt-5.4/pass1-ge-4,internlm2:1.8b,0.01,0.030893100000000003,103.5,101.661,103.0,72.5,124.0,False,0.0,0.0,0.0,0.0,0.0,0.0,0.0,gpt-5.4,pass_1,4.0,100,False,1889110016,T2,T2,False
gpt-5.4/pass1-ge-4,llama3.2:1b,0.02,0.0269072,87.0,88.591125,85.5,62.5,121.5,False,0.0155,0.0,0.0,0.0,0.0,0.0,0.0,gpt-5.4,pass_1,4.0,100,False,1235814432,T2,T2,False
gpt-5.4/pass1-ge-4,llama3.2:1b-instruct-q4_K_M,0.01,0.022604799999999994,103.5,101.05125,102.0,69.5,125.0,False,0.01225,0.0,0.0,0.0,0.0,0.0,0.0,gpt-5.4,pass_1,4.0,100,False,1235814432,T2,T1,True
gpt-5.4/pass1-ge-4,llama3.2:1b-instruct-q8_0,0.02,0.026446500000000005,87.0,89.267875,86.0,64.5,121.5,False,0.01575,0.0,0.0,0.0,0.0,0.0,0.0,gpt-5.4,pass_1,4.0,100,False,1235814432,T2,T2,False
gpt-5.4/pass1-ge-4,llama3.2:3b,0.12,0.05392730000000001,39.5,39.28225,39.0,19.5,61.5,False,0.002,0.0,0.0,0.0,0.0,0.0,0.000125,gpt-5.4,pass_1,4.0,100,False,3212749888,T4,T4,False
gpt-5.4/pass1-ge-4,llama3.2:3b-instruct-q4_K_M,0.1,0.053858199999999995,48.5,47.95225,48.5,25.5,68.0,False,0.00125,0.0,0.0,0.0,0.0,0.0,0.0,gpt-5.4,pass_1,4.0,100,False,3212749888,T4,T3,True
gpt-5.4/pass1-ge-4,llama3.2:3b-instruct-q8_0,0.16,0.08039449999999998,21.0,26.81575,25.0,8.5,54.5,False,0.0,0.0,0.0,0.0,0.000125,0.0,0.07014047619047618,gpt-5.4,pass_1,4.0,100,False,3212749888,T4,T4,False
gpt-5.4/pass1-ge-4,ministral-3:3b,0.22,0.10715520000000002,12.0,13.8705,12.5,6.0,30.0,False,0.00025,0.0,0.0,0.0,0.002083333333333333,0.0,0.35544464285714283,gpt-5.4,pass_1,4.0,100,False,3849090048,T4,T4,False
gpt-5.4/pass1-ge-4,nemotron-mini:4b,0.01,0.0678951,103.5,103.842625,102.0,90.0,118.0,False,0.0,0.0,0.0,0.0,0.0,0.0,0.0,gpt-5.4,pass_1,4.0,100,False,4190509056,T5,T5,False
gpt-5.4/pass1-ge-4,nemotron-mini:4b-instruct-q4_K_M,0.01,0.06775320000000001,103.5,103.842625,102.0,90.0,118.0,False,0.0,0.0,0.0,0.0,0.0,0.0,0.0,gpt-5.4,pass_1,4.0,100,False,4190509056,T5,T5,False
gpt-5.4/pass1-ge-4,nemotron-mini:4b-instruct-q8_0,0.04,0.11059119999999999,72.0,74.33775,72.5,61.0,109.5,False,0.0,0.0,0.0,0.0,0.0,0.0,0.0,gpt-5.4,pass_1,4.0,100,False,4190509056,T5,T5,False
gpt-5.4/pass1-ge-4,opencoder:1.5b,0.01,0.07436240000000001,103.5,101.661,103.0,72.5,124.0,False,0.0,0.0,0.0,0.0,0.0,0.0,0.0,gpt-5.4,pass_1,4.0,100,False,1905650880,T2,T2,False
gpt-5.4/pass1-ge-4,phi3.5:3.8b,0.14,0.14908549999999998,29.0,33.272625,31.0,14.0,61.0,False,0.0,0.0,0.0,0.0,0.0,0.0,0.002373214285714286,gpt-5.4,pass_1,4.0,100,False,3821079648,T4,T4,False
gpt-5.4/pass1-ge-4,phi3.5:3.8b-mini-instruct-q8_0,0.13,0.2185186,34.5,37.58775,35.5,15.0,67.5,False,0.0,0.0,0.0,0.0,0.0,0.0,0.0020250000000000003,gpt-5.4,pass_1,4.0,100,False,3821079648,T4,T4,False
gpt-5.4/pass1-ge-4,phi3:3.8b,0.09,0.10969870000000002,55.0,52.973625,53.0,32.0,75.5,False,0.0,0.0,0.0,0.0,0.0,0.0,0.0,gpt-5.4,pass_1,4.0,100,False,3821079648,T4,T4,False
gpt-5.4/pass1-ge-4,phi3:3.8b-mini-128k-instruct-q8_0,0.13,0.12320129999999999,34.5,36.45625,35.5,14.0,64.01250000000005,False,0.0,0.0,0.0,0.0,8.333333333333333e-05,0.0,0.005041666666666667,gpt-5.4,pass_1,4.0,100,False,3821079648,T4,T4,False
gpt-5.4/pass1-ge-4,phi3:mini,0.12,0.10882840000000002,39.5,39.085,39.0,22.5,57.5,False,0.0,0.0,0.0,0.0,0.0,0.0,0.0,gpt-5.4,pass_1,4.0,100,False,3821079648,T4,T4,False
gpt-5.4/pass1-ge-4,phi3:mini-128k,0.09,0.1089084,55.0,52.352375,52.5,30.5,72.5,False,0.0,0.0,0.0,0.0,0.0,0.0,0.0,gpt-5.4,pass_1,4.0,100,False,3821079648,T4,T4,False
gpt-5.4/pass1-ge-4,phi3:mini-4k,0.12,0.1537809,39.5,39.555,38.5,19.5,63.0,False,0.0,0.0,0.0,0.0,0.0,0.0,9.166666666666667e-05,gpt-5.4,pass_1,4.0,100,False,3821079552,T4,T4,False
gpt-5.4/pass1-ge-4,phi4-mini,0.14,0.0958175,29.0,32.721875,31.0,13.5,60.0,False,0.0,0.0,0.0,0.0,0.0,0.0,0.006485714285714285,gpt-5.4,pass_1,4.0,100,False,3836021856,T4,T4,False
gpt-5.4/pass1-ge-4,phi4-mini-reasoning,0.1,0.2828102,48.5,48.462,49.0,19.0,79.5,False,0.0,0.0,0.0,0.0,0.0,0.0,0.0006208333333333334,gpt-5.4,pass_1,4.0,100,False,3836021856,T4,T4,False
gpt-5.4/pass1-ge-4,qwen2-math:1.5b,0.0,0.0745381,125.5,119.893,121.5,109.5,125.5,False,0.0,0.0,0.0,0.0,0.0,0.0,0.0,gpt-5.4,pass_1,4.0,100,True,1543714304,T2,T2,False
gpt-5.4/pass1-ge-4,qwen2.5-coder:0.5b,0.01,0.025064600000000003,103.5,103.842625,102.0,90.0,118.0,False,0.0,0.0,0.0,0.0,0.0,0.0,0.0,gpt-5.4,pass_1,4.0,100,False,494032768,T1,T1,False
gpt-5.4/pass1-ge-4,qwen2.5-coder:1.5b,0.06,0.05254289999999999,68.0,63.83275,64.0,47.987500000000004,79.5,False,0.0005,0.0,0.0,0.0,0.0,0.0,0.0,gpt-5.4,pass_1,4.0,100,False,1543714304,T2,T2,False
gpt-5.4/pass1-ge-4,qwen2.5-coder:1.5b-instruct-q8_0,0.06,0.0742927,68.0,63.623375,64.0,42.5,83.0,False,0.0,0.0,0.0,0.0,0.0,0.0,0.0,gpt-5.4,pass_1,4.0,100,False,1543714304,T2,T2,False
gpt-5.4/pass1-ge-4,qwen2.5-coder:3b,0.13,0.094148,34.5,36.69175,35.0,17.5,62.0,False,0.0,0.0,0.0,0.0,0.0,0.0,0.00025,gpt-5.4,pass_1,4.0,100,False,3085938688,T4,T4,False
gpt-5.4/pass1-ge-4,qwen2.5-coder:3b-instruct-q4_K_M,0.14,0.09297190000000001,29.0,32.706625,30.5,15.0,58.0,False,0.0,0.0,0.0,0.0,0.0,0.0,0.0006083333333333333,gpt-5.4,pass_1,4.0,100,False,3085938688,T4,T4,False
gpt-5.4/pass1-ge-4,qwen2.5-coder:3b-instruct-q8_0,0.16,0.15580289999999997,21.0,26.75275,25.0,13.0,51.0,False,0.0,0.0,0.0,0.0,0.0,0.0,0.005295833333333334,gpt-5.4,pass_1,4.0,100,False,3085938688,T4,T4,False
gpt-5.4/pass1-ge-4,qwen2.5:0.5b,0.0,0.0324637,125.5,119.893,121.5,109.5,125.5,False,0.0,0.0,0.0,0.0,0.0,0.0,0.0,gpt-5.4,pass_1,4.0,100,True,494032768,T1,T1,False
gpt-5.4/pass1-ge-4,qwen2.5:0.5b-instruct-q4_K_M,0.0,0.0319782,125.5,119.893,121.5,109.5,125.5,False,0.0,0.0,0.0,0.0,0.0,0.0,0.0,gpt-5.4,pass_1,4.0,100,True,494032768,T1,T1,False
gpt-5.4/pass1-ge-4,qwen2.5:0.5b-instruct-q8_0,0.0,0.034305,125.5,119.893,121.5,109.5,125.5,False,0.0,0.0,0.0,0.0,0.0,0.0,0.0,gpt-5.4,pass_1,4.0,100,True,494032768,T1,T1,False
gpt-5.4/pass1-ge-4,qwen2.5:1.5b,0.02,0.053494799999999995,87.0,89.623625,87.0,65.0,123.0,False,0.0,0.0,0.0,0.0,0.0,0.0,0.0,gpt-5.4,pass_1,4.0,100,False,1543714304,T2,T2,False
gpt-5.4/pass1-ge-4,qwen2.5:1.5b-instruct-q4_K_M,0.02,0.053314699999999986,87.0,89.623625,87.0,65.0,123.0,False,0.0,0.0,0.0,0.0,0.0,0.0,0.0,gpt-5.4,pass_1,4.0,100,False,1543714304,T2,T2,False
gpt-5.4/pass1-ge-4,qwen2.5:1.5b-instruct-q8_0,0.04,0.0777736,72.0,77.80425,73.0,50.0,122.5,False,0.0,0.0,0.0,0.0,0.0,0.0,0.0,gpt-5.4,pass_1,4.0,100,False,1543714304,T2,T2,False
gpt-5.4/pass1-ge-4,qwen2.5:3b,0.15,0.10877729999999998,25.0,28.16375,26.5,14.0,48.5,False,0.0,0.0,0.0,0.0,0.0,0.0,0.0007315476190476191,gpt-5.4,pass_1,4.0,100,False,3085938688,T4,T4,False
gpt-5.4/pass1-ge-4,qwen2.5:3b-instruct-q4_K_M,0.16,0.10583500000000001,21.0,25.799125,24.0,11.5,48.5,False,0.0,0.0,0.0,0.0,0.0,0.0,0.01496904761904762,gpt-5.4,pass_1,4.0,100,False,3085938688,T4,T4,False
gpt-5.4/pass1-ge-4,qwen2.5:3b-instruct-q8_0,0.15,0.17272310000000002,25.0,29.9405,27.0,13.0,58.0,False,0.0,0.0,0.0,0.0,0.0,0.0,0.004385714285714285,gpt-5.4,pass_1,4.0,100,False,3085938688,T4,T4,False
gpt-5.4/pass1-ge-4,qwen2:0.5b-instruct-q8_0,0.0,0.019274100000000002,125.5,119.893,121.5,109.5,125.5,False,0.0,0.0,0.0,0.0,0.0,0.0,0.0,gpt-5.4,pass_1,4.0,100,True,494032768,T1,T1,False
gpt-5.4/pass1-ge-4,qwen2:1.5b,0.01,0.0268809,103.5,101.628125,103.0,72.5,123.5,False,0.0,0.0,0.0,0.0,0.0,0.0,0.0,gpt-5.4,pass_1,4.0,100,False,1543714304,T2,T2,False
gpt-5.4/pass1-ge-4,qwen2:1.5b-instruct-q8_0,0.02,0.04402440000000001,87.0,94.039,88.0,71.0,118.0,False,0.0,0.0,0.0,0.0,0.0,0.0,0.0,gpt-5.4,pass_1,4.0,100,False,1543714304,T2,T2,False
gpt-5.4/pass1-ge-4,qwen3.5:2b,0.07,0.10294600000000001,64.5,59.95525,61.0,36.5,82.5,False,0.0,0.0,0.0,0.0,0.0,0.0,0.0,gpt-5.4,pass_1,4.0,100,False,2274069824,T3,T2,True
gpt-5.4/pass1-ge-4,qwen3:0.6b,0.03,0.0153814,77.5,79.8175,79.0,62.5,111.5,True,0.6215,0.0,0.0,0.0,0.0,0.0,0.0,gpt-5.4,pass_1,4.0,100,False,751632384,T1,T1,False
gpt-5.4/pass1-ge-4,qwen3:0.6b-fp16,0.03,0.0282127,77.5,82.061375,78.5,64.5,114.5,False,0.0,0.0,0.0,0.0,0.0,0.0,0.0,gpt-5.4,pass_1,4.0,100,False,751632384,T1,T1,False
gpt-5.4/pass1-ge-4,qwen3:0.6b-q8_0,0.04,0.018881900000000004,72.0,76.98475,72.5,53.987500000000004,114.5,True,0.4165,0.0,0.0,0.0,0.0,0.0,0.0,gpt-5.4,pass_1,4.0,100,False,751632384,T1,T1,False
gpt-5.4/pass1-ge-4,qwen3:1.7b,0.16,0.0365625,21.0,28.82325,24.5,8.0,66.0,True,0.7985,0.0,0.000125,0.0,0.003958333333333333,0.0,0.07346636904761901,gpt-5.4,pass_1,4.0,100,False,2031739904,T3,T3,False
gpt-5.4/pass1-ge-4,qwen3:1.7b-fp16,0.17,0.08118539999999999,18.0,27.147,22.5,9.5,64.5,False,0.0,0.0,0.0,0.0,0.0023125,0.0,0.03664255952380952,gpt-5.4,pass_1,4.0,100,False,2031739904,T3,T3,False
gpt-5.4/pass1-ge-4,qwen3:1.7b-q8_0,0.21,0.053398499999999995,14.0,16.76225,14.0,7.0,44.0,False,0.202,0.0,0.0005,0.0,0.008208333333333333,0.0,0.21184375000000003,gpt-5.4,pass_1,4.0,100,False,2031739904,T3,T3,False
gpt-5.4/pass1-ge-4,qwen3:4b,0.09,0.2570734,55.0,52.939,53.5,15.487500000000004,113.0,False,0.0,0.0,0.0,0.0,0.0,0.0,0.008908333333333334,gpt-5.4,pass_1,4.0,100,False,4022468096,T5,T5,False
gpt-5.4/pass1-ge-4,qwen3:4b-instruct-2507-q4_K_M,0.42,0.10899769999999999,3.0,3.393625,3.0,2.0,5.0,False,0.10825,0.0,0.005291666666666666,1.0,0.9860208333333333,1.0,0.998,gpt-5.4,pass_1,4.0,100,False,4022468096,T5,T5,False
gpt-5.4/pass1-ge-4,qwen3:4b-instruct-2507-q8_0,0.51,0.1605071,1.0,1.476875,1.0,1.0,4.0,True,0.6655,1.0,0.6911458333333335,1.0,0.9945833333333334,1.0,0.9989583333333333,gpt-5.4,pass_1,4.0,100,False,4022468096,T5,T5,False
gpt-5.4/pass1-ge-4,qwen3:4b-q8_0,0.41,0.1389434,4.0,3.5845,4.0,1.0,6.0,False,0.08775,0.0,0.03418750000000001,1.0,0.9622083333333333,1.0,0.9994583333333332,gpt-5.4,pass_1,4.0,100,False,4022468096,T5,T5,False
gpt-5.4/pass1-ge-4,qwen3:4b-thinking-2507-q4_K_M,0.08,0.2587354,60.5,56.21425,57.5,25.5,85.0,False,0.0,0.0,0.0,0.0,0.0,0.0,0.0002857142857142857,gpt-5.4,pass_1,4.0,100,False,4022468096,T5,T4,True
gpt-5.4/pass1-ge-4,qwen3:4b-thinking-2507-q8_0,0.08,0.38266600000000006,60.5,55.871125,57.0,33.5,75.0,False,0.0,0.0,0.0,0.0,0.0,0.0,0.0,gpt-5.4,pass_1,4.0,100,False,4022468096,T5,T4,True
gpt-5.4/pass1-ge-4,sailor2:1b,0.0,0.05649899999999999,125.5,119.893,121.5,109.5,125.5,False,0.0,0.0,0.0,0.0,0.0,0.0,0.0,gpt-5.4,pass_1,4.0,100,True,988064640,T1,T1,False
gpt-5.4/pass1-ge-4,smallthinker:3b-preview-q4_K_M,0.1,0.1830502,48.5,47.082375,48.0,19.5,71.5,False,0.0,0.0,0.0,0.0,0.0,0.0,0.0013148809523809524,gpt-5.4,pass_1,4.0,100,False,3397103616,T4,T3,True
gpt-5.4/pass1-ge-4,smollm2:1.7b,0.0,0.05150450000000001,125.5,119.893,121.5,109.5,125.5,False,0.0,0.0,0.0,0.0,0.0,0.0,0.0,gpt-5.4,pass_1,4.0,100,True,1711376384,T2,T2,False
gpt-5.4/pass1-ge-4,smollm2:1.7b-instruct-q8_0,0.0,0.051941799999999996,125.5,119.893,121.5,109.5,125.5,False,0.0,0.0,0.0,0.0,0.0,0.0,0.0,gpt-5.4,pass_1,4.0,100,True,1711376384,T2,T2,False
gpt-5.4/pass1-ge-4,smollm2:135m,0.0,0.0119867,125.5,119.893,121.5,109.5,125.5,False,0.0,0.0,0.0,0.0,0.0,0.0,0.0,gpt-5.4,pass_1,4.0,100,True,134515008,T1,T1,False
gpt-5.4/pass1-ge-4,smollm2:135m-instruct-q8_0,0.0,0.00814,125.5,119.893,121.5,109.5,125.5,False,0.0,0.0,0.0,0.0,0.0,0.0,0.0,gpt-5.4,pass_1,4.0,100,True,134515008,T1,T1,False
gpt-5.4/pass1-ge-4,smollm2:360m,0.02,0.017338700000000002,87.0,94.039,88.0,71.0,118.0,False,0.0,0.0,0.0,0.0,0.0,0.0,0.0,gpt-5.4,pass_1,4.0,100,False,361821120,T1,T1,False
gpt-5.4/pass1-ge-4,smollm2:360m-instruct-q8_0,0.02,0.012322199999999998,87.0,94.039,88.0,71.0,118.0,True,0.62125,0.0,0.0,0.0,0.0,0.0,0.0,gpt-5.4,pass_1,4.0,100,False,361821120,T1,T1,False
gpt-5.4/pass1-ge-4,smollm:1.7b,0.0,0.0749611,125.5,119.893,121.5,109.5,125.5,False,0.0,0.0,0.0,0.0,0.0,0.0,0.0,gpt-5.4,pass_1,4.0,100,True,1711376384,T2,T2,False
gpt-5.4/pass1-ge-4,smollm:360m,0.0,0.025851599999999995,125.5,119.893,121.5,109.5,125.5,False,0.0,0.0,0.0,0.0,0.0,0.0,0.0,gpt-5.4,pass_1,4.0,100,True,361821120,T1,T1,False
gpt-5.4/pass1-ge-4,stablelm2:1.6b,0.0,0.057245799999999986,125.5,119.893,121.5,109.5,125.5,False,0.0,0.0,0.0,0.0,0.0,0.0,0.0,gpt-5.4,pass_1,4.0,100,True,1644515328,T2,T2,False
gpt-5.4/pass1-ge-4,stablelm2:1.6b-chat,0.01,0.0572737,103.5,103.842625,102.0,90.0,118.0,False,0.0,0.0,0.0,0.0,0.0,0.0,0.0,gpt-5.4,pass_1,4.0,100,False,1644515328,T2,T2,False
gpt-5.4/pass1-ge-4,stablelm2:1.6b-zephyr,0.01,0.0446021,103.5,103.842625,102.0,90.0,118.0,False,0.0,0.0,0.0,0.0,0.0,0.0,0.0,gpt-5.4,pass_1,4.0,100,False,1644515328,T2,T2,False
gpt-5.4/pass1-ge-4,starcoder2:3b,0.0,0.13843060000000001,125.5,119.893,121.5,109.5,125.5,False,0.0,0.0,0.0,0.0,0.0,0.0,0.0,gpt-5.4,pass_1,4.0,100,True,3030371328,T4,T3,True
gpt-5.4/pass1-ge-4,starcoder2:3b-q6_K,0.0,0.1815079,125.5,119.893,121.5,109.5,125.5,False,0.0,0.0,0.0,0.0,0.0,0.0,0.0,gpt-5.4,pass_1,4.0,100,True,3030371328,T4,T3,True
gpt-5.4/pass1-ge-4,starcoder2:3b-q8_0,0.0,0.2077656,125.5,119.893,121.5,109.5,125.5,False,0.0,0.0,0.0,0.0,0.0,0.0,0.0,gpt-5.4,pass_1,4.0,100,True,3030371328,T4,T3,True
gpt-5.4/pass1-ge-4,tinyllama:1.1b,0.01,0.037376900000000005,103.5,103.842625,102.0,90.0,118.0,False,0.0,0.0,0.0,0.0,0.0,0.0,0.0,gpt-5.4,pass_1,4.0,100,False,1100048384,T2,T2,False
gpt-5.4/pass1-ge-4,tinyllama:1.1b-chat-v1-q8_0,0.0,0.06069599999999999,125.5,119.893,121.5,109.5,125.5,False,0.0,0.0,0.0,0.0,0.0,0.0,0.0,gpt-5.4,pass_1,4.0,100,True,1100048384,T2,T2,False
gpt-5.4/pass1-ge-4,yi-coder:1.5b,0.01,0.05313199999999999,103.5,101.661,103.0,72.5,124.0,False,0.0,0.0,0.0,0.0,0.0,0.0,0.0,gpt-5.4,pass_1,4.0,100,False,1476495360,T2,T2,False
