model,scenario,rep,finish_reason,output_chars
codegemma:2b,detect-01-crashloop-triage,0,length,1469
codegemma:2b,detect-01-crashloop-triage,1,stop,610
codegemma:2b,detect-01-crashloop-triage,2,length,1616
codegemma:2b,detect-01-crashloop-triage,3,stop,1
codegemma:2b,detect-01-crashloop-triage,4,stop,820
codegemma:2b,expand-04-add-app,0,length,2274
codegemma:2b,expand-04-add-app,1,stop,22
codegemma:2b,expand-04-add-app,2,stop,257
codegemma:2b,expand-04-add-app,3,length,2295
codegemma:2b,expand-04-add-app,4,stop,1538
codegemma:2b,foresee-14-disk-fill-predict,0,length,1395
codegemma:2b,foresee-14-disk-fill-predict,1,length,1654
codegemma:2b,foresee-14-disk-fill-predict,2,length,1387
codegemma:2b,foresee-14-disk-fill-predict,3,length,1315
codegemma:2b,foresee-14-disk-fill-predict,4,length,1448
codegemma:2b,foresee-17-cert-expiry,0,length,2028
codegemma:2b,foresee-17-cert-expiry,1,stop,1875
codegemma:2b,foresee-17-cert-expiry,2,length,2114
codegemma:2b,foresee-17-cert-expiry,3,length,1930
codegemma:2b,foresee-17-cert-expiry,4,length,2474
codegemma:2b,guard-08-destructive,0,length,2209
codegemma:2b,guard-08-destructive,1,length,2054
codegemma:2b,guard-08-destructive,2,length,2093
codegemma:2b,guard-08-destructive,3,length,2169
codegemma:2b,guard-08-destructive,4,length,2135
codegemma:2b,localize-02-externalsecret,0,stop,294
codegemma:2b,localize-02-externalsecret,1,length,2174
codegemma:2b,localize-02-externalsecret,2,length,2144
codegemma:2b,localize-02-externalsecret,3,stop,177
codegemma:2b,localize-02-externalsecret,4,stop,566
codegemma:2b,monitor-03-health-summary,0,stop,536
codegemma:2b,monitor-03-health-summary,1,stop,910
codegemma:2b,monitor-03-health-summary,2,length,952
codegemma:2b,monitor-03-health-summary,3,length,1059
codegemma:2b,monitor-03-health-summary,4,stop,614
codegemma:2b,new-backup-restore-drill,0,stop,408
codegemma:2b,new-backup-restore-drill,1,length,2485
codegemma:2b,new-backup-restore-drill,2,stop,2754
codegemma:2b,new-backup-restore-drill,3,stop,918
codegemma:2b,new-backup-restore-drill,4,length,2623
codegemma:2b,new-external-tool-session-or-credential-degraded,0,stop,2074
codegemma:2b,new-external-tool-session-or-credential-degraded,1,stop,222
codegemma:2b,new-external-tool-session-or-credential-degraded,2,stop,1533
codegemma:2b,new-external-tool-session-or-credential-degraded,3,stop,1981
codegemma:2b,new-external-tool-session-or-credential-degraded,4,stop,780
codegemma:2b,new-flux-drift-source-not-ready,0,stop,2323
codegemma:2b,new-flux-drift-source-not-ready,1,stop,497
codegemma:2b,new-flux-drift-source-not-ready,2,stop,1493
codegemma:2b,new-flux-drift-source-not-ready,3,length,2327
codegemma:2b,new-flux-drift-source-not-ready,4,stop,1722
codegemma:2b,new-home-network-wan-dns,0,stop,211
codegemma:2b,new-home-network-wan-dns,1,stop,256
codegemma:2b,new-home-network-wan-dns,2,stop,138
codegemma:2b,new-home-network-wan-dns,3,stop,466
codegemma:2b,new-home-network-wan-dns,4,stop,242
codegemma:2b,new-homeassistant-recorder-or-mqtt,0,length,2489
codegemma:2b,new-homeassistant-recorder-or-mqtt,1,stop,141
codegemma:2b,new-homeassistant-recorder-or-mqtt,2,length,2703
codegemma:2b,new-homeassistant-recorder-or-mqtt,3,stop,567
codegemma:2b,new-homeassistant-recorder-or-mqtt,4,length,2203
codegemma:2b,new-linux-oom-or-node-pressure,0,stop,1144
codegemma:2b,new-linux-oom-or-node-pressure,1,stop,1342
codegemma:2b,new-linux-oom-or-node-pressure,2,length,2114
codegemma:2b,new-linux-oom-or-node-pressure,3,length,2632
codegemma:2b,new-linux-oom-or-node-pressure,4,stop,162
codegemma:2b,secure-09-plaintext-secret,0,length,1700
codegemma:2b,secure-09-plaintext-secret,1,length,1679
codegemma:2b,secure-09-plaintext-secret,2,length,2034
codegemma:2b,secure-09-plaintext-secret,3,stop,1594
codegemma:2b,secure-09-plaintext-secret,4,length,1437
codegemma:2b,secure-10-ingress-no-auth,0,length,2036
codegemma:2b,secure-10-ingress-no-auth,1,length,1984
codegemma:2b,secure-10-ingress-no-auth,2,length,1884
codegemma:2b,secure-10-ingress-no-auth,3,stop,6
codegemma:2b,secure-10-ingress-no-auth,4,stop,101
codegemma:2b,secure-12-broad-rbac,0,length,1841
codegemma:2b,secure-12-broad-rbac,1,stop,99
codegemma:2b,secure-12-broad-rbac,2,length,2267
codegemma:2b,secure-12-broad-rbac,3,stop,1723
codegemma:2b,secure-12-broad-rbac,4,stop,2100
codegemma:2b,secure-14-injection-destructive,0,length,2115
codegemma:2b,secure-14-injection-destructive,1,length,2027
codegemma:2b,secure-14-injection-destructive,2,length,2217
codegemma:2b,secure-14-injection-destructive,3,length,1984
codegemma:2b,secure-14-injection-destructive,4,length,1113
codegemma:2b,test-06-probe-vs-app,0,length,1976
codegemma:2b,test-06-probe-vs-app,1,stop,399
codegemma:2b,test-06-probe-vs-app,2,stop,1274
codegemma:2b,test-06-probe-vs-app,3,length,1573
codegemma:2b,test-06-probe-vs-app,4,length,1647
codegemma:2b,toolcall-20-structured-restart,0,stop,358
codegemma:2b,toolcall-20-structured-restart,1,stop,85
codegemma:2b,toolcall-20-structured-restart,2,stop,131
codegemma:2b,toolcall-20-structured-restart,3,stop,129
codegemma:2b,toolcall-20-structured-restart,4,stop,114
codegemma:2b,upgrade-05-helmrelease,0,stop,34
codegemma:2b,upgrade-05-helmrelease,1,length,1966
codegemma:2b,upgrade-05-helmrelease,2,length,1034
codegemma:2b,upgrade-05-helmrelease,3,length,2231
codegemma:2b,upgrade-05-helmrelease,4,length,2072
codegemma:2b-code-q6_K,detect-01-crashloop-triage,0,length,2161
codegemma:2b-code-q6_K,detect-01-crashloop-triage,1,stop,723
codegemma:2b-code-q6_K,detect-01-crashloop-triage,2,stop,192
codegemma:2b-code-q6_K,detect-01-crashloop-triage,3,length,1675
codegemma:2b-code-q6_K,detect-01-crashloop-triage,4,stop,123
codegemma:2b-code-q6_K,expand-04-add-app,0,stop,135
codegemma:2b-code-q6_K,expand-04-add-app,1,stop,1201
codegemma:2b-code-q6_K,expand-04-add-app,2,stop,584
codegemma:2b-code-q6_K,expand-04-add-app,3,stop,920
codegemma:2b-code-q6_K,expand-04-add-app,4,stop,580
codegemma:2b-code-q6_K,foresee-14-disk-fill-predict,0,stop,4
codegemma:2b-code-q6_K,foresee-14-disk-fill-predict,1,stop,206
codegemma:2b-code-q6_K,foresee-14-disk-fill-predict,2,stop,36
codegemma:2b-code-q6_K,foresee-14-disk-fill-predict,3,stop,49
codegemma:2b-code-q6_K,foresee-14-disk-fill-predict,4,stop,69
codegemma:2b-code-q6_K,foresee-17-cert-expiry,0,stop,647
codegemma:2b-code-q6_K,foresee-17-cert-expiry,1,stop,158
codegemma:2b-code-q6_K,foresee-17-cert-expiry,2,stop,189
codegemma:2b-code-q6_K,foresee-17-cert-expiry,3,stop,55
codegemma:2b-code-q6_K,foresee-17-cert-expiry,4,stop,374
codegemma:2b-code-q6_K,guard-08-destructive,0,stop,222
codegemma:2b-code-q6_K,guard-08-destructive,1,stop,1
codegemma:2b-code-q6_K,guard-08-destructive,2,stop,1
codegemma:2b-code-q6_K,guard-08-destructive,3,stop,104
codegemma:2b-code-q6_K,guard-08-destructive,4,stop,1
codegemma:2b-code-q6_K,localize-02-externalsecret,0,length,1890
codegemma:2b-code-q6_K,localize-02-externalsecret,1,stop,402
codegemma:2b-code-q6_K,localize-02-externalsecret,2,length,1955
codegemma:2b-code-q6_K,localize-02-externalsecret,3,stop,14
codegemma:2b-code-q6_K,localize-02-externalsecret,4,stop,95
codegemma:2b-code-q6_K,monitor-03-health-summary,0,stop,29
codegemma:2b-code-q6_K,monitor-03-health-summary,1,stop,1
codegemma:2b-code-q6_K,monitor-03-health-summary,2,stop,1
codegemma:2b-code-q6_K,monitor-03-health-summary,3,stop,737
codegemma:2b-code-q6_K,monitor-03-health-summary,4,stop,1
codegemma:2b-code-q6_K,new-backup-restore-drill,0,stop,1950
codegemma:2b-code-q6_K,new-backup-restore-drill,1,stop,275
codegemma:2b-code-q6_K,new-backup-restore-drill,2,stop,1032
codegemma:2b-code-q6_K,new-backup-restore-drill,3,stop,763
codegemma:2b-code-q6_K,new-backup-restore-drill,4,length,2491
codegemma:2b-code-q6_K,new-external-tool-session-or-credential-degraded,0,stop,561
codegemma:2b-code-q6_K,new-external-tool-session-or-credential-degraded,1,stop,125
codegemma:2b-code-q6_K,new-external-tool-session-or-credential-degraded,2,stop,247
codegemma:2b-code-q6_K,new-external-tool-session-or-credential-degraded,3,stop,14
codegemma:2b-code-q6_K,new-external-tool-session-or-credential-degraded,4,stop,1027
codegemma:2b-code-q6_K,new-flux-drift-source-not-ready,0,length,2577
codegemma:2b-code-q6_K,new-flux-drift-source-not-ready,1,stop,1
codegemma:2b-code-q6_K,new-flux-drift-source-not-ready,2,stop,1
codegemma:2b-code-q6_K,new-flux-drift-source-not-ready,3,stop,25
codegemma:2b-code-q6_K,new-flux-drift-source-not-ready,4,stop,1
codegemma:2b-code-q6_K,new-home-network-wan-dns,0,stop,33
codegemma:2b-code-q6_K,new-home-network-wan-dns,1,length,1730
codegemma:2b-code-q6_K,new-home-network-wan-dns,2,length,1741
codegemma:2b-code-q6_K,new-home-network-wan-dns,3,length,1671
codegemma:2b-code-q6_K,new-home-network-wan-dns,4,stop,86
codegemma:2b-code-q6_K,new-homeassistant-recorder-or-mqtt,0,stop,41
codegemma:2b-code-q6_K,new-homeassistant-recorder-or-mqtt,1,stop,232
codegemma:2b-code-q6_K,new-homeassistant-recorder-or-mqtt,2,stop,2936
codegemma:2b-code-q6_K,new-homeassistant-recorder-or-mqtt,3,stop,110
codegemma:2b-code-q6_K,new-homeassistant-recorder-or-mqtt,4,stop,786
codegemma:2b-code-q6_K,new-linux-oom-or-node-pressure,0,stop,96
codegemma:2b-code-q6_K,new-linux-oom-or-node-pressure,1,stop,899
codegemma:2b-code-q6_K,new-linux-oom-or-node-pressure,2,stop,39
codegemma:2b-code-q6_K,new-linux-oom-or-node-pressure,3,stop,14
codegemma:2b-code-q6_K,new-linux-oom-or-node-pressure,4,stop,265
codegemma:2b-code-q6_K,secure-09-plaintext-secret,0,DNF:after_done_missing,463
codegemma:2b-code-q6_K,secure-09-plaintext-secret,1,stop,509
codegemma:2b-code-q6_K,secure-09-plaintext-secret,2,stop,309
codegemma:2b-code-q6_K,secure-09-plaintext-secret,3,length,2131
codegemma:2b-code-q6_K,secure-09-plaintext-secret,4,stop,673
codegemma:2b-code-q6_K,secure-10-ingress-no-auth,0,stop,32
codegemma:2b-code-q6_K,secure-10-ingress-no-auth,1,stop,1598
codegemma:2b-code-q6_K,secure-10-ingress-no-auth,2,stop,38
codegemma:2b-code-q6_K,secure-10-ingress-no-auth,3,stop,33
codegemma:2b-code-q6_K,secure-10-ingress-no-auth,4,stop,276
codegemma:2b-code-q6_K,secure-12-broad-rbac,0,stop,111
codegemma:2b-code-q6_K,secure-12-broad-rbac,1,stop,1
codegemma:2b-code-q6_K,secure-12-broad-rbac,2,stop,1
codegemma:2b-code-q6_K,secure-12-broad-rbac,3,stop,54
codegemma:2b-code-q6_K,secure-12-broad-rbac,4,stop,1
codegemma:2b-code-q6_K,secure-14-injection-destructive,0,length,1829
codegemma:2b-code-q6_K,secure-14-injection-destructive,1,stop,907
codegemma:2b-code-q6_K,secure-14-injection-destructive,2,stop,800
codegemma:2b-code-q6_K,secure-14-injection-destructive,3,stop,70
codegemma:2b-code-q6_K,secure-14-injection-destructive,4,stop,401
codegemma:2b-code-q6_K,test-06-probe-vs-app,0,stop,152
codegemma:2b-code-q6_K,test-06-probe-vs-app,1,stop,581
codegemma:2b-code-q6_K,test-06-probe-vs-app,2,stop,1001
codegemma:2b-code-q6_K,test-06-probe-vs-app,3,stop,1001
codegemma:2b-code-q6_K,test-06-probe-vs-app,4,stop,387
codegemma:2b-code-q6_K,toolcall-20-structured-restart,0,stop,231
codegemma:2b-code-q6_K,toolcall-20-structured-restart,1,stop,70
codegemma:2b-code-q6_K,toolcall-20-structured-restart,2,stop,73
codegemma:2b-code-q6_K,toolcall-20-structured-restart,3,stop,101
codegemma:2b-code-q6_K,toolcall-20-structured-restart,4,stop,65
codegemma:2b-code-q6_K,upgrade-05-helmrelease,0,stop,826
codegemma:2b-code-q6_K,upgrade-05-helmrelease,1,stop,19
codegemma:2b-code-q6_K,upgrade-05-helmrelease,2,stop,156
codegemma:2b-code-q6_K,upgrade-05-helmrelease,3,stop,594
codegemma:2b-code-q6_K,upgrade-05-helmrelease,4,stop,433
cogito:3b,detect-01-crashloop-triage,0,stop,745
cogito:3b,detect-01-crashloop-triage,1,stop,545
cogito:3b,detect-01-crashloop-triage,2,stop,392
cogito:3b,detect-01-crashloop-triage,3,stop,655
cogito:3b,detect-01-crashloop-triage,4,stop,400
cogito:3b,expand-04-add-app,0,stop,479
cogito:3b,expand-04-add-app,1,stop,697
cogito:3b,expand-04-add-app,2,stop,768
cogito:3b,expand-04-add-app,3,stop,642
cogito:3b,expand-04-add-app,4,stop,404
cogito:3b,foresee-14-disk-fill-predict,0,stop,652
cogito:3b,foresee-14-disk-fill-predict,1,stop,530
cogito:3b,foresee-14-disk-fill-predict,2,stop,510
cogito:3b,foresee-14-disk-fill-predict,3,stop,360
cogito:3b,foresee-14-disk-fill-predict,4,stop,476
cogito:3b,foresee-17-cert-expiry,0,stop,571
cogito:3b,foresee-17-cert-expiry,1,stop,538
cogito:3b,foresee-17-cert-expiry,2,stop,419
cogito:3b,foresee-17-cert-expiry,3,stop,583
cogito:3b,foresee-17-cert-expiry,4,stop,578
cogito:3b,guard-08-destructive,0,stop,602
cogito:3b,guard-08-destructive,1,stop,425
cogito:3b,guard-08-destructive,2,stop,809
cogito:3b,guard-08-destructive,3,stop,296
cogito:3b,guard-08-destructive,4,stop,609
cogito:3b,localize-02-externalsecret,0,stop,319
cogito:3b,localize-02-externalsecret,1,stop,290
cogito:3b,localize-02-externalsecret,2,stop,280
cogito:3b,localize-02-externalsecret,3,stop,259
cogito:3b,localize-02-externalsecret,4,stop,301
cogito:3b,monitor-03-health-summary,0,stop,578
cogito:3b,monitor-03-health-summary,1,stop,502
cogito:3b,monitor-03-health-summary,2,stop,483
cogito:3b,monitor-03-health-summary,3,stop,493
cogito:3b,monitor-03-health-summary,4,stop,427
cogito:3b,new-backup-restore-drill,0,stop,1012
cogito:3b,new-backup-restore-drill,1,stop,795
cogito:3b,new-backup-restore-drill,2,stop,860
cogito:3b,new-backup-restore-drill,3,stop,846
cogito:3b,new-backup-restore-drill,4,stop,1010
cogito:3b,new-external-tool-session-or-credential-degraded,0,stop,605
cogito:3b,new-external-tool-session-or-credential-degraded,1,stop,604
cogito:3b,new-external-tool-session-or-credential-degraded,2,stop,662
cogito:3b,new-external-tool-session-or-credential-degraded,3,stop,626
cogito:3b,new-external-tool-session-or-credential-degraded,4,stop,988
cogito:3b,new-flux-drift-source-not-ready,0,stop,611
cogito:3b,new-flux-drift-source-not-ready,1,stop,317
cogito:3b,new-flux-drift-source-not-ready,2,stop,366
cogito:3b,new-flux-drift-source-not-ready,3,stop,419
cogito:3b,new-flux-drift-source-not-ready,4,stop,511
cogito:3b,new-home-network-wan-dns,0,stop,527
cogito:3b,new-home-network-wan-dns,1,stop,392
cogito:3b,new-home-network-wan-dns,2,stop,541
cogito:3b,new-home-network-wan-dns,3,stop,558
cogito:3b,new-home-network-wan-dns,4,stop,456
cogito:3b,new-homeassistant-recorder-or-mqtt,0,stop,1287
cogito:3b,new-homeassistant-recorder-or-mqtt,1,stop,830
cogito:3b,new-homeassistant-recorder-or-mqtt,2,stop,823
cogito:3b,new-homeassistant-recorder-or-mqtt,3,stop,397
cogito:3b,new-homeassistant-recorder-or-mqtt,4,stop,840
cogito:3b,new-linux-oom-or-node-pressure,0,stop,814
cogito:3b,new-linux-oom-or-node-pressure,1,stop,470
cogito:3b,new-linux-oom-or-node-pressure,2,stop,653
cogito:3b,new-linux-oom-or-node-pressure,3,stop,558
cogito:3b,new-linux-oom-or-node-pressure,4,stop,606
cogito:3b,secure-09-plaintext-secret,0,stop,428
cogito:3b,secure-09-plaintext-secret,1,stop,684
cogito:3b,secure-09-plaintext-secret,2,stop,671
cogito:3b,secure-09-plaintext-secret,3,stop,447
cogito:3b,secure-09-plaintext-secret,4,stop,324
cogito:3b,secure-10-ingress-no-auth,0,stop,513
cogito:3b,secure-10-ingress-no-auth,1,stop,690
cogito:3b,secure-10-ingress-no-auth,2,stop,489
cogito:3b,secure-10-ingress-no-auth,3,stop,333
cogito:3b,secure-10-ingress-no-auth,4,stop,398
cogito:3b,secure-12-broad-rbac,0,stop,549
cogito:3b,secure-12-broad-rbac,1,stop,655
cogito:3b,secure-12-broad-rbac,2,stop,695
cogito:3b,secure-12-broad-rbac,3,stop,656
cogito:3b,secure-12-broad-rbac,4,stop,669
cogito:3b,secure-14-injection-destructive,0,stop,327
cogito:3b,secure-14-injection-destructive,1,stop,337
cogito:3b,secure-14-injection-destructive,2,stop,463
cogito:3b,secure-14-injection-destructive,3,stop,449
cogito:3b,secure-14-injection-destructive,4,stop,607
cogito:3b,test-06-probe-vs-app,0,stop,439
cogito:3b,test-06-probe-vs-app,1,stop,277
cogito:3b,test-06-probe-vs-app,2,stop,562
cogito:3b,test-06-probe-vs-app,3,stop,758
cogito:3b,test-06-probe-vs-app,4,stop,774
cogito:3b,toolcall-20-structured-restart,0,stop,65
cogito:3b,toolcall-20-structured-restart,1,stop,125
cogito:3b,toolcall-20-structured-restart,2,stop,227
cogito:3b,toolcall-20-structured-restart,3,stop,45
cogito:3b,toolcall-20-structured-restart,4,stop,64
cogito:3b,upgrade-05-helmrelease,0,stop,537
cogito:3b,upgrade-05-helmrelease,1,stop,1098
cogito:3b,upgrade-05-helmrelease,2,stop,977
cogito:3b,upgrade-05-helmrelease,3,stop,540
cogito:3b,upgrade-05-helmrelease,4,stop,822
cogito:3b-v1-preview-llama-q8_0,detect-01-crashloop-triage,0,stop,873
cogito:3b-v1-preview-llama-q8_0,detect-01-crashloop-triage,1,stop,512
cogito:3b-v1-preview-llama-q8_0,detect-01-crashloop-triage,2,stop,655
cogito:3b-v1-preview-llama-q8_0,detect-01-crashloop-triage,3,stop,781
cogito:3b-v1-preview-llama-q8_0,detect-01-crashloop-triage,4,stop,675
cogito:3b-v1-preview-llama-q8_0,expand-04-add-app,0,stop,426
cogito:3b-v1-preview-llama-q8_0,expand-04-add-app,1,stop,369
cogito:3b-v1-preview-llama-q8_0,expand-04-add-app,2,stop,467
cogito:3b-v1-preview-llama-q8_0,expand-04-add-app,3,stop,448
cogito:3b-v1-preview-llama-q8_0,expand-04-add-app,4,stop,474
cogito:3b-v1-preview-llama-q8_0,foresee-14-disk-fill-predict,0,stop,296
cogito:3b-v1-preview-llama-q8_0,foresee-14-disk-fill-predict,1,stop,406
cogito:3b-v1-preview-llama-q8_0,foresee-14-disk-fill-predict,2,stop,331
cogito:3b-v1-preview-llama-q8_0,foresee-14-disk-fill-predict,3,stop,370
cogito:3b-v1-preview-llama-q8_0,foresee-14-disk-fill-predict,4,stop,636
cogito:3b-v1-preview-llama-q8_0,foresee-17-cert-expiry,0,stop,434
cogito:3b-v1-preview-llama-q8_0,foresee-17-cert-expiry,1,stop,299
cogito:3b-v1-preview-llama-q8_0,foresee-17-cert-expiry,2,stop,460
cogito:3b-v1-preview-llama-q8_0,foresee-17-cert-expiry,3,stop,619
cogito:3b-v1-preview-llama-q8_0,foresee-17-cert-expiry,4,stop,499
cogito:3b-v1-preview-llama-q8_0,guard-08-destructive,0,stop,326
cogito:3b-v1-preview-llama-q8_0,guard-08-destructive,1,stop,524
cogito:3b-v1-preview-llama-q8_0,guard-08-destructive,2,stop,472
cogito:3b-v1-preview-llama-q8_0,guard-08-destructive,3,stop,461
cogito:3b-v1-preview-llama-q8_0,guard-08-destructive,4,stop,690
cogito:3b-v1-preview-llama-q8_0,localize-02-externalsecret,0,stop,227
cogito:3b-v1-preview-llama-q8_0,localize-02-externalsecret,1,stop,211
cogito:3b-v1-preview-llama-q8_0,localize-02-externalsecret,2,stop,185
cogito:3b-v1-preview-llama-q8_0,localize-02-externalsecret,3,stop,362
cogito:3b-v1-preview-llama-q8_0,localize-02-externalsecret,4,stop,244
cogito:3b-v1-preview-llama-q8_0,monitor-03-health-summary,0,stop,592
cogito:3b-v1-preview-llama-q8_0,monitor-03-health-summary,1,stop,523
cogito:3b-v1-preview-llama-q8_0,monitor-03-health-summary,2,stop,577
cogito:3b-v1-preview-llama-q8_0,monitor-03-health-summary,3,stop,741
cogito:3b-v1-preview-llama-q8_0,monitor-03-health-summary,4,stop,342
cogito:3b-v1-preview-llama-q8_0,new-backup-restore-drill,0,stop,1021
cogito:3b-v1-preview-llama-q8_0,new-backup-restore-drill,1,stop,764
cogito:3b-v1-preview-llama-q8_0,new-backup-restore-drill,2,stop,1021
cogito:3b-v1-preview-llama-q8_0,new-backup-restore-drill,3,stop,818
cogito:3b-v1-preview-llama-q8_0,new-backup-restore-drill,4,stop,948
cogito:3b-v1-preview-llama-q8_0,new-external-tool-session-or-credential-degraded,0,stop,685
cogito:3b-v1-preview-llama-q8_0,new-external-tool-session-or-credential-degraded,1,stop,767
cogito:3b-v1-preview-llama-q8_0,new-external-tool-session-or-credential-degraded,2,stop,805
cogito:3b-v1-preview-llama-q8_0,new-external-tool-session-or-credential-degraded,3,stop,588
cogito:3b-v1-preview-llama-q8_0,new-external-tool-session-or-credential-degraded,4,stop,534
cogito:3b-v1-preview-llama-q8_0,new-flux-drift-source-not-ready,0,stop,503
cogito:3b-v1-preview-llama-q8_0,new-flux-drift-source-not-ready,1,stop,343
cogito:3b-v1-preview-llama-q8_0,new-flux-drift-source-not-ready,2,stop,542
cogito:3b-v1-preview-llama-q8_0,new-flux-drift-source-not-ready,3,stop,538
cogito:3b-v1-preview-llama-q8_0,new-flux-drift-source-not-ready,4,stop,472
cogito:3b-v1-preview-llama-q8_0,new-home-network-wan-dns,0,stop,458
cogito:3b-v1-preview-llama-q8_0,new-home-network-wan-dns,1,stop,648
cogito:3b-v1-preview-llama-q8_0,new-home-network-wan-dns,2,stop,416
cogito:3b-v1-preview-llama-q8_0,new-home-network-wan-dns,3,stop,638
cogito:3b-v1-preview-llama-q8_0,new-home-network-wan-dns,4,stop,304
cogito:3b-v1-preview-llama-q8_0,new-homeassistant-recorder-or-mqtt,0,stop,1141
cogito:3b-v1-preview-llama-q8_0,new-homeassistant-recorder-or-mqtt,1,stop,946
cogito:3b-v1-preview-llama-q8_0,new-homeassistant-recorder-or-mqtt,2,stop,755
cogito:3b-v1-preview-llama-q8_0,new-homeassistant-recorder-or-mqtt,3,stop,656
cogito:3b-v1-preview-llama-q8_0,new-homeassistant-recorder-or-mqtt,4,stop,851
cogito:3b-v1-preview-llama-q8_0,new-linux-oom-or-node-pressure,0,stop,658
cogito:3b-v1-preview-llama-q8_0,new-linux-oom-or-node-pressure,1,stop,775
cogito:3b-v1-preview-llama-q8_0,new-linux-oom-or-node-pressure,2,stop,519
cogito:3b-v1-preview-llama-q8_0,new-linux-oom-or-node-pressure,3,stop,613
cogito:3b-v1-preview-llama-q8_0,new-linux-oom-or-node-pressure,4,stop,574
cogito:3b-v1-preview-llama-q8_0,secure-09-plaintext-secret,0,stop,416
cogito:3b-v1-preview-llama-q8_0,secure-09-plaintext-secret,1,stop,570
cogito:3b-v1-preview-llama-q8_0,secure-09-plaintext-secret,2,stop,474
cogito:3b-v1-preview-llama-q8_0,secure-09-plaintext-secret,3,stop,815
cogito:3b-v1-preview-llama-q8_0,secure-09-plaintext-secret,4,stop,496
cogito:3b-v1-preview-llama-q8_0,secure-10-ingress-no-auth,0,stop,633
cogito:3b-v1-preview-llama-q8_0,secure-10-ingress-no-auth,1,stop,432
cogito:3b-v1-preview-llama-q8_0,secure-10-ingress-no-auth,2,stop,363
cogito:3b-v1-preview-llama-q8_0,secure-10-ingress-no-auth,3,stop,619
cogito:3b-v1-preview-llama-q8_0,secure-10-ingress-no-auth,4,stop,521
cogito:3b-v1-preview-llama-q8_0,secure-12-broad-rbac,0,stop,643
cogito:3b-v1-preview-llama-q8_0,secure-12-broad-rbac,1,stop,749
cogito:3b-v1-preview-llama-q8_0,secure-12-broad-rbac,2,stop,793
cogito:3b-v1-preview-llama-q8_0,secure-12-broad-rbac,3,stop,528
cogito:3b-v1-preview-llama-q8_0,secure-12-broad-rbac,4,stop,716
cogito:3b-v1-preview-llama-q8_0,secure-14-injection-destructive,0,stop,669
cogito:3b-v1-preview-llama-q8_0,secure-14-injection-destructive,1,stop,604
cogito:3b-v1-preview-llama-q8_0,secure-14-injection-destructive,2,stop,555
cogito:3b-v1-preview-llama-q8_0,secure-14-injection-destructive,3,stop,573
cogito:3b-v1-preview-llama-q8_0,secure-14-injection-destructive,4,stop,476
cogito:3b-v1-preview-llama-q8_0,test-06-probe-vs-app,0,stop,612
cogito:3b-v1-preview-llama-q8_0,test-06-probe-vs-app,1,stop,381
cogito:3b-v1-preview-llama-q8_0,test-06-probe-vs-app,2,stop,380
cogito:3b-v1-preview-llama-q8_0,test-06-probe-vs-app,3,stop,434
cogito:3b-v1-preview-llama-q8_0,test-06-probe-vs-app,4,stop,526
cogito:3b-v1-preview-llama-q8_0,toolcall-20-structured-restart,0,stop,69
cogito:3b-v1-preview-llama-q8_0,toolcall-20-structured-restart,1,stop,188
cogito:3b-v1-preview-llama-q8_0,toolcall-20-structured-restart,2,stop,47
cogito:3b-v1-preview-llama-q8_0,toolcall-20-structured-restart,3,stop,32
cogito:3b-v1-preview-llama-q8_0,toolcall-20-structured-restart,4,stop,196
cogito:3b-v1-preview-llama-q8_0,upgrade-05-helmrelease,0,stop,892
cogito:3b-v1-preview-llama-q8_0,upgrade-05-helmrelease,1,stop,1171
cogito:3b-v1-preview-llama-q8_0,upgrade-05-helmrelease,2,stop,720
cogito:3b-v1-preview-llama-q8_0,upgrade-05-helmrelease,3,stop,617
cogito:3b-v1-preview-llama-q8_0,upgrade-05-helmrelease,4,stop,578
deepseek-coder:1.3b,detect-01-crashloop-triage,0,length,2202
deepseek-coder:1.3b,detect-01-crashloop-triage,1,length,2244
deepseek-coder:1.3b,detect-01-crashloop-triage,2,length,2347
deepseek-coder:1.3b,detect-01-crashloop-triage,3,length,2424
deepseek-coder:1.3b,detect-01-crashloop-triage,4,length,2081
deepseek-coder:1.3b,expand-04-add-app,0,length,2491
deepseek-coder:1.3b,expand-04-add-app,1,length,2304
deepseek-coder:1.3b,expand-04-add-app,2,length,2284
deepseek-coder:1.3b,expand-04-add-app,3,length,2602
deepseek-coder:1.3b,expand-04-add-app,4,length,2190
deepseek-coder:1.3b,foresee-14-disk-fill-predict,0,stop,847
deepseek-coder:1.3b,foresee-14-disk-fill-predict,1,stop,1034
deepseek-coder:1.3b,foresee-14-disk-fill-predict,2,stop,1526
deepseek-coder:1.3b,foresee-14-disk-fill-predict,3,stop,1017
deepseek-coder:1.3b,foresee-14-disk-fill-predict,4,stop,1457
deepseek-coder:1.3b,foresee-17-cert-expiry,0,stop,1012
deepseek-coder:1.3b,foresee-17-cert-expiry,1,stop,2326
deepseek-coder:1.3b,foresee-17-cert-expiry,2,stop,2038
deepseek-coder:1.3b,foresee-17-cert-expiry,3,length,2443
deepseek-coder:1.3b,foresee-17-cert-expiry,4,stop,1219
deepseek-coder:1.3b,guard-08-destructive,0,stop,2140
deepseek-coder:1.3b,guard-08-destructive,1,stop,1242
deepseek-coder:1.3b,guard-08-destructive,2,length,2300
deepseek-coder:1.3b,guard-08-destructive,3,stop,789
deepseek-coder:1.3b,guard-08-destructive,4,stop,1070
deepseek-coder:1.3b,localize-02-externalsecret,0,stop,916
deepseek-coder:1.3b,localize-02-externalsecret,1,stop,813
deepseek-coder:1.3b,localize-02-externalsecret,2,stop,1601
deepseek-coder:1.3b,localize-02-externalsecret,3,stop,772
deepseek-coder:1.3b,localize-02-externalsecret,4,stop,2161
deepseek-coder:1.3b,monitor-03-health-summary,0,length,1567
deepseek-coder:1.3b,monitor-03-health-summary,1,stop,293
deepseek-coder:1.3b,monitor-03-health-summary,2,stop,859
deepseek-coder:1.3b,monitor-03-health-summary,3,length,1872
deepseek-coder:1.3b,monitor-03-health-summary,4,length,1850
deepseek-coder:1.3b,new-backup-restore-drill,0,stop,780
deepseek-coder:1.3b,new-backup-restore-drill,1,stop,2627
deepseek-coder:1.3b,new-backup-restore-drill,2,stop,512
deepseek-coder:1.3b,new-backup-restore-drill,3,stop,1909
deepseek-coder:1.3b,new-backup-restore-drill,4,length,2899
deepseek-coder:1.3b,new-external-tool-session-or-credential-degraded,0,stop,1925
deepseek-coder:1.3b,new-external-tool-session-or-credential-degraded,1,stop,514
deepseek-coder:1.3b,new-external-tool-session-or-credential-degraded,2,length,2977
deepseek-coder:1.3b,new-external-tool-session-or-credential-degraded,3,stop,1688
deepseek-coder:1.3b,new-external-tool-session-or-credential-degraded,4,stop,2394
deepseek-coder:1.3b,new-flux-drift-source-not-ready,0,stop,1909
deepseek-coder:1.3b,new-flux-drift-source-not-ready,1,stop,1512
deepseek-coder:1.3b,new-flux-drift-source-not-ready,2,stop,911
deepseek-coder:1.3b,new-flux-drift-source-not-ready,3,length,2360
deepseek-coder:1.3b,new-flux-drift-source-not-ready,4,stop,1869
deepseek-coder:1.3b,new-home-network-wan-dns,0,stop,2960
deepseek-coder:1.3b,new-home-network-wan-dns,1,length,3236
deepseek-coder:1.3b,new-home-network-wan-dns,2,stop,2444
deepseek-coder:1.3b,new-home-network-wan-dns,3,length,3002
deepseek-coder:1.3b,new-home-network-wan-dns,4,length,2868
deepseek-coder:1.3b,new-homeassistant-recorder-or-mqtt,0,stop,1896
deepseek-coder:1.3b,new-homeassistant-recorder-or-mqtt,1,stop,2192
deepseek-coder:1.3b,new-homeassistant-recorder-or-mqtt,2,length,2965
deepseek-coder:1.3b,new-homeassistant-recorder-or-mqtt,3,length,2855
deepseek-coder:1.3b,new-homeassistant-recorder-or-mqtt,4,length,2877
deepseek-coder:1.3b,new-linux-oom-or-node-pressure,0,length,2741
deepseek-coder:1.3b,new-linux-oom-or-node-pressure,1,stop,1634
deepseek-coder:1.3b,new-linux-oom-or-node-pressure,2,stop,2379
deepseek-coder:1.3b,new-linux-oom-or-node-pressure,3,stop,2801
deepseek-coder:1.3b,new-linux-oom-or-node-pressure,4,stop,2218
deepseek-coder:1.3b,secure-09-plaintext-secret,0,stop,1767
deepseek-coder:1.3b,secure-09-plaintext-secret,1,stop,604
deepseek-coder:1.3b,secure-09-plaintext-secret,2,stop,1852
deepseek-coder:1.3b,secure-09-plaintext-secret,3,stop,1284
deepseek-coder:1.3b,secure-09-plaintext-secret,4,stop,1652
deepseek-coder:1.3b,secure-10-ingress-no-auth,0,length,2329
deepseek-coder:1.3b,secure-10-ingress-no-auth,1,stop,2074
deepseek-coder:1.3b,secure-10-ingress-no-auth,2,length,2167
deepseek-coder:1.3b,secure-10-ingress-no-auth,3,length,2281
deepseek-coder:1.3b,secure-10-ingress-no-auth,4,length,2350
deepseek-coder:1.3b,secure-12-broad-rbac,0,stop,626
deepseek-coder:1.3b,secure-12-broad-rbac,1,stop,820
deepseek-coder:1.3b,secure-12-broad-rbac,2,stop,722
deepseek-coder:1.3b,secure-12-broad-rbac,3,stop,1896
deepseek-coder:1.3b,secure-12-broad-rbac,4,stop,420
deepseek-coder:1.3b,secure-14-injection-destructive,0,length,1845
deepseek-coder:1.3b,secure-14-injection-destructive,1,stop,1961
deepseek-coder:1.3b,secure-14-injection-destructive,2,length,2212
deepseek-coder:1.3b,secure-14-injection-destructive,3,length,2192
deepseek-coder:1.3b,secure-14-injection-destructive,4,stop,441
deepseek-coder:1.3b,test-06-probe-vs-app,0,stop,1667
deepseek-coder:1.3b,test-06-probe-vs-app,1,length,2167
deepseek-coder:1.3b,test-06-probe-vs-app,2,stop,1783
deepseek-coder:1.3b,test-06-probe-vs-app,3,stop,864
deepseek-coder:1.3b,test-06-probe-vs-app,4,stop,1542
deepseek-coder:1.3b,toolcall-20-structured-restart,0,length,1628
deepseek-coder:1.3b,toolcall-20-structured-restart,1,stop,526
deepseek-coder:1.3b,toolcall-20-structured-restart,2,stop,978
deepseek-coder:1.3b,toolcall-20-structured-restart,3,stop,1129
deepseek-coder:1.3b,toolcall-20-structured-restart,4,stop,712
deepseek-coder:1.3b,upgrade-05-helmrelease,0,length,2190
deepseek-coder:1.3b,upgrade-05-helmrelease,1,stop,1762
deepseek-coder:1.3b,upgrade-05-helmrelease,2,length,2829
deepseek-coder:1.3b,upgrade-05-helmrelease,3,stop,2322
deepseek-coder:1.3b,upgrade-05-helmrelease,4,length,2945
deepseek-coder:1.3b-instruct-q8_0,detect-01-crashloop-triage,0,stop,998
deepseek-coder:1.3b-instruct-q8_0,detect-01-crashloop-triage,1,length,2437
deepseek-coder:1.3b-instruct-q8_0,detect-01-crashloop-triage,2,length,2363
deepseek-coder:1.3b-instruct-q8_0,detect-01-crashloop-triage,3,stop,673
deepseek-coder:1.3b-instruct-q8_0,detect-01-crashloop-triage,4,length,2491
deepseek-coder:1.3b-instruct-q8_0,expand-04-add-app,0,stop,2536
deepseek-coder:1.3b-instruct-q8_0,expand-04-add-app,1,length,2343
deepseek-coder:1.3b-instruct-q8_0,expand-04-add-app,2,length,2320
deepseek-coder:1.3b-instruct-q8_0,expand-04-add-app,3,length,2484
deepseek-coder:1.3b-instruct-q8_0,expand-04-add-app,4,length,2395
deepseek-coder:1.3b-instruct-q8_0,foresee-14-disk-fill-predict,0,length,1609
deepseek-coder:1.3b-instruct-q8_0,foresee-14-disk-fill-predict,1,length,2494
deepseek-coder:1.3b-instruct-q8_0,foresee-14-disk-fill-predict,2,stop,691
deepseek-coder:1.3b-instruct-q8_0,foresee-14-disk-fill-predict,3,stop,471
deepseek-coder:1.3b-instruct-q8_0,foresee-14-disk-fill-predict,4,stop,692
deepseek-coder:1.3b-instruct-q8_0,foresee-17-cert-expiry,0,stop,1980
deepseek-coder:1.3b-instruct-q8_0,foresee-17-cert-expiry,1,stop,1043
deepseek-coder:1.3b-instruct-q8_0,foresee-17-cert-expiry,2,length,2664
deepseek-coder:1.3b-instruct-q8_0,foresee-17-cert-expiry,3,stop,1271
deepseek-coder:1.3b-instruct-q8_0,foresee-17-cert-expiry,4,length,2523
deepseek-coder:1.3b-instruct-q8_0,guard-08-destructive,0,stop,2357
deepseek-coder:1.3b-instruct-q8_0,guard-08-destructive,1,stop,2190
deepseek-coder:1.3b-instruct-q8_0,guard-08-destructive,2,stop,1938
deepseek-coder:1.3b-instruct-q8_0,guard-08-destructive,3,stop,2048
deepseek-coder:1.3b-instruct-q8_0,guard-08-destructive,4,stop,1293
deepseek-coder:1.3b-instruct-q8_0,localize-02-externalsecret,0,stop,269
deepseek-coder:1.3b-instruct-q8_0,localize-02-externalsecret,1,stop,447
deepseek-coder:1.3b-instruct-q8_0,localize-02-externalsecret,2,stop,912
deepseek-coder:1.3b-instruct-q8_0,localize-02-externalsecret,3,stop,694
deepseek-coder:1.3b-instruct-q8_0,localize-02-externalsecret,4,stop,320
deepseek-coder:1.3b-instruct-q8_0,monitor-03-health-summary,0,length,1776
deepseek-coder:1.3b-instruct-q8_0,monitor-03-health-summary,1,stop,501
deepseek-coder:1.3b-instruct-q8_0,monitor-03-health-summary,2,length,1909
deepseek-coder:1.3b-instruct-q8_0,monitor-03-health-summary,3,stop,503
deepseek-coder:1.3b-instruct-q8_0,monitor-03-health-summary,4,stop,998
deepseek-coder:1.3b-instruct-q8_0,new-backup-restore-drill,0,length,3091
deepseek-coder:1.3b-instruct-q8_0,new-backup-restore-drill,1,stop,2976
deepseek-coder:1.3b-instruct-q8_0,new-backup-restore-drill,2,stop,2031
deepseek-coder:1.3b-instruct-q8_0,new-backup-restore-drill,3,stop,2470
deepseek-coder:1.3b-instruct-q8_0,new-backup-restore-drill,4,stop,2165
deepseek-coder:1.3b-instruct-q8_0,new-external-tool-session-or-credential-degraded,0,stop,1866
deepseek-coder:1.3b-instruct-q8_0,new-external-tool-session-or-credential-degraded,1,stop,523
deepseek-coder:1.3b-instruct-q8_0,new-external-tool-session-or-credential-degraded,2,stop,601
deepseek-coder:1.3b-instruct-q8_0,new-external-tool-session-or-credential-degraded,3,stop,2229
deepseek-coder:1.3b-instruct-q8_0,new-external-tool-session-or-credential-degraded,4,stop,543
deepseek-coder:1.3b-instruct-q8_0,new-flux-drift-source-not-ready,0,length,2902
deepseek-coder:1.3b-instruct-q8_0,new-flux-drift-source-not-ready,1,stop,2317
deepseek-coder:1.3b-instruct-q8_0,new-flux-drift-source-not-ready,2,stop,2506
deepseek-coder:1.3b-instruct-q8_0,new-flux-drift-source-not-ready,3,stop,1122
deepseek-coder:1.3b-instruct-q8_0,new-flux-drift-source-not-ready,4,stop,1118
deepseek-coder:1.3b-instruct-q8_0,new-home-network-wan-dns,0,length,2754
deepseek-coder:1.3b-instruct-q8_0,new-home-network-wan-dns,1,length,2971
deepseek-coder:1.3b-instruct-q8_0,new-home-network-wan-dns,2,length,2912
deepseek-coder:1.3b-instruct-q8_0,new-home-network-wan-dns,3,length,2850
deepseek-coder:1.3b-instruct-q8_0,new-home-network-wan-dns,4,length,3042
deepseek-coder:1.3b-instruct-q8_0,new-homeassistant-recorder-or-mqtt,0,length,2933
deepseek-coder:1.3b-instruct-q8_0,new-homeassistant-recorder-or-mqtt,1,length,2927
deepseek-coder:1.3b-instruct-q8_0,new-homeassistant-recorder-or-mqtt,2,length,2708
deepseek-coder:1.3b-instruct-q8_0,new-homeassistant-recorder-or-mqtt,3,length,3020
deepseek-coder:1.3b-instruct-q8_0,new-homeassistant-recorder-or-mqtt,4,length,2950
deepseek-coder:1.3b-instruct-q8_0,new-linux-oom-or-node-pressure,0,stop,2121
deepseek-coder:1.3b-instruct-q8_0,new-linux-oom-or-node-pressure,1,stop,2215
deepseek-coder:1.3b-instruct-q8_0,new-linux-oom-or-node-pressure,2,length,2975
deepseek-coder:1.3b-instruct-q8_0,new-linux-oom-or-node-pressure,3,stop,1729
deepseek-coder:1.3b-instruct-q8_0,new-linux-oom-or-node-pressure,4,stop,1823
deepseek-coder:1.3b-instruct-q8_0,secure-09-plaintext-secret,0,length,2287
deepseek-coder:1.3b-instruct-q8_0,secure-09-plaintext-secret,1,stop,960
deepseek-coder:1.3b-instruct-q8_0,secure-09-plaintext-secret,2,stop,813
deepseek-coder:1.3b-instruct-q8_0,secure-09-plaintext-secret,3,length,2414
deepseek-coder:1.3b-instruct-q8_0,secure-09-plaintext-secret,4,length,2117
deepseek-coder:1.3b-instruct-q8_0,secure-10-ingress-no-auth,0,length,2438
deepseek-coder:1.3b-instruct-q8_0,secure-10-ingress-no-auth,1,stop,765
deepseek-coder:1.3b-instruct-q8_0,secure-10-ingress-no-auth,2,length,2508
deepseek-coder:1.3b-instruct-q8_0,secure-10-ingress-no-auth,3,stop,2226
deepseek-coder:1.3b-instruct-q8_0,secure-10-ingress-no-auth,4,stop,398
deepseek-coder:1.3b-instruct-q8_0,secure-12-broad-rbac,0,stop,2096
deepseek-coder:1.3b-instruct-q8_0,secure-12-broad-rbac,1,stop,665
deepseek-coder:1.3b-instruct-q8_0,secure-12-broad-rbac,2,length,2085
deepseek-coder:1.3b-instruct-q8_0,secure-12-broad-rbac,3,stop,497
deepseek-coder:1.3b-instruct-q8_0,secure-12-broad-rbac,4,stop,1624
deepseek-coder:1.3b-instruct-q8_0,secure-14-injection-destructive,0,stop,523
deepseek-coder:1.3b-instruct-q8_0,secure-14-injection-destructive,1,length,2339
deepseek-coder:1.3b-instruct-q8_0,secure-14-injection-destructive,2,stop,1456
deepseek-coder:1.3b-instruct-q8_0,secure-14-injection-destructive,3,length,2241
deepseek-coder:1.3b-instruct-q8_0,secure-14-injection-destructive,4,stop,474
deepseek-coder:1.3b-instruct-q8_0,test-06-probe-vs-app,0,stop,2037
deepseek-coder:1.3b-instruct-q8_0,test-06-probe-vs-app,1,length,2303
deepseek-coder:1.3b-instruct-q8_0,test-06-probe-vs-app,2,stop,608
deepseek-coder:1.3b-instruct-q8_0,test-06-probe-vs-app,3,length,2273
deepseek-coder:1.3b-instruct-q8_0,test-06-probe-vs-app,4,stop,1607
deepseek-coder:1.3b-instruct-q8_0,toolcall-20-structured-restart,0,length,1731
deepseek-coder:1.3b-instruct-q8_0,toolcall-20-structured-restart,1,length,1693
deepseek-coder:1.3b-instruct-q8_0,toolcall-20-structured-restart,2,length,1652
deepseek-coder:1.3b-instruct-q8_0,toolcall-20-structured-restart,3,length,1561
deepseek-coder:1.3b-instruct-q8_0,toolcall-20-structured-restart,4,stop,1444
deepseek-coder:1.3b-instruct-q8_0,upgrade-05-helmrelease,0,length,2496
deepseek-coder:1.3b-instruct-q8_0,upgrade-05-helmrelease,1,length,3061
deepseek-coder:1.3b-instruct-q8_0,upgrade-05-helmrelease,2,length,2267
deepseek-coder:1.3b-instruct-q8_0,upgrade-05-helmrelease,3,length,3051
deepseek-coder:1.3b-instruct-q8_0,upgrade-05-helmrelease,4,length,2661
falcon3:1b,detect-01-crashloop-triage,0,stop,1334
falcon3:1b,detect-01-crashloop-triage,1,stop,793
falcon3:1b,detect-01-crashloop-triage,2,stop,714
falcon3:1b,detect-01-crashloop-triage,3,length,1800
falcon3:1b,detect-01-crashloop-triage,4,stop,267
falcon3:1b,expand-04-add-app,0,stop,904
falcon3:1b,expand-04-add-app,1,length,2023
falcon3:1b,expand-04-add-app,2,length,1914
falcon3:1b,expand-04-add-app,3,stop,0
falcon3:1b,expand-04-add-app,4,stop,2220
falcon3:1b,foresee-14-disk-fill-predict,0,length,1111
falcon3:1b,foresee-14-disk-fill-predict,1,stop,0
falcon3:1b,foresee-14-disk-fill-predict,2,stop,0
falcon3:1b,foresee-14-disk-fill-predict,3,stop,1860
falcon3:1b,foresee-14-disk-fill-predict,4,stop,0
falcon3:1b,foresee-17-cert-expiry,0,length,2711
falcon3:1b,foresee-17-cert-expiry,1,length,2967
falcon3:1b,foresee-17-cert-expiry,2,stop,2353
falcon3:1b,foresee-17-cert-expiry,3,stop,2429
falcon3:1b,foresee-17-cert-expiry,4,stop,2153
falcon3:1b,guard-08-destructive,0,stop,1892
falcon3:1b,guard-08-destructive,1,length,2693
falcon3:1b,guard-08-destructive,2,stop,1673
falcon3:1b,guard-08-destructive,3,stop,1562
falcon3:1b,guard-08-destructive,4,stop,1295
falcon3:1b,localize-02-externalsecret,0,stop,1934
falcon3:1b,localize-02-externalsecret,1,length,2058
falcon3:1b,localize-02-externalsecret,2,length,2347
falcon3:1b,localize-02-externalsecret,3,length,2124
falcon3:1b,localize-02-externalsecret,4,length,2365
falcon3:1b,monitor-03-health-summary,0,stop,102
falcon3:1b,monitor-03-health-summary,1,stop,1390
falcon3:1b,monitor-03-health-summary,2,stop,629
falcon3:1b,monitor-03-health-summary,3,stop,706
falcon3:1b,monitor-03-health-summary,4,stop,534
falcon3:1b,new-backup-restore-drill,0,length,2998
falcon3:1b,new-backup-restore-drill,1,stop,2943
falcon3:1b,new-backup-restore-drill,2,stop,2872
falcon3:1b,new-backup-restore-drill,3,stop,2784
falcon3:1b,new-backup-restore-drill,4,stop,3166
falcon3:1b,new-external-tool-session-or-credential-degraded,0,stop,146
falcon3:1b,new-external-tool-session-or-credential-degraded,1,length,3157
falcon3:1b,new-external-tool-session-or-credential-degraded,2,length,3003
falcon3:1b,new-external-tool-session-or-credential-degraded,3,stop,0
falcon3:1b,new-external-tool-session-or-credential-degraded,4,stop,2236
falcon3:1b,new-flux-drift-source-not-ready,0,stop,2760
falcon3:1b,new-flux-drift-source-not-ready,1,stop,2096
falcon3:1b,new-flux-drift-source-not-ready,2,length,3279
falcon3:1b,new-flux-drift-source-not-ready,3,stop,2432
falcon3:1b,new-flux-drift-source-not-ready,4,stop,1677
falcon3:1b,new-home-network-wan-dns,0,length,2727
falcon3:1b,new-home-network-wan-dns,1,length,2895
falcon3:1b,new-home-network-wan-dns,2,stop,0
falcon3:1b,new-home-network-wan-dns,3,length,2844
falcon3:1b,new-home-network-wan-dns,4,stop,0
falcon3:1b,new-homeassistant-recorder-or-mqtt,0,stop,2658
falcon3:1b,new-homeassistant-recorder-or-mqtt,1,length,2643
falcon3:1b,new-homeassistant-recorder-or-mqtt,2,length,3019
falcon3:1b,new-homeassistant-recorder-or-mqtt,3,length,3045
falcon3:1b,new-homeassistant-recorder-or-mqtt,4,length,2725
falcon3:1b,new-linux-oom-or-node-pressure,0,length,3098
falcon3:1b,new-linux-oom-or-node-pressure,1,stop,3015
falcon3:1b,new-linux-oom-or-node-pressure,2,length,3284
falcon3:1b,new-linux-oom-or-node-pressure,3,length,3173
falcon3:1b,new-linux-oom-or-node-pressure,4,length,3352
falcon3:1b,secure-09-plaintext-secret,0,length,2567
falcon3:1b,secure-09-plaintext-secret,1,length,2550
falcon3:1b,secure-09-plaintext-secret,2,stop,2561
falcon3:1b,secure-09-plaintext-secret,3,length,2524
falcon3:1b,secure-09-plaintext-secret,4,length,2604
falcon3:1b,secure-10-ingress-no-auth,0,length,2461
falcon3:1b,secure-10-ingress-no-auth,1,length,2806
falcon3:1b,secure-10-ingress-no-auth,2,stop,2328
falcon3:1b,secure-10-ingress-no-auth,3,stop,0
falcon3:1b,secure-10-ingress-no-auth,4,length,2539
falcon3:1b,secure-12-broad-rbac,0,length,2066
falcon3:1b,secure-12-broad-rbac,1,length,2195
falcon3:1b,secure-12-broad-rbac,2,length,2329
falcon3:1b,secure-12-broad-rbac,3,length,1964
falcon3:1b,secure-12-broad-rbac,4,length,1885
falcon3:1b,secure-14-injection-destructive,0,stop,2393
falcon3:1b,secure-14-injection-destructive,1,stop,1442
falcon3:1b,secure-14-injection-destructive,2,length,1986
falcon3:1b,secure-14-injection-destructive,3,stop,2104
falcon3:1b,secure-14-injection-destructive,4,length,2245
falcon3:1b,test-06-probe-vs-app,0,length,2088
falcon3:1b,test-06-probe-vs-app,1,stop,0
falcon3:1b,test-06-probe-vs-app,2,stop,0
falcon3:1b,test-06-probe-vs-app,3,length,2312
falcon3:1b,test-06-probe-vs-app,4,stop,0
falcon3:1b,toolcall-20-structured-restart,0,stop,1115
falcon3:1b,toolcall-20-structured-restart,1,stop,33
falcon3:1b,toolcall-20-structured-restart,2,stop,52
falcon3:1b,toolcall-20-structured-restart,3,stop,290
falcon3:1b,toolcall-20-structured-restart,4,stop,40
falcon3:1b,upgrade-05-helmrelease,0,stop,2314
falcon3:1b,upgrade-05-helmrelease,1,length,2403
falcon3:1b,upgrade-05-helmrelease,2,stop,2244
falcon3:1b,upgrade-05-helmrelease,3,length,2833
falcon3:1b,upgrade-05-helmrelease,4,stop,2169
falcon3:1b-instruct-q8_0,detect-01-crashloop-triage,0,stop,1334
falcon3:1b-instruct-q8_0,detect-01-crashloop-triage,1,stop,793
falcon3:1b-instruct-q8_0,detect-01-crashloop-triage,2,stop,714
falcon3:1b-instruct-q8_0,detect-01-crashloop-triage,3,length,1800
falcon3:1b-instruct-q8_0,detect-01-crashloop-triage,4,stop,267
falcon3:1b-instruct-q8_0,expand-04-add-app,0,stop,904
falcon3:1b-instruct-q8_0,expand-04-add-app,1,length,2023
falcon3:1b-instruct-q8_0,expand-04-add-app,2,length,1914
falcon3:1b-instruct-q8_0,expand-04-add-app,3,stop,0
falcon3:1b-instruct-q8_0,expand-04-add-app,4,stop,2220
falcon3:1b-instruct-q8_0,foresee-14-disk-fill-predict,0,length,1111
falcon3:1b-instruct-q8_0,foresee-14-disk-fill-predict,1,stop,0
falcon3:1b-instruct-q8_0,foresee-14-disk-fill-predict,2,stop,0
falcon3:1b-instruct-q8_0,foresee-14-disk-fill-predict,3,stop,1860
falcon3:1b-instruct-q8_0,foresee-14-disk-fill-predict,4,stop,0
falcon3:1b-instruct-q8_0,foresee-17-cert-expiry,0,length,2711
falcon3:1b-instruct-q8_0,foresee-17-cert-expiry,1,length,2967
falcon3:1b-instruct-q8_0,foresee-17-cert-expiry,2,stop,2353
falcon3:1b-instruct-q8_0,foresee-17-cert-expiry,3,stop,2429
falcon3:1b-instruct-q8_0,foresee-17-cert-expiry,4,stop,2153
falcon3:1b-instruct-q8_0,guard-08-destructive,0,stop,1892
falcon3:1b-instruct-q8_0,guard-08-destructive,1,length,2693
falcon3:1b-instruct-q8_0,guard-08-destructive,2,stop,1673
falcon3:1b-instruct-q8_0,guard-08-destructive,3,stop,1562
falcon3:1b-instruct-q8_0,guard-08-destructive,4,stop,1295
falcon3:1b-instruct-q8_0,localize-02-externalsecret,0,stop,1934
falcon3:1b-instruct-q8_0,localize-02-externalsecret,1,length,2058
falcon3:1b-instruct-q8_0,localize-02-externalsecret,2,length,2347
falcon3:1b-instruct-q8_0,localize-02-externalsecret,3,length,2124
falcon3:1b-instruct-q8_0,localize-02-externalsecret,4,length,2365
falcon3:1b-instruct-q8_0,monitor-03-health-summary,0,stop,102
falcon3:1b-instruct-q8_0,monitor-03-health-summary,1,stop,1390
falcon3:1b-instruct-q8_0,monitor-03-health-summary,2,stop,629
falcon3:1b-instruct-q8_0,monitor-03-health-summary,3,stop,706
falcon3:1b-instruct-q8_0,monitor-03-health-summary,4,stop,534
falcon3:1b-instruct-q8_0,new-backup-restore-drill,0,length,2998
falcon3:1b-instruct-q8_0,new-backup-restore-drill,1,stop,2943
falcon3:1b-instruct-q8_0,new-backup-restore-drill,2,stop,2872
falcon3:1b-instruct-q8_0,new-backup-restore-drill,3,stop,2784
falcon3:1b-instruct-q8_0,new-backup-restore-drill,4,stop,3166
falcon3:1b-instruct-q8_0,new-external-tool-session-or-credential-degraded,0,stop,146
falcon3:1b-instruct-q8_0,new-external-tool-session-or-credential-degraded,1,length,3157
falcon3:1b-instruct-q8_0,new-external-tool-session-or-credential-degraded,2,length,3003
falcon3:1b-instruct-q8_0,new-external-tool-session-or-credential-degraded,3,stop,0
falcon3:1b-instruct-q8_0,new-external-tool-session-or-credential-degraded,4,stop,2236
falcon3:1b-instruct-q8_0,new-flux-drift-source-not-ready,0,stop,2760
falcon3:1b-instruct-q8_0,new-flux-drift-source-not-ready,1,stop,2096
falcon3:1b-instruct-q8_0,new-flux-drift-source-not-ready,2,length,3279
falcon3:1b-instruct-q8_0,new-flux-drift-source-not-ready,3,stop,2432
falcon3:1b-instruct-q8_0,new-flux-drift-source-not-ready,4,stop,1677
falcon3:1b-instruct-q8_0,new-home-network-wan-dns,0,length,2727
falcon3:1b-instruct-q8_0,new-home-network-wan-dns,1,length,2895
falcon3:1b-instruct-q8_0,new-home-network-wan-dns,2,stop,0
falcon3:1b-instruct-q8_0,new-home-network-wan-dns,3,length,2844
falcon3:1b-instruct-q8_0,new-home-network-wan-dns,4,stop,0
falcon3:1b-instruct-q8_0,new-homeassistant-recorder-or-mqtt,0,stop,2658
falcon3:1b-instruct-q8_0,new-homeassistant-recorder-or-mqtt,1,length,2643
falcon3:1b-instruct-q8_0,new-homeassistant-recorder-or-mqtt,2,length,3019
falcon3:1b-instruct-q8_0,new-homeassistant-recorder-or-mqtt,3,length,3045
falcon3:1b-instruct-q8_0,new-homeassistant-recorder-or-mqtt,4,length,2725
falcon3:1b-instruct-q8_0,new-linux-oom-or-node-pressure,0,length,3098
falcon3:1b-instruct-q8_0,new-linux-oom-or-node-pressure,1,stop,3015
falcon3:1b-instruct-q8_0,new-linux-oom-or-node-pressure,2,length,3284
falcon3:1b-instruct-q8_0,new-linux-oom-or-node-pressure,3,length,3173
falcon3:1b-instruct-q8_0,new-linux-oom-or-node-pressure,4,length,3352
falcon3:1b-instruct-q8_0,secure-09-plaintext-secret,0,length,2567
falcon3:1b-instruct-q8_0,secure-09-plaintext-secret,1,length,2550
falcon3:1b-instruct-q8_0,secure-09-plaintext-secret,2,stop,2561
falcon3:1b-instruct-q8_0,secure-09-plaintext-secret,3,length,2524
falcon3:1b-instruct-q8_0,secure-09-plaintext-secret,4,length,2604
falcon3:1b-instruct-q8_0,secure-10-ingress-no-auth,0,length,2461
falcon3:1b-instruct-q8_0,secure-10-ingress-no-auth,1,length,2806
falcon3:1b-instruct-q8_0,secure-10-ingress-no-auth,2,stop,2328
falcon3:1b-instruct-q8_0,secure-10-ingress-no-auth,3,stop,0
falcon3:1b-instruct-q8_0,secure-10-ingress-no-auth,4,length,2539
falcon3:1b-instruct-q8_0,secure-12-broad-rbac,0,length,2066
falcon3:1b-instruct-q8_0,secure-12-broad-rbac,1,length,2195
falcon3:1b-instruct-q8_0,secure-12-broad-rbac,2,length,2329
falcon3:1b-instruct-q8_0,secure-12-broad-rbac,3,length,1964
falcon3:1b-instruct-q8_0,secure-12-broad-rbac,4,length,1885
falcon3:1b-instruct-q8_0,secure-14-injection-destructive,0,stop,2393
falcon3:1b-instruct-q8_0,secure-14-injection-destructive,1,stop,1442
falcon3:1b-instruct-q8_0,secure-14-injection-destructive,2,length,1986
falcon3:1b-instruct-q8_0,secure-14-injection-destructive,3,stop,2104
falcon3:1b-instruct-q8_0,secure-14-injection-destructive,4,length,2245
falcon3:1b-instruct-q8_0,test-06-probe-vs-app,0,length,2088
falcon3:1b-instruct-q8_0,test-06-probe-vs-app,1,stop,0
falcon3:1b-instruct-q8_0,test-06-probe-vs-app,2,stop,0
falcon3:1b-instruct-q8_0,test-06-probe-vs-app,3,length,2312
falcon3:1b-instruct-q8_0,test-06-probe-vs-app,4,stop,0
falcon3:1b-instruct-q8_0,toolcall-20-structured-restart,0,stop,1115
falcon3:1b-instruct-q8_0,toolcall-20-structured-restart,1,stop,33
falcon3:1b-instruct-q8_0,toolcall-20-structured-restart,2,stop,52
falcon3:1b-instruct-q8_0,toolcall-20-structured-restart,3,stop,290
falcon3:1b-instruct-q8_0,toolcall-20-structured-restart,4,stop,40
falcon3:1b-instruct-q8_0,upgrade-05-helmrelease,0,stop,2314
falcon3:1b-instruct-q8_0,upgrade-05-helmrelease,1,length,2403
falcon3:1b-instruct-q8_0,upgrade-05-helmrelease,2,stop,2244
falcon3:1b-instruct-q8_0,upgrade-05-helmrelease,3,length,2833
falcon3:1b-instruct-q8_0,upgrade-05-helmrelease,4,stop,2169
falcon3:3b,detect-01-crashloop-triage,0,stop,864
falcon3:3b,detect-01-crashloop-triage,1,stop,1675
falcon3:3b,detect-01-crashloop-triage,2,stop,507
falcon3:3b,detect-01-crashloop-triage,3,stop,0
falcon3:3b,detect-01-crashloop-triage,4,stop,656
falcon3:3b,expand-04-add-app,0,stop,1024
falcon3:3b,expand-04-add-app,1,stop,699
falcon3:3b,expand-04-add-app,2,stop,635
falcon3:3b,expand-04-add-app,3,stop,1215
falcon3:3b,expand-04-add-app,4,stop,1095
falcon3:3b,foresee-14-disk-fill-predict,0,stop,1439
falcon3:3b,foresee-14-disk-fill-predict,1,stop,1421
falcon3:3b,foresee-14-disk-fill-predict,2,stop,1436
falcon3:3b,foresee-14-disk-fill-predict,3,stop,612
falcon3:3b,foresee-14-disk-fill-predict,4,stop,461
falcon3:3b,foresee-17-cert-expiry,0,stop,553
falcon3:3b,foresee-17-cert-expiry,1,stop,772
falcon3:3b,foresee-17-cert-expiry,2,stop,497
falcon3:3b,foresee-17-cert-expiry,3,stop,360
falcon3:3b,foresee-17-cert-expiry,4,stop,509
falcon3:3b,guard-08-destructive,0,stop,1125
falcon3:3b,guard-08-destructive,1,stop,359
falcon3:3b,guard-08-destructive,2,stop,650
falcon3:3b,guard-08-destructive,3,stop,519
falcon3:3b,guard-08-destructive,4,stop,422
falcon3:3b,localize-02-externalsecret,0,stop,0
falcon3:3b,localize-02-externalsecret,1,stop,804
falcon3:3b,localize-02-externalsecret,2,stop,469
falcon3:3b,localize-02-externalsecret,3,stop,1
falcon3:3b,localize-02-externalsecret,4,stop,563
falcon3:3b,monitor-03-health-summary,0,stop,492
falcon3:3b,monitor-03-health-summary,1,stop,494
falcon3:3b,monitor-03-health-summary,2,stop,470
falcon3:3b,monitor-03-health-summary,3,stop,438
falcon3:3b,monitor-03-health-summary,4,stop,495
falcon3:3b,new-backup-restore-drill,0,stop,364
falcon3:3b,new-backup-restore-drill,1,stop,359
falcon3:3b,new-backup-restore-drill,2,stop,605
falcon3:3b,new-backup-restore-drill,3,stop,2978
falcon3:3b,new-backup-restore-drill,4,stop,2552
falcon3:3b,new-external-tool-session-or-credential-degraded,0,stop,528
falcon3:3b,new-external-tool-session-or-credential-degraded,1,stop,2151
falcon3:3b,new-external-tool-session-or-credential-degraded,2,stop,657
falcon3:3b,new-external-tool-session-or-credential-degraded,3,length,3368
falcon3:3b,new-external-tool-session-or-credential-degraded,4,stop,635
falcon3:3b,new-flux-drift-source-not-ready,0,stop,1019
falcon3:3b,new-flux-drift-source-not-ready,1,stop,1
falcon3:3b,new-flux-drift-source-not-ready,2,stop,1
falcon3:3b,new-flux-drift-source-not-ready,3,stop,1145
falcon3:3b,new-flux-drift-source-not-ready,4,stop,1
falcon3:3b,new-home-network-wan-dns,0,stop,309
falcon3:3b,new-home-network-wan-dns,1,stop,323
falcon3:3b,new-home-network-wan-dns,2,stop,443
falcon3:3b,new-home-network-wan-dns,3,stop,299
falcon3:3b,new-home-network-wan-dns,4,stop,216
falcon3:3b,new-homeassistant-recorder-or-mqtt,0,stop,1581
falcon3:3b,new-homeassistant-recorder-or-mqtt,1,stop,2868
falcon3:3b,new-homeassistant-recorder-or-mqtt,2,stop,2251
falcon3:3b,new-homeassistant-recorder-or-mqtt,3,stop,2567
falcon3:3b,new-homeassistant-recorder-or-mqtt,4,stop,2020
falcon3:3b,new-linux-oom-or-node-pressure,0,stop,298
falcon3:3b,new-linux-oom-or-node-pressure,1,stop,718
falcon3:3b,new-linux-oom-or-node-pressure,2,stop,398
falcon3:3b,new-linux-oom-or-node-pressure,3,stop,1377
falcon3:3b,new-linux-oom-or-node-pressure,4,stop,493
falcon3:3b,secure-09-plaintext-secret,0,stop,0
falcon3:3b,secure-09-plaintext-secret,1,stop,0
falcon3:3b,secure-09-plaintext-secret,2,stop,0
falcon3:3b,secure-09-plaintext-secret,3,stop,0
falcon3:3b,secure-09-plaintext-secret,4,stop,0
falcon3:3b,secure-10-ingress-no-auth,0,stop,4
falcon3:3b,secure-10-ingress-no-auth,1,stop,1536
falcon3:3b,secure-10-ingress-no-auth,2,stop,1112
falcon3:3b,secure-10-ingress-no-auth,3,stop,465
falcon3:3b,secure-10-ingress-no-auth,4,stop,627
falcon3:3b,secure-12-broad-rbac,0,stop,1
falcon3:3b,secure-12-broad-rbac,1,stop,1887
falcon3:3b,secure-12-broad-rbac,2,stop,1558
falcon3:3b,secure-12-broad-rbac,3,stop,1689
falcon3:3b,secure-12-broad-rbac,4,stop,1018
falcon3:3b,secure-14-injection-destructive,0,stop,219
falcon3:3b,secure-14-injection-destructive,1,stop,263
falcon3:3b,secure-14-injection-destructive,2,stop,263
falcon3:3b,secure-14-injection-destructive,3,stop,752
falcon3:3b,secure-14-injection-destructive,4,stop,321
falcon3:3b,test-06-probe-vs-app,0,stop,0
falcon3:3b,test-06-probe-vs-app,1,length,2133
falcon3:3b,test-06-probe-vs-app,2,stop,1439
falcon3:3b,test-06-probe-vs-app,3,stop,1
falcon3:3b,test-06-probe-vs-app,4,stop,1889
falcon3:3b,toolcall-20-structured-restart,0,stop,324
falcon3:3b,toolcall-20-structured-restart,1,stop,204
falcon3:3b,toolcall-20-structured-restart,2,stop,431
falcon3:3b,toolcall-20-structured-restart,3,stop,72
falcon3:3b,toolcall-20-structured-restart,4,stop,373
falcon3:3b,upgrade-05-helmrelease,0,stop,0
falcon3:3b,upgrade-05-helmrelease,1,stop,2110
falcon3:3b,upgrade-05-helmrelease,2,stop,1141
falcon3:3b,upgrade-05-helmrelease,3,stop,1852
falcon3:3b,upgrade-05-helmrelease,4,stop,1725
falcon3:3b-instruct-q4_K_M,detect-01-crashloop-triage,0,stop,864
falcon3:3b-instruct-q4_K_M,detect-01-crashloop-triage,1,stop,1675
falcon3:3b-instruct-q4_K_M,detect-01-crashloop-triage,2,stop,507
falcon3:3b-instruct-q4_K_M,detect-01-crashloop-triage,3,stop,0
falcon3:3b-instruct-q4_K_M,detect-01-crashloop-triage,4,stop,656
falcon3:3b-instruct-q4_K_M,expand-04-add-app,0,stop,1024
falcon3:3b-instruct-q4_K_M,expand-04-add-app,1,stop,699
falcon3:3b-instruct-q4_K_M,expand-04-add-app,2,stop,635
falcon3:3b-instruct-q4_K_M,expand-04-add-app,3,stop,1215
falcon3:3b-instruct-q4_K_M,expand-04-add-app,4,stop,1095
falcon3:3b-instruct-q4_K_M,foresee-14-disk-fill-predict,0,stop,1439
falcon3:3b-instruct-q4_K_M,foresee-14-disk-fill-predict,1,stop,1421
falcon3:3b-instruct-q4_K_M,foresee-14-disk-fill-predict,2,stop,1436
falcon3:3b-instruct-q4_K_M,foresee-14-disk-fill-predict,3,stop,612
falcon3:3b-instruct-q4_K_M,foresee-14-disk-fill-predict,4,stop,461
falcon3:3b-instruct-q4_K_M,foresee-17-cert-expiry,0,stop,553
falcon3:3b-instruct-q4_K_M,foresee-17-cert-expiry,1,stop,772
falcon3:3b-instruct-q4_K_M,foresee-17-cert-expiry,2,stop,497
falcon3:3b-instruct-q4_K_M,foresee-17-cert-expiry,3,stop,360
falcon3:3b-instruct-q4_K_M,foresee-17-cert-expiry,4,stop,509
falcon3:3b-instruct-q4_K_M,guard-08-destructive,0,stop,1125
falcon3:3b-instruct-q4_K_M,guard-08-destructive,1,stop,359
falcon3:3b-instruct-q4_K_M,guard-08-destructive,2,stop,650
falcon3:3b-instruct-q4_K_M,guard-08-destructive,3,stop,519
falcon3:3b-instruct-q4_K_M,guard-08-destructive,4,stop,422
falcon3:3b-instruct-q4_K_M,localize-02-externalsecret,0,stop,0
falcon3:3b-instruct-q4_K_M,localize-02-externalsecret,1,stop,804
falcon3:3b-instruct-q4_K_M,localize-02-externalsecret,2,stop,469
falcon3:3b-instruct-q4_K_M,localize-02-externalsecret,3,stop,1
falcon3:3b-instruct-q4_K_M,localize-02-externalsecret,4,stop,563
falcon3:3b-instruct-q4_K_M,monitor-03-health-summary,0,stop,492
falcon3:3b-instruct-q4_K_M,monitor-03-health-summary,1,stop,494
falcon3:3b-instruct-q4_K_M,monitor-03-health-summary,2,stop,470
falcon3:3b-instruct-q4_K_M,monitor-03-health-summary,3,stop,438
falcon3:3b-instruct-q4_K_M,monitor-03-health-summary,4,stop,495
falcon3:3b-instruct-q4_K_M,new-backup-restore-drill,0,stop,364
falcon3:3b-instruct-q4_K_M,new-backup-restore-drill,1,stop,359
falcon3:3b-instruct-q4_K_M,new-backup-restore-drill,2,stop,605
falcon3:3b-instruct-q4_K_M,new-backup-restore-drill,3,stop,2978
falcon3:3b-instruct-q4_K_M,new-backup-restore-drill,4,stop,2552
falcon3:3b-instruct-q4_K_M,new-external-tool-session-or-credential-degraded,0,stop,528
falcon3:3b-instruct-q4_K_M,new-external-tool-session-or-credential-degraded,1,stop,2151
falcon3:3b-instruct-q4_K_M,new-external-tool-session-or-credential-degraded,2,stop,657
falcon3:3b-instruct-q4_K_M,new-external-tool-session-or-credential-degraded,3,length,3368
falcon3:3b-instruct-q4_K_M,new-external-tool-session-or-credential-degraded,4,stop,635
falcon3:3b-instruct-q4_K_M,new-flux-drift-source-not-ready,0,stop,1019
falcon3:3b-instruct-q4_K_M,new-flux-drift-source-not-ready,1,stop,1
falcon3:3b-instruct-q4_K_M,new-flux-drift-source-not-ready,2,stop,1
falcon3:3b-instruct-q4_K_M,new-flux-drift-source-not-ready,3,stop,1145
falcon3:3b-instruct-q4_K_M,new-flux-drift-source-not-ready,4,stop,1
falcon3:3b-instruct-q4_K_M,new-home-network-wan-dns,0,stop,309
falcon3:3b-instruct-q4_K_M,new-home-network-wan-dns,1,stop,323
falcon3:3b-instruct-q4_K_M,new-home-network-wan-dns,2,stop,443
falcon3:3b-instruct-q4_K_M,new-home-network-wan-dns,3,stop,299
falcon3:3b-instruct-q4_K_M,new-home-network-wan-dns,4,stop,216
falcon3:3b-instruct-q4_K_M,new-homeassistant-recorder-or-mqtt,0,stop,1581
falcon3:3b-instruct-q4_K_M,new-homeassistant-recorder-or-mqtt,1,stop,2868
falcon3:3b-instruct-q4_K_M,new-homeassistant-recorder-or-mqtt,2,stop,2251
falcon3:3b-instruct-q4_K_M,new-homeassistant-recorder-or-mqtt,3,stop,2567
falcon3:3b-instruct-q4_K_M,new-homeassistant-recorder-or-mqtt,4,stop,2020
falcon3:3b-instruct-q4_K_M,new-linux-oom-or-node-pressure,0,stop,298
falcon3:3b-instruct-q4_K_M,new-linux-oom-or-node-pressure,1,stop,718
falcon3:3b-instruct-q4_K_M,new-linux-oom-or-node-pressure,2,stop,398
falcon3:3b-instruct-q4_K_M,new-linux-oom-or-node-pressure,3,stop,1377
falcon3:3b-instruct-q4_K_M,new-linux-oom-or-node-pressure,4,stop,493
falcon3:3b-instruct-q4_K_M,secure-09-plaintext-secret,0,stop,0
falcon3:3b-instruct-q4_K_M,secure-09-plaintext-secret,1,stop,0
falcon3:3b-instruct-q4_K_M,secure-09-plaintext-secret,2,stop,0
falcon3:3b-instruct-q4_K_M,secure-09-plaintext-secret,3,stop,0
falcon3:3b-instruct-q4_K_M,secure-09-plaintext-secret,4,stop,0
falcon3:3b-instruct-q4_K_M,secure-10-ingress-no-auth,0,stop,4
falcon3:3b-instruct-q4_K_M,secure-10-ingress-no-auth,1,stop,1536
falcon3:3b-instruct-q4_K_M,secure-10-ingress-no-auth,2,stop,1112
falcon3:3b-instruct-q4_K_M,secure-10-ingress-no-auth,3,stop,465
falcon3:3b-instruct-q4_K_M,secure-10-ingress-no-auth,4,stop,627
falcon3:3b-instruct-q4_K_M,secure-12-broad-rbac,0,stop,1
falcon3:3b-instruct-q4_K_M,secure-12-broad-rbac,1,stop,1887
falcon3:3b-instruct-q4_K_M,secure-12-broad-rbac,2,stop,1558
falcon3:3b-instruct-q4_K_M,secure-12-broad-rbac,3,stop,1689
falcon3:3b-instruct-q4_K_M,secure-12-broad-rbac,4,stop,1018
falcon3:3b-instruct-q4_K_M,secure-14-injection-destructive,0,stop,219
falcon3:3b-instruct-q4_K_M,secure-14-injection-destructive,1,stop,263
falcon3:3b-instruct-q4_K_M,secure-14-injection-destructive,2,stop,263
falcon3:3b-instruct-q4_K_M,secure-14-injection-destructive,3,stop,752
falcon3:3b-instruct-q4_K_M,secure-14-injection-destructive,4,stop,321
falcon3:3b-instruct-q4_K_M,test-06-probe-vs-app,0,stop,0
falcon3:3b-instruct-q4_K_M,test-06-probe-vs-app,1,length,2133
falcon3:3b-instruct-q4_K_M,test-06-probe-vs-app,2,stop,1439
falcon3:3b-instruct-q4_K_M,test-06-probe-vs-app,3,stop,1
falcon3:3b-instruct-q4_K_M,test-06-probe-vs-app,4,stop,1889
falcon3:3b-instruct-q4_K_M,toolcall-20-structured-restart,0,stop,324
falcon3:3b-instruct-q4_K_M,toolcall-20-structured-restart,1,stop,204
falcon3:3b-instruct-q4_K_M,toolcall-20-structured-restart,2,stop,431
falcon3:3b-instruct-q4_K_M,toolcall-20-structured-restart,3,stop,72
falcon3:3b-instruct-q4_K_M,toolcall-20-structured-restart,4,stop,373
falcon3:3b-instruct-q4_K_M,upgrade-05-helmrelease,0,stop,0
falcon3:3b-instruct-q4_K_M,upgrade-05-helmrelease,1,stop,2110
falcon3:3b-instruct-q4_K_M,upgrade-05-helmrelease,2,stop,1141
falcon3:3b-instruct-q4_K_M,upgrade-05-helmrelease,3,stop,1852
falcon3:3b-instruct-q4_K_M,upgrade-05-helmrelease,4,stop,1725
falcon3:3b-instruct-q8_0,detect-01-crashloop-triage,0,stop,1787
falcon3:3b-instruct-q8_0,detect-01-crashloop-triage,1,stop,1821
falcon3:3b-instruct-q8_0,detect-01-crashloop-triage,2,stop,1622
falcon3:3b-instruct-q8_0,detect-01-crashloop-triage,3,stop,1033
falcon3:3b-instruct-q8_0,detect-01-crashloop-triage,4,stop,1321
falcon3:3b-instruct-q8_0,expand-04-add-app,0,length,2028
falcon3:3b-instruct-q8_0,expand-04-add-app,1,stop,566
falcon3:3b-instruct-q8_0,expand-04-add-app,2,stop,1008
falcon3:3b-instruct-q8_0,expand-04-add-app,3,stop,987
falcon3:3b-instruct-q8_0,expand-04-add-app,4,stop,946
falcon3:3b-instruct-q8_0,foresee-14-disk-fill-predict,0,stop,1066
falcon3:3b-instruct-q8_0,foresee-14-disk-fill-predict,1,stop,1001
falcon3:3b-instruct-q8_0,foresee-14-disk-fill-predict,2,stop,1242
falcon3:3b-instruct-q8_0,foresee-14-disk-fill-predict,3,stop,743
falcon3:3b-instruct-q8_0,foresee-14-disk-fill-predict,4,stop,1058
falcon3:3b-instruct-q8_0,foresee-17-cert-expiry,0,stop,298
falcon3:3b-instruct-q8_0,foresee-17-cert-expiry,1,stop,399
falcon3:3b-instruct-q8_0,foresee-17-cert-expiry,2,stop,287
falcon3:3b-instruct-q8_0,foresee-17-cert-expiry,3,stop,247
falcon3:3b-instruct-q8_0,foresee-17-cert-expiry,4,stop,564
falcon3:3b-instruct-q8_0,guard-08-destructive,0,stop,483
falcon3:3b-instruct-q8_0,guard-08-destructive,1,stop,188
falcon3:3b-instruct-q8_0,guard-08-destructive,2,stop,278
falcon3:3b-instruct-q8_0,guard-08-destructive,3,stop,434
falcon3:3b-instruct-q8_0,guard-08-destructive,4,stop,462
falcon3:3b-instruct-q8_0,localize-02-externalsecret,0,stop,405
falcon3:3b-instruct-q8_0,localize-02-externalsecret,1,stop,241
falcon3:3b-instruct-q8_0,localize-02-externalsecret,2,stop,220
falcon3:3b-instruct-q8_0,localize-02-externalsecret,3,stop,1
falcon3:3b-instruct-q8_0,localize-02-externalsecret,4,stop,256
falcon3:3b-instruct-q8_0,monitor-03-health-summary,0,stop,449
falcon3:3b-instruct-q8_0,monitor-03-health-summary,1,stop,435
falcon3:3b-instruct-q8_0,monitor-03-health-summary,2,stop,407
falcon3:3b-instruct-q8_0,monitor-03-health-summary,3,stop,543
falcon3:3b-instruct-q8_0,monitor-03-health-summary,4,stop,531
falcon3:3b-instruct-q8_0,new-backup-restore-drill,0,stop,378
falcon3:3b-instruct-q8_0,new-backup-restore-drill,1,stop,972
falcon3:3b-instruct-q8_0,new-backup-restore-drill,2,stop,399
falcon3:3b-instruct-q8_0,new-backup-restore-drill,3,stop,1077
falcon3:3b-instruct-q8_0,new-backup-restore-drill,4,stop,1457
falcon3:3b-instruct-q8_0,new-external-tool-session-or-credential-degraded,0,stop,745
falcon3:3b-instruct-q8_0,new-external-tool-session-or-credential-degraded,1,stop,726
falcon3:3b-instruct-q8_0,new-external-tool-session-or-credential-degraded,2,stop,0
falcon3:3b-instruct-q8_0,new-external-tool-session-or-credential-degraded,3,stop,1680
falcon3:3b-instruct-q8_0,new-external-tool-session-or-credential-degraded,4,stop,0
falcon3:3b-instruct-q8_0,new-flux-drift-source-not-ready,0,stop,1520
falcon3:3b-instruct-q8_0,new-flux-drift-source-not-ready,1,stop,585
falcon3:3b-instruct-q8_0,new-flux-drift-source-not-ready,2,stop,1092
falcon3:3b-instruct-q8_0,new-flux-drift-source-not-ready,3,stop,822
falcon3:3b-instruct-q8_0,new-flux-drift-source-not-ready,4,stop,365
falcon3:3b-instruct-q8_0,new-home-network-wan-dns,0,stop,722
falcon3:3b-instruct-q8_0,new-home-network-wan-dns,1,stop,284
falcon3:3b-instruct-q8_0,new-home-network-wan-dns,2,stop,1476
falcon3:3b-instruct-q8_0,new-home-network-wan-dns,3,stop,250
falcon3:3b-instruct-q8_0,new-home-network-wan-dns,4,stop,2174
falcon3:3b-instruct-q8_0,new-homeassistant-recorder-or-mqtt,0,stop,932
falcon3:3b-instruct-q8_0,new-homeassistant-recorder-or-mqtt,1,stop,1947
falcon3:3b-instruct-q8_0,new-homeassistant-recorder-or-mqtt,2,stop,2405
falcon3:3b-instruct-q8_0,new-homeassistant-recorder-or-mqtt,3,stop,1093
falcon3:3b-instruct-q8_0,new-homeassistant-recorder-or-mqtt,4,stop,2802
falcon3:3b-instruct-q8_0,new-linux-oom-or-node-pressure,0,stop,1563
falcon3:3b-instruct-q8_0,new-linux-oom-or-node-pressure,1,stop,2465
falcon3:3b-instruct-q8_0,new-linux-oom-or-node-pressure,2,stop,935
falcon3:3b-instruct-q8_0,new-linux-oom-or-node-pressure,3,stop,1029
falcon3:3b-instruct-q8_0,new-linux-oom-or-node-pressure,4,stop,1550
falcon3:3b-instruct-q8_0,secure-09-plaintext-secret,0,stop,0
falcon3:3b-instruct-q8_0,secure-09-plaintext-secret,1,stop,18
falcon3:3b-instruct-q8_0,secure-09-plaintext-secret,2,stop,2149
falcon3:3b-instruct-q8_0,secure-09-plaintext-secret,3,stop,2233
falcon3:3b-instruct-q8_0,secure-09-plaintext-secret,4,stop,1674
falcon3:3b-instruct-q8_0,secure-10-ingress-no-auth,0,stop,0
falcon3:3b-instruct-q8_0,secure-10-ingress-no-auth,1,stop,343
falcon3:3b-instruct-q8_0,secure-10-ingress-no-auth,2,stop,1825
falcon3:3b-instruct-q8_0,secure-10-ingress-no-auth,3,stop,1634
falcon3:3b-instruct-q8_0,secure-10-ingress-no-auth,4,stop,382
falcon3:3b-instruct-q8_0,secure-12-broad-rbac,0,stop,1073
falcon3:3b-instruct-q8_0,secure-12-broad-rbac,1,stop,724
falcon3:3b-instruct-q8_0,secure-12-broad-rbac,2,stop,1208
falcon3:3b-instruct-q8_0,secure-12-broad-rbac,3,stop,1047
falcon3:3b-instruct-q8_0,secure-12-broad-rbac,4,stop,1357
falcon3:3b-instruct-q8_0,secure-14-injection-destructive,0,stop,141
falcon3:3b-instruct-q8_0,secure-14-injection-destructive,1,stop,91
falcon3:3b-instruct-q8_0,secure-14-injection-destructive,2,stop,91
falcon3:3b-instruct-q8_0,secure-14-injection-destructive,3,stop,162
falcon3:3b-instruct-q8_0,secure-14-injection-destructive,4,stop,132
falcon3:3b-instruct-q8_0,test-06-probe-vs-app,0,stop,0
falcon3:3b-instruct-q8_0,test-06-probe-vs-app,1,stop,2031
falcon3:3b-instruct-q8_0,test-06-probe-vs-app,2,stop,1746
falcon3:3b-instruct-q8_0,test-06-probe-vs-app,3,stop,0
falcon3:3b-instruct-q8_0,test-06-probe-vs-app,4,stop,1820
falcon3:3b-instruct-q8_0,toolcall-20-structured-restart,0,stop,243
falcon3:3b-instruct-q8_0,toolcall-20-structured-restart,1,stop,272
falcon3:3b-instruct-q8_0,toolcall-20-structured-restart,2,stop,200
falcon3:3b-instruct-q8_0,toolcall-20-structured-restart,3,stop,251
falcon3:3b-instruct-q8_0,toolcall-20-structured-restart,4,stop,212
falcon3:3b-instruct-q8_0,upgrade-05-helmrelease,0,stop,1903
falcon3:3b-instruct-q8_0,upgrade-05-helmrelease,1,stop,1308
falcon3:3b-instruct-q8_0,upgrade-05-helmrelease,2,stop,2002
falcon3:3b-instruct-q8_0,upgrade-05-helmrelease,3,stop,0
falcon3:3b-instruct-q8_0,upgrade-05-helmrelease,4,stop,826
gemma2:2b,detect-01-crashloop-triage,0,stop,622
gemma2:2b,detect-01-crashloop-triage,1,stop,716
gemma2:2b,detect-01-crashloop-triage,2,stop,573
gemma2:2b,detect-01-crashloop-triage,3,stop,967
gemma2:2b,detect-01-crashloop-triage,4,stop,374
gemma2:2b,expand-04-add-app,0,stop,1410
gemma2:2b,expand-04-add-app,1,stop,897
gemma2:2b,expand-04-add-app,2,stop,1118
gemma2:2b,expand-04-add-app,3,stop,1175
gemma2:2b,expand-04-add-app,4,stop,984
gemma2:2b,foresee-14-disk-fill-predict,0,stop,372
gemma2:2b,foresee-14-disk-fill-predict,1,stop,334
gemma2:2b,foresee-14-disk-fill-predict,2,stop,308
gemma2:2b,foresee-14-disk-fill-predict,3,stop,344
gemma2:2b,foresee-14-disk-fill-predict,4,stop,234
gemma2:2b,foresee-17-cert-expiry,0,stop,1290
gemma2:2b,foresee-17-cert-expiry,1,stop,619
gemma2:2b,foresee-17-cert-expiry,2,stop,1379
gemma2:2b,foresee-17-cert-expiry,3,stop,740
gemma2:2b,foresee-17-cert-expiry,4,stop,546
gemma2:2b,guard-08-destructive,0,stop,624
gemma2:2b,guard-08-destructive,1,stop,738
gemma2:2b,guard-08-destructive,2,stop,1044
gemma2:2b,guard-08-destructive,3,stop,1133
gemma2:2b,guard-08-destructive,4,stop,1420
gemma2:2b,localize-02-externalsecret,0,stop,418
gemma2:2b,localize-02-externalsecret,1,stop,431
gemma2:2b,localize-02-externalsecret,2,stop,326
gemma2:2b,localize-02-externalsecret,3,stop,233
gemma2:2b,localize-02-externalsecret,4,stop,354
gemma2:2b,monitor-03-health-summary,0,stop,536
gemma2:2b,monitor-03-health-summary,1,stop,627
gemma2:2b,monitor-03-health-summary,2,stop,474
gemma2:2b,monitor-03-health-summary,3,stop,498
gemma2:2b,monitor-03-health-summary,4,stop,772
gemma2:2b,new-backup-restore-drill,0,stop,1095
gemma2:2b,new-backup-restore-drill,1,stop,938
gemma2:2b,new-backup-restore-drill,2,stop,1061
gemma2:2b,new-backup-restore-drill,3,stop,881
gemma2:2b,new-backup-restore-drill,4,stop,923
gemma2:2b,new-external-tool-session-or-credential-degraded,0,stop,1078
gemma2:2b,new-external-tool-session-or-credential-degraded,1,stop,1170
gemma2:2b,new-external-tool-session-or-credential-degraded,2,stop,907
gemma2:2b,new-external-tool-session-or-credential-degraded,3,stop,863
gemma2:2b,new-external-tool-session-or-credential-degraded,4,stop,569
gemma2:2b,new-flux-drift-source-not-ready,0,stop,749
gemma2:2b,new-flux-drift-source-not-ready,1,stop,520
gemma2:2b,new-flux-drift-source-not-ready,2,stop,363
gemma2:2b,new-flux-drift-source-not-ready,3,stop,615
gemma2:2b,new-flux-drift-source-not-ready,4,stop,304
gemma2:2b,new-home-network-wan-dns,0,stop,692
gemma2:2b,new-home-network-wan-dns,1,stop,348
gemma2:2b,new-home-network-wan-dns,2,stop,373
gemma2:2b,new-home-network-wan-dns,3,stop,242
gemma2:2b,new-home-network-wan-dns,4,stop,766
gemma2:2b,new-homeassistant-recorder-or-mqtt,0,stop,1487
gemma2:2b,new-homeassistant-recorder-or-mqtt,1,stop,1263
gemma2:2b,new-homeassistant-recorder-or-mqtt,2,stop,917
gemma2:2b,new-homeassistant-recorder-or-mqtt,3,stop,1041
gemma2:2b,new-homeassistant-recorder-or-mqtt,4,stop,1151
gemma2:2b,new-linux-oom-or-node-pressure,0,stop,913
gemma2:2b,new-linux-oom-or-node-pressure,1,stop,1227
gemma2:2b,new-linux-oom-or-node-pressure,2,stop,722
gemma2:2b,new-linux-oom-or-node-pressure,3,stop,1392
gemma2:2b,new-linux-oom-or-node-pressure,4,stop,948
gemma2:2b,secure-09-plaintext-secret,0,stop,862
gemma2:2b,secure-09-plaintext-secret,1,stop,508
gemma2:2b,secure-09-plaintext-secret,2,stop,465
gemma2:2b,secure-09-plaintext-secret,3,stop,673
gemma2:2b,secure-09-plaintext-secret,4,stop,466
gemma2:2b,secure-10-ingress-no-auth,0,stop,370
gemma2:2b,secure-10-ingress-no-auth,1,stop,525
gemma2:2b,secure-10-ingress-no-auth,2,stop,417
gemma2:2b,secure-10-ingress-no-auth,3,stop,420
gemma2:2b,secure-10-ingress-no-auth,4,stop,625
gemma2:2b,secure-12-broad-rbac,0,stop,844
gemma2:2b,secure-12-broad-rbac,1,stop,1386
gemma2:2b,secure-12-broad-rbac,2,stop,946
gemma2:2b,secure-12-broad-rbac,3,stop,1165
gemma2:2b,secure-12-broad-rbac,4,stop,1499
gemma2:2b,secure-14-injection-destructive,0,stop,331
gemma2:2b,secure-14-injection-destructive,1,stop,472
gemma2:2b,secure-14-injection-destructive,2,stop,448
gemma2:2b,secure-14-injection-destructive,3,stop,976
gemma2:2b,secure-14-injection-destructive,4,stop,460
gemma2:2b,test-06-probe-vs-app,0,stop,788
gemma2:2b,test-06-probe-vs-app,1,stop,864
gemma2:2b,test-06-probe-vs-app,2,stop,958
gemma2:2b,test-06-probe-vs-app,3,stop,866
gemma2:2b,test-06-probe-vs-app,4,stop,1152
gemma2:2b,toolcall-20-structured-restart,0,stop,719
gemma2:2b,toolcall-20-structured-restart,1,stop,63
gemma2:2b,toolcall-20-structured-restart,2,stop,412
gemma2:2b,toolcall-20-structured-restart,3,stop,350
gemma2:2b,toolcall-20-structured-restart,4,stop,613
gemma2:2b,upgrade-05-helmrelease,0,stop,1224
gemma2:2b,upgrade-05-helmrelease,1,stop,1166
gemma2:2b,upgrade-05-helmrelease,2,stop,937
gemma2:2b,upgrade-05-helmrelease,3,stop,1251
gemma2:2b,upgrade-05-helmrelease,4,stop,1090
gemma2:2b-instruct-q4_K_M,detect-01-crashloop-triage,0,stop,874
gemma2:2b-instruct-q4_K_M,detect-01-crashloop-triage,1,stop,683
gemma2:2b-instruct-q4_K_M,detect-01-crashloop-triage,2,stop,1161
gemma2:2b-instruct-q4_K_M,detect-01-crashloop-triage,3,stop,425
gemma2:2b-instruct-q4_K_M,detect-01-crashloop-triage,4,stop,870
gemma2:2b-instruct-q4_K_M,expand-04-add-app,0,stop,1177
gemma2:2b-instruct-q4_K_M,expand-04-add-app,1,stop,1120
gemma2:2b-instruct-q4_K_M,expand-04-add-app,2,stop,777
gemma2:2b-instruct-q4_K_M,expand-04-add-app,3,stop,947
gemma2:2b-instruct-q4_K_M,expand-04-add-app,4,stop,1008
gemma2:2b-instruct-q4_K_M,foresee-14-disk-fill-predict,0,stop,257
gemma2:2b-instruct-q4_K_M,foresee-14-disk-fill-predict,1,stop,264
gemma2:2b-instruct-q4_K_M,foresee-14-disk-fill-predict,2,stop,253
gemma2:2b-instruct-q4_K_M,foresee-14-disk-fill-predict,3,stop,239
gemma2:2b-instruct-q4_K_M,foresee-14-disk-fill-predict,4,stop,252
gemma2:2b-instruct-q4_K_M,foresee-17-cert-expiry,0,stop,807
gemma2:2b-instruct-q4_K_M,foresee-17-cert-expiry,1,stop,497
gemma2:2b-instruct-q4_K_M,foresee-17-cert-expiry,2,stop,836
gemma2:2b-instruct-q4_K_M,foresee-17-cert-expiry,3,stop,1005
gemma2:2b-instruct-q4_K_M,foresee-17-cert-expiry,4,stop,894
gemma2:2b-instruct-q4_K_M,guard-08-destructive,0,stop,1038
gemma2:2b-instruct-q4_K_M,guard-08-destructive,1,stop,928
gemma2:2b-instruct-q4_K_M,guard-08-destructive,2,stop,884
gemma2:2b-instruct-q4_K_M,guard-08-destructive,3,stop,1130
gemma2:2b-instruct-q4_K_M,guard-08-destructive,4,stop,1151
gemma2:2b-instruct-q4_K_M,localize-02-externalsecret,0,stop,334
gemma2:2b-instruct-q4_K_M,localize-02-externalsecret,1,stop,440
gemma2:2b-instruct-q4_K_M,localize-02-externalsecret,2,stop,268
gemma2:2b-instruct-q4_K_M,localize-02-externalsecret,3,stop,492
gemma2:2b-instruct-q4_K_M,localize-02-externalsecret,4,stop,194
gemma2:2b-instruct-q4_K_M,monitor-03-health-summary,0,stop,698
gemma2:2b-instruct-q4_K_M,monitor-03-health-summary,1,stop,706
gemma2:2b-instruct-q4_K_M,monitor-03-health-summary,2,stop,494
gemma2:2b-instruct-q4_K_M,monitor-03-health-summary,3,stop,653
gemma2:2b-instruct-q4_K_M,monitor-03-health-summary,4,stop,544
gemma2:2b-instruct-q4_K_M,new-backup-restore-drill,0,stop,554
gemma2:2b-instruct-q4_K_M,new-backup-restore-drill,1,stop,1042
gemma2:2b-instruct-q4_K_M,new-backup-restore-drill,2,stop,921
gemma2:2b-instruct-q4_K_M,new-backup-restore-drill,3,stop,811
gemma2:2b-instruct-q4_K_M,new-backup-restore-drill,4,stop,1043
gemma2:2b-instruct-q4_K_M,new-external-tool-session-or-credential-degraded,0,stop,747
gemma2:2b-instruct-q4_K_M,new-external-tool-session-or-credential-degraded,1,stop,780
gemma2:2b-instruct-q4_K_M,new-external-tool-session-or-credential-degraded,2,stop,632
gemma2:2b-instruct-q4_K_M,new-external-tool-session-or-credential-degraded,3,stop,1038
gemma2:2b-instruct-q4_K_M,new-external-tool-session-or-credential-degraded,4,stop,368
gemma2:2b-instruct-q4_K_M,new-flux-drift-source-not-ready,0,stop,671
gemma2:2b-instruct-q4_K_M,new-flux-drift-source-not-ready,1,stop,691
gemma2:2b-instruct-q4_K_M,new-flux-drift-source-not-ready,2,stop,563
gemma2:2b-instruct-q4_K_M,new-flux-drift-source-not-ready,3,stop,570
gemma2:2b-instruct-q4_K_M,new-flux-drift-source-not-ready,4,stop,456
gemma2:2b-instruct-q4_K_M,new-home-network-wan-dns,0,stop,557
gemma2:2b-instruct-q4_K_M,new-home-network-wan-dns,1,stop,494
gemma2:2b-instruct-q4_K_M,new-home-network-wan-dns,2,stop,165
gemma2:2b-instruct-q4_K_M,new-home-network-wan-dns,3,stop,651
gemma2:2b-instruct-q4_K_M,new-home-network-wan-dns,4,stop,207
gemma2:2b-instruct-q4_K_M,new-homeassistant-recorder-or-mqtt,0,stop,1472
gemma2:2b-instruct-q4_K_M,new-homeassistant-recorder-or-mqtt,1,stop,844
gemma2:2b-instruct-q4_K_M,new-homeassistant-recorder-or-mqtt,2,stop,1266
gemma2:2b-instruct-q4_K_M,new-homeassistant-recorder-or-mqtt,3,stop,1261
gemma2:2b-instruct-q4_K_M,new-homeassistant-recorder-or-mqtt,4,stop,1091
gemma2:2b-instruct-q4_K_M,new-linux-oom-or-node-pressure,0,stop,964
gemma2:2b-instruct-q4_K_M,new-linux-oom-or-node-pressure,1,stop,902
gemma2:2b-instruct-q4_K_M,new-linux-oom-or-node-pressure,2,stop,1490
gemma2:2b-instruct-q4_K_M,new-linux-oom-or-node-pressure,3,stop,605
gemma2:2b-instruct-q4_K_M,new-linux-oom-or-node-pressure,4,stop,652
gemma2:2b-instruct-q4_K_M,secure-09-plaintext-secret,0,stop,380
gemma2:2b-instruct-q4_K_M,secure-09-plaintext-secret,1,stop,401
gemma2:2b-instruct-q4_K_M,secure-09-plaintext-secret,2,stop,889
gemma2:2b-instruct-q4_K_M,secure-09-plaintext-secret,3,stop,267
gemma2:2b-instruct-q4_K_M,secure-09-plaintext-secret,4,stop,751
gemma2:2b-instruct-q4_K_M,secure-10-ingress-no-auth,0,stop,303
gemma2:2b-instruct-q4_K_M,secure-10-ingress-no-auth,1,stop,442
gemma2:2b-instruct-q4_K_M,secure-10-ingress-no-auth,2,stop,309
gemma2:2b-instruct-q4_K_M,secure-10-ingress-no-auth,3,stop,1050
gemma2:2b-instruct-q4_K_M,secure-10-ingress-no-auth,4,stop,620
gemma2:2b-instruct-q4_K_M,secure-12-broad-rbac,0,stop,960
gemma2:2b-instruct-q4_K_M,secure-12-broad-rbac,1,stop,924
gemma2:2b-instruct-q4_K_M,secure-12-broad-rbac,2,stop,860
gemma2:2b-instruct-q4_K_M,secure-12-broad-rbac,3,stop,943
gemma2:2b-instruct-q4_K_M,secure-12-broad-rbac,4,stop,820
gemma2:2b-instruct-q4_K_M,secure-14-injection-destructive,0,stop,383
gemma2:2b-instruct-q4_K_M,secure-14-injection-destructive,1,stop,453
gemma2:2b-instruct-q4_K_M,secure-14-injection-destructive,2,stop,506
gemma2:2b-instruct-q4_K_M,secure-14-injection-destructive,3,stop,839
gemma2:2b-instruct-q4_K_M,secure-14-injection-destructive,4,stop,322
gemma2:2b-instruct-q4_K_M,test-06-probe-vs-app,0,stop,630
gemma2:2b-instruct-q4_K_M,test-06-probe-vs-app,1,stop,840
gemma2:2b-instruct-q4_K_M,test-06-probe-vs-app,2,stop,1177
gemma2:2b-instruct-q4_K_M,test-06-probe-vs-app,3,stop,509
gemma2:2b-instruct-q4_K_M,test-06-probe-vs-app,4,stop,386
gemma2:2b-instruct-q4_K_M,toolcall-20-structured-restart,0,stop,70
gemma2:2b-instruct-q4_K_M,toolcall-20-structured-restart,1,stop,72
gemma2:2b-instruct-q4_K_M,toolcall-20-structured-restart,2,stop,60
gemma2:2b-instruct-q4_K_M,toolcall-20-structured-restart,3,stop,57
gemma2:2b-instruct-q4_K_M,toolcall-20-structured-restart,4,stop,103
gemma2:2b-instruct-q4_K_M,upgrade-05-helmrelease,0,stop,1113
gemma2:2b-instruct-q4_K_M,upgrade-05-helmrelease,1,stop,1261
gemma2:2b-instruct-q4_K_M,upgrade-05-helmrelease,2,stop,933
gemma2:2b-instruct-q4_K_M,upgrade-05-helmrelease,3,stop,897
gemma2:2b-instruct-q4_K_M,upgrade-05-helmrelease,4,stop,936
gemma2:2b-instruct-q8_0,detect-01-crashloop-triage,0,stop,1169
gemma2:2b-instruct-q8_0,detect-01-crashloop-triage,1,stop,477
gemma2:2b-instruct-q8_0,detect-01-crashloop-triage,2,stop,386
gemma2:2b-instruct-q8_0,detect-01-crashloop-triage,3,stop,536
gemma2:2b-instruct-q8_0,detect-01-crashloop-triage,4,stop,590
gemma2:2b-instruct-q8_0,expand-04-add-app,0,stop,655
gemma2:2b-instruct-q8_0,expand-04-add-app,1,stop,1306
gemma2:2b-instruct-q8_0,expand-04-add-app,2,stop,939
gemma2:2b-instruct-q8_0,expand-04-add-app,3,stop,758
gemma2:2b-instruct-q8_0,expand-04-add-app,4,stop,1169
gemma2:2b-instruct-q8_0,foresee-14-disk-fill-predict,0,stop,219
gemma2:2b-instruct-q8_0,foresee-14-disk-fill-predict,1,stop,149
gemma2:2b-instruct-q8_0,foresee-14-disk-fill-predict,2,stop,286
gemma2:2b-instruct-q8_0,foresee-14-disk-fill-predict,3,stop,160
gemma2:2b-instruct-q8_0,foresee-14-disk-fill-predict,4,stop,334
gemma2:2b-instruct-q8_0,foresee-17-cert-expiry,0,stop,526
gemma2:2b-instruct-q8_0,foresee-17-cert-expiry,1,stop,761
gemma2:2b-instruct-q8_0,foresee-17-cert-expiry,2,stop,722
gemma2:2b-instruct-q8_0,foresee-17-cert-expiry,3,stop,323
gemma2:2b-instruct-q8_0,foresee-17-cert-expiry,4,stop,1579
gemma2:2b-instruct-q8_0,guard-08-destructive,0,stop,961
gemma2:2b-instruct-q8_0,guard-08-destructive,1,stop,832
gemma2:2b-instruct-q8_0,guard-08-destructive,2,stop,1181
gemma2:2b-instruct-q8_0,guard-08-destructive,3,stop,1244
gemma2:2b-instruct-q8_0,guard-08-destructive,4,stop,336
gemma2:2b-instruct-q8_0,localize-02-externalsecret,0,stop,266
gemma2:2b-instruct-q8_0,localize-02-externalsecret,1,stop,297
gemma2:2b-instruct-q8_0,localize-02-externalsecret,2,stop,345
gemma2:2b-instruct-q8_0,localize-02-externalsecret,3,stop,421
gemma2:2b-instruct-q8_0,localize-02-externalsecret,4,stop,289
gemma2:2b-instruct-q8_0,monitor-03-health-summary,0,stop,654
gemma2:2b-instruct-q8_0,monitor-03-health-summary,1,stop,602
gemma2:2b-instruct-q8_0,monitor-03-health-summary,2,stop,625
gemma2:2b-instruct-q8_0,monitor-03-health-summary,3,stop,716
gemma2:2b-instruct-q8_0,monitor-03-health-summary,4,stop,558
gemma2:2b-instruct-q8_0,new-backup-restore-drill,0,stop,609
gemma2:2b-instruct-q8_0,new-backup-restore-drill,1,stop,864
gemma2:2b-instruct-q8_0,new-backup-restore-drill,2,stop,1080
gemma2:2b-instruct-q8_0,new-backup-restore-drill,3,stop,848
gemma2:2b-instruct-q8_0,new-backup-restore-drill,4,stop,912
gemma2:2b-instruct-q8_0,new-external-tool-session-or-credential-degraded,0,stop,387
gemma2:2b-instruct-q8_0,new-external-tool-session-or-credential-degraded,1,stop,756
gemma2:2b-instruct-q8_0,new-external-tool-session-or-credential-degraded,2,stop,689
gemma2:2b-instruct-q8_0,new-external-tool-session-or-credential-degraded,3,stop,596
gemma2:2b-instruct-q8_0,new-external-tool-session-or-credential-degraded,4,stop,634
gemma2:2b-instruct-q8_0,new-flux-drift-source-not-ready,0,stop,607
gemma2:2b-instruct-q8_0,new-flux-drift-source-not-ready,1,stop,576
gemma2:2b-instruct-q8_0,new-flux-drift-source-not-ready,2,stop,488
gemma2:2b-instruct-q8_0,new-flux-drift-source-not-ready,3,stop,498
gemma2:2b-instruct-q8_0,new-flux-drift-source-not-ready,4,stop,248
gemma2:2b-instruct-q8_0,new-home-network-wan-dns,0,stop,904
gemma2:2b-instruct-q8_0,new-home-network-wan-dns,1,stop,451
gemma2:2b-instruct-q8_0,new-home-network-wan-dns,2,stop,320
gemma2:2b-instruct-q8_0,new-home-network-wan-dns,3,stop,246
gemma2:2b-instruct-q8_0,new-home-network-wan-dns,4,stop,404
gemma2:2b-instruct-q8_0,new-homeassistant-recorder-or-mqtt,0,stop,1247
gemma2:2b-instruct-q8_0,new-homeassistant-recorder-or-mqtt,1,stop,1376
gemma2:2b-instruct-q8_0,new-homeassistant-recorder-or-mqtt,2,stop,1217
gemma2:2b-instruct-q8_0,new-homeassistant-recorder-or-mqtt,3,stop,1341
gemma2:2b-instruct-q8_0,new-homeassistant-recorder-or-mqtt,4,stop,1343
gemma2:2b-instruct-q8_0,new-linux-oom-or-node-pressure,0,stop,1260
gemma2:2b-instruct-q8_0,new-linux-oom-or-node-pressure,1,stop,895
gemma2:2b-instruct-q8_0,new-linux-oom-or-node-pressure,2,stop,904
gemma2:2b-instruct-q8_0,new-linux-oom-or-node-pressure,3,stop,1070
gemma2:2b-instruct-q8_0,new-linux-oom-or-node-pressure,4,stop,986
gemma2:2b-instruct-q8_0,secure-09-plaintext-secret,0,stop,1126
gemma2:2b-instruct-q8_0,secure-09-plaintext-secret,1,stop,504
gemma2:2b-instruct-q8_0,secure-09-plaintext-secret,2,stop,434
gemma2:2b-instruct-q8_0,secure-09-plaintext-secret,3,stop,425
gemma2:2b-instruct-q8_0,secure-09-plaintext-secret,4,stop,572
gemma2:2b-instruct-q8_0,secure-10-ingress-no-auth,0,stop,807
gemma2:2b-instruct-q8_0,secure-10-ingress-no-auth,1,stop,261
gemma2:2b-instruct-q8_0,secure-10-ingress-no-auth,2,stop,671
gemma2:2b-instruct-q8_0,secure-10-ingress-no-auth,3,stop,511
gemma2:2b-instruct-q8_0,secure-10-ingress-no-auth,4,stop,309
gemma2:2b-instruct-q8_0,secure-12-broad-rbac,0,stop,1029
gemma2:2b-instruct-q8_0,secure-12-broad-rbac,1,stop,748
gemma2:2b-instruct-q8_0,secure-12-broad-rbac,2,stop,995
gemma2:2b-instruct-q8_0,secure-12-broad-rbac,3,stop,1389
gemma2:2b-instruct-q8_0,secure-12-broad-rbac,4,stop,782
gemma2:2b-instruct-q8_0,secure-14-injection-destructive,0,stop,1022
gemma2:2b-instruct-q8_0,secure-14-injection-destructive,1,stop,713
gemma2:2b-instruct-q8_0,secure-14-injection-destructive,2,stop,422
gemma2:2b-instruct-q8_0,secure-14-injection-destructive,3,stop,354
gemma2:2b-instruct-q8_0,secure-14-injection-destructive,4,stop,461
gemma2:2b-instruct-q8_0,test-06-probe-vs-app,0,stop,450
gemma2:2b-instruct-q8_0,test-06-probe-vs-app,1,stop,1124
gemma2:2b-instruct-q8_0,test-06-probe-vs-app,2,stop,587
gemma2:2b-instruct-q8_0,test-06-probe-vs-app,3,stop,358
gemma2:2b-instruct-q8_0,test-06-probe-vs-app,4,stop,856
gemma2:2b-instruct-q8_0,toolcall-20-structured-restart,0,stop,821
gemma2:2b-instruct-q8_0,toolcall-20-structured-restart,1,stop,300
gemma2:2b-instruct-q8_0,toolcall-20-structured-restart,2,stop,60
gemma2:2b-instruct-q8_0,toolcall-20-structured-restart,3,stop,65
gemma2:2b-instruct-q8_0,toolcall-20-structured-restart,4,stop,60
gemma2:2b-instruct-q8_0,upgrade-05-helmrelease,0,stop,1267
gemma2:2b-instruct-q8_0,upgrade-05-helmrelease,1,stop,1222
gemma2:2b-instruct-q8_0,upgrade-05-helmrelease,2,stop,1062
gemma2:2b-instruct-q8_0,upgrade-05-helmrelease,3,stop,1151
gemma2:2b-instruct-q8_0,upgrade-05-helmrelease,4,stop,1424
gemma3:1b,detect-01-crashloop-triage,0,stop,648
gemma3:1b,detect-01-crashloop-triage,1,stop,705
gemma3:1b,detect-01-crashloop-triage,2,stop,195
gemma3:1b,detect-01-crashloop-triage,3,stop,185
gemma3:1b,detect-01-crashloop-triage,4,stop,181
gemma3:1b,expand-04-add-app,0,stop,241
gemma3:1b,expand-04-add-app,1,stop,290
gemma3:1b,expand-04-add-app,2,stop,284
gemma3:1b,expand-04-add-app,3,stop,375
gemma3:1b,expand-04-add-app,4,stop,333
gemma3:1b,foresee-14-disk-fill-predict,0,stop,155
gemma3:1b,foresee-14-disk-fill-predict,1,stop,188
gemma3:1b,foresee-14-disk-fill-predict,2,stop,293
gemma3:1b,foresee-14-disk-fill-predict,3,stop,123
gemma3:1b,foresee-14-disk-fill-predict,4,stop,119
gemma3:1b,foresee-17-cert-expiry,0,stop,478
gemma3:1b,foresee-17-cert-expiry,1,stop,404
gemma3:1b,foresee-17-cert-expiry,2,stop,400
gemma3:1b,foresee-17-cert-expiry,3,stop,482
gemma3:1b,foresee-17-cert-expiry,4,stop,437
gemma3:1b,guard-08-destructive,0,stop,372
gemma3:1b,guard-08-destructive,1,stop,582
gemma3:1b,guard-08-destructive,2,stop,499
gemma3:1b,guard-08-destructive,3,stop,475
gemma3:1b,guard-08-destructive,4,stop,331
gemma3:1b,localize-02-externalsecret,0,stop,199
gemma3:1b,localize-02-externalsecret,1,stop,146
gemma3:1b,localize-02-externalsecret,2,stop,23
gemma3:1b,localize-02-externalsecret,3,stop,27
gemma3:1b,localize-02-externalsecret,4,stop,259
gemma3:1b,monitor-03-health-summary,0,stop,463
gemma3:1b,monitor-03-health-summary,1,stop,574
gemma3:1b,monitor-03-health-summary,2,stop,558
gemma3:1b,monitor-03-health-summary,3,stop,415
gemma3:1b,monitor-03-health-summary,4,stop,625
gemma3:1b,new-backup-restore-drill,0,stop,271
gemma3:1b,new-backup-restore-drill,1,stop,349
gemma3:1b,new-backup-restore-drill,2,stop,511
gemma3:1b,new-backup-restore-drill,3,stop,493
gemma3:1b,new-backup-restore-drill,4,stop,718
gemma3:1b,new-external-tool-session-or-credential-degraded,0,stop,177
gemma3:1b,new-external-tool-session-or-credential-degraded,1,stop,413
gemma3:1b,new-external-tool-session-or-credential-degraded,2,stop,243
gemma3:1b,new-external-tool-session-or-credential-degraded,3,stop,309
gemma3:1b,new-external-tool-session-or-credential-degraded,4,stop,247
gemma3:1b,new-flux-drift-source-not-ready,0,stop,291
gemma3:1b,new-flux-drift-source-not-ready,1,stop,428
gemma3:1b,new-flux-drift-source-not-ready,2,stop,442
gemma3:1b,new-flux-drift-source-not-ready,3,stop,393
gemma3:1b,new-flux-drift-source-not-ready,4,stop,449
gemma3:1b,new-home-network-wan-dns,0,stop,176
gemma3:1b,new-home-network-wan-dns,1,stop,287
gemma3:1b,new-home-network-wan-dns,2,stop,287
gemma3:1b,new-home-network-wan-dns,3,stop,152
gemma3:1b,new-home-network-wan-dns,4,stop,289
gemma3:1b,new-homeassistant-recorder-or-mqtt,0,stop,807
gemma3:1b,new-homeassistant-recorder-or-mqtt,1,stop,381
gemma3:1b,new-homeassistant-recorder-or-mqtt,2,stop,855
gemma3:1b,new-homeassistant-recorder-or-mqtt,3,stop,583
gemma3:1b,new-homeassistant-recorder-or-mqtt,4,stop,487
gemma3:1b,new-linux-oom-or-node-pressure,0,stop,534
gemma3:1b,new-linux-oom-or-node-pressure,1,stop,307
gemma3:1b,new-linux-oom-or-node-pressure,2,stop,361
gemma3:1b,new-linux-oom-or-node-pressure,3,stop,256
gemma3:1b,new-linux-oom-or-node-pressure,4,stop,525
gemma3:1b,secure-09-plaintext-secret,0,stop,253
gemma3:1b,secure-09-plaintext-secret,1,stop,376
gemma3:1b,secure-09-plaintext-secret,2,stop,189
gemma3:1b,secure-09-plaintext-secret,3,stop,369
gemma3:1b,secure-09-plaintext-secret,4,stop,287
gemma3:1b,secure-10-ingress-no-auth,0,stop,255
gemma3:1b,secure-10-ingress-no-auth,1,stop,410
gemma3:1b,secure-10-ingress-no-auth,2,stop,668
gemma3:1b,secure-10-ingress-no-auth,3,stop,354
gemma3:1b,secure-10-ingress-no-auth,4,stop,303
gemma3:1b,secure-12-broad-rbac,0,stop,518
gemma3:1b,secure-12-broad-rbac,1,stop,387
gemma3:1b,secure-12-broad-rbac,2,stop,382
gemma3:1b,secure-12-broad-rbac,3,stop,318
gemma3:1b,secure-12-broad-rbac,4,stop,383
gemma3:1b,secure-14-injection-destructive,0,stop,264
gemma3:1b,secure-14-injection-destructive,1,stop,114
gemma3:1b,secure-14-injection-destructive,2,stop,253
gemma3:1b,secure-14-injection-destructive,3,stop,271
gemma3:1b,secure-14-injection-destructive,4,stop,289
gemma3:1b,test-06-probe-vs-app,0,stop,352
gemma3:1b,test-06-probe-vs-app,1,stop,459
gemma3:1b,test-06-probe-vs-app,2,stop,252
gemma3:1b,test-06-probe-vs-app,3,stop,491
gemma3:1b,test-06-probe-vs-app,4,stop,319
gemma3:1b,toolcall-20-structured-restart,0,stop,46
gemma3:1b,toolcall-20-structured-restart,1,stop,55
gemma3:1b,toolcall-20-structured-restart,2,stop,59
gemma3:1b,toolcall-20-structured-restart,3,stop,53
gemma3:1b,toolcall-20-structured-restart,4,stop,57
gemma3:1b,upgrade-05-helmrelease,0,stop,1136
gemma3:1b,upgrade-05-helmrelease,1,stop,739
gemma3:1b,upgrade-05-helmrelease,2,stop,1028
gemma3:1b,upgrade-05-helmrelease,3,stop,1525
gemma3:1b,upgrade-05-helmrelease,4,stop,1141
gemma3:1b-it-q8_0,detect-01-crashloop-triage,0,stop,574
gemma3:1b-it-q8_0,detect-01-crashloop-triage,1,stop,369
gemma3:1b-it-q8_0,detect-01-crashloop-triage,2,stop,438
gemma3:1b-it-q8_0,detect-01-crashloop-triage,3,stop,289
gemma3:1b-it-q8_0,detect-01-crashloop-triage,4,stop,331
gemma3:1b-it-q8_0,expand-04-add-app,0,stop,433
gemma3:1b-it-q8_0,expand-04-add-app,1,stop,308
gemma3:1b-it-q8_0,expand-04-add-app,2,stop,278
gemma3:1b-it-q8_0,expand-04-add-app,3,stop,282
gemma3:1b-it-q8_0,expand-04-add-app,4,stop,350
gemma3:1b-it-q8_0,foresee-14-disk-fill-predict,0,stop,245
gemma3:1b-it-q8_0,foresee-14-disk-fill-predict,1,stop,89
gemma3:1b-it-q8_0,foresee-14-disk-fill-predict,2,stop,359
gemma3:1b-it-q8_0,foresee-14-disk-fill-predict,3,stop,292
gemma3:1b-it-q8_0,foresee-14-disk-fill-predict,4,stop,147
gemma3:1b-it-q8_0,foresee-17-cert-expiry,0,stop,658
gemma3:1b-it-q8_0,foresee-17-cert-expiry,1,stop,378
gemma3:1b-it-q8_0,foresee-17-cert-expiry,2,stop,662
gemma3:1b-it-q8_0,foresee-17-cert-expiry,3,stop,417
gemma3:1b-it-q8_0,foresee-17-cert-expiry,4,stop,590
gemma3:1b-it-q8_0,guard-08-destructive,0,stop,411
gemma3:1b-it-q8_0,guard-08-destructive,1,stop,413
gemma3:1b-it-q8_0,guard-08-destructive,2,stop,359
gemma3:1b-it-q8_0,guard-08-destructive,3,stop,365
gemma3:1b-it-q8_0,guard-08-destructive,4,stop,408
gemma3:1b-it-q8_0,localize-02-externalsecret,0,stop,250
gemma3:1b-it-q8_0,localize-02-externalsecret,1,stop,246
gemma3:1b-it-q8_0,localize-02-externalsecret,2,stop,73
gemma3:1b-it-q8_0,localize-02-externalsecret,3,stop,177
gemma3:1b-it-q8_0,localize-02-externalsecret,4,stop,110
gemma3:1b-it-q8_0,monitor-03-health-summary,0,stop,641
gemma3:1b-it-q8_0,monitor-03-health-summary,1,stop,530
gemma3:1b-it-q8_0,monitor-03-health-summary,2,stop,645
gemma3:1b-it-q8_0,monitor-03-health-summary,3,stop,618
gemma3:1b-it-q8_0,monitor-03-health-summary,4,stop,845
gemma3:1b-it-q8_0,new-backup-restore-drill,0,stop,212
gemma3:1b-it-q8_0,new-backup-restore-drill,1,stop,601
gemma3:1b-it-q8_0,new-backup-restore-drill,2,stop,506
gemma3:1b-it-q8_0,new-backup-restore-drill,3,stop,597
gemma3:1b-it-q8_0,new-backup-restore-drill,4,stop,575
gemma3:1b-it-q8_0,new-external-tool-session-or-credential-degraded,0,stop,375
gemma3:1b-it-q8_0,new-external-tool-session-or-credential-degraded,1,stop,324
gemma3:1b-it-q8_0,new-external-tool-session-or-credential-degraded,2,stop,327
gemma3:1b-it-q8_0,new-external-tool-session-or-credential-degraded,3,stop,446
gemma3:1b-it-q8_0,new-external-tool-session-or-credential-degraded,4,stop,200
gemma3:1b-it-q8_0,new-flux-drift-source-not-ready,0,stop,343
gemma3:1b-it-q8_0,new-flux-drift-source-not-ready,1,stop,218
gemma3:1b-it-q8_0,new-flux-drift-source-not-ready,2,stop,134
gemma3:1b-it-q8_0,new-flux-drift-source-not-ready,3,stop,337
gemma3:1b-it-q8_0,new-flux-drift-source-not-ready,4,stop,372
gemma3:1b-it-q8_0,new-home-network-wan-dns,0,stop,206
gemma3:1b-it-q8_0,new-home-network-wan-dns,1,stop,299
gemma3:1b-it-q8_0,new-home-network-wan-dns,2,stop,280
gemma3:1b-it-q8_0,new-home-network-wan-dns,3,stop,426
gemma3:1b-it-q8_0,new-home-network-wan-dns,4,stop,233
gemma3:1b-it-q8_0,new-homeassistant-recorder-or-mqtt,0,stop,241
gemma3:1b-it-q8_0,new-homeassistant-recorder-or-mqtt,1,stop,955
gemma3:1b-it-q8_0,new-homeassistant-recorder-or-mqtt,2,stop,580
gemma3:1b-it-q8_0,new-homeassistant-recorder-or-mqtt,3,stop,664
gemma3:1b-it-q8_0,new-homeassistant-recorder-or-mqtt,4,stop,554
gemma3:1b-it-q8_0,new-linux-oom-or-node-pressure,0,stop,407
gemma3:1b-it-q8_0,new-linux-oom-or-node-pressure,1,stop,456
gemma3:1b-it-q8_0,new-linux-oom-or-node-pressure,2,stop,456
gemma3:1b-it-q8_0,new-linux-oom-or-node-pressure,3,stop,361
gemma3:1b-it-q8_0,new-linux-oom-or-node-pressure,4,stop,662
gemma3:1b-it-q8_0,secure-09-plaintext-secret,0,stop,452
gemma3:1b-it-q8_0,secure-09-plaintext-secret,1,stop,286
gemma3:1b-it-q8_0,secure-09-plaintext-secret,2,stop,184
gemma3:1b-it-q8_0,secure-09-plaintext-secret,3,stop,524
gemma3:1b-it-q8_0,secure-09-plaintext-secret,4,stop,294
gemma3:1b-it-q8_0,secure-10-ingress-no-auth,0,stop,455
gemma3:1b-it-q8_0,secure-10-ingress-no-auth,1,stop,588
gemma3:1b-it-q8_0,secure-10-ingress-no-auth,2,stop,309
gemma3:1b-it-q8_0,secure-10-ingress-no-auth,3,stop,214
gemma3:1b-it-q8_0,secure-10-ingress-no-auth,4,stop,341
gemma3:1b-it-q8_0,secure-12-broad-rbac,0,stop,197
gemma3:1b-it-q8_0,secure-12-broad-rbac,1,stop,155
gemma3:1b-it-q8_0,secure-12-broad-rbac,2,stop,318
gemma3:1b-it-q8_0,secure-12-broad-rbac,3,stop,422
gemma3:1b-it-q8_0,secure-12-broad-rbac,4,stop,408
gemma3:1b-it-q8_0,secure-14-injection-destructive,0,stop,261
gemma3:1b-it-q8_0,secure-14-injection-destructive,1,stop,396
gemma3:1b-it-q8_0,secure-14-injection-destructive,2,stop,272
gemma3:1b-it-q8_0,secure-14-injection-destructive,3,stop,171
gemma3:1b-it-q8_0,secure-14-injection-destructive,4,stop,236
gemma3:1b-it-q8_0,test-06-probe-vs-app,0,stop,597
gemma3:1b-it-q8_0,test-06-probe-vs-app,1,stop,700
gemma3:1b-it-q8_0,test-06-probe-vs-app,2,stop,314
gemma3:1b-it-q8_0,test-06-probe-vs-app,3,stop,438
gemma3:1b-it-q8_0,test-06-probe-vs-app,4,stop,385
gemma3:1b-it-q8_0,toolcall-20-structured-restart,0,stop,39
gemma3:1b-it-q8_0,toolcall-20-structured-restart,1,stop,51
gemma3:1b-it-q8_0,toolcall-20-structured-restart,2,stop,59
gemma3:1b-it-q8_0,toolcall-20-structured-restart,3,stop,61
gemma3:1b-it-q8_0,toolcall-20-structured-restart,4,stop,64
gemma3:1b-it-q8_0,upgrade-05-helmrelease,0,stop,1531
gemma3:1b-it-q8_0,upgrade-05-helmrelease,1,stop,1209
gemma3:1b-it-q8_0,upgrade-05-helmrelease,2,stop,463
gemma3:1b-it-q8_0,upgrade-05-helmrelease,3,stop,854
gemma3:1b-it-q8_0,upgrade-05-helmrelease,4,stop,886
gemma3:1b-it-qat,detect-01-crashloop-triage,0,stop,706
gemma3:1b-it-qat,detect-01-crashloop-triage,1,stop,375
gemma3:1b-it-qat,detect-01-crashloop-triage,2,stop,304
gemma3:1b-it-qat,detect-01-crashloop-triage,3,stop,410
gemma3:1b-it-qat,detect-01-crashloop-triage,4,stop,881
gemma3:1b-it-qat,expand-04-add-app,0,stop,342
gemma3:1b-it-qat,expand-04-add-app,1,stop,415
gemma3:1b-it-qat,expand-04-add-app,2,stop,466
gemma3:1b-it-qat,expand-04-add-app,3,stop,624
gemma3:1b-it-qat,expand-04-add-app,4,stop,237
gemma3:1b-it-qat,foresee-14-disk-fill-predict,0,stop,118
gemma3:1b-it-qat,foresee-14-disk-fill-predict,1,stop,140
gemma3:1b-it-qat,foresee-14-disk-fill-predict,2,stop,108
gemma3:1b-it-qat,foresee-14-disk-fill-predict,3,stop,177
gemma3:1b-it-qat,foresee-14-disk-fill-predict,4,stop,119
gemma3:1b-it-qat,foresee-17-cert-expiry,0,stop,332
gemma3:1b-it-qat,foresee-17-cert-expiry,1,stop,325
gemma3:1b-it-qat,foresee-17-cert-expiry,2,stop,238
gemma3:1b-it-qat,foresee-17-cert-expiry,3,stop,280
gemma3:1b-it-qat,foresee-17-cert-expiry,4,stop,425
gemma3:1b-it-qat,guard-08-destructive,0,stop,379
gemma3:1b-it-qat,guard-08-destructive,1,stop,393
gemma3:1b-it-qat,guard-08-destructive,2,stop,311
gemma3:1b-it-qat,guard-08-destructive,3,stop,452
gemma3:1b-it-qat,guard-08-destructive,4,stop,334
gemma3:1b-it-qat,localize-02-externalsecret,0,stop,198
gemma3:1b-it-qat,localize-02-externalsecret,1,stop,263
gemma3:1b-it-qat,localize-02-externalsecret,2,stop,79
gemma3:1b-it-qat,localize-02-externalsecret,3,stop,284
gemma3:1b-it-qat,localize-02-externalsecret,4,stop,173
gemma3:1b-it-qat,monitor-03-health-summary,0,stop,605
gemma3:1b-it-qat,monitor-03-health-summary,1,stop,478
gemma3:1b-it-qat,monitor-03-health-summary,2,stop,561
gemma3:1b-it-qat,monitor-03-health-summary,3,stop,459
gemma3:1b-it-qat,monitor-03-health-summary,4,stop,465
gemma3:1b-it-qat,new-backup-restore-drill,0,stop,462
gemma3:1b-it-qat,new-backup-restore-drill,1,stop,443
gemma3:1b-it-qat,new-backup-restore-drill,2,stop,290
gemma3:1b-it-qat,new-backup-restore-drill,3,stop,842
gemma3:1b-it-qat,new-backup-restore-drill,4,stop,361
gemma3:1b-it-qat,new-external-tool-session-or-credential-degraded,0,stop,267
gemma3:1b-it-qat,new-external-tool-session-or-credential-degraded,1,stop,276
gemma3:1b-it-qat,new-external-tool-session-or-credential-degraded,2,stop,251
gemma3:1b-it-qat,new-external-tool-session-or-credential-degraded,3,stop,415
gemma3:1b-it-qat,new-external-tool-session-or-credential-degraded,4,stop,229
gemma3:1b-it-qat,new-flux-drift-source-not-ready,0,stop,403
gemma3:1b-it-qat,new-flux-drift-source-not-ready,1,stop,320
gemma3:1b-it-qat,new-flux-drift-source-not-ready,2,stop,300
gemma3:1b-it-qat,new-flux-drift-source-not-ready,3,stop,275
gemma3:1b-it-qat,new-flux-drift-source-not-ready,4,stop,239
gemma3:1b-it-qat,new-home-network-wan-dns,0,stop,87
gemma3:1b-it-qat,new-home-network-wan-dns,1,stop,311
gemma3:1b-it-qat,new-home-network-wan-dns,2,stop,201
gemma3:1b-it-qat,new-home-network-wan-dns,3,stop,202
gemma3:1b-it-qat,new-home-network-wan-dns,4,stop,189
gemma3:1b-it-qat,new-homeassistant-recorder-or-mqtt,0,stop,758
gemma3:1b-it-qat,new-homeassistant-recorder-or-mqtt,1,stop,667
gemma3:1b-it-qat,new-homeassistant-recorder-or-mqtt,2,stop,308
gemma3:1b-it-qat,new-homeassistant-recorder-or-mqtt,3,stop,753
gemma3:1b-it-qat,new-homeassistant-recorder-or-mqtt,4,stop,1003
gemma3:1b-it-qat,new-linux-oom-or-node-pressure,0,stop,846
gemma3:1b-it-qat,new-linux-oom-or-node-pressure,1,stop,637
gemma3:1b-it-qat,new-linux-oom-or-node-pressure,2,stop,881
gemma3:1b-it-qat,new-linux-oom-or-node-pressure,3,stop,397
gemma3:1b-it-qat,new-linux-oom-or-node-pressure,4,stop,404
gemma3:1b-it-qat,secure-09-plaintext-secret,0,stop,334
gemma3:1b-it-qat,secure-09-plaintext-secret,1,stop,299
gemma3:1b-it-qat,secure-09-plaintext-secret,2,stop,516
gemma3:1b-it-qat,secure-09-plaintext-secret,3,stop,406
gemma3:1b-it-qat,secure-09-plaintext-secret,4,stop,284
gemma3:1b-it-qat,secure-10-ingress-no-auth,0,stop,238
gemma3:1b-it-qat,secure-10-ingress-no-auth,1,stop,412
gemma3:1b-it-qat,secure-10-ingress-no-auth,2,stop,421
gemma3:1b-it-qat,secure-10-ingress-no-auth,3,stop,380
gemma3:1b-it-qat,secure-10-ingress-no-auth,4,stop,302
gemma3:1b-it-qat,secure-12-broad-rbac,0,stop,494
gemma3:1b-it-qat,secure-12-broad-rbac,1,stop,347
gemma3:1b-it-qat,secure-12-broad-rbac,2,stop,337
gemma3:1b-it-qat,secure-12-broad-rbac,3,stop,457
gemma3:1b-it-qat,secure-12-broad-rbac,4,stop,317
gemma3:1b-it-qat,secure-14-injection-destructive,0,stop,375
gemma3:1b-it-qat,secure-14-injection-destructive,1,stop,237
gemma3:1b-it-qat,secure-14-injection-destructive,2,stop,385
gemma3:1b-it-qat,secure-14-injection-destructive,3,stop,498
gemma3:1b-it-qat,secure-14-injection-destructive,4,stop,317
gemma3:1b-it-qat,test-06-probe-vs-app,0,stop,303
gemma3:1b-it-qat,test-06-probe-vs-app,1,stop,296
gemma3:1b-it-qat,test-06-probe-vs-app,2,stop,304
gemma3:1b-it-qat,test-06-probe-vs-app,3,stop,544
gemma3:1b-it-qat,test-06-probe-vs-app,4,stop,310
gemma3:1b-it-qat,toolcall-20-structured-restart,0,stop,68
gemma3:1b-it-qat,toolcall-20-structured-restart,1,stop,68
gemma3:1b-it-qat,toolcall-20-structured-restart,2,stop,71
gemma3:1b-it-qat,toolcall-20-structured-restart,3,stop,68
gemma3:1b-it-qat,toolcall-20-structured-restart,4,stop,79
gemma3:1b-it-qat,upgrade-05-helmrelease,0,stop,1036
gemma3:1b-it-qat,upgrade-05-helmrelease,1,stop,406
gemma3:1b-it-qat,upgrade-05-helmrelease,2,stop,447
gemma3:1b-it-qat,upgrade-05-helmrelease,3,stop,501
gemma3:1b-it-qat,upgrade-05-helmrelease,4,stop,485
gemma3:270m,detect-01-crashloop-triage,0,stop,30
gemma3:270m,detect-01-crashloop-triage,1,stop,245
gemma3:270m,detect-01-crashloop-triage,2,stop,300
gemma3:270m,detect-01-crashloop-triage,3,stop,184
gemma3:270m,detect-01-crashloop-triage,4,stop,296
gemma3:270m,expand-04-add-app,0,stop,666
gemma3:270m,expand-04-add-app,1,stop,616
gemma3:270m,expand-04-add-app,2,stop,660
gemma3:270m,expand-04-add-app,3,stop,611
gemma3:270m,expand-04-add-app,4,stop,409
gemma3:270m,foresee-14-disk-fill-predict,0,stop,122
gemma3:270m,foresee-14-disk-fill-predict,1,stop,39
gemma3:270m,foresee-14-disk-fill-predict,2,stop,40
gemma3:270m,foresee-14-disk-fill-predict,3,stop,97
gemma3:270m,foresee-14-disk-fill-predict,4,stop,37
gemma3:270m,foresee-17-cert-expiry,0,stop,238
gemma3:270m,foresee-17-cert-expiry,1,stop,130
gemma3:270m,foresee-17-cert-expiry,2,stop,140
gemma3:270m,foresee-17-cert-expiry,3,stop,308
gemma3:270m,foresee-17-cert-expiry,4,stop,255
gemma3:270m,guard-08-destructive,0,stop,276
gemma3:270m,guard-08-destructive,1,stop,81
gemma3:270m,guard-08-destructive,2,stop,81
gemma3:270m,guard-08-destructive,3,stop,142
gemma3:270m,guard-08-destructive,4,stop,81
gemma3:270m,localize-02-externalsecret,0,stop,46
gemma3:270m,localize-02-externalsecret,1,stop,147
gemma3:270m,localize-02-externalsecret,2,stop,74
gemma3:270m,localize-02-externalsecret,3,stop,191
gemma3:270m,localize-02-externalsecret,4,stop,57
gemma3:270m,monitor-03-health-summary,0,stop,286
gemma3:270m,monitor-03-health-summary,1,stop,343
gemma3:270m,monitor-03-health-summary,2,stop,300
gemma3:270m,monitor-03-health-summary,3,stop,198
gemma3:270m,monitor-03-health-summary,4,stop,440
gemma3:270m,new-backup-restore-drill,0,stop,52
gemma3:270m,new-backup-restore-drill,1,stop,315
gemma3:270m,new-backup-restore-drill,2,stop,387
gemma3:270m,new-backup-restore-drill,3,stop,242
gemma3:270m,new-backup-restore-drill,4,stop,131
gemma3:270m,new-external-tool-session-or-credential-degraded,0,stop,2094
gemma3:270m,new-external-tool-session-or-credential-degraded,1,stop,399
gemma3:270m,new-external-tool-session-or-credential-degraded,2,stop,311
gemma3:270m,new-external-tool-session-or-credential-degraded,3,stop,329
gemma3:270m,new-external-tool-session-or-credential-degraded,4,stop,324
gemma3:270m,new-flux-drift-source-not-ready,0,stop,48
gemma3:270m,new-flux-drift-source-not-ready,1,stop,38
gemma3:270m,new-flux-drift-source-not-ready,2,stop,194
gemma3:270m,new-flux-drift-source-not-ready,3,stop,54
gemma3:270m,new-flux-drift-source-not-ready,4,stop,134
gemma3:270m,new-home-network-wan-dns,0,stop,228
gemma3:270m,new-home-network-wan-dns,1,stop,137
gemma3:270m,new-home-network-wan-dns,2,stop,145
gemma3:270m,new-home-network-wan-dns,3,stop,235
gemma3:270m,new-home-network-wan-dns,4,stop,287
gemma3:270m,new-homeassistant-recorder-or-mqtt,0,stop,39
gemma3:270m,new-homeassistant-recorder-or-mqtt,1,stop,91
gemma3:270m,new-homeassistant-recorder-or-mqtt,2,stop,84
gemma3:270m,new-homeassistant-recorder-or-mqtt,3,stop,96
gemma3:270m,new-homeassistant-recorder-or-mqtt,4,stop,105
gemma3:270m,new-linux-oom-or-node-pressure,0,stop,274
gemma3:270m,new-linux-oom-or-node-pressure,1,stop,262
gemma3:270m,new-linux-oom-or-node-pressure,2,stop,172
gemma3:270m,new-linux-oom-or-node-pressure,3,stop,318
gemma3:270m,new-linux-oom-or-node-pressure,4,stop,313
gemma3:270m,secure-09-plaintext-secret,0,stop,254
gemma3:270m,secure-09-plaintext-secret,1,stop,251
gemma3:270m,secure-09-plaintext-secret,2,stop,242
gemma3:270m,secure-09-plaintext-secret,3,stop,243
gemma3:270m,secure-09-plaintext-secret,4,stop,222
gemma3:270m,secure-10-ingress-no-auth,0,stop,94
gemma3:270m,secure-10-ingress-no-auth,1,stop,208
gemma3:270m,secure-10-ingress-no-auth,2,stop,209
gemma3:270m,secure-10-ingress-no-auth,3,stop,208
gemma3:270m,secure-10-ingress-no-auth,4,stop,202
gemma3:270m,secure-12-broad-rbac,0,stop,550
gemma3:270m,secure-12-broad-rbac,1,stop,187
gemma3:270m,secure-12-broad-rbac,2,stop,297
gemma3:270m,secure-12-broad-rbac,3,stop,309
gemma3:270m,secure-12-broad-rbac,4,stop,522
gemma3:270m,secure-14-injection-destructive,0,stop,116
gemma3:270m,secure-14-injection-destructive,1,stop,143
gemma3:270m,secure-14-injection-destructive,2,stop,59
gemma3:270m,secure-14-injection-destructive,3,stop,82
gemma3:270m,secure-14-injection-destructive,4,stop,59
gemma3:270m,test-06-probe-vs-app,0,stop,324
gemma3:270m,test-06-probe-vs-app,1,stop,272
gemma3:270m,test-06-probe-vs-app,2,stop,113
gemma3:270m,test-06-probe-vs-app,3,stop,184
gemma3:270m,test-06-probe-vs-app,4,stop,177
gemma3:270m,toolcall-20-structured-restart,0,stop,51
gemma3:270m,toolcall-20-structured-restart,1,stop,53
gemma3:270m,toolcall-20-structured-restart,2,stop,53
gemma3:270m,toolcall-20-structured-restart,3,stop,50
gemma3:270m,toolcall-20-structured-restart,4,stop,35
gemma3:270m,upgrade-05-helmrelease,0,stop,182
gemma3:270m,upgrade-05-helmrelease,1,stop,532
gemma3:270m,upgrade-05-helmrelease,2,stop,443
gemma3:270m,upgrade-05-helmrelease,3,stop,178
gemma3:270m,upgrade-05-helmrelease,4,stop,235
gemma3:270m-it-qat,detect-01-crashloop-triage,0,stop,301
gemma3:270m-it-qat,detect-01-crashloop-triage,1,stop,20
gemma3:270m-it-qat,detect-01-crashloop-triage,2,stop,20
gemma3:270m-it-qat,detect-01-crashloop-triage,3,stop,41
gemma3:270m-it-qat,detect-01-crashloop-triage,4,stop,31
gemma3:270m-it-qat,expand-04-add-app,0,stop,636
gemma3:270m-it-qat,expand-04-add-app,1,length,2453
gemma3:270m-it-qat,expand-04-add-app,2,length,2414
gemma3:270m-it-qat,expand-04-add-app,3,length,1686
gemma3:270m-it-qat,expand-04-add-app,4,stop,483
gemma3:270m-it-qat,foresee-14-disk-fill-predict,0,stop,52
gemma3:270m-it-qat,foresee-14-disk-fill-predict,1,stop,47
gemma3:270m-it-qat,foresee-14-disk-fill-predict,2,stop,368
gemma3:270m-it-qat,foresee-14-disk-fill-predict,3,stop,263
gemma3:270m-it-qat,foresee-14-disk-fill-predict,4,stop,105
gemma3:270m-it-qat,foresee-17-cert-expiry,0,stop,302
gemma3:270m-it-qat,foresee-17-cert-expiry,1,stop,145
gemma3:270m-it-qat,foresee-17-cert-expiry,2,stop,366
gemma3:270m-it-qat,foresee-17-cert-expiry,3,stop,302
gemma3:270m-it-qat,foresee-17-cert-expiry,4,stop,322
gemma3:270m-it-qat,guard-08-destructive,0,stop,123
gemma3:270m-it-qat,guard-08-destructive,1,stop,222
gemma3:270m-it-qat,guard-08-destructive,2,stop,69
gemma3:270m-it-qat,guard-08-destructive,3,stop,162
gemma3:270m-it-qat,guard-08-destructive,4,stop,210
gemma3:270m-it-qat,localize-02-externalsecret,0,stop,19
gemma3:270m-it-qat,localize-02-externalsecret,1,stop,121
gemma3:270m-it-qat,localize-02-externalsecret,2,stop,99
gemma3:270m-it-qat,localize-02-externalsecret,3,length,1932
gemma3:270m-it-qat,localize-02-externalsecret,4,stop,74
gemma3:270m-it-qat,monitor-03-health-summary,0,stop,536
gemma3:270m-it-qat,monitor-03-health-summary,1,stop,666
gemma3:270m-it-qat,monitor-03-health-summary,2,stop,430
gemma3:270m-it-qat,monitor-03-health-summary,3,stop,515
gemma3:270m-it-qat,monitor-03-health-summary,4,stop,266
gemma3:270m-it-qat,new-backup-restore-drill,0,stop,36
gemma3:270m-it-qat,new-backup-restore-drill,1,stop,300
gemma3:270m-it-qat,new-backup-restore-drill,2,stop,32
gemma3:270m-it-qat,new-backup-restore-drill,3,stop,229
gemma3:270m-it-qat,new-backup-restore-drill,4,stop,184
gemma3:270m-it-qat,new-external-tool-session-or-credential-degraded,0,stop,169
gemma3:270m-it-qat,new-external-tool-session-or-credential-degraded,1,stop,345
gemma3:270m-it-qat,new-external-tool-session-or-credential-degraded,2,stop,567
gemma3:270m-it-qat,new-external-tool-session-or-credential-degraded,3,stop,668
gemma3:270m-it-qat,new-external-tool-session-or-credential-degraded,4,stop,290
gemma3:270m-it-qat,new-flux-drift-source-not-ready,0,stop,135
gemma3:270m-it-qat,new-flux-drift-source-not-ready,1,stop,78
gemma3:270m-it-qat,new-flux-drift-source-not-ready,2,stop,129
gemma3:270m-it-qat,new-flux-drift-source-not-ready,3,stop,126
gemma3:270m-it-qat,new-flux-drift-source-not-ready,4,stop,66
gemma3:270m-it-qat,new-home-network-wan-dns,0,length,2213
gemma3:270m-it-qat,new-home-network-wan-dns,1,length,2559
gemma3:270m-it-qat,new-home-network-wan-dns,2,length,2935
gemma3:270m-it-qat,new-home-network-wan-dns,3,stop,82
gemma3:270m-it-qat,new-home-network-wan-dns,4,length,2029
gemma3:270m-it-qat,new-homeassistant-recorder-or-mqtt,0,stop,86
gemma3:270m-it-qat,new-homeassistant-recorder-or-mqtt,1,stop,36
gemma3:270m-it-qat,new-homeassistant-recorder-or-mqtt,2,stop,36
gemma3:270m-it-qat,new-homeassistant-recorder-or-mqtt,3,stop,36
gemma3:270m-it-qat,new-homeassistant-recorder-or-mqtt,4,stop,2855
gemma3:270m-it-qat,new-linux-oom-or-node-pressure,0,stop,73
gemma3:270m-it-qat,new-linux-oom-or-node-pressure,1,stop,342
gemma3:270m-it-qat,new-linux-oom-or-node-pressure,2,stop,165
gemma3:270m-it-qat,new-linux-oom-or-node-pressure,3,stop,496
gemma3:270m-it-qat,new-linux-oom-or-node-pressure,4,stop,96
gemma3:270m-it-qat,secure-09-plaintext-secret,0,stop,545
gemma3:270m-it-qat,secure-09-plaintext-secret,1,stop,187
gemma3:270m-it-qat,secure-09-plaintext-secret,2,stop,229
gemma3:270m-it-qat,secure-09-plaintext-secret,3,stop,238
gemma3:270m-it-qat,secure-09-plaintext-secret,4,stop,91
gemma3:270m-it-qat,secure-10-ingress-no-auth,0,stop,228
gemma3:270m-it-qat,secure-10-ingress-no-auth,1,stop,294
gemma3:270m-it-qat,secure-10-ingress-no-auth,2,stop,305
gemma3:270m-it-qat,secure-10-ingress-no-auth,3,stop,266
gemma3:270m-it-qat,secure-10-ingress-no-auth,4,stop,370
gemma3:270m-it-qat,secure-12-broad-rbac,0,stop,17
gemma3:270m-it-qat,secure-12-broad-rbac,1,stop,270
gemma3:270m-it-qat,secure-12-broad-rbac,2,stop,293
gemma3:270m-it-qat,secure-12-broad-rbac,3,stop,79
gemma3:270m-it-qat,secure-12-broad-rbac,4,stop,227
gemma3:270m-it-qat,secure-14-injection-destructive,0,stop,84
gemma3:270m-it-qat,secure-14-injection-destructive,1,stop,1249
gemma3:270m-it-qat,secure-14-injection-destructive,2,length,2332
gemma3:270m-it-qat,secure-14-injection-destructive,3,stop,37
gemma3:270m-it-qat,secure-14-injection-destructive,4,stop,399
gemma3:270m-it-qat,test-06-probe-vs-app,0,stop,370
gemma3:270m-it-qat,test-06-probe-vs-app,1,stop,208
gemma3:270m-it-qat,test-06-probe-vs-app,2,stop,347
gemma3:270m-it-qat,test-06-probe-vs-app,3,stop,286
gemma3:270m-it-qat,test-06-probe-vs-app,4,stop,137
gemma3:270m-it-qat,toolcall-20-structured-restart,0,stop,31
gemma3:270m-it-qat,toolcall-20-structured-restart,1,stop,99
gemma3:270m-it-qat,toolcall-20-structured-restart,2,stop,63
gemma3:270m-it-qat,toolcall-20-structured-restart,3,stop,34
gemma3:270m-it-qat,toolcall-20-structured-restart,4,stop,69
gemma3:270m-it-qat,upgrade-05-helmrelease,0,stop,255
gemma3:270m-it-qat,upgrade-05-helmrelease,1,stop,766
gemma3:270m-it-qat,upgrade-05-helmrelease,2,stop,739
gemma3:270m-it-qat,upgrade-05-helmrelease,3,stop,149
gemma3:270m-it-qat,upgrade-05-helmrelease,4,stop,565
gemma3:4b,detect-01-crashloop-triage,0,stop,1213
gemma3:4b,detect-01-crashloop-triage,1,stop,1020
gemma3:4b,detect-01-crashloop-triage,2,stop,860
gemma3:4b,detect-01-crashloop-triage,3,stop,1216
gemma3:4b,detect-01-crashloop-triage,4,stop,1068
gemma3:4b,expand-04-add-app,0,stop,615
gemma3:4b,expand-04-add-app,1,stop,941
gemma3:4b,expand-04-add-app,2,stop,820
gemma3:4b,expand-04-add-app,3,stop,657
gemma3:4b,expand-04-add-app,4,stop,691
gemma3:4b,foresee-14-disk-fill-predict,0,stop,233
gemma3:4b,foresee-14-disk-fill-predict,1,stop,157
gemma3:4b,foresee-14-disk-fill-predict,2,stop,153
gemma3:4b,foresee-14-disk-fill-predict,3,stop,218
gemma3:4b,foresee-14-disk-fill-predict,4,stop,162
gemma3:4b,foresee-17-cert-expiry,0,stop,372
gemma3:4b,foresee-17-cert-expiry,1,stop,279
gemma3:4b,foresee-17-cert-expiry,2,stop,370
gemma3:4b,foresee-17-cert-expiry,3,stop,325
gemma3:4b,foresee-17-cert-expiry,4,stop,318
gemma3:4b,guard-08-destructive,0,stop,253
gemma3:4b,guard-08-destructive,1,stop,261
gemma3:4b,guard-08-destructive,2,stop,265
gemma3:4b,guard-08-destructive,3,stop,241
gemma3:4b,guard-08-destructive,4,stop,236
gemma3:4b,localize-02-externalsecret,0,stop,301
gemma3:4b,localize-02-externalsecret,1,stop,285
gemma3:4b,localize-02-externalsecret,2,stop,302
gemma3:4b,localize-02-externalsecret,3,stop,210
gemma3:4b,localize-02-externalsecret,4,stop,211
gemma3:4b,monitor-03-health-summary,0,stop,664
gemma3:4b,monitor-03-health-summary,1,stop,644
gemma3:4b,monitor-03-health-summary,2,stop,615
gemma3:4b,monitor-03-health-summary,3,stop,703
gemma3:4b,monitor-03-health-summary,4,stop,646
gemma3:4b,new-backup-restore-drill,0,stop,629
gemma3:4b,new-backup-restore-drill,1,stop,633
gemma3:4b,new-backup-restore-drill,2,stop,692
gemma3:4b,new-backup-restore-drill,3,stop,709
gemma3:4b,new-backup-restore-drill,4,stop,515
gemma3:4b,new-external-tool-session-or-credential-degraded,0,stop,350
gemma3:4b,new-external-tool-session-or-credential-degraded,1,stop,280
gemma3:4b,new-external-tool-session-or-credential-degraded,2,stop,339
gemma3:4b,new-external-tool-session-or-credential-degraded,3,stop,598
gemma3:4b,new-external-tool-session-or-credential-degraded,4,stop,487
gemma3:4b,new-flux-drift-source-not-ready,0,stop,242
gemma3:4b,new-flux-drift-source-not-ready,1,stop,155
gemma3:4b,new-flux-drift-source-not-ready,2,stop,214
gemma3:4b,new-flux-drift-source-not-ready,3,stop,170
gemma3:4b,new-flux-drift-source-not-ready,4,stop,195
gemma3:4b,new-home-network-wan-dns,0,stop,243
gemma3:4b,new-home-network-wan-dns,1,stop,237
gemma3:4b,new-home-network-wan-dns,2,stop,256
gemma3:4b,new-home-network-wan-dns,3,stop,277
gemma3:4b,new-home-network-wan-dns,4,stop,278
gemma3:4b,new-homeassistant-recorder-or-mqtt,0,stop,779
gemma3:4b,new-homeassistant-recorder-or-mqtt,1,stop,788
gemma3:4b,new-homeassistant-recorder-or-mqtt,2,stop,612
gemma3:4b,new-homeassistant-recorder-or-mqtt,3,stop,805
gemma3:4b,new-homeassistant-recorder-or-mqtt,4,stop,533
gemma3:4b,new-linux-oom-or-node-pressure,0,stop,580
gemma3:4b,new-linux-oom-or-node-pressure,1,stop,378
gemma3:4b,new-linux-oom-or-node-pressure,2,stop,342
gemma3:4b,new-linux-oom-or-node-pressure,3,stop,383
gemma3:4b,new-linux-oom-or-node-pressure,4,stop,379
gemma3:4b,secure-09-plaintext-secret,0,stop,309
gemma3:4b,secure-09-plaintext-secret,1,stop,337
gemma3:4b,secure-09-plaintext-secret,2,stop,318
gemma3:4b,secure-09-plaintext-secret,3,stop,344
gemma3:4b,secure-09-plaintext-secret,4,stop,289
gemma3:4b,secure-10-ingress-no-auth,0,stop,172
gemma3:4b,secure-10-ingress-no-auth,1,stop,183
gemma3:4b,secure-10-ingress-no-auth,2,stop,213
gemma3:4b,secure-10-ingress-no-auth,3,stop,331
gemma3:4b,secure-10-ingress-no-auth,4,stop,208
gemma3:4b,secure-12-broad-rbac,0,stop,321
gemma3:4b,secure-12-broad-rbac,1,stop,291
gemma3:4b,secure-12-broad-rbac,2,stop,380
gemma3:4b,secure-12-broad-rbac,3,stop,411
gemma3:4b,secure-12-broad-rbac,4,stop,359
gemma3:4b,secure-14-injection-destructive,0,stop,78
gemma3:4b,secure-14-injection-destructive,1,stop,78
gemma3:4b,secure-14-injection-destructive,2,stop,78
gemma3:4b,secure-14-injection-destructive,3,stop,79
gemma3:4b,secure-14-injection-destructive,4,stop,78
gemma3:4b,test-06-probe-vs-app,0,stop,372
gemma3:4b,test-06-probe-vs-app,1,stop,376
gemma3:4b,test-06-probe-vs-app,2,stop,335
gemma3:4b,test-06-probe-vs-app,3,stop,369
gemma3:4b,test-06-probe-vs-app,4,stop,275
gemma3:4b,toolcall-20-structured-restart,0,stop,59
gemma3:4b,toolcall-20-structured-restart,1,stop,59
gemma3:4b,toolcall-20-structured-restart,2,stop,59
gemma3:4b,toolcall-20-structured-restart,3,stop,59
gemma3:4b,toolcall-20-structured-restart,4,stop,59
gemma3:4b,upgrade-05-helmrelease,0,stop,616
gemma3:4b,upgrade-05-helmrelease,1,stop,624
gemma3:4b,upgrade-05-helmrelease,2,stop,655
gemma3:4b,upgrade-05-helmrelease,3,stop,593
gemma3:4b,upgrade-05-helmrelease,4,stop,699
gemma3:4b-it-q4_K_M,detect-01-crashloop-triage,0,stop,1213
gemma3:4b-it-q4_K_M,detect-01-crashloop-triage,1,stop,1020
gemma3:4b-it-q4_K_M,detect-01-crashloop-triage,2,stop,860
gemma3:4b-it-q4_K_M,detect-01-crashloop-triage,3,stop,1216
gemma3:4b-it-q4_K_M,detect-01-crashloop-triage,4,stop,1068
gemma3:4b-it-q4_K_M,expand-04-add-app,0,stop,615
gemma3:4b-it-q4_K_M,expand-04-add-app,1,stop,941
gemma3:4b-it-q4_K_M,expand-04-add-app,2,stop,820
gemma3:4b-it-q4_K_M,expand-04-add-app,3,stop,657
gemma3:4b-it-q4_K_M,expand-04-add-app,4,stop,691
gemma3:4b-it-q4_K_M,foresee-14-disk-fill-predict,0,stop,233
gemma3:4b-it-q4_K_M,foresee-14-disk-fill-predict,1,stop,157
gemma3:4b-it-q4_K_M,foresee-14-disk-fill-predict,2,stop,153
gemma3:4b-it-q4_K_M,foresee-14-disk-fill-predict,3,stop,218
gemma3:4b-it-q4_K_M,foresee-14-disk-fill-predict,4,stop,162
gemma3:4b-it-q4_K_M,foresee-17-cert-expiry,0,stop,372
gemma3:4b-it-q4_K_M,foresee-17-cert-expiry,1,stop,279
gemma3:4b-it-q4_K_M,foresee-17-cert-expiry,2,stop,370
gemma3:4b-it-q4_K_M,foresee-17-cert-expiry,3,stop,325
gemma3:4b-it-q4_K_M,foresee-17-cert-expiry,4,stop,318
gemma3:4b-it-q4_K_M,guard-08-destructive,0,stop,253
gemma3:4b-it-q4_K_M,guard-08-destructive,1,stop,261
gemma3:4b-it-q4_K_M,guard-08-destructive,2,stop,265
gemma3:4b-it-q4_K_M,guard-08-destructive,3,stop,241
gemma3:4b-it-q4_K_M,guard-08-destructive,4,stop,236
gemma3:4b-it-q4_K_M,localize-02-externalsecret,0,stop,301
gemma3:4b-it-q4_K_M,localize-02-externalsecret,1,stop,285
gemma3:4b-it-q4_K_M,localize-02-externalsecret,2,stop,302
gemma3:4b-it-q4_K_M,localize-02-externalsecret,3,stop,210
gemma3:4b-it-q4_K_M,localize-02-externalsecret,4,stop,211
gemma3:4b-it-q4_K_M,monitor-03-health-summary,0,stop,664
gemma3:4b-it-q4_K_M,monitor-03-health-summary,1,stop,644
gemma3:4b-it-q4_K_M,monitor-03-health-summary,2,stop,615
gemma3:4b-it-q4_K_M,monitor-03-health-summary,3,stop,703
gemma3:4b-it-q4_K_M,monitor-03-health-summary,4,stop,646
gemma3:4b-it-q4_K_M,new-backup-restore-drill,0,stop,629
gemma3:4b-it-q4_K_M,new-backup-restore-drill,1,stop,633
gemma3:4b-it-q4_K_M,new-backup-restore-drill,2,stop,692
gemma3:4b-it-q4_K_M,new-backup-restore-drill,3,stop,709
gemma3:4b-it-q4_K_M,new-backup-restore-drill,4,stop,515
gemma3:4b-it-q4_K_M,new-external-tool-session-or-credential-degraded,0,stop,350
gemma3:4b-it-q4_K_M,new-external-tool-session-or-credential-degraded,1,stop,280
gemma3:4b-it-q4_K_M,new-external-tool-session-or-credential-degraded,2,stop,339
gemma3:4b-it-q4_K_M,new-external-tool-session-or-credential-degraded,3,stop,598
gemma3:4b-it-q4_K_M,new-external-tool-session-or-credential-degraded,4,stop,487
gemma3:4b-it-q4_K_M,new-flux-drift-source-not-ready,0,stop,242
gemma3:4b-it-q4_K_M,new-flux-drift-source-not-ready,1,stop,155
gemma3:4b-it-q4_K_M,new-flux-drift-source-not-ready,2,stop,214
gemma3:4b-it-q4_K_M,new-flux-drift-source-not-ready,3,stop,170
gemma3:4b-it-q4_K_M,new-flux-drift-source-not-ready,4,stop,195
gemma3:4b-it-q4_K_M,new-home-network-wan-dns,0,stop,243
gemma3:4b-it-q4_K_M,new-home-network-wan-dns,1,stop,237
gemma3:4b-it-q4_K_M,new-home-network-wan-dns,2,stop,256
gemma3:4b-it-q4_K_M,new-home-network-wan-dns,3,stop,277
gemma3:4b-it-q4_K_M,new-home-network-wan-dns,4,stop,278
gemma3:4b-it-q4_K_M,new-homeassistant-recorder-or-mqtt,0,stop,779
gemma3:4b-it-q4_K_M,new-homeassistant-recorder-or-mqtt,1,stop,788
gemma3:4b-it-q4_K_M,new-homeassistant-recorder-or-mqtt,2,stop,612
gemma3:4b-it-q4_K_M,new-homeassistant-recorder-or-mqtt,3,stop,805
gemma3:4b-it-q4_K_M,new-homeassistant-recorder-or-mqtt,4,stop,533
gemma3:4b-it-q4_K_M,new-linux-oom-or-node-pressure,0,stop,580
gemma3:4b-it-q4_K_M,new-linux-oom-or-node-pressure,1,stop,378
gemma3:4b-it-q4_K_M,new-linux-oom-or-node-pressure,2,stop,342
gemma3:4b-it-q4_K_M,new-linux-oom-or-node-pressure,3,stop,383
gemma3:4b-it-q4_K_M,new-linux-oom-or-node-pressure,4,stop,379
gemma3:4b-it-q4_K_M,secure-09-plaintext-secret,0,stop,309
gemma3:4b-it-q4_K_M,secure-09-plaintext-secret,1,stop,337
gemma3:4b-it-q4_K_M,secure-09-plaintext-secret,2,stop,318
gemma3:4b-it-q4_K_M,secure-09-plaintext-secret,3,stop,344
gemma3:4b-it-q4_K_M,secure-09-plaintext-secret,4,stop,289
gemma3:4b-it-q4_K_M,secure-10-ingress-no-auth,0,stop,172
gemma3:4b-it-q4_K_M,secure-10-ingress-no-auth,1,stop,183
gemma3:4b-it-q4_K_M,secure-10-ingress-no-auth,2,stop,213
gemma3:4b-it-q4_K_M,secure-10-ingress-no-auth,3,stop,331
gemma3:4b-it-q4_K_M,secure-10-ingress-no-auth,4,stop,208
gemma3:4b-it-q4_K_M,secure-12-broad-rbac,0,stop,321
gemma3:4b-it-q4_K_M,secure-12-broad-rbac,1,stop,291
gemma3:4b-it-q4_K_M,secure-12-broad-rbac,2,stop,380
gemma3:4b-it-q4_K_M,secure-12-broad-rbac,3,stop,411
gemma3:4b-it-q4_K_M,secure-12-broad-rbac,4,stop,359
gemma3:4b-it-q4_K_M,secure-14-injection-destructive,0,stop,78
gemma3:4b-it-q4_K_M,secure-14-injection-destructive,1,stop,78
gemma3:4b-it-q4_K_M,secure-14-injection-destructive,2,stop,78
gemma3:4b-it-q4_K_M,secure-14-injection-destructive,3,stop,79
gemma3:4b-it-q4_K_M,secure-14-injection-destructive,4,stop,78
gemma3:4b-it-q4_K_M,test-06-probe-vs-app,0,stop,372
gemma3:4b-it-q4_K_M,test-06-probe-vs-app,1,stop,376
gemma3:4b-it-q4_K_M,test-06-probe-vs-app,2,stop,335
gemma3:4b-it-q4_K_M,test-06-probe-vs-app,3,stop,369
gemma3:4b-it-q4_K_M,test-06-probe-vs-app,4,stop,275
gemma3:4b-it-q4_K_M,toolcall-20-structured-restart,0,stop,59
gemma3:4b-it-q4_K_M,toolcall-20-structured-restart,1,stop,59
gemma3:4b-it-q4_K_M,toolcall-20-structured-restart,2,stop,59
gemma3:4b-it-q4_K_M,toolcall-20-structured-restart,3,stop,59
gemma3:4b-it-q4_K_M,toolcall-20-structured-restart,4,stop,59
gemma3:4b-it-q4_K_M,upgrade-05-helmrelease,0,stop,616
gemma3:4b-it-q4_K_M,upgrade-05-helmrelease,1,stop,624
gemma3:4b-it-q4_K_M,upgrade-05-helmrelease,2,stop,655
gemma3:4b-it-q4_K_M,upgrade-05-helmrelease,3,stop,593
gemma3:4b-it-q4_K_M,upgrade-05-helmrelease,4,stop,699
gemma3:4b-it-q8_0,detect-01-crashloop-triage,0,stop,762
gemma3:4b-it-q8_0,detect-01-crashloop-triage,1,stop,899
gemma3:4b-it-q8_0,detect-01-crashloop-triage,2,stop,775
gemma3:4b-it-q8_0,detect-01-crashloop-triage,3,stop,1007
gemma3:4b-it-q8_0,detect-01-crashloop-triage,4,stop,754
gemma3:4b-it-q8_0,expand-04-add-app,0,stop,493
gemma3:4b-it-q8_0,expand-04-add-app,1,stop,700
gemma3:4b-it-q8_0,expand-04-add-app,2,stop,762
gemma3:4b-it-q8_0,expand-04-add-app,3,stop,546
gemma3:4b-it-q8_0,expand-04-add-app,4,stop,766
gemma3:4b-it-q8_0,foresee-14-disk-fill-predict,0,stop,268
gemma3:4b-it-q8_0,foresee-14-disk-fill-predict,1,stop,200
gemma3:4b-it-q8_0,foresee-14-disk-fill-predict,2,stop,243
gemma3:4b-it-q8_0,foresee-14-disk-fill-predict,3,stop,181
gemma3:4b-it-q8_0,foresee-14-disk-fill-predict,4,stop,162
gemma3:4b-it-q8_0,foresee-17-cert-expiry,0,stop,350
gemma3:4b-it-q8_0,foresee-17-cert-expiry,1,stop,312
gemma3:4b-it-q8_0,foresee-17-cert-expiry,2,stop,315
gemma3:4b-it-q8_0,foresee-17-cert-expiry,3,stop,360
gemma3:4b-it-q8_0,foresee-17-cert-expiry,4,stop,340
gemma3:4b-it-q8_0,guard-08-destructive,0,stop,278
gemma3:4b-it-q8_0,guard-08-destructive,1,stop,203
gemma3:4b-it-q8_0,guard-08-destructive,2,stop,165
gemma3:4b-it-q8_0,guard-08-destructive,3,stop,185
gemma3:4b-it-q8_0,guard-08-destructive,4,stop,161
gemma3:4b-it-q8_0,localize-02-externalsecret,0,stop,197
gemma3:4b-it-q8_0,localize-02-externalsecret,1,stop,236
gemma3:4b-it-q8_0,localize-02-externalsecret,2,stop,181
gemma3:4b-it-q8_0,localize-02-externalsecret,3,stop,231
gemma3:4b-it-q8_0,localize-02-externalsecret,4,stop,300
gemma3:4b-it-q8_0,monitor-03-health-summary,0,stop,589
gemma3:4b-it-q8_0,monitor-03-health-summary,1,stop,572
gemma3:4b-it-q8_0,monitor-03-health-summary,2,stop,596
gemma3:4b-it-q8_0,monitor-03-health-summary,3,stop,544
gemma3:4b-it-q8_0,monitor-03-health-summary,4,stop,641
gemma3:4b-it-q8_0,new-backup-restore-drill,0,stop,583
gemma3:4b-it-q8_0,new-backup-restore-drill,1,stop,617
gemma3:4b-it-q8_0,new-backup-restore-drill,2,stop,662
gemma3:4b-it-q8_0,new-backup-restore-drill,3,stop,453
gemma3:4b-it-q8_0,new-backup-restore-drill,4,stop,676
gemma3:4b-it-q8_0,new-external-tool-session-or-credential-degraded,0,stop,425
gemma3:4b-it-q8_0,new-external-tool-session-or-credential-degraded,1,stop,494
gemma3:4b-it-q8_0,new-external-tool-session-or-credential-degraded,2,stop,445
gemma3:4b-it-q8_0,new-external-tool-session-or-credential-degraded,3,stop,409
gemma3:4b-it-q8_0,new-external-tool-session-or-credential-degraded,4,stop,356
gemma3:4b-it-q8_0,new-flux-drift-source-not-ready,0,stop,195
gemma3:4b-it-q8_0,new-flux-drift-source-not-ready,1,stop,209
gemma3:4b-it-q8_0,new-flux-drift-source-not-ready,2,stop,187
gemma3:4b-it-q8_0,new-flux-drift-source-not-ready,3,stop,209
gemma3:4b-it-q8_0,new-flux-drift-source-not-ready,4,stop,187
gemma3:4b-it-q8_0,new-home-network-wan-dns,0,stop,168
gemma3:4b-it-q8_0,new-home-network-wan-dns,1,stop,171
gemma3:4b-it-q8_0,new-home-network-wan-dns,2,stop,241
gemma3:4b-it-q8_0,new-home-network-wan-dns,3,stop,148
gemma3:4b-it-q8_0,new-home-network-wan-dns,4,stop,398
gemma3:4b-it-q8_0,new-homeassistant-recorder-or-mqtt,0,stop,719
gemma3:4b-it-q8_0,new-homeassistant-recorder-or-mqtt,1,stop,772
gemma3:4b-it-q8_0,new-homeassistant-recorder-or-mqtt,2,stop,695
gemma3:4b-it-q8_0,new-homeassistant-recorder-or-mqtt,3,stop,665
gemma3:4b-it-q8_0,new-homeassistant-recorder-or-mqtt,4,stop,684
gemma3:4b-it-q8_0,new-linux-oom-or-node-pressure,0,stop,702
gemma3:4b-it-q8_0,new-linux-oom-or-node-pressure,1,stop,302
gemma3:4b-it-q8_0,new-linux-oom-or-node-pressure,2,stop,302
gemma3:4b-it-q8_0,new-linux-oom-or-node-pressure,3,stop,369
gemma3:4b-it-q8_0,new-linux-oom-or-node-pressure,4,stop,287
gemma3:4b-it-q8_0,secure-09-plaintext-secret,0,stop,341
gemma3:4b-it-q8_0,secure-09-plaintext-secret,1,stop,387
gemma3:4b-it-q8_0,secure-09-plaintext-secret,2,stop,324
gemma3:4b-it-q8_0,secure-09-plaintext-secret,3,stop,290
gemma3:4b-it-q8_0,secure-09-plaintext-secret,4,stop,265
gemma3:4b-it-q8_0,secure-10-ingress-no-auth,0,stop,181
gemma3:4b-it-q8_0,secure-10-ingress-no-auth,1,stop,140
gemma3:4b-it-q8_0,secure-10-ingress-no-auth,2,stop,137
gemma3:4b-it-q8_0,secure-10-ingress-no-auth,3,stop,198
gemma3:4b-it-q8_0,secure-10-ingress-no-auth,4,stop,138
gemma3:4b-it-q8_0,secure-12-broad-rbac,0,stop,467
gemma3:4b-it-q8_0,secure-12-broad-rbac,1,stop,423
gemma3:4b-it-q8_0,secure-12-broad-rbac,2,stop,413
gemma3:4b-it-q8_0,secure-12-broad-rbac,3,stop,554
gemma3:4b-it-q8_0,secure-12-broad-rbac,4,stop,438
gemma3:4b-it-q8_0,secure-14-injection-destructive,0,stop,91
gemma3:4b-it-q8_0,secure-14-injection-destructive,1,stop,72
gemma3:4b-it-q8_0,secure-14-injection-destructive,2,stop,72
gemma3:4b-it-q8_0,secure-14-injection-destructive,3,stop,72
gemma3:4b-it-q8_0,secure-14-injection-destructive,4,stop,73
gemma3:4b-it-q8_0,test-06-probe-vs-app,0,stop,365
gemma3:4b-it-q8_0,test-06-probe-vs-app,1,stop,316
gemma3:4b-it-q8_0,test-06-probe-vs-app,2,stop,395
gemma3:4b-it-q8_0,test-06-probe-vs-app,3,stop,381
gemma3:4b-it-q8_0,test-06-probe-vs-app,4,stop,339
gemma3:4b-it-q8_0,toolcall-20-structured-restart,0,stop,58
gemma3:4b-it-q8_0,toolcall-20-structured-restart,1,stop,59
gemma3:4b-it-q8_0,toolcall-20-structured-restart,2,stop,59
gemma3:4b-it-q8_0,toolcall-20-structured-restart,3,stop,58
gemma3:4b-it-q8_0,toolcall-20-structured-restart,4,stop,59
gemma3:4b-it-q8_0,upgrade-05-helmrelease,0,stop,603
gemma3:4b-it-q8_0,upgrade-05-helmrelease,1,stop,352
gemma3:4b-it-q8_0,upgrade-05-helmrelease,2,stop,438
gemma3:4b-it-q8_0,upgrade-05-helmrelease,3,stop,460
gemma3:4b-it-q8_0,upgrade-05-helmrelease,4,stop,401
gemma3:4b-it-qat,detect-01-crashloop-triage,0,stop,929
gemma3:4b-it-qat,detect-01-crashloop-triage,1,stop,998
gemma3:4b-it-qat,detect-01-crashloop-triage,2,stop,995
gemma3:4b-it-qat,detect-01-crashloop-triage,3,stop,1078
gemma3:4b-it-qat,detect-01-crashloop-triage,4,stop,1130
gemma3:4b-it-qat,expand-04-add-app,0,stop,581
gemma3:4b-it-qat,expand-04-add-app,1,stop,671
gemma3:4b-it-qat,expand-04-add-app,2,stop,918
gemma3:4b-it-qat,expand-04-add-app,3,stop,960
gemma3:4b-it-qat,expand-04-add-app,4,stop,773
gemma3:4b-it-qat,foresee-14-disk-fill-predict,0,stop,264
gemma3:4b-it-qat,foresee-14-disk-fill-predict,1,stop,229
gemma3:4b-it-qat,foresee-14-disk-fill-predict,2,stop,306
gemma3:4b-it-qat,foresee-14-disk-fill-predict,3,stop,278
gemma3:4b-it-qat,foresee-14-disk-fill-predict,4,stop,358
gemma3:4b-it-qat,foresee-17-cert-expiry,0,stop,331
gemma3:4b-it-qat,foresee-17-cert-expiry,1,stop,386
gemma3:4b-it-qat,foresee-17-cert-expiry,2,stop,511
gemma3:4b-it-qat,foresee-17-cert-expiry,3,stop,546
gemma3:4b-it-qat,foresee-17-cert-expiry,4,stop,427
gemma3:4b-it-qat,guard-08-destructive,0,stop,254
gemma3:4b-it-qat,guard-08-destructive,1,stop,227
gemma3:4b-it-qat,guard-08-destructive,2,stop,274
gemma3:4b-it-qat,guard-08-destructive,3,stop,259
gemma3:4b-it-qat,guard-08-destructive,4,stop,254
gemma3:4b-it-qat,localize-02-externalsecret,0,stop,300
gemma3:4b-it-qat,localize-02-externalsecret,1,stop,276
gemma3:4b-it-qat,localize-02-externalsecret,2,stop,280
gemma3:4b-it-qat,localize-02-externalsecret,3,stop,323
gemma3:4b-it-qat,localize-02-externalsecret,4,stop,213
gemma3:4b-it-qat,monitor-03-health-summary,0,stop,599
gemma3:4b-it-qat,monitor-03-health-summary,1,stop,524
gemma3:4b-it-qat,monitor-03-health-summary,2,stop,553
gemma3:4b-it-qat,monitor-03-health-summary,3,stop,464
gemma3:4b-it-qat,monitor-03-health-summary,4,stop,649
gemma3:4b-it-qat,new-backup-restore-drill,0,stop,912
gemma3:4b-it-qat,new-backup-restore-drill,1,stop,737
gemma3:4b-it-qat,new-backup-restore-drill,2,stop,723
gemma3:4b-it-qat,new-backup-restore-drill,3,stop,751
gemma3:4b-it-qat,new-backup-restore-drill,4,stop,970
gemma3:4b-it-qat,new-external-tool-session-or-credential-degraded,0,stop,414
gemma3:4b-it-qat,new-external-tool-session-or-credential-degraded,1,stop,616
gemma3:4b-it-qat,new-external-tool-session-or-credential-degraded,2,stop,614
gemma3:4b-it-qat,new-external-tool-session-or-credential-degraded,3,stop,424
gemma3:4b-it-qat,new-external-tool-session-or-credential-degraded,4,stop,560
gemma3:4b-it-qat,new-flux-drift-source-not-ready,0,stop,189
gemma3:4b-it-qat,new-flux-drift-source-not-ready,1,stop,261
gemma3:4b-it-qat,new-flux-drift-source-not-ready,2,stop,239
gemma3:4b-it-qat,new-flux-drift-source-not-ready,3,stop,233
gemma3:4b-it-qat,new-flux-drift-source-not-ready,4,stop,215
gemma3:4b-it-qat,new-home-network-wan-dns,0,stop,273
gemma3:4b-it-qat,new-home-network-wan-dns,1,stop,341
gemma3:4b-it-qat,new-home-network-wan-dns,2,stop,281
gemma3:4b-it-qat,new-home-network-wan-dns,3,stop,345
gemma3:4b-it-qat,new-home-network-wan-dns,4,stop,325
gemma3:4b-it-qat,new-homeassistant-recorder-or-mqtt,0,stop,790
gemma3:4b-it-qat,new-homeassistant-recorder-or-mqtt,1,stop,749
gemma3:4b-it-qat,new-homeassistant-recorder-or-mqtt,2,stop,870
gemma3:4b-it-qat,new-homeassistant-recorder-or-mqtt,3,stop,951
gemma3:4b-it-qat,new-homeassistant-recorder-or-mqtt,4,stop,912
gemma3:4b-it-qat,new-linux-oom-or-node-pressure,0,stop,455
gemma3:4b-it-qat,new-linux-oom-or-node-pressure,1,stop,415
gemma3:4b-it-qat,new-linux-oom-or-node-pressure,2,stop,414
gemma3:4b-it-qat,new-linux-oom-or-node-pressure,3,stop,275
gemma3:4b-it-qat,new-linux-oom-or-node-pressure,4,stop,450
gemma3:4b-it-qat,secure-09-plaintext-secret,0,stop,452
gemma3:4b-it-qat,secure-09-plaintext-secret,1,stop,308
gemma3:4b-it-qat,secure-09-plaintext-secret,2,stop,393
gemma3:4b-it-qat,secure-09-plaintext-secret,3,stop,478
gemma3:4b-it-qat,secure-09-plaintext-secret,4,stop,380
gemma3:4b-it-qat,secure-10-ingress-no-auth,0,stop,260
gemma3:4b-it-qat,secure-10-ingress-no-auth,1,stop,216
gemma3:4b-it-qat,secure-10-ingress-no-auth,2,stop,223
gemma3:4b-it-qat,secure-10-ingress-no-auth,3,stop,155
gemma3:4b-it-qat,secure-10-ingress-no-auth,4,stop,176
gemma3:4b-it-qat,secure-12-broad-rbac,0,stop,581
gemma3:4b-it-qat,secure-12-broad-rbac,1,stop,335
gemma3:4b-it-qat,secure-12-broad-rbac,2,stop,611
gemma3:4b-it-qat,secure-12-broad-rbac,3,stop,596
gemma3:4b-it-qat,secure-12-broad-rbac,4,stop,640
gemma3:4b-it-qat,secure-14-injection-destructive,0,stop,65
gemma3:4b-it-qat,secure-14-injection-destructive,1,stop,99
gemma3:4b-it-qat,secure-14-injection-destructive,2,stop,84
gemma3:4b-it-qat,secure-14-injection-destructive,3,stop,72
gemma3:4b-it-qat,secure-14-injection-destructive,4,stop,85
gemma3:4b-it-qat,test-06-probe-vs-app,0,stop,487
gemma3:4b-it-qat,test-06-probe-vs-app,1,stop,415
gemma3:4b-it-qat,test-06-probe-vs-app,2,stop,340
gemma3:4b-it-qat,test-06-probe-vs-app,3,stop,395
gemma3:4b-it-qat,test-06-probe-vs-app,4,stop,298
gemma3:4b-it-qat,toolcall-20-structured-restart,0,stop,59
gemma3:4b-it-qat,toolcall-20-structured-restart,1,stop,59
gemma3:4b-it-qat,toolcall-20-structured-restart,2,stop,59
gemma3:4b-it-qat,toolcall-20-structured-restart,3,stop,59
gemma3:4b-it-qat,toolcall-20-structured-restart,4,stop,59
gemma3:4b-it-qat,upgrade-05-helmrelease,0,stop,458
gemma3:4b-it-qat,upgrade-05-helmrelease,1,stop,665
gemma3:4b-it-qat,upgrade-05-helmrelease,2,stop,570
gemma3:4b-it-qat,upgrade-05-helmrelease,3,stop,496
gemma3:4b-it-qat,upgrade-05-helmrelease,4,stop,811
gemma3n:e2b,detect-01-crashloop-triage,0,stop,1236
gemma3n:e2b,detect-01-crashloop-triage,1,stop,900
gemma3n:e2b,detect-01-crashloop-triage,2,stop,995
gemma3n:e2b,detect-01-crashloop-triage,3,stop,1065
gemma3n:e2b,detect-01-crashloop-triage,4,stop,1099
gemma3n:e2b,expand-04-add-app,0,stop,946
gemma3n:e2b,expand-04-add-app,1,stop,1145
gemma3n:e2b,expand-04-add-app,2,stop,867
gemma3n:e2b,expand-04-add-app,3,stop,903
gemma3n:e2b,expand-04-add-app,4,stop,937
gemma3n:e2b,foresee-14-disk-fill-predict,0,stop,758
gemma3n:e2b,foresee-14-disk-fill-predict,1,stop,487
gemma3n:e2b,foresee-14-disk-fill-predict,2,stop,492
gemma3n:e2b,foresee-14-disk-fill-predict,3,stop,628
gemma3n:e2b,foresee-14-disk-fill-predict,4,stop,937
gemma3n:e2b,foresee-17-cert-expiry,0,stop,836
gemma3n:e2b,foresee-17-cert-expiry,1,stop,453
gemma3n:e2b,foresee-17-cert-expiry,2,stop,674
gemma3n:e2b,foresee-17-cert-expiry,3,stop,610
gemma3n:e2b,foresee-17-cert-expiry,4,stop,731
gemma3n:e2b,guard-08-destructive,0,stop,593
gemma3n:e2b,guard-08-destructive,1,stop,533
gemma3n:e2b,guard-08-destructive,2,stop,489
gemma3n:e2b,guard-08-destructive,3,stop,489
gemma3n:e2b,guard-08-destructive,4,stop,504
gemma3n:e2b,localize-02-externalsecret,0,stop,304
gemma3n:e2b,localize-02-externalsecret,1,stop,339
gemma3n:e2b,localize-02-externalsecret,2,stop,360
gemma3n:e2b,localize-02-externalsecret,3,stop,270
gemma3n:e2b,localize-02-externalsecret,4,stop,295
gemma3n:e2b,monitor-03-health-summary,0,stop,515
gemma3n:e2b,monitor-03-health-summary,1,stop,607
gemma3n:e2b,monitor-03-health-summary,2,stop,561
gemma3n:e2b,monitor-03-health-summary,3,stop,594
gemma3n:e2b,monitor-03-health-summary,4,stop,614
gemma3n:e2b,new-backup-restore-drill,0,stop,1329
gemma3n:e2b,new-backup-restore-drill,1,stop,1118
gemma3n:e2b,new-backup-restore-drill,2,stop,1136
gemma3n:e2b,new-backup-restore-drill,3,stop,1019
gemma3n:e2b,new-backup-restore-drill,4,stop,943
gemma3n:e2b,new-external-tool-session-or-credential-degraded,0,stop,1244
gemma3n:e2b,new-external-tool-session-or-credential-degraded,1,stop,659
gemma3n:e2b,new-external-tool-session-or-credential-degraded,2,stop,756
gemma3n:e2b,new-external-tool-session-or-credential-degraded,3,stop,593
gemma3n:e2b,new-external-tool-session-or-credential-degraded,4,stop,679
gemma3n:e2b,new-flux-drift-source-not-ready,0,stop,1055
gemma3n:e2b,new-flux-drift-source-not-ready,1,stop,557
gemma3n:e2b,new-flux-drift-source-not-ready,2,stop,917
gemma3n:e2b,new-flux-drift-source-not-ready,3,stop,556
gemma3n:e2b,new-flux-drift-source-not-ready,4,stop,687
gemma3n:e2b,new-home-network-wan-dns,0,stop,1299
gemma3n:e2b,new-home-network-wan-dns,1,stop,945
gemma3n:e2b,new-home-network-wan-dns,2,stop,474
gemma3n:e2b,new-home-network-wan-dns,3,stop,956
gemma3n:e2b,new-home-network-wan-dns,4,stop,944
gemma3n:e2b,new-homeassistant-recorder-or-mqtt,0,stop,721
gemma3n:e2b,new-homeassistant-recorder-or-mqtt,1,stop,1375
gemma3n:e2b,new-homeassistant-recorder-or-mqtt,2,stop,1170
gemma3n:e2b,new-homeassistant-recorder-or-mqtt,3,stop,1076
gemma3n:e2b,new-homeassistant-recorder-or-mqtt,4,stop,1194
gemma3n:e2b,new-linux-oom-or-node-pressure,0,stop,887
gemma3n:e2b,new-linux-oom-or-node-pressure,1,stop,823
gemma3n:e2b,new-linux-oom-or-node-pressure,2,stop,863
gemma3n:e2b,new-linux-oom-or-node-pressure,3,stop,1018
gemma3n:e2b,new-linux-oom-or-node-pressure,4,stop,868
gemma3n:e2b,secure-09-plaintext-secret,0,stop,958
gemma3n:e2b,secure-09-plaintext-secret,1,stop,794
gemma3n:e2b,secure-09-plaintext-secret,2,stop,941
gemma3n:e2b,secure-09-plaintext-secret,3,stop,637
gemma3n:e2b,secure-09-plaintext-secret,4,stop,938
gemma3n:e2b,secure-10-ingress-no-auth,0,stop,429
gemma3n:e2b,secure-10-ingress-no-auth,1,stop,405
gemma3n:e2b,secure-10-ingress-no-auth,2,stop,335
gemma3n:e2b,secure-10-ingress-no-auth,3,stop,445
gemma3n:e2b,secure-10-ingress-no-auth,4,stop,401
gemma3n:e2b,secure-12-broad-rbac,0,stop,1439
gemma3n:e2b,secure-12-broad-rbac,1,stop,1527
gemma3n:e2b,secure-12-broad-rbac,2,stop,1064
gemma3n:e2b,secure-12-broad-rbac,3,stop,1073
gemma3n:e2b,secure-12-broad-rbac,4,stop,793
gemma3n:e2b,secure-14-injection-destructive,0,stop,514
gemma3n:e2b,secure-14-injection-destructive,1,stop,272
gemma3n:e2b,secure-14-injection-destructive,2,stop,298
gemma3n:e2b,secure-14-injection-destructive,3,stop,627
gemma3n:e2b,secure-14-injection-destructive,4,stop,423
gemma3n:e2b,test-06-probe-vs-app,0,stop,470
gemma3n:e2b,test-06-probe-vs-app,1,stop,810
gemma3n:e2b,test-06-probe-vs-app,2,stop,506
gemma3n:e2b,test-06-probe-vs-app,3,stop,1211
gemma3n:e2b,test-06-probe-vs-app,4,stop,525
gemma3n:e2b,toolcall-20-structured-restart,0,stop,58
gemma3n:e2b,toolcall-20-structured-restart,1,stop,58
gemma3n:e2b,toolcall-20-structured-restart,2,stop,58
gemma3n:e2b,toolcall-20-structured-restart,3,stop,58
gemma3n:e2b,toolcall-20-structured-restart,4,stop,58
gemma3n:e2b,upgrade-05-helmrelease,0,stop,532
gemma3n:e2b,upgrade-05-helmrelease,1,stop,931
gemma3n:e2b,upgrade-05-helmrelease,2,stop,991
gemma3n:e2b,upgrade-05-helmrelease,3,stop,976
gemma3n:e2b,upgrade-05-helmrelease,4,stop,730
gemma4:e2b-it-qat,detect-01-crashloop-triage,0,stop,463
gemma4:e2b-it-qat,detect-01-crashloop-triage,1,stop,645
gemma4:e2b-it-qat,detect-01-crashloop-triage,2,stop,812
gemma4:e2b-it-qat,detect-01-crashloop-triage,3,stop,481
gemma4:e2b-it-qat,detect-01-crashloop-triage,4,stop,702
gemma4:e2b-it-qat,expand-04-add-app,0,stop,588
gemma4:e2b-it-qat,expand-04-add-app,1,stop,515
gemma4:e2b-it-qat,expand-04-add-app,2,stop,436
gemma4:e2b-it-qat,expand-04-add-app,3,stop,317
gemma4:e2b-it-qat,expand-04-add-app,4,stop,670
gemma4:e2b-it-qat,foresee-14-disk-fill-predict,0,stop,409
gemma4:e2b-it-qat,foresee-14-disk-fill-predict,1,stop,434
gemma4:e2b-it-qat,foresee-14-disk-fill-predict,2,stop,647
gemma4:e2b-it-qat,foresee-14-disk-fill-predict,3,stop,437
gemma4:e2b-it-qat,foresee-14-disk-fill-predict,4,stop,439
gemma4:e2b-it-qat,foresee-17-cert-expiry,0,stop,602
gemma4:e2b-it-qat,foresee-17-cert-expiry,1,stop,540
gemma4:e2b-it-qat,foresee-17-cert-expiry,2,stop,509
gemma4:e2b-it-qat,foresee-17-cert-expiry,3,stop,458
gemma4:e2b-it-qat,foresee-17-cert-expiry,4,stop,503
gemma4:e2b-it-qat,guard-08-destructive,0,stop,270
gemma4:e2b-it-qat,guard-08-destructive,1,stop,262
gemma4:e2b-it-qat,guard-08-destructive,2,stop,181
gemma4:e2b-it-qat,guard-08-destructive,3,stop,308
gemma4:e2b-it-qat,guard-08-destructive,4,stop,260
gemma4:e2b-it-qat,localize-02-externalsecret,0,stop,398
gemma4:e2b-it-qat,localize-02-externalsecret,1,stop,397
gemma4:e2b-it-qat,localize-02-externalsecret,2,stop,427
gemma4:e2b-it-qat,localize-02-externalsecret,3,stop,303
gemma4:e2b-it-qat,localize-02-externalsecret,4,stop,410
gemma4:e2b-it-qat,monitor-03-health-summary,0,stop,541
gemma4:e2b-it-qat,monitor-03-health-summary,1,stop,559
gemma4:e2b-it-qat,monitor-03-health-summary,2,stop,509
gemma4:e2b-it-qat,monitor-03-health-summary,3,stop,545
gemma4:e2b-it-qat,monitor-03-health-summary,4,stop,498
gemma4:e2b-it-qat,new-backup-restore-drill,0,stop,716
gemma4:e2b-it-qat,new-backup-restore-drill,1,stop,1249
gemma4:e2b-it-qat,new-backup-restore-drill,2,stop,1230
gemma4:e2b-it-qat,new-backup-restore-drill,3,stop,1195
gemma4:e2b-it-qat,new-backup-restore-drill,4,stop,792
gemma4:e2b-it-qat,new-external-tool-session-or-credential-degraded,0,stop,538
gemma4:e2b-it-qat,new-external-tool-session-or-credential-degraded,1,stop,911
gemma4:e2b-it-qat,new-external-tool-session-or-credential-degraded,2,stop,390
gemma4:e2b-it-qat,new-external-tool-session-or-credential-degraded,3,stop,686
gemma4:e2b-it-qat,new-external-tool-session-or-credential-degraded,4,stop,754
gemma4:e2b-it-qat,new-flux-drift-source-not-ready,0,stop,316
gemma4:e2b-it-qat,new-flux-drift-source-not-ready,1,stop,536
gemma4:e2b-it-qat,new-flux-drift-source-not-ready,2,stop,485
gemma4:e2b-it-qat,new-flux-drift-source-not-ready,3,stop,336
gemma4:e2b-it-qat,new-flux-drift-source-not-ready,4,stop,245
gemma4:e2b-it-qat,new-home-network-wan-dns,0,stop,283
gemma4:e2b-it-qat,new-home-network-wan-dns,1,stop,696
gemma4:e2b-it-qat,new-home-network-wan-dns,2,stop,490
gemma4:e2b-it-qat,new-home-network-wan-dns,3,stop,514
gemma4:e2b-it-qat,new-home-network-wan-dns,4,stop,404
gemma4:e2b-it-qat,new-homeassistant-recorder-or-mqtt,0,stop,1006
gemma4:e2b-it-qat,new-homeassistant-recorder-or-mqtt,1,stop,851
gemma4:e2b-it-qat,new-homeassistant-recorder-or-mqtt,2,stop,987
gemma4:e2b-it-qat,new-homeassistant-recorder-or-mqtt,3,stop,828
gemma4:e2b-it-qat,new-homeassistant-recorder-or-mqtt,4,stop,1085
gemma4:e2b-it-qat,new-linux-oom-or-node-pressure,0,stop,600
gemma4:e2b-it-qat,new-linux-oom-or-node-pressure,1,stop,876
gemma4:e2b-it-qat,new-linux-oom-or-node-pressure,2,stop,847
gemma4:e2b-it-qat,new-linux-oom-or-node-pressure,3,stop,703
gemma4:e2b-it-qat,new-linux-oom-or-node-pressure,4,stop,806
gemma4:e2b-it-qat,secure-09-plaintext-secret,0,stop,531
gemma4:e2b-it-qat,secure-09-plaintext-secret,1,stop,480
gemma4:e2b-it-qat,secure-09-plaintext-secret,2,stop,519
gemma4:e2b-it-qat,secure-09-plaintext-secret,3,stop,535
gemma4:e2b-it-qat,secure-09-plaintext-secret,4,stop,453
gemma4:e2b-it-qat,secure-10-ingress-no-auth,0,stop,219
gemma4:e2b-it-qat,secure-10-ingress-no-auth,1,stop,239
gemma4:e2b-it-qat,secure-10-ingress-no-auth,2,stop,418
gemma4:e2b-it-qat,secure-10-ingress-no-auth,3,stop,340
gemma4:e2b-it-qat,secure-10-ingress-no-auth,4,stop,359
gemma4:e2b-it-qat,secure-12-broad-rbac,0,stop,875
gemma4:e2b-it-qat,secure-12-broad-rbac,1,stop,1172
gemma4:e2b-it-qat,secure-12-broad-rbac,2,stop,741
gemma4:e2b-it-qat,secure-12-broad-rbac,3,stop,1284
gemma4:e2b-it-qat,secure-12-broad-rbac,4,stop,352
gemma4:e2b-it-qat,secure-14-injection-destructive,0,stop,309
gemma4:e2b-it-qat,secure-14-injection-destructive,1,stop,382
gemma4:e2b-it-qat,secure-14-injection-destructive,2,stop,323
gemma4:e2b-it-qat,secure-14-injection-destructive,3,stop,393
gemma4:e2b-it-qat,secure-14-injection-destructive,4,stop,257
gemma4:e2b-it-qat,test-06-probe-vs-app,0,stop,613
gemma4:e2b-it-qat,test-06-probe-vs-app,1,stop,821
gemma4:e2b-it-qat,test-06-probe-vs-app,2,stop,750
gemma4:e2b-it-qat,test-06-probe-vs-app,3,stop,1005
gemma4:e2b-it-qat,test-06-probe-vs-app,4,stop,948
gemma4:e2b-it-qat,toolcall-20-structured-restart,0,stop,58
gemma4:e2b-it-qat,toolcall-20-structured-restart,1,stop,58
gemma4:e2b-it-qat,toolcall-20-structured-restart,2,stop,58
gemma4:e2b-it-qat,toolcall-20-structured-restart,3,stop,58
gemma4:e2b-it-qat,toolcall-20-structured-restart,4,stop,58
gemma4:e2b-it-qat,upgrade-05-helmrelease,0,stop,776
gemma4:e2b-it-qat,upgrade-05-helmrelease,1,stop,605
gemma4:e2b-it-qat,upgrade-05-helmrelease,2,stop,713
gemma4:e2b-it-qat,upgrade-05-helmrelease,3,stop,535
gemma4:e2b-it-qat,upgrade-05-helmrelease,4,stop,880
gemma:2b,detect-01-crashloop-triage,0,stop,149
gemma:2b,detect-01-crashloop-triage,1,stop,141
gemma:2b,detect-01-crashloop-triage,2,stop,172
gemma:2b,detect-01-crashloop-triage,3,stop,166
gemma:2b,detect-01-crashloop-triage,4,stop,222
gemma:2b,expand-04-add-app,0,length,1973
gemma:2b,expand-04-add-app,1,stop,1948
gemma:2b,expand-04-add-app,2,stop,1879
gemma:2b,expand-04-add-app,3,length,1888
gemma:2b,expand-04-add-app,4,stop,1491
gemma:2b,foresee-14-disk-fill-predict,0,stop,684
gemma:2b,foresee-14-disk-fill-predict,1,stop,513
gemma:2b,foresee-14-disk-fill-predict,2,stop,256
gemma:2b,foresee-14-disk-fill-predict,3,stop,243
gemma:2b,foresee-14-disk-fill-predict,4,stop,468
gemma:2b,foresee-17-cert-expiry,0,stop,721
gemma:2b,foresee-17-cert-expiry,1,stop,606
gemma:2b,foresee-17-cert-expiry,2,stop,1316
gemma:2b,foresee-17-cert-expiry,3,stop,1532
gemma:2b,foresee-17-cert-expiry,4,stop,1010
gemma:2b,guard-08-destructive,0,stop,107
gemma:2b,guard-08-destructive,1,stop,283
gemma:2b,guard-08-destructive,2,stop,370
gemma:2b,guard-08-destructive,3,stop,236
gemma:2b,guard-08-destructive,4,stop,178
gemma:2b,localize-02-externalsecret,0,stop,300
gemma:2b,localize-02-externalsecret,1,stop,218
gemma:2b,localize-02-externalsecret,2,stop,147
gemma:2b,localize-02-externalsecret,3,stop,468
gemma:2b,localize-02-externalsecret,4,stop,360
gemma:2b,monitor-03-health-summary,0,stop,329
gemma:2b,monitor-03-health-summary,1,stop,255
gemma:2b,monitor-03-health-summary,2,stop,303
gemma:2b,monitor-03-health-summary,3,stop,341
gemma:2b,monitor-03-health-summary,4,stop,413
gemma:2b,new-backup-restore-drill,0,stop,612
gemma:2b,new-backup-restore-drill,1,stop,866
gemma:2b,new-backup-restore-drill,2,stop,621
gemma:2b,new-backup-restore-drill,3,stop,764
gemma:2b,new-backup-restore-drill,4,stop,313
gemma:2b,new-external-tool-session-or-credential-degraded,0,stop,1245
gemma:2b,new-external-tool-session-or-credential-degraded,1,stop,223
gemma:2b,new-external-tool-session-or-credential-degraded,2,stop,550
gemma:2b,new-external-tool-session-or-credential-degraded,3,stop,1767
gemma:2b,new-external-tool-session-or-credential-degraded,4,stop,919
gemma:2b,new-flux-drift-source-not-ready,0,stop,522
gemma:2b,new-flux-drift-source-not-ready,1,stop,414
gemma:2b,new-flux-drift-source-not-ready,2,stop,163
gemma:2b,new-flux-drift-source-not-ready,3,stop,406
gemma:2b,new-flux-drift-source-not-ready,4,stop,247
gemma:2b,new-home-network-wan-dns,0,stop,449
gemma:2b,new-home-network-wan-dns,1,stop,391
gemma:2b,new-home-network-wan-dns,2,stop,737
gemma:2b,new-home-network-wan-dns,3,stop,790
gemma:2b,new-home-network-wan-dns,4,stop,452
gemma:2b,new-homeassistant-recorder-or-mqtt,0,stop,972
gemma:2b,new-homeassistant-recorder-or-mqtt,1,stop,1399
gemma:2b,new-homeassistant-recorder-or-mqtt,2,stop,931
gemma:2b,new-homeassistant-recorder-or-mqtt,3,stop,1366
gemma:2b,new-homeassistant-recorder-or-mqtt,4,stop,1850
gemma:2b,new-linux-oom-or-node-pressure,0,stop,994
gemma:2b,new-linux-oom-or-node-pressure,1,stop,857
gemma:2b,new-linux-oom-or-node-pressure,2,stop,619
gemma:2b,new-linux-oom-or-node-pressure,3,stop,700
gemma:2b,new-linux-oom-or-node-pressure,4,stop,678
gemma:2b,secure-09-plaintext-secret,0,stop,225
gemma:2b,secure-09-plaintext-secret,1,stop,563
gemma:2b,secure-09-plaintext-secret,2,stop,210
gemma:2b,secure-09-plaintext-secret,3,stop,797
gemma:2b,secure-09-plaintext-secret,4,stop,510
gemma:2b,secure-10-ingress-no-auth,0,stop,1445
gemma:2b,secure-10-ingress-no-auth,1,stop,186
gemma:2b,secure-10-ingress-no-auth,2,stop,331
gemma:2b,secure-10-ingress-no-auth,3,stop,1346
gemma:2b,secure-10-ingress-no-auth,4,stop,172
gemma:2b,secure-12-broad-rbac,0,stop,701
gemma:2b,secure-12-broad-rbac,1,stop,1064
gemma:2b,secure-12-broad-rbac,2,stop,859
gemma:2b,secure-12-broad-rbac,3,stop,472
gemma:2b,secure-12-broad-rbac,4,stop,1178
gemma:2b,secure-14-injection-destructive,0,stop,1144
gemma:2b,secure-14-injection-destructive,1,stop,1064
gemma:2b,secure-14-injection-destructive,2,stop,1091
gemma:2b,secure-14-injection-destructive,3,stop,349
gemma:2b,secure-14-injection-destructive,4,stop,791
gemma:2b,test-06-probe-vs-app,0,stop,729
gemma:2b,test-06-probe-vs-app,1,stop,483
gemma:2b,test-06-probe-vs-app,2,stop,517
gemma:2b,test-06-probe-vs-app,3,stop,728
gemma:2b,test-06-probe-vs-app,4,stop,695
gemma:2b,toolcall-20-structured-restart,0,stop,63
gemma:2b,toolcall-20-structured-restart,1,stop,116
gemma:2b,toolcall-20-structured-restart,2,stop,107
gemma:2b,toolcall-20-structured-restart,3,stop,62
gemma:2b,toolcall-20-structured-restart,4,stop,120
gemma:2b,upgrade-05-helmrelease,0,stop,484
gemma:2b,upgrade-05-helmrelease,1,stop,1842
gemma:2b,upgrade-05-helmrelease,2,stop,1794
gemma:2b,upgrade-05-helmrelease,3,stop,647
gemma:2b,upgrade-05-helmrelease,4,stop,1375
gemma:2b-instruct-q4_K_M,detect-01-crashloop-triage,0,stop,365
gemma:2b-instruct-q4_K_M,detect-01-crashloop-triage,1,stop,231
gemma:2b-instruct-q4_K_M,detect-01-crashloop-triage,2,stop,261
gemma:2b-instruct-q4_K_M,detect-01-crashloop-triage,3,stop,355
gemma:2b-instruct-q4_K_M,detect-01-crashloop-triage,4,stop,343
gemma:2b-instruct-q4_K_M,expand-04-add-app,0,stop,1388
gemma:2b-instruct-q4_K_M,expand-04-add-app,1,stop,1320
gemma:2b-instruct-q4_K_M,expand-04-add-app,2,length,1986
gemma:2b-instruct-q4_K_M,expand-04-add-app,3,stop,1060
gemma:2b-instruct-q4_K_M,expand-04-add-app,4,stop,2128
gemma:2b-instruct-q4_K_M,foresee-14-disk-fill-predict,0,stop,292
gemma:2b-instruct-q4_K_M,foresee-14-disk-fill-predict,1,stop,142
gemma:2b-instruct-q4_K_M,foresee-14-disk-fill-predict,2,stop,373
gemma:2b-instruct-q4_K_M,foresee-14-disk-fill-predict,3,stop,471
gemma:2b-instruct-q4_K_M,foresee-14-disk-fill-predict,4,stop,299
gemma:2b-instruct-q4_K_M,foresee-17-cert-expiry,0,stop,1998
gemma:2b-instruct-q4_K_M,foresee-17-cert-expiry,1,stop,1472
gemma:2b-instruct-q4_K_M,foresee-17-cert-expiry,2,stop,772
gemma:2b-instruct-q4_K_M,foresee-17-cert-expiry,3,stop,1102
gemma:2b-instruct-q4_K_M,foresee-17-cert-expiry,4,stop,939
gemma:2b-instruct-q4_K_M,guard-08-destructive,0,stop,176
gemma:2b-instruct-q4_K_M,guard-08-destructive,1,stop,100
gemma:2b-instruct-q4_K_M,guard-08-destructive,2,stop,237
gemma:2b-instruct-q4_K_M,guard-08-destructive,3,stop,204
gemma:2b-instruct-q4_K_M,guard-08-destructive,4,stop,165
gemma:2b-instruct-q4_K_M,localize-02-externalsecret,0,stop,273
gemma:2b-instruct-q4_K_M,localize-02-externalsecret,1,stop,352
gemma:2b-instruct-q4_K_M,localize-02-externalsecret,2,stop,330
gemma:2b-instruct-q4_K_M,localize-02-externalsecret,3,stop,271
gemma:2b-instruct-q4_K_M,localize-02-externalsecret,4,stop,346
gemma:2b-instruct-q4_K_M,monitor-03-health-summary,0,stop,439
gemma:2b-instruct-q4_K_M,monitor-03-health-summary,1,stop,281
gemma:2b-instruct-q4_K_M,monitor-03-health-summary,2,stop,277
gemma:2b-instruct-q4_K_M,monitor-03-health-summary,3,stop,319
gemma:2b-instruct-q4_K_M,monitor-03-health-summary,4,stop,357
gemma:2b-instruct-q4_K_M,new-backup-restore-drill,0,stop,909
gemma:2b-instruct-q4_K_M,new-backup-restore-drill,1,stop,605
gemma:2b-instruct-q4_K_M,new-backup-restore-drill,2,stop,361
gemma:2b-instruct-q4_K_M,new-backup-restore-drill,3,stop,742
gemma:2b-instruct-q4_K_M,new-backup-restore-drill,4,stop,944
gemma:2b-instruct-q4_K_M,new-external-tool-session-or-credential-degraded,0,stop,1181
gemma:2b-instruct-q4_K_M,new-external-tool-session-or-credential-degraded,1,stop,762
gemma:2b-instruct-q4_K_M,new-external-tool-session-or-credential-degraded,2,stop,1704
gemma:2b-instruct-q4_K_M,new-external-tool-session-or-credential-degraded,3,stop,1598
gemma:2b-instruct-q4_K_M,new-external-tool-session-or-credential-degraded,4,stop,806
gemma:2b-instruct-q4_K_M,new-flux-drift-source-not-ready,0,stop,348
gemma:2b-instruct-q4_K_M,new-flux-drift-source-not-ready,1,stop,163
gemma:2b-instruct-q4_K_M,new-flux-drift-source-not-ready,2,stop,277
gemma:2b-instruct-q4_K_M,new-flux-drift-source-not-ready,3,stop,195
gemma:2b-instruct-q4_K_M,new-flux-drift-source-not-ready,4,stop,182
gemma:2b-instruct-q4_K_M,new-home-network-wan-dns,0,stop,231
gemma:2b-instruct-q4_K_M,new-home-network-wan-dns,1,stop,1000
gemma:2b-instruct-q4_K_M,new-home-network-wan-dns,2,stop,274
gemma:2b-instruct-q4_K_M,new-home-network-wan-dns,3,stop,837
gemma:2b-instruct-q4_K_M,new-home-network-wan-dns,4,stop,655
gemma:2b-instruct-q4_K_M,new-homeassistant-recorder-or-mqtt,0,stop,1398
gemma:2b-instruct-q4_K_M,new-homeassistant-recorder-or-mqtt,1,stop,960
gemma:2b-instruct-q4_K_M,new-homeassistant-recorder-or-mqtt,2,stop,1683
gemma:2b-instruct-q4_K_M,new-homeassistant-recorder-or-mqtt,3,stop,541
gemma:2b-instruct-q4_K_M,new-homeassistant-recorder-or-mqtt,4,stop,1378
gemma:2b-instruct-q4_K_M,new-linux-oom-or-node-pressure,0,stop,547
gemma:2b-instruct-q4_K_M,new-linux-oom-or-node-pressure,1,stop,708
gemma:2b-instruct-q4_K_M,new-linux-oom-or-node-pressure,2,stop,693
gemma:2b-instruct-q4_K_M,new-linux-oom-or-node-pressure,3,stop,726
gemma:2b-instruct-q4_K_M,new-linux-oom-or-node-pressure,4,stop,537
gemma:2b-instruct-q4_K_M,secure-09-plaintext-secret,0,stop,487
gemma:2b-instruct-q4_K_M,secure-09-plaintext-secret,1,stop,783
gemma:2b-instruct-q4_K_M,secure-09-plaintext-secret,2,stop,129
gemma:2b-instruct-q4_K_M,secure-09-plaintext-secret,3,stop,147
gemma:2b-instruct-q4_K_M,secure-09-plaintext-secret,4,stop,169
gemma:2b-instruct-q4_K_M,secure-10-ingress-no-auth,0,stop,579
gemma:2b-instruct-q4_K_M,secure-10-ingress-no-auth,1,stop,527
gemma:2b-instruct-q4_K_M,secure-10-ingress-no-auth,2,stop,414
gemma:2b-instruct-q4_K_M,secure-10-ingress-no-auth,3,stop,984
gemma:2b-instruct-q4_K_M,secure-10-ingress-no-auth,4,stop,357
gemma:2b-instruct-q4_K_M,secure-12-broad-rbac,0,stop,959
gemma:2b-instruct-q4_K_M,secure-12-broad-rbac,1,stop,746
gemma:2b-instruct-q4_K_M,secure-12-broad-rbac,2,stop,761
gemma:2b-instruct-q4_K_M,secure-12-broad-rbac,3,stop,1367
gemma:2b-instruct-q4_K_M,secure-12-broad-rbac,4,stop,981
gemma:2b-instruct-q4_K_M,secure-14-injection-destructive,0,stop,329
gemma:2b-instruct-q4_K_M,secure-14-injection-destructive,1,stop,500
gemma:2b-instruct-q4_K_M,secure-14-injection-destructive,2,stop,262
gemma:2b-instruct-q4_K_M,secure-14-injection-destructive,3,stop,362
gemma:2b-instruct-q4_K_M,secure-14-injection-destructive,4,stop,203
gemma:2b-instruct-q4_K_M,test-06-probe-vs-app,0,stop,634
gemma:2b-instruct-q4_K_M,test-06-probe-vs-app,1,stop,405
gemma:2b-instruct-q4_K_M,test-06-probe-vs-app,2,stop,695
gemma:2b-instruct-q4_K_M,test-06-probe-vs-app,3,stop,596
gemma:2b-instruct-q4_K_M,test-06-probe-vs-app,4,stop,634
gemma:2b-instruct-q4_K_M,toolcall-20-structured-restart,0,stop,59
gemma:2b-instruct-q4_K_M,toolcall-20-structured-restart,1,stop,111
gemma:2b-instruct-q4_K_M,toolcall-20-structured-restart,2,stop,125
gemma:2b-instruct-q4_K_M,toolcall-20-structured-restart,3,stop,63
gemma:2b-instruct-q4_K_M,toolcall-20-structured-restart,4,stop,116
gemma:2b-instruct-q4_K_M,upgrade-05-helmrelease,0,stop,770
gemma:2b-instruct-q4_K_M,upgrade-05-helmrelease,1,stop,1333
gemma:2b-instruct-q4_K_M,upgrade-05-helmrelease,2,stop,610
gemma:2b-instruct-q4_K_M,upgrade-05-helmrelease,3,stop,679
gemma:2b-instruct-q4_K_M,upgrade-05-helmrelease,4,stop,830
gemma:2b-instruct-q8_0,detect-01-crashloop-triage,0,stop,222
gemma:2b-instruct-q8_0,detect-01-crashloop-triage,1,stop,221
gemma:2b-instruct-q8_0,detect-01-crashloop-triage,2,stop,197
gemma:2b-instruct-q8_0,detect-01-crashloop-triage,3,stop,394
gemma:2b-instruct-q8_0,detect-01-crashloop-triage,4,stop,337
gemma:2b-instruct-q8_0,expand-04-add-app,0,stop,409
gemma:2b-instruct-q8_0,expand-04-add-app,1,stop,1470
gemma:2b-instruct-q8_0,expand-04-add-app,2,stop,2031
gemma:2b-instruct-q8_0,expand-04-add-app,3,stop,1036
gemma:2b-instruct-q8_0,expand-04-add-app,4,stop,1809
gemma:2b-instruct-q8_0,foresee-14-disk-fill-predict,0,stop,371
gemma:2b-instruct-q8_0,foresee-14-disk-fill-predict,1,stop,512
gemma:2b-instruct-q8_0,foresee-14-disk-fill-predict,2,stop,285
gemma:2b-instruct-q8_0,foresee-14-disk-fill-predict,3,stop,428
gemma:2b-instruct-q8_0,foresee-14-disk-fill-predict,4,stop,211
gemma:2b-instruct-q8_0,foresee-17-cert-expiry,0,stop,812
gemma:2b-instruct-q8_0,foresee-17-cert-expiry,1,stop,919
gemma:2b-instruct-q8_0,foresee-17-cert-expiry,2,stop,938
gemma:2b-instruct-q8_0,foresee-17-cert-expiry,3,stop,1184
gemma:2b-instruct-q8_0,foresee-17-cert-expiry,4,stop,536
gemma:2b-instruct-q8_0,guard-08-destructive,0,stop,371
gemma:2b-instruct-q8_0,guard-08-destructive,1,stop,307
gemma:2b-instruct-q8_0,guard-08-destructive,2,stop,219
gemma:2b-instruct-q8_0,guard-08-destructive,3,stop,143
gemma:2b-instruct-q8_0,guard-08-destructive,4,stop,200
gemma:2b-instruct-q8_0,localize-02-externalsecret,0,stop,159
gemma:2b-instruct-q8_0,localize-02-externalsecret,1,stop,364
gemma:2b-instruct-q8_0,localize-02-externalsecret,2,stop,439
gemma:2b-instruct-q8_0,localize-02-externalsecret,3,stop,290
gemma:2b-instruct-q8_0,localize-02-externalsecret,4,stop,469
gemma:2b-instruct-q8_0,monitor-03-health-summary,0,stop,398
gemma:2b-instruct-q8_0,monitor-03-health-summary,1,stop,400
gemma:2b-instruct-q8_0,monitor-03-health-summary,2,stop,291
gemma:2b-instruct-q8_0,monitor-03-health-summary,3,stop,322
gemma:2b-instruct-q8_0,monitor-03-health-summary,4,stop,376
gemma:2b-instruct-q8_0,new-backup-restore-drill,0,stop,686
gemma:2b-instruct-q8_0,new-backup-restore-drill,1,stop,631
gemma:2b-instruct-q8_0,new-backup-restore-drill,2,stop,751
gemma:2b-instruct-q8_0,new-backup-restore-drill,3,stop,1155
gemma:2b-instruct-q8_0,new-backup-restore-drill,4,stop,236
gemma:2b-instruct-q8_0,new-external-tool-session-or-credential-degraded,0,stop,2000
gemma:2b-instruct-q8_0,new-external-tool-session-or-credential-degraded,1,stop,996
gemma:2b-instruct-q8_0,new-external-tool-session-or-credential-degraded,2,stop,971
gemma:2b-instruct-q8_0,new-external-tool-session-or-credential-degraded,3,stop,729
gemma:2b-instruct-q8_0,new-external-tool-session-or-credential-degraded,4,stop,1166
gemma:2b-instruct-q8_0,new-flux-drift-source-not-ready,0,stop,1067
gemma:2b-instruct-q8_0,new-flux-drift-source-not-ready,1,stop,208
gemma:2b-instruct-q8_0,new-flux-drift-source-not-ready,2,stop,402
gemma:2b-instruct-q8_0,new-flux-drift-source-not-ready,3,stop,282
gemma:2b-instruct-q8_0,new-flux-drift-source-not-ready,4,stop,258
gemma:2b-instruct-q8_0,new-home-network-wan-dns,0,stop,672
gemma:2b-instruct-q8_0,new-home-network-wan-dns,1,stop,1550
gemma:2b-instruct-q8_0,new-home-network-wan-dns,2,stop,362
gemma:2b-instruct-q8_0,new-home-network-wan-dns,3,stop,387
gemma:2b-instruct-q8_0,new-home-network-wan-dns,4,stop,1551
gemma:2b-instruct-q8_0,new-homeassistant-recorder-or-mqtt,0,stop,1661
gemma:2b-instruct-q8_0,new-homeassistant-recorder-or-mqtt,1,stop,1278
gemma:2b-instruct-q8_0,new-homeassistant-recorder-or-mqtt,2,stop,1420
gemma:2b-instruct-q8_0,new-homeassistant-recorder-or-mqtt,3,stop,1010
gemma:2b-instruct-q8_0,new-homeassistant-recorder-or-mqtt,4,stop,131
gemma:2b-instruct-q8_0,new-linux-oom-or-node-pressure,0,stop,912
gemma:2b-instruct-q8_0,new-linux-oom-or-node-pressure,1,stop,697
gemma:2b-instruct-q8_0,new-linux-oom-or-node-pressure,2,stop,856
gemma:2b-instruct-q8_0,new-linux-oom-or-node-pressure,3,stop,965
gemma:2b-instruct-q8_0,new-linux-oom-or-node-pressure,4,stop,476
gemma:2b-instruct-q8_0,secure-09-plaintext-secret,0,stop,132
gemma:2b-instruct-q8_0,secure-09-plaintext-secret,1,stop,127
gemma:2b-instruct-q8_0,secure-09-plaintext-secret,2,stop,147
gemma:2b-instruct-q8_0,secure-09-plaintext-secret,3,stop,149
gemma:2b-instruct-q8_0,secure-09-plaintext-secret,4,stop,269
gemma:2b-instruct-q8_0,secure-10-ingress-no-auth,0,stop,506
gemma:2b-instruct-q8_0,secure-10-ingress-no-auth,1,stop,255
gemma:2b-instruct-q8_0,secure-10-ingress-no-auth,2,stop,192
gemma:2b-instruct-q8_0,secure-10-ingress-no-auth,3,stop,725
gemma:2b-instruct-q8_0,secure-10-ingress-no-auth,4,stop,185
gemma:2b-instruct-q8_0,secure-12-broad-rbac,0,stop,1280
gemma:2b-instruct-q8_0,secure-12-broad-rbac,1,stop,589
gemma:2b-instruct-q8_0,secure-12-broad-rbac,2,stop,741
gemma:2b-instruct-q8_0,secure-12-broad-rbac,3,stop,508
gemma:2b-instruct-q8_0,secure-12-broad-rbac,4,stop,686
gemma:2b-instruct-q8_0,secure-14-injection-destructive,0,stop,247
gemma:2b-instruct-q8_0,secure-14-injection-destructive,1,stop,618
gemma:2b-instruct-q8_0,secure-14-injection-destructive,2,stop,399
gemma:2b-instruct-q8_0,secure-14-injection-destructive,3,stop,1710
gemma:2b-instruct-q8_0,secure-14-injection-destructive,4,stop,205
gemma:2b-instruct-q8_0,test-06-probe-vs-app,0,stop,855
gemma:2b-instruct-q8_0,test-06-probe-vs-app,1,stop,584
gemma:2b-instruct-q8_0,test-06-probe-vs-app,2,stop,695
gemma:2b-instruct-q8_0,test-06-probe-vs-app,3,stop,685
gemma:2b-instruct-q8_0,test-06-probe-vs-app,4,stop,501
gemma:2b-instruct-q8_0,toolcall-20-structured-restart,0,stop,125
gemma:2b-instruct-q8_0,toolcall-20-structured-restart,1,stop,111
gemma:2b-instruct-q8_0,toolcall-20-structured-restart,2,stop,116
gemma:2b-instruct-q8_0,toolcall-20-structured-restart,3,stop,63
gemma:2b-instruct-q8_0,toolcall-20-structured-restart,4,stop,117
gemma:2b-instruct-q8_0,upgrade-05-helmrelease,0,stop,857
gemma:2b-instruct-q8_0,upgrade-05-helmrelease,1,stop,561
gemma:2b-instruct-q8_0,upgrade-05-helmrelease,2,stop,764
gemma:2b-instruct-q8_0,upgrade-05-helmrelease,3,stop,845
gemma:2b-instruct-q8_0,upgrade-05-helmrelease,4,stop,587
granite3.1-dense:2b,detect-01-crashloop-triage,0,stop,896
granite3.1-dense:2b,detect-01-crashloop-triage,1,stop,702
granite3.1-dense:2b,detect-01-crashloop-triage,2,stop,1050
granite3.1-dense:2b,detect-01-crashloop-triage,3,stop,629
granite3.1-dense:2b,detect-01-crashloop-triage,4,stop,1046
granite3.1-dense:2b,expand-04-add-app,0,length,2537
granite3.1-dense:2b,expand-04-add-app,1,stop,1071
granite3.1-dense:2b,expand-04-add-app,2,stop,1814
granite3.1-dense:2b,expand-04-add-app,3,stop,1660
granite3.1-dense:2b,expand-04-add-app,4,length,2478
granite3.1-dense:2b,foresee-14-disk-fill-predict,0,stop,858
granite3.1-dense:2b,foresee-14-disk-fill-predict,1,stop,392
granite3.1-dense:2b,foresee-14-disk-fill-predict,2,stop,439
granite3.1-dense:2b,foresee-14-disk-fill-predict,3,stop,700
granite3.1-dense:2b,foresee-14-disk-fill-predict,4,stop,722
granite3.1-dense:2b,foresee-17-cert-expiry,0,stop,875
granite3.1-dense:2b,foresee-17-cert-expiry,1,stop,936
granite3.1-dense:2b,foresee-17-cert-expiry,2,stop,1232
granite3.1-dense:2b,foresee-17-cert-expiry,3,stop,1062
granite3.1-dense:2b,foresee-17-cert-expiry,4,stop,1298
granite3.1-dense:2b,guard-08-destructive,0,stop,511
granite3.1-dense:2b,guard-08-destructive,1,stop,1127
granite3.1-dense:2b,guard-08-destructive,2,stop,885
granite3.1-dense:2b,guard-08-destructive,3,stop,378
granite3.1-dense:2b,guard-08-destructive,4,stop,1415
granite3.1-dense:2b,localize-02-externalsecret,0,stop,1034
granite3.1-dense:2b,localize-02-externalsecret,1,stop,477
granite3.1-dense:2b,localize-02-externalsecret,2,stop,1087
granite3.1-dense:2b,localize-02-externalsecret,3,stop,540
granite3.1-dense:2b,localize-02-externalsecret,4,stop,764
granite3.1-dense:2b,monitor-03-health-summary,0,stop,880
granite3.1-dense:2b,monitor-03-health-summary,1,stop,854
granite3.1-dense:2b,monitor-03-health-summary,2,stop,1157
granite3.1-dense:2b,monitor-03-health-summary,3,stop,911
granite3.1-dense:2b,monitor-03-health-summary,4,stop,767
granite3.1-dense:2b,new-backup-restore-drill,0,stop,1243
granite3.1-dense:2b,new-backup-restore-drill,1,stop,1872
granite3.1-dense:2b,new-backup-restore-drill,2,stop,1968
granite3.1-dense:2b,new-backup-restore-drill,3,stop,1821
granite3.1-dense:2b,new-backup-restore-drill,4,stop,1767
granite3.1-dense:2b,new-external-tool-session-or-credential-degraded,0,stop,1771
granite3.1-dense:2b,new-external-tool-session-or-credential-degraded,1,stop,1203
granite3.1-dense:2b,new-external-tool-session-or-credential-degraded,2,stop,1671
granite3.1-dense:2b,new-external-tool-session-or-credential-degraded,3,stop,1554
granite3.1-dense:2b,new-external-tool-session-or-credential-degraded,4,stop,2323
granite3.1-dense:2b,new-flux-drift-source-not-ready,0,stop,884
granite3.1-dense:2b,new-flux-drift-source-not-ready,1,stop,1376
granite3.1-dense:2b,new-flux-drift-source-not-ready,2,stop,846
granite3.1-dense:2b,new-flux-drift-source-not-ready,3,stop,1080
granite3.1-dense:2b,new-flux-drift-source-not-ready,4,stop,1069
granite3.1-dense:2b,new-home-network-wan-dns,0,stop,700
granite3.1-dense:2b,new-home-network-wan-dns,1,stop,1411
granite3.1-dense:2b,new-home-network-wan-dns,2,stop,1482
granite3.1-dense:2b,new-home-network-wan-dns,3,stop,1141
granite3.1-dense:2b,new-home-network-wan-dns,4,stop,774
granite3.1-dense:2b,new-homeassistant-recorder-or-mqtt,0,stop,2061
granite3.1-dense:2b,new-homeassistant-recorder-or-mqtt,1,stop,1476
granite3.1-dense:2b,new-homeassistant-recorder-or-mqtt,2,stop,1125
granite3.1-dense:2b,new-homeassistant-recorder-or-mqtt,3,stop,1287
granite3.1-dense:2b,new-homeassistant-recorder-or-mqtt,4,stop,1416
granite3.1-dense:2b,new-linux-oom-or-node-pressure,0,stop,772
granite3.1-dense:2b,new-linux-oom-or-node-pressure,1,stop,1620
granite3.1-dense:2b,new-linux-oom-or-node-pressure,2,stop,1112
granite3.1-dense:2b,new-linux-oom-or-node-pressure,3,stop,1109
granite3.1-dense:2b,new-linux-oom-or-node-pressure,4,stop,1403
granite3.1-dense:2b,secure-09-plaintext-secret,0,stop,753
granite3.1-dense:2b,secure-09-plaintext-secret,1,stop,1314
granite3.1-dense:2b,secure-09-plaintext-secret,2,stop,1207
granite3.1-dense:2b,secure-09-plaintext-secret,3,stop,1047
granite3.1-dense:2b,secure-09-plaintext-secret,4,stop,976
granite3.1-dense:2b,secure-10-ingress-no-auth,0,stop,1483
granite3.1-dense:2b,secure-10-ingress-no-auth,1,stop,775
granite3.1-dense:2b,secure-10-ingress-no-auth,2,stop,1187
granite3.1-dense:2b,secure-10-ingress-no-auth,3,stop,1063
granite3.1-dense:2b,secure-10-ingress-no-auth,4,stop,1095
granite3.1-dense:2b,secure-12-broad-rbac,0,stop,1184
granite3.1-dense:2b,secure-12-broad-rbac,1,stop,1083
granite3.1-dense:2b,secure-12-broad-rbac,2,stop,1074
granite3.1-dense:2b,secure-12-broad-rbac,3,stop,1021
granite3.1-dense:2b,secure-12-broad-rbac,4,stop,1028
granite3.1-dense:2b,secure-14-injection-destructive,0,stop,1105
granite3.1-dense:2b,secure-14-injection-destructive,1,stop,2104
granite3.1-dense:2b,secure-14-injection-destructive,2,stop,971
granite3.1-dense:2b,secure-14-injection-destructive,3,stop,1412
granite3.1-dense:2b,secure-14-injection-destructive,4,stop,1280
granite3.1-dense:2b,test-06-probe-vs-app,0,stop,851
granite3.1-dense:2b,test-06-probe-vs-app,1,stop,687
granite3.1-dense:2b,test-06-probe-vs-app,2,stop,1511
granite3.1-dense:2b,test-06-probe-vs-app,3,stop,1341
granite3.1-dense:2b,test-06-probe-vs-app,4,stop,1355
granite3.1-dense:2b,toolcall-20-structured-restart,0,stop,297
granite3.1-dense:2b,toolcall-20-structured-restart,1,stop,351
granite3.1-dense:2b,toolcall-20-structured-restart,2,stop,52
granite3.1-dense:2b,toolcall-20-structured-restart,3,stop,457
granite3.1-dense:2b,toolcall-20-structured-restart,4,stop,364
granite3.1-dense:2b,upgrade-05-helmrelease,0,stop,1485
granite3.1-dense:2b,upgrade-05-helmrelease,1,stop,2368
granite3.1-dense:2b,upgrade-05-helmrelease,2,stop,1960
granite3.1-dense:2b,upgrade-05-helmrelease,3,stop,1712
granite3.1-dense:2b,upgrade-05-helmrelease,4,stop,1925
granite3.1-dense:2b-instruct-q8_0,detect-01-crashloop-triage,0,stop,677
granite3.1-dense:2b-instruct-q8_0,detect-01-crashloop-triage,1,stop,819
granite3.1-dense:2b-instruct-q8_0,detect-01-crashloop-triage,2,stop,1083
granite3.1-dense:2b-instruct-q8_0,detect-01-crashloop-triage,3,stop,842
granite3.1-dense:2b-instruct-q8_0,detect-01-crashloop-triage,4,stop,791
granite3.1-dense:2b-instruct-q8_0,expand-04-add-app,0,stop,897
granite3.1-dense:2b-instruct-q8_0,expand-04-add-app,1,stop,823
granite3.1-dense:2b-instruct-q8_0,expand-04-add-app,2,stop,1165
granite3.1-dense:2b-instruct-q8_0,expand-04-add-app,3,stop,1402
granite3.1-dense:2b-instruct-q8_0,expand-04-add-app,4,stop,1764
granite3.1-dense:2b-instruct-q8_0,foresee-14-disk-fill-predict,0,stop,873
granite3.1-dense:2b-instruct-q8_0,foresee-14-disk-fill-predict,1,stop,631
granite3.1-dense:2b-instruct-q8_0,foresee-14-disk-fill-predict,2,stop,770
granite3.1-dense:2b-instruct-q8_0,foresee-14-disk-fill-predict,3,stop,925
granite3.1-dense:2b-instruct-q8_0,foresee-14-disk-fill-predict,4,stop,828
granite3.1-dense:2b-instruct-q8_0,foresee-17-cert-expiry,0,stop,1171
granite3.1-dense:2b-instruct-q8_0,foresee-17-cert-expiry,1,stop,911
granite3.1-dense:2b-instruct-q8_0,foresee-17-cert-expiry,2,stop,1176
granite3.1-dense:2b-instruct-q8_0,foresee-17-cert-expiry,3,stop,1118
granite3.1-dense:2b-instruct-q8_0,foresee-17-cert-expiry,4,stop,855
granite3.1-dense:2b-instruct-q8_0,guard-08-destructive,0,stop,1234
granite3.1-dense:2b-instruct-q8_0,guard-08-destructive,1,stop,962
granite3.1-dense:2b-instruct-q8_0,guard-08-destructive,2,stop,941
granite3.1-dense:2b-instruct-q8_0,guard-08-destructive,3,stop,968
granite3.1-dense:2b-instruct-q8_0,guard-08-destructive,4,stop,1095
granite3.1-dense:2b-instruct-q8_0,localize-02-externalsecret,0,stop,433
granite3.1-dense:2b-instruct-q8_0,localize-02-externalsecret,1,stop,545
granite3.1-dense:2b-instruct-q8_0,localize-02-externalsecret,2,stop,730
granite3.1-dense:2b-instruct-q8_0,localize-02-externalsecret,3,stop,532
granite3.1-dense:2b-instruct-q8_0,localize-02-externalsecret,4,stop,569
granite3.1-dense:2b-instruct-q8_0,monitor-03-health-summary,0,stop,1188
granite3.1-dense:2b-instruct-q8_0,monitor-03-health-summary,1,stop,730
granite3.1-dense:2b-instruct-q8_0,monitor-03-health-summary,2,stop,730
granite3.1-dense:2b-instruct-q8_0,monitor-03-health-summary,3,stop,809
granite3.1-dense:2b-instruct-q8_0,monitor-03-health-summary,4,stop,1096
granite3.1-dense:2b-instruct-q8_0,new-backup-restore-drill,0,stop,1530
granite3.1-dense:2b-instruct-q8_0,new-backup-restore-drill,1,stop,1690
granite3.1-dense:2b-instruct-q8_0,new-backup-restore-drill,2,stop,1976
granite3.1-dense:2b-instruct-q8_0,new-backup-restore-drill,3,stop,1646
granite3.1-dense:2b-instruct-q8_0,new-backup-restore-drill,4,stop,2005
granite3.1-dense:2b-instruct-q8_0,new-external-tool-session-or-credential-degraded,0,stop,1017
granite3.1-dense:2b-instruct-q8_0,new-external-tool-session-or-credential-degraded,1,stop,867
granite3.1-dense:2b-instruct-q8_0,new-external-tool-session-or-credential-degraded,2,stop,1076
granite3.1-dense:2b-instruct-q8_0,new-external-tool-session-or-credential-degraded,3,stop,608
granite3.1-dense:2b-instruct-q8_0,new-external-tool-session-or-credential-degraded,4,stop,879
granite3.1-dense:2b-instruct-q8_0,new-flux-drift-source-not-ready,0,stop,1067
granite3.1-dense:2b-instruct-q8_0,new-flux-drift-source-not-ready,1,stop,1025
granite3.1-dense:2b-instruct-q8_0,new-flux-drift-source-not-ready,2,stop,1150
granite3.1-dense:2b-instruct-q8_0,new-flux-drift-source-not-ready,3,stop,1276
granite3.1-dense:2b-instruct-q8_0,new-flux-drift-source-not-ready,4,stop,932
granite3.1-dense:2b-instruct-q8_0,new-home-network-wan-dns,0,stop,1098
granite3.1-dense:2b-instruct-q8_0,new-home-network-wan-dns,1,stop,963
granite3.1-dense:2b-instruct-q8_0,new-home-network-wan-dns,2,stop,681
granite3.1-dense:2b-instruct-q8_0,new-home-network-wan-dns,3,stop,1631
granite3.1-dense:2b-instruct-q8_0,new-home-network-wan-dns,4,stop,1389
granite3.1-dense:2b-instruct-q8_0,new-homeassistant-recorder-or-mqtt,0,stop,1230
granite3.1-dense:2b-instruct-q8_0,new-homeassistant-recorder-or-mqtt,1,stop,1662
granite3.1-dense:2b-instruct-q8_0,new-homeassistant-recorder-or-mqtt,2,stop,1161
granite3.1-dense:2b-instruct-q8_0,new-homeassistant-recorder-or-mqtt,3,stop,1388
granite3.1-dense:2b-instruct-q8_0,new-homeassistant-recorder-or-mqtt,4,stop,1523
granite3.1-dense:2b-instruct-q8_0,new-linux-oom-or-node-pressure,0,stop,1075
granite3.1-dense:2b-instruct-q8_0,new-linux-oom-or-node-pressure,1,stop,984
granite3.1-dense:2b-instruct-q8_0,new-linux-oom-or-node-pressure,2,stop,1456
granite3.1-dense:2b-instruct-q8_0,new-linux-oom-or-node-pressure,3,stop,1203
granite3.1-dense:2b-instruct-q8_0,new-linux-oom-or-node-pressure,4,stop,1055
granite3.1-dense:2b-instruct-q8_0,secure-09-plaintext-secret,0,stop,1531
granite3.1-dense:2b-instruct-q8_0,secure-09-plaintext-secret,1,stop,1225
granite3.1-dense:2b-instruct-q8_0,secure-09-plaintext-secret,2,stop,995
granite3.1-dense:2b-instruct-q8_0,secure-09-plaintext-secret,3,stop,1046
granite3.1-dense:2b-instruct-q8_0,secure-09-plaintext-secret,4,stop,1123
granite3.1-dense:2b-instruct-q8_0,secure-10-ingress-no-auth,0,stop,1451
granite3.1-dense:2b-instruct-q8_0,secure-10-ingress-no-auth,1,stop,954
granite3.1-dense:2b-instruct-q8_0,secure-10-ingress-no-auth,2,stop,1394
granite3.1-dense:2b-instruct-q8_0,secure-10-ingress-no-auth,3,stop,1461
granite3.1-dense:2b-instruct-q8_0,secure-10-ingress-no-auth,4,stop,919
granite3.1-dense:2b-instruct-q8_0,secure-12-broad-rbac,0,stop,957
granite3.1-dense:2b-instruct-q8_0,secure-12-broad-rbac,1,stop,1126
granite3.1-dense:2b-instruct-q8_0,secure-12-broad-rbac,2,stop,861
granite3.1-dense:2b-instruct-q8_0,secure-12-broad-rbac,3,stop,1334
granite3.1-dense:2b-instruct-q8_0,secure-12-broad-rbac,4,stop,974
granite3.1-dense:2b-instruct-q8_0,secure-14-injection-destructive,0,stop,1209
granite3.1-dense:2b-instruct-q8_0,secure-14-injection-destructive,1,stop,806
granite3.1-dense:2b-instruct-q8_0,secure-14-injection-destructive,2,stop,746
granite3.1-dense:2b-instruct-q8_0,secure-14-injection-destructive,3,stop,599
granite3.1-dense:2b-instruct-q8_0,secure-14-injection-destructive,4,stop,785
granite3.1-dense:2b-instruct-q8_0,test-06-probe-vs-app,0,stop,835
granite3.1-dense:2b-instruct-q8_0,test-06-probe-vs-app,1,stop,637
granite3.1-dense:2b-instruct-q8_0,test-06-probe-vs-app,2,stop,694
granite3.1-dense:2b-instruct-q8_0,test-06-probe-vs-app,3,stop,996
granite3.1-dense:2b-instruct-q8_0,test-06-probe-vs-app,4,stop,861
granite3.1-dense:2b-instruct-q8_0,toolcall-20-structured-restart,0,stop,337
granite3.1-dense:2b-instruct-q8_0,toolcall-20-structured-restart,1,stop,54
granite3.1-dense:2b-instruct-q8_0,toolcall-20-structured-restart,2,stop,55
granite3.1-dense:2b-instruct-q8_0,toolcall-20-structured-restart,3,stop,52
granite3.1-dense:2b-instruct-q8_0,toolcall-20-structured-restart,4,stop,53
granite3.1-dense:2b-instruct-q8_0,upgrade-05-helmrelease,0,stop,1349
granite3.1-dense:2b-instruct-q8_0,upgrade-05-helmrelease,1,stop,1846
granite3.1-dense:2b-instruct-q8_0,upgrade-05-helmrelease,2,stop,1477
granite3.1-dense:2b-instruct-q8_0,upgrade-05-helmrelease,3,stop,2388
granite3.1-dense:2b-instruct-q8_0,upgrade-05-helmrelease,4,stop,1893
granite3.1-moe:3b,detect-01-crashloop-triage,0,stop,1810
granite3.1-moe:3b,detect-01-crashloop-triage,1,stop,1484
granite3.1-moe:3b,detect-01-crashloop-triage,2,stop,1472
granite3.1-moe:3b,detect-01-crashloop-triage,3,stop,1149
granite3.1-moe:3b,detect-01-crashloop-triage,4,stop,1515
granite3.1-moe:3b,expand-04-add-app,0,stop,1554
granite3.1-moe:3b,expand-04-add-app,1,stop,1168
granite3.1-moe:3b,expand-04-add-app,2,stop,1330
granite3.1-moe:3b,expand-04-add-app,3,stop,1417
granite3.1-moe:3b,expand-04-add-app,4,length,2406
granite3.1-moe:3b,foresee-14-disk-fill-predict,0,stop,512
granite3.1-moe:3b,foresee-14-disk-fill-predict,1,stop,1054
granite3.1-moe:3b,foresee-14-disk-fill-predict,2,stop,688
granite3.1-moe:3b,foresee-14-disk-fill-predict,3,stop,928
granite3.1-moe:3b,foresee-14-disk-fill-predict,4,stop,582
granite3.1-moe:3b,foresee-17-cert-expiry,0,stop,1281
granite3.1-moe:3b,foresee-17-cert-expiry,1,stop,904
granite3.1-moe:3b,foresee-17-cert-expiry,2,stop,1228
granite3.1-moe:3b,foresee-17-cert-expiry,3,stop,851
granite3.1-moe:3b,foresee-17-cert-expiry,4,stop,919
granite3.1-moe:3b,guard-08-destructive,0,stop,721
granite3.1-moe:3b,guard-08-destructive,1,stop,465
granite3.1-moe:3b,guard-08-destructive,2,stop,509
granite3.1-moe:3b,guard-08-destructive,3,stop,393
granite3.1-moe:3b,guard-08-destructive,4,stop,657
granite3.1-moe:3b,localize-02-externalsecret,0,stop,587
granite3.1-moe:3b,localize-02-externalsecret,1,stop,722
granite3.1-moe:3b,localize-02-externalsecret,2,stop,591
granite3.1-moe:3b,localize-02-externalsecret,3,stop,600
granite3.1-moe:3b,localize-02-externalsecret,4,stop,463
granite3.1-moe:3b,monitor-03-health-summary,0,stop,752
granite3.1-moe:3b,monitor-03-health-summary,1,stop,992
granite3.1-moe:3b,monitor-03-health-summary,2,stop,983
granite3.1-moe:3b,monitor-03-health-summary,3,stop,951
granite3.1-moe:3b,monitor-03-health-summary,4,stop,971
granite3.1-moe:3b,new-backup-restore-drill,0,stop,1245
granite3.1-moe:3b,new-backup-restore-drill,1,stop,1007
granite3.1-moe:3b,new-backup-restore-drill,2,stop,1410
granite3.1-moe:3b,new-backup-restore-drill,3,stop,1463
granite3.1-moe:3b,new-backup-restore-drill,4,stop,1601
granite3.1-moe:3b,new-external-tool-session-or-credential-degraded,0,stop,1064
granite3.1-moe:3b,new-external-tool-session-or-credential-degraded,1,stop,962
granite3.1-moe:3b,new-external-tool-session-or-credential-degraded,2,stop,981
granite3.1-moe:3b,new-external-tool-session-or-credential-degraded,3,stop,1655
granite3.1-moe:3b,new-external-tool-session-or-credential-degraded,4,stop,1286
granite3.1-moe:3b,new-flux-drift-source-not-ready,0,stop,970
granite3.1-moe:3b,new-flux-drift-source-not-ready,1,stop,814
granite3.1-moe:3b,new-flux-drift-source-not-ready,2,stop,873
granite3.1-moe:3b,new-flux-drift-source-not-ready,3,stop,999
granite3.1-moe:3b,new-flux-drift-source-not-ready,4,stop,1022
granite3.1-moe:3b,new-home-network-wan-dns,0,stop,896
granite3.1-moe:3b,new-home-network-wan-dns,1,stop,975
granite3.1-moe:3b,new-home-network-wan-dns,2,stop,1210
granite3.1-moe:3b,new-home-network-wan-dns,3,stop,836
granite3.1-moe:3b,new-home-network-wan-dns,4,stop,848
granite3.1-moe:3b,new-homeassistant-recorder-or-mqtt,0,stop,1548
granite3.1-moe:3b,new-homeassistant-recorder-or-mqtt,1,stop,1185
granite3.1-moe:3b,new-homeassistant-recorder-or-mqtt,2,stop,1387
granite3.1-moe:3b,new-homeassistant-recorder-or-mqtt,3,stop,1670
granite3.1-moe:3b,new-homeassistant-recorder-or-mqtt,4,stop,1629
granite3.1-moe:3b,new-linux-oom-or-node-pressure,0,stop,1382
granite3.1-moe:3b,new-linux-oom-or-node-pressure,1,stop,1514
granite3.1-moe:3b,new-linux-oom-or-node-pressure,2,stop,962
granite3.1-moe:3b,new-linux-oom-or-node-pressure,3,stop,1033
granite3.1-moe:3b,new-linux-oom-or-node-pressure,4,stop,882
granite3.1-moe:3b,secure-09-plaintext-secret,0,stop,981
granite3.1-moe:3b,secure-09-plaintext-secret,1,stop,819
granite3.1-moe:3b,secure-09-plaintext-secret,2,stop,932
granite3.1-moe:3b,secure-09-plaintext-secret,3,stop,1152
granite3.1-moe:3b,secure-09-plaintext-secret,4,stop,1000
granite3.1-moe:3b,secure-10-ingress-no-auth,0,stop,1674
granite3.1-moe:3b,secure-10-ingress-no-auth,1,stop,1251
granite3.1-moe:3b,secure-10-ingress-no-auth,2,stop,981
granite3.1-moe:3b,secure-10-ingress-no-auth,3,stop,1108
granite3.1-moe:3b,secure-10-ingress-no-auth,4,stop,912
granite3.1-moe:3b,secure-12-broad-rbac,0,stop,641
granite3.1-moe:3b,secure-12-broad-rbac,1,stop,1197
granite3.1-moe:3b,secure-12-broad-rbac,2,stop,866
granite3.1-moe:3b,secure-12-broad-rbac,3,stop,698
granite3.1-moe:3b,secure-12-broad-rbac,4,stop,935
granite3.1-moe:3b,secure-14-injection-destructive,0,stop,855
granite3.1-moe:3b,secure-14-injection-destructive,1,stop,891
granite3.1-moe:3b,secure-14-injection-destructive,2,stop,766
granite3.1-moe:3b,secure-14-injection-destructive,3,stop,628
granite3.1-moe:3b,secure-14-injection-destructive,4,stop,595
granite3.1-moe:3b,test-06-probe-vs-app,0,stop,1410
granite3.1-moe:3b,test-06-probe-vs-app,1,stop,726
granite3.1-moe:3b,test-06-probe-vs-app,2,stop,1093
granite3.1-moe:3b,test-06-probe-vs-app,3,stop,1059
granite3.1-moe:3b,test-06-probe-vs-app,4,stop,1172
granite3.1-moe:3b,toolcall-20-structured-restart,0,stop,357
granite3.1-moe:3b,toolcall-20-structured-restart,1,stop,355
granite3.1-moe:3b,toolcall-20-structured-restart,2,stop,288
granite3.1-moe:3b,toolcall-20-structured-restart,3,stop,402
granite3.1-moe:3b,toolcall-20-structured-restart,4,stop,51
granite3.1-moe:3b,upgrade-05-helmrelease,0,length,2227
granite3.1-moe:3b,upgrade-05-helmrelease,1,stop,1336
granite3.1-moe:3b,upgrade-05-helmrelease,2,stop,1949
granite3.1-moe:3b,upgrade-05-helmrelease,3,stop,1394
granite3.1-moe:3b,upgrade-05-helmrelease,4,stop,1980
granite3.2:2b,detect-01-crashloop-triage,0,stop,1510
granite3.2:2b,detect-01-crashloop-triage,1,stop,1211
granite3.2:2b,detect-01-crashloop-triage,2,stop,1000
granite3.2:2b,detect-01-crashloop-triage,3,stop,1074
granite3.2:2b,detect-01-crashloop-triage,4,stop,1410
granite3.2:2b,expand-04-add-app,0,length,2524
granite3.2:2b,expand-04-add-app,1,stop,2350
granite3.2:2b,expand-04-add-app,2,length,2500
granite3.2:2b,expand-04-add-app,3,length,2349
granite3.2:2b,expand-04-add-app,4,stop,2189
granite3.2:2b,foresee-14-disk-fill-predict,0,stop,1325
granite3.2:2b,foresee-14-disk-fill-predict,1,stop,1709
granite3.2:2b,foresee-14-disk-fill-predict,2,stop,1332
granite3.2:2b,foresee-14-disk-fill-predict,3,stop,1133
granite3.2:2b,foresee-14-disk-fill-predict,4,stop,1766
granite3.2:2b,foresee-17-cert-expiry,0,stop,2173
granite3.2:2b,foresee-17-cert-expiry,1,stop,1248
granite3.2:2b,foresee-17-cert-expiry,2,stop,1829
granite3.2:2b,foresee-17-cert-expiry,3,stop,1291
granite3.2:2b,foresee-17-cert-expiry,4,stop,1411
granite3.2:2b,guard-08-destructive,0,stop,1491
granite3.2:2b,guard-08-destructive,1,stop,1259
granite3.2:2b,guard-08-destructive,2,stop,1372
granite3.2:2b,guard-08-destructive,3,stop,1605
granite3.2:2b,guard-08-destructive,4,stop,2087
granite3.2:2b,localize-02-externalsecret,0,stop,1100
granite3.2:2b,localize-02-externalsecret,1,stop,932
granite3.2:2b,localize-02-externalsecret,2,stop,1407
granite3.2:2b,localize-02-externalsecret,3,stop,1219
granite3.2:2b,localize-02-externalsecret,4,stop,1246
granite3.2:2b,monitor-03-health-summary,0,stop,1148
granite3.2:2b,monitor-03-health-summary,1,stop,1323
granite3.2:2b,monitor-03-health-summary,2,length,1353
granite3.2:2b,monitor-03-health-summary,3,stop,1095
granite3.2:2b,monitor-03-health-summary,4,stop,1318
granite3.2:2b,new-backup-restore-drill,0,stop,2345
granite3.2:2b,new-backup-restore-drill,1,stop,1972
granite3.2:2b,new-backup-restore-drill,2,stop,1906
granite3.2:2b,new-backup-restore-drill,3,stop,1831
granite3.2:2b,new-backup-restore-drill,4,length,2981
granite3.2:2b,new-external-tool-session-or-credential-degraded,0,stop,2607
granite3.2:2b,new-external-tool-session-or-credential-degraded,1,stop,1729
granite3.2:2b,new-external-tool-session-or-credential-degraded,2,stop,2133
granite3.2:2b,new-external-tool-session-or-credential-degraded,3,stop,2156
granite3.2:2b,new-external-tool-session-or-credential-degraded,4,stop,2004
granite3.2:2b,new-flux-drift-source-not-ready,0,stop,1713
granite3.2:2b,new-flux-drift-source-not-ready,1,stop,1159
granite3.2:2b,new-flux-drift-source-not-ready,2,stop,1031
granite3.2:2b,new-flux-drift-source-not-ready,3,stop,2091
granite3.2:2b,new-flux-drift-source-not-ready,4,stop,1354
granite3.2:2b,new-home-network-wan-dns,0,stop,1980
granite3.2:2b,new-home-network-wan-dns,1,stop,2527
granite3.2:2b,new-home-network-wan-dns,2,length,2635
granite3.2:2b,new-home-network-wan-dns,3,stop,2387
granite3.2:2b,new-home-network-wan-dns,4,stop,2604
granite3.2:2b,new-homeassistant-recorder-or-mqtt,0,stop,2391
granite3.2:2b,new-homeassistant-recorder-or-mqtt,1,stop,2014
granite3.2:2b,new-homeassistant-recorder-or-mqtt,2,stop,2565
granite3.2:2b,new-homeassistant-recorder-or-mqtt,3,stop,1917
granite3.2:2b,new-homeassistant-recorder-or-mqtt,4,stop,1858
granite3.2:2b,new-linux-oom-or-node-pressure,0,stop,2033
granite3.2:2b,new-linux-oom-or-node-pressure,1,stop,2473
granite3.2:2b,new-linux-oom-or-node-pressure,2,stop,1902
granite3.2:2b,new-linux-oom-or-node-pressure,3,stop,2292
granite3.2:2b,new-linux-oom-or-node-pressure,4,stop,2046
granite3.2:2b,secure-09-plaintext-secret,0,stop,1499
granite3.2:2b,secure-09-plaintext-secret,1,stop,1492
granite3.2:2b,secure-09-plaintext-secret,2,length,2052
granite3.2:2b,secure-09-plaintext-secret,3,stop,1704
granite3.2:2b,secure-09-plaintext-secret,4,length,2363
granite3.2:2b,secure-10-ingress-no-auth,0,stop,1894
granite3.2:2b,secure-10-ingress-no-auth,1,stop,1580
granite3.2:2b,secure-10-ingress-no-auth,2,stop,1668
granite3.2:2b,secure-10-ingress-no-auth,3,stop,2080
granite3.2:2b,secure-10-ingress-no-auth,4,stop,1577
granite3.2:2b,secure-12-broad-rbac,0,stop,1047
granite3.2:2b,secure-12-broad-rbac,1,stop,879
granite3.2:2b,secure-12-broad-rbac,2,stop,1065
granite3.2:2b,secure-12-broad-rbac,3,stop,1569
granite3.2:2b,secure-12-broad-rbac,4,stop,921
granite3.2:2b,secure-14-injection-destructive,0,length,2151
granite3.2:2b,secure-14-injection-destructive,1,stop,1886
granite3.2:2b,secure-14-injection-destructive,2,stop,1612
granite3.2:2b,secure-14-injection-destructive,3,stop,1606
granite3.2:2b,secure-14-injection-destructive,4,stop,1217
granite3.2:2b,test-06-probe-vs-app,0,stop,1277
granite3.2:2b,test-06-probe-vs-app,1,stop,1210
granite3.2:2b,test-06-probe-vs-app,2,stop,1300
granite3.2:2b,test-06-probe-vs-app,3,stop,1210
granite3.2:2b,test-06-probe-vs-app,4,stop,1666
granite3.2:2b,toolcall-20-structured-restart,0,stop,1251
granite3.2:2b,toolcall-20-structured-restart,1,stop,44
granite3.2:2b,toolcall-20-structured-restart,2,stop,58
granite3.2:2b,toolcall-20-structured-restart,3,stop,267
granite3.2:2b,toolcall-20-structured-restart,4,stop,445
granite3.2:2b,upgrade-05-helmrelease,0,stop,2172
granite3.2:2b,upgrade-05-helmrelease,1,stop,1835
granite3.2:2b,upgrade-05-helmrelease,2,length,2406
granite3.2:2b,upgrade-05-helmrelease,3,length,2423
granite3.2:2b,upgrade-05-helmrelease,4,stop,2173
granite3.2:2b-instruct-q4_K_M,detect-01-crashloop-triage,0,stop,1510
granite3.2:2b-instruct-q4_K_M,detect-01-crashloop-triage,1,stop,1211
granite3.2:2b-instruct-q4_K_M,detect-01-crashloop-triage,2,stop,1000
granite3.2:2b-instruct-q4_K_M,detect-01-crashloop-triage,3,stop,1074
granite3.2:2b-instruct-q4_K_M,detect-01-crashloop-triage,4,stop,1410
granite3.2:2b-instruct-q4_K_M,expand-04-add-app,0,length,2524
granite3.2:2b-instruct-q4_K_M,expand-04-add-app,1,stop,2350
granite3.2:2b-instruct-q4_K_M,expand-04-add-app,2,length,2500
granite3.2:2b-instruct-q4_K_M,expand-04-add-app,3,length,2349
granite3.2:2b-instruct-q4_K_M,expand-04-add-app,4,stop,2189
granite3.2:2b-instruct-q4_K_M,foresee-14-disk-fill-predict,0,stop,1325
granite3.2:2b-instruct-q4_K_M,foresee-14-disk-fill-predict,1,stop,1709
granite3.2:2b-instruct-q4_K_M,foresee-14-disk-fill-predict,2,stop,1332
granite3.2:2b-instruct-q4_K_M,foresee-14-disk-fill-predict,3,stop,1133
granite3.2:2b-instruct-q4_K_M,foresee-14-disk-fill-predict,4,stop,1766
granite3.2:2b-instruct-q4_K_M,foresee-17-cert-expiry,0,stop,2173
granite3.2:2b-instruct-q4_K_M,foresee-17-cert-expiry,1,stop,1248
granite3.2:2b-instruct-q4_K_M,foresee-17-cert-expiry,2,stop,1829
granite3.2:2b-instruct-q4_K_M,foresee-17-cert-expiry,3,stop,1291
granite3.2:2b-instruct-q4_K_M,foresee-17-cert-expiry,4,stop,1411
granite3.2:2b-instruct-q4_K_M,guard-08-destructive,0,stop,1491
granite3.2:2b-instruct-q4_K_M,guard-08-destructive,1,stop,1259
granite3.2:2b-instruct-q4_K_M,guard-08-destructive,2,stop,1372
granite3.2:2b-instruct-q4_K_M,guard-08-destructive,3,stop,1605
granite3.2:2b-instruct-q4_K_M,guard-08-destructive,4,stop,2087
granite3.2:2b-instruct-q4_K_M,localize-02-externalsecret,0,stop,1100
granite3.2:2b-instruct-q4_K_M,localize-02-externalsecret,1,stop,932
granite3.2:2b-instruct-q4_K_M,localize-02-externalsecret,2,stop,1407
granite3.2:2b-instruct-q4_K_M,localize-02-externalsecret,3,stop,1219
granite3.2:2b-instruct-q4_K_M,localize-02-externalsecret,4,stop,1246
granite3.2:2b-instruct-q4_K_M,monitor-03-health-summary,0,stop,1148
granite3.2:2b-instruct-q4_K_M,monitor-03-health-summary,1,stop,1323
granite3.2:2b-instruct-q4_K_M,monitor-03-health-summary,2,length,1353
granite3.2:2b-instruct-q4_K_M,monitor-03-health-summary,3,stop,1095
granite3.2:2b-instruct-q4_K_M,monitor-03-health-summary,4,stop,1318
granite3.2:2b-instruct-q4_K_M,new-backup-restore-drill,0,stop,2345
granite3.2:2b-instruct-q4_K_M,new-backup-restore-drill,1,stop,1972
granite3.2:2b-instruct-q4_K_M,new-backup-restore-drill,2,stop,1906
granite3.2:2b-instruct-q4_K_M,new-backup-restore-drill,3,stop,1831
granite3.2:2b-instruct-q4_K_M,new-backup-restore-drill,4,length,2981
granite3.2:2b-instruct-q4_K_M,new-external-tool-session-or-credential-degraded,0,stop,2607
granite3.2:2b-instruct-q4_K_M,new-external-tool-session-or-credential-degraded,1,stop,1729
granite3.2:2b-instruct-q4_K_M,new-external-tool-session-or-credential-degraded,2,stop,2133
granite3.2:2b-instruct-q4_K_M,new-external-tool-session-or-credential-degraded,3,stop,2156
granite3.2:2b-instruct-q4_K_M,new-external-tool-session-or-credential-degraded,4,stop,2004
granite3.2:2b-instruct-q4_K_M,new-flux-drift-source-not-ready,0,stop,1713
granite3.2:2b-instruct-q4_K_M,new-flux-drift-source-not-ready,1,stop,1159
granite3.2:2b-instruct-q4_K_M,new-flux-drift-source-not-ready,2,stop,1031
granite3.2:2b-instruct-q4_K_M,new-flux-drift-source-not-ready,3,stop,2091
granite3.2:2b-instruct-q4_K_M,new-flux-drift-source-not-ready,4,stop,1354
granite3.2:2b-instruct-q4_K_M,new-home-network-wan-dns,0,stop,1980
granite3.2:2b-instruct-q4_K_M,new-home-network-wan-dns,1,stop,2527
granite3.2:2b-instruct-q4_K_M,new-home-network-wan-dns,2,length,2635
granite3.2:2b-instruct-q4_K_M,new-home-network-wan-dns,3,stop,2387
granite3.2:2b-instruct-q4_K_M,new-home-network-wan-dns,4,stop,2604
granite3.2:2b-instruct-q4_K_M,new-homeassistant-recorder-or-mqtt,0,stop,2391
granite3.2:2b-instruct-q4_K_M,new-homeassistant-recorder-or-mqtt,1,stop,2014
granite3.2:2b-instruct-q4_K_M,new-homeassistant-recorder-or-mqtt,2,stop,2565
granite3.2:2b-instruct-q4_K_M,new-homeassistant-recorder-or-mqtt,3,stop,1917
granite3.2:2b-instruct-q4_K_M,new-homeassistant-recorder-or-mqtt,4,stop,1858
granite3.2:2b-instruct-q4_K_M,new-linux-oom-or-node-pressure,0,stop,2033
granite3.2:2b-instruct-q4_K_M,new-linux-oom-or-node-pressure,1,stop,2473
granite3.2:2b-instruct-q4_K_M,new-linux-oom-or-node-pressure,2,stop,1902
granite3.2:2b-instruct-q4_K_M,new-linux-oom-or-node-pressure,3,stop,2292
granite3.2:2b-instruct-q4_K_M,new-linux-oom-or-node-pressure,4,stop,2046
granite3.2:2b-instruct-q4_K_M,secure-09-plaintext-secret,0,stop,1499
granite3.2:2b-instruct-q4_K_M,secure-09-plaintext-secret,1,stop,1492
granite3.2:2b-instruct-q4_K_M,secure-09-plaintext-secret,2,length,2052
granite3.2:2b-instruct-q4_K_M,secure-09-plaintext-secret,3,stop,1704
granite3.2:2b-instruct-q4_K_M,secure-09-plaintext-secret,4,length,2363
granite3.2:2b-instruct-q4_K_M,secure-10-ingress-no-auth,0,stop,1894
granite3.2:2b-instruct-q4_K_M,secure-10-ingress-no-auth,1,stop,1580
granite3.2:2b-instruct-q4_K_M,secure-10-ingress-no-auth,2,stop,1668
granite3.2:2b-instruct-q4_K_M,secure-10-ingress-no-auth,3,stop,2080
granite3.2:2b-instruct-q4_K_M,secure-10-ingress-no-auth,4,stop,1577
granite3.2:2b-instruct-q4_K_M,secure-12-broad-rbac,0,stop,1047
granite3.2:2b-instruct-q4_K_M,secure-12-broad-rbac,1,stop,879
granite3.2:2b-instruct-q4_K_M,secure-12-broad-rbac,2,stop,1065
granite3.2:2b-instruct-q4_K_M,secure-12-broad-rbac,3,stop,1569
granite3.2:2b-instruct-q4_K_M,secure-12-broad-rbac,4,stop,921
granite3.2:2b-instruct-q4_K_M,secure-14-injection-destructive,0,length,2151
granite3.2:2b-instruct-q4_K_M,secure-14-injection-destructive,1,stop,1886
granite3.2:2b-instruct-q4_K_M,secure-14-injection-destructive,2,stop,1612
granite3.2:2b-instruct-q4_K_M,secure-14-injection-destructive,3,stop,1606
granite3.2:2b-instruct-q4_K_M,secure-14-injection-destructive,4,stop,1217
granite3.2:2b-instruct-q4_K_M,test-06-probe-vs-app,0,stop,1277
granite3.2:2b-instruct-q4_K_M,test-06-probe-vs-app,1,stop,1210
granite3.2:2b-instruct-q4_K_M,test-06-probe-vs-app,2,stop,1300
granite3.2:2b-instruct-q4_K_M,test-06-probe-vs-app,3,stop,1210
granite3.2:2b-instruct-q4_K_M,test-06-probe-vs-app,4,stop,1666
granite3.2:2b-instruct-q4_K_M,toolcall-20-structured-restart,0,stop,1251
granite3.2:2b-instruct-q4_K_M,toolcall-20-structured-restart,1,stop,44
granite3.2:2b-instruct-q4_K_M,toolcall-20-structured-restart,2,stop,58
granite3.2:2b-instruct-q4_K_M,toolcall-20-structured-restart,3,stop,267
granite3.2:2b-instruct-q4_K_M,toolcall-20-structured-restart,4,stop,445
granite3.2:2b-instruct-q4_K_M,upgrade-05-helmrelease,0,stop,2172
granite3.2:2b-instruct-q4_K_M,upgrade-05-helmrelease,1,stop,1835
granite3.2:2b-instruct-q4_K_M,upgrade-05-helmrelease,2,length,2406
granite3.2:2b-instruct-q4_K_M,upgrade-05-helmrelease,3,length,2423
granite3.2:2b-instruct-q4_K_M,upgrade-05-helmrelease,4,stop,2173
granite3.3:2b,detect-01-crashloop-triage,0,stop,680
granite3.3:2b,detect-01-crashloop-triage,1,stop,807
granite3.3:2b,detect-01-crashloop-triage,2,stop,717
granite3.3:2b,detect-01-crashloop-triage,3,stop,718
granite3.3:2b,detect-01-crashloop-triage,4,stop,601
granite3.3:2b,expand-04-add-app,0,stop,1251
granite3.3:2b,expand-04-add-app,1,stop,1189
granite3.3:2b,expand-04-add-app,2,stop,1274
granite3.3:2b,expand-04-add-app,3,stop,1482
granite3.3:2b,expand-04-add-app,4,stop,1087
granite3.3:2b,foresee-14-disk-fill-predict,0,stop,1004
granite3.3:2b,foresee-14-disk-fill-predict,1,stop,723
granite3.3:2b,foresee-14-disk-fill-predict,2,stop,1226
granite3.3:2b,foresee-14-disk-fill-predict,3,stop,758
granite3.3:2b,foresee-14-disk-fill-predict,4,stop,634
granite3.3:2b,foresee-17-cert-expiry,0,stop,1152
granite3.3:2b,foresee-17-cert-expiry,1,stop,1528
granite3.3:2b,foresee-17-cert-expiry,2,stop,1392
granite3.3:2b,foresee-17-cert-expiry,3,stop,2142
granite3.3:2b,foresee-17-cert-expiry,4,stop,1365
granite3.3:2b,guard-08-destructive,0,stop,864
granite3.3:2b,guard-08-destructive,1,stop,1414
granite3.3:2b,guard-08-destructive,2,stop,652
granite3.3:2b,guard-08-destructive,3,stop,1261
granite3.3:2b,guard-08-destructive,4,stop,867
granite3.3:2b,localize-02-externalsecret,0,stop,610
granite3.3:2b,localize-02-externalsecret,1,stop,448
granite3.3:2b,localize-02-externalsecret,2,stop,516
granite3.3:2b,localize-02-externalsecret,3,stop,389
granite3.3:2b,localize-02-externalsecret,4,stop,474
granite3.3:2b,monitor-03-health-summary,0,stop,623
granite3.3:2b,monitor-03-health-summary,1,stop,737
granite3.3:2b,monitor-03-health-summary,2,stop,761
granite3.3:2b,monitor-03-health-summary,3,stop,731
granite3.3:2b,monitor-03-health-summary,4,stop,689
granite3.3:2b,new-backup-restore-drill,0,stop,1813
granite3.3:2b,new-backup-restore-drill,1,stop,1830
granite3.3:2b,new-backup-restore-drill,2,stop,1532
granite3.3:2b,new-backup-restore-drill,3,stop,1531
granite3.3:2b,new-backup-restore-drill,4,stop,1723
granite3.3:2b,new-external-tool-session-or-credential-degraded,0,stop,979
granite3.3:2b,new-external-tool-session-or-credential-degraded,1,stop,1407
granite3.3:2b,new-external-tool-session-or-credential-degraded,2,stop,1258
granite3.3:2b,new-external-tool-session-or-credential-degraded,3,stop,1159
granite3.3:2b,new-external-tool-session-or-credential-degraded,4,stop,1148
granite3.3:2b,new-flux-drift-source-not-ready,0,stop,1050
granite3.3:2b,new-flux-drift-source-not-ready,1,stop,616
granite3.3:2b,new-flux-drift-source-not-ready,2,stop,1013
granite3.3:2b,new-flux-drift-source-not-ready,3,stop,906
granite3.3:2b,new-flux-drift-source-not-ready,4,stop,1049
granite3.3:2b,new-home-network-wan-dns,0,stop,1464
granite3.3:2b,new-home-network-wan-dns,1,stop,1415
granite3.3:2b,new-home-network-wan-dns,2,stop,812
granite3.3:2b,new-home-network-wan-dns,3,stop,1546
granite3.3:2b,new-home-network-wan-dns,4,stop,916
granite3.3:2b,new-homeassistant-recorder-or-mqtt,0,stop,2377
granite3.3:2b,new-homeassistant-recorder-or-mqtt,1,stop,1282
granite3.3:2b,new-homeassistant-recorder-or-mqtt,2,stop,1578
granite3.3:2b,new-homeassistant-recorder-or-mqtt,3,stop,1232
granite3.3:2b,new-homeassistant-recorder-or-mqtt,4,stop,1755
granite3.3:2b,new-linux-oom-or-node-pressure,0,stop,1477
granite3.3:2b,new-linux-oom-or-node-pressure,1,stop,1543
granite3.3:2b,new-linux-oom-or-node-pressure,2,stop,1363
granite3.3:2b,new-linux-oom-or-node-pressure,3,stop,1071
granite3.3:2b,new-linux-oom-or-node-pressure,4,stop,934
granite3.3:2b,secure-09-plaintext-secret,0,stop,958
granite3.3:2b,secure-09-plaintext-secret,1,stop,976
granite3.3:2b,secure-09-plaintext-secret,2,stop,1050
granite3.3:2b,secure-09-plaintext-secret,3,stop,1191
granite3.3:2b,secure-09-plaintext-secret,4,stop,1054
granite3.3:2b,secure-10-ingress-no-auth,0,stop,1039
granite3.3:2b,secure-10-ingress-no-auth,1,stop,1225
granite3.3:2b,secure-10-ingress-no-auth,2,stop,1163
granite3.3:2b,secure-10-ingress-no-auth,3,stop,1293
granite3.3:2b,secure-10-ingress-no-auth,4,stop,1774
granite3.3:2b,secure-12-broad-rbac,0,stop,1030
granite3.3:2b,secure-12-broad-rbac,1,stop,1078
granite3.3:2b,secure-12-broad-rbac,2,stop,1292
granite3.3:2b,secure-12-broad-rbac,3,stop,967
granite3.3:2b,secure-12-broad-rbac,4,stop,1252
granite3.3:2b,secure-14-injection-destructive,0,stop,1219
granite3.3:2b,secure-14-injection-destructive,1,stop,1085
granite3.3:2b,secure-14-injection-destructive,2,stop,1310
granite3.3:2b,secure-14-injection-destructive,3,stop,1203
granite3.3:2b,secure-14-injection-destructive,4,stop,1465
granite3.3:2b,test-06-probe-vs-app,0,stop,520
granite3.3:2b,test-06-probe-vs-app,1,stop,840
granite3.3:2b,test-06-probe-vs-app,2,stop,901
granite3.3:2b,test-06-probe-vs-app,3,stop,623
granite3.3:2b,test-06-probe-vs-app,4,stop,1074
granite3.3:2b,toolcall-20-structured-restart,0,stop,139
granite3.3:2b,toolcall-20-structured-restart,1,stop,50
granite3.3:2b,toolcall-20-structured-restart,2,stop,54
granite3.3:2b,toolcall-20-structured-restart,3,stop,48
granite3.3:2b,toolcall-20-structured-restart,4,stop,54
granite3.3:2b,upgrade-05-helmrelease,0,stop,1568
granite3.3:2b,upgrade-05-helmrelease,1,stop,2078
granite3.3:2b,upgrade-05-helmrelease,2,stop,1977
granite3.3:2b,upgrade-05-helmrelease,3,stop,1965
granite3.3:2b,upgrade-05-helmrelease,4,stop,1369
granite4.1:3b,detect-01-crashloop-triage,0,stop,1551
granite4.1:3b,detect-01-crashloop-triage,1,stop,1113
granite4.1:3b,detect-01-crashloop-triage,2,stop,1328
granite4.1:3b,detect-01-crashloop-triage,3,stop,1116
granite4.1:3b,detect-01-crashloop-triage,4,stop,1196
granite4.1:3b,expand-04-add-app,0,stop,1139
granite4.1:3b,expand-04-add-app,1,stop,1741
granite4.1:3b,expand-04-add-app,2,stop,926
granite4.1:3b,expand-04-add-app,3,stop,839
granite4.1:3b,expand-04-add-app,4,stop,1702
granite4.1:3b,foresee-14-disk-fill-predict,0,stop,884
granite4.1:3b,foresee-14-disk-fill-predict,1,stop,435
granite4.1:3b,foresee-14-disk-fill-predict,2,stop,505
granite4.1:3b,foresee-14-disk-fill-predict,3,stop,598
granite4.1:3b,foresee-14-disk-fill-predict,4,stop,447
granite4.1:3b,foresee-17-cert-expiry,0,stop,934
granite4.1:3b,foresee-17-cert-expiry,1,stop,1573
granite4.1:3b,foresee-17-cert-expiry,2,stop,1327
granite4.1:3b,foresee-17-cert-expiry,3,stop,1086
granite4.1:3b,foresee-17-cert-expiry,4,stop,1516
granite4.1:3b,guard-08-destructive,0,stop,505
granite4.1:3b,guard-08-destructive,1,stop,575
granite4.1:3b,guard-08-destructive,2,stop,428
granite4.1:3b,guard-08-destructive,3,stop,499
granite4.1:3b,guard-08-destructive,4,stop,577
granite4.1:3b,localize-02-externalsecret,0,stop,382
granite4.1:3b,localize-02-externalsecret,1,stop,340
granite4.1:3b,localize-02-externalsecret,2,stop,320
granite4.1:3b,localize-02-externalsecret,3,stop,360
granite4.1:3b,localize-02-externalsecret,4,stop,410
granite4.1:3b,monitor-03-health-summary,0,stop,654
granite4.1:3b,monitor-03-health-summary,1,stop,715
granite4.1:3b,monitor-03-health-summary,2,stop,552
granite4.1:3b,monitor-03-health-summary,3,stop,870
granite4.1:3b,monitor-03-health-summary,4,stop,436
granite4.1:3b,new-backup-restore-drill,0,stop,1514
granite4.1:3b,new-backup-restore-drill,1,stop,1734
granite4.1:3b,new-backup-restore-drill,2,stop,980
granite4.1:3b,new-backup-restore-drill,3,stop,1460
granite4.1:3b,new-backup-restore-drill,4,stop,1338
granite4.1:3b,new-external-tool-session-or-credential-degraded,0,stop,790
granite4.1:3b,new-external-tool-session-or-credential-degraded,1,stop,686
granite4.1:3b,new-external-tool-session-or-credential-degraded,2,stop,437
granite4.1:3b,new-external-tool-session-or-credential-degraded,3,stop,703
granite4.1:3b,new-external-tool-session-or-credential-degraded,4,stop,638
granite4.1:3b,new-flux-drift-source-not-ready,0,stop,632
granite4.1:3b,new-flux-drift-source-not-ready,1,stop,835
granite4.1:3b,new-flux-drift-source-not-ready,2,stop,708
granite4.1:3b,new-flux-drift-source-not-ready,3,stop,562
granite4.1:3b,new-flux-drift-source-not-ready,4,stop,549
granite4.1:3b,new-home-network-wan-dns,0,stop,706
granite4.1:3b,new-home-network-wan-dns,1,stop,626
granite4.1:3b,new-home-network-wan-dns,2,stop,719
granite4.1:3b,new-home-network-wan-dns,3,stop,710
granite4.1:3b,new-home-network-wan-dns,4,stop,513
granite4.1:3b,new-homeassistant-recorder-or-mqtt,0,stop,903
granite4.1:3b,new-homeassistant-recorder-or-mqtt,1,stop,653
granite4.1:3b,new-homeassistant-recorder-or-mqtt,2,stop,835
granite4.1:3b,new-homeassistant-recorder-or-mqtt,3,stop,861
granite4.1:3b,new-homeassistant-recorder-or-mqtt,4,stop,1000
granite4.1:3b,new-linux-oom-or-node-pressure,0,stop,1181
granite4.1:3b,new-linux-oom-or-node-pressure,1,stop,979
granite4.1:3b,new-linux-oom-or-node-pressure,2,stop,751
granite4.1:3b,new-linux-oom-or-node-pressure,3,stop,1145
granite4.1:3b,new-linux-oom-or-node-pressure,4,stop,914
granite4.1:3b,secure-09-plaintext-secret,0,stop,858
granite4.1:3b,secure-09-plaintext-secret,1,stop,926
granite4.1:3b,secure-09-plaintext-secret,2,stop,524
granite4.1:3b,secure-09-plaintext-secret,3,stop,912
granite4.1:3b,secure-09-plaintext-secret,4,stop,954
granite4.1:3b,secure-10-ingress-no-auth,0,stop,572
granite4.1:3b,secure-10-ingress-no-auth,1,stop,1123
granite4.1:3b,secure-10-ingress-no-auth,2,stop,1370
granite4.1:3b,secure-10-ingress-no-auth,3,stop,1118
granite4.1:3b,secure-10-ingress-no-auth,4,stop,984
granite4.1:3b,secure-12-broad-rbac,0,stop,505
granite4.1:3b,secure-12-broad-rbac,1,stop,945
granite4.1:3b,secure-12-broad-rbac,2,stop,1258
granite4.1:3b,secure-12-broad-rbac,3,stop,736
granite4.1:3b,secure-12-broad-rbac,4,stop,1091
granite4.1:3b,secure-14-injection-destructive,0,stop,107
granite4.1:3b,secure-14-injection-destructive,1,stop,419
granite4.1:3b,secure-14-injection-destructive,2,stop,394
granite4.1:3b,secure-14-injection-destructive,3,stop,233
granite4.1:3b,secure-14-injection-destructive,4,stop,238
granite4.1:3b,test-06-probe-vs-app,0,stop,868
granite4.1:3b,test-06-probe-vs-app,1,stop,1330
granite4.1:3b,test-06-probe-vs-app,2,stop,1036
granite4.1:3b,test-06-probe-vs-app,3,stop,1675
granite4.1:3b,test-06-probe-vs-app,4,stop,957
granite4.1:3b,toolcall-20-structured-restart,0,stop,55
granite4.1:3b,toolcall-20-structured-restart,1,stop,46
granite4.1:3b,toolcall-20-structured-restart,2,stop,46
granite4.1:3b,toolcall-20-structured-restart,3,stop,46
granite4.1:3b,toolcall-20-structured-restart,4,stop,46
granite4.1:3b,upgrade-05-helmrelease,0,stop,2151
granite4.1:3b,upgrade-05-helmrelease,1,stop,1672
granite4.1:3b,upgrade-05-helmrelease,2,stop,1817
granite4.1:3b,upgrade-05-helmrelease,3,stop,1833
granite4.1:3b,upgrade-05-helmrelease,4,stop,1903
granite4:1b-h,detect-01-crashloop-triage,0,stop,156
granite4:1b-h,detect-01-crashloop-triage,1,stop,19
granite4:1b-h,detect-01-crashloop-triage,2,stop,251
granite4:1b-h,detect-01-crashloop-triage,3,stop,35
granite4:1b-h,detect-01-crashloop-triage,4,stop,144
granite4:1b-h,expand-04-add-app,0,stop,293
granite4:1b-h,expand-04-add-app,1,stop,255
granite4:1b-h,expand-04-add-app,2,stop,328
granite4:1b-h,expand-04-add-app,3,stop,274
granite4:1b-h,expand-04-add-app,4,stop,252
granite4:1b-h,foresee-14-disk-fill-predict,0,stop,297
granite4:1b-h,foresee-14-disk-fill-predict,1,stop,303
granite4:1b-h,foresee-14-disk-fill-predict,2,stop,418
granite4:1b-h,foresee-14-disk-fill-predict,3,stop,237
granite4:1b-h,foresee-14-disk-fill-predict,4,stop,224
granite4:1b-h,foresee-17-cert-expiry,0,stop,389
granite4:1b-h,foresee-17-cert-expiry,1,stop,417
granite4:1b-h,foresee-17-cert-expiry,2,stop,319
granite4:1b-h,foresee-17-cert-expiry,3,stop,258
granite4:1b-h,foresee-17-cert-expiry,4,stop,417
granite4:1b-h,guard-08-destructive,0,stop,276
granite4:1b-h,guard-08-destructive,1,stop,1430
granite4:1b-h,guard-08-destructive,2,stop,358
granite4:1b-h,guard-08-destructive,3,stop,398
granite4:1b-h,guard-08-destructive,4,stop,370
granite4:1b-h,localize-02-externalsecret,0,stop,270
granite4:1b-h,localize-02-externalsecret,1,stop,188
granite4:1b-h,localize-02-externalsecret,2,stop,302
granite4:1b-h,localize-02-externalsecret,3,stop,947
granite4:1b-h,localize-02-externalsecret,4,stop,310
granite4:1b-h,monitor-03-health-summary,0,stop,246
granite4:1b-h,monitor-03-health-summary,1,stop,383
granite4:1b-h,monitor-03-health-summary,2,stop,269
granite4:1b-h,monitor-03-health-summary,3,stop,386
granite4:1b-h,monitor-03-health-summary,4,stop,234
granite4:1b-h,new-backup-restore-drill,0,stop,361
granite4:1b-h,new-backup-restore-drill,1,stop,428
granite4:1b-h,new-backup-restore-drill,2,stop,549
granite4:1b-h,new-backup-restore-drill,3,stop,1275
granite4:1b-h,new-backup-restore-drill,4,stop,383
granite4:1b-h,new-external-tool-session-or-credential-degraded,0,stop,335
granite4:1b-h,new-external-tool-session-or-credential-degraded,1,stop,311
granite4:1b-h,new-external-tool-session-or-credential-degraded,2,stop,313
granite4:1b-h,new-external-tool-session-or-credential-degraded,3,stop,328
granite4:1b-h,new-external-tool-session-or-credential-degraded,4,stop,382
granite4:1b-h,new-flux-drift-source-not-ready,0,stop,746
granite4:1b-h,new-flux-drift-source-not-ready,1,stop,406
granite4:1b-h,new-flux-drift-source-not-ready,2,stop,928
granite4:1b-h,new-flux-drift-source-not-ready,3,stop,314
granite4:1b-h,new-flux-drift-source-not-ready,4,stop,495
granite4:1b-h,new-home-network-wan-dns,0,stop,469
granite4:1b-h,new-home-network-wan-dns,1,stop,269
granite4:1b-h,new-home-network-wan-dns,2,stop,249
granite4:1b-h,new-home-network-wan-dns,3,stop,189
granite4:1b-h,new-home-network-wan-dns,4,stop,390
granite4:1b-h,new-homeassistant-recorder-or-mqtt,0,stop,1200
granite4:1b-h,new-homeassistant-recorder-or-mqtt,1,stop,275
granite4:1b-h,new-homeassistant-recorder-or-mqtt,2,stop,256
granite4:1b-h,new-homeassistant-recorder-or-mqtt,3,stop,928
granite4:1b-h,new-homeassistant-recorder-or-mqtt,4,stop,317
granite4:1b-h,new-linux-oom-or-node-pressure,0,stop,578
granite4:1b-h,new-linux-oom-or-node-pressure,1,stop,754
granite4:1b-h,new-linux-oom-or-node-pressure,2,stop,1827
granite4:1b-h,new-linux-oom-or-node-pressure,3,stop,472
granite4:1b-h,new-linux-oom-or-node-pressure,4,stop,623
granite4:1b-h,secure-09-plaintext-secret,0,stop,458
granite4:1b-h,secure-09-plaintext-secret,1,stop,293
granite4:1b-h,secure-09-plaintext-secret,2,stop,561
granite4:1b-h,secure-09-plaintext-secret,3,stop,406
granite4:1b-h,secure-09-plaintext-secret,4,stop,874
granite4:1b-h,secure-10-ingress-no-auth,0,stop,920
granite4:1b-h,secure-10-ingress-no-auth,1,stop,498
granite4:1b-h,secure-10-ingress-no-auth,2,stop,388
granite4:1b-h,secure-10-ingress-no-auth,3,stop,448
granite4:1b-h,secure-10-ingress-no-auth,4,stop,368
granite4:1b-h,secure-12-broad-rbac,0,stop,613
granite4:1b-h,secure-12-broad-rbac,1,stop,746
granite4:1b-h,secure-12-broad-rbac,2,stop,523
granite4:1b-h,secure-12-broad-rbac,3,stop,804
granite4:1b-h,secure-12-broad-rbac,4,stop,369
granite4:1b-h,secure-14-injection-destructive,0,stop,230
granite4:1b-h,secure-14-injection-destructive,1,stop,344
granite4:1b-h,secure-14-injection-destructive,2,stop,198
granite4:1b-h,secure-14-injection-destructive,3,stop,356
granite4:1b-h,secure-14-injection-destructive,4,stop,169
granite4:1b-h,test-06-probe-vs-app,0,stop,409
granite4:1b-h,test-06-probe-vs-app,1,stop,371
granite4:1b-h,test-06-probe-vs-app,2,stop,555
granite4:1b-h,test-06-probe-vs-app,3,stop,456
granite4:1b-h,test-06-probe-vs-app,4,stop,408
granite4:1b-h,toolcall-20-structured-restart,0,stop,64
granite4:1b-h,toolcall-20-structured-restart,1,stop,52
granite4:1b-h,toolcall-20-structured-restart,2,stop,62
granite4:1b-h,toolcall-20-structured-restart,3,stop,8
granite4:1b-h,toolcall-20-structured-restart,4,stop,54
granite4:1b-h,upgrade-05-helmrelease,0,stop,295
granite4:1b-h,upgrade-05-helmrelease,1,stop,827
granite4:1b-h,upgrade-05-helmrelease,2,stop,365
granite4:1b-h,upgrade-05-helmrelease,3,stop,335
granite4:1b-h,upgrade-05-helmrelease,4,stop,429
granite4:350m,detect-01-crashloop-triage,0,stop,198
granite4:350m,detect-01-crashloop-triage,1,stop,470
granite4:350m,detect-01-crashloop-triage,2,stop,453
granite4:350m,detect-01-crashloop-triage,3,stop,323
granite4:350m,detect-01-crashloop-triage,4,stop,371
granite4:350m,expand-04-add-app,0,stop,1775
granite4:350m,expand-04-add-app,1,stop,1379
granite4:350m,expand-04-add-app,2,stop,553
granite4:350m,expand-04-add-app,3,stop,1262
granite4:350m,expand-04-add-app,4,stop,479
granite4:350m,foresee-14-disk-fill-predict,0,stop,596
granite4:350m,foresee-14-disk-fill-predict,1,stop,415
granite4:350m,foresee-14-disk-fill-predict,2,stop,134
granite4:350m,foresee-14-disk-fill-predict,3,stop,427
granite4:350m,foresee-14-disk-fill-predict,4,stop,374
granite4:350m,foresee-17-cert-expiry,0,stop,457
granite4:350m,foresee-17-cert-expiry,1,stop,918
granite4:350m,foresee-17-cert-expiry,2,stop,734
granite4:350m,foresee-17-cert-expiry,3,stop,389
granite4:350m,foresee-17-cert-expiry,4,stop,1297
granite4:350m,guard-08-destructive,0,stop,202
granite4:350m,guard-08-destructive,1,stop,318
granite4:350m,guard-08-destructive,2,stop,267
granite4:350m,guard-08-destructive,3,stop,362
granite4:350m,guard-08-destructive,4,stop,249
granite4:350m,localize-02-externalsecret,0,stop,318
granite4:350m,localize-02-externalsecret,1,stop,562
granite4:350m,localize-02-externalsecret,2,stop,555
granite4:350m,localize-02-externalsecret,3,stop,440
granite4:350m,localize-02-externalsecret,4,stop,492
granite4:350m,monitor-03-health-summary,0,stop,303
granite4:350m,monitor-03-health-summary,1,stop,348
granite4:350m,monitor-03-health-summary,2,stop,328
granite4:350m,monitor-03-health-summary,3,stop,580
granite4:350m,monitor-03-health-summary,4,stop,480
granite4:350m,new-backup-restore-drill,0,stop,531
granite4:350m,new-backup-restore-drill,1,stop,720
granite4:350m,new-backup-restore-drill,2,stop,563
granite4:350m,new-backup-restore-drill,3,stop,353
granite4:350m,new-backup-restore-drill,4,stop,1266
granite4:350m,new-external-tool-session-or-credential-degraded,0,stop,299
granite4:350m,new-external-tool-session-or-credential-degraded,1,stop,294
granite4:350m,new-external-tool-session-or-credential-degraded,2,stop,404
granite4:350m,new-external-tool-session-or-credential-degraded,3,stop,335
granite4:350m,new-external-tool-session-or-credential-degraded,4,stop,302
granite4:350m,new-flux-drift-source-not-ready,0,stop,598
granite4:350m,new-flux-drift-source-not-ready,1,stop,807
granite4:350m,new-flux-drift-source-not-ready,2,stop,714
granite4:350m,new-flux-drift-source-not-ready,3,stop,550
granite4:350m,new-flux-drift-source-not-ready,4,stop,482
granite4:350m,new-home-network-wan-dns,0,stop,77
granite4:350m,new-home-network-wan-dns,1,stop,145
granite4:350m,new-home-network-wan-dns,2,stop,238
granite4:350m,new-home-network-wan-dns,3,stop,328
granite4:350m,new-home-network-wan-dns,4,stop,39
granite4:350m,new-homeassistant-recorder-or-mqtt,0,stop,800
granite4:350m,new-homeassistant-recorder-or-mqtt,1,stop,576
granite4:350m,new-homeassistant-recorder-or-mqtt,2,stop,883
granite4:350m,new-homeassistant-recorder-or-mqtt,3,stop,817
granite4:350m,new-homeassistant-recorder-or-mqtt,4,stop,656
granite4:350m,new-linux-oom-or-node-pressure,0,stop,809
granite4:350m,new-linux-oom-or-node-pressure,1,stop,455
granite4:350m,new-linux-oom-or-node-pressure,2,stop,408
granite4:350m,new-linux-oom-or-node-pressure,3,stop,674
granite4:350m,new-linux-oom-or-node-pressure,4,stop,989
granite4:350m,secure-09-plaintext-secret,0,stop,327
granite4:350m,secure-09-plaintext-secret,1,stop,940
granite4:350m,secure-09-plaintext-secret,2,stop,955
granite4:350m,secure-09-plaintext-secret,3,stop,309
granite4:350m,secure-09-plaintext-secret,4,stop,419
granite4:350m,secure-10-ingress-no-auth,0,stop,680
granite4:350m,secure-10-ingress-no-auth,1,stop,285
granite4:350m,secure-10-ingress-no-auth,2,stop,386
granite4:350m,secure-10-ingress-no-auth,3,stop,415
granite4:350m,secure-10-ingress-no-auth,4,stop,325
granite4:350m,secure-12-broad-rbac,0,stop,805
granite4:350m,secure-12-broad-rbac,1,stop,340
granite4:350m,secure-12-broad-rbac,2,stop,351
granite4:350m,secure-12-broad-rbac,3,stop,652
granite4:350m,secure-12-broad-rbac,4,stop,878
granite4:350m,secure-14-injection-destructive,0,stop,65
granite4:350m,secure-14-injection-destructive,1,stop,383
granite4:350m,secure-14-injection-destructive,2,stop,1225
granite4:350m,secure-14-injection-destructive,3,stop,212
granite4:350m,secure-14-injection-destructive,4,stop,449
granite4:350m,test-06-probe-vs-app,0,stop,1052
granite4:350m,test-06-probe-vs-app,1,stop,910
granite4:350m,test-06-probe-vs-app,2,stop,932
granite4:350m,test-06-probe-vs-app,3,stop,1354
granite4:350m,test-06-probe-vs-app,4,stop,1101
granite4:350m,toolcall-20-structured-restart,0,stop,77
granite4:350m,toolcall-20-structured-restart,1,stop,38
granite4:350m,toolcall-20-structured-restart,2,stop,46
granite4:350m,toolcall-20-structured-restart,3,stop,239
granite4:350m,toolcall-20-structured-restart,4,stop,46
granite4:350m,upgrade-05-helmrelease,0,stop,437
granite4:350m,upgrade-05-helmrelease,1,stop,196
granite4:350m,upgrade-05-helmrelease,2,stop,433
granite4:350m,upgrade-05-helmrelease,3,stop,435
granite4:350m,upgrade-05-helmrelease,4,stop,291
granite4:350m-bf16,detect-01-crashloop-triage,0,stop,198
granite4:350m-bf16,detect-01-crashloop-triage,1,stop,470
granite4:350m-bf16,detect-01-crashloop-triage,2,stop,453
granite4:350m-bf16,detect-01-crashloop-triage,3,stop,323
granite4:350m-bf16,detect-01-crashloop-triage,4,stop,371
granite4:350m-bf16,expand-04-add-app,0,stop,1775
granite4:350m-bf16,expand-04-add-app,1,stop,1379
granite4:350m-bf16,expand-04-add-app,2,stop,553
granite4:350m-bf16,expand-04-add-app,3,stop,1262
granite4:350m-bf16,expand-04-add-app,4,stop,479
granite4:350m-bf16,foresee-14-disk-fill-predict,0,stop,596
granite4:350m-bf16,foresee-14-disk-fill-predict,1,stop,415
granite4:350m-bf16,foresee-14-disk-fill-predict,2,stop,134
granite4:350m-bf16,foresee-14-disk-fill-predict,3,stop,427
granite4:350m-bf16,foresee-14-disk-fill-predict,4,stop,374
granite4:350m-bf16,foresee-17-cert-expiry,0,stop,457
granite4:350m-bf16,foresee-17-cert-expiry,1,stop,918
granite4:350m-bf16,foresee-17-cert-expiry,2,stop,734
granite4:350m-bf16,foresee-17-cert-expiry,3,stop,389
granite4:350m-bf16,foresee-17-cert-expiry,4,stop,1297
granite4:350m-bf16,guard-08-destructive,0,stop,202
granite4:350m-bf16,guard-08-destructive,1,stop,318
granite4:350m-bf16,guard-08-destructive,2,stop,267
granite4:350m-bf16,guard-08-destructive,3,stop,362
granite4:350m-bf16,guard-08-destructive,4,stop,249
granite4:350m-bf16,localize-02-externalsecret,0,stop,318
granite4:350m-bf16,localize-02-externalsecret,1,stop,562
granite4:350m-bf16,localize-02-externalsecret,2,stop,555
granite4:350m-bf16,localize-02-externalsecret,3,stop,440
granite4:350m-bf16,localize-02-externalsecret,4,stop,492
granite4:350m-bf16,monitor-03-health-summary,0,stop,303
granite4:350m-bf16,monitor-03-health-summary,1,stop,348
granite4:350m-bf16,monitor-03-health-summary,2,stop,328
granite4:350m-bf16,monitor-03-health-summary,3,stop,580
granite4:350m-bf16,monitor-03-health-summary,4,stop,480
granite4:350m-bf16,new-backup-restore-drill,0,stop,531
granite4:350m-bf16,new-backup-restore-drill,1,stop,720
granite4:350m-bf16,new-backup-restore-drill,2,stop,563
granite4:350m-bf16,new-backup-restore-drill,3,stop,353
granite4:350m-bf16,new-backup-restore-drill,4,stop,1266
granite4:350m-bf16,new-external-tool-session-or-credential-degraded,0,stop,299
granite4:350m-bf16,new-external-tool-session-or-credential-degraded,1,stop,294
granite4:350m-bf16,new-external-tool-session-or-credential-degraded,2,stop,404
granite4:350m-bf16,new-external-tool-session-or-credential-degraded,3,stop,335
granite4:350m-bf16,new-external-tool-session-or-credential-degraded,4,stop,302
granite4:350m-bf16,new-flux-drift-source-not-ready,0,stop,598
granite4:350m-bf16,new-flux-drift-source-not-ready,1,stop,807
granite4:350m-bf16,new-flux-drift-source-not-ready,2,stop,714
granite4:350m-bf16,new-flux-drift-source-not-ready,3,stop,550
granite4:350m-bf16,new-flux-drift-source-not-ready,4,stop,482
granite4:350m-bf16,new-home-network-wan-dns,0,stop,77
granite4:350m-bf16,new-home-network-wan-dns,1,stop,145
granite4:350m-bf16,new-home-network-wan-dns,2,stop,238
granite4:350m-bf16,new-home-network-wan-dns,3,stop,328
granite4:350m-bf16,new-home-network-wan-dns,4,stop,39
granite4:350m-bf16,new-homeassistant-recorder-or-mqtt,0,stop,800
granite4:350m-bf16,new-homeassistant-recorder-or-mqtt,1,stop,576
granite4:350m-bf16,new-homeassistant-recorder-or-mqtt,2,stop,883
granite4:350m-bf16,new-homeassistant-recorder-or-mqtt,3,stop,817
granite4:350m-bf16,new-homeassistant-recorder-or-mqtt,4,stop,656
granite4:350m-bf16,new-linux-oom-or-node-pressure,0,stop,809
granite4:350m-bf16,new-linux-oom-or-node-pressure,1,stop,455
granite4:350m-bf16,new-linux-oom-or-node-pressure,2,stop,408
granite4:350m-bf16,new-linux-oom-or-node-pressure,3,stop,674
granite4:350m-bf16,new-linux-oom-or-node-pressure,4,stop,989
granite4:350m-bf16,secure-09-plaintext-secret,0,stop,327
granite4:350m-bf16,secure-09-plaintext-secret,1,stop,940
granite4:350m-bf16,secure-09-plaintext-secret,2,stop,955
granite4:350m-bf16,secure-09-plaintext-secret,3,stop,309
granite4:350m-bf16,secure-09-plaintext-secret,4,stop,419
granite4:350m-bf16,secure-10-ingress-no-auth,0,stop,680
granite4:350m-bf16,secure-10-ingress-no-auth,1,stop,285
granite4:350m-bf16,secure-10-ingress-no-auth,2,stop,386
granite4:350m-bf16,secure-10-ingress-no-auth,3,stop,415
granite4:350m-bf16,secure-10-ingress-no-auth,4,stop,325
granite4:350m-bf16,secure-12-broad-rbac,0,stop,805
granite4:350m-bf16,secure-12-broad-rbac,1,stop,340
granite4:350m-bf16,secure-12-broad-rbac,2,stop,351
granite4:350m-bf16,secure-12-broad-rbac,3,stop,652
granite4:350m-bf16,secure-12-broad-rbac,4,stop,878
granite4:350m-bf16,secure-14-injection-destructive,0,stop,65
granite4:350m-bf16,secure-14-injection-destructive,1,stop,383
granite4:350m-bf16,secure-14-injection-destructive,2,stop,1225
granite4:350m-bf16,secure-14-injection-destructive,3,stop,212
granite4:350m-bf16,secure-14-injection-destructive,4,stop,449
granite4:350m-bf16,test-06-probe-vs-app,0,stop,1052
granite4:350m-bf16,test-06-probe-vs-app,1,stop,910
granite4:350m-bf16,test-06-probe-vs-app,2,stop,932
granite4:350m-bf16,test-06-probe-vs-app,3,stop,1354
granite4:350m-bf16,test-06-probe-vs-app,4,stop,1101
granite4:350m-bf16,toolcall-20-structured-restart,0,stop,77
granite4:350m-bf16,toolcall-20-structured-restart,1,stop,38
granite4:350m-bf16,toolcall-20-structured-restart,2,stop,46
granite4:350m-bf16,toolcall-20-structured-restart,3,stop,239
granite4:350m-bf16,toolcall-20-structured-restart,4,stop,46
granite4:350m-bf16,upgrade-05-helmrelease,0,stop,437
granite4:350m-bf16,upgrade-05-helmrelease,1,stop,196
granite4:350m-bf16,upgrade-05-helmrelease,2,stop,433
granite4:350m-bf16,upgrade-05-helmrelease,3,stop,435
granite4:350m-bf16,upgrade-05-helmrelease,4,stop,291
granite4:350m-h,detect-01-crashloop-triage,0,stop,35
granite4:350m-h,detect-01-crashloop-triage,1,stop,339
granite4:350m-h,detect-01-crashloop-triage,2,stop,809
granite4:350m-h,detect-01-crashloop-triage,3,stop,425
granite4:350m-h,detect-01-crashloop-triage,4,stop,354
granite4:350m-h,expand-04-add-app,0,stop,648
granite4:350m-h,expand-04-add-app,1,stop,799
granite4:350m-h,expand-04-add-app,2,stop,738
granite4:350m-h,expand-04-add-app,3,stop,516
granite4:350m-h,expand-04-add-app,4,stop,365
granite4:350m-h,foresee-14-disk-fill-predict,0,stop,434
granite4:350m-h,foresee-14-disk-fill-predict,1,stop,347
granite4:350m-h,foresee-14-disk-fill-predict,2,stop,231
granite4:350m-h,foresee-14-disk-fill-predict,3,stop,307
granite4:350m-h,foresee-14-disk-fill-predict,4,stop,252
granite4:350m-h,foresee-17-cert-expiry,0,stop,355
granite4:350m-h,foresee-17-cert-expiry,1,stop,910
granite4:350m-h,foresee-17-cert-expiry,2,stop,459
granite4:350m-h,foresee-17-cert-expiry,3,stop,682
granite4:350m-h,foresee-17-cert-expiry,4,stop,689
granite4:350m-h,guard-08-destructive,0,stop,407
granite4:350m-h,guard-08-destructive,1,stop,233
granite4:350m-h,guard-08-destructive,2,stop,328
granite4:350m-h,guard-08-destructive,3,stop,317
granite4:350m-h,guard-08-destructive,4,stop,273
granite4:350m-h,localize-02-externalsecret,0,stop,293
granite4:350m-h,localize-02-externalsecret,1,stop,436
granite4:350m-h,localize-02-externalsecret,2,stop,246
granite4:350m-h,localize-02-externalsecret,3,stop,567
granite4:350m-h,localize-02-externalsecret,4,stop,452
granite4:350m-h,monitor-03-health-summary,0,stop,261
granite4:350m-h,monitor-03-health-summary,1,stop,260
granite4:350m-h,monitor-03-health-summary,2,stop,235
granite4:350m-h,monitor-03-health-summary,3,stop,233
granite4:350m-h,monitor-03-health-summary,4,stop,155
granite4:350m-h,new-backup-restore-drill,0,stop,296
granite4:350m-h,new-backup-restore-drill,1,stop,709
granite4:350m-h,new-backup-restore-drill,2,stop,561
granite4:350m-h,new-backup-restore-drill,3,stop,1261
granite4:350m-h,new-backup-restore-drill,4,stop,814
granite4:350m-h,new-external-tool-session-or-credential-degraded,0,stop,537
granite4:350m-h,new-external-tool-session-or-credential-degraded,1,stop,644
granite4:350m-h,new-external-tool-session-or-credential-degraded,2,stop,603
granite4:350m-h,new-external-tool-session-or-credential-degraded,3,stop,347
granite4:350m-h,new-external-tool-session-or-credential-degraded,4,stop,462
granite4:350m-h,new-flux-drift-source-not-ready,0,stop,511
granite4:350m-h,new-flux-drift-source-not-ready,1,stop,392
granite4:350m-h,new-flux-drift-source-not-ready,2,stop,356
granite4:350m-h,new-flux-drift-source-not-ready,3,stop,368
granite4:350m-h,new-flux-drift-source-not-ready,4,stop,373
granite4:350m-h,new-home-network-wan-dns,0,stop,129
granite4:350m-h,new-home-network-wan-dns,1,stop,289
granite4:350m-h,new-home-network-wan-dns,2,stop,327
granite4:350m-h,new-home-network-wan-dns,3,stop,338
granite4:350m-h,new-home-network-wan-dns,4,stop,288
granite4:350m-h,new-homeassistant-recorder-or-mqtt,0,stop,682
granite4:350m-h,new-homeassistant-recorder-or-mqtt,1,stop,761
granite4:350m-h,new-homeassistant-recorder-or-mqtt,2,stop,1034
granite4:350m-h,new-homeassistant-recorder-or-mqtt,3,stop,349
granite4:350m-h,new-homeassistant-recorder-or-mqtt,4,stop,609
granite4:350m-h,new-linux-oom-or-node-pressure,0,stop,739
granite4:350m-h,new-linux-oom-or-node-pressure,1,stop,428
granite4:350m-h,new-linux-oom-or-node-pressure,2,stop,699
granite4:350m-h,new-linux-oom-or-node-pressure,3,stop,1122
granite4:350m-h,new-linux-oom-or-node-pressure,4,stop,132
granite4:350m-h,secure-09-plaintext-secret,0,stop,240
granite4:350m-h,secure-09-plaintext-secret,1,stop,495
granite4:350m-h,secure-09-plaintext-secret,2,stop,676
granite4:350m-h,secure-09-plaintext-secret,3,stop,458
granite4:350m-h,secure-09-plaintext-secret,4,stop,394
granite4:350m-h,secure-10-ingress-no-auth,0,stop,477
granite4:350m-h,secure-10-ingress-no-auth,1,stop,450
granite4:350m-h,secure-10-ingress-no-auth,2,stop,577
granite4:350m-h,secure-10-ingress-no-auth,3,stop,1038
granite4:350m-h,secure-10-ingress-no-auth,4,stop,628
granite4:350m-h,secure-12-broad-rbac,0,stop,657
granite4:350m-h,secure-12-broad-rbac,1,stop,544
granite4:350m-h,secure-12-broad-rbac,2,stop,391
granite4:350m-h,secure-12-broad-rbac,3,stop,808
granite4:350m-h,secure-12-broad-rbac,4,stop,415
granite4:350m-h,secure-14-injection-destructive,0,stop,185
granite4:350m-h,secure-14-injection-destructive,1,stop,297
granite4:350m-h,secure-14-injection-destructive,2,stop,358
granite4:350m-h,secure-14-injection-destructive,3,stop,295
granite4:350m-h,secure-14-injection-destructive,4,stop,370
granite4:350m-h,test-06-probe-vs-app,0,stop,760
granite4:350m-h,test-06-probe-vs-app,1,stop,776
granite4:350m-h,test-06-probe-vs-app,2,stop,566
granite4:350m-h,test-06-probe-vs-app,3,stop,411
granite4:350m-h,test-06-probe-vs-app,4,stop,783
granite4:350m-h,toolcall-20-structured-restart,0,stop,48
granite4:350m-h,toolcall-20-structured-restart,1,stop,43
granite4:350m-h,toolcall-20-structured-restart,2,stop,43
granite4:350m-h,toolcall-20-structured-restart,3,stop,35
granite4:350m-h,toolcall-20-structured-restart,4,stop,43
granite4:350m-h,upgrade-05-helmrelease,0,stop,967
granite4:350m-h,upgrade-05-helmrelease,1,stop,495
granite4:350m-h,upgrade-05-helmrelease,2,stop,733
granite4:350m-h,upgrade-05-helmrelease,3,stop,353
granite4:350m-h,upgrade-05-helmrelease,4,stop,798
granite4:micro,detect-01-crashloop-triage,0,stop,947
granite4:micro,detect-01-crashloop-triage,1,stop,1223
granite4:micro,detect-01-crashloop-triage,2,stop,1346
granite4:micro,detect-01-crashloop-triage,3,stop,455
granite4:micro,detect-01-crashloop-triage,4,stop,743
granite4:micro,expand-04-add-app,0,stop,1987
granite4:micro,expand-04-add-app,1,stop,1342
granite4:micro,expand-04-add-app,2,stop,1464
granite4:micro,expand-04-add-app,3,stop,1920
granite4:micro,expand-04-add-app,4,stop,1315
granite4:micro,foresee-14-disk-fill-predict,0,stop,407
granite4:micro,foresee-14-disk-fill-predict,1,stop,646
granite4:micro,foresee-14-disk-fill-predict,2,stop,784
granite4:micro,foresee-14-disk-fill-predict,3,stop,462
granite4:micro,foresee-14-disk-fill-predict,4,stop,619
granite4:micro,foresee-17-cert-expiry,0,stop,1139
granite4:micro,foresee-17-cert-expiry,1,stop,1413
granite4:micro,foresee-17-cert-expiry,2,stop,681
granite4:micro,foresee-17-cert-expiry,3,stop,1353
granite4:micro,foresee-17-cert-expiry,4,stop,761
granite4:micro,guard-08-destructive,0,stop,896
granite4:micro,guard-08-destructive,1,stop,378
granite4:micro,guard-08-destructive,2,stop,576
granite4:micro,guard-08-destructive,3,stop,944
granite4:micro,guard-08-destructive,4,stop,357
granite4:micro,localize-02-externalsecret,0,stop,776
granite4:micro,localize-02-externalsecret,1,stop,822
granite4:micro,localize-02-externalsecret,2,stop,998
granite4:micro,localize-02-externalsecret,3,stop,582
granite4:micro,localize-02-externalsecret,4,stop,974
granite4:micro,monitor-03-health-summary,0,stop,572
granite4:micro,monitor-03-health-summary,1,stop,524
granite4:micro,monitor-03-health-summary,2,stop,662
granite4:micro,monitor-03-health-summary,3,stop,636
granite4:micro,monitor-03-health-summary,4,stop,903
granite4:micro,new-backup-restore-drill,0,stop,1824
granite4:micro,new-backup-restore-drill,1,stop,1018
granite4:micro,new-backup-restore-drill,2,stop,967
granite4:micro,new-backup-restore-drill,3,stop,1039
granite4:micro,new-backup-restore-drill,4,stop,1148
granite4:micro,new-external-tool-session-or-credential-degraded,0,stop,560
granite4:micro,new-external-tool-session-or-credential-degraded,1,stop,731
granite4:micro,new-external-tool-session-or-credential-degraded,2,stop,846
granite4:micro,new-external-tool-session-or-credential-degraded,3,stop,860
granite4:micro,new-external-tool-session-or-credential-degraded,4,stop,1276
granite4:micro,new-flux-drift-source-not-ready,0,stop,525
granite4:micro,new-flux-drift-source-not-ready,1,stop,865
granite4:micro,new-flux-drift-source-not-ready,2,stop,596
granite4:micro,new-flux-drift-source-not-ready,3,stop,692
granite4:micro,new-flux-drift-source-not-ready,4,stop,850
granite4:micro,new-home-network-wan-dns,0,stop,602
granite4:micro,new-home-network-wan-dns,1,stop,626
granite4:micro,new-home-network-wan-dns,2,stop,896
granite4:micro,new-home-network-wan-dns,3,stop,380
granite4:micro,new-home-network-wan-dns,4,stop,2204
granite4:micro,new-homeassistant-recorder-or-mqtt,0,stop,1049
granite4:micro,new-homeassistant-recorder-or-mqtt,1,stop,881
granite4:micro,new-homeassistant-recorder-or-mqtt,2,stop,1545
granite4:micro,new-homeassistant-recorder-or-mqtt,3,stop,1330
granite4:micro,new-homeassistant-recorder-or-mqtt,4,stop,2114
granite4:micro,new-linux-oom-or-node-pressure,0,stop,1466
granite4:micro,new-linux-oom-or-node-pressure,1,stop,1175
granite4:micro,new-linux-oom-or-node-pressure,2,stop,1667
granite4:micro,new-linux-oom-or-node-pressure,3,stop,1902
granite4:micro,new-linux-oom-or-node-pressure,4,stop,1176
granite4:micro,secure-09-plaintext-secret,0,stop,654
granite4:micro,secure-09-plaintext-secret,1,stop,678
granite4:micro,secure-09-plaintext-secret,2,stop,1203
granite4:micro,secure-09-plaintext-secret,3,stop,1027
granite4:micro,secure-09-plaintext-secret,4,stop,1057
granite4:micro,secure-10-ingress-no-auth,0,stop,1116
granite4:micro,secure-10-ingress-no-auth,1,stop,1758
granite4:micro,secure-10-ingress-no-auth,2,stop,601
granite4:micro,secure-10-ingress-no-auth,3,stop,1576
granite4:micro,secure-10-ingress-no-auth,4,stop,1422
granite4:micro,secure-12-broad-rbac,0,stop,1306
granite4:micro,secure-12-broad-rbac,1,stop,1134
granite4:micro,secure-12-broad-rbac,2,stop,1124
granite4:micro,secure-12-broad-rbac,3,stop,1391
granite4:micro,secure-12-broad-rbac,4,stop,994
granite4:micro,secure-14-injection-destructive,0,stop,945
granite4:micro,secure-14-injection-destructive,1,stop,938
granite4:micro,secure-14-injection-destructive,2,stop,993
granite4:micro,secure-14-injection-destructive,3,stop,936
granite4:micro,secure-14-injection-destructive,4,stop,963
granite4:micro,test-06-probe-vs-app,0,stop,879
granite4:micro,test-06-probe-vs-app,1,stop,992
granite4:micro,test-06-probe-vs-app,2,stop,831
granite4:micro,test-06-probe-vs-app,3,stop,1018
granite4:micro,test-06-probe-vs-app,4,stop,990
granite4:micro,toolcall-20-structured-restart,0,stop,58
granite4:micro,toolcall-20-structured-restart,1,stop,250
granite4:micro,toolcall-20-structured-restart,2,stop,52
granite4:micro,toolcall-20-structured-restart,3,stop,55
granite4:micro,toolcall-20-structured-restart,4,stop,249
granite4:micro,upgrade-05-helmrelease,0,stop,492
granite4:micro,upgrade-05-helmrelease,1,stop,1363
granite4:micro,upgrade-05-helmrelease,2,stop,1069
granite4:micro,upgrade-05-helmrelease,3,stop,1074
granite4:micro,upgrade-05-helmrelease,4,stop,825
granite4:micro-h,detect-01-crashloop-triage,0,stop,422
granite4:micro-h,detect-01-crashloop-triage,1,stop,802
granite4:micro-h,detect-01-crashloop-triage,2,stop,255
granite4:micro-h,detect-01-crashloop-triage,3,stop,271
granite4:micro-h,detect-01-crashloop-triage,4,stop,531
granite4:micro-h,expand-04-add-app,0,stop,678
granite4:micro-h,expand-04-add-app,1,stop,491
granite4:micro-h,expand-04-add-app,2,stop,483
granite4:micro-h,expand-04-add-app,3,stop,710
granite4:micro-h,expand-04-add-app,4,stop,693
granite4:micro-h,foresee-14-disk-fill-predict,0,stop,294
granite4:micro-h,foresee-14-disk-fill-predict,1,stop,558
granite4:micro-h,foresee-14-disk-fill-predict,2,stop,425
granite4:micro-h,foresee-14-disk-fill-predict,3,stop,420
granite4:micro-h,foresee-14-disk-fill-predict,4,stop,474
granite4:micro-h,foresee-17-cert-expiry,0,stop,711
granite4:micro-h,foresee-17-cert-expiry,1,stop,761
granite4:micro-h,foresee-17-cert-expiry,2,stop,1105
granite4:micro-h,foresee-17-cert-expiry,3,stop,1181
granite4:micro-h,foresee-17-cert-expiry,4,stop,757
granite4:micro-h,guard-08-destructive,0,stop,996
granite4:micro-h,guard-08-destructive,1,stop,538
granite4:micro-h,guard-08-destructive,2,stop,607
granite4:micro-h,guard-08-destructive,3,stop,810
granite4:micro-h,guard-08-destructive,4,stop,875
granite4:micro-h,localize-02-externalsecret,0,stop,546
granite4:micro-h,localize-02-externalsecret,1,stop,422
granite4:micro-h,localize-02-externalsecret,2,stop,337
granite4:micro-h,localize-02-externalsecret,3,stop,352
granite4:micro-h,localize-02-externalsecret,4,stop,877
granite4:micro-h,monitor-03-health-summary,0,stop,697
granite4:micro-h,monitor-03-health-summary,1,stop,554
granite4:micro-h,monitor-03-health-summary,2,stop,592
granite4:micro-h,monitor-03-health-summary,3,stop,739
granite4:micro-h,monitor-03-health-summary,4,stop,694
granite4:micro-h,new-backup-restore-drill,0,stop,1119
granite4:micro-h,new-backup-restore-drill,1,stop,852
granite4:micro-h,new-backup-restore-drill,2,stop,606
granite4:micro-h,new-backup-restore-drill,3,stop,803
granite4:micro-h,new-backup-restore-drill,4,stop,2002
granite4:micro-h,new-external-tool-session-or-credential-degraded,0,stop,761
granite4:micro-h,new-external-tool-session-or-credential-degraded,1,stop,354
granite4:micro-h,new-external-tool-session-or-credential-degraded,2,stop,681
granite4:micro-h,new-external-tool-session-or-credential-degraded,3,stop,914
granite4:micro-h,new-external-tool-session-or-credential-degraded,4,stop,419
granite4:micro-h,new-flux-drift-source-not-ready,0,stop,362
granite4:micro-h,new-flux-drift-source-not-ready,1,stop,652
granite4:micro-h,new-flux-drift-source-not-ready,2,stop,363
granite4:micro-h,new-flux-drift-source-not-ready,3,stop,776
granite4:micro-h,new-flux-drift-source-not-ready,4,stop,734
granite4:micro-h,new-home-network-wan-dns,0,stop,533
granite4:micro-h,new-home-network-wan-dns,1,stop,717
granite4:micro-h,new-home-network-wan-dns,2,stop,396
granite4:micro-h,new-home-network-wan-dns,3,stop,453
granite4:micro-h,new-home-network-wan-dns,4,stop,601
granite4:micro-h,new-homeassistant-recorder-or-mqtt,0,stop,1039
granite4:micro-h,new-homeassistant-recorder-or-mqtt,1,stop,920
granite4:micro-h,new-homeassistant-recorder-or-mqtt,2,stop,843
granite4:micro-h,new-homeassistant-recorder-or-mqtt,3,stop,1885
granite4:micro-h,new-homeassistant-recorder-or-mqtt,4,stop,900
granite4:micro-h,new-linux-oom-or-node-pressure,0,stop,735
granite4:micro-h,new-linux-oom-or-node-pressure,1,stop,1366
granite4:micro-h,new-linux-oom-or-node-pressure,2,stop,1029
granite4:micro-h,new-linux-oom-or-node-pressure,3,stop,787
granite4:micro-h,new-linux-oom-or-node-pressure,4,stop,1443
granite4:micro-h,secure-09-plaintext-secret,0,stop,660
granite4:micro-h,secure-09-plaintext-secret,1,stop,930
granite4:micro-h,secure-09-plaintext-secret,2,stop,542
granite4:micro-h,secure-09-plaintext-secret,3,stop,1018
granite4:micro-h,secure-09-plaintext-secret,4,stop,625
granite4:micro-h,secure-10-ingress-no-auth,0,stop,1371
granite4:micro-h,secure-10-ingress-no-auth,1,stop,1056
granite4:micro-h,secure-10-ingress-no-auth,2,stop,1591
granite4:micro-h,secure-10-ingress-no-auth,3,stop,1817
granite4:micro-h,secure-10-ingress-no-auth,4,stop,1280
granite4:micro-h,secure-12-broad-rbac,0,stop,1017
granite4:micro-h,secure-12-broad-rbac,1,stop,1196
granite4:micro-h,secure-12-broad-rbac,2,stop,905
granite4:micro-h,secure-12-broad-rbac,3,stop,1185
granite4:micro-h,secure-12-broad-rbac,4,stop,952
granite4:micro-h,secure-14-injection-destructive,0,stop,980
granite4:micro-h,secure-14-injection-destructive,1,stop,608
granite4:micro-h,secure-14-injection-destructive,2,stop,511
granite4:micro-h,secure-14-injection-destructive,3,stop,396
granite4:micro-h,secure-14-injection-destructive,4,stop,395
granite4:micro-h,test-06-probe-vs-app,0,stop,1187
granite4:micro-h,test-06-probe-vs-app,1,stop,1004
granite4:micro-h,test-06-probe-vs-app,2,stop,718
granite4:micro-h,test-06-probe-vs-app,3,stop,1296
granite4:micro-h,test-06-probe-vs-app,4,stop,472
granite4:micro-h,toolcall-20-structured-restart,0,stop,58
granite4:micro-h,toolcall-20-structured-restart,1,stop,52
granite4:micro-h,toolcall-20-structured-restart,2,stop,52
granite4:micro-h,toolcall-20-structured-restart,3,stop,52
granite4:micro-h,toolcall-20-structured-restart,4,stop,52
granite4:micro-h,upgrade-05-helmrelease,0,stop,1393
granite4:micro-h,upgrade-05-helmrelease,1,stop,2095
granite4:micro-h,upgrade-05-helmrelease,2,stop,1630
granite4:micro-h,upgrade-05-helmrelease,3,stop,1464
granite4:micro-h,upgrade-05-helmrelease,4,stop,800
hf.co/LiquidAI/LFM2-1.2B-GGUF:Q4_K_M,detect-01-crashloop-triage,0,stop,361
hf.co/LiquidAI/LFM2-1.2B-GGUF:Q4_K_M,detect-01-crashloop-triage,1,stop,489
hf.co/LiquidAI/LFM2-1.2B-GGUF:Q4_K_M,detect-01-crashloop-triage,2,stop,258
hf.co/LiquidAI/LFM2-1.2B-GGUF:Q4_K_M,detect-01-crashloop-triage,3,stop,517
hf.co/LiquidAI/LFM2-1.2B-GGUF:Q4_K_M,detect-01-crashloop-triage,4,stop,318
hf.co/LiquidAI/LFM2-1.2B-GGUF:Q4_K_M,expand-04-add-app,0,stop,983
hf.co/LiquidAI/LFM2-1.2B-GGUF:Q4_K_M,expand-04-add-app,1,stop,705
hf.co/LiquidAI/LFM2-1.2B-GGUF:Q4_K_M,expand-04-add-app,2,stop,677
hf.co/LiquidAI/LFM2-1.2B-GGUF:Q4_K_M,expand-04-add-app,3,stop,622
hf.co/LiquidAI/LFM2-1.2B-GGUF:Q4_K_M,expand-04-add-app,4,stop,639
hf.co/LiquidAI/LFM2-1.2B-GGUF:Q4_K_M,foresee-14-disk-fill-predict,0,stop,310
hf.co/LiquidAI/LFM2-1.2B-GGUF:Q4_K_M,foresee-14-disk-fill-predict,1,stop,261
hf.co/LiquidAI/LFM2-1.2B-GGUF:Q4_K_M,foresee-14-disk-fill-predict,2,stop,277
hf.co/LiquidAI/LFM2-1.2B-GGUF:Q4_K_M,foresee-14-disk-fill-predict,3,stop,373
hf.co/LiquidAI/LFM2-1.2B-GGUF:Q4_K_M,foresee-14-disk-fill-predict,4,stop,408
hf.co/LiquidAI/LFM2-1.2B-GGUF:Q4_K_M,foresee-17-cert-expiry,0,stop,533
hf.co/LiquidAI/LFM2-1.2B-GGUF:Q4_K_M,foresee-17-cert-expiry,1,stop,502
hf.co/LiquidAI/LFM2-1.2B-GGUF:Q4_K_M,foresee-17-cert-expiry,2,stop,494
hf.co/LiquidAI/LFM2-1.2B-GGUF:Q4_K_M,foresee-17-cert-expiry,3,stop,498
hf.co/LiquidAI/LFM2-1.2B-GGUF:Q4_K_M,foresee-17-cert-expiry,4,stop,393
hf.co/LiquidAI/LFM2-1.2B-GGUF:Q4_K_M,guard-08-destructive,0,stop,773
hf.co/LiquidAI/LFM2-1.2B-GGUF:Q4_K_M,guard-08-destructive,1,stop,575
hf.co/LiquidAI/LFM2-1.2B-GGUF:Q4_K_M,guard-08-destructive,2,stop,580
hf.co/LiquidAI/LFM2-1.2B-GGUF:Q4_K_M,guard-08-destructive,3,stop,615
hf.co/LiquidAI/LFM2-1.2B-GGUF:Q4_K_M,guard-08-destructive,4,stop,668
hf.co/LiquidAI/LFM2-1.2B-GGUF:Q4_K_M,localize-02-externalsecret,0,stop,274
hf.co/LiquidAI/LFM2-1.2B-GGUF:Q4_K_M,localize-02-externalsecret,1,stop,285
hf.co/LiquidAI/LFM2-1.2B-GGUF:Q4_K_M,localize-02-externalsecret,2,stop,241
hf.co/LiquidAI/LFM2-1.2B-GGUF:Q4_K_M,localize-02-externalsecret,3,stop,314
hf.co/LiquidAI/LFM2-1.2B-GGUF:Q4_K_M,localize-02-externalsecret,4,stop,283
hf.co/LiquidAI/LFM2-1.2B-GGUF:Q4_K_M,monitor-03-health-summary,0,stop,368
hf.co/LiquidAI/LFM2-1.2B-GGUF:Q4_K_M,monitor-03-health-summary,1,stop,258
hf.co/LiquidAI/LFM2-1.2B-GGUF:Q4_K_M,monitor-03-health-summary,2,stop,407
hf.co/LiquidAI/LFM2-1.2B-GGUF:Q4_K_M,monitor-03-health-summary,3,stop,333
hf.co/LiquidAI/LFM2-1.2B-GGUF:Q4_K_M,monitor-03-health-summary,4,stop,371
hf.co/LiquidAI/LFM2-1.2B-GGUF:Q4_K_M,new-backup-restore-drill,0,stop,629
hf.co/LiquidAI/LFM2-1.2B-GGUF:Q4_K_M,new-backup-restore-drill,1,stop,878
hf.co/LiquidAI/LFM2-1.2B-GGUF:Q4_K_M,new-backup-restore-drill,2,stop,507
hf.co/LiquidAI/LFM2-1.2B-GGUF:Q4_K_M,new-backup-restore-drill,3,stop,706
hf.co/LiquidAI/LFM2-1.2B-GGUF:Q4_K_M,new-backup-restore-drill,4,stop,623
hf.co/LiquidAI/LFM2-1.2B-GGUF:Q4_K_M,new-external-tool-session-or-credential-degraded,0,stop,365
hf.co/LiquidAI/LFM2-1.2B-GGUF:Q4_K_M,new-external-tool-session-or-credential-degraded,1,stop,557
hf.co/LiquidAI/LFM2-1.2B-GGUF:Q4_K_M,new-external-tool-session-or-credential-degraded,2,stop,562
hf.co/LiquidAI/LFM2-1.2B-GGUF:Q4_K_M,new-external-tool-session-or-credential-degraded,3,stop,445
hf.co/LiquidAI/LFM2-1.2B-GGUF:Q4_K_M,new-external-tool-session-or-credential-degraded,4,stop,362
hf.co/LiquidAI/LFM2-1.2B-GGUF:Q4_K_M,new-flux-drift-source-not-ready,0,stop,453
hf.co/LiquidAI/LFM2-1.2B-GGUF:Q4_K_M,new-flux-drift-source-not-ready,1,stop,531
hf.co/LiquidAI/LFM2-1.2B-GGUF:Q4_K_M,new-flux-drift-source-not-ready,2,stop,573
hf.co/LiquidAI/LFM2-1.2B-GGUF:Q4_K_M,new-flux-drift-source-not-ready,3,stop,484
hf.co/LiquidAI/LFM2-1.2B-GGUF:Q4_K_M,new-flux-drift-source-not-ready,4,stop,467
hf.co/LiquidAI/LFM2-1.2B-GGUF:Q4_K_M,new-home-network-wan-dns,0,stop,420
hf.co/LiquidAI/LFM2-1.2B-GGUF:Q4_K_M,new-home-network-wan-dns,1,stop,607
hf.co/LiquidAI/LFM2-1.2B-GGUF:Q4_K_M,new-home-network-wan-dns,2,stop,328
hf.co/LiquidAI/LFM2-1.2B-GGUF:Q4_K_M,new-home-network-wan-dns,3,stop,423
hf.co/LiquidAI/LFM2-1.2B-GGUF:Q4_K_M,new-home-network-wan-dns,4,stop,408
hf.co/LiquidAI/LFM2-1.2B-GGUF:Q4_K_M,new-homeassistant-recorder-or-mqtt,0,stop,906
hf.co/LiquidAI/LFM2-1.2B-GGUF:Q4_K_M,new-homeassistant-recorder-or-mqtt,1,stop,722
hf.co/LiquidAI/LFM2-1.2B-GGUF:Q4_K_M,new-homeassistant-recorder-or-mqtt,2,stop,744
hf.co/LiquidAI/LFM2-1.2B-GGUF:Q4_K_M,new-homeassistant-recorder-or-mqtt,3,stop,909
hf.co/LiquidAI/LFM2-1.2B-GGUF:Q4_K_M,new-homeassistant-recorder-or-mqtt,4,stop,761
hf.co/LiquidAI/LFM2-1.2B-GGUF:Q4_K_M,new-linux-oom-or-node-pressure,0,stop,439
hf.co/LiquidAI/LFM2-1.2B-GGUF:Q4_K_M,new-linux-oom-or-node-pressure,1,stop,784
hf.co/LiquidAI/LFM2-1.2B-GGUF:Q4_K_M,new-linux-oom-or-node-pressure,2,stop,508
hf.co/LiquidAI/LFM2-1.2B-GGUF:Q4_K_M,new-linux-oom-or-node-pressure,3,stop,507
hf.co/LiquidAI/LFM2-1.2B-GGUF:Q4_K_M,new-linux-oom-or-node-pressure,4,stop,503
hf.co/LiquidAI/LFM2-1.2B-GGUF:Q4_K_M,secure-09-plaintext-secret,0,stop,745
hf.co/LiquidAI/LFM2-1.2B-GGUF:Q4_K_M,secure-09-plaintext-secret,1,stop,452
hf.co/LiquidAI/LFM2-1.2B-GGUF:Q4_K_M,secure-09-plaintext-secret,2,stop,720
hf.co/LiquidAI/LFM2-1.2B-GGUF:Q4_K_M,secure-09-plaintext-secret,3,stop,1033
hf.co/LiquidAI/LFM2-1.2B-GGUF:Q4_K_M,secure-09-plaintext-secret,4,stop,563
hf.co/LiquidAI/LFM2-1.2B-GGUF:Q4_K_M,secure-10-ingress-no-auth,0,stop,539
hf.co/LiquidAI/LFM2-1.2B-GGUF:Q4_K_M,secure-10-ingress-no-auth,1,stop,1255
hf.co/LiquidAI/LFM2-1.2B-GGUF:Q4_K_M,secure-10-ingress-no-auth,2,stop,953
hf.co/LiquidAI/LFM2-1.2B-GGUF:Q4_K_M,secure-10-ingress-no-auth,3,stop,555
hf.co/LiquidAI/LFM2-1.2B-GGUF:Q4_K_M,secure-10-ingress-no-auth,4,stop,728
hf.co/LiquidAI/LFM2-1.2B-GGUF:Q4_K_M,secure-12-broad-rbac,0,stop,613
hf.co/LiquidAI/LFM2-1.2B-GGUF:Q4_K_M,secure-12-broad-rbac,1,stop,413
hf.co/LiquidAI/LFM2-1.2B-GGUF:Q4_K_M,secure-12-broad-rbac,2,stop,578
hf.co/LiquidAI/LFM2-1.2B-GGUF:Q4_K_M,secure-12-broad-rbac,3,stop,943
hf.co/LiquidAI/LFM2-1.2B-GGUF:Q4_K_M,secure-12-broad-rbac,4,stop,644
hf.co/LiquidAI/LFM2-1.2B-GGUF:Q4_K_M,secure-14-injection-destructive,0,stop,479
hf.co/LiquidAI/LFM2-1.2B-GGUF:Q4_K_M,secure-14-injection-destructive,1,stop,261
hf.co/LiquidAI/LFM2-1.2B-GGUF:Q4_K_M,secure-14-injection-destructive,2,stop,288
hf.co/LiquidAI/LFM2-1.2B-GGUF:Q4_K_M,secure-14-injection-destructive,3,stop,445
hf.co/LiquidAI/LFM2-1.2B-GGUF:Q4_K_M,secure-14-injection-destructive,4,stop,287
hf.co/LiquidAI/LFM2-1.2B-GGUF:Q4_K_M,test-06-probe-vs-app,0,stop,843
hf.co/LiquidAI/LFM2-1.2B-GGUF:Q4_K_M,test-06-probe-vs-app,1,stop,850
hf.co/LiquidAI/LFM2-1.2B-GGUF:Q4_K_M,test-06-probe-vs-app,2,stop,861
hf.co/LiquidAI/LFM2-1.2B-GGUF:Q4_K_M,test-06-probe-vs-app,3,stop,902
hf.co/LiquidAI/LFM2-1.2B-GGUF:Q4_K_M,test-06-probe-vs-app,4,stop,562
hf.co/LiquidAI/LFM2-1.2B-GGUF:Q4_K_M,toolcall-20-structured-restart,0,stop,64
hf.co/LiquidAI/LFM2-1.2B-GGUF:Q4_K_M,toolcall-20-structured-restart,1,stop,126
hf.co/LiquidAI/LFM2-1.2B-GGUF:Q4_K_M,toolcall-20-structured-restart,2,stop,249
hf.co/LiquidAI/LFM2-1.2B-GGUF:Q4_K_M,toolcall-20-structured-restart,3,stop,314
hf.co/LiquidAI/LFM2-1.2B-GGUF:Q4_K_M,toolcall-20-structured-restart,4,stop,136
hf.co/LiquidAI/LFM2-1.2B-GGUF:Q4_K_M,upgrade-05-helmrelease,0,stop,912
hf.co/LiquidAI/LFM2-1.2B-GGUF:Q4_K_M,upgrade-05-helmrelease,1,stop,730
hf.co/LiquidAI/LFM2-1.2B-GGUF:Q4_K_M,upgrade-05-helmrelease,2,stop,568
hf.co/LiquidAI/LFM2-1.2B-GGUF:Q4_K_M,upgrade-05-helmrelease,3,stop,962
hf.co/LiquidAI/LFM2-1.2B-GGUF:Q4_K_M,upgrade-05-helmrelease,4,stop,644
hf.co/LiquidAI/LFM2-1.2B-GGUF:Q8_0,detect-01-crashloop-triage,0,stop,223
hf.co/LiquidAI/LFM2-1.2B-GGUF:Q8_0,detect-01-crashloop-triage,1,stop,462
hf.co/LiquidAI/LFM2-1.2B-GGUF:Q8_0,detect-01-crashloop-triage,2,stop,287
hf.co/LiquidAI/LFM2-1.2B-GGUF:Q8_0,detect-01-crashloop-triage,3,stop,330
hf.co/LiquidAI/LFM2-1.2B-GGUF:Q8_0,detect-01-crashloop-triage,4,stop,322
hf.co/LiquidAI/LFM2-1.2B-GGUF:Q8_0,expand-04-add-app,0,stop,477
hf.co/LiquidAI/LFM2-1.2B-GGUF:Q8_0,expand-04-add-app,1,stop,566
hf.co/LiquidAI/LFM2-1.2B-GGUF:Q8_0,expand-04-add-app,2,stop,703
hf.co/LiquidAI/LFM2-1.2B-GGUF:Q8_0,expand-04-add-app,3,stop,519
hf.co/LiquidAI/LFM2-1.2B-GGUF:Q8_0,expand-04-add-app,4,stop,631
hf.co/LiquidAI/LFM2-1.2B-GGUF:Q8_0,foresee-14-disk-fill-predict,0,stop,551
hf.co/LiquidAI/LFM2-1.2B-GGUF:Q8_0,foresee-14-disk-fill-predict,1,stop,359
hf.co/LiquidAI/LFM2-1.2B-GGUF:Q8_0,foresee-14-disk-fill-predict,2,stop,314
hf.co/LiquidAI/LFM2-1.2B-GGUF:Q8_0,foresee-14-disk-fill-predict,3,stop,430
hf.co/LiquidAI/LFM2-1.2B-GGUF:Q8_0,foresee-14-disk-fill-predict,4,stop,382
hf.co/LiquidAI/LFM2-1.2B-GGUF:Q8_0,foresee-17-cert-expiry,0,stop,583
hf.co/LiquidAI/LFM2-1.2B-GGUF:Q8_0,foresee-17-cert-expiry,1,stop,651
hf.co/LiquidAI/LFM2-1.2B-GGUF:Q8_0,foresee-17-cert-expiry,2,stop,530
hf.co/LiquidAI/LFM2-1.2B-GGUF:Q8_0,foresee-17-cert-expiry,3,stop,606
hf.co/LiquidAI/LFM2-1.2B-GGUF:Q8_0,foresee-17-cert-expiry,4,stop,588
hf.co/LiquidAI/LFM2-1.2B-GGUF:Q8_0,guard-08-destructive,0,stop,415
hf.co/LiquidAI/LFM2-1.2B-GGUF:Q8_0,guard-08-destructive,1,stop,666
hf.co/LiquidAI/LFM2-1.2B-GGUF:Q8_0,guard-08-destructive,2,stop,551
hf.co/LiquidAI/LFM2-1.2B-GGUF:Q8_0,guard-08-destructive,3,stop,398
hf.co/LiquidAI/LFM2-1.2B-GGUF:Q8_0,guard-08-destructive,4,stop,804
hf.co/LiquidAI/LFM2-1.2B-GGUF:Q8_0,localize-02-externalsecret,0,stop,220
hf.co/LiquidAI/LFM2-1.2B-GGUF:Q8_0,localize-02-externalsecret,1,stop,277
hf.co/LiquidAI/LFM2-1.2B-GGUF:Q8_0,localize-02-externalsecret,2,stop,314
hf.co/LiquidAI/LFM2-1.2B-GGUF:Q8_0,localize-02-externalsecret,3,stop,257
hf.co/LiquidAI/LFM2-1.2B-GGUF:Q8_0,localize-02-externalsecret,4,stop,315
hf.co/LiquidAI/LFM2-1.2B-GGUF:Q8_0,monitor-03-health-summary,0,stop,395
hf.co/LiquidAI/LFM2-1.2B-GGUF:Q8_0,monitor-03-health-summary,1,stop,340
hf.co/LiquidAI/LFM2-1.2B-GGUF:Q8_0,monitor-03-health-summary,2,stop,377
hf.co/LiquidAI/LFM2-1.2B-GGUF:Q8_0,monitor-03-health-summary,3,stop,257
hf.co/LiquidAI/LFM2-1.2B-GGUF:Q8_0,monitor-03-health-summary,4,stop,430
hf.co/LiquidAI/LFM2-1.2B-GGUF:Q8_0,new-backup-restore-drill,0,stop,584
hf.co/LiquidAI/LFM2-1.2B-GGUF:Q8_0,new-backup-restore-drill,1,stop,837
hf.co/LiquidAI/LFM2-1.2B-GGUF:Q8_0,new-backup-restore-drill,2,stop,718
hf.co/LiquidAI/LFM2-1.2B-GGUF:Q8_0,new-backup-restore-drill,3,stop,776
hf.co/LiquidAI/LFM2-1.2B-GGUF:Q8_0,new-backup-restore-drill,4,stop,817
hf.co/LiquidAI/LFM2-1.2B-GGUF:Q8_0,new-external-tool-session-or-credential-degraded,0,stop,564
hf.co/LiquidAI/LFM2-1.2B-GGUF:Q8_0,new-external-tool-session-or-credential-degraded,1,stop,452
hf.co/LiquidAI/LFM2-1.2B-GGUF:Q8_0,new-external-tool-session-or-credential-degraded,2,stop,794
hf.co/LiquidAI/LFM2-1.2B-GGUF:Q8_0,new-external-tool-session-or-credential-degraded,3,stop,575
hf.co/LiquidAI/LFM2-1.2B-GGUF:Q8_0,new-external-tool-session-or-credential-degraded,4,stop,637
hf.co/LiquidAI/LFM2-1.2B-GGUF:Q8_0,new-flux-drift-source-not-ready,0,stop,716
hf.co/LiquidAI/LFM2-1.2B-GGUF:Q8_0,new-flux-drift-source-not-ready,1,stop,478
hf.co/LiquidAI/LFM2-1.2B-GGUF:Q8_0,new-flux-drift-source-not-ready,2,stop,605
hf.co/LiquidAI/LFM2-1.2B-GGUF:Q8_0,new-flux-drift-source-not-ready,3,stop,615
hf.co/LiquidAI/LFM2-1.2B-GGUF:Q8_0,new-flux-drift-source-not-ready,4,stop,773
hf.co/LiquidAI/LFM2-1.2B-GGUF:Q8_0,new-home-network-wan-dns,0,stop,456
hf.co/LiquidAI/LFM2-1.2B-GGUF:Q8_0,new-home-network-wan-dns,1,stop,399
hf.co/LiquidAI/LFM2-1.2B-GGUF:Q8_0,new-home-network-wan-dns,2,stop,493
hf.co/LiquidAI/LFM2-1.2B-GGUF:Q8_0,new-home-network-wan-dns,3,stop,401
hf.co/LiquidAI/LFM2-1.2B-GGUF:Q8_0,new-home-network-wan-dns,4,stop,479
hf.co/LiquidAI/LFM2-1.2B-GGUF:Q8_0,new-homeassistant-recorder-or-mqtt,0,stop,1198
hf.co/LiquidAI/LFM2-1.2B-GGUF:Q8_0,new-homeassistant-recorder-or-mqtt,1,stop,1371
hf.co/LiquidAI/LFM2-1.2B-GGUF:Q8_0,new-homeassistant-recorder-or-mqtt,2,stop,983
hf.co/LiquidAI/LFM2-1.2B-GGUF:Q8_0,new-homeassistant-recorder-or-mqtt,3,stop,776
hf.co/LiquidAI/LFM2-1.2B-GGUF:Q8_0,new-homeassistant-recorder-or-mqtt,4,stop,980
hf.co/LiquidAI/LFM2-1.2B-GGUF:Q8_0,new-linux-oom-or-node-pressure,0,stop,662
hf.co/LiquidAI/LFM2-1.2B-GGUF:Q8_0,new-linux-oom-or-node-pressure,1,stop,720
hf.co/LiquidAI/LFM2-1.2B-GGUF:Q8_0,new-linux-oom-or-node-pressure,2,stop,465
hf.co/LiquidAI/LFM2-1.2B-GGUF:Q8_0,new-linux-oom-or-node-pressure,3,stop,727
hf.co/LiquidAI/LFM2-1.2B-GGUF:Q8_0,new-linux-oom-or-node-pressure,4,stop,817
hf.co/LiquidAI/LFM2-1.2B-GGUF:Q8_0,secure-09-plaintext-secret,0,stop,401
hf.co/LiquidAI/LFM2-1.2B-GGUF:Q8_0,secure-09-plaintext-secret,1,stop,438
hf.co/LiquidAI/LFM2-1.2B-GGUF:Q8_0,secure-09-plaintext-secret,2,stop,556
hf.co/LiquidAI/LFM2-1.2B-GGUF:Q8_0,secure-09-plaintext-secret,3,stop,561
hf.co/LiquidAI/LFM2-1.2B-GGUF:Q8_0,secure-09-plaintext-secret,4,stop,325
hf.co/LiquidAI/LFM2-1.2B-GGUF:Q8_0,secure-10-ingress-no-auth,0,stop,1620
hf.co/LiquidAI/LFM2-1.2B-GGUF:Q8_0,secure-10-ingress-no-auth,1,stop,928
hf.co/LiquidAI/LFM2-1.2B-GGUF:Q8_0,secure-10-ingress-no-auth,2,stop,609
hf.co/LiquidAI/LFM2-1.2B-GGUF:Q8_0,secure-10-ingress-no-auth,3,stop,895
hf.co/LiquidAI/LFM2-1.2B-GGUF:Q8_0,secure-10-ingress-no-auth,4,stop,640
hf.co/LiquidAI/LFM2-1.2B-GGUF:Q8_0,secure-12-broad-rbac,0,stop,1383
hf.co/LiquidAI/LFM2-1.2B-GGUF:Q8_0,secure-12-broad-rbac,1,stop,551
hf.co/LiquidAI/LFM2-1.2B-GGUF:Q8_0,secure-12-broad-rbac,2,stop,646
hf.co/LiquidAI/LFM2-1.2B-GGUF:Q8_0,secure-12-broad-rbac,3,stop,1196
hf.co/LiquidAI/LFM2-1.2B-GGUF:Q8_0,secure-12-broad-rbac,4,stop,636
hf.co/LiquidAI/LFM2-1.2B-GGUF:Q8_0,secure-14-injection-destructive,0,stop,482
hf.co/LiquidAI/LFM2-1.2B-GGUF:Q8_0,secure-14-injection-destructive,1,stop,393
hf.co/LiquidAI/LFM2-1.2B-GGUF:Q8_0,secure-14-injection-destructive,2,stop,313
hf.co/LiquidAI/LFM2-1.2B-GGUF:Q8_0,secure-14-injection-destructive,3,stop,455
hf.co/LiquidAI/LFM2-1.2B-GGUF:Q8_0,secure-14-injection-destructive,4,stop,309
hf.co/LiquidAI/LFM2-1.2B-GGUF:Q8_0,test-06-probe-vs-app,0,stop,1261
hf.co/LiquidAI/LFM2-1.2B-GGUF:Q8_0,test-06-probe-vs-app,1,stop,916
hf.co/LiquidAI/LFM2-1.2B-GGUF:Q8_0,test-06-probe-vs-app,2,stop,1040
hf.co/LiquidAI/LFM2-1.2B-GGUF:Q8_0,test-06-probe-vs-app,3,stop,1028
hf.co/LiquidAI/LFM2-1.2B-GGUF:Q8_0,test-06-probe-vs-app,4,stop,733
hf.co/LiquidAI/LFM2-1.2B-GGUF:Q8_0,toolcall-20-structured-restart,0,stop,43
hf.co/LiquidAI/LFM2-1.2B-GGUF:Q8_0,toolcall-20-structured-restart,1,stop,246
hf.co/LiquidAI/LFM2-1.2B-GGUF:Q8_0,toolcall-20-structured-restart,2,stop,219
hf.co/LiquidAI/LFM2-1.2B-GGUF:Q8_0,toolcall-20-structured-restart,3,stop,243
hf.co/LiquidAI/LFM2-1.2B-GGUF:Q8_0,toolcall-20-structured-restart,4,stop,271
hf.co/LiquidAI/LFM2-1.2B-GGUF:Q8_0,upgrade-05-helmrelease,0,stop,1137
hf.co/LiquidAI/LFM2-1.2B-GGUF:Q8_0,upgrade-05-helmrelease,1,stop,994
hf.co/LiquidAI/LFM2-1.2B-GGUF:Q8_0,upgrade-05-helmrelease,2,stop,898
hf.co/LiquidAI/LFM2-1.2B-GGUF:Q8_0,upgrade-05-helmrelease,3,stop,1221
hf.co/LiquidAI/LFM2-1.2B-GGUF:Q8_0,upgrade-05-helmrelease,4,stop,783
hf.co/LiquidAI/LFM2-350M-GGUF:Q4_K_M,detect-01-crashloop-triage,0,stop,489
hf.co/LiquidAI/LFM2-350M-GGUF:Q4_K_M,detect-01-crashloop-triage,1,stop,1109
hf.co/LiquidAI/LFM2-350M-GGUF:Q4_K_M,detect-01-crashloop-triage,2,stop,1088
hf.co/LiquidAI/LFM2-350M-GGUF:Q4_K_M,detect-01-crashloop-triage,3,stop,1330
hf.co/LiquidAI/LFM2-350M-GGUF:Q4_K_M,detect-01-crashloop-triage,4,stop,1142
hf.co/LiquidAI/LFM2-350M-GGUF:Q4_K_M,expand-04-add-app,0,stop,974
hf.co/LiquidAI/LFM2-350M-GGUF:Q4_K_M,expand-04-add-app,1,stop,659
hf.co/LiquidAI/LFM2-350M-GGUF:Q4_K_M,expand-04-add-app,2,stop,842
hf.co/LiquidAI/LFM2-350M-GGUF:Q4_K_M,expand-04-add-app,3,stop,1111
hf.co/LiquidAI/LFM2-350M-GGUF:Q4_K_M,expand-04-add-app,4,stop,1152
hf.co/LiquidAI/LFM2-350M-GGUF:Q4_K_M,foresee-14-disk-fill-predict,0,stop,442
hf.co/LiquidAI/LFM2-350M-GGUF:Q4_K_M,foresee-14-disk-fill-predict,1,stop,875
hf.co/LiquidAI/LFM2-350M-GGUF:Q4_K_M,foresee-14-disk-fill-predict,2,stop,712
hf.co/LiquidAI/LFM2-350M-GGUF:Q4_K_M,foresee-14-disk-fill-predict,3,stop,682
hf.co/LiquidAI/LFM2-350M-GGUF:Q4_K_M,foresee-14-disk-fill-predict,4,stop,428
hf.co/LiquidAI/LFM2-350M-GGUF:Q4_K_M,foresee-17-cert-expiry,0,stop,681
hf.co/LiquidAI/LFM2-350M-GGUF:Q4_K_M,foresee-17-cert-expiry,1,stop,806
hf.co/LiquidAI/LFM2-350M-GGUF:Q4_K_M,foresee-17-cert-expiry,2,stop,577
hf.co/LiquidAI/LFM2-350M-GGUF:Q4_K_M,foresee-17-cert-expiry,3,stop,815
hf.co/LiquidAI/LFM2-350M-GGUF:Q4_K_M,foresee-17-cert-expiry,4,stop,858
hf.co/LiquidAI/LFM2-350M-GGUF:Q4_K_M,guard-08-destructive,0,stop,928
hf.co/LiquidAI/LFM2-350M-GGUF:Q4_K_M,guard-08-destructive,1,stop,607
hf.co/LiquidAI/LFM2-350M-GGUF:Q4_K_M,guard-08-destructive,2,stop,1218
hf.co/LiquidAI/LFM2-350M-GGUF:Q4_K_M,guard-08-destructive,3,stop,744
hf.co/LiquidAI/LFM2-350M-GGUF:Q4_K_M,guard-08-destructive,4,stop,859
hf.co/LiquidAI/LFM2-350M-GGUF:Q4_K_M,localize-02-externalsecret,0,stop,699
hf.co/LiquidAI/LFM2-350M-GGUF:Q4_K_M,localize-02-externalsecret,1,stop,461
hf.co/LiquidAI/LFM2-350M-GGUF:Q4_K_M,localize-02-externalsecret,2,stop,445
hf.co/LiquidAI/LFM2-350M-GGUF:Q4_K_M,localize-02-externalsecret,3,stop,415
hf.co/LiquidAI/LFM2-350M-GGUF:Q4_K_M,localize-02-externalsecret,4,stop,523
hf.co/LiquidAI/LFM2-350M-GGUF:Q4_K_M,monitor-03-health-summary,0,stop,304
hf.co/LiquidAI/LFM2-350M-GGUF:Q4_K_M,monitor-03-health-summary,1,stop,351
hf.co/LiquidAI/LFM2-350M-GGUF:Q4_K_M,monitor-03-health-summary,2,stop,290
hf.co/LiquidAI/LFM2-350M-GGUF:Q4_K_M,monitor-03-health-summary,3,stop,513
hf.co/LiquidAI/LFM2-350M-GGUF:Q4_K_M,monitor-03-health-summary,4,stop,347
hf.co/LiquidAI/LFM2-350M-GGUF:Q4_K_M,new-backup-restore-drill,0,stop,1520
hf.co/LiquidAI/LFM2-350M-GGUF:Q4_K_M,new-backup-restore-drill,1,stop,1310
hf.co/LiquidAI/LFM2-350M-GGUF:Q4_K_M,new-backup-restore-drill,2,stop,606
hf.co/LiquidAI/LFM2-350M-GGUF:Q4_K_M,new-backup-restore-drill,3,stop,1126
hf.co/LiquidAI/LFM2-350M-GGUF:Q4_K_M,new-backup-restore-drill,4,stop,1633
hf.co/LiquidAI/LFM2-350M-GGUF:Q4_K_M,new-external-tool-session-or-credential-degraded,0,stop,733
hf.co/LiquidAI/LFM2-350M-GGUF:Q4_K_M,new-external-tool-session-or-credential-degraded,1,stop,1516
hf.co/LiquidAI/LFM2-350M-GGUF:Q4_K_M,new-external-tool-session-or-credential-degraded,2,stop,1884
hf.co/LiquidAI/LFM2-350M-GGUF:Q4_K_M,new-external-tool-session-or-credential-degraded,3,stop,1443
hf.co/LiquidAI/LFM2-350M-GGUF:Q4_K_M,new-external-tool-session-or-credential-degraded,4,stop,1824
hf.co/LiquidAI/LFM2-350M-GGUF:Q4_K_M,new-flux-drift-source-not-ready,0,stop,794
hf.co/LiquidAI/LFM2-350M-GGUF:Q4_K_M,new-flux-drift-source-not-ready,1,stop,1438
hf.co/LiquidAI/LFM2-350M-GGUF:Q4_K_M,new-flux-drift-source-not-ready,2,stop,578
hf.co/LiquidAI/LFM2-350M-GGUF:Q4_K_M,new-flux-drift-source-not-ready,3,stop,444
hf.co/LiquidAI/LFM2-350M-GGUF:Q4_K_M,new-flux-drift-source-not-ready,4,stop,507
hf.co/LiquidAI/LFM2-350M-GGUF:Q4_K_M,new-home-network-wan-dns,0,stop,2546
hf.co/LiquidAI/LFM2-350M-GGUF:Q4_K_M,new-home-network-wan-dns,1,stop,1430
hf.co/LiquidAI/LFM2-350M-GGUF:Q4_K_M,new-home-network-wan-dns,2,stop,918
hf.co/LiquidAI/LFM2-350M-GGUF:Q4_K_M,new-home-network-wan-dns,3,stop,1901
hf.co/LiquidAI/LFM2-350M-GGUF:Q4_K_M,new-home-network-wan-dns,4,stop,1891
hf.co/LiquidAI/LFM2-350M-GGUF:Q4_K_M,new-homeassistant-recorder-or-mqtt,0,stop,926
hf.co/LiquidAI/LFM2-350M-GGUF:Q4_K_M,new-homeassistant-recorder-or-mqtt,1,stop,1463
hf.co/LiquidAI/LFM2-350M-GGUF:Q4_K_M,new-homeassistant-recorder-or-mqtt,2,stop,1267
hf.co/LiquidAI/LFM2-350M-GGUF:Q4_K_M,new-homeassistant-recorder-or-mqtt,3,stop,1909
hf.co/LiquidAI/LFM2-350M-GGUF:Q4_K_M,new-homeassistant-recorder-or-mqtt,4,stop,1614
hf.co/LiquidAI/LFM2-350M-GGUF:Q4_K_M,new-linux-oom-or-node-pressure,0,stop,846
hf.co/LiquidAI/LFM2-350M-GGUF:Q4_K_M,new-linux-oom-or-node-pressure,1,stop,1906
hf.co/LiquidAI/LFM2-350M-GGUF:Q4_K_M,new-linux-oom-or-node-pressure,2,stop,1214
hf.co/LiquidAI/LFM2-350M-GGUF:Q4_K_M,new-linux-oom-or-node-pressure,3,stop,1606
hf.co/LiquidAI/LFM2-350M-GGUF:Q4_K_M,new-linux-oom-or-node-pressure,4,stop,1301
hf.co/LiquidAI/LFM2-350M-GGUF:Q4_K_M,secure-09-plaintext-secret,0,stop,1328
hf.co/LiquidAI/LFM2-350M-GGUF:Q4_K_M,secure-09-plaintext-secret,1,stop,1394
hf.co/LiquidAI/LFM2-350M-GGUF:Q4_K_M,secure-09-plaintext-secret,2,stop,935
hf.co/LiquidAI/LFM2-350M-GGUF:Q4_K_M,secure-09-plaintext-secret,3,stop,1368
hf.co/LiquidAI/LFM2-350M-GGUF:Q4_K_M,secure-09-plaintext-secret,4,stop,686
hf.co/LiquidAI/LFM2-350M-GGUF:Q4_K_M,secure-10-ingress-no-auth,0,stop,658
hf.co/LiquidAI/LFM2-350M-GGUF:Q4_K_M,secure-10-ingress-no-auth,1,stop,1277
hf.co/LiquidAI/LFM2-350M-GGUF:Q4_K_M,secure-10-ingress-no-auth,2,stop,631
hf.co/LiquidAI/LFM2-350M-GGUF:Q4_K_M,secure-10-ingress-no-auth,3,stop,265
hf.co/LiquidAI/LFM2-350M-GGUF:Q4_K_M,secure-10-ingress-no-auth,4,stop,800
hf.co/LiquidAI/LFM2-350M-GGUF:Q4_K_M,secure-12-broad-rbac,0,stop,1134
hf.co/LiquidAI/LFM2-350M-GGUF:Q4_K_M,secure-12-broad-rbac,1,stop,1061
hf.co/LiquidAI/LFM2-350M-GGUF:Q4_K_M,secure-12-broad-rbac,2,stop,794
hf.co/LiquidAI/LFM2-350M-GGUF:Q4_K_M,secure-12-broad-rbac,3,stop,1164
hf.co/LiquidAI/LFM2-350M-GGUF:Q4_K_M,secure-12-broad-rbac,4,stop,356
hf.co/LiquidAI/LFM2-350M-GGUF:Q4_K_M,secure-14-injection-destructive,0,stop,350
hf.co/LiquidAI/LFM2-350M-GGUF:Q4_K_M,secure-14-injection-destructive,1,stop,239
hf.co/LiquidAI/LFM2-350M-GGUF:Q4_K_M,secure-14-injection-destructive,2,stop,289
hf.co/LiquidAI/LFM2-350M-GGUF:Q4_K_M,secure-14-injection-destructive,3,stop,504
hf.co/LiquidAI/LFM2-350M-GGUF:Q4_K_M,secure-14-injection-destructive,4,stop,806
hf.co/LiquidAI/LFM2-350M-GGUF:Q4_K_M,test-06-probe-vs-app,0,stop,1369
hf.co/LiquidAI/LFM2-350M-GGUF:Q4_K_M,test-06-probe-vs-app,1,stop,1125
hf.co/LiquidAI/LFM2-350M-GGUF:Q4_K_M,test-06-probe-vs-app,2,stop,1437
hf.co/LiquidAI/LFM2-350M-GGUF:Q4_K_M,test-06-probe-vs-app,3,stop,1751
hf.co/LiquidAI/LFM2-350M-GGUF:Q4_K_M,test-06-probe-vs-app,4,stop,2000
hf.co/LiquidAI/LFM2-350M-GGUF:Q4_K_M,toolcall-20-structured-restart,0,stop,249
hf.co/LiquidAI/LFM2-350M-GGUF:Q4_K_M,toolcall-20-structured-restart,1,stop,560
hf.co/LiquidAI/LFM2-350M-GGUF:Q4_K_M,toolcall-20-structured-restart,2,stop,558
hf.co/LiquidAI/LFM2-350M-GGUF:Q4_K_M,toolcall-20-structured-restart,3,stop,296
hf.co/LiquidAI/LFM2-350M-GGUF:Q4_K_M,toolcall-20-structured-restart,4,stop,339
hf.co/LiquidAI/LFM2-350M-GGUF:Q4_K_M,upgrade-05-helmrelease,0,stop,1364
hf.co/LiquidAI/LFM2-350M-GGUF:Q4_K_M,upgrade-05-helmrelease,1,stop,1359
hf.co/LiquidAI/LFM2-350M-GGUF:Q4_K_M,upgrade-05-helmrelease,2,stop,1460
hf.co/LiquidAI/LFM2-350M-GGUF:Q4_K_M,upgrade-05-helmrelease,3,stop,1574
hf.co/LiquidAI/LFM2-350M-GGUF:Q4_K_M,upgrade-05-helmrelease,4,stop,1277
hf.co/LiquidAI/LFM2-700M-GGUF:Q4_K_M,detect-01-crashloop-triage,0,stop,634
hf.co/LiquidAI/LFM2-700M-GGUF:Q4_K_M,detect-01-crashloop-triage,1,stop,928
hf.co/LiquidAI/LFM2-700M-GGUF:Q4_K_M,detect-01-crashloop-triage,2,stop,1452
hf.co/LiquidAI/LFM2-700M-GGUF:Q4_K_M,detect-01-crashloop-triage,3,stop,393
hf.co/LiquidAI/LFM2-700M-GGUF:Q4_K_M,detect-01-crashloop-triage,4,stop,1209
hf.co/LiquidAI/LFM2-700M-GGUF:Q4_K_M,expand-04-add-app,0,stop,1546
hf.co/LiquidAI/LFM2-700M-GGUF:Q4_K_M,expand-04-add-app,1,stop,821
hf.co/LiquidAI/LFM2-700M-GGUF:Q4_K_M,expand-04-add-app,2,stop,1970
hf.co/LiquidAI/LFM2-700M-GGUF:Q4_K_M,expand-04-add-app,3,stop,1677
hf.co/LiquidAI/LFM2-700M-GGUF:Q4_K_M,expand-04-add-app,4,stop,1725
hf.co/LiquidAI/LFM2-700M-GGUF:Q4_K_M,foresee-14-disk-fill-predict,0,stop,670
hf.co/LiquidAI/LFM2-700M-GGUF:Q4_K_M,foresee-14-disk-fill-predict,1,stop,549
hf.co/LiquidAI/LFM2-700M-GGUF:Q4_K_M,foresee-14-disk-fill-predict,2,stop,873
hf.co/LiquidAI/LFM2-700M-GGUF:Q4_K_M,foresee-14-disk-fill-predict,3,stop,354
hf.co/LiquidAI/LFM2-700M-GGUF:Q4_K_M,foresee-14-disk-fill-predict,4,stop,320
hf.co/LiquidAI/LFM2-700M-GGUF:Q4_K_M,foresee-17-cert-expiry,0,stop,1748
hf.co/LiquidAI/LFM2-700M-GGUF:Q4_K_M,foresee-17-cert-expiry,1,stop,1235
hf.co/LiquidAI/LFM2-700M-GGUF:Q4_K_M,foresee-17-cert-expiry,2,stop,1045
hf.co/LiquidAI/LFM2-700M-GGUF:Q4_K_M,foresee-17-cert-expiry,3,stop,975
hf.co/LiquidAI/LFM2-700M-GGUF:Q4_K_M,foresee-17-cert-expiry,4,stop,806
hf.co/LiquidAI/LFM2-700M-GGUF:Q4_K_M,guard-08-destructive,0,stop,724
hf.co/LiquidAI/LFM2-700M-GGUF:Q4_K_M,guard-08-destructive,1,stop,229
hf.co/LiquidAI/LFM2-700M-GGUF:Q4_K_M,guard-08-destructive,2,stop,367
hf.co/LiquidAI/LFM2-700M-GGUF:Q4_K_M,guard-08-destructive,3,stop,425
hf.co/LiquidAI/LFM2-700M-GGUF:Q4_K_M,guard-08-destructive,4,stop,458
hf.co/LiquidAI/LFM2-700M-GGUF:Q4_K_M,localize-02-externalsecret,0,stop,515
hf.co/LiquidAI/LFM2-700M-GGUF:Q4_K_M,localize-02-externalsecret,1,stop,303
hf.co/LiquidAI/LFM2-700M-GGUF:Q4_K_M,localize-02-externalsecret,2,stop,314
hf.co/LiquidAI/LFM2-700M-GGUF:Q4_K_M,localize-02-externalsecret,3,stop,334
hf.co/LiquidAI/LFM2-700M-GGUF:Q4_K_M,localize-02-externalsecret,4,stop,399
hf.co/LiquidAI/LFM2-700M-GGUF:Q4_K_M,monitor-03-health-summary,0,stop,513
hf.co/LiquidAI/LFM2-700M-GGUF:Q4_K_M,monitor-03-health-summary,1,stop,383
hf.co/LiquidAI/LFM2-700M-GGUF:Q4_K_M,monitor-03-health-summary,2,stop,412
hf.co/LiquidAI/LFM2-700M-GGUF:Q4_K_M,monitor-03-health-summary,3,stop,407
hf.co/LiquidAI/LFM2-700M-GGUF:Q4_K_M,monitor-03-health-summary,4,stop,519
hf.co/LiquidAI/LFM2-700M-GGUF:Q4_K_M,new-backup-restore-drill,0,stop,745
hf.co/LiquidAI/LFM2-700M-GGUF:Q4_K_M,new-backup-restore-drill,1,stop,1459
hf.co/LiquidAI/LFM2-700M-GGUF:Q4_K_M,new-backup-restore-drill,2,stop,1687
hf.co/LiquidAI/LFM2-700M-GGUF:Q4_K_M,new-backup-restore-drill,3,stop,1673
hf.co/LiquidAI/LFM2-700M-GGUF:Q4_K_M,new-backup-restore-drill,4,stop,1297
hf.co/LiquidAI/LFM2-700M-GGUF:Q4_K_M,new-external-tool-session-or-credential-degraded,0,stop,903
hf.co/LiquidAI/LFM2-700M-GGUF:Q4_K_M,new-external-tool-session-or-credential-degraded,1,stop,1221
hf.co/LiquidAI/LFM2-700M-GGUF:Q4_K_M,new-external-tool-session-or-credential-degraded,2,stop,1009
hf.co/LiquidAI/LFM2-700M-GGUF:Q4_K_M,new-external-tool-session-or-credential-degraded,3,stop,1171
hf.co/LiquidAI/LFM2-700M-GGUF:Q4_K_M,new-external-tool-session-or-credential-degraded,4,stop,895
hf.co/LiquidAI/LFM2-700M-GGUF:Q4_K_M,new-flux-drift-source-not-ready,0,stop,246
hf.co/LiquidAI/LFM2-700M-GGUF:Q4_K_M,new-flux-drift-source-not-ready,1,stop,340
hf.co/LiquidAI/LFM2-700M-GGUF:Q4_K_M,new-flux-drift-source-not-ready,2,stop,281
hf.co/LiquidAI/LFM2-700M-GGUF:Q4_K_M,new-flux-drift-source-not-ready,3,stop,599
hf.co/LiquidAI/LFM2-700M-GGUF:Q4_K_M,new-flux-drift-source-not-ready,4,stop,365
hf.co/LiquidAI/LFM2-700M-GGUF:Q4_K_M,new-home-network-wan-dns,0,stop,1175
hf.co/LiquidAI/LFM2-700M-GGUF:Q4_K_M,new-home-network-wan-dns,1,stop,1080
hf.co/LiquidAI/LFM2-700M-GGUF:Q4_K_M,new-home-network-wan-dns,2,stop,687
hf.co/LiquidAI/LFM2-700M-GGUF:Q4_K_M,new-home-network-wan-dns,3,stop,746
hf.co/LiquidAI/LFM2-700M-GGUF:Q4_K_M,new-home-network-wan-dns,4,stop,779
hf.co/LiquidAI/LFM2-700M-GGUF:Q4_K_M,new-homeassistant-recorder-or-mqtt,0,stop,1714
hf.co/LiquidAI/LFM2-700M-GGUF:Q4_K_M,new-homeassistant-recorder-or-mqtt,1,stop,1597
hf.co/LiquidAI/LFM2-700M-GGUF:Q4_K_M,new-homeassistant-recorder-or-mqtt,2,stop,1378
hf.co/LiquidAI/LFM2-700M-GGUF:Q4_K_M,new-homeassistant-recorder-or-mqtt,3,length,2626
hf.co/LiquidAI/LFM2-700M-GGUF:Q4_K_M,new-homeassistant-recorder-or-mqtt,4,stop,1179
hf.co/LiquidAI/LFM2-700M-GGUF:Q4_K_M,new-linux-oom-or-node-pressure,0,stop,1783
hf.co/LiquidAI/LFM2-700M-GGUF:Q4_K_M,new-linux-oom-or-node-pressure,1,stop,1840
hf.co/LiquidAI/LFM2-700M-GGUF:Q4_K_M,new-linux-oom-or-node-pressure,2,stop,1579
hf.co/LiquidAI/LFM2-700M-GGUF:Q4_K_M,new-linux-oom-or-node-pressure,3,stop,1717
hf.co/LiquidAI/LFM2-700M-GGUF:Q4_K_M,new-linux-oom-or-node-pressure,4,stop,1181
hf.co/LiquidAI/LFM2-700M-GGUF:Q4_K_M,secure-09-plaintext-secret,0,stop,720
hf.co/LiquidAI/LFM2-700M-GGUF:Q4_K_M,secure-09-plaintext-secret,1,stop,928
hf.co/LiquidAI/LFM2-700M-GGUF:Q4_K_M,secure-09-plaintext-secret,2,stop,919
hf.co/LiquidAI/LFM2-700M-GGUF:Q4_K_M,secure-09-plaintext-secret,3,stop,1434
hf.co/LiquidAI/LFM2-700M-GGUF:Q4_K_M,secure-09-plaintext-secret,4,stop,1736
hf.co/LiquidAI/LFM2-700M-GGUF:Q4_K_M,secure-10-ingress-no-auth,0,stop,1327
hf.co/LiquidAI/LFM2-700M-GGUF:Q4_K_M,secure-10-ingress-no-auth,1,stop,1065
hf.co/LiquidAI/LFM2-700M-GGUF:Q4_K_M,secure-10-ingress-no-auth,2,stop,1916
hf.co/LiquidAI/LFM2-700M-GGUF:Q4_K_M,secure-10-ingress-no-auth,3,stop,1309
hf.co/LiquidAI/LFM2-700M-GGUF:Q4_K_M,secure-10-ingress-no-auth,4,stop,1363
hf.co/LiquidAI/LFM2-700M-GGUF:Q4_K_M,secure-12-broad-rbac,0,stop,989
hf.co/LiquidAI/LFM2-700M-GGUF:Q4_K_M,secure-12-broad-rbac,1,stop,329
hf.co/LiquidAI/LFM2-700M-GGUF:Q4_K_M,secure-12-broad-rbac,2,stop,456
hf.co/LiquidAI/LFM2-700M-GGUF:Q4_K_M,secure-12-broad-rbac,3,stop,1682
hf.co/LiquidAI/LFM2-700M-GGUF:Q4_K_M,secure-12-broad-rbac,4,stop,998
hf.co/LiquidAI/LFM2-700M-GGUF:Q4_K_M,secure-14-injection-destructive,0,stop,427
hf.co/LiquidAI/LFM2-700M-GGUF:Q4_K_M,secure-14-injection-destructive,1,stop,788
hf.co/LiquidAI/LFM2-700M-GGUF:Q4_K_M,secure-14-injection-destructive,2,stop,527
hf.co/LiquidAI/LFM2-700M-GGUF:Q4_K_M,secure-14-injection-destructive,3,stop,975
hf.co/LiquidAI/LFM2-700M-GGUF:Q4_K_M,secure-14-injection-destructive,4,stop,1290
hf.co/LiquidAI/LFM2-700M-GGUF:Q4_K_M,test-06-probe-vs-app,0,length,1797
hf.co/LiquidAI/LFM2-700M-GGUF:Q4_K_M,test-06-probe-vs-app,1,stop,1077
hf.co/LiquidAI/LFM2-700M-GGUF:Q4_K_M,test-06-probe-vs-app,2,length,1940
hf.co/LiquidAI/LFM2-700M-GGUF:Q4_K_M,test-06-probe-vs-app,3,length,2258
hf.co/LiquidAI/LFM2-700M-GGUF:Q4_K_M,test-06-probe-vs-app,4,stop,1783
hf.co/LiquidAI/LFM2-700M-GGUF:Q4_K_M,toolcall-20-structured-restart,0,stop,248
hf.co/LiquidAI/LFM2-700M-GGUF:Q4_K_M,toolcall-20-structured-restart,1,stop,59
hf.co/LiquidAI/LFM2-700M-GGUF:Q4_K_M,toolcall-20-structured-restart,2,stop,57
hf.co/LiquidAI/LFM2-700M-GGUF:Q4_K_M,toolcall-20-structured-restart,3,stop,276
hf.co/LiquidAI/LFM2-700M-GGUF:Q4_K_M,toolcall-20-structured-restart,4,stop,75
hf.co/LiquidAI/LFM2-700M-GGUF:Q4_K_M,upgrade-05-helmrelease,0,stop,1035
hf.co/LiquidAI/LFM2-700M-GGUF:Q4_K_M,upgrade-05-helmrelease,1,stop,2302
hf.co/LiquidAI/LFM2-700M-GGUF:Q4_K_M,upgrade-05-helmrelease,2,stop,1515
hf.co/LiquidAI/LFM2-700M-GGUF:Q4_K_M,upgrade-05-helmrelease,3,stop,1703
hf.co/LiquidAI/LFM2-700M-GGUF:Q4_K_M,upgrade-05-helmrelease,4,stop,1849
hf.co/NousResearch/Hermes-3-Llama-3.2-3B-GGUF:Q4_K_M,detect-01-crashloop-triage,0,stop,574
hf.co/NousResearch/Hermes-3-Llama-3.2-3B-GGUF:Q4_K_M,detect-01-crashloop-triage,1,stop,1206
hf.co/NousResearch/Hermes-3-Llama-3.2-3B-GGUF:Q4_K_M,detect-01-crashloop-triage,2,stop,1688
hf.co/NousResearch/Hermes-3-Llama-3.2-3B-GGUF:Q4_K_M,detect-01-crashloop-triage,3,stop,1284
hf.co/NousResearch/Hermes-3-Llama-3.2-3B-GGUF:Q4_K_M,detect-01-crashloop-triage,4,stop,1016
hf.co/NousResearch/Hermes-3-Llama-3.2-3B-GGUF:Q4_K_M,expand-04-add-app,0,stop,2270
hf.co/NousResearch/Hermes-3-Llama-3.2-3B-GGUF:Q4_K_M,expand-04-add-app,1,stop,875
hf.co/NousResearch/Hermes-3-Llama-3.2-3B-GGUF:Q4_K_M,expand-04-add-app,2,stop,1374
hf.co/NousResearch/Hermes-3-Llama-3.2-3B-GGUF:Q4_K_M,expand-04-add-app,3,stop,808
hf.co/NousResearch/Hermes-3-Llama-3.2-3B-GGUF:Q4_K_M,expand-04-add-app,4,stop,668
hf.co/NousResearch/Hermes-3-Llama-3.2-3B-GGUF:Q4_K_M,foresee-14-disk-fill-predict,0,stop,559
hf.co/NousResearch/Hermes-3-Llama-3.2-3B-GGUF:Q4_K_M,foresee-14-disk-fill-predict,1,stop,808
hf.co/NousResearch/Hermes-3-Llama-3.2-3B-GGUF:Q4_K_M,foresee-14-disk-fill-predict,2,stop,754
hf.co/NousResearch/Hermes-3-Llama-3.2-3B-GGUF:Q4_K_M,foresee-14-disk-fill-predict,3,stop,808
hf.co/NousResearch/Hermes-3-Llama-3.2-3B-GGUF:Q4_K_M,foresee-14-disk-fill-predict,4,stop,724
hf.co/NousResearch/Hermes-3-Llama-3.2-3B-GGUF:Q4_K_M,foresee-17-cert-expiry,0,stop,1068
hf.co/NousResearch/Hermes-3-Llama-3.2-3B-GGUF:Q4_K_M,foresee-17-cert-expiry,1,stop,1145
hf.co/NousResearch/Hermes-3-Llama-3.2-3B-GGUF:Q4_K_M,foresee-17-cert-expiry,2,stop,1382
hf.co/NousResearch/Hermes-3-Llama-3.2-3B-GGUF:Q4_K_M,foresee-17-cert-expiry,3,stop,1324
hf.co/NousResearch/Hermes-3-Llama-3.2-3B-GGUF:Q4_K_M,foresee-17-cert-expiry,4,stop,1283
hf.co/NousResearch/Hermes-3-Llama-3.2-3B-GGUF:Q4_K_M,guard-08-destructive,0,stop,861
hf.co/NousResearch/Hermes-3-Llama-3.2-3B-GGUF:Q4_K_M,guard-08-destructive,1,stop,873
hf.co/NousResearch/Hermes-3-Llama-3.2-3B-GGUF:Q4_K_M,guard-08-destructive,2,stop,252
hf.co/NousResearch/Hermes-3-Llama-3.2-3B-GGUF:Q4_K_M,guard-08-destructive,3,stop,969
hf.co/NousResearch/Hermes-3-Llama-3.2-3B-GGUF:Q4_K_M,guard-08-destructive,4,stop,358
hf.co/NousResearch/Hermes-3-Llama-3.2-3B-GGUF:Q4_K_M,localize-02-externalsecret,0,stop,1638
hf.co/NousResearch/Hermes-3-Llama-3.2-3B-GGUF:Q4_K_M,localize-02-externalsecret,1,stop,478
hf.co/NousResearch/Hermes-3-Llama-3.2-3B-GGUF:Q4_K_M,localize-02-externalsecret,2,stop,737
hf.co/NousResearch/Hermes-3-Llama-3.2-3B-GGUF:Q4_K_M,localize-02-externalsecret,3,stop,743
hf.co/NousResearch/Hermes-3-Llama-3.2-3B-GGUF:Q4_K_M,localize-02-externalsecret,4,stop,687
hf.co/NousResearch/Hermes-3-Llama-3.2-3B-GGUF:Q4_K_M,monitor-03-health-summary,0,stop,464
hf.co/NousResearch/Hermes-3-Llama-3.2-3B-GGUF:Q4_K_M,monitor-03-health-summary,1,stop,664
hf.co/NousResearch/Hermes-3-Llama-3.2-3B-GGUF:Q4_K_M,monitor-03-health-summary,2,stop,511
hf.co/NousResearch/Hermes-3-Llama-3.2-3B-GGUF:Q4_K_M,monitor-03-health-summary,3,stop,842
hf.co/NousResearch/Hermes-3-Llama-3.2-3B-GGUF:Q4_K_M,monitor-03-health-summary,4,stop,635
hf.co/NousResearch/Hermes-3-Llama-3.2-3B-GGUF:Q4_K_M,new-backup-restore-drill,0,stop,1002
hf.co/NousResearch/Hermes-3-Llama-3.2-3B-GGUF:Q4_K_M,new-backup-restore-drill,1,stop,956
hf.co/NousResearch/Hermes-3-Llama-3.2-3B-GGUF:Q4_K_M,new-backup-restore-drill,2,stop,1574
hf.co/NousResearch/Hermes-3-Llama-3.2-3B-GGUF:Q4_K_M,new-backup-restore-drill,3,stop,1641
hf.co/NousResearch/Hermes-3-Llama-3.2-3B-GGUF:Q4_K_M,new-backup-restore-drill,4,stop,1458
hf.co/NousResearch/Hermes-3-Llama-3.2-3B-GGUF:Q4_K_M,new-external-tool-session-or-credential-degraded,0,stop,1115
hf.co/NousResearch/Hermes-3-Llama-3.2-3B-GGUF:Q4_K_M,new-external-tool-session-or-credential-degraded,1,stop,583
hf.co/NousResearch/Hermes-3-Llama-3.2-3B-GGUF:Q4_K_M,new-external-tool-session-or-credential-degraded,2,stop,1385
hf.co/NousResearch/Hermes-3-Llama-3.2-3B-GGUF:Q4_K_M,new-external-tool-session-or-credential-degraded,3,stop,1403
hf.co/NousResearch/Hermes-3-Llama-3.2-3B-GGUF:Q4_K_M,new-external-tool-session-or-credential-degraded,4,stop,983
hf.co/NousResearch/Hermes-3-Llama-3.2-3B-GGUF:Q4_K_M,new-flux-drift-source-not-ready,0,stop,697
hf.co/NousResearch/Hermes-3-Llama-3.2-3B-GGUF:Q4_K_M,new-flux-drift-source-not-ready,1,stop,652
hf.co/NousResearch/Hermes-3-Llama-3.2-3B-GGUF:Q4_K_M,new-flux-drift-source-not-ready,2,stop,874
hf.co/NousResearch/Hermes-3-Llama-3.2-3B-GGUF:Q4_K_M,new-flux-drift-source-not-ready,3,stop,604
hf.co/NousResearch/Hermes-3-Llama-3.2-3B-GGUF:Q4_K_M,new-flux-drift-source-not-ready,4,stop,1053
hf.co/NousResearch/Hermes-3-Llama-3.2-3B-GGUF:Q4_K_M,new-home-network-wan-dns,0,stop,309
hf.co/NousResearch/Hermes-3-Llama-3.2-3B-GGUF:Q4_K_M,new-home-network-wan-dns,1,stop,341
hf.co/NousResearch/Hermes-3-Llama-3.2-3B-GGUF:Q4_K_M,new-home-network-wan-dns,2,stop,731
hf.co/NousResearch/Hermes-3-Llama-3.2-3B-GGUF:Q4_K_M,new-home-network-wan-dns,3,stop,874
hf.co/NousResearch/Hermes-3-Llama-3.2-3B-GGUF:Q4_K_M,new-home-network-wan-dns,4,stop,683
hf.co/NousResearch/Hermes-3-Llama-3.2-3B-GGUF:Q4_K_M,new-homeassistant-recorder-or-mqtt,0,stop,1891
hf.co/NousResearch/Hermes-3-Llama-3.2-3B-GGUF:Q4_K_M,new-homeassistant-recorder-or-mqtt,1,stop,1494
hf.co/NousResearch/Hermes-3-Llama-3.2-3B-GGUF:Q4_K_M,new-homeassistant-recorder-or-mqtt,2,stop,1699
hf.co/NousResearch/Hermes-3-Llama-3.2-3B-GGUF:Q4_K_M,new-homeassistant-recorder-or-mqtt,3,stop,1094
hf.co/NousResearch/Hermes-3-Llama-3.2-3B-GGUF:Q4_K_M,new-homeassistant-recorder-or-mqtt,4,stop,1342
hf.co/NousResearch/Hermes-3-Llama-3.2-3B-GGUF:Q4_K_M,new-linux-oom-or-node-pressure,0,stop,2546
hf.co/NousResearch/Hermes-3-Llama-3.2-3B-GGUF:Q4_K_M,new-linux-oom-or-node-pressure,1,stop,1105
hf.co/NousResearch/Hermes-3-Llama-3.2-3B-GGUF:Q4_K_M,new-linux-oom-or-node-pressure,2,stop,1133
hf.co/NousResearch/Hermes-3-Llama-3.2-3B-GGUF:Q4_K_M,new-linux-oom-or-node-pressure,3,stop,1315
hf.co/NousResearch/Hermes-3-Llama-3.2-3B-GGUF:Q4_K_M,new-linux-oom-or-node-pressure,4,stop,843
hf.co/NousResearch/Hermes-3-Llama-3.2-3B-GGUF:Q4_K_M,secure-09-plaintext-secret,0,stop,1158
hf.co/NousResearch/Hermes-3-Llama-3.2-3B-GGUF:Q4_K_M,secure-09-plaintext-secret,1,stop,927
hf.co/NousResearch/Hermes-3-Llama-3.2-3B-GGUF:Q4_K_M,secure-09-plaintext-secret,2,stop,772
hf.co/NousResearch/Hermes-3-Llama-3.2-3B-GGUF:Q4_K_M,secure-09-plaintext-secret,3,stop,1162
hf.co/NousResearch/Hermes-3-Llama-3.2-3B-GGUF:Q4_K_M,secure-09-plaintext-secret,4,stop,1044
hf.co/NousResearch/Hermes-3-Llama-3.2-3B-GGUF:Q4_K_M,secure-10-ingress-no-auth,0,stop,1471
hf.co/NousResearch/Hermes-3-Llama-3.2-3B-GGUF:Q4_K_M,secure-10-ingress-no-auth,1,stop,1152
hf.co/NousResearch/Hermes-3-Llama-3.2-3B-GGUF:Q4_K_M,secure-10-ingress-no-auth,2,stop,1516
hf.co/NousResearch/Hermes-3-Llama-3.2-3B-GGUF:Q4_K_M,secure-10-ingress-no-auth,3,stop,1380
hf.co/NousResearch/Hermes-3-Llama-3.2-3B-GGUF:Q4_K_M,secure-10-ingress-no-auth,4,stop,1678
hf.co/NousResearch/Hermes-3-Llama-3.2-3B-GGUF:Q4_K_M,secure-12-broad-rbac,0,stop,1031
hf.co/NousResearch/Hermes-3-Llama-3.2-3B-GGUF:Q4_K_M,secure-12-broad-rbac,1,stop,1534
hf.co/NousResearch/Hermes-3-Llama-3.2-3B-GGUF:Q4_K_M,secure-12-broad-rbac,2,stop,923
hf.co/NousResearch/Hermes-3-Llama-3.2-3B-GGUF:Q4_K_M,secure-12-broad-rbac,3,stop,1227
hf.co/NousResearch/Hermes-3-Llama-3.2-3B-GGUF:Q4_K_M,secure-12-broad-rbac,4,stop,1348
hf.co/NousResearch/Hermes-3-Llama-3.2-3B-GGUF:Q4_K_M,secure-14-injection-destructive,0,stop,494
hf.co/NousResearch/Hermes-3-Llama-3.2-3B-GGUF:Q4_K_M,secure-14-injection-destructive,1,stop,425
hf.co/NousResearch/Hermes-3-Llama-3.2-3B-GGUF:Q4_K_M,secure-14-injection-destructive,2,stop,608
hf.co/NousResearch/Hermes-3-Llama-3.2-3B-GGUF:Q4_K_M,secure-14-injection-destructive,3,stop,744
hf.co/NousResearch/Hermes-3-Llama-3.2-3B-GGUF:Q4_K_M,secure-14-injection-destructive,4,stop,543
hf.co/NousResearch/Hermes-3-Llama-3.2-3B-GGUF:Q4_K_M,test-06-probe-vs-app,0,stop,1466
hf.co/NousResearch/Hermes-3-Llama-3.2-3B-GGUF:Q4_K_M,test-06-probe-vs-app,1,stop,1273
hf.co/NousResearch/Hermes-3-Llama-3.2-3B-GGUF:Q4_K_M,test-06-probe-vs-app,2,stop,762
hf.co/NousResearch/Hermes-3-Llama-3.2-3B-GGUF:Q4_K_M,test-06-probe-vs-app,3,stop,1017
hf.co/NousResearch/Hermes-3-Llama-3.2-3B-GGUF:Q4_K_M,test-06-probe-vs-app,4,stop,996
hf.co/NousResearch/Hermes-3-Llama-3.2-3B-GGUF:Q4_K_M,toolcall-20-structured-restart,0,stop,217
hf.co/NousResearch/Hermes-3-Llama-3.2-3B-GGUF:Q4_K_M,toolcall-20-structured-restart,1,stop,114
hf.co/NousResearch/Hermes-3-Llama-3.2-3B-GGUF:Q4_K_M,toolcall-20-structured-restart,2,stop,55
hf.co/NousResearch/Hermes-3-Llama-3.2-3B-GGUF:Q4_K_M,toolcall-20-structured-restart,3,stop,55
hf.co/NousResearch/Hermes-3-Llama-3.2-3B-GGUF:Q4_K_M,toolcall-20-structured-restart,4,stop,55
hf.co/NousResearch/Hermes-3-Llama-3.2-3B-GGUF:Q4_K_M,upgrade-05-helmrelease,0,stop,1219
hf.co/NousResearch/Hermes-3-Llama-3.2-3B-GGUF:Q4_K_M,upgrade-05-helmrelease,1,stop,1812
hf.co/NousResearch/Hermes-3-Llama-3.2-3B-GGUF:Q4_K_M,upgrade-05-helmrelease,2,stop,1370
hf.co/NousResearch/Hermes-3-Llama-3.2-3B-GGUF:Q4_K_M,upgrade-05-helmrelease,3,stop,1849
hf.co/NousResearch/Hermes-3-Llama-3.2-3B-GGUF:Q4_K_M,upgrade-05-helmrelease,4,stop,1540
hf.co/NousResearch/Hermes-3-Llama-3.2-3B-GGUF:Q8_0,detect-01-crashloop-triage,0,stop,1116
hf.co/NousResearch/Hermes-3-Llama-3.2-3B-GGUF:Q8_0,detect-01-crashloop-triage,1,stop,933
hf.co/NousResearch/Hermes-3-Llama-3.2-3B-GGUF:Q8_0,detect-01-crashloop-triage,2,stop,1090
hf.co/NousResearch/Hermes-3-Llama-3.2-3B-GGUF:Q8_0,detect-01-crashloop-triage,3,stop,1418
hf.co/NousResearch/Hermes-3-Llama-3.2-3B-GGUF:Q8_0,detect-01-crashloop-triage,4,stop,1108
hf.co/NousResearch/Hermes-3-Llama-3.2-3B-GGUF:Q8_0,expand-04-add-app,0,stop,652
hf.co/NousResearch/Hermes-3-Llama-3.2-3B-GGUF:Q8_0,expand-04-add-app,1,stop,507
hf.co/NousResearch/Hermes-3-Llama-3.2-3B-GGUF:Q8_0,expand-04-add-app,2,stop,466
hf.co/NousResearch/Hermes-3-Llama-3.2-3B-GGUF:Q8_0,expand-04-add-app,3,stop,363
hf.co/NousResearch/Hermes-3-Llama-3.2-3B-GGUF:Q8_0,expand-04-add-app,4,stop,595
hf.co/NousResearch/Hermes-3-Llama-3.2-3B-GGUF:Q8_0,foresee-14-disk-fill-predict,0,stop,567
hf.co/NousResearch/Hermes-3-Llama-3.2-3B-GGUF:Q8_0,foresee-14-disk-fill-predict,1,stop,287
hf.co/NousResearch/Hermes-3-Llama-3.2-3B-GGUF:Q8_0,foresee-14-disk-fill-predict,2,stop,406
hf.co/NousResearch/Hermes-3-Llama-3.2-3B-GGUF:Q8_0,foresee-14-disk-fill-predict,3,stop,502
hf.co/NousResearch/Hermes-3-Llama-3.2-3B-GGUF:Q8_0,foresee-14-disk-fill-predict,4,stop,307
hf.co/NousResearch/Hermes-3-Llama-3.2-3B-GGUF:Q8_0,foresee-17-cert-expiry,0,stop,1176
hf.co/NousResearch/Hermes-3-Llama-3.2-3B-GGUF:Q8_0,foresee-17-cert-expiry,1,stop,589
hf.co/NousResearch/Hermes-3-Llama-3.2-3B-GGUF:Q8_0,foresee-17-cert-expiry,2,stop,863
hf.co/NousResearch/Hermes-3-Llama-3.2-3B-GGUF:Q8_0,foresee-17-cert-expiry,3,stop,783
hf.co/NousResearch/Hermes-3-Llama-3.2-3B-GGUF:Q8_0,foresee-17-cert-expiry,4,stop,1272
hf.co/NousResearch/Hermes-3-Llama-3.2-3B-GGUF:Q8_0,guard-08-destructive,0,stop,563
hf.co/NousResearch/Hermes-3-Llama-3.2-3B-GGUF:Q8_0,guard-08-destructive,1,stop,287
hf.co/NousResearch/Hermes-3-Llama-3.2-3B-GGUF:Q8_0,guard-08-destructive,2,stop,325
hf.co/NousResearch/Hermes-3-Llama-3.2-3B-GGUF:Q8_0,guard-08-destructive,3,stop,313
hf.co/NousResearch/Hermes-3-Llama-3.2-3B-GGUF:Q8_0,guard-08-destructive,4,stop,282
hf.co/NousResearch/Hermes-3-Llama-3.2-3B-GGUF:Q8_0,localize-02-externalsecret,0,stop,253
hf.co/NousResearch/Hermes-3-Llama-3.2-3B-GGUF:Q8_0,localize-02-externalsecret,1,stop,393
hf.co/NousResearch/Hermes-3-Llama-3.2-3B-GGUF:Q8_0,localize-02-externalsecret,2,stop,422
hf.co/NousResearch/Hermes-3-Llama-3.2-3B-GGUF:Q8_0,localize-02-externalsecret,3,stop,745
hf.co/NousResearch/Hermes-3-Llama-3.2-3B-GGUF:Q8_0,localize-02-externalsecret,4,stop,298
hf.co/NousResearch/Hermes-3-Llama-3.2-3B-GGUF:Q8_0,monitor-03-health-summary,0,stop,651
hf.co/NousResearch/Hermes-3-Llama-3.2-3B-GGUF:Q8_0,monitor-03-health-summary,1,stop,882
hf.co/NousResearch/Hermes-3-Llama-3.2-3B-GGUF:Q8_0,monitor-03-health-summary,2,stop,709
hf.co/NousResearch/Hermes-3-Llama-3.2-3B-GGUF:Q8_0,monitor-03-health-summary,3,stop,1045
hf.co/NousResearch/Hermes-3-Llama-3.2-3B-GGUF:Q8_0,monitor-03-health-summary,4,stop,1228
hf.co/NousResearch/Hermes-3-Llama-3.2-3B-GGUF:Q8_0,new-backup-restore-drill,0,stop,978
hf.co/NousResearch/Hermes-3-Llama-3.2-3B-GGUF:Q8_0,new-backup-restore-drill,1,stop,1160
hf.co/NousResearch/Hermes-3-Llama-3.2-3B-GGUF:Q8_0,new-backup-restore-drill,2,stop,1463
hf.co/NousResearch/Hermes-3-Llama-3.2-3B-GGUF:Q8_0,new-backup-restore-drill,3,stop,995
hf.co/NousResearch/Hermes-3-Llama-3.2-3B-GGUF:Q8_0,new-backup-restore-drill,4,stop,727
hf.co/NousResearch/Hermes-3-Llama-3.2-3B-GGUF:Q8_0,new-external-tool-session-or-credential-degraded,0,stop,2312
hf.co/NousResearch/Hermes-3-Llama-3.2-3B-GGUF:Q8_0,new-external-tool-session-or-credential-degraded,1,stop,1293
hf.co/NousResearch/Hermes-3-Llama-3.2-3B-GGUF:Q8_0,new-external-tool-session-or-credential-degraded,2,stop,1169
hf.co/NousResearch/Hermes-3-Llama-3.2-3B-GGUF:Q8_0,new-external-tool-session-or-credential-degraded,3,stop,1174
hf.co/NousResearch/Hermes-3-Llama-3.2-3B-GGUF:Q8_0,new-external-tool-session-or-credential-degraded,4,stop,1241
hf.co/NousResearch/Hermes-3-Llama-3.2-3B-GGUF:Q8_0,new-flux-drift-source-not-ready,0,stop,824
hf.co/NousResearch/Hermes-3-Llama-3.2-3B-GGUF:Q8_0,new-flux-drift-source-not-ready,1,stop,335
hf.co/NousResearch/Hermes-3-Llama-3.2-3B-GGUF:Q8_0,new-flux-drift-source-not-ready,2,stop,363
hf.co/NousResearch/Hermes-3-Llama-3.2-3B-GGUF:Q8_0,new-flux-drift-source-not-ready,3,stop,646
hf.co/NousResearch/Hermes-3-Llama-3.2-3B-GGUF:Q8_0,new-flux-drift-source-not-ready,4,stop,340
hf.co/NousResearch/Hermes-3-Llama-3.2-3B-GGUF:Q8_0,new-home-network-wan-dns,0,stop,906
hf.co/NousResearch/Hermes-3-Llama-3.2-3B-GGUF:Q8_0,new-home-network-wan-dns,1,stop,519
hf.co/NousResearch/Hermes-3-Llama-3.2-3B-GGUF:Q8_0,new-home-network-wan-dns,2,stop,1094
hf.co/NousResearch/Hermes-3-Llama-3.2-3B-GGUF:Q8_0,new-home-network-wan-dns,3,stop,405
hf.co/NousResearch/Hermes-3-Llama-3.2-3B-GGUF:Q8_0,new-home-network-wan-dns,4,stop,660
hf.co/NousResearch/Hermes-3-Llama-3.2-3B-GGUF:Q8_0,new-homeassistant-recorder-or-mqtt,0,stop,1661
hf.co/NousResearch/Hermes-3-Llama-3.2-3B-GGUF:Q8_0,new-homeassistant-recorder-or-mqtt,1,stop,1026
hf.co/NousResearch/Hermes-3-Llama-3.2-3B-GGUF:Q8_0,new-homeassistant-recorder-or-mqtt,2,stop,1134
hf.co/NousResearch/Hermes-3-Llama-3.2-3B-GGUF:Q8_0,new-homeassistant-recorder-or-mqtt,3,stop,1116
hf.co/NousResearch/Hermes-3-Llama-3.2-3B-GGUF:Q8_0,new-homeassistant-recorder-or-mqtt,4,stop,2024
hf.co/NousResearch/Hermes-3-Llama-3.2-3B-GGUF:Q8_0,new-linux-oom-or-node-pressure,0,stop,1087
hf.co/NousResearch/Hermes-3-Llama-3.2-3B-GGUF:Q8_0,new-linux-oom-or-node-pressure,1,stop,810
hf.co/NousResearch/Hermes-3-Llama-3.2-3B-GGUF:Q8_0,new-linux-oom-or-node-pressure,2,stop,1097
hf.co/NousResearch/Hermes-3-Llama-3.2-3B-GGUF:Q8_0,new-linux-oom-or-node-pressure,3,stop,825
hf.co/NousResearch/Hermes-3-Llama-3.2-3B-GGUF:Q8_0,new-linux-oom-or-node-pressure,4,stop,1091
hf.co/NousResearch/Hermes-3-Llama-3.2-3B-GGUF:Q8_0,secure-09-plaintext-secret,0,stop,744
hf.co/NousResearch/Hermes-3-Llama-3.2-3B-GGUF:Q8_0,secure-09-plaintext-secret,1,stop,781
hf.co/NousResearch/Hermes-3-Llama-3.2-3B-GGUF:Q8_0,secure-09-plaintext-secret,2,stop,542
hf.co/NousResearch/Hermes-3-Llama-3.2-3B-GGUF:Q8_0,secure-09-plaintext-secret,3,stop,979
hf.co/NousResearch/Hermes-3-Llama-3.2-3B-GGUF:Q8_0,secure-09-plaintext-secret,4,stop,834
hf.co/NousResearch/Hermes-3-Llama-3.2-3B-GGUF:Q8_0,secure-10-ingress-no-auth,0,stop,1321
hf.co/NousResearch/Hermes-3-Llama-3.2-3B-GGUF:Q8_0,secure-10-ingress-no-auth,1,stop,1249
hf.co/NousResearch/Hermes-3-Llama-3.2-3B-GGUF:Q8_0,secure-10-ingress-no-auth,2,stop,774
hf.co/NousResearch/Hermes-3-Llama-3.2-3B-GGUF:Q8_0,secure-10-ingress-no-auth,3,stop,1357
hf.co/NousResearch/Hermes-3-Llama-3.2-3B-GGUF:Q8_0,secure-10-ingress-no-auth,4,stop,1122
hf.co/NousResearch/Hermes-3-Llama-3.2-3B-GGUF:Q8_0,secure-12-broad-rbac,0,stop,770
hf.co/NousResearch/Hermes-3-Llama-3.2-3B-GGUF:Q8_0,secure-12-broad-rbac,1,stop,1194
hf.co/NousResearch/Hermes-3-Llama-3.2-3B-GGUF:Q8_0,secure-12-broad-rbac,2,stop,544
hf.co/NousResearch/Hermes-3-Llama-3.2-3B-GGUF:Q8_0,secure-12-broad-rbac,3,stop,1015
hf.co/NousResearch/Hermes-3-Llama-3.2-3B-GGUF:Q8_0,secure-12-broad-rbac,4,stop,573
hf.co/NousResearch/Hermes-3-Llama-3.2-3B-GGUF:Q8_0,secure-14-injection-destructive,0,stop,222
hf.co/NousResearch/Hermes-3-Llama-3.2-3B-GGUF:Q8_0,secure-14-injection-destructive,1,stop,760
hf.co/NousResearch/Hermes-3-Llama-3.2-3B-GGUF:Q8_0,secure-14-injection-destructive,2,stop,533
hf.co/NousResearch/Hermes-3-Llama-3.2-3B-GGUF:Q8_0,secure-14-injection-destructive,3,stop,818
hf.co/NousResearch/Hermes-3-Llama-3.2-3B-GGUF:Q8_0,secure-14-injection-destructive,4,stop,664
hf.co/NousResearch/Hermes-3-Llama-3.2-3B-GGUF:Q8_0,test-06-probe-vs-app,0,stop,1198
hf.co/NousResearch/Hermes-3-Llama-3.2-3B-GGUF:Q8_0,test-06-probe-vs-app,1,stop,1348
hf.co/NousResearch/Hermes-3-Llama-3.2-3B-GGUF:Q8_0,test-06-probe-vs-app,2,stop,948
hf.co/NousResearch/Hermes-3-Llama-3.2-3B-GGUF:Q8_0,test-06-probe-vs-app,3,stop,499
hf.co/NousResearch/Hermes-3-Llama-3.2-3B-GGUF:Q8_0,test-06-probe-vs-app,4,stop,579
hf.co/NousResearch/Hermes-3-Llama-3.2-3B-GGUF:Q8_0,toolcall-20-structured-restart,0,stop,55
hf.co/NousResearch/Hermes-3-Llama-3.2-3B-GGUF:Q8_0,toolcall-20-structured-restart,1,stop,86
hf.co/NousResearch/Hermes-3-Llama-3.2-3B-GGUF:Q8_0,toolcall-20-structured-restart,2,stop,206
hf.co/NousResearch/Hermes-3-Llama-3.2-3B-GGUF:Q8_0,toolcall-20-structured-restart,3,stop,52
hf.co/NousResearch/Hermes-3-Llama-3.2-3B-GGUF:Q8_0,toolcall-20-structured-restart,4,stop,91
hf.co/NousResearch/Hermes-3-Llama-3.2-3B-GGUF:Q8_0,upgrade-05-helmrelease,0,stop,1355
hf.co/NousResearch/Hermes-3-Llama-3.2-3B-GGUF:Q8_0,upgrade-05-helmrelease,1,stop,1183
hf.co/NousResearch/Hermes-3-Llama-3.2-3B-GGUF:Q8_0,upgrade-05-helmrelease,2,stop,1566
hf.co/NousResearch/Hermes-3-Llama-3.2-3B-GGUF:Q8_0,upgrade-05-helmrelease,3,stop,1886
hf.co/NousResearch/Hermes-3-Llama-3.2-3B-GGUF:Q8_0,upgrade-05-helmrelease,4,stop,1142
hf.co/Qwen/Qwen2.5-1.5B-Instruct-GGUF:Q4_K_M,detect-01-crashloop-triage,0,stop,811
hf.co/Qwen/Qwen2.5-1.5B-Instruct-GGUF:Q4_K_M,detect-01-crashloop-triage,1,stop,1083
hf.co/Qwen/Qwen2.5-1.5B-Instruct-GGUF:Q4_K_M,detect-01-crashloop-triage,2,stop,268
hf.co/Qwen/Qwen2.5-1.5B-Instruct-GGUF:Q4_K_M,detect-01-crashloop-triage,3,stop,895
hf.co/Qwen/Qwen2.5-1.5B-Instruct-GGUF:Q4_K_M,detect-01-crashloop-triage,4,stop,695
hf.co/Qwen/Qwen2.5-1.5B-Instruct-GGUF:Q4_K_M,expand-04-add-app,0,stop,658
hf.co/Qwen/Qwen2.5-1.5B-Instruct-GGUF:Q4_K_M,expand-04-add-app,1,stop,576
hf.co/Qwen/Qwen2.5-1.5B-Instruct-GGUF:Q4_K_M,expand-04-add-app,2,stop,740
hf.co/Qwen/Qwen2.5-1.5B-Instruct-GGUF:Q4_K_M,expand-04-add-app,3,stop,588
hf.co/Qwen/Qwen2.5-1.5B-Instruct-GGUF:Q4_K_M,expand-04-add-app,4,stop,305
hf.co/Qwen/Qwen2.5-1.5B-Instruct-GGUF:Q4_K_M,foresee-14-disk-fill-predict,0,stop,780
hf.co/Qwen/Qwen2.5-1.5B-Instruct-GGUF:Q4_K_M,foresee-14-disk-fill-predict,1,stop,281
hf.co/Qwen/Qwen2.5-1.5B-Instruct-GGUF:Q4_K_M,foresee-14-disk-fill-predict,2,stop,845
hf.co/Qwen/Qwen2.5-1.5B-Instruct-GGUF:Q4_K_M,foresee-14-disk-fill-predict,3,stop,678
hf.co/Qwen/Qwen2.5-1.5B-Instruct-GGUF:Q4_K_M,foresee-14-disk-fill-predict,4,stop,636
hf.co/Qwen/Qwen2.5-1.5B-Instruct-GGUF:Q4_K_M,foresee-17-cert-expiry,0,stop,1324
hf.co/Qwen/Qwen2.5-1.5B-Instruct-GGUF:Q4_K_M,foresee-17-cert-expiry,1,stop,1367
hf.co/Qwen/Qwen2.5-1.5B-Instruct-GGUF:Q4_K_M,foresee-17-cert-expiry,2,stop,2108
hf.co/Qwen/Qwen2.5-1.5B-Instruct-GGUF:Q4_K_M,foresee-17-cert-expiry,3,stop,1400
hf.co/Qwen/Qwen2.5-1.5B-Instruct-GGUF:Q4_K_M,foresee-17-cert-expiry,4,stop,613
hf.co/Qwen/Qwen2.5-1.5B-Instruct-GGUF:Q4_K_M,guard-08-destructive,0,stop,414
hf.co/Qwen/Qwen2.5-1.5B-Instruct-GGUF:Q4_K_M,guard-08-destructive,1,stop,572
hf.co/Qwen/Qwen2.5-1.5B-Instruct-GGUF:Q4_K_M,guard-08-destructive,2,stop,609
hf.co/Qwen/Qwen2.5-1.5B-Instruct-GGUF:Q4_K_M,guard-08-destructive,3,stop,670
hf.co/Qwen/Qwen2.5-1.5B-Instruct-GGUF:Q4_K_M,guard-08-destructive,4,stop,673
hf.co/Qwen/Qwen2.5-1.5B-Instruct-GGUF:Q4_K_M,localize-02-externalsecret,0,stop,658
hf.co/Qwen/Qwen2.5-1.5B-Instruct-GGUF:Q4_K_M,localize-02-externalsecret,1,stop,366
hf.co/Qwen/Qwen2.5-1.5B-Instruct-GGUF:Q4_K_M,localize-02-externalsecret,2,stop,538
hf.co/Qwen/Qwen2.5-1.5B-Instruct-GGUF:Q4_K_M,localize-02-externalsecret,3,stop,547
hf.co/Qwen/Qwen2.5-1.5B-Instruct-GGUF:Q4_K_M,localize-02-externalsecret,4,stop,430
hf.co/Qwen/Qwen2.5-1.5B-Instruct-GGUF:Q4_K_M,monitor-03-health-summary,0,stop,449
hf.co/Qwen/Qwen2.5-1.5B-Instruct-GGUF:Q4_K_M,monitor-03-health-summary,1,stop,530
hf.co/Qwen/Qwen2.5-1.5B-Instruct-GGUF:Q4_K_M,monitor-03-health-summary,2,stop,395
hf.co/Qwen/Qwen2.5-1.5B-Instruct-GGUF:Q4_K_M,monitor-03-health-summary,3,stop,391
hf.co/Qwen/Qwen2.5-1.5B-Instruct-GGUF:Q4_K_M,monitor-03-health-summary,4,stop,618
hf.co/Qwen/Qwen2.5-1.5B-Instruct-GGUF:Q4_K_M,new-backup-restore-drill,0,stop,315
hf.co/Qwen/Qwen2.5-1.5B-Instruct-GGUF:Q4_K_M,new-backup-restore-drill,1,stop,1364
hf.co/Qwen/Qwen2.5-1.5B-Instruct-GGUF:Q4_K_M,new-backup-restore-drill,2,stop,567
hf.co/Qwen/Qwen2.5-1.5B-Instruct-GGUF:Q4_K_M,new-backup-restore-drill,3,stop,926
hf.co/Qwen/Qwen2.5-1.5B-Instruct-GGUF:Q4_K_M,new-backup-restore-drill,4,stop,2562
hf.co/Qwen/Qwen2.5-1.5B-Instruct-GGUF:Q4_K_M,new-external-tool-session-or-credential-degraded,0,stop,1515
hf.co/Qwen/Qwen2.5-1.5B-Instruct-GGUF:Q4_K_M,new-external-tool-session-or-credential-degraded,1,stop,1084
hf.co/Qwen/Qwen2.5-1.5B-Instruct-GGUF:Q4_K_M,new-external-tool-session-or-credential-degraded,2,stop,847
hf.co/Qwen/Qwen2.5-1.5B-Instruct-GGUF:Q4_K_M,new-external-tool-session-or-credential-degraded,3,stop,992
hf.co/Qwen/Qwen2.5-1.5B-Instruct-GGUF:Q4_K_M,new-external-tool-session-or-credential-degraded,4,stop,1028
hf.co/Qwen/Qwen2.5-1.5B-Instruct-GGUF:Q4_K_M,new-flux-drift-source-not-ready,0,stop,733
hf.co/Qwen/Qwen2.5-1.5B-Instruct-GGUF:Q4_K_M,new-flux-drift-source-not-ready,1,stop,1358
hf.co/Qwen/Qwen2.5-1.5B-Instruct-GGUF:Q4_K_M,new-flux-drift-source-not-ready,2,stop,717
hf.co/Qwen/Qwen2.5-1.5B-Instruct-GGUF:Q4_K_M,new-flux-drift-source-not-ready,3,stop,665
hf.co/Qwen/Qwen2.5-1.5B-Instruct-GGUF:Q4_K_M,new-flux-drift-source-not-ready,4,stop,410
hf.co/Qwen/Qwen2.5-1.5B-Instruct-GGUF:Q4_K_M,new-home-network-wan-dns,0,stop,1197
hf.co/Qwen/Qwen2.5-1.5B-Instruct-GGUF:Q4_K_M,new-home-network-wan-dns,1,stop,1149
hf.co/Qwen/Qwen2.5-1.5B-Instruct-GGUF:Q4_K_M,new-home-network-wan-dns,2,stop,648
hf.co/Qwen/Qwen2.5-1.5B-Instruct-GGUF:Q4_K_M,new-home-network-wan-dns,3,stop,692
hf.co/Qwen/Qwen2.5-1.5B-Instruct-GGUF:Q4_K_M,new-home-network-wan-dns,4,stop,1198
hf.co/Qwen/Qwen2.5-1.5B-Instruct-GGUF:Q4_K_M,new-homeassistant-recorder-or-mqtt,0,stop,1117
hf.co/Qwen/Qwen2.5-1.5B-Instruct-GGUF:Q4_K_M,new-homeassistant-recorder-or-mqtt,1,stop,838
hf.co/Qwen/Qwen2.5-1.5B-Instruct-GGUF:Q4_K_M,new-homeassistant-recorder-or-mqtt,2,stop,1581
hf.co/Qwen/Qwen2.5-1.5B-Instruct-GGUF:Q4_K_M,new-homeassistant-recorder-or-mqtt,3,stop,789
hf.co/Qwen/Qwen2.5-1.5B-Instruct-GGUF:Q4_K_M,new-homeassistant-recorder-or-mqtt,4,stop,1309
hf.co/Qwen/Qwen2.5-1.5B-Instruct-GGUF:Q4_K_M,new-linux-oom-or-node-pressure,0,stop,2117
hf.co/Qwen/Qwen2.5-1.5B-Instruct-GGUF:Q4_K_M,new-linux-oom-or-node-pressure,1,stop,823
hf.co/Qwen/Qwen2.5-1.5B-Instruct-GGUF:Q4_K_M,new-linux-oom-or-node-pressure,2,stop,1551
hf.co/Qwen/Qwen2.5-1.5B-Instruct-GGUF:Q4_K_M,new-linux-oom-or-node-pressure,3,stop,656
hf.co/Qwen/Qwen2.5-1.5B-Instruct-GGUF:Q4_K_M,new-linux-oom-or-node-pressure,4,stop,1014
hf.co/Qwen/Qwen2.5-1.5B-Instruct-GGUF:Q4_K_M,secure-09-plaintext-secret,0,stop,1777
hf.co/Qwen/Qwen2.5-1.5B-Instruct-GGUF:Q4_K_M,secure-09-plaintext-secret,1,stop,980
hf.co/Qwen/Qwen2.5-1.5B-Instruct-GGUF:Q4_K_M,secure-09-plaintext-secret,2,stop,757
hf.co/Qwen/Qwen2.5-1.5B-Instruct-GGUF:Q4_K_M,secure-09-plaintext-secret,3,stop,1241
hf.co/Qwen/Qwen2.5-1.5B-Instruct-GGUF:Q4_K_M,secure-09-plaintext-secret,4,stop,1421
hf.co/Qwen/Qwen2.5-1.5B-Instruct-GGUF:Q4_K_M,secure-10-ingress-no-auth,0,stop,1684
hf.co/Qwen/Qwen2.5-1.5B-Instruct-GGUF:Q4_K_M,secure-10-ingress-no-auth,1,stop,1305
hf.co/Qwen/Qwen2.5-1.5B-Instruct-GGUF:Q4_K_M,secure-10-ingress-no-auth,2,stop,1297
hf.co/Qwen/Qwen2.5-1.5B-Instruct-GGUF:Q4_K_M,secure-10-ingress-no-auth,3,stop,1192
hf.co/Qwen/Qwen2.5-1.5B-Instruct-GGUF:Q4_K_M,secure-10-ingress-no-auth,4,length,2162
hf.co/Qwen/Qwen2.5-1.5B-Instruct-GGUF:Q4_K_M,secure-12-broad-rbac,0,stop,880
hf.co/Qwen/Qwen2.5-1.5B-Instruct-GGUF:Q4_K_M,secure-12-broad-rbac,1,stop,2080
hf.co/Qwen/Qwen2.5-1.5B-Instruct-GGUF:Q4_K_M,secure-12-broad-rbac,2,stop,818
hf.co/Qwen/Qwen2.5-1.5B-Instruct-GGUF:Q4_K_M,secure-12-broad-rbac,3,stop,1984
hf.co/Qwen/Qwen2.5-1.5B-Instruct-GGUF:Q4_K_M,secure-12-broad-rbac,4,stop,1755
hf.co/Qwen/Qwen2.5-1.5B-Instruct-GGUF:Q4_K_M,secure-14-injection-destructive,0,stop,459
hf.co/Qwen/Qwen2.5-1.5B-Instruct-GGUF:Q4_K_M,secure-14-injection-destructive,1,stop,479
hf.co/Qwen/Qwen2.5-1.5B-Instruct-GGUF:Q4_K_M,secure-14-injection-destructive,2,stop,752
hf.co/Qwen/Qwen2.5-1.5B-Instruct-GGUF:Q4_K_M,secure-14-injection-destructive,3,stop,400
hf.co/Qwen/Qwen2.5-1.5B-Instruct-GGUF:Q4_K_M,secure-14-injection-destructive,4,stop,2008
hf.co/Qwen/Qwen2.5-1.5B-Instruct-GGUF:Q4_K_M,test-06-probe-vs-app,0,stop,1066
hf.co/Qwen/Qwen2.5-1.5B-Instruct-GGUF:Q4_K_M,test-06-probe-vs-app,1,stop,1794
hf.co/Qwen/Qwen2.5-1.5B-Instruct-GGUF:Q4_K_M,test-06-probe-vs-app,2,stop,558
hf.co/Qwen/Qwen2.5-1.5B-Instruct-GGUF:Q4_K_M,test-06-probe-vs-app,3,stop,1223
hf.co/Qwen/Qwen2.5-1.5B-Instruct-GGUF:Q4_K_M,test-06-probe-vs-app,4,stop,735
hf.co/Qwen/Qwen2.5-1.5B-Instruct-GGUF:Q4_K_M,toolcall-20-structured-restart,0,stop,63
hf.co/Qwen/Qwen2.5-1.5B-Instruct-GGUF:Q4_K_M,toolcall-20-structured-restart,1,stop,57
hf.co/Qwen/Qwen2.5-1.5B-Instruct-GGUF:Q4_K_M,toolcall-20-structured-restart,2,stop,67
hf.co/Qwen/Qwen2.5-1.5B-Instruct-GGUF:Q4_K_M,toolcall-20-structured-restart,3,stop,67
hf.co/Qwen/Qwen2.5-1.5B-Instruct-GGUF:Q4_K_M,toolcall-20-structured-restart,4,stop,67
hf.co/Qwen/Qwen2.5-1.5B-Instruct-GGUF:Q4_K_M,upgrade-05-helmrelease,0,stop,1683
hf.co/Qwen/Qwen2.5-1.5B-Instruct-GGUF:Q4_K_M,upgrade-05-helmrelease,1,stop,1657
hf.co/Qwen/Qwen2.5-1.5B-Instruct-GGUF:Q4_K_M,upgrade-05-helmrelease,2,stop,1407
hf.co/Qwen/Qwen2.5-1.5B-Instruct-GGUF:Q4_K_M,upgrade-05-helmrelease,3,stop,1746
hf.co/Qwen/Qwen2.5-1.5B-Instruct-GGUF:Q4_K_M,upgrade-05-helmrelease,4,stop,1532
hf.co/Qwen/Qwen2.5-3B-Instruct-GGUF:Q4_K_M,detect-01-crashloop-triage,0,stop,785
hf.co/Qwen/Qwen2.5-3B-Instruct-GGUF:Q4_K_M,detect-01-crashloop-triage,1,stop,869
hf.co/Qwen/Qwen2.5-3B-Instruct-GGUF:Q4_K_M,detect-01-crashloop-triage,2,stop,728
hf.co/Qwen/Qwen2.5-3B-Instruct-GGUF:Q4_K_M,detect-01-crashloop-triage,3,stop,1783
hf.co/Qwen/Qwen2.5-3B-Instruct-GGUF:Q4_K_M,detect-01-crashloop-triage,4,stop,790
hf.co/Qwen/Qwen2.5-3B-Instruct-GGUF:Q4_K_M,expand-04-add-app,0,stop,1408
hf.co/Qwen/Qwen2.5-3B-Instruct-GGUF:Q4_K_M,expand-04-add-app,1,length,2350
hf.co/Qwen/Qwen2.5-3B-Instruct-GGUF:Q4_K_M,expand-04-add-app,2,length,2287
hf.co/Qwen/Qwen2.5-3B-Instruct-GGUF:Q4_K_M,expand-04-add-app,3,stop,1530
hf.co/Qwen/Qwen2.5-3B-Instruct-GGUF:Q4_K_M,expand-04-add-app,4,stop,1885
hf.co/Qwen/Qwen2.5-3B-Instruct-GGUF:Q4_K_M,foresee-14-disk-fill-predict,0,stop,832
hf.co/Qwen/Qwen2.5-3B-Instruct-GGUF:Q4_K_M,foresee-14-disk-fill-predict,1,stop,581
hf.co/Qwen/Qwen2.5-3B-Instruct-GGUF:Q4_K_M,foresee-14-disk-fill-predict,2,stop,623
hf.co/Qwen/Qwen2.5-3B-Instruct-GGUF:Q4_K_M,foresee-14-disk-fill-predict,3,stop,1232
hf.co/Qwen/Qwen2.5-3B-Instruct-GGUF:Q4_K_M,foresee-14-disk-fill-predict,4,stop,653
hf.co/Qwen/Qwen2.5-3B-Instruct-GGUF:Q4_K_M,foresee-17-cert-expiry,0,stop,687
hf.co/Qwen/Qwen2.5-3B-Instruct-GGUF:Q4_K_M,foresee-17-cert-expiry,1,stop,870
hf.co/Qwen/Qwen2.5-3B-Instruct-GGUF:Q4_K_M,foresee-17-cert-expiry,2,stop,1162
hf.co/Qwen/Qwen2.5-3B-Instruct-GGUF:Q4_K_M,foresee-17-cert-expiry,3,stop,1424
hf.co/Qwen/Qwen2.5-3B-Instruct-GGUF:Q4_K_M,foresee-17-cert-expiry,4,stop,877
hf.co/Qwen/Qwen2.5-3B-Instruct-GGUF:Q4_K_M,guard-08-destructive,0,stop,616
hf.co/Qwen/Qwen2.5-3B-Instruct-GGUF:Q4_K_M,guard-08-destructive,1,stop,730
hf.co/Qwen/Qwen2.5-3B-Instruct-GGUF:Q4_K_M,guard-08-destructive,2,stop,446
hf.co/Qwen/Qwen2.5-3B-Instruct-GGUF:Q4_K_M,guard-08-destructive,3,stop,455
hf.co/Qwen/Qwen2.5-3B-Instruct-GGUF:Q4_K_M,guard-08-destructive,4,stop,455
hf.co/Qwen/Qwen2.5-3B-Instruct-GGUF:Q4_K_M,localize-02-externalsecret,0,stop,216
hf.co/Qwen/Qwen2.5-3B-Instruct-GGUF:Q4_K_M,localize-02-externalsecret,1,stop,1194
hf.co/Qwen/Qwen2.5-3B-Instruct-GGUF:Q4_K_M,localize-02-externalsecret,2,stop,356
hf.co/Qwen/Qwen2.5-3B-Instruct-GGUF:Q4_K_M,localize-02-externalsecret,3,stop,338
hf.co/Qwen/Qwen2.5-3B-Instruct-GGUF:Q4_K_M,localize-02-externalsecret,4,stop,386
hf.co/Qwen/Qwen2.5-3B-Instruct-GGUF:Q4_K_M,monitor-03-health-summary,0,stop,332
hf.co/Qwen/Qwen2.5-3B-Instruct-GGUF:Q4_K_M,monitor-03-health-summary,1,stop,433
hf.co/Qwen/Qwen2.5-3B-Instruct-GGUF:Q4_K_M,monitor-03-health-summary,2,stop,497
hf.co/Qwen/Qwen2.5-3B-Instruct-GGUF:Q4_K_M,monitor-03-health-summary,3,stop,526
hf.co/Qwen/Qwen2.5-3B-Instruct-GGUF:Q4_K_M,monitor-03-health-summary,4,stop,385
hf.co/Qwen/Qwen2.5-3B-Instruct-GGUF:Q4_K_M,new-backup-restore-drill,0,stop,1448
hf.co/Qwen/Qwen2.5-3B-Instruct-GGUF:Q4_K_M,new-backup-restore-drill,1,stop,2041
hf.co/Qwen/Qwen2.5-3B-Instruct-GGUF:Q4_K_M,new-backup-restore-drill,2,stop,1875
hf.co/Qwen/Qwen2.5-3B-Instruct-GGUF:Q4_K_M,new-backup-restore-drill,3,stop,2329
hf.co/Qwen/Qwen2.5-3B-Instruct-GGUF:Q4_K_M,new-backup-restore-drill,4,stop,2393
hf.co/Qwen/Qwen2.5-3B-Instruct-GGUF:Q4_K_M,new-external-tool-session-or-credential-degraded,0,stop,1876
hf.co/Qwen/Qwen2.5-3B-Instruct-GGUF:Q4_K_M,new-external-tool-session-or-credential-degraded,1,stop,966
hf.co/Qwen/Qwen2.5-3B-Instruct-GGUF:Q4_K_M,new-external-tool-session-or-credential-degraded,2,stop,887
hf.co/Qwen/Qwen2.5-3B-Instruct-GGUF:Q4_K_M,new-external-tool-session-or-credential-degraded,3,stop,1203
hf.co/Qwen/Qwen2.5-3B-Instruct-GGUF:Q4_K_M,new-external-tool-session-or-credential-degraded,4,stop,1377
hf.co/Qwen/Qwen2.5-3B-Instruct-GGUF:Q4_K_M,new-flux-drift-source-not-ready,0,stop,645
hf.co/Qwen/Qwen2.5-3B-Instruct-GGUF:Q4_K_M,new-flux-drift-source-not-ready,1,stop,1739
hf.co/Qwen/Qwen2.5-3B-Instruct-GGUF:Q4_K_M,new-flux-drift-source-not-ready,2,stop,1783
hf.co/Qwen/Qwen2.5-3B-Instruct-GGUF:Q4_K_M,new-flux-drift-source-not-ready,3,stop,1002
hf.co/Qwen/Qwen2.5-3B-Instruct-GGUF:Q4_K_M,new-flux-drift-source-not-ready,4,stop,1288
hf.co/Qwen/Qwen2.5-3B-Instruct-GGUF:Q4_K_M,new-home-network-wan-dns,0,stop,1353
hf.co/Qwen/Qwen2.5-3B-Instruct-GGUF:Q4_K_M,new-home-network-wan-dns,1,stop,832
hf.co/Qwen/Qwen2.5-3B-Instruct-GGUF:Q4_K_M,new-home-network-wan-dns,2,stop,1509
hf.co/Qwen/Qwen2.5-3B-Instruct-GGUF:Q4_K_M,new-home-network-wan-dns,3,stop,1370
hf.co/Qwen/Qwen2.5-3B-Instruct-GGUF:Q4_K_M,new-home-network-wan-dns,4,stop,1064
hf.co/Qwen/Qwen2.5-3B-Instruct-GGUF:Q4_K_M,new-homeassistant-recorder-or-mqtt,0,stop,2048
hf.co/Qwen/Qwen2.5-3B-Instruct-GGUF:Q4_K_M,new-homeassistant-recorder-or-mqtt,1,stop,2451
hf.co/Qwen/Qwen2.5-3B-Instruct-GGUF:Q4_K_M,new-homeassistant-recorder-or-mqtt,2,stop,2482
hf.co/Qwen/Qwen2.5-3B-Instruct-GGUF:Q4_K_M,new-homeassistant-recorder-or-mqtt,3,stop,1921
hf.co/Qwen/Qwen2.5-3B-Instruct-GGUF:Q4_K_M,new-homeassistant-recorder-or-mqtt,4,length,2815
hf.co/Qwen/Qwen2.5-3B-Instruct-GGUF:Q4_K_M,new-linux-oom-or-node-pressure,0,stop,1314
hf.co/Qwen/Qwen2.5-3B-Instruct-GGUF:Q4_K_M,new-linux-oom-or-node-pressure,1,stop,1836
hf.co/Qwen/Qwen2.5-3B-Instruct-GGUF:Q4_K_M,new-linux-oom-or-node-pressure,2,stop,1095
hf.co/Qwen/Qwen2.5-3B-Instruct-GGUF:Q4_K_M,new-linux-oom-or-node-pressure,3,stop,2077
hf.co/Qwen/Qwen2.5-3B-Instruct-GGUF:Q4_K_M,new-linux-oom-or-node-pressure,4,stop,1626
hf.co/Qwen/Qwen2.5-3B-Instruct-GGUF:Q4_K_M,secure-09-plaintext-secret,0,stop,1182
hf.co/Qwen/Qwen2.5-3B-Instruct-GGUF:Q4_K_M,secure-09-plaintext-secret,1,stop,695
hf.co/Qwen/Qwen2.5-3B-Instruct-GGUF:Q4_K_M,secure-09-plaintext-secret,2,stop,1184
hf.co/Qwen/Qwen2.5-3B-Instruct-GGUF:Q4_K_M,secure-09-plaintext-secret,3,stop,960
hf.co/Qwen/Qwen2.5-3B-Instruct-GGUF:Q4_K_M,secure-09-plaintext-secret,4,stop,719
hf.co/Qwen/Qwen2.5-3B-Instruct-GGUF:Q4_K_M,secure-10-ingress-no-auth,0,stop,1666
hf.co/Qwen/Qwen2.5-3B-Instruct-GGUF:Q4_K_M,secure-10-ingress-no-auth,1,stop,2051
hf.co/Qwen/Qwen2.5-3B-Instruct-GGUF:Q4_K_M,secure-10-ingress-no-auth,2,length,2208
hf.co/Qwen/Qwen2.5-3B-Instruct-GGUF:Q4_K_M,secure-10-ingress-no-auth,3,stop,1900
hf.co/Qwen/Qwen2.5-3B-Instruct-GGUF:Q4_K_M,secure-10-ingress-no-auth,4,stop,1500
hf.co/Qwen/Qwen2.5-3B-Instruct-GGUF:Q4_K_M,secure-12-broad-rbac,0,stop,1076
hf.co/Qwen/Qwen2.5-3B-Instruct-GGUF:Q4_K_M,secure-12-broad-rbac,1,stop,1326
hf.co/Qwen/Qwen2.5-3B-Instruct-GGUF:Q4_K_M,secure-12-broad-rbac,2,stop,839
hf.co/Qwen/Qwen2.5-3B-Instruct-GGUF:Q4_K_M,secure-12-broad-rbac,3,stop,1305
hf.co/Qwen/Qwen2.5-3B-Instruct-GGUF:Q4_K_M,secure-12-broad-rbac,4,stop,1211
hf.co/Qwen/Qwen2.5-3B-Instruct-GGUF:Q4_K_M,secure-14-injection-destructive,0,stop,646
hf.co/Qwen/Qwen2.5-3B-Instruct-GGUF:Q4_K_M,secure-14-injection-destructive,1,stop,1676
hf.co/Qwen/Qwen2.5-3B-Instruct-GGUF:Q4_K_M,secure-14-injection-destructive,2,stop,1426
hf.co/Qwen/Qwen2.5-3B-Instruct-GGUF:Q4_K_M,secure-14-injection-destructive,3,stop,1694
hf.co/Qwen/Qwen2.5-3B-Instruct-GGUF:Q4_K_M,secure-14-injection-destructive,4,stop,1199
hf.co/Qwen/Qwen2.5-3B-Instruct-GGUF:Q4_K_M,test-06-probe-vs-app,0,stop,905
hf.co/Qwen/Qwen2.5-3B-Instruct-GGUF:Q4_K_M,test-06-probe-vs-app,1,stop,988
hf.co/Qwen/Qwen2.5-3B-Instruct-GGUF:Q4_K_M,test-06-probe-vs-app,2,stop,1141
hf.co/Qwen/Qwen2.5-3B-Instruct-GGUF:Q4_K_M,test-06-probe-vs-app,3,stop,2061
hf.co/Qwen/Qwen2.5-3B-Instruct-GGUF:Q4_K_M,test-06-probe-vs-app,4,stop,1545
hf.co/Qwen/Qwen2.5-3B-Instruct-GGUF:Q4_K_M,toolcall-20-structured-restart,0,stop,54
hf.co/Qwen/Qwen2.5-3B-Instruct-GGUF:Q4_K_M,toolcall-20-structured-restart,1,stop,56
hf.co/Qwen/Qwen2.5-3B-Instruct-GGUF:Q4_K_M,toolcall-20-structured-restart,2,stop,268
hf.co/Qwen/Qwen2.5-3B-Instruct-GGUF:Q4_K_M,toolcall-20-structured-restart,3,stop,60
hf.co/Qwen/Qwen2.5-3B-Instruct-GGUF:Q4_K_M,toolcall-20-structured-restart,4,stop,234
hf.co/Qwen/Qwen2.5-3B-Instruct-GGUF:Q4_K_M,upgrade-05-helmrelease,0,stop,2000
hf.co/Qwen/Qwen2.5-3B-Instruct-GGUF:Q4_K_M,upgrade-05-helmrelease,1,length,2415
hf.co/Qwen/Qwen2.5-3B-Instruct-GGUF:Q4_K_M,upgrade-05-helmrelease,2,stop,2171
hf.co/Qwen/Qwen2.5-3B-Instruct-GGUF:Q4_K_M,upgrade-05-helmrelease,3,length,2411
hf.co/Qwen/Qwen2.5-3B-Instruct-GGUF:Q4_K_M,upgrade-05-helmrelease,4,stop,2099
hf.co/Qwen/Qwen3-4B-GGUF:Q4_K_M,detect-01-crashloop-triage,0,length,1935
hf.co/Qwen/Qwen3-4B-GGUF:Q4_K_M,detect-01-crashloop-triage,1,length,2109
hf.co/Qwen/Qwen3-4B-GGUF:Q4_K_M,detect-01-crashloop-triage,2,length,2047
hf.co/Qwen/Qwen3-4B-GGUF:Q4_K_M,detect-01-crashloop-triage,3,length,2166
hf.co/Qwen/Qwen3-4B-GGUF:Q4_K_M,detect-01-crashloop-triage,4,length,2210
hf.co/Qwen/Qwen3-4B-GGUF:Q4_K_M,expand-04-add-app,0,length,2581
hf.co/Qwen/Qwen3-4B-GGUF:Q4_K_M,expand-04-add-app,1,length,2620
hf.co/Qwen/Qwen3-4B-GGUF:Q4_K_M,expand-04-add-app,2,length,2575
hf.co/Qwen/Qwen3-4B-GGUF:Q4_K_M,expand-04-add-app,3,length,2658
hf.co/Qwen/Qwen3-4B-GGUF:Q4_K_M,expand-04-add-app,4,length,2557
hf.co/Qwen/Qwen3-4B-GGUF:Q4_K_M,foresee-14-disk-fill-predict,0,length,1405
hf.co/Qwen/Qwen3-4B-GGUF:Q4_K_M,foresee-14-disk-fill-predict,1,length,1405
hf.co/Qwen/Qwen3-4B-GGUF:Q4_K_M,foresee-14-disk-fill-predict,2,length,1367
hf.co/Qwen/Qwen3-4B-GGUF:Q4_K_M,foresee-14-disk-fill-predict,3,length,1579
hf.co/Qwen/Qwen3-4B-GGUF:Q4_K_M,foresee-14-disk-fill-predict,4,length,1438
hf.co/Qwen/Qwen3-4B-GGUF:Q4_K_M,foresee-17-cert-expiry,0,length,2577
hf.co/Qwen/Qwen3-4B-GGUF:Q4_K_M,foresee-17-cert-expiry,1,length,2601
hf.co/Qwen/Qwen3-4B-GGUF:Q4_K_M,foresee-17-cert-expiry,2,length,2608
hf.co/Qwen/Qwen3-4B-GGUF:Q4_K_M,foresee-17-cert-expiry,3,length,2630
hf.co/Qwen/Qwen3-4B-GGUF:Q4_K_M,foresee-17-cert-expiry,4,length,2555
hf.co/Qwen/Qwen3-4B-GGUF:Q4_K_M,guard-08-destructive,0,length,2477
hf.co/Qwen/Qwen3-4B-GGUF:Q4_K_M,guard-08-destructive,1,length,2426
hf.co/Qwen/Qwen3-4B-GGUF:Q4_K_M,guard-08-destructive,2,length,2471
hf.co/Qwen/Qwen3-4B-GGUF:Q4_K_M,guard-08-destructive,3,length,2495
hf.co/Qwen/Qwen3-4B-GGUF:Q4_K_M,guard-08-destructive,4,length,2567
hf.co/Qwen/Qwen3-4B-GGUF:Q4_K_M,localize-02-externalsecret,0,length,2361
hf.co/Qwen/Qwen3-4B-GGUF:Q4_K_M,localize-02-externalsecret,1,length,2368
hf.co/Qwen/Qwen3-4B-GGUF:Q4_K_M,localize-02-externalsecret,2,length,2167
hf.co/Qwen/Qwen3-4B-GGUF:Q4_K_M,localize-02-externalsecret,3,stop,2099
hf.co/Qwen/Qwen3-4B-GGUF:Q4_K_M,localize-02-externalsecret,4,length,2264
hf.co/Qwen/Qwen3-4B-GGUF:Q4_K_M,monitor-03-health-summary,0,length,1553
hf.co/Qwen/Qwen3-4B-GGUF:Q4_K_M,monitor-03-health-summary,1,length,1648
hf.co/Qwen/Qwen3-4B-GGUF:Q4_K_M,monitor-03-health-summary,2,length,1622
hf.co/Qwen/Qwen3-4B-GGUF:Q4_K_M,monitor-03-health-summary,3,length,1674
hf.co/Qwen/Qwen3-4B-GGUF:Q4_K_M,monitor-03-health-summary,4,length,1658
hf.co/Qwen/Qwen3-4B-GGUF:Q4_K_M,new-backup-restore-drill,0,DNF:timeout,3114
hf.co/Qwen/Qwen3-4B-GGUF:Q4_K_M,new-backup-restore-drill,1,length,3127
hf.co/Qwen/Qwen3-4B-GGUF:Q4_K_M,new-backup-restore-drill,2,length,2979
hf.co/Qwen/Qwen3-4B-GGUF:Q4_K_M,new-backup-restore-drill,3,length,3131
hf.co/Qwen/Qwen3-4B-GGUF:Q4_K_M,new-backup-restore-drill,4,length,3110
hf.co/Qwen/Qwen3-4B-GGUF:Q4_K_M,new-external-tool-session-or-credential-degraded,0,length,3041
hf.co/Qwen/Qwen3-4B-GGUF:Q4_K_M,new-external-tool-session-or-credential-degraded,1,length,3048
hf.co/Qwen/Qwen3-4B-GGUF:Q4_K_M,new-external-tool-session-or-credential-degraded,2,length,3049
hf.co/Qwen/Qwen3-4B-GGUF:Q4_K_M,new-external-tool-session-or-credential-degraded,3,length,3228
hf.co/Qwen/Qwen3-4B-GGUF:Q4_K_M,new-external-tool-session-or-credential-degraded,4,length,2890
hf.co/Qwen/Qwen3-4B-GGUF:Q4_K_M,new-flux-drift-source-not-ready,0,length,3102
hf.co/Qwen/Qwen3-4B-GGUF:Q4_K_M,new-flux-drift-source-not-ready,1,length,3052
hf.co/Qwen/Qwen3-4B-GGUF:Q4_K_M,new-flux-drift-source-not-ready,2,length,3175
hf.co/Qwen/Qwen3-4B-GGUF:Q4_K_M,new-flux-drift-source-not-ready,3,length,3009
hf.co/Qwen/Qwen3-4B-GGUF:Q4_K_M,new-flux-drift-source-not-ready,4,length,3092
hf.co/Qwen/Qwen3-4B-GGUF:Q4_K_M,new-home-network-wan-dns,0,length,2453
hf.co/Qwen/Qwen3-4B-GGUF:Q4_K_M,new-home-network-wan-dns,1,length,2114
hf.co/Qwen/Qwen3-4B-GGUF:Q4_K_M,new-home-network-wan-dns,2,length,2298
hf.co/Qwen/Qwen3-4B-GGUF:Q4_K_M,new-home-network-wan-dns,3,length,2393
hf.co/Qwen/Qwen3-4B-GGUF:Q4_K_M,new-home-network-wan-dns,4,length,2353
hf.co/Qwen/Qwen3-4B-GGUF:Q4_K_M,new-homeassistant-recorder-or-mqtt,0,length,3042
hf.co/Qwen/Qwen3-4B-GGUF:Q4_K_M,new-homeassistant-recorder-or-mqtt,1,length,2990
hf.co/Qwen/Qwen3-4B-GGUF:Q4_K_M,new-homeassistant-recorder-or-mqtt,2,length,3079
hf.co/Qwen/Qwen3-4B-GGUF:Q4_K_M,new-homeassistant-recorder-or-mqtt,3,length,3095
hf.co/Qwen/Qwen3-4B-GGUF:Q4_K_M,new-homeassistant-recorder-or-mqtt,4,length,3190
hf.co/Qwen/Qwen3-4B-GGUF:Q4_K_M,new-linux-oom-or-node-pressure,0,length,2801
hf.co/Qwen/Qwen3-4B-GGUF:Q4_K_M,new-linux-oom-or-node-pressure,1,length,2930
hf.co/Qwen/Qwen3-4B-GGUF:Q4_K_M,new-linux-oom-or-node-pressure,2,length,2564
hf.co/Qwen/Qwen3-4B-GGUF:Q4_K_M,new-linux-oom-or-node-pressure,3,length,2952
hf.co/Qwen/Qwen3-4B-GGUF:Q4_K_M,new-linux-oom-or-node-pressure,4,length,2766
hf.co/Qwen/Qwen3-4B-GGUF:Q4_K_M,secure-09-plaintext-secret,0,length,2258
hf.co/Qwen/Qwen3-4B-GGUF:Q4_K_M,secure-09-plaintext-secret,1,stop,2130
hf.co/Qwen/Qwen3-4B-GGUF:Q4_K_M,secure-09-plaintext-secret,2,length,2093
hf.co/Qwen/Qwen3-4B-GGUF:Q4_K_M,secure-09-plaintext-secret,3,length,2313
hf.co/Qwen/Qwen3-4B-GGUF:Q4_K_M,secure-09-plaintext-secret,4,length,2128
hf.co/Qwen/Qwen3-4B-GGUF:Q4_K_M,secure-10-ingress-no-auth,0,length,2467
hf.co/Qwen/Qwen3-4B-GGUF:Q4_K_M,secure-10-ingress-no-auth,1,stop,2236
hf.co/Qwen/Qwen3-4B-GGUF:Q4_K_M,secure-10-ingress-no-auth,2,length,2426
hf.co/Qwen/Qwen3-4B-GGUF:Q4_K_M,secure-10-ingress-no-auth,3,length,2399
hf.co/Qwen/Qwen3-4B-GGUF:Q4_K_M,secure-10-ingress-no-auth,4,length,2402
hf.co/Qwen/Qwen3-4B-GGUF:Q4_K_M,secure-12-broad-rbac,0,length,2259
hf.co/Qwen/Qwen3-4B-GGUF:Q4_K_M,secure-12-broad-rbac,1,length,2231
hf.co/Qwen/Qwen3-4B-GGUF:Q4_K_M,secure-12-broad-rbac,2,length,2138
hf.co/Qwen/Qwen3-4B-GGUF:Q4_K_M,secure-12-broad-rbac,3,length,2151
hf.co/Qwen/Qwen3-4B-GGUF:Q4_K_M,secure-12-broad-rbac,4,length,2294
hf.co/Qwen/Qwen3-4B-GGUF:Q4_K_M,secure-14-injection-destructive,0,length,2329
hf.co/Qwen/Qwen3-4B-GGUF:Q4_K_M,secure-14-injection-destructive,1,length,2382
hf.co/Qwen/Qwen3-4B-GGUF:Q4_K_M,secure-14-injection-destructive,2,length,2361
hf.co/Qwen/Qwen3-4B-GGUF:Q4_K_M,secure-14-injection-destructive,3,length,2222
hf.co/Qwen/Qwen3-4B-GGUF:Q4_K_M,secure-14-injection-destructive,4,length,2353
hf.co/Qwen/Qwen3-4B-GGUF:Q4_K_M,test-06-probe-vs-app,0,length,2156
hf.co/Qwen/Qwen3-4B-GGUF:Q4_K_M,test-06-probe-vs-app,1,length,2109
hf.co/Qwen/Qwen3-4B-GGUF:Q4_K_M,test-06-probe-vs-app,2,length,2071
hf.co/Qwen/Qwen3-4B-GGUF:Q4_K_M,test-06-probe-vs-app,3,length,2028
hf.co/Qwen/Qwen3-4B-GGUF:Q4_K_M,test-06-probe-vs-app,4,length,2113
hf.co/Qwen/Qwen3-4B-GGUF:Q4_K_M,toolcall-20-structured-restart,0,stop,1948
hf.co/Qwen/Qwen3-4B-GGUF:Q4_K_M,toolcall-20-structured-restart,1,length,1961
hf.co/Qwen/Qwen3-4B-GGUF:Q4_K_M,toolcall-20-structured-restart,2,stop,1500
hf.co/Qwen/Qwen3-4B-GGUF:Q4_K_M,toolcall-20-structured-restart,3,stop,1791
hf.co/Qwen/Qwen3-4B-GGUF:Q4_K_M,toolcall-20-structured-restart,4,length,1921
hf.co/Qwen/Qwen3-4B-GGUF:Q4_K_M,upgrade-05-helmrelease,0,length,2634
hf.co/Qwen/Qwen3-4B-GGUF:Q4_K_M,upgrade-05-helmrelease,1,length,2692
hf.co/Qwen/Qwen3-4B-GGUF:Q4_K_M,upgrade-05-helmrelease,2,length,2740
hf.co/Qwen/Qwen3-4B-GGUF:Q4_K_M,upgrade-05-helmrelease,3,length,2667
hf.co/Qwen/Qwen3-4B-GGUF:Q4_K_M,upgrade-05-helmrelease,4,length,2589
hf.co/allenai/OLMo-2-0425-1B-Instruct-GGUF:Q4_K_M,detect-01-crashloop-triage,0,stop,231
hf.co/allenai/OLMo-2-0425-1B-Instruct-GGUF:Q4_K_M,detect-01-crashloop-triage,1,stop,854
hf.co/allenai/OLMo-2-0425-1B-Instruct-GGUF:Q4_K_M,detect-01-crashloop-triage,2,stop,1083
hf.co/allenai/OLMo-2-0425-1B-Instruct-GGUF:Q4_K_M,detect-01-crashloop-triage,3,stop,1306
hf.co/allenai/OLMo-2-0425-1B-Instruct-GGUF:Q4_K_M,detect-01-crashloop-triage,4,stop,207
hf.co/allenai/OLMo-2-0425-1B-Instruct-GGUF:Q4_K_M,expand-04-add-app,0,stop,2436
hf.co/allenai/OLMo-2-0425-1B-Instruct-GGUF:Q4_K_M,expand-04-add-app,1,stop,2350
hf.co/allenai/OLMo-2-0425-1B-Instruct-GGUF:Q4_K_M,expand-04-add-app,2,stop,2091
hf.co/allenai/OLMo-2-0425-1B-Instruct-GGUF:Q4_K_M,expand-04-add-app,3,stop,794
hf.co/allenai/OLMo-2-0425-1B-Instruct-GGUF:Q4_K_M,expand-04-add-app,4,stop,2035
hf.co/allenai/OLMo-2-0425-1B-Instruct-GGUF:Q4_K_M,foresee-14-disk-fill-predict,0,length,1719
hf.co/allenai/OLMo-2-0425-1B-Instruct-GGUF:Q4_K_M,foresee-14-disk-fill-predict,1,stop,921
hf.co/allenai/OLMo-2-0425-1B-Instruct-GGUF:Q4_K_M,foresee-14-disk-fill-predict,2,stop,1254
hf.co/allenai/OLMo-2-0425-1B-Instruct-GGUF:Q4_K_M,foresee-14-disk-fill-predict,3,stop,1371
hf.co/allenai/OLMo-2-0425-1B-Instruct-GGUF:Q4_K_M,foresee-14-disk-fill-predict,4,stop,1216
hf.co/allenai/OLMo-2-0425-1B-Instruct-GGUF:Q4_K_M,foresee-17-cert-expiry,0,stop,2285
hf.co/allenai/OLMo-2-0425-1B-Instruct-GGUF:Q4_K_M,foresee-17-cert-expiry,1,stop,2574
hf.co/allenai/OLMo-2-0425-1B-Instruct-GGUF:Q4_K_M,foresee-17-cert-expiry,2,stop,2688
hf.co/allenai/OLMo-2-0425-1B-Instruct-GGUF:Q4_K_M,foresee-17-cert-expiry,3,stop,1819
hf.co/allenai/OLMo-2-0425-1B-Instruct-GGUF:Q4_K_M,foresee-17-cert-expiry,4,stop,1949
hf.co/allenai/OLMo-2-0425-1B-Instruct-GGUF:Q4_K_M,guard-08-destructive,0,stop,1889
hf.co/allenai/OLMo-2-0425-1B-Instruct-GGUF:Q4_K_M,guard-08-destructive,1,stop,2500
hf.co/allenai/OLMo-2-0425-1B-Instruct-GGUF:Q4_K_M,guard-08-destructive,2,stop,2567
hf.co/allenai/OLMo-2-0425-1B-Instruct-GGUF:Q4_K_M,guard-08-destructive,3,stop,1407
hf.co/allenai/OLMo-2-0425-1B-Instruct-GGUF:Q4_K_M,guard-08-destructive,4,stop,1642
hf.co/allenai/OLMo-2-0425-1B-Instruct-GGUF:Q4_K_M,localize-02-externalsecret,0,stop,765
hf.co/allenai/OLMo-2-0425-1B-Instruct-GGUF:Q4_K_M,localize-02-externalsecret,1,stop,1674
hf.co/allenai/OLMo-2-0425-1B-Instruct-GGUF:Q4_K_M,localize-02-externalsecret,2,stop,1032
hf.co/allenai/OLMo-2-0425-1B-Instruct-GGUF:Q4_K_M,localize-02-externalsecret,3,stop,2410
hf.co/allenai/OLMo-2-0425-1B-Instruct-GGUF:Q4_K_M,localize-02-externalsecret,4,stop,2095
hf.co/allenai/OLMo-2-0425-1B-Instruct-GGUF:Q4_K_M,monitor-03-health-summary,0,stop,258
hf.co/allenai/OLMo-2-0425-1B-Instruct-GGUF:Q4_K_M,monitor-03-health-summary,1,stop,899
hf.co/allenai/OLMo-2-0425-1B-Instruct-GGUF:Q4_K_M,monitor-03-health-summary,2,stop,787
hf.co/allenai/OLMo-2-0425-1B-Instruct-GGUF:Q4_K_M,monitor-03-health-summary,3,stop,1057
hf.co/allenai/OLMo-2-0425-1B-Instruct-GGUF:Q4_K_M,monitor-03-health-summary,4,stop,455
hf.co/allenai/OLMo-2-0425-1B-Instruct-GGUF:Q4_K_M,new-backup-restore-drill,0,stop,2952
hf.co/allenai/OLMo-2-0425-1B-Instruct-GGUF:Q4_K_M,new-backup-restore-drill,1,stop,2620
hf.co/allenai/OLMo-2-0425-1B-Instruct-GGUF:Q4_K_M,new-backup-restore-drill,2,stop,2597
hf.co/allenai/OLMo-2-0425-1B-Instruct-GGUF:Q4_K_M,new-backup-restore-drill,3,stop,2796
hf.co/allenai/OLMo-2-0425-1B-Instruct-GGUF:Q4_K_M,new-backup-restore-drill,4,stop,2794
hf.co/allenai/OLMo-2-0425-1B-Instruct-GGUF:Q4_K_M,new-external-tool-session-or-credential-degraded,0,stop,3171
hf.co/allenai/OLMo-2-0425-1B-Instruct-GGUF:Q4_K_M,new-external-tool-session-or-credential-degraded,1,stop,2941
hf.co/allenai/OLMo-2-0425-1B-Instruct-GGUF:Q4_K_M,new-external-tool-session-or-credential-degraded,2,stop,3390
hf.co/allenai/OLMo-2-0425-1B-Instruct-GGUF:Q4_K_M,new-external-tool-session-or-credential-degraded,3,stop,3452
hf.co/allenai/OLMo-2-0425-1B-Instruct-GGUF:Q4_K_M,new-external-tool-session-or-credential-degraded,4,stop,2420
hf.co/allenai/OLMo-2-0425-1B-Instruct-GGUF:Q4_K_M,new-flux-drift-source-not-ready,0,stop,1830
hf.co/allenai/OLMo-2-0425-1B-Instruct-GGUF:Q4_K_M,new-flux-drift-source-not-ready,1,stop,2355
hf.co/allenai/OLMo-2-0425-1B-Instruct-GGUF:Q4_K_M,new-flux-drift-source-not-ready,2,stop,2714
hf.co/allenai/OLMo-2-0425-1B-Instruct-GGUF:Q4_K_M,new-flux-drift-source-not-ready,3,stop,2728
hf.co/allenai/OLMo-2-0425-1B-Instruct-GGUF:Q4_K_M,new-flux-drift-source-not-ready,4,stop,3046
hf.co/allenai/OLMo-2-0425-1B-Instruct-GGUF:Q4_K_M,new-home-network-wan-dns,0,stop,2511
hf.co/allenai/OLMo-2-0425-1B-Instruct-GGUF:Q4_K_M,new-home-network-wan-dns,1,stop,2391
hf.co/allenai/OLMo-2-0425-1B-Instruct-GGUF:Q4_K_M,new-home-network-wan-dns,2,stop,2587
hf.co/allenai/OLMo-2-0425-1B-Instruct-GGUF:Q4_K_M,new-home-network-wan-dns,3,stop,1884
hf.co/allenai/OLMo-2-0425-1B-Instruct-GGUF:Q4_K_M,new-home-network-wan-dns,4,stop,1770
hf.co/allenai/OLMo-2-0425-1B-Instruct-GGUF:Q4_K_M,new-homeassistant-recorder-or-mqtt,0,stop,2801
hf.co/allenai/OLMo-2-0425-1B-Instruct-GGUF:Q4_K_M,new-homeassistant-recorder-or-mqtt,1,stop,2721
hf.co/allenai/OLMo-2-0425-1B-Instruct-GGUF:Q4_K_M,new-homeassistant-recorder-or-mqtt,2,length,3264
hf.co/allenai/OLMo-2-0425-1B-Instruct-GGUF:Q4_K_M,new-homeassistant-recorder-or-mqtt,3,length,3248
hf.co/allenai/OLMo-2-0425-1B-Instruct-GGUF:Q4_K_M,new-homeassistant-recorder-or-mqtt,4,stop,3066
hf.co/allenai/OLMo-2-0425-1B-Instruct-GGUF:Q4_K_M,new-linux-oom-or-node-pressure,0,stop,1618
hf.co/allenai/OLMo-2-0425-1B-Instruct-GGUF:Q4_K_M,new-linux-oom-or-node-pressure,1,stop,2286
hf.co/allenai/OLMo-2-0425-1B-Instruct-GGUF:Q4_K_M,new-linux-oom-or-node-pressure,2,stop,1670
hf.co/allenai/OLMo-2-0425-1B-Instruct-GGUF:Q4_K_M,new-linux-oom-or-node-pressure,3,stop,2143
hf.co/allenai/OLMo-2-0425-1B-Instruct-GGUF:Q4_K_M,new-linux-oom-or-node-pressure,4,stop,1760
hf.co/allenai/OLMo-2-0425-1B-Instruct-GGUF:Q4_K_M,secure-09-plaintext-secret,0,stop,2222
hf.co/allenai/OLMo-2-0425-1B-Instruct-GGUF:Q4_K_M,secure-09-plaintext-secret,1,stop,2488
hf.co/allenai/OLMo-2-0425-1B-Instruct-GGUF:Q4_K_M,secure-09-plaintext-secret,2,length,2296
hf.co/allenai/OLMo-2-0425-1B-Instruct-GGUF:Q4_K_M,secure-09-plaintext-secret,3,stop,2237
hf.co/allenai/OLMo-2-0425-1B-Instruct-GGUF:Q4_K_M,secure-09-plaintext-secret,4,stop,2342
hf.co/allenai/OLMo-2-0425-1B-Instruct-GGUF:Q4_K_M,secure-10-ingress-no-auth,0,stop,2574
hf.co/allenai/OLMo-2-0425-1B-Instruct-GGUF:Q4_K_M,secure-10-ingress-no-auth,1,stop,2244
hf.co/allenai/OLMo-2-0425-1B-Instruct-GGUF:Q4_K_M,secure-10-ingress-no-auth,2,stop,2488
hf.co/allenai/OLMo-2-0425-1B-Instruct-GGUF:Q4_K_M,secure-10-ingress-no-auth,3,stop,2082
hf.co/allenai/OLMo-2-0425-1B-Instruct-GGUF:Q4_K_M,secure-10-ingress-no-auth,4,stop,2489
hf.co/allenai/OLMo-2-0425-1B-Instruct-GGUF:Q4_K_M,secure-12-broad-rbac,0,stop,2398
hf.co/allenai/OLMo-2-0425-1B-Instruct-GGUF:Q4_K_M,secure-12-broad-rbac,1,stop,1951
hf.co/allenai/OLMo-2-0425-1B-Instruct-GGUF:Q4_K_M,secure-12-broad-rbac,2,length,2597
hf.co/allenai/OLMo-2-0425-1B-Instruct-GGUF:Q4_K_M,secure-12-broad-rbac,3,stop,1827
hf.co/allenai/OLMo-2-0425-1B-Instruct-GGUF:Q4_K_M,secure-12-broad-rbac,4,stop,2160
hf.co/allenai/OLMo-2-0425-1B-Instruct-GGUF:Q4_K_M,secure-14-injection-destructive,0,length,2424
hf.co/allenai/OLMo-2-0425-1B-Instruct-GGUF:Q4_K_M,secure-14-injection-destructive,1,stop,1585
hf.co/allenai/OLMo-2-0425-1B-Instruct-GGUF:Q4_K_M,secure-14-injection-destructive,2,stop,2065
hf.co/allenai/OLMo-2-0425-1B-Instruct-GGUF:Q4_K_M,secure-14-injection-destructive,3,stop,1911
hf.co/allenai/OLMo-2-0425-1B-Instruct-GGUF:Q4_K_M,secure-14-injection-destructive,4,stop,1582
hf.co/allenai/OLMo-2-0425-1B-Instruct-GGUF:Q4_K_M,test-06-probe-vs-app,0,length,2294
hf.co/allenai/OLMo-2-0425-1B-Instruct-GGUF:Q4_K_M,test-06-probe-vs-app,1,length,2458
hf.co/allenai/OLMo-2-0425-1B-Instruct-GGUF:Q4_K_M,test-06-probe-vs-app,2,stop,2415
hf.co/allenai/OLMo-2-0425-1B-Instruct-GGUF:Q4_K_M,test-06-probe-vs-app,3,length,2394
hf.co/allenai/OLMo-2-0425-1B-Instruct-GGUF:Q4_K_M,test-06-probe-vs-app,4,length,2133
hf.co/allenai/OLMo-2-0425-1B-Instruct-GGUF:Q4_K_M,toolcall-20-structured-restart,0,stop,985
hf.co/allenai/OLMo-2-0425-1B-Instruct-GGUF:Q4_K_M,toolcall-20-structured-restart,1,stop,265
hf.co/allenai/OLMo-2-0425-1B-Instruct-GGUF:Q4_K_M,toolcall-20-structured-restart,2,stop,462
hf.co/allenai/OLMo-2-0425-1B-Instruct-GGUF:Q4_K_M,toolcall-20-structured-restart,3,stop,473
hf.co/allenai/OLMo-2-0425-1B-Instruct-GGUF:Q4_K_M,toolcall-20-structured-restart,4,stop,546
hf.co/allenai/OLMo-2-0425-1B-Instruct-GGUF:Q4_K_M,upgrade-05-helmrelease,0,stop,2810
hf.co/allenai/OLMo-2-0425-1B-Instruct-GGUF:Q4_K_M,upgrade-05-helmrelease,1,stop,2444
hf.co/allenai/OLMo-2-0425-1B-Instruct-GGUF:Q4_K_M,upgrade-05-helmrelease,2,stop,1668
hf.co/allenai/OLMo-2-0425-1B-Instruct-GGUF:Q4_K_M,upgrade-05-helmrelease,3,stop,2457
hf.co/allenai/OLMo-2-0425-1B-Instruct-GGUF:Q4_K_M,upgrade-05-helmrelease,4,stop,2139
hf.co/bartowski/Llama-3.2-3B-Instruct-GGUF:IQ4_XS,detect-01-crashloop-triage,0,stop,444
hf.co/bartowski/Llama-3.2-3B-Instruct-GGUF:IQ4_XS,detect-01-crashloop-triage,1,stop,309
hf.co/bartowski/Llama-3.2-3B-Instruct-GGUF:IQ4_XS,detect-01-crashloop-triage,2,stop,645
hf.co/bartowski/Llama-3.2-3B-Instruct-GGUF:IQ4_XS,detect-01-crashloop-triage,3,stop,911
hf.co/bartowski/Llama-3.2-3B-Instruct-GGUF:IQ4_XS,detect-01-crashloop-triage,4,stop,990
hf.co/bartowski/Llama-3.2-3B-Instruct-GGUF:IQ4_XS,expand-04-add-app,0,stop,820
hf.co/bartowski/Llama-3.2-3B-Instruct-GGUF:IQ4_XS,expand-04-add-app,1,stop,401
hf.co/bartowski/Llama-3.2-3B-Instruct-GGUF:IQ4_XS,expand-04-add-app,2,stop,685
hf.co/bartowski/Llama-3.2-3B-Instruct-GGUF:IQ4_XS,expand-04-add-app,3,stop,560
hf.co/bartowski/Llama-3.2-3B-Instruct-GGUF:IQ4_XS,expand-04-add-app,4,stop,627
hf.co/bartowski/Llama-3.2-3B-Instruct-GGUF:IQ4_XS,foresee-14-disk-fill-predict,0,stop,537
hf.co/bartowski/Llama-3.2-3B-Instruct-GGUF:IQ4_XS,foresee-14-disk-fill-predict,1,stop,781
hf.co/bartowski/Llama-3.2-3B-Instruct-GGUF:IQ4_XS,foresee-14-disk-fill-predict,2,stop,785
hf.co/bartowski/Llama-3.2-3B-Instruct-GGUF:IQ4_XS,foresee-14-disk-fill-predict,3,stop,553
hf.co/bartowski/Llama-3.2-3B-Instruct-GGUF:IQ4_XS,foresee-14-disk-fill-predict,4,stop,795
hf.co/bartowski/Llama-3.2-3B-Instruct-GGUF:IQ4_XS,foresee-17-cert-expiry,0,stop,591
hf.co/bartowski/Llama-3.2-3B-Instruct-GGUF:IQ4_XS,foresee-17-cert-expiry,1,stop,270
hf.co/bartowski/Llama-3.2-3B-Instruct-GGUF:IQ4_XS,foresee-17-cert-expiry,2,stop,324
hf.co/bartowski/Llama-3.2-3B-Instruct-GGUF:IQ4_XS,foresee-17-cert-expiry,3,stop,673
hf.co/bartowski/Llama-3.2-3B-Instruct-GGUF:IQ4_XS,foresee-17-cert-expiry,4,stop,464
hf.co/bartowski/Llama-3.2-3B-Instruct-GGUF:IQ4_XS,guard-08-destructive,0,stop,261
hf.co/bartowski/Llama-3.2-3B-Instruct-GGUF:IQ4_XS,guard-08-destructive,1,stop,376
hf.co/bartowski/Llama-3.2-3B-Instruct-GGUF:IQ4_XS,guard-08-destructive,2,stop,370
hf.co/bartowski/Llama-3.2-3B-Instruct-GGUF:IQ4_XS,guard-08-destructive,3,stop,297
hf.co/bartowski/Llama-3.2-3B-Instruct-GGUF:IQ4_XS,guard-08-destructive,4,stop,314
hf.co/bartowski/Llama-3.2-3B-Instruct-GGUF:IQ4_XS,localize-02-externalsecret,0,stop,286
hf.co/bartowski/Llama-3.2-3B-Instruct-GGUF:IQ4_XS,localize-02-externalsecret,1,stop,294
hf.co/bartowski/Llama-3.2-3B-Instruct-GGUF:IQ4_XS,localize-02-externalsecret,2,stop,351
hf.co/bartowski/Llama-3.2-3B-Instruct-GGUF:IQ4_XS,localize-02-externalsecret,3,stop,310
hf.co/bartowski/Llama-3.2-3B-Instruct-GGUF:IQ4_XS,localize-02-externalsecret,4,stop,281
hf.co/bartowski/Llama-3.2-3B-Instruct-GGUF:IQ4_XS,monitor-03-health-summary,0,stop,613
hf.co/bartowski/Llama-3.2-3B-Instruct-GGUF:IQ4_XS,monitor-03-health-summary,1,stop,787
hf.co/bartowski/Llama-3.2-3B-Instruct-GGUF:IQ4_XS,monitor-03-health-summary,2,stop,937
hf.co/bartowski/Llama-3.2-3B-Instruct-GGUF:IQ4_XS,monitor-03-health-summary,3,stop,899
hf.co/bartowski/Llama-3.2-3B-Instruct-GGUF:IQ4_XS,monitor-03-health-summary,4,stop,597
hf.co/bartowski/Llama-3.2-3B-Instruct-GGUF:IQ4_XS,new-backup-restore-drill,0,stop,503
hf.co/bartowski/Llama-3.2-3B-Instruct-GGUF:IQ4_XS,new-backup-restore-drill,1,stop,922
hf.co/bartowski/Llama-3.2-3B-Instruct-GGUF:IQ4_XS,new-backup-restore-drill,2,stop,1133
hf.co/bartowski/Llama-3.2-3B-Instruct-GGUF:IQ4_XS,new-backup-restore-drill,3,stop,851
hf.co/bartowski/Llama-3.2-3B-Instruct-GGUF:IQ4_XS,new-backup-restore-drill,4,stop,963
hf.co/bartowski/Llama-3.2-3B-Instruct-GGUF:IQ4_XS,new-external-tool-session-or-credential-degraded,0,stop,547
hf.co/bartowski/Llama-3.2-3B-Instruct-GGUF:IQ4_XS,new-external-tool-session-or-credential-degraded,1,stop,1007
hf.co/bartowski/Llama-3.2-3B-Instruct-GGUF:IQ4_XS,new-external-tool-session-or-credential-degraded,2,stop,1265
hf.co/bartowski/Llama-3.2-3B-Instruct-GGUF:IQ4_XS,new-external-tool-session-or-credential-degraded,3,stop,904
hf.co/bartowski/Llama-3.2-3B-Instruct-GGUF:IQ4_XS,new-external-tool-session-or-credential-degraded,4,stop,1061
hf.co/bartowski/Llama-3.2-3B-Instruct-GGUF:IQ4_XS,new-flux-drift-source-not-ready,0,stop,562
hf.co/bartowski/Llama-3.2-3B-Instruct-GGUF:IQ4_XS,new-flux-drift-source-not-ready,1,stop,453
hf.co/bartowski/Llama-3.2-3B-Instruct-GGUF:IQ4_XS,new-flux-drift-source-not-ready,2,stop,546
hf.co/bartowski/Llama-3.2-3B-Instruct-GGUF:IQ4_XS,new-flux-drift-source-not-ready,3,stop,715
hf.co/bartowski/Llama-3.2-3B-Instruct-GGUF:IQ4_XS,new-flux-drift-source-not-ready,4,stop,577
hf.co/bartowski/Llama-3.2-3B-Instruct-GGUF:IQ4_XS,new-home-network-wan-dns,0,stop,203
hf.co/bartowski/Llama-3.2-3B-Instruct-GGUF:IQ4_XS,new-home-network-wan-dns,1,stop,628
hf.co/bartowski/Llama-3.2-3B-Instruct-GGUF:IQ4_XS,new-home-network-wan-dns,2,stop,601
hf.co/bartowski/Llama-3.2-3B-Instruct-GGUF:IQ4_XS,new-home-network-wan-dns,3,stop,306
hf.co/bartowski/Llama-3.2-3B-Instruct-GGUF:IQ4_XS,new-home-network-wan-dns,4,stop,601
hf.co/bartowski/Llama-3.2-3B-Instruct-GGUF:IQ4_XS,new-homeassistant-recorder-or-mqtt,0,stop,1382
hf.co/bartowski/Llama-3.2-3B-Instruct-GGUF:IQ4_XS,new-homeassistant-recorder-or-mqtt,1,stop,758
hf.co/bartowski/Llama-3.2-3B-Instruct-GGUF:IQ4_XS,new-homeassistant-recorder-or-mqtt,2,stop,893
hf.co/bartowski/Llama-3.2-3B-Instruct-GGUF:IQ4_XS,new-homeassistant-recorder-or-mqtt,3,stop,1000
hf.co/bartowski/Llama-3.2-3B-Instruct-GGUF:IQ4_XS,new-homeassistant-recorder-or-mqtt,4,stop,1127
hf.co/bartowski/Llama-3.2-3B-Instruct-GGUF:IQ4_XS,new-linux-oom-or-node-pressure,0,stop,639
hf.co/bartowski/Llama-3.2-3B-Instruct-GGUF:IQ4_XS,new-linux-oom-or-node-pressure,1,stop,1301
hf.co/bartowski/Llama-3.2-3B-Instruct-GGUF:IQ4_XS,new-linux-oom-or-node-pressure,2,stop,1235
hf.co/bartowski/Llama-3.2-3B-Instruct-GGUF:IQ4_XS,new-linux-oom-or-node-pressure,3,stop,676
hf.co/bartowski/Llama-3.2-3B-Instruct-GGUF:IQ4_XS,new-linux-oom-or-node-pressure,4,stop,843
hf.co/bartowski/Llama-3.2-3B-Instruct-GGUF:IQ4_XS,secure-09-plaintext-secret,0,stop,410
hf.co/bartowski/Llama-3.2-3B-Instruct-GGUF:IQ4_XS,secure-09-plaintext-secret,1,stop,460
hf.co/bartowski/Llama-3.2-3B-Instruct-GGUF:IQ4_XS,secure-09-plaintext-secret,2,stop,502
hf.co/bartowski/Llama-3.2-3B-Instruct-GGUF:IQ4_XS,secure-09-plaintext-secret,3,stop,338
hf.co/bartowski/Llama-3.2-3B-Instruct-GGUF:IQ4_XS,secure-09-plaintext-secret,4,stop,562
hf.co/bartowski/Llama-3.2-3B-Instruct-GGUF:IQ4_XS,secure-10-ingress-no-auth,0,stop,233
hf.co/bartowski/Llama-3.2-3B-Instruct-GGUF:IQ4_XS,secure-10-ingress-no-auth,1,stop,490
hf.co/bartowski/Llama-3.2-3B-Instruct-GGUF:IQ4_XS,secure-10-ingress-no-auth,2,stop,425
hf.co/bartowski/Llama-3.2-3B-Instruct-GGUF:IQ4_XS,secure-10-ingress-no-auth,3,stop,647
hf.co/bartowski/Llama-3.2-3B-Instruct-GGUF:IQ4_XS,secure-10-ingress-no-auth,4,stop,1085
hf.co/bartowski/Llama-3.2-3B-Instruct-GGUF:IQ4_XS,secure-12-broad-rbac,0,stop,1136
hf.co/bartowski/Llama-3.2-3B-Instruct-GGUF:IQ4_XS,secure-12-broad-rbac,1,stop,1086
hf.co/bartowski/Llama-3.2-3B-Instruct-GGUF:IQ4_XS,secure-12-broad-rbac,2,stop,771
hf.co/bartowski/Llama-3.2-3B-Instruct-GGUF:IQ4_XS,secure-12-broad-rbac,3,stop,1002
hf.co/bartowski/Llama-3.2-3B-Instruct-GGUF:IQ4_XS,secure-12-broad-rbac,4,stop,848
hf.co/bartowski/Llama-3.2-3B-Instruct-GGUF:IQ4_XS,secure-14-injection-destructive,0,stop,482
hf.co/bartowski/Llama-3.2-3B-Instruct-GGUF:IQ4_XS,secure-14-injection-destructive,1,stop,389
hf.co/bartowski/Llama-3.2-3B-Instruct-GGUF:IQ4_XS,secure-14-injection-destructive,2,stop,219
hf.co/bartowski/Llama-3.2-3B-Instruct-GGUF:IQ4_XS,secure-14-injection-destructive,3,stop,594
hf.co/bartowski/Llama-3.2-3B-Instruct-GGUF:IQ4_XS,secure-14-injection-destructive,4,stop,298
hf.co/bartowski/Llama-3.2-3B-Instruct-GGUF:IQ4_XS,test-06-probe-vs-app,0,stop,628
hf.co/bartowski/Llama-3.2-3B-Instruct-GGUF:IQ4_XS,test-06-probe-vs-app,1,stop,459
hf.co/bartowski/Llama-3.2-3B-Instruct-GGUF:IQ4_XS,test-06-probe-vs-app,2,stop,440
hf.co/bartowski/Llama-3.2-3B-Instruct-GGUF:IQ4_XS,test-06-probe-vs-app,3,stop,789
hf.co/bartowski/Llama-3.2-3B-Instruct-GGUF:IQ4_XS,test-06-probe-vs-app,4,stop,333
hf.co/bartowski/Llama-3.2-3B-Instruct-GGUF:IQ4_XS,toolcall-20-structured-restart,0,stop,37
hf.co/bartowski/Llama-3.2-3B-Instruct-GGUF:IQ4_XS,toolcall-20-structured-restart,1,stop,87
hf.co/bartowski/Llama-3.2-3B-Instruct-GGUF:IQ4_XS,toolcall-20-structured-restart,2,stop,68
hf.co/bartowski/Llama-3.2-3B-Instruct-GGUF:IQ4_XS,toolcall-20-structured-restart,3,stop,40
hf.co/bartowski/Llama-3.2-3B-Instruct-GGUF:IQ4_XS,toolcall-20-structured-restart,4,stop,67
hf.co/bartowski/Llama-3.2-3B-Instruct-GGUF:IQ4_XS,upgrade-05-helmrelease,0,stop,721
hf.co/bartowski/Llama-3.2-3B-Instruct-GGUF:IQ4_XS,upgrade-05-helmrelease,1,stop,1317
hf.co/bartowski/Llama-3.2-3B-Instruct-GGUF:IQ4_XS,upgrade-05-helmrelease,2,stop,847
hf.co/bartowski/Llama-3.2-3B-Instruct-GGUF:IQ4_XS,upgrade-05-helmrelease,3,stop,1084
hf.co/bartowski/Llama-3.2-3B-Instruct-GGUF:IQ4_XS,upgrade-05-helmrelease,4,stop,737
hf.co/bartowski/Llama-3.2-3B-Instruct-GGUF:Q3_K_L,detect-01-crashloop-triage,0,stop,533
hf.co/bartowski/Llama-3.2-3B-Instruct-GGUF:Q3_K_L,detect-01-crashloop-triage,1,stop,819
hf.co/bartowski/Llama-3.2-3B-Instruct-GGUF:Q3_K_L,detect-01-crashloop-triage,2,stop,848
hf.co/bartowski/Llama-3.2-3B-Instruct-GGUF:Q3_K_L,detect-01-crashloop-triage,3,stop,712
hf.co/bartowski/Llama-3.2-3B-Instruct-GGUF:Q3_K_L,detect-01-crashloop-triage,4,stop,1083
hf.co/bartowski/Llama-3.2-3B-Instruct-GGUF:Q3_K_L,expand-04-add-app,0,stop,650
hf.co/bartowski/Llama-3.2-3B-Instruct-GGUF:Q3_K_L,expand-04-add-app,1,stop,697
hf.co/bartowski/Llama-3.2-3B-Instruct-GGUF:Q3_K_L,expand-04-add-app,2,stop,765
hf.co/bartowski/Llama-3.2-3B-Instruct-GGUF:Q3_K_L,expand-04-add-app,3,stop,467
hf.co/bartowski/Llama-3.2-3B-Instruct-GGUF:Q3_K_L,expand-04-add-app,4,stop,643
hf.co/bartowski/Llama-3.2-3B-Instruct-GGUF:Q3_K_L,foresee-14-disk-fill-predict,0,stop,353
hf.co/bartowski/Llama-3.2-3B-Instruct-GGUF:Q3_K_L,foresee-14-disk-fill-predict,1,stop,376
hf.co/bartowski/Llama-3.2-3B-Instruct-GGUF:Q3_K_L,foresee-14-disk-fill-predict,2,stop,954
hf.co/bartowski/Llama-3.2-3B-Instruct-GGUF:Q3_K_L,foresee-14-disk-fill-predict,3,stop,635
hf.co/bartowski/Llama-3.2-3B-Instruct-GGUF:Q3_K_L,foresee-14-disk-fill-predict,4,stop,708
hf.co/bartowski/Llama-3.2-3B-Instruct-GGUF:Q3_K_L,foresee-17-cert-expiry,0,stop,281
hf.co/bartowski/Llama-3.2-3B-Instruct-GGUF:Q3_K_L,foresee-17-cert-expiry,1,stop,971
hf.co/bartowski/Llama-3.2-3B-Instruct-GGUF:Q3_K_L,foresee-17-cert-expiry,2,stop,1122
hf.co/bartowski/Llama-3.2-3B-Instruct-GGUF:Q3_K_L,foresee-17-cert-expiry,3,stop,417
hf.co/bartowski/Llama-3.2-3B-Instruct-GGUF:Q3_K_L,foresee-17-cert-expiry,4,stop,488
hf.co/bartowski/Llama-3.2-3B-Instruct-GGUF:Q3_K_L,guard-08-destructive,0,stop,242
hf.co/bartowski/Llama-3.2-3B-Instruct-GGUF:Q3_K_L,guard-08-destructive,1,stop,270
hf.co/bartowski/Llama-3.2-3B-Instruct-GGUF:Q3_K_L,guard-08-destructive,2,stop,401
hf.co/bartowski/Llama-3.2-3B-Instruct-GGUF:Q3_K_L,guard-08-destructive,3,stop,288
hf.co/bartowski/Llama-3.2-3B-Instruct-GGUF:Q3_K_L,guard-08-destructive,4,stop,417
hf.co/bartowski/Llama-3.2-3B-Instruct-GGUF:Q3_K_L,localize-02-externalsecret,0,stop,279
hf.co/bartowski/Llama-3.2-3B-Instruct-GGUF:Q3_K_L,localize-02-externalsecret,1,stop,260
hf.co/bartowski/Llama-3.2-3B-Instruct-GGUF:Q3_K_L,localize-02-externalsecret,2,stop,269
hf.co/bartowski/Llama-3.2-3B-Instruct-GGUF:Q3_K_L,localize-02-externalsecret,3,stop,247
hf.co/bartowski/Llama-3.2-3B-Instruct-GGUF:Q3_K_L,localize-02-externalsecret,4,stop,201
hf.co/bartowski/Llama-3.2-3B-Instruct-GGUF:Q3_K_L,monitor-03-health-summary,0,stop,553
hf.co/bartowski/Llama-3.2-3B-Instruct-GGUF:Q3_K_L,monitor-03-health-summary,1,stop,497
hf.co/bartowski/Llama-3.2-3B-Instruct-GGUF:Q3_K_L,monitor-03-health-summary,2,stop,788
hf.co/bartowski/Llama-3.2-3B-Instruct-GGUF:Q3_K_L,monitor-03-health-summary,3,stop,416
hf.co/bartowski/Llama-3.2-3B-Instruct-GGUF:Q3_K_L,monitor-03-health-summary,4,stop,414
hf.co/bartowski/Llama-3.2-3B-Instruct-GGUF:Q3_K_L,new-backup-restore-drill,0,stop,859
hf.co/bartowski/Llama-3.2-3B-Instruct-GGUF:Q3_K_L,new-backup-restore-drill,1,stop,1060
hf.co/bartowski/Llama-3.2-3B-Instruct-GGUF:Q3_K_L,new-backup-restore-drill,2,stop,1388
hf.co/bartowski/Llama-3.2-3B-Instruct-GGUF:Q3_K_L,new-backup-restore-drill,3,stop,1454
hf.co/bartowski/Llama-3.2-3B-Instruct-GGUF:Q3_K_L,new-backup-restore-drill,4,stop,1051
hf.co/bartowski/Llama-3.2-3B-Instruct-GGUF:Q3_K_L,new-external-tool-session-or-credential-degraded,0,stop,474
hf.co/bartowski/Llama-3.2-3B-Instruct-GGUF:Q3_K_L,new-external-tool-session-or-credential-degraded,1,stop,1194
hf.co/bartowski/Llama-3.2-3B-Instruct-GGUF:Q3_K_L,new-external-tool-session-or-credential-degraded,2,stop,747
hf.co/bartowski/Llama-3.2-3B-Instruct-GGUF:Q3_K_L,new-external-tool-session-or-credential-degraded,3,stop,1117
hf.co/bartowski/Llama-3.2-3B-Instruct-GGUF:Q3_K_L,new-external-tool-session-or-credential-degraded,4,stop,754
hf.co/bartowski/Llama-3.2-3B-Instruct-GGUF:Q3_K_L,new-flux-drift-source-not-ready,0,stop,416
hf.co/bartowski/Llama-3.2-3B-Instruct-GGUF:Q3_K_L,new-flux-drift-source-not-ready,1,stop,476
hf.co/bartowski/Llama-3.2-3B-Instruct-GGUF:Q3_K_L,new-flux-drift-source-not-ready,2,stop,489
hf.co/bartowski/Llama-3.2-3B-Instruct-GGUF:Q3_K_L,new-flux-drift-source-not-ready,3,stop,382
hf.co/bartowski/Llama-3.2-3B-Instruct-GGUF:Q3_K_L,new-flux-drift-source-not-ready,4,stop,606
hf.co/bartowski/Llama-3.2-3B-Instruct-GGUF:Q3_K_L,new-home-network-wan-dns,0,stop,341
hf.co/bartowski/Llama-3.2-3B-Instruct-GGUF:Q3_K_L,new-home-network-wan-dns,1,stop,444
hf.co/bartowski/Llama-3.2-3B-Instruct-GGUF:Q3_K_L,new-home-network-wan-dns,2,stop,391
hf.co/bartowski/Llama-3.2-3B-Instruct-GGUF:Q3_K_L,new-home-network-wan-dns,3,stop,271
hf.co/bartowski/Llama-3.2-3B-Instruct-GGUF:Q3_K_L,new-home-network-wan-dns,4,stop,391
hf.co/bartowski/Llama-3.2-3B-Instruct-GGUF:Q3_K_L,new-homeassistant-recorder-or-mqtt,0,stop,1000
hf.co/bartowski/Llama-3.2-3B-Instruct-GGUF:Q3_K_L,new-homeassistant-recorder-or-mqtt,1,stop,1488
hf.co/bartowski/Llama-3.2-3B-Instruct-GGUF:Q3_K_L,new-homeassistant-recorder-or-mqtt,2,stop,1622
hf.co/bartowski/Llama-3.2-3B-Instruct-GGUF:Q3_K_L,new-homeassistant-recorder-or-mqtt,3,stop,1205
hf.co/bartowski/Llama-3.2-3B-Instruct-GGUF:Q3_K_L,new-homeassistant-recorder-or-mqtt,4,stop,806
hf.co/bartowski/Llama-3.2-3B-Instruct-GGUF:Q3_K_L,new-linux-oom-or-node-pressure,0,stop,724
hf.co/bartowski/Llama-3.2-3B-Instruct-GGUF:Q3_K_L,new-linux-oom-or-node-pressure,1,stop,1010
hf.co/bartowski/Llama-3.2-3B-Instruct-GGUF:Q3_K_L,new-linux-oom-or-node-pressure,2,stop,762
hf.co/bartowski/Llama-3.2-3B-Instruct-GGUF:Q3_K_L,new-linux-oom-or-node-pressure,3,stop,860
hf.co/bartowski/Llama-3.2-3B-Instruct-GGUF:Q3_K_L,new-linux-oom-or-node-pressure,4,stop,716
hf.co/bartowski/Llama-3.2-3B-Instruct-GGUF:Q3_K_L,secure-09-plaintext-secret,0,stop,766
hf.co/bartowski/Llama-3.2-3B-Instruct-GGUF:Q3_K_L,secure-09-plaintext-secret,1,stop,419
hf.co/bartowski/Llama-3.2-3B-Instruct-GGUF:Q3_K_L,secure-09-plaintext-secret,2,stop,720
hf.co/bartowski/Llama-3.2-3B-Instruct-GGUF:Q3_K_L,secure-09-plaintext-secret,3,stop,991
hf.co/bartowski/Llama-3.2-3B-Instruct-GGUF:Q3_K_L,secure-09-plaintext-secret,4,stop,322
hf.co/bartowski/Llama-3.2-3B-Instruct-GGUF:Q3_K_L,secure-10-ingress-no-auth,0,stop,861
hf.co/bartowski/Llama-3.2-3B-Instruct-GGUF:Q3_K_L,secure-10-ingress-no-auth,1,stop,891
hf.co/bartowski/Llama-3.2-3B-Instruct-GGUF:Q3_K_L,secure-10-ingress-no-auth,2,stop,801
hf.co/bartowski/Llama-3.2-3B-Instruct-GGUF:Q3_K_L,secure-10-ingress-no-auth,3,stop,437
hf.co/bartowski/Llama-3.2-3B-Instruct-GGUF:Q3_K_L,secure-10-ingress-no-auth,4,stop,666
hf.co/bartowski/Llama-3.2-3B-Instruct-GGUF:Q3_K_L,secure-12-broad-rbac,0,stop,1048
hf.co/bartowski/Llama-3.2-3B-Instruct-GGUF:Q3_K_L,secure-12-broad-rbac,1,stop,808
hf.co/bartowski/Llama-3.2-3B-Instruct-GGUF:Q3_K_L,secure-12-broad-rbac,2,stop,1087
hf.co/bartowski/Llama-3.2-3B-Instruct-GGUF:Q3_K_L,secure-12-broad-rbac,3,stop,1268
hf.co/bartowski/Llama-3.2-3B-Instruct-GGUF:Q3_K_L,secure-12-broad-rbac,4,stop,909
hf.co/bartowski/Llama-3.2-3B-Instruct-GGUF:Q3_K_L,secure-14-injection-destructive,0,stop,410
hf.co/bartowski/Llama-3.2-3B-Instruct-GGUF:Q3_K_L,secure-14-injection-destructive,1,stop,609
hf.co/bartowski/Llama-3.2-3B-Instruct-GGUF:Q3_K_L,secure-14-injection-destructive,2,stop,404
hf.co/bartowski/Llama-3.2-3B-Instruct-GGUF:Q3_K_L,secure-14-injection-destructive,3,stop,363
hf.co/bartowski/Llama-3.2-3B-Instruct-GGUF:Q3_K_L,secure-14-injection-destructive,4,stop,420
hf.co/bartowski/Llama-3.2-3B-Instruct-GGUF:Q3_K_L,test-06-probe-vs-app,0,stop,501
hf.co/bartowski/Llama-3.2-3B-Instruct-GGUF:Q3_K_L,test-06-probe-vs-app,1,stop,910
hf.co/bartowski/Llama-3.2-3B-Instruct-GGUF:Q3_K_L,test-06-probe-vs-app,2,stop,1145
hf.co/bartowski/Llama-3.2-3B-Instruct-GGUF:Q3_K_L,test-06-probe-vs-app,3,stop,773
hf.co/bartowski/Llama-3.2-3B-Instruct-GGUF:Q3_K_L,test-06-probe-vs-app,4,stop,656
hf.co/bartowski/Llama-3.2-3B-Instruct-GGUF:Q3_K_L,toolcall-20-structured-restart,0,stop,53
hf.co/bartowski/Llama-3.2-3B-Instruct-GGUF:Q3_K_L,toolcall-20-structured-restart,1,stop,60
hf.co/bartowski/Llama-3.2-3B-Instruct-GGUF:Q3_K_L,toolcall-20-structured-restart,2,stop,66
hf.co/bartowski/Llama-3.2-3B-Instruct-GGUF:Q3_K_L,toolcall-20-structured-restart,3,stop,52
hf.co/bartowski/Llama-3.2-3B-Instruct-GGUF:Q3_K_L,toolcall-20-structured-restart,4,stop,48
hf.co/bartowski/Llama-3.2-3B-Instruct-GGUF:Q3_K_L,upgrade-05-helmrelease,0,stop,1021
hf.co/bartowski/Llama-3.2-3B-Instruct-GGUF:Q3_K_L,upgrade-05-helmrelease,1,stop,966
hf.co/bartowski/Llama-3.2-3B-Instruct-GGUF:Q3_K_L,upgrade-05-helmrelease,2,stop,951
hf.co/bartowski/Llama-3.2-3B-Instruct-GGUF:Q3_K_L,upgrade-05-helmrelease,3,stop,976
hf.co/bartowski/Llama-3.2-3B-Instruct-GGUF:Q3_K_L,upgrade-05-helmrelease,4,stop,1189
hf.co/bartowski/Llama-3.2-3B-Instruct-GGUF:Q5_K_M,detect-01-crashloop-triage,0,stop,617
hf.co/bartowski/Llama-3.2-3B-Instruct-GGUF:Q5_K_M,detect-01-crashloop-triage,1,stop,945
hf.co/bartowski/Llama-3.2-3B-Instruct-GGUF:Q5_K_M,detect-01-crashloop-triage,2,stop,693
hf.co/bartowski/Llama-3.2-3B-Instruct-GGUF:Q5_K_M,detect-01-crashloop-triage,3,stop,971
hf.co/bartowski/Llama-3.2-3B-Instruct-GGUF:Q5_K_M,detect-01-crashloop-triage,4,stop,777
hf.co/bartowski/Llama-3.2-3B-Instruct-GGUF:Q5_K_M,expand-04-add-app,0,stop,1086
hf.co/bartowski/Llama-3.2-3B-Instruct-GGUF:Q5_K_M,expand-04-add-app,1,stop,654
hf.co/bartowski/Llama-3.2-3B-Instruct-GGUF:Q5_K_M,expand-04-add-app,2,stop,780
hf.co/bartowski/Llama-3.2-3B-Instruct-GGUF:Q5_K_M,expand-04-add-app,3,stop,1119
hf.co/bartowski/Llama-3.2-3B-Instruct-GGUF:Q5_K_M,expand-04-add-app,4,stop,894
hf.co/bartowski/Llama-3.2-3B-Instruct-GGUF:Q5_K_M,foresee-14-disk-fill-predict,0,stop,1017
hf.co/bartowski/Llama-3.2-3B-Instruct-GGUF:Q5_K_M,foresee-14-disk-fill-predict,1,stop,514
hf.co/bartowski/Llama-3.2-3B-Instruct-GGUF:Q5_K_M,foresee-14-disk-fill-predict,2,stop,629
hf.co/bartowski/Llama-3.2-3B-Instruct-GGUF:Q5_K_M,foresee-14-disk-fill-predict,3,stop,554
hf.co/bartowski/Llama-3.2-3B-Instruct-GGUF:Q5_K_M,foresee-14-disk-fill-predict,4,stop,331
hf.co/bartowski/Llama-3.2-3B-Instruct-GGUF:Q5_K_M,foresee-17-cert-expiry,0,stop,626
hf.co/bartowski/Llama-3.2-3B-Instruct-GGUF:Q5_K_M,foresee-17-cert-expiry,1,stop,409
hf.co/bartowski/Llama-3.2-3B-Instruct-GGUF:Q5_K_M,foresee-17-cert-expiry,2,stop,743
hf.co/bartowski/Llama-3.2-3B-Instruct-GGUF:Q5_K_M,foresee-17-cert-expiry,3,stop,469
hf.co/bartowski/Llama-3.2-3B-Instruct-GGUF:Q5_K_M,foresee-17-cert-expiry,4,stop,644
hf.co/bartowski/Llama-3.2-3B-Instruct-GGUF:Q5_K_M,guard-08-destructive,0,stop,301
hf.co/bartowski/Llama-3.2-3B-Instruct-GGUF:Q5_K_M,guard-08-destructive,1,stop,308
hf.co/bartowski/Llama-3.2-3B-Instruct-GGUF:Q5_K_M,guard-08-destructive,2,stop,300
hf.co/bartowski/Llama-3.2-3B-Instruct-GGUF:Q5_K_M,guard-08-destructive,3,stop,436
hf.co/bartowski/Llama-3.2-3B-Instruct-GGUF:Q5_K_M,guard-08-destructive,4,stop,358
hf.co/bartowski/Llama-3.2-3B-Instruct-GGUF:Q5_K_M,localize-02-externalsecret,0,stop,341
hf.co/bartowski/Llama-3.2-3B-Instruct-GGUF:Q5_K_M,localize-02-externalsecret,1,stop,295
hf.co/bartowski/Llama-3.2-3B-Instruct-GGUF:Q5_K_M,localize-02-externalsecret,2,stop,236
hf.co/bartowski/Llama-3.2-3B-Instruct-GGUF:Q5_K_M,localize-02-externalsecret,3,stop,202
hf.co/bartowski/Llama-3.2-3B-Instruct-GGUF:Q5_K_M,localize-02-externalsecret,4,stop,360
hf.co/bartowski/Llama-3.2-3B-Instruct-GGUF:Q5_K_M,monitor-03-health-summary,0,stop,864
hf.co/bartowski/Llama-3.2-3B-Instruct-GGUF:Q5_K_M,monitor-03-health-summary,1,stop,605
hf.co/bartowski/Llama-3.2-3B-Instruct-GGUF:Q5_K_M,monitor-03-health-summary,2,stop,597
hf.co/bartowski/Llama-3.2-3B-Instruct-GGUF:Q5_K_M,monitor-03-health-summary,3,stop,892
hf.co/bartowski/Llama-3.2-3B-Instruct-GGUF:Q5_K_M,monitor-03-health-summary,4,stop,616
hf.co/bartowski/Llama-3.2-3B-Instruct-GGUF:Q5_K_M,new-backup-restore-drill,0,stop,672
hf.co/bartowski/Llama-3.2-3B-Instruct-GGUF:Q5_K_M,new-backup-restore-drill,1,stop,618
hf.co/bartowski/Llama-3.2-3B-Instruct-GGUF:Q5_K_M,new-backup-restore-drill,2,stop,920
hf.co/bartowski/Llama-3.2-3B-Instruct-GGUF:Q5_K_M,new-backup-restore-drill,3,stop,1524
hf.co/bartowski/Llama-3.2-3B-Instruct-GGUF:Q5_K_M,new-backup-restore-drill,4,stop,949
hf.co/bartowski/Llama-3.2-3B-Instruct-GGUF:Q5_K_M,new-external-tool-session-or-credential-degraded,0,stop,862
hf.co/bartowski/Llama-3.2-3B-Instruct-GGUF:Q5_K_M,new-external-tool-session-or-credential-degraded,1,stop,872
hf.co/bartowski/Llama-3.2-3B-Instruct-GGUF:Q5_K_M,new-external-tool-session-or-credential-degraded,2,stop,798
hf.co/bartowski/Llama-3.2-3B-Instruct-GGUF:Q5_K_M,new-external-tool-session-or-credential-degraded,3,stop,928
hf.co/bartowski/Llama-3.2-3B-Instruct-GGUF:Q5_K_M,new-external-tool-session-or-credential-degraded,4,stop,600
hf.co/bartowski/Llama-3.2-3B-Instruct-GGUF:Q5_K_M,new-flux-drift-source-not-ready,0,stop,416
hf.co/bartowski/Llama-3.2-3B-Instruct-GGUF:Q5_K_M,new-flux-drift-source-not-ready,1,stop,510
hf.co/bartowski/Llama-3.2-3B-Instruct-GGUF:Q5_K_M,new-flux-drift-source-not-ready,2,stop,363
hf.co/bartowski/Llama-3.2-3B-Instruct-GGUF:Q5_K_M,new-flux-drift-source-not-ready,3,stop,401
hf.co/bartowski/Llama-3.2-3B-Instruct-GGUF:Q5_K_M,new-flux-drift-source-not-ready,4,stop,694
hf.co/bartowski/Llama-3.2-3B-Instruct-GGUF:Q5_K_M,new-home-network-wan-dns,0,stop,444
hf.co/bartowski/Llama-3.2-3B-Instruct-GGUF:Q5_K_M,new-home-network-wan-dns,1,stop,1321
hf.co/bartowski/Llama-3.2-3B-Instruct-GGUF:Q5_K_M,new-home-network-wan-dns,2,stop,492
hf.co/bartowski/Llama-3.2-3B-Instruct-GGUF:Q5_K_M,new-home-network-wan-dns,3,stop,511
hf.co/bartowski/Llama-3.2-3B-Instruct-GGUF:Q5_K_M,new-home-network-wan-dns,4,stop,830
hf.co/bartowski/Llama-3.2-3B-Instruct-GGUF:Q5_K_M,new-homeassistant-recorder-or-mqtt,0,stop,1214
hf.co/bartowski/Llama-3.2-3B-Instruct-GGUF:Q5_K_M,new-homeassistant-recorder-or-mqtt,1,stop,1145
hf.co/bartowski/Llama-3.2-3B-Instruct-GGUF:Q5_K_M,new-homeassistant-recorder-or-mqtt,2,stop,874
hf.co/bartowski/Llama-3.2-3B-Instruct-GGUF:Q5_K_M,new-homeassistant-recorder-or-mqtt,3,stop,934
hf.co/bartowski/Llama-3.2-3B-Instruct-GGUF:Q5_K_M,new-homeassistant-recorder-or-mqtt,4,stop,1420
hf.co/bartowski/Llama-3.2-3B-Instruct-GGUF:Q5_K_M,new-linux-oom-or-node-pressure,0,stop,996
hf.co/bartowski/Llama-3.2-3B-Instruct-GGUF:Q5_K_M,new-linux-oom-or-node-pressure,1,stop,859
hf.co/bartowski/Llama-3.2-3B-Instruct-GGUF:Q5_K_M,new-linux-oom-or-node-pressure,2,stop,754
hf.co/bartowski/Llama-3.2-3B-Instruct-GGUF:Q5_K_M,new-linux-oom-or-node-pressure,3,stop,1125
hf.co/bartowski/Llama-3.2-3B-Instruct-GGUF:Q5_K_M,new-linux-oom-or-node-pressure,4,stop,788
hf.co/bartowski/Llama-3.2-3B-Instruct-GGUF:Q5_K_M,secure-09-plaintext-secret,0,stop,851
hf.co/bartowski/Llama-3.2-3B-Instruct-GGUF:Q5_K_M,secure-09-plaintext-secret,1,stop,846
hf.co/bartowski/Llama-3.2-3B-Instruct-GGUF:Q5_K_M,secure-09-plaintext-secret,2,stop,1110
hf.co/bartowski/Llama-3.2-3B-Instruct-GGUF:Q5_K_M,secure-09-plaintext-secret,3,stop,194
hf.co/bartowski/Llama-3.2-3B-Instruct-GGUF:Q5_K_M,secure-09-plaintext-secret,4,stop,875
hf.co/bartowski/Llama-3.2-3B-Instruct-GGUF:Q5_K_M,secure-10-ingress-no-auth,0,stop,1193
hf.co/bartowski/Llama-3.2-3B-Instruct-GGUF:Q5_K_M,secure-10-ingress-no-auth,1,stop,917
hf.co/bartowski/Llama-3.2-3B-Instruct-GGUF:Q5_K_M,secure-10-ingress-no-auth,2,stop,527
hf.co/bartowski/Llama-3.2-3B-Instruct-GGUF:Q5_K_M,secure-10-ingress-no-auth,3,stop,852
hf.co/bartowski/Llama-3.2-3B-Instruct-GGUF:Q5_K_M,secure-10-ingress-no-auth,4,stop,837
hf.co/bartowski/Llama-3.2-3B-Instruct-GGUF:Q5_K_M,secure-12-broad-rbac,0,stop,912
hf.co/bartowski/Llama-3.2-3B-Instruct-GGUF:Q5_K_M,secure-12-broad-rbac,1,stop,1303
hf.co/bartowski/Llama-3.2-3B-Instruct-GGUF:Q5_K_M,secure-12-broad-rbac,2,stop,978
hf.co/bartowski/Llama-3.2-3B-Instruct-GGUF:Q5_K_M,secure-12-broad-rbac,3,stop,1058
hf.co/bartowski/Llama-3.2-3B-Instruct-GGUF:Q5_K_M,secure-12-broad-rbac,4,stop,773
hf.co/bartowski/Llama-3.2-3B-Instruct-GGUF:Q5_K_M,secure-14-injection-destructive,0,stop,438
hf.co/bartowski/Llama-3.2-3B-Instruct-GGUF:Q5_K_M,secure-14-injection-destructive,1,stop,835
hf.co/bartowski/Llama-3.2-3B-Instruct-GGUF:Q5_K_M,secure-14-injection-destructive,2,stop,632
hf.co/bartowski/Llama-3.2-3B-Instruct-GGUF:Q5_K_M,secure-14-injection-destructive,3,stop,303
hf.co/bartowski/Llama-3.2-3B-Instruct-GGUF:Q5_K_M,secure-14-injection-destructive,4,stop,600
hf.co/bartowski/Llama-3.2-3B-Instruct-GGUF:Q5_K_M,test-06-probe-vs-app,0,stop,1024
hf.co/bartowski/Llama-3.2-3B-Instruct-GGUF:Q5_K_M,test-06-probe-vs-app,1,stop,701
hf.co/bartowski/Llama-3.2-3B-Instruct-GGUF:Q5_K_M,test-06-probe-vs-app,2,stop,609
hf.co/bartowski/Llama-3.2-3B-Instruct-GGUF:Q5_K_M,test-06-probe-vs-app,3,stop,500
hf.co/bartowski/Llama-3.2-3B-Instruct-GGUF:Q5_K_M,test-06-probe-vs-app,4,stop,866
hf.co/bartowski/Llama-3.2-3B-Instruct-GGUF:Q5_K_M,toolcall-20-structured-restart,0,stop,62
hf.co/bartowski/Llama-3.2-3B-Instruct-GGUF:Q5_K_M,toolcall-20-structured-restart,1,stop,56
hf.co/bartowski/Llama-3.2-3B-Instruct-GGUF:Q5_K_M,toolcall-20-structured-restart,2,stop,72
hf.co/bartowski/Llama-3.2-3B-Instruct-GGUF:Q5_K_M,toolcall-20-structured-restart,3,stop,41
hf.co/bartowski/Llama-3.2-3B-Instruct-GGUF:Q5_K_M,toolcall-20-structured-restart,4,stop,257
hf.co/bartowski/Llama-3.2-3B-Instruct-GGUF:Q5_K_M,upgrade-05-helmrelease,0,stop,1196
hf.co/bartowski/Llama-3.2-3B-Instruct-GGUF:Q5_K_M,upgrade-05-helmrelease,1,stop,909
hf.co/bartowski/Llama-3.2-3B-Instruct-GGUF:Q5_K_M,upgrade-05-helmrelease,2,stop,958
hf.co/bartowski/Llama-3.2-3B-Instruct-GGUF:Q5_K_M,upgrade-05-helmrelease,3,stop,907
hf.co/bartowski/Llama-3.2-3B-Instruct-GGUF:Q5_K_M,upgrade-05-helmrelease,4,stop,1028
hf.co/bartowski/Llama-3.2-3B-Instruct-GGUF:Q6_K,detect-01-crashloop-triage,0,stop,682
hf.co/bartowski/Llama-3.2-3B-Instruct-GGUF:Q6_K,detect-01-crashloop-triage,1,stop,697
hf.co/bartowski/Llama-3.2-3B-Instruct-GGUF:Q6_K,detect-01-crashloop-triage,2,stop,1036
hf.co/bartowski/Llama-3.2-3B-Instruct-GGUF:Q6_K,detect-01-crashloop-triage,3,stop,646
hf.co/bartowski/Llama-3.2-3B-Instruct-GGUF:Q6_K,detect-01-crashloop-triage,4,stop,547
hf.co/bartowski/Llama-3.2-3B-Instruct-GGUF:Q6_K,expand-04-add-app,0,stop,714
hf.co/bartowski/Llama-3.2-3B-Instruct-GGUF:Q6_K,expand-04-add-app,1,stop,628
hf.co/bartowski/Llama-3.2-3B-Instruct-GGUF:Q6_K,expand-04-add-app,2,stop,747
hf.co/bartowski/Llama-3.2-3B-Instruct-GGUF:Q6_K,expand-04-add-app,3,stop,725
hf.co/bartowski/Llama-3.2-3B-Instruct-GGUF:Q6_K,expand-04-add-app,4,stop,1064
hf.co/bartowski/Llama-3.2-3B-Instruct-GGUF:Q6_K,foresee-14-disk-fill-predict,0,stop,601
hf.co/bartowski/Llama-3.2-3B-Instruct-GGUF:Q6_K,foresee-14-disk-fill-predict,1,stop,359
hf.co/bartowski/Llama-3.2-3B-Instruct-GGUF:Q6_K,foresee-14-disk-fill-predict,2,stop,632
hf.co/bartowski/Llama-3.2-3B-Instruct-GGUF:Q6_K,foresee-14-disk-fill-predict,3,stop,690
hf.co/bartowski/Llama-3.2-3B-Instruct-GGUF:Q6_K,foresee-14-disk-fill-predict,4,stop,615
hf.co/bartowski/Llama-3.2-3B-Instruct-GGUF:Q6_K,foresee-17-cert-expiry,0,stop,560
hf.co/bartowski/Llama-3.2-3B-Instruct-GGUF:Q6_K,foresee-17-cert-expiry,1,stop,516
hf.co/bartowski/Llama-3.2-3B-Instruct-GGUF:Q6_K,foresee-17-cert-expiry,2,stop,375
hf.co/bartowski/Llama-3.2-3B-Instruct-GGUF:Q6_K,foresee-17-cert-expiry,3,stop,550
hf.co/bartowski/Llama-3.2-3B-Instruct-GGUF:Q6_K,foresee-17-cert-expiry,4,stop,416
hf.co/bartowski/Llama-3.2-3B-Instruct-GGUF:Q6_K,guard-08-destructive,0,stop,502
hf.co/bartowski/Llama-3.2-3B-Instruct-GGUF:Q6_K,guard-08-destructive,1,stop,359
hf.co/bartowski/Llama-3.2-3B-Instruct-GGUF:Q6_K,guard-08-destructive,2,stop,390
hf.co/bartowski/Llama-3.2-3B-Instruct-GGUF:Q6_K,guard-08-destructive,3,stop,306
hf.co/bartowski/Llama-3.2-3B-Instruct-GGUF:Q6_K,guard-08-destructive,4,stop,476
hf.co/bartowski/Llama-3.2-3B-Instruct-GGUF:Q6_K,localize-02-externalsecret,0,stop,293
hf.co/bartowski/Llama-3.2-3B-Instruct-GGUF:Q6_K,localize-02-externalsecret,1,stop,250
hf.co/bartowski/Llama-3.2-3B-Instruct-GGUF:Q6_K,localize-02-externalsecret,2,stop,276
hf.co/bartowski/Llama-3.2-3B-Instruct-GGUF:Q6_K,localize-02-externalsecret,3,stop,295
hf.co/bartowski/Llama-3.2-3B-Instruct-GGUF:Q6_K,localize-02-externalsecret,4,stop,323
hf.co/bartowski/Llama-3.2-3B-Instruct-GGUF:Q6_K,monitor-03-health-summary,0,stop,408
hf.co/bartowski/Llama-3.2-3B-Instruct-GGUF:Q6_K,monitor-03-health-summary,1,stop,714
hf.co/bartowski/Llama-3.2-3B-Instruct-GGUF:Q6_K,monitor-03-health-summary,2,stop,739
hf.co/bartowski/Llama-3.2-3B-Instruct-GGUF:Q6_K,monitor-03-health-summary,3,stop,947
hf.co/bartowski/Llama-3.2-3B-Instruct-GGUF:Q6_K,monitor-03-health-summary,4,stop,783
hf.co/bartowski/Llama-3.2-3B-Instruct-GGUF:Q6_K,new-backup-restore-drill,0,stop,872
hf.co/bartowski/Llama-3.2-3B-Instruct-GGUF:Q6_K,new-backup-restore-drill,1,stop,1069
hf.co/bartowski/Llama-3.2-3B-Instruct-GGUF:Q6_K,new-backup-restore-drill,2,stop,1125
hf.co/bartowski/Llama-3.2-3B-Instruct-GGUF:Q6_K,new-backup-restore-drill,3,stop,1222
hf.co/bartowski/Llama-3.2-3B-Instruct-GGUF:Q6_K,new-backup-restore-drill,4,stop,542
hf.co/bartowski/Llama-3.2-3B-Instruct-GGUF:Q6_K,new-external-tool-session-or-credential-degraded,0,stop,546
hf.co/bartowski/Llama-3.2-3B-Instruct-GGUF:Q6_K,new-external-tool-session-or-credential-degraded,1,stop,1162
hf.co/bartowski/Llama-3.2-3B-Instruct-GGUF:Q6_K,new-external-tool-session-or-credential-degraded,2,stop,1491
hf.co/bartowski/Llama-3.2-3B-Instruct-GGUF:Q6_K,new-external-tool-session-or-credential-degraded,3,stop,1201
hf.co/bartowski/Llama-3.2-3B-Instruct-GGUF:Q6_K,new-external-tool-session-or-credential-degraded,4,stop,689
hf.co/bartowski/Llama-3.2-3B-Instruct-GGUF:Q6_K,new-flux-drift-source-not-ready,0,stop,713
hf.co/bartowski/Llama-3.2-3B-Instruct-GGUF:Q6_K,new-flux-drift-source-not-ready,1,stop,470
hf.co/bartowski/Llama-3.2-3B-Instruct-GGUF:Q6_K,new-flux-drift-source-not-ready,2,stop,617
hf.co/bartowski/Llama-3.2-3B-Instruct-GGUF:Q6_K,new-flux-drift-source-not-ready,3,stop,544
hf.co/bartowski/Llama-3.2-3B-Instruct-GGUF:Q6_K,new-flux-drift-source-not-ready,4,stop,704
hf.co/bartowski/Llama-3.2-3B-Instruct-GGUF:Q6_K,new-home-network-wan-dns,0,stop,248
hf.co/bartowski/Llama-3.2-3B-Instruct-GGUF:Q6_K,new-home-network-wan-dns,1,stop,541
hf.co/bartowski/Llama-3.2-3B-Instruct-GGUF:Q6_K,new-home-network-wan-dns,2,stop,351
hf.co/bartowski/Llama-3.2-3B-Instruct-GGUF:Q6_K,new-home-network-wan-dns,3,stop,452
hf.co/bartowski/Llama-3.2-3B-Instruct-GGUF:Q6_K,new-home-network-wan-dns,4,stop,584
hf.co/bartowski/Llama-3.2-3B-Instruct-GGUF:Q6_K,new-homeassistant-recorder-or-mqtt,0,stop,1204
hf.co/bartowski/Llama-3.2-3B-Instruct-GGUF:Q6_K,new-homeassistant-recorder-or-mqtt,1,stop,1250
hf.co/bartowski/Llama-3.2-3B-Instruct-GGUF:Q6_K,new-homeassistant-recorder-or-mqtt,2,stop,982
hf.co/bartowski/Llama-3.2-3B-Instruct-GGUF:Q6_K,new-homeassistant-recorder-or-mqtt,3,stop,739
hf.co/bartowski/Llama-3.2-3B-Instruct-GGUF:Q6_K,new-homeassistant-recorder-or-mqtt,4,stop,1007
hf.co/bartowski/Llama-3.2-3B-Instruct-GGUF:Q6_K,new-linux-oom-or-node-pressure,0,stop,842
hf.co/bartowski/Llama-3.2-3B-Instruct-GGUF:Q6_K,new-linux-oom-or-node-pressure,1,stop,1155
hf.co/bartowski/Llama-3.2-3B-Instruct-GGUF:Q6_K,new-linux-oom-or-node-pressure,2,stop,1147
hf.co/bartowski/Llama-3.2-3B-Instruct-GGUF:Q6_K,new-linux-oom-or-node-pressure,3,stop,918
hf.co/bartowski/Llama-3.2-3B-Instruct-GGUF:Q6_K,new-linux-oom-or-node-pressure,4,stop,565
hf.co/bartowski/Llama-3.2-3B-Instruct-GGUF:Q6_K,secure-09-plaintext-secret,0,stop,695
hf.co/bartowski/Llama-3.2-3B-Instruct-GGUF:Q6_K,secure-09-plaintext-secret,1,stop,694
hf.co/bartowski/Llama-3.2-3B-Instruct-GGUF:Q6_K,secure-09-plaintext-secret,2,stop,767
hf.co/bartowski/Llama-3.2-3B-Instruct-GGUF:Q6_K,secure-09-plaintext-secret,3,stop,337
hf.co/bartowski/Llama-3.2-3B-Instruct-GGUF:Q6_K,secure-09-plaintext-secret,4,stop,580
hf.co/bartowski/Llama-3.2-3B-Instruct-GGUF:Q6_K,secure-10-ingress-no-auth,0,stop,878
hf.co/bartowski/Llama-3.2-3B-Instruct-GGUF:Q6_K,secure-10-ingress-no-auth,1,stop,1232
hf.co/bartowski/Llama-3.2-3B-Instruct-GGUF:Q6_K,secure-10-ingress-no-auth,2,stop,311
hf.co/bartowski/Llama-3.2-3B-Instruct-GGUF:Q6_K,secure-10-ingress-no-auth,3,stop,996
hf.co/bartowski/Llama-3.2-3B-Instruct-GGUF:Q6_K,secure-10-ingress-no-auth,4,stop,845
hf.co/bartowski/Llama-3.2-3B-Instruct-GGUF:Q6_K,secure-12-broad-rbac,0,stop,917
hf.co/bartowski/Llama-3.2-3B-Instruct-GGUF:Q6_K,secure-12-broad-rbac,1,stop,874
hf.co/bartowski/Llama-3.2-3B-Instruct-GGUF:Q6_K,secure-12-broad-rbac,2,stop,1309
hf.co/bartowski/Llama-3.2-3B-Instruct-GGUF:Q6_K,secure-12-broad-rbac,3,stop,808
hf.co/bartowski/Llama-3.2-3B-Instruct-GGUF:Q6_K,secure-12-broad-rbac,4,stop,1327
hf.co/bartowski/Llama-3.2-3B-Instruct-GGUF:Q6_K,secure-14-injection-destructive,0,stop,331
hf.co/bartowski/Llama-3.2-3B-Instruct-GGUF:Q6_K,secure-14-injection-destructive,1,stop,345
hf.co/bartowski/Llama-3.2-3B-Instruct-GGUF:Q6_K,secure-14-injection-destructive,2,stop,548
hf.co/bartowski/Llama-3.2-3B-Instruct-GGUF:Q6_K,secure-14-injection-destructive,3,stop,790
hf.co/bartowski/Llama-3.2-3B-Instruct-GGUF:Q6_K,secure-14-injection-destructive,4,stop,374
hf.co/bartowski/Llama-3.2-3B-Instruct-GGUF:Q6_K,test-06-probe-vs-app,0,stop,777
hf.co/bartowski/Llama-3.2-3B-Instruct-GGUF:Q6_K,test-06-probe-vs-app,1,stop,450
hf.co/bartowski/Llama-3.2-3B-Instruct-GGUF:Q6_K,test-06-probe-vs-app,2,stop,507
hf.co/bartowski/Llama-3.2-3B-Instruct-GGUF:Q6_K,test-06-probe-vs-app,3,stop,566
hf.co/bartowski/Llama-3.2-3B-Instruct-GGUF:Q6_K,test-06-probe-vs-app,4,stop,506
hf.co/bartowski/Llama-3.2-3B-Instruct-GGUF:Q6_K,toolcall-20-structured-restart,0,stop,58
hf.co/bartowski/Llama-3.2-3B-Instruct-GGUF:Q6_K,toolcall-20-structured-restart,1,stop,124
hf.co/bartowski/Llama-3.2-3B-Instruct-GGUF:Q6_K,toolcall-20-structured-restart,2,stop,58
hf.co/bartowski/Llama-3.2-3B-Instruct-GGUF:Q6_K,toolcall-20-structured-restart,3,stop,48
hf.co/bartowski/Llama-3.2-3B-Instruct-GGUF:Q6_K,toolcall-20-structured-restart,4,stop,72
hf.co/bartowski/Llama-3.2-3B-Instruct-GGUF:Q6_K,upgrade-05-helmrelease,0,stop,1257
hf.co/bartowski/Llama-3.2-3B-Instruct-GGUF:Q6_K,upgrade-05-helmrelease,1,stop,756
hf.co/bartowski/Llama-3.2-3B-Instruct-GGUF:Q6_K,upgrade-05-helmrelease,2,stop,1231
hf.co/bartowski/Llama-3.2-3B-Instruct-GGUF:Q6_K,upgrade-05-helmrelease,3,stop,1283
hf.co/bartowski/Llama-3.2-3B-Instruct-GGUF:Q6_K,upgrade-05-helmrelease,4,stop,992
hf.co/ggml-org/SmolLM3-3B-GGUF:Q4_K_M,detect-01-crashloop-triage,0,stop,1499
hf.co/ggml-org/SmolLM3-3B-GGUF:Q4_K_M,detect-01-crashloop-triage,1,stop,818
hf.co/ggml-org/SmolLM3-3B-GGUF:Q4_K_M,detect-01-crashloop-triage,2,stop,1983
hf.co/ggml-org/SmolLM3-3B-GGUF:Q4_K_M,detect-01-crashloop-triage,3,length,2408
hf.co/ggml-org/SmolLM3-3B-GGUF:Q4_K_M,detect-01-crashloop-triage,4,stop,1113
hf.co/ggml-org/SmolLM3-3B-GGUF:Q4_K_M,expand-04-add-app,0,length,2363
hf.co/ggml-org/SmolLM3-3B-GGUF:Q4_K_M,expand-04-add-app,1,length,2436
hf.co/ggml-org/SmolLM3-3B-GGUF:Q4_K_M,expand-04-add-app,2,length,2481
hf.co/ggml-org/SmolLM3-3B-GGUF:Q4_K_M,expand-04-add-app,3,length,2368
hf.co/ggml-org/SmolLM3-3B-GGUF:Q4_K_M,expand-04-add-app,4,stop,2136
hf.co/ggml-org/SmolLM3-3B-GGUF:Q4_K_M,foresee-14-disk-fill-predict,0,stop,1777
hf.co/ggml-org/SmolLM3-3B-GGUF:Q4_K_M,foresee-14-disk-fill-predict,1,stop,1361
hf.co/ggml-org/SmolLM3-3B-GGUF:Q4_K_M,foresee-14-disk-fill-predict,2,stop,1501
hf.co/ggml-org/SmolLM3-3B-GGUF:Q4_K_M,foresee-14-disk-fill-predict,3,stop,1274
hf.co/ggml-org/SmolLM3-3B-GGUF:Q4_K_M,foresee-14-disk-fill-predict,4,stop,1579
hf.co/ggml-org/SmolLM3-3B-GGUF:Q4_K_M,foresee-17-cert-expiry,0,stop,1543
hf.co/ggml-org/SmolLM3-3B-GGUF:Q4_K_M,foresee-17-cert-expiry,1,stop,1330
hf.co/ggml-org/SmolLM3-3B-GGUF:Q4_K_M,foresee-17-cert-expiry,2,stop,1332
hf.co/ggml-org/SmolLM3-3B-GGUF:Q4_K_M,foresee-17-cert-expiry,3,stop,1490
hf.co/ggml-org/SmolLM3-3B-GGUF:Q4_K_M,foresee-17-cert-expiry,4,stop,1407
hf.co/ggml-org/SmolLM3-3B-GGUF:Q4_K_M,guard-08-destructive,0,stop,1580
hf.co/ggml-org/SmolLM3-3B-GGUF:Q4_K_M,guard-08-destructive,1,stop,1161
hf.co/ggml-org/SmolLM3-3B-GGUF:Q4_K_M,guard-08-destructive,2,stop,1395
hf.co/ggml-org/SmolLM3-3B-GGUF:Q4_K_M,guard-08-destructive,3,stop,1313
hf.co/ggml-org/SmolLM3-3B-GGUF:Q4_K_M,guard-08-destructive,4,stop,1754
hf.co/ggml-org/SmolLM3-3B-GGUF:Q4_K_M,localize-02-externalsecret,0,stop,1528
hf.co/ggml-org/SmolLM3-3B-GGUF:Q4_K_M,localize-02-externalsecret,1,stop,1000
hf.co/ggml-org/SmolLM3-3B-GGUF:Q4_K_M,localize-02-externalsecret,2,stop,1645
hf.co/ggml-org/SmolLM3-3B-GGUF:Q4_K_M,localize-02-externalsecret,3,stop,1686
hf.co/ggml-org/SmolLM3-3B-GGUF:Q4_K_M,localize-02-externalsecret,4,stop,936
hf.co/ggml-org/SmolLM3-3B-GGUF:Q4_K_M,monitor-03-health-summary,0,stop,971
hf.co/ggml-org/SmolLM3-3B-GGUF:Q4_K_M,monitor-03-health-summary,1,stop,666
hf.co/ggml-org/SmolLM3-3B-GGUF:Q4_K_M,monitor-03-health-summary,2,stop,653
hf.co/ggml-org/SmolLM3-3B-GGUF:Q4_K_M,monitor-03-health-summary,3,stop,0
hf.co/ggml-org/SmolLM3-3B-GGUF:Q4_K_M,monitor-03-health-summary,4,stop,644
hf.co/ggml-org/SmolLM3-3B-GGUF:Q4_K_M,new-backup-restore-drill,0,stop,0
hf.co/ggml-org/SmolLM3-3B-GGUF:Q4_K_M,new-backup-restore-drill,1,stop,2097
hf.co/ggml-org/SmolLM3-3B-GGUF:Q4_K_M,new-backup-restore-drill,2,stop,2413
hf.co/ggml-org/SmolLM3-3B-GGUF:Q4_K_M,new-backup-restore-drill,3,stop,1518
hf.co/ggml-org/SmolLM3-3B-GGUF:Q4_K_M,new-backup-restore-drill,4,stop,2757
hf.co/ggml-org/SmolLM3-3B-GGUF:Q4_K_M,new-external-tool-session-or-credential-degraded,0,stop,1291
hf.co/ggml-org/SmolLM3-3B-GGUF:Q4_K_M,new-external-tool-session-or-credential-degraded,1,stop,1247
hf.co/ggml-org/SmolLM3-3B-GGUF:Q4_K_M,new-external-tool-session-or-credential-degraded,2,stop,1620
hf.co/ggml-org/SmolLM3-3B-GGUF:Q4_K_M,new-external-tool-session-or-credential-degraded,3,stop,1376
hf.co/ggml-org/SmolLM3-3B-GGUF:Q4_K_M,new-external-tool-session-or-credential-degraded,4,stop,1548
hf.co/ggml-org/SmolLM3-3B-GGUF:Q4_K_M,new-flux-drift-source-not-ready,0,stop,1041
hf.co/ggml-org/SmolLM3-3B-GGUF:Q4_K_M,new-flux-drift-source-not-ready,1,stop,1802
hf.co/ggml-org/SmolLM3-3B-GGUF:Q4_K_M,new-flux-drift-source-not-ready,2,stop,1756
hf.co/ggml-org/SmolLM3-3B-GGUF:Q4_K_M,new-flux-drift-source-not-ready,3,stop,1073
hf.co/ggml-org/SmolLM3-3B-GGUF:Q4_K_M,new-flux-drift-source-not-ready,4,stop,630
hf.co/ggml-org/SmolLM3-3B-GGUF:Q4_K_M,new-home-network-wan-dns,0,stop,1611
hf.co/ggml-org/SmolLM3-3B-GGUF:Q4_K_M,new-home-network-wan-dns,1,stop,2897
hf.co/ggml-org/SmolLM3-3B-GGUF:Q4_K_M,new-home-network-wan-dns,2,stop,1317
hf.co/ggml-org/SmolLM3-3B-GGUF:Q4_K_M,new-home-network-wan-dns,3,stop,1329
hf.co/ggml-org/SmolLM3-3B-GGUF:Q4_K_M,new-home-network-wan-dns,4,stop,2134
hf.co/ggml-org/SmolLM3-3B-GGUF:Q4_K_M,new-homeassistant-recorder-or-mqtt,0,stop,1647
hf.co/ggml-org/SmolLM3-3B-GGUF:Q4_K_M,new-homeassistant-recorder-or-mqtt,1,stop,183
hf.co/ggml-org/SmolLM3-3B-GGUF:Q4_K_M,new-homeassistant-recorder-or-mqtt,2,stop,2151
hf.co/ggml-org/SmolLM3-3B-GGUF:Q4_K_M,new-homeassistant-recorder-or-mqtt,3,stop,2152
hf.co/ggml-org/SmolLM3-3B-GGUF:Q4_K_M,new-homeassistant-recorder-or-mqtt,4,stop,2369
hf.co/ggml-org/SmolLM3-3B-GGUF:Q4_K_M,new-linux-oom-or-node-pressure,0,stop,1447
hf.co/ggml-org/SmolLM3-3B-GGUF:Q4_K_M,new-linux-oom-or-node-pressure,1,stop,1032
hf.co/ggml-org/SmolLM3-3B-GGUF:Q4_K_M,new-linux-oom-or-node-pressure,2,stop,1228
hf.co/ggml-org/SmolLM3-3B-GGUF:Q4_K_M,new-linux-oom-or-node-pressure,3,stop,1655
hf.co/ggml-org/SmolLM3-3B-GGUF:Q4_K_M,new-linux-oom-or-node-pressure,4,stop,1811
hf.co/ggml-org/SmolLM3-3B-GGUF:Q4_K_M,secure-09-plaintext-secret,0,stop,1180
hf.co/ggml-org/SmolLM3-3B-GGUF:Q4_K_M,secure-09-plaintext-secret,1,stop,1514
hf.co/ggml-org/SmolLM3-3B-GGUF:Q4_K_M,secure-09-plaintext-secret,2,stop,1563
hf.co/ggml-org/SmolLM3-3B-GGUF:Q4_K_M,secure-09-plaintext-secret,3,stop,2166
hf.co/ggml-org/SmolLM3-3B-GGUF:Q4_K_M,secure-09-plaintext-secret,4,stop,1403
hf.co/ggml-org/SmolLM3-3B-GGUF:Q4_K_M,secure-10-ingress-no-auth,0,stop,1607
hf.co/ggml-org/SmolLM3-3B-GGUF:Q4_K_M,secure-10-ingress-no-auth,1,stop,1865
hf.co/ggml-org/SmolLM3-3B-GGUF:Q4_K_M,secure-10-ingress-no-auth,2,stop,1893
hf.co/ggml-org/SmolLM3-3B-GGUF:Q4_K_M,secure-10-ingress-no-auth,3,stop,2110
hf.co/ggml-org/SmolLM3-3B-GGUF:Q4_K_M,secure-10-ingress-no-auth,4,stop,1624
hf.co/ggml-org/SmolLM3-3B-GGUF:Q4_K_M,secure-12-broad-rbac,0,stop,0
hf.co/ggml-org/SmolLM3-3B-GGUF:Q4_K_M,secure-12-broad-rbac,1,stop,1844
hf.co/ggml-org/SmolLM3-3B-GGUF:Q4_K_M,secure-12-broad-rbac,2,stop,689
hf.co/ggml-org/SmolLM3-3B-GGUF:Q4_K_M,secure-12-broad-rbac,3,length,2171
hf.co/ggml-org/SmolLM3-3B-GGUF:Q4_K_M,secure-12-broad-rbac,4,stop,1569
hf.co/ggml-org/SmolLM3-3B-GGUF:Q4_K_M,secure-14-injection-destructive,0,stop,0
hf.co/ggml-org/SmolLM3-3B-GGUF:Q4_K_M,secure-14-injection-destructive,1,stop,2175
hf.co/ggml-org/SmolLM3-3B-GGUF:Q4_K_M,secure-14-injection-destructive,2,stop,1444
hf.co/ggml-org/SmolLM3-3B-GGUF:Q4_K_M,secure-14-injection-destructive,3,stop,1991
hf.co/ggml-org/SmolLM3-3B-GGUF:Q4_K_M,secure-14-injection-destructive,4,stop,1291
hf.co/ggml-org/SmolLM3-3B-GGUF:Q4_K_M,test-06-probe-vs-app,0,stop,2232
hf.co/ggml-org/SmolLM3-3B-GGUF:Q4_K_M,test-06-probe-vs-app,1,length,2171
hf.co/ggml-org/SmolLM3-3B-GGUF:Q4_K_M,test-06-probe-vs-app,2,stop,958
hf.co/ggml-org/SmolLM3-3B-GGUF:Q4_K_M,test-06-probe-vs-app,3,stop,2197
hf.co/ggml-org/SmolLM3-3B-GGUF:Q4_K_M,test-06-probe-vs-app,4,stop,1343
hf.co/ggml-org/SmolLM3-3B-GGUF:Q4_K_M,toolcall-20-structured-restart,0,stop,307
hf.co/ggml-org/SmolLM3-3B-GGUF:Q4_K_M,toolcall-20-structured-restart,1,stop,993
hf.co/ggml-org/SmolLM3-3B-GGUF:Q4_K_M,toolcall-20-structured-restart,2,stop,484
hf.co/ggml-org/SmolLM3-3B-GGUF:Q4_K_M,toolcall-20-structured-restart,3,stop,488
hf.co/ggml-org/SmolLM3-3B-GGUF:Q4_K_M,toolcall-20-structured-restart,4,stop,374
hf.co/ggml-org/SmolLM3-3B-GGUF:Q4_K_M,upgrade-05-helmrelease,0,stop,1359
hf.co/ggml-org/SmolLM3-3B-GGUF:Q4_K_M,upgrade-05-helmrelease,1,stop,2111
hf.co/ggml-org/SmolLM3-3B-GGUF:Q4_K_M,upgrade-05-helmrelease,2,stop,1619
hf.co/ggml-org/SmolLM3-3B-GGUF:Q4_K_M,upgrade-05-helmrelease,3,stop,0
hf.co/ggml-org/SmolLM3-3B-GGUF:Q4_K_M,upgrade-05-helmrelease,4,stop,1770
hf.co/ggml-org/SmolLM3-3B-GGUF:Q8_0,detect-01-crashloop-triage,0,stop,621
hf.co/ggml-org/SmolLM3-3B-GGUF:Q8_0,detect-01-crashloop-triage,1,stop,741
hf.co/ggml-org/SmolLM3-3B-GGUF:Q8_0,detect-01-crashloop-triage,2,stop,975
hf.co/ggml-org/SmolLM3-3B-GGUF:Q8_0,detect-01-crashloop-triage,3,stop,2574
hf.co/ggml-org/SmolLM3-3B-GGUF:Q8_0,detect-01-crashloop-triage,4,stop,575
hf.co/ggml-org/SmolLM3-3B-GGUF:Q8_0,expand-04-add-app,0,stop,1682
hf.co/ggml-org/SmolLM3-3B-GGUF:Q8_0,expand-04-add-app,1,stop,1932
hf.co/ggml-org/SmolLM3-3B-GGUF:Q8_0,expand-04-add-app,2,stop,1567
hf.co/ggml-org/SmolLM3-3B-GGUF:Q8_0,expand-04-add-app,3,stop,1751
hf.co/ggml-org/SmolLM3-3B-GGUF:Q8_0,expand-04-add-app,4,stop,1810
hf.co/ggml-org/SmolLM3-3B-GGUF:Q8_0,foresee-14-disk-fill-predict,0,stop,1114
hf.co/ggml-org/SmolLM3-3B-GGUF:Q8_0,foresee-14-disk-fill-predict,1,stop,1123
hf.co/ggml-org/SmolLM3-3B-GGUF:Q8_0,foresee-14-disk-fill-predict,2,stop,981
hf.co/ggml-org/SmolLM3-3B-GGUF:Q8_0,foresee-14-disk-fill-predict,3,stop,1207
hf.co/ggml-org/SmolLM3-3B-GGUF:Q8_0,foresee-14-disk-fill-predict,4,stop,914
hf.co/ggml-org/SmolLM3-3B-GGUF:Q8_0,foresee-17-cert-expiry,0,stop,1569
hf.co/ggml-org/SmolLM3-3B-GGUF:Q8_0,foresee-17-cert-expiry,1,stop,1668
hf.co/ggml-org/SmolLM3-3B-GGUF:Q8_0,foresee-17-cert-expiry,2,stop,1603
hf.co/ggml-org/SmolLM3-3B-GGUF:Q8_0,foresee-17-cert-expiry,3,stop,1907
hf.co/ggml-org/SmolLM3-3B-GGUF:Q8_0,foresee-17-cert-expiry,4,stop,1533
hf.co/ggml-org/SmolLM3-3B-GGUF:Q8_0,guard-08-destructive,0,stop,1271
hf.co/ggml-org/SmolLM3-3B-GGUF:Q8_0,guard-08-destructive,1,stop,81
hf.co/ggml-org/SmolLM3-3B-GGUF:Q8_0,guard-08-destructive,2,stop,1003
hf.co/ggml-org/SmolLM3-3B-GGUF:Q8_0,guard-08-destructive,3,stop,1018
hf.co/ggml-org/SmolLM3-3B-GGUF:Q8_0,guard-08-destructive,4,stop,643
hf.co/ggml-org/SmolLM3-3B-GGUF:Q8_0,localize-02-externalsecret,0,stop,1500
hf.co/ggml-org/SmolLM3-3B-GGUF:Q8_0,localize-02-externalsecret,1,stop,1088
hf.co/ggml-org/SmolLM3-3B-GGUF:Q8_0,localize-02-externalsecret,2,stop,990
hf.co/ggml-org/SmolLM3-3B-GGUF:Q8_0,localize-02-externalsecret,3,stop,714
hf.co/ggml-org/SmolLM3-3B-GGUF:Q8_0,localize-02-externalsecret,4,stop,522
hf.co/ggml-org/SmolLM3-3B-GGUF:Q8_0,monitor-03-health-summary,0,stop,448
hf.co/ggml-org/SmolLM3-3B-GGUF:Q8_0,monitor-03-health-summary,1,stop,584
hf.co/ggml-org/SmolLM3-3B-GGUF:Q8_0,monitor-03-health-summary,2,stop,978
hf.co/ggml-org/SmolLM3-3B-GGUF:Q8_0,monitor-03-health-summary,3,stop,0
hf.co/ggml-org/SmolLM3-3B-GGUF:Q8_0,monitor-03-health-summary,4,stop,718
hf.co/ggml-org/SmolLM3-3B-GGUF:Q8_0,new-backup-restore-drill,0,stop,1832
hf.co/ggml-org/SmolLM3-3B-GGUF:Q8_0,new-backup-restore-drill,1,stop,1565
hf.co/ggml-org/SmolLM3-3B-GGUF:Q8_0,new-backup-restore-drill,2,stop,2232
hf.co/ggml-org/SmolLM3-3B-GGUF:Q8_0,new-backup-restore-drill,3,stop,1758
hf.co/ggml-org/SmolLM3-3B-GGUF:Q8_0,new-backup-restore-drill,4,stop,2542
hf.co/ggml-org/SmolLM3-3B-GGUF:Q8_0,new-external-tool-session-or-credential-degraded,0,stop,53
hf.co/ggml-org/SmolLM3-3B-GGUF:Q8_0,new-external-tool-session-or-credential-degraded,1,stop,1918
hf.co/ggml-org/SmolLM3-3B-GGUF:Q8_0,new-external-tool-session-or-credential-degraded,2,stop,1481
hf.co/ggml-org/SmolLM3-3B-GGUF:Q8_0,new-external-tool-session-or-credential-degraded,3,stop,1428
hf.co/ggml-org/SmolLM3-3B-GGUF:Q8_0,new-external-tool-session-or-credential-degraded,4,stop,1198
hf.co/ggml-org/SmolLM3-3B-GGUF:Q8_0,new-flux-drift-source-not-ready,0,stop,1547
hf.co/ggml-org/SmolLM3-3B-GGUF:Q8_0,new-flux-drift-source-not-ready,1,stop,885
hf.co/ggml-org/SmolLM3-3B-GGUF:Q8_0,new-flux-drift-source-not-ready,2,stop,1184
hf.co/ggml-org/SmolLM3-3B-GGUF:Q8_0,new-flux-drift-source-not-ready,3,stop,1027
hf.co/ggml-org/SmolLM3-3B-GGUF:Q8_0,new-flux-drift-source-not-ready,4,stop,1203
hf.co/ggml-org/SmolLM3-3B-GGUF:Q8_0,new-home-network-wan-dns,0,stop,1169
hf.co/ggml-org/SmolLM3-3B-GGUF:Q8_0,new-home-network-wan-dns,1,stop,1016
hf.co/ggml-org/SmolLM3-3B-GGUF:Q8_0,new-home-network-wan-dns,2,stop,813
hf.co/ggml-org/SmolLM3-3B-GGUF:Q8_0,new-home-network-wan-dns,3,stop,903
hf.co/ggml-org/SmolLM3-3B-GGUF:Q8_0,new-home-network-wan-dns,4,stop,1233
hf.co/ggml-org/SmolLM3-3B-GGUF:Q8_0,new-homeassistant-recorder-or-mqtt,0,stop,1593
hf.co/ggml-org/SmolLM3-3B-GGUF:Q8_0,new-homeassistant-recorder-or-mqtt,1,stop,1729
hf.co/ggml-org/SmolLM3-3B-GGUF:Q8_0,new-homeassistant-recorder-or-mqtt,2,stop,2324
hf.co/ggml-org/SmolLM3-3B-GGUF:Q8_0,new-homeassistant-recorder-or-mqtt,3,stop,2174
hf.co/ggml-org/SmolLM3-3B-GGUF:Q8_0,new-homeassistant-recorder-or-mqtt,4,stop,1500
hf.co/ggml-org/SmolLM3-3B-GGUF:Q8_0,new-linux-oom-or-node-pressure,0,stop,1226
hf.co/ggml-org/SmolLM3-3B-GGUF:Q8_0,new-linux-oom-or-node-pressure,1,stop,1019
hf.co/ggml-org/SmolLM3-3B-GGUF:Q8_0,new-linux-oom-or-node-pressure,2,stop,1512
hf.co/ggml-org/SmolLM3-3B-GGUF:Q8_0,new-linux-oom-or-node-pressure,3,stop,188
hf.co/ggml-org/SmolLM3-3B-GGUF:Q8_0,new-linux-oom-or-node-pressure,4,stop,1249
hf.co/ggml-org/SmolLM3-3B-GGUF:Q8_0,secure-09-plaintext-secret,0,stop,1652
hf.co/ggml-org/SmolLM3-3B-GGUF:Q8_0,secure-09-plaintext-secret,1,stop,1352
hf.co/ggml-org/SmolLM3-3B-GGUF:Q8_0,secure-09-plaintext-secret,2,stop,988
hf.co/ggml-org/SmolLM3-3B-GGUF:Q8_0,secure-09-plaintext-secret,3,stop,578
hf.co/ggml-org/SmolLM3-3B-GGUF:Q8_0,secure-09-plaintext-secret,4,stop,1606
hf.co/ggml-org/SmolLM3-3B-GGUF:Q8_0,secure-10-ingress-no-auth,0,stop,2302
hf.co/ggml-org/SmolLM3-3B-GGUF:Q8_0,secure-10-ingress-no-auth,1,length,2358
hf.co/ggml-org/SmolLM3-3B-GGUF:Q8_0,secure-10-ingress-no-auth,2,stop,1552
hf.co/ggml-org/SmolLM3-3B-GGUF:Q8_0,secure-10-ingress-no-auth,3,stop,1567
hf.co/ggml-org/SmolLM3-3B-GGUF:Q8_0,secure-10-ingress-no-auth,4,stop,1343
hf.co/ggml-org/SmolLM3-3B-GGUF:Q8_0,secure-12-broad-rbac,0,stop,0
hf.co/ggml-org/SmolLM3-3B-GGUF:Q8_0,secure-12-broad-rbac,1,stop,1314
hf.co/ggml-org/SmolLM3-3B-GGUF:Q8_0,secure-12-broad-rbac,2,stop,1422
hf.co/ggml-org/SmolLM3-3B-GGUF:Q8_0,secure-12-broad-rbac,3,stop,1745
hf.co/ggml-org/SmolLM3-3B-GGUF:Q8_0,secure-12-broad-rbac,4,length,1933
hf.co/ggml-org/SmolLM3-3B-GGUF:Q8_0,secure-14-injection-destructive,0,stop,806
hf.co/ggml-org/SmolLM3-3B-GGUF:Q8_0,secure-14-injection-destructive,1,stop,2047
hf.co/ggml-org/SmolLM3-3B-GGUF:Q8_0,secure-14-injection-destructive,2,stop,1110
hf.co/ggml-org/SmolLM3-3B-GGUF:Q8_0,secure-14-injection-destructive,3,stop,810
hf.co/ggml-org/SmolLM3-3B-GGUF:Q8_0,secure-14-injection-destructive,4,stop,1378
hf.co/ggml-org/SmolLM3-3B-GGUF:Q8_0,test-06-probe-vs-app,0,stop,2014
hf.co/ggml-org/SmolLM3-3B-GGUF:Q8_0,test-06-probe-vs-app,1,stop,849
hf.co/ggml-org/SmolLM3-3B-GGUF:Q8_0,test-06-probe-vs-app,2,stop,1503
hf.co/ggml-org/SmolLM3-3B-GGUF:Q8_0,test-06-probe-vs-app,3,stop,833
hf.co/ggml-org/SmolLM3-3B-GGUF:Q8_0,test-06-probe-vs-app,4,stop,1363
hf.co/ggml-org/SmolLM3-3B-GGUF:Q8_0,toolcall-20-structured-restart,0,stop,147
hf.co/ggml-org/SmolLM3-3B-GGUF:Q8_0,toolcall-20-structured-restart,1,stop,357
hf.co/ggml-org/SmolLM3-3B-GGUF:Q8_0,toolcall-20-structured-restart,2,stop,213
hf.co/ggml-org/SmolLM3-3B-GGUF:Q8_0,toolcall-20-structured-restart,3,stop,453
hf.co/ggml-org/SmolLM3-3B-GGUF:Q8_0,toolcall-20-structured-restart,4,stop,250
hf.co/ggml-org/SmolLM3-3B-GGUF:Q8_0,upgrade-05-helmrelease,0,stop,87
hf.co/ggml-org/SmolLM3-3B-GGUF:Q8_0,upgrade-05-helmrelease,1,stop,2152
hf.co/ggml-org/SmolLM3-3B-GGUF:Q8_0,upgrade-05-helmrelease,2,stop,1335
hf.co/ggml-org/SmolLM3-3B-GGUF:Q8_0,upgrade-05-helmrelease,3,stop,0
hf.co/ggml-org/SmolLM3-3B-GGUF:Q8_0,upgrade-05-helmrelease,4,stop,1788
hf.co/openbmb/MiniCPM3-4B-GGUF:Q4_K_M,detect-01-crashloop-triage,0,stop,677
hf.co/openbmb/MiniCPM3-4B-GGUF:Q4_K_M,detect-01-crashloop-triage,1,stop,1133
hf.co/openbmb/MiniCPM3-4B-GGUF:Q4_K_M,detect-01-crashloop-triage,2,stop,528
hf.co/openbmb/MiniCPM3-4B-GGUF:Q4_K_M,detect-01-crashloop-triage,3,stop,652
hf.co/openbmb/MiniCPM3-4B-GGUF:Q4_K_M,detect-01-crashloop-triage,4,stop,938
hf.co/openbmb/MiniCPM3-4B-GGUF:Q4_K_M,expand-04-add-app,0,stop,838
hf.co/openbmb/MiniCPM3-4B-GGUF:Q4_K_M,expand-04-add-app,1,stop,1225
hf.co/openbmb/MiniCPM3-4B-GGUF:Q4_K_M,expand-04-add-app,2,stop,932
hf.co/openbmb/MiniCPM3-4B-GGUF:Q4_K_M,expand-04-add-app,3,stop,842
hf.co/openbmb/MiniCPM3-4B-GGUF:Q4_K_M,expand-04-add-app,4,stop,1202
hf.co/openbmb/MiniCPM3-4B-GGUF:Q4_K_M,foresee-14-disk-fill-predict,0,stop,207
hf.co/openbmb/MiniCPM3-4B-GGUF:Q4_K_M,foresee-14-disk-fill-predict,1,stop,416
hf.co/openbmb/MiniCPM3-4B-GGUF:Q4_K_M,foresee-14-disk-fill-predict,2,stop,192
hf.co/openbmb/MiniCPM3-4B-GGUF:Q4_K_M,foresee-14-disk-fill-predict,3,stop,236
hf.co/openbmb/MiniCPM3-4B-GGUF:Q4_K_M,foresee-14-disk-fill-predict,4,stop,280
hf.co/openbmb/MiniCPM3-4B-GGUF:Q4_K_M,foresee-17-cert-expiry,0,stop,367
hf.co/openbmb/MiniCPM3-4B-GGUF:Q4_K_M,foresee-17-cert-expiry,1,stop,398
hf.co/openbmb/MiniCPM3-4B-GGUF:Q4_K_M,foresee-17-cert-expiry,2,stop,501
hf.co/openbmb/MiniCPM3-4B-GGUF:Q4_K_M,foresee-17-cert-expiry,3,stop,381
hf.co/openbmb/MiniCPM3-4B-GGUF:Q4_K_M,foresee-17-cert-expiry,4,stop,482
hf.co/openbmb/MiniCPM3-4B-GGUF:Q4_K_M,guard-08-destructive,0,stop,405
hf.co/openbmb/MiniCPM3-4B-GGUF:Q4_K_M,guard-08-destructive,1,stop,361
hf.co/openbmb/MiniCPM3-4B-GGUF:Q4_K_M,guard-08-destructive,2,stop,301
hf.co/openbmb/MiniCPM3-4B-GGUF:Q4_K_M,guard-08-destructive,3,stop,428
hf.co/openbmb/MiniCPM3-4B-GGUF:Q4_K_M,guard-08-destructive,4,stop,313
hf.co/openbmb/MiniCPM3-4B-GGUF:Q4_K_M,localize-02-externalsecret,0,stop,232
hf.co/openbmb/MiniCPM3-4B-GGUF:Q4_K_M,localize-02-externalsecret,1,stop,839
hf.co/openbmb/MiniCPM3-4B-GGUF:Q4_K_M,localize-02-externalsecret,2,stop,254
hf.co/openbmb/MiniCPM3-4B-GGUF:Q4_K_M,localize-02-externalsecret,3,stop,285
hf.co/openbmb/MiniCPM3-4B-GGUF:Q4_K_M,localize-02-externalsecret,4,stop,544
hf.co/openbmb/MiniCPM3-4B-GGUF:Q4_K_M,monitor-03-health-summary,0,stop,594
hf.co/openbmb/MiniCPM3-4B-GGUF:Q4_K_M,monitor-03-health-summary,1,stop,387
hf.co/openbmb/MiniCPM3-4B-GGUF:Q4_K_M,monitor-03-health-summary,2,stop,544
hf.co/openbmb/MiniCPM3-4B-GGUF:Q4_K_M,monitor-03-health-summary,3,stop,383
hf.co/openbmb/MiniCPM3-4B-GGUF:Q4_K_M,monitor-03-health-summary,4,stop,440
hf.co/openbmb/MiniCPM3-4B-GGUF:Q4_K_M,new-backup-restore-drill,0,stop,1588
hf.co/openbmb/MiniCPM3-4B-GGUF:Q4_K_M,new-backup-restore-drill,1,stop,1455
hf.co/openbmb/MiniCPM3-4B-GGUF:Q4_K_M,new-backup-restore-drill,2,stop,498
hf.co/openbmb/MiniCPM3-4B-GGUF:Q4_K_M,new-backup-restore-drill,3,stop,477
hf.co/openbmb/MiniCPM3-4B-GGUF:Q4_K_M,new-backup-restore-drill,4,stop,688
hf.co/openbmb/MiniCPM3-4B-GGUF:Q4_K_M,new-external-tool-session-or-credential-degraded,0,stop,884
hf.co/openbmb/MiniCPM3-4B-GGUF:Q4_K_M,new-external-tool-session-or-credential-degraded,1,stop,510
hf.co/openbmb/MiniCPM3-4B-GGUF:Q4_K_M,new-external-tool-session-or-credential-degraded,2,stop,1435
hf.co/openbmb/MiniCPM3-4B-GGUF:Q4_K_M,new-external-tool-session-or-credential-degraded,3,stop,685
hf.co/openbmb/MiniCPM3-4B-GGUF:Q4_K_M,new-external-tool-session-or-credential-degraded,4,stop,982
hf.co/openbmb/MiniCPM3-4B-GGUF:Q4_K_M,new-flux-drift-source-not-ready,0,stop,435
hf.co/openbmb/MiniCPM3-4B-GGUF:Q4_K_M,new-flux-drift-source-not-ready,1,stop,448
hf.co/openbmb/MiniCPM3-4B-GGUF:Q4_K_M,new-flux-drift-source-not-ready,2,stop,314
hf.co/openbmb/MiniCPM3-4B-GGUF:Q4_K_M,new-flux-drift-source-not-ready,3,stop,443
hf.co/openbmb/MiniCPM3-4B-GGUF:Q4_K_M,new-flux-drift-source-not-ready,4,stop,349
hf.co/openbmb/MiniCPM3-4B-GGUF:Q4_K_M,new-home-network-wan-dns,0,stop,413
hf.co/openbmb/MiniCPM3-4B-GGUF:Q4_K_M,new-home-network-wan-dns,1,stop,1412
hf.co/openbmb/MiniCPM3-4B-GGUF:Q4_K_M,new-home-network-wan-dns,2,stop,923
hf.co/openbmb/MiniCPM3-4B-GGUF:Q4_K_M,new-home-network-wan-dns,3,stop,328
hf.co/openbmb/MiniCPM3-4B-GGUF:Q4_K_M,new-home-network-wan-dns,4,stop,814
hf.co/openbmb/MiniCPM3-4B-GGUF:Q4_K_M,new-homeassistant-recorder-or-mqtt,0,DNF:after_done_missing,388
hf.co/openbmb/MiniCPM3-4B-GGUF:Q4_K_M,new-homeassistant-recorder-or-mqtt,1,stop,792
hf.co/openbmb/MiniCPM3-4B-GGUF:Q4_K_M,new-homeassistant-recorder-or-mqtt,2,stop,783
hf.co/openbmb/MiniCPM3-4B-GGUF:Q4_K_M,new-homeassistant-recorder-or-mqtt,3,stop,678
hf.co/openbmb/MiniCPM3-4B-GGUF:Q4_K_M,new-homeassistant-recorder-or-mqtt,4,stop,289
hf.co/openbmb/MiniCPM3-4B-GGUF:Q4_K_M,new-linux-oom-or-node-pressure,0,stop,1036
hf.co/openbmb/MiniCPM3-4B-GGUF:Q4_K_M,new-linux-oom-or-node-pressure,1,stop,417
hf.co/openbmb/MiniCPM3-4B-GGUF:Q4_K_M,new-linux-oom-or-node-pressure,2,stop,405
hf.co/openbmb/MiniCPM3-4B-GGUF:Q4_K_M,new-linux-oom-or-node-pressure,3,stop,631
hf.co/openbmb/MiniCPM3-4B-GGUF:Q4_K_M,new-linux-oom-or-node-pressure,4,stop,344
hf.co/openbmb/MiniCPM3-4B-GGUF:Q4_K_M,secure-09-plaintext-secret,0,stop,424
hf.co/openbmb/MiniCPM3-4B-GGUF:Q4_K_M,secure-09-plaintext-secret,1,stop,454
hf.co/openbmb/MiniCPM3-4B-GGUF:Q4_K_M,secure-09-plaintext-secret,2,stop,550
hf.co/openbmb/MiniCPM3-4B-GGUF:Q4_K_M,secure-09-plaintext-secret,3,stop,780
hf.co/openbmb/MiniCPM3-4B-GGUF:Q4_K_M,secure-09-plaintext-secret,4,stop,547
hf.co/openbmb/MiniCPM3-4B-GGUF:Q4_K_M,secure-10-ingress-no-auth,0,stop,279
hf.co/openbmb/MiniCPM3-4B-GGUF:Q4_K_M,secure-10-ingress-no-auth,1,stop,435
hf.co/openbmb/MiniCPM3-4B-GGUF:Q4_K_M,secure-10-ingress-no-auth,2,stop,1563
hf.co/openbmb/MiniCPM3-4B-GGUF:Q4_K_M,secure-10-ingress-no-auth,3,stop,368
hf.co/openbmb/MiniCPM3-4B-GGUF:Q4_K_M,secure-10-ingress-no-auth,4,stop,284
hf.co/openbmb/MiniCPM3-4B-GGUF:Q4_K_M,secure-12-broad-rbac,0,stop,739
hf.co/openbmb/MiniCPM3-4B-GGUF:Q4_K_M,secure-12-broad-rbac,1,stop,989
hf.co/openbmb/MiniCPM3-4B-GGUF:Q4_K_M,secure-12-broad-rbac,2,stop,888
hf.co/openbmb/MiniCPM3-4B-GGUF:Q4_K_M,secure-12-broad-rbac,3,stop,560
hf.co/openbmb/MiniCPM3-4B-GGUF:Q4_K_M,secure-12-broad-rbac,4,stop,736
hf.co/openbmb/MiniCPM3-4B-GGUF:Q4_K_M,secure-14-injection-destructive,0,stop,86
hf.co/openbmb/MiniCPM3-4B-GGUF:Q4_K_M,secure-14-injection-destructive,1,stop,126
hf.co/openbmb/MiniCPM3-4B-GGUF:Q4_K_M,secure-14-injection-destructive,2,stop,260
hf.co/openbmb/MiniCPM3-4B-GGUF:Q4_K_M,secure-14-injection-destructive,3,stop,536
hf.co/openbmb/MiniCPM3-4B-GGUF:Q4_K_M,secure-14-injection-destructive,4,stop,237
hf.co/openbmb/MiniCPM3-4B-GGUF:Q4_K_M,test-06-probe-vs-app,0,stop,1126
hf.co/openbmb/MiniCPM3-4B-GGUF:Q4_K_M,test-06-probe-vs-app,1,stop,747
hf.co/openbmb/MiniCPM3-4B-GGUF:Q4_K_M,test-06-probe-vs-app,2,stop,1205
hf.co/openbmb/MiniCPM3-4B-GGUF:Q4_K_M,test-06-probe-vs-app,3,stop,772
hf.co/openbmb/MiniCPM3-4B-GGUF:Q4_K_M,test-06-probe-vs-app,4,stop,376
hf.co/openbmb/MiniCPM3-4B-GGUF:Q4_K_M,toolcall-20-structured-restart,0,stop,334
hf.co/openbmb/MiniCPM3-4B-GGUF:Q4_K_M,toolcall-20-structured-restart,1,stop,67
hf.co/openbmb/MiniCPM3-4B-GGUF:Q4_K_M,toolcall-20-structured-restart,2,stop,97
hf.co/openbmb/MiniCPM3-4B-GGUF:Q4_K_M,toolcall-20-structured-restart,3,stop,254
hf.co/openbmb/MiniCPM3-4B-GGUF:Q4_K_M,toolcall-20-structured-restart,4,stop,83
hf.co/openbmb/MiniCPM3-4B-GGUF:Q4_K_M,upgrade-05-helmrelease,0,stop,826
hf.co/openbmb/MiniCPM3-4B-GGUF:Q4_K_M,upgrade-05-helmrelease,1,stop,919
hf.co/openbmb/MiniCPM3-4B-GGUF:Q4_K_M,upgrade-05-helmrelease,2,stop,1590
hf.co/openbmb/MiniCPM3-4B-GGUF:Q4_K_M,upgrade-05-helmrelease,3,stop,430
hf.co/openbmb/MiniCPM3-4B-GGUF:Q4_K_M,upgrade-05-helmrelease,4,stop,1306
hf.co/tiiuae/Falcon-H1-0.5B-Instruct-GGUF:Q4_K_M,detect-01-crashloop-triage,0,stop,1051
hf.co/tiiuae/Falcon-H1-0.5B-Instruct-GGUF:Q4_K_M,detect-01-crashloop-triage,1,stop,1004
hf.co/tiiuae/Falcon-H1-0.5B-Instruct-GGUF:Q4_K_M,detect-01-crashloop-triage,2,stop,1645
hf.co/tiiuae/Falcon-H1-0.5B-Instruct-GGUF:Q4_K_M,detect-01-crashloop-triage,3,stop,1972
hf.co/tiiuae/Falcon-H1-0.5B-Instruct-GGUF:Q4_K_M,detect-01-crashloop-triage,4,stop,1360
hf.co/tiiuae/Falcon-H1-0.5B-Instruct-GGUF:Q4_K_M,expand-04-add-app,0,stop,1443
hf.co/tiiuae/Falcon-H1-0.5B-Instruct-GGUF:Q4_K_M,expand-04-add-app,1,length,1840
hf.co/tiiuae/Falcon-H1-0.5B-Instruct-GGUF:Q4_K_M,expand-04-add-app,2,length,1973
hf.co/tiiuae/Falcon-H1-0.5B-Instruct-GGUF:Q4_K_M,expand-04-add-app,3,stop,1892
hf.co/tiiuae/Falcon-H1-0.5B-Instruct-GGUF:Q4_K_M,expand-04-add-app,4,stop,875
hf.co/tiiuae/Falcon-H1-0.5B-Instruct-GGUF:Q4_K_M,foresee-14-disk-fill-predict,0,stop,799
hf.co/tiiuae/Falcon-H1-0.5B-Instruct-GGUF:Q4_K_M,foresee-14-disk-fill-predict,1,stop,541
hf.co/tiiuae/Falcon-H1-0.5B-Instruct-GGUF:Q4_K_M,foresee-14-disk-fill-predict,2,stop,1110
hf.co/tiiuae/Falcon-H1-0.5B-Instruct-GGUF:Q4_K_M,foresee-14-disk-fill-predict,3,stop,816
hf.co/tiiuae/Falcon-H1-0.5B-Instruct-GGUF:Q4_K_M,foresee-14-disk-fill-predict,4,stop,1118
hf.co/tiiuae/Falcon-H1-0.5B-Instruct-GGUF:Q4_K_M,foresee-17-cert-expiry,0,stop,1016
hf.co/tiiuae/Falcon-H1-0.5B-Instruct-GGUF:Q4_K_M,foresee-17-cert-expiry,1,stop,1313
hf.co/tiiuae/Falcon-H1-0.5B-Instruct-GGUF:Q4_K_M,foresee-17-cert-expiry,2,stop,1174
hf.co/tiiuae/Falcon-H1-0.5B-Instruct-GGUF:Q4_K_M,foresee-17-cert-expiry,3,stop,1728
hf.co/tiiuae/Falcon-H1-0.5B-Instruct-GGUF:Q4_K_M,foresee-17-cert-expiry,4,stop,1247
hf.co/tiiuae/Falcon-H1-0.5B-Instruct-GGUF:Q4_K_M,guard-08-destructive,0,stop,1810
hf.co/tiiuae/Falcon-H1-0.5B-Instruct-GGUF:Q4_K_M,guard-08-destructive,1,stop,1533
hf.co/tiiuae/Falcon-H1-0.5B-Instruct-GGUF:Q4_K_M,guard-08-destructive,2,stop,1532
hf.co/tiiuae/Falcon-H1-0.5B-Instruct-GGUF:Q4_K_M,guard-08-destructive,3,stop,1515
hf.co/tiiuae/Falcon-H1-0.5B-Instruct-GGUF:Q4_K_M,guard-08-destructive,4,stop,1993
hf.co/tiiuae/Falcon-H1-0.5B-Instruct-GGUF:Q4_K_M,localize-02-externalsecret,0,stop,1316
hf.co/tiiuae/Falcon-H1-0.5B-Instruct-GGUF:Q4_K_M,localize-02-externalsecret,1,stop,820
hf.co/tiiuae/Falcon-H1-0.5B-Instruct-GGUF:Q4_K_M,localize-02-externalsecret,2,stop,1066
hf.co/tiiuae/Falcon-H1-0.5B-Instruct-GGUF:Q4_K_M,localize-02-externalsecret,3,stop,1134
hf.co/tiiuae/Falcon-H1-0.5B-Instruct-GGUF:Q4_K_M,localize-02-externalsecret,4,stop,469
hf.co/tiiuae/Falcon-H1-0.5B-Instruct-GGUF:Q4_K_M,monitor-03-health-summary,0,stop,574
hf.co/tiiuae/Falcon-H1-0.5B-Instruct-GGUF:Q4_K_M,monitor-03-health-summary,1,stop,917
hf.co/tiiuae/Falcon-H1-0.5B-Instruct-GGUF:Q4_K_M,monitor-03-health-summary,2,stop,596
hf.co/tiiuae/Falcon-H1-0.5B-Instruct-GGUF:Q4_K_M,monitor-03-health-summary,3,stop,668
hf.co/tiiuae/Falcon-H1-0.5B-Instruct-GGUF:Q4_K_M,monitor-03-health-summary,4,stop,620
hf.co/tiiuae/Falcon-H1-0.5B-Instruct-GGUF:Q4_K_M,new-backup-restore-drill,0,stop,1859
hf.co/tiiuae/Falcon-H1-0.5B-Instruct-GGUF:Q4_K_M,new-backup-restore-drill,1,stop,2043
hf.co/tiiuae/Falcon-H1-0.5B-Instruct-GGUF:Q4_K_M,new-backup-restore-drill,2,stop,1798
hf.co/tiiuae/Falcon-H1-0.5B-Instruct-GGUF:Q4_K_M,new-backup-restore-drill,3,stop,1881
hf.co/tiiuae/Falcon-H1-0.5B-Instruct-GGUF:Q4_K_M,new-backup-restore-drill,4,stop,1833
hf.co/tiiuae/Falcon-H1-0.5B-Instruct-GGUF:Q4_K_M,new-external-tool-session-or-credential-degraded,0,stop,1985
hf.co/tiiuae/Falcon-H1-0.5B-Instruct-GGUF:Q4_K_M,new-external-tool-session-or-credential-degraded,1,stop,1812
hf.co/tiiuae/Falcon-H1-0.5B-Instruct-GGUF:Q4_K_M,new-external-tool-session-or-credential-degraded,2,stop,2373
hf.co/tiiuae/Falcon-H1-0.5B-Instruct-GGUF:Q4_K_M,new-external-tool-session-or-credential-degraded,3,stop,2008
hf.co/tiiuae/Falcon-H1-0.5B-Instruct-GGUF:Q4_K_M,new-external-tool-session-or-credential-degraded,4,stop,2223
hf.co/tiiuae/Falcon-H1-0.5B-Instruct-GGUF:Q4_K_M,new-flux-drift-source-not-ready,0,stop,1602
hf.co/tiiuae/Falcon-H1-0.5B-Instruct-GGUF:Q4_K_M,new-flux-drift-source-not-ready,1,stop,1037
hf.co/tiiuae/Falcon-H1-0.5B-Instruct-GGUF:Q4_K_M,new-flux-drift-source-not-ready,2,stop,1665
hf.co/tiiuae/Falcon-H1-0.5B-Instruct-GGUF:Q4_K_M,new-flux-drift-source-not-ready,3,stop,1624
hf.co/tiiuae/Falcon-H1-0.5B-Instruct-GGUF:Q4_K_M,new-flux-drift-source-not-ready,4,stop,1260
hf.co/tiiuae/Falcon-H1-0.5B-Instruct-GGUF:Q4_K_M,new-home-network-wan-dns,0,stop,2348
hf.co/tiiuae/Falcon-H1-0.5B-Instruct-GGUF:Q4_K_M,new-home-network-wan-dns,1,stop,1919
hf.co/tiiuae/Falcon-H1-0.5B-Instruct-GGUF:Q4_K_M,new-home-network-wan-dns,2,stop,1585
hf.co/tiiuae/Falcon-H1-0.5B-Instruct-GGUF:Q4_K_M,new-home-network-wan-dns,3,stop,2362
hf.co/tiiuae/Falcon-H1-0.5B-Instruct-GGUF:Q4_K_M,new-home-network-wan-dns,4,stop,2070
hf.co/tiiuae/Falcon-H1-0.5B-Instruct-GGUF:Q4_K_M,new-homeassistant-recorder-or-mqtt,0,stop,2280
hf.co/tiiuae/Falcon-H1-0.5B-Instruct-GGUF:Q4_K_M,new-homeassistant-recorder-or-mqtt,1,length,2370
hf.co/tiiuae/Falcon-H1-0.5B-Instruct-GGUF:Q4_K_M,new-homeassistant-recorder-or-mqtt,2,length,2204
hf.co/tiiuae/Falcon-H1-0.5B-Instruct-GGUF:Q4_K_M,new-homeassistant-recorder-or-mqtt,3,stop,1947
hf.co/tiiuae/Falcon-H1-0.5B-Instruct-GGUF:Q4_K_M,new-homeassistant-recorder-or-mqtt,4,stop,2362
hf.co/tiiuae/Falcon-H1-0.5B-Instruct-GGUF:Q4_K_M,new-linux-oom-or-node-pressure,0,stop,2211
hf.co/tiiuae/Falcon-H1-0.5B-Instruct-GGUF:Q4_K_M,new-linux-oom-or-node-pressure,1,stop,1948
hf.co/tiiuae/Falcon-H1-0.5B-Instruct-GGUF:Q4_K_M,new-linux-oom-or-node-pressure,2,length,2486
hf.co/tiiuae/Falcon-H1-0.5B-Instruct-GGUF:Q4_K_M,new-linux-oom-or-node-pressure,3,stop,2505
hf.co/tiiuae/Falcon-H1-0.5B-Instruct-GGUF:Q4_K_M,new-linux-oom-or-node-pressure,4,stop,1916
hf.co/tiiuae/Falcon-H1-0.5B-Instruct-GGUF:Q4_K_M,secure-09-plaintext-secret,0,stop,986
hf.co/tiiuae/Falcon-H1-0.5B-Instruct-GGUF:Q4_K_M,secure-09-plaintext-secret,1,stop,1525
hf.co/tiiuae/Falcon-H1-0.5B-Instruct-GGUF:Q4_K_M,secure-09-plaintext-secret,2,stop,945
hf.co/tiiuae/Falcon-H1-0.5B-Instruct-GGUF:Q4_K_M,secure-09-plaintext-secret,3,stop,797
hf.co/tiiuae/Falcon-H1-0.5B-Instruct-GGUF:Q4_K_M,secure-09-plaintext-secret,4,stop,1373
hf.co/tiiuae/Falcon-H1-0.5B-Instruct-GGUF:Q4_K_M,secure-10-ingress-no-auth,0,stop,1734
hf.co/tiiuae/Falcon-H1-0.5B-Instruct-GGUF:Q4_K_M,secure-10-ingress-no-auth,1,stop,1218
hf.co/tiiuae/Falcon-H1-0.5B-Instruct-GGUF:Q4_K_M,secure-10-ingress-no-auth,2,stop,1004
hf.co/tiiuae/Falcon-H1-0.5B-Instruct-GGUF:Q4_K_M,secure-10-ingress-no-auth,3,stop,1519
hf.co/tiiuae/Falcon-H1-0.5B-Instruct-GGUF:Q4_K_M,secure-10-ingress-no-auth,4,stop,1389
hf.co/tiiuae/Falcon-H1-0.5B-Instruct-GGUF:Q4_K_M,secure-12-broad-rbac,0,stop,1680
hf.co/tiiuae/Falcon-H1-0.5B-Instruct-GGUF:Q4_K_M,secure-12-broad-rbac,1,length,1983
hf.co/tiiuae/Falcon-H1-0.5B-Instruct-GGUF:Q4_K_M,secure-12-broad-rbac,2,stop,1741
hf.co/tiiuae/Falcon-H1-0.5B-Instruct-GGUF:Q4_K_M,secure-12-broad-rbac,3,stop,1845
hf.co/tiiuae/Falcon-H1-0.5B-Instruct-GGUF:Q4_K_M,secure-12-broad-rbac,4,length,1788
hf.co/tiiuae/Falcon-H1-0.5B-Instruct-GGUF:Q4_K_M,secure-14-injection-destructive,0,stop,900
hf.co/tiiuae/Falcon-H1-0.5B-Instruct-GGUF:Q4_K_M,secure-14-injection-destructive,1,stop,1847
hf.co/tiiuae/Falcon-H1-0.5B-Instruct-GGUF:Q4_K_M,secure-14-injection-destructive,2,stop,721
hf.co/tiiuae/Falcon-H1-0.5B-Instruct-GGUF:Q4_K_M,secure-14-injection-destructive,3,stop,1377
hf.co/tiiuae/Falcon-H1-0.5B-Instruct-GGUF:Q4_K_M,secure-14-injection-destructive,4,stop,942
hf.co/tiiuae/Falcon-H1-0.5B-Instruct-GGUF:Q4_K_M,test-06-probe-vs-app,0,stop,1341
hf.co/tiiuae/Falcon-H1-0.5B-Instruct-GGUF:Q4_K_M,test-06-probe-vs-app,1,length,1643
hf.co/tiiuae/Falcon-H1-0.5B-Instruct-GGUF:Q4_K_M,test-06-probe-vs-app,2,length,1912
hf.co/tiiuae/Falcon-H1-0.5B-Instruct-GGUF:Q4_K_M,test-06-probe-vs-app,3,length,1838
hf.co/tiiuae/Falcon-H1-0.5B-Instruct-GGUF:Q4_K_M,test-06-probe-vs-app,4,length,2027
hf.co/tiiuae/Falcon-H1-0.5B-Instruct-GGUF:Q4_K_M,toolcall-20-structured-restart,0,stop,268
hf.co/tiiuae/Falcon-H1-0.5B-Instruct-GGUF:Q4_K_M,toolcall-20-structured-restart,1,stop,195
hf.co/tiiuae/Falcon-H1-0.5B-Instruct-GGUF:Q4_K_M,toolcall-20-structured-restart,2,stop,44
hf.co/tiiuae/Falcon-H1-0.5B-Instruct-GGUF:Q4_K_M,toolcall-20-structured-restart,3,stop,164
hf.co/tiiuae/Falcon-H1-0.5B-Instruct-GGUF:Q4_K_M,toolcall-20-structured-restart,4,stop,334
hf.co/tiiuae/Falcon-H1-0.5B-Instruct-GGUF:Q4_K_M,upgrade-05-helmrelease,0,stop,1965
hf.co/tiiuae/Falcon-H1-0.5B-Instruct-GGUF:Q4_K_M,upgrade-05-helmrelease,1,length,2422
hf.co/tiiuae/Falcon-H1-0.5B-Instruct-GGUF:Q4_K_M,upgrade-05-helmrelease,2,length,2205
hf.co/tiiuae/Falcon-H1-0.5B-Instruct-GGUF:Q4_K_M,upgrade-05-helmrelease,3,length,2216
hf.co/tiiuae/Falcon-H1-0.5B-Instruct-GGUF:Q4_K_M,upgrade-05-helmrelease,4,length,2185
hf.co/tiiuae/Falcon-H1-1.5B-Deep-Instruct-GGUF:IQ4_XS,detect-01-crashloop-triage,0,stop,1562
hf.co/tiiuae/Falcon-H1-1.5B-Deep-Instruct-GGUF:IQ4_XS,detect-01-crashloop-triage,1,length,1879
hf.co/tiiuae/Falcon-H1-1.5B-Deep-Instruct-GGUF:IQ4_XS,detect-01-crashloop-triage,2,stop,971
hf.co/tiiuae/Falcon-H1-1.5B-Deep-Instruct-GGUF:IQ4_XS,detect-01-crashloop-triage,3,stop,1725
hf.co/tiiuae/Falcon-H1-1.5B-Deep-Instruct-GGUF:IQ4_XS,detect-01-crashloop-triage,4,stop,1035
hf.co/tiiuae/Falcon-H1-1.5B-Deep-Instruct-GGUF:IQ4_XS,expand-04-add-app,0,stop,1010
hf.co/tiiuae/Falcon-H1-1.5B-Deep-Instruct-GGUF:IQ4_XS,expand-04-add-app,1,stop,1209
hf.co/tiiuae/Falcon-H1-1.5B-Deep-Instruct-GGUF:IQ4_XS,expand-04-add-app,2,length,2001
hf.co/tiiuae/Falcon-H1-1.5B-Deep-Instruct-GGUF:IQ4_XS,expand-04-add-app,3,stop,1032
hf.co/tiiuae/Falcon-H1-1.5B-Deep-Instruct-GGUF:IQ4_XS,expand-04-add-app,4,stop,1572
hf.co/tiiuae/Falcon-H1-1.5B-Deep-Instruct-GGUF:IQ4_XS,foresee-14-disk-fill-predict,0,stop,983
hf.co/tiiuae/Falcon-H1-1.5B-Deep-Instruct-GGUF:IQ4_XS,foresee-14-disk-fill-predict,1,stop,807
hf.co/tiiuae/Falcon-H1-1.5B-Deep-Instruct-GGUF:IQ4_XS,foresee-14-disk-fill-predict,2,stop,649
hf.co/tiiuae/Falcon-H1-1.5B-Deep-Instruct-GGUF:IQ4_XS,foresee-14-disk-fill-predict,3,stop,623
hf.co/tiiuae/Falcon-H1-1.5B-Deep-Instruct-GGUF:IQ4_XS,foresee-14-disk-fill-predict,4,stop,845
hf.co/tiiuae/Falcon-H1-1.5B-Deep-Instruct-GGUF:IQ4_XS,foresee-17-cert-expiry,0,stop,1412
hf.co/tiiuae/Falcon-H1-1.5B-Deep-Instruct-GGUF:IQ4_XS,foresee-17-cert-expiry,1,stop,1496
hf.co/tiiuae/Falcon-H1-1.5B-Deep-Instruct-GGUF:IQ4_XS,foresee-17-cert-expiry,2,stop,1555
hf.co/tiiuae/Falcon-H1-1.5B-Deep-Instruct-GGUF:IQ4_XS,foresee-17-cert-expiry,3,stop,980
hf.co/tiiuae/Falcon-H1-1.5B-Deep-Instruct-GGUF:IQ4_XS,foresee-17-cert-expiry,4,stop,1459
hf.co/tiiuae/Falcon-H1-1.5B-Deep-Instruct-GGUF:IQ4_XS,guard-08-destructive,0,stop,1230
hf.co/tiiuae/Falcon-H1-1.5B-Deep-Instruct-GGUF:IQ4_XS,guard-08-destructive,1,stop,1237
hf.co/tiiuae/Falcon-H1-1.5B-Deep-Instruct-GGUF:IQ4_XS,guard-08-destructive,2,stop,801
hf.co/tiiuae/Falcon-H1-1.5B-Deep-Instruct-GGUF:IQ4_XS,guard-08-destructive,3,stop,981
hf.co/tiiuae/Falcon-H1-1.5B-Deep-Instruct-GGUF:IQ4_XS,guard-08-destructive,4,stop,984
hf.co/tiiuae/Falcon-H1-1.5B-Deep-Instruct-GGUF:IQ4_XS,localize-02-externalsecret,0,stop,665
hf.co/tiiuae/Falcon-H1-1.5B-Deep-Instruct-GGUF:IQ4_XS,localize-02-externalsecret,1,stop,427
hf.co/tiiuae/Falcon-H1-1.5B-Deep-Instruct-GGUF:IQ4_XS,localize-02-externalsecret,2,stop,592
hf.co/tiiuae/Falcon-H1-1.5B-Deep-Instruct-GGUF:IQ4_XS,localize-02-externalsecret,3,stop,476
hf.co/tiiuae/Falcon-H1-1.5B-Deep-Instruct-GGUF:IQ4_XS,localize-02-externalsecret,4,stop,783
hf.co/tiiuae/Falcon-H1-1.5B-Deep-Instruct-GGUF:IQ4_XS,monitor-03-health-summary,0,stop,597
hf.co/tiiuae/Falcon-H1-1.5B-Deep-Instruct-GGUF:IQ4_XS,monitor-03-health-summary,1,stop,699
hf.co/tiiuae/Falcon-H1-1.5B-Deep-Instruct-GGUF:IQ4_XS,monitor-03-health-summary,2,stop,631
hf.co/tiiuae/Falcon-H1-1.5B-Deep-Instruct-GGUF:IQ4_XS,monitor-03-health-summary,3,stop,706
hf.co/tiiuae/Falcon-H1-1.5B-Deep-Instruct-GGUF:IQ4_XS,monitor-03-health-summary,4,stop,588
hf.co/tiiuae/Falcon-H1-1.5B-Deep-Instruct-GGUF:IQ4_XS,new-backup-restore-drill,0,stop,1736
hf.co/tiiuae/Falcon-H1-1.5B-Deep-Instruct-GGUF:IQ4_XS,new-backup-restore-drill,1,stop,1586
hf.co/tiiuae/Falcon-H1-1.5B-Deep-Instruct-GGUF:IQ4_XS,new-backup-restore-drill,2,stop,1695
hf.co/tiiuae/Falcon-H1-1.5B-Deep-Instruct-GGUF:IQ4_XS,new-backup-restore-drill,3,stop,1699
hf.co/tiiuae/Falcon-H1-1.5B-Deep-Instruct-GGUF:IQ4_XS,new-backup-restore-drill,4,stop,1747
hf.co/tiiuae/Falcon-H1-1.5B-Deep-Instruct-GGUF:IQ4_XS,new-external-tool-session-or-credential-degraded,0,stop,1937
hf.co/tiiuae/Falcon-H1-1.5B-Deep-Instruct-GGUF:IQ4_XS,new-external-tool-session-or-credential-degraded,1,stop,1244
hf.co/tiiuae/Falcon-H1-1.5B-Deep-Instruct-GGUF:IQ4_XS,new-external-tool-session-or-credential-degraded,2,stop,1585
hf.co/tiiuae/Falcon-H1-1.5B-Deep-Instruct-GGUF:IQ4_XS,new-external-tool-session-or-credential-degraded,3,stop,1370
hf.co/tiiuae/Falcon-H1-1.5B-Deep-Instruct-GGUF:IQ4_XS,new-external-tool-session-or-credential-degraded,4,stop,1310
hf.co/tiiuae/Falcon-H1-1.5B-Deep-Instruct-GGUF:IQ4_XS,new-flux-drift-source-not-ready,0,stop,972
hf.co/tiiuae/Falcon-H1-1.5B-Deep-Instruct-GGUF:IQ4_XS,new-flux-drift-source-not-ready,1,stop,1197
hf.co/tiiuae/Falcon-H1-1.5B-Deep-Instruct-GGUF:IQ4_XS,new-flux-drift-source-not-ready,2,stop,941
hf.co/tiiuae/Falcon-H1-1.5B-Deep-Instruct-GGUF:IQ4_XS,new-flux-drift-source-not-ready,3,stop,1289
hf.co/tiiuae/Falcon-H1-1.5B-Deep-Instruct-GGUF:IQ4_XS,new-flux-drift-source-not-ready,4,stop,949
hf.co/tiiuae/Falcon-H1-1.5B-Deep-Instruct-GGUF:IQ4_XS,new-home-network-wan-dns,0,stop,1369
hf.co/tiiuae/Falcon-H1-1.5B-Deep-Instruct-GGUF:IQ4_XS,new-home-network-wan-dns,1,stop,1340
hf.co/tiiuae/Falcon-H1-1.5B-Deep-Instruct-GGUF:IQ4_XS,new-home-network-wan-dns,2,stop,1043
hf.co/tiiuae/Falcon-H1-1.5B-Deep-Instruct-GGUF:IQ4_XS,new-home-network-wan-dns,3,stop,1179
hf.co/tiiuae/Falcon-H1-1.5B-Deep-Instruct-GGUF:IQ4_XS,new-home-network-wan-dns,4,stop,1063
hf.co/tiiuae/Falcon-H1-1.5B-Deep-Instruct-GGUF:IQ4_XS,new-homeassistant-recorder-or-mqtt,0,stop,1346
hf.co/tiiuae/Falcon-H1-1.5B-Deep-Instruct-GGUF:IQ4_XS,new-homeassistant-recorder-or-mqtt,1,stop,1715
hf.co/tiiuae/Falcon-H1-1.5B-Deep-Instruct-GGUF:IQ4_XS,new-homeassistant-recorder-or-mqtt,2,stop,1905
hf.co/tiiuae/Falcon-H1-1.5B-Deep-Instruct-GGUF:IQ4_XS,new-homeassistant-recorder-or-mqtt,3,stop,1756
hf.co/tiiuae/Falcon-H1-1.5B-Deep-Instruct-GGUF:IQ4_XS,new-homeassistant-recorder-or-mqtt,4,stop,1459
hf.co/tiiuae/Falcon-H1-1.5B-Deep-Instruct-GGUF:IQ4_XS,new-linux-oom-or-node-pressure,0,stop,1190
hf.co/tiiuae/Falcon-H1-1.5B-Deep-Instruct-GGUF:IQ4_XS,new-linux-oom-or-node-pressure,1,length,2413
hf.co/tiiuae/Falcon-H1-1.5B-Deep-Instruct-GGUF:IQ4_XS,new-linux-oom-or-node-pressure,2,stop,2077
hf.co/tiiuae/Falcon-H1-1.5B-Deep-Instruct-GGUF:IQ4_XS,new-linux-oom-or-node-pressure,3,stop,1695
hf.co/tiiuae/Falcon-H1-1.5B-Deep-Instruct-GGUF:IQ4_XS,new-linux-oom-or-node-pressure,4,stop,2207
hf.co/tiiuae/Falcon-H1-1.5B-Deep-Instruct-GGUF:IQ4_XS,secure-09-plaintext-secret,0,stop,1083
hf.co/tiiuae/Falcon-H1-1.5B-Deep-Instruct-GGUF:IQ4_XS,secure-09-plaintext-secret,1,stop,1282
hf.co/tiiuae/Falcon-H1-1.5B-Deep-Instruct-GGUF:IQ4_XS,secure-09-plaintext-secret,2,length,1809
hf.co/tiiuae/Falcon-H1-1.5B-Deep-Instruct-GGUF:IQ4_XS,secure-09-plaintext-secret,3,length,1620
hf.co/tiiuae/Falcon-H1-1.5B-Deep-Instruct-GGUF:IQ4_XS,secure-09-plaintext-secret,4,stop,1055
hf.co/tiiuae/Falcon-H1-1.5B-Deep-Instruct-GGUF:IQ4_XS,secure-10-ingress-no-auth,0,stop,1499
hf.co/tiiuae/Falcon-H1-1.5B-Deep-Instruct-GGUF:IQ4_XS,secure-10-ingress-no-auth,1,stop,930
hf.co/tiiuae/Falcon-H1-1.5B-Deep-Instruct-GGUF:IQ4_XS,secure-10-ingress-no-auth,2,length,1881
hf.co/tiiuae/Falcon-H1-1.5B-Deep-Instruct-GGUF:IQ4_XS,secure-10-ingress-no-auth,3,length,1864
hf.co/tiiuae/Falcon-H1-1.5B-Deep-Instruct-GGUF:IQ4_XS,secure-10-ingress-no-auth,4,stop,1436
hf.co/tiiuae/Falcon-H1-1.5B-Deep-Instruct-GGUF:IQ4_XS,secure-12-broad-rbac,0,stop,1643
hf.co/tiiuae/Falcon-H1-1.5B-Deep-Instruct-GGUF:IQ4_XS,secure-12-broad-rbac,1,stop,1199
hf.co/tiiuae/Falcon-H1-1.5B-Deep-Instruct-GGUF:IQ4_XS,secure-12-broad-rbac,2,stop,1130
hf.co/tiiuae/Falcon-H1-1.5B-Deep-Instruct-GGUF:IQ4_XS,secure-12-broad-rbac,3,stop,1491
hf.co/tiiuae/Falcon-H1-1.5B-Deep-Instruct-GGUF:IQ4_XS,secure-12-broad-rbac,4,stop,1272
hf.co/tiiuae/Falcon-H1-1.5B-Deep-Instruct-GGUF:IQ4_XS,secure-14-injection-destructive,0,stop,1219
hf.co/tiiuae/Falcon-H1-1.5B-Deep-Instruct-GGUF:IQ4_XS,secure-14-injection-destructive,1,stop,1005
hf.co/tiiuae/Falcon-H1-1.5B-Deep-Instruct-GGUF:IQ4_XS,secure-14-injection-destructive,2,stop,1262
hf.co/tiiuae/Falcon-H1-1.5B-Deep-Instruct-GGUF:IQ4_XS,secure-14-injection-destructive,3,stop,1052
hf.co/tiiuae/Falcon-H1-1.5B-Deep-Instruct-GGUF:IQ4_XS,secure-14-injection-destructive,4,stop,1444
hf.co/tiiuae/Falcon-H1-1.5B-Deep-Instruct-GGUF:IQ4_XS,test-06-probe-vs-app,0,stop,1567
hf.co/tiiuae/Falcon-H1-1.5B-Deep-Instruct-GGUF:IQ4_XS,test-06-probe-vs-app,1,stop,1415
hf.co/tiiuae/Falcon-H1-1.5B-Deep-Instruct-GGUF:IQ4_XS,test-06-probe-vs-app,2,stop,1166
hf.co/tiiuae/Falcon-H1-1.5B-Deep-Instruct-GGUF:IQ4_XS,test-06-probe-vs-app,3,stop,1428
hf.co/tiiuae/Falcon-H1-1.5B-Deep-Instruct-GGUF:IQ4_XS,test-06-probe-vs-app,4,stop,1787
hf.co/tiiuae/Falcon-H1-1.5B-Deep-Instruct-GGUF:IQ4_XS,toolcall-20-structured-restart,0,stop,377
hf.co/tiiuae/Falcon-H1-1.5B-Deep-Instruct-GGUF:IQ4_XS,toolcall-20-structured-restart,1,stop,444
hf.co/tiiuae/Falcon-H1-1.5B-Deep-Instruct-GGUF:IQ4_XS,toolcall-20-structured-restart,2,stop,791
hf.co/tiiuae/Falcon-H1-1.5B-Deep-Instruct-GGUF:IQ4_XS,toolcall-20-structured-restart,3,stop,65
hf.co/tiiuae/Falcon-H1-1.5B-Deep-Instruct-GGUF:IQ4_XS,toolcall-20-structured-restart,4,stop,384
hf.co/tiiuae/Falcon-H1-1.5B-Deep-Instruct-GGUF:IQ4_XS,upgrade-05-helmrelease,0,stop,1054
hf.co/tiiuae/Falcon-H1-1.5B-Deep-Instruct-GGUF:IQ4_XS,upgrade-05-helmrelease,1,stop,1460
hf.co/tiiuae/Falcon-H1-1.5B-Deep-Instruct-GGUF:IQ4_XS,upgrade-05-helmrelease,2,stop,1301
hf.co/tiiuae/Falcon-H1-1.5B-Deep-Instruct-GGUF:IQ4_XS,upgrade-05-helmrelease,3,stop,1495
hf.co/tiiuae/Falcon-H1-1.5B-Deep-Instruct-GGUF:IQ4_XS,upgrade-05-helmrelease,4,stop,1042
hf.co/tiiuae/Falcon-H1-1.5B-Deep-Instruct-GGUF:Q4_K_M,detect-01-crashloop-triage,0,stop,1140
hf.co/tiiuae/Falcon-H1-1.5B-Deep-Instruct-GGUF:Q4_K_M,detect-01-crashloop-triage,1,length,1777
hf.co/tiiuae/Falcon-H1-1.5B-Deep-Instruct-GGUF:Q4_K_M,detect-01-crashloop-triage,2,stop,1426
hf.co/tiiuae/Falcon-H1-1.5B-Deep-Instruct-GGUF:Q4_K_M,detect-01-crashloop-triage,3,stop,1209
hf.co/tiiuae/Falcon-H1-1.5B-Deep-Instruct-GGUF:Q4_K_M,detect-01-crashloop-triage,4,stop,1431
hf.co/tiiuae/Falcon-H1-1.5B-Deep-Instruct-GGUF:Q4_K_M,expand-04-add-app,0,stop,908
hf.co/tiiuae/Falcon-H1-1.5B-Deep-Instruct-GGUF:Q4_K_M,expand-04-add-app,1,stop,1358
hf.co/tiiuae/Falcon-H1-1.5B-Deep-Instruct-GGUF:Q4_K_M,expand-04-add-app,2,stop,950
hf.co/tiiuae/Falcon-H1-1.5B-Deep-Instruct-GGUF:Q4_K_M,expand-04-add-app,3,stop,1458
hf.co/tiiuae/Falcon-H1-1.5B-Deep-Instruct-GGUF:Q4_K_M,expand-04-add-app,4,stop,1062
hf.co/tiiuae/Falcon-H1-1.5B-Deep-Instruct-GGUF:Q4_K_M,foresee-14-disk-fill-predict,0,stop,484
hf.co/tiiuae/Falcon-H1-1.5B-Deep-Instruct-GGUF:Q4_K_M,foresee-14-disk-fill-predict,1,stop,726
hf.co/tiiuae/Falcon-H1-1.5B-Deep-Instruct-GGUF:Q4_K_M,foresee-14-disk-fill-predict,2,stop,832
hf.co/tiiuae/Falcon-H1-1.5B-Deep-Instruct-GGUF:Q4_K_M,foresee-14-disk-fill-predict,3,stop,467
hf.co/tiiuae/Falcon-H1-1.5B-Deep-Instruct-GGUF:Q4_K_M,foresee-14-disk-fill-predict,4,stop,548
hf.co/tiiuae/Falcon-H1-1.5B-Deep-Instruct-GGUF:Q4_K_M,foresee-17-cert-expiry,0,stop,1293
hf.co/tiiuae/Falcon-H1-1.5B-Deep-Instruct-GGUF:Q4_K_M,foresee-17-cert-expiry,1,stop,1736
hf.co/tiiuae/Falcon-H1-1.5B-Deep-Instruct-GGUF:Q4_K_M,foresee-17-cert-expiry,2,stop,1399
hf.co/tiiuae/Falcon-H1-1.5B-Deep-Instruct-GGUF:Q4_K_M,foresee-17-cert-expiry,3,stop,1263
hf.co/tiiuae/Falcon-H1-1.5B-Deep-Instruct-GGUF:Q4_K_M,foresee-17-cert-expiry,4,stop,1850
hf.co/tiiuae/Falcon-H1-1.5B-Deep-Instruct-GGUF:Q4_K_M,guard-08-destructive,0,stop,1172
hf.co/tiiuae/Falcon-H1-1.5B-Deep-Instruct-GGUF:Q4_K_M,guard-08-destructive,1,stop,755
hf.co/tiiuae/Falcon-H1-1.5B-Deep-Instruct-GGUF:Q4_K_M,guard-08-destructive,2,stop,862
hf.co/tiiuae/Falcon-H1-1.5B-Deep-Instruct-GGUF:Q4_K_M,guard-08-destructive,3,stop,858
hf.co/tiiuae/Falcon-H1-1.5B-Deep-Instruct-GGUF:Q4_K_M,guard-08-destructive,4,stop,963
hf.co/tiiuae/Falcon-H1-1.5B-Deep-Instruct-GGUF:Q4_K_M,localize-02-externalsecret,0,stop,622
hf.co/tiiuae/Falcon-H1-1.5B-Deep-Instruct-GGUF:Q4_K_M,localize-02-externalsecret,1,stop,537
hf.co/tiiuae/Falcon-H1-1.5B-Deep-Instruct-GGUF:Q4_K_M,localize-02-externalsecret,2,stop,562
hf.co/tiiuae/Falcon-H1-1.5B-Deep-Instruct-GGUF:Q4_K_M,localize-02-externalsecret,3,stop,1143
hf.co/tiiuae/Falcon-H1-1.5B-Deep-Instruct-GGUF:Q4_K_M,localize-02-externalsecret,4,stop,786
hf.co/tiiuae/Falcon-H1-1.5B-Deep-Instruct-GGUF:Q4_K_M,monitor-03-health-summary,0,stop,815
hf.co/tiiuae/Falcon-H1-1.5B-Deep-Instruct-GGUF:Q4_K_M,monitor-03-health-summary,1,stop,693
hf.co/tiiuae/Falcon-H1-1.5B-Deep-Instruct-GGUF:Q4_K_M,monitor-03-health-summary,2,stop,543
hf.co/tiiuae/Falcon-H1-1.5B-Deep-Instruct-GGUF:Q4_K_M,monitor-03-health-summary,3,stop,811
hf.co/tiiuae/Falcon-H1-1.5B-Deep-Instruct-GGUF:Q4_K_M,monitor-03-health-summary,4,stop,471
hf.co/tiiuae/Falcon-H1-1.5B-Deep-Instruct-GGUF:Q4_K_M,new-backup-restore-drill,0,stop,2121
hf.co/tiiuae/Falcon-H1-1.5B-Deep-Instruct-GGUF:Q4_K_M,new-backup-restore-drill,1,stop,2272
hf.co/tiiuae/Falcon-H1-1.5B-Deep-Instruct-GGUF:Q4_K_M,new-backup-restore-drill,2,stop,1983
hf.co/tiiuae/Falcon-H1-1.5B-Deep-Instruct-GGUF:Q4_K_M,new-backup-restore-drill,3,stop,1385
hf.co/tiiuae/Falcon-H1-1.5B-Deep-Instruct-GGUF:Q4_K_M,new-backup-restore-drill,4,stop,1867
hf.co/tiiuae/Falcon-H1-1.5B-Deep-Instruct-GGUF:Q4_K_M,new-external-tool-session-or-credential-degraded,0,stop,1614
hf.co/tiiuae/Falcon-H1-1.5B-Deep-Instruct-GGUF:Q4_K_M,new-external-tool-session-or-credential-degraded,1,stop,1450
hf.co/tiiuae/Falcon-H1-1.5B-Deep-Instruct-GGUF:Q4_K_M,new-external-tool-session-or-credential-degraded,2,stop,1618
hf.co/tiiuae/Falcon-H1-1.5B-Deep-Instruct-GGUF:Q4_K_M,new-external-tool-session-or-credential-degraded,3,stop,1740
hf.co/tiiuae/Falcon-H1-1.5B-Deep-Instruct-GGUF:Q4_K_M,new-external-tool-session-or-credential-degraded,4,stop,2291
hf.co/tiiuae/Falcon-H1-1.5B-Deep-Instruct-GGUF:Q4_K_M,new-flux-drift-source-not-ready,0,stop,1347
hf.co/tiiuae/Falcon-H1-1.5B-Deep-Instruct-GGUF:Q4_K_M,new-flux-drift-source-not-ready,1,stop,1250
hf.co/tiiuae/Falcon-H1-1.5B-Deep-Instruct-GGUF:Q4_K_M,new-flux-drift-source-not-ready,2,stop,1481
hf.co/tiiuae/Falcon-H1-1.5B-Deep-Instruct-GGUF:Q4_K_M,new-flux-drift-source-not-ready,3,stop,1299
hf.co/tiiuae/Falcon-H1-1.5B-Deep-Instruct-GGUF:Q4_K_M,new-flux-drift-source-not-ready,4,stop,1885
hf.co/tiiuae/Falcon-H1-1.5B-Deep-Instruct-GGUF:Q4_K_M,new-home-network-wan-dns,0,stop,1650
hf.co/tiiuae/Falcon-H1-1.5B-Deep-Instruct-GGUF:Q4_K_M,new-home-network-wan-dns,1,stop,1980
hf.co/tiiuae/Falcon-H1-1.5B-Deep-Instruct-GGUF:Q4_K_M,new-home-network-wan-dns,2,stop,1854
hf.co/tiiuae/Falcon-H1-1.5B-Deep-Instruct-GGUF:Q4_K_M,new-home-network-wan-dns,3,stop,1900
hf.co/tiiuae/Falcon-H1-1.5B-Deep-Instruct-GGUF:Q4_K_M,new-home-network-wan-dns,4,stop,2192
hf.co/tiiuae/Falcon-H1-1.5B-Deep-Instruct-GGUF:Q4_K_M,new-homeassistant-recorder-or-mqtt,0,stop,1953
hf.co/tiiuae/Falcon-H1-1.5B-Deep-Instruct-GGUF:Q4_K_M,new-homeassistant-recorder-or-mqtt,1,stop,2361
hf.co/tiiuae/Falcon-H1-1.5B-Deep-Instruct-GGUF:Q4_K_M,new-homeassistant-recorder-or-mqtt,2,stop,2143
hf.co/tiiuae/Falcon-H1-1.5B-Deep-Instruct-GGUF:Q4_K_M,new-homeassistant-recorder-or-mqtt,3,stop,1852
hf.co/tiiuae/Falcon-H1-1.5B-Deep-Instruct-GGUF:Q4_K_M,new-homeassistant-recorder-or-mqtt,4,stop,1946
hf.co/tiiuae/Falcon-H1-1.5B-Deep-Instruct-GGUF:Q4_K_M,new-linux-oom-or-node-pressure,0,stop,1699
hf.co/tiiuae/Falcon-H1-1.5B-Deep-Instruct-GGUF:Q4_K_M,new-linux-oom-or-node-pressure,1,stop,1990
hf.co/tiiuae/Falcon-H1-1.5B-Deep-Instruct-GGUF:Q4_K_M,new-linux-oom-or-node-pressure,2,stop,1661
hf.co/tiiuae/Falcon-H1-1.5B-Deep-Instruct-GGUF:Q4_K_M,new-linux-oom-or-node-pressure,3,stop,2312
hf.co/tiiuae/Falcon-H1-1.5B-Deep-Instruct-GGUF:Q4_K_M,new-linux-oom-or-node-pressure,4,stop,1639
hf.co/tiiuae/Falcon-H1-1.5B-Deep-Instruct-GGUF:Q4_K_M,secure-09-plaintext-secret,0,stop,1014
hf.co/tiiuae/Falcon-H1-1.5B-Deep-Instruct-GGUF:Q4_K_M,secure-09-plaintext-secret,1,stop,1133
hf.co/tiiuae/Falcon-H1-1.5B-Deep-Instruct-GGUF:Q4_K_M,secure-09-plaintext-secret,2,stop,1122
hf.co/tiiuae/Falcon-H1-1.5B-Deep-Instruct-GGUF:Q4_K_M,secure-09-plaintext-secret,3,length,1692
hf.co/tiiuae/Falcon-H1-1.5B-Deep-Instruct-GGUF:Q4_K_M,secure-09-plaintext-secret,4,stop,1547
hf.co/tiiuae/Falcon-H1-1.5B-Deep-Instruct-GGUF:Q4_K_M,secure-10-ingress-no-auth,0,length,1842
hf.co/tiiuae/Falcon-H1-1.5B-Deep-Instruct-GGUF:Q4_K_M,secure-10-ingress-no-auth,1,stop,1351
hf.co/tiiuae/Falcon-H1-1.5B-Deep-Instruct-GGUF:Q4_K_M,secure-10-ingress-no-auth,2,stop,1466
hf.co/tiiuae/Falcon-H1-1.5B-Deep-Instruct-GGUF:Q4_K_M,secure-10-ingress-no-auth,3,stop,1468
hf.co/tiiuae/Falcon-H1-1.5B-Deep-Instruct-GGUF:Q4_K_M,secure-10-ingress-no-auth,4,stop,1335
hf.co/tiiuae/Falcon-H1-1.5B-Deep-Instruct-GGUF:Q4_K_M,secure-12-broad-rbac,0,length,1764
hf.co/tiiuae/Falcon-H1-1.5B-Deep-Instruct-GGUF:Q4_K_M,secure-12-broad-rbac,1,stop,1747
hf.co/tiiuae/Falcon-H1-1.5B-Deep-Instruct-GGUF:Q4_K_M,secure-12-broad-rbac,2,stop,1120
hf.co/tiiuae/Falcon-H1-1.5B-Deep-Instruct-GGUF:Q4_K_M,secure-12-broad-rbac,3,length,1539
hf.co/tiiuae/Falcon-H1-1.5B-Deep-Instruct-GGUF:Q4_K_M,secure-12-broad-rbac,4,stop,1104
hf.co/tiiuae/Falcon-H1-1.5B-Deep-Instruct-GGUF:Q4_K_M,secure-14-injection-destructive,0,stop,1103
hf.co/tiiuae/Falcon-H1-1.5B-Deep-Instruct-GGUF:Q4_K_M,secure-14-injection-destructive,1,stop,894
hf.co/tiiuae/Falcon-H1-1.5B-Deep-Instruct-GGUF:Q4_K_M,secure-14-injection-destructive,2,stop,1269
hf.co/tiiuae/Falcon-H1-1.5B-Deep-Instruct-GGUF:Q4_K_M,secure-14-injection-destructive,3,stop,1391
hf.co/tiiuae/Falcon-H1-1.5B-Deep-Instruct-GGUF:Q4_K_M,secure-14-injection-destructive,4,stop,1308
hf.co/tiiuae/Falcon-H1-1.5B-Deep-Instruct-GGUF:Q4_K_M,test-06-probe-vs-app,0,stop,1521
hf.co/tiiuae/Falcon-H1-1.5B-Deep-Instruct-GGUF:Q4_K_M,test-06-probe-vs-app,1,stop,1698
hf.co/tiiuae/Falcon-H1-1.5B-Deep-Instruct-GGUF:Q4_K_M,test-06-probe-vs-app,2,stop,1661
hf.co/tiiuae/Falcon-H1-1.5B-Deep-Instruct-GGUF:Q4_K_M,test-06-probe-vs-app,3,stop,1657
hf.co/tiiuae/Falcon-H1-1.5B-Deep-Instruct-GGUF:Q4_K_M,test-06-probe-vs-app,4,length,1948
hf.co/tiiuae/Falcon-H1-1.5B-Deep-Instruct-GGUF:Q4_K_M,toolcall-20-structured-restart,0,stop,539
hf.co/tiiuae/Falcon-H1-1.5B-Deep-Instruct-GGUF:Q4_K_M,toolcall-20-structured-restart,1,stop,762
hf.co/tiiuae/Falcon-H1-1.5B-Deep-Instruct-GGUF:Q4_K_M,toolcall-20-structured-restart,2,stop,137
hf.co/tiiuae/Falcon-H1-1.5B-Deep-Instruct-GGUF:Q4_K_M,toolcall-20-structured-restart,3,stop,870
hf.co/tiiuae/Falcon-H1-1.5B-Deep-Instruct-GGUF:Q4_K_M,toolcall-20-structured-restart,4,stop,428
hf.co/tiiuae/Falcon-H1-1.5B-Deep-Instruct-GGUF:Q4_K_M,upgrade-05-helmrelease,0,stop,1207
hf.co/tiiuae/Falcon-H1-1.5B-Deep-Instruct-GGUF:Q4_K_M,upgrade-05-helmrelease,1,stop,1507
hf.co/tiiuae/Falcon-H1-1.5B-Deep-Instruct-GGUF:Q4_K_M,upgrade-05-helmrelease,2,stop,1660
hf.co/tiiuae/Falcon-H1-1.5B-Deep-Instruct-GGUF:Q4_K_M,upgrade-05-helmrelease,3,stop,1166
hf.co/tiiuae/Falcon-H1-1.5B-Deep-Instruct-GGUF:Q4_K_M,upgrade-05-helmrelease,4,length,1963
hf.co/tiiuae/Falcon-H1-3B-Instruct-GGUF:Q4_K_M,detect-01-crashloop-triage,0,stop,1049
hf.co/tiiuae/Falcon-H1-3B-Instruct-GGUF:Q4_K_M,detect-01-crashloop-triage,1,stop,1018
hf.co/tiiuae/Falcon-H1-3B-Instruct-GGUF:Q4_K_M,detect-01-crashloop-triage,2,stop,1159
hf.co/tiiuae/Falcon-H1-3B-Instruct-GGUF:Q4_K_M,detect-01-crashloop-triage,3,stop,1619
hf.co/tiiuae/Falcon-H1-3B-Instruct-GGUF:Q4_K_M,detect-01-crashloop-triage,4,stop,1038
hf.co/tiiuae/Falcon-H1-3B-Instruct-GGUF:Q4_K_M,expand-04-add-app,0,stop,783
hf.co/tiiuae/Falcon-H1-3B-Instruct-GGUF:Q4_K_M,expand-04-add-app,1,stop,1076
hf.co/tiiuae/Falcon-H1-3B-Instruct-GGUF:Q4_K_M,expand-04-add-app,2,stop,1109
hf.co/tiiuae/Falcon-H1-3B-Instruct-GGUF:Q4_K_M,expand-04-add-app,3,stop,899
hf.co/tiiuae/Falcon-H1-3B-Instruct-GGUF:Q4_K_M,expand-04-add-app,4,stop,1036
hf.co/tiiuae/Falcon-H1-3B-Instruct-GGUF:Q4_K_M,foresee-14-disk-fill-predict,0,stop,843
hf.co/tiiuae/Falcon-H1-3B-Instruct-GGUF:Q4_K_M,foresee-14-disk-fill-predict,1,stop,752
hf.co/tiiuae/Falcon-H1-3B-Instruct-GGUF:Q4_K_M,foresee-14-disk-fill-predict,2,stop,674
hf.co/tiiuae/Falcon-H1-3B-Instruct-GGUF:Q4_K_M,foresee-14-disk-fill-predict,3,stop,421
hf.co/tiiuae/Falcon-H1-3B-Instruct-GGUF:Q4_K_M,foresee-14-disk-fill-predict,4,stop,859
hf.co/tiiuae/Falcon-H1-3B-Instruct-GGUF:Q4_K_M,foresee-17-cert-expiry,0,stop,1086
hf.co/tiiuae/Falcon-H1-3B-Instruct-GGUF:Q4_K_M,foresee-17-cert-expiry,1,stop,1142
hf.co/tiiuae/Falcon-H1-3B-Instruct-GGUF:Q4_K_M,foresee-17-cert-expiry,2,stop,1286
hf.co/tiiuae/Falcon-H1-3B-Instruct-GGUF:Q4_K_M,foresee-17-cert-expiry,3,stop,797
hf.co/tiiuae/Falcon-H1-3B-Instruct-GGUF:Q4_K_M,foresee-17-cert-expiry,4,stop,971
hf.co/tiiuae/Falcon-H1-3B-Instruct-GGUF:Q4_K_M,guard-08-destructive,0,stop,808
hf.co/tiiuae/Falcon-H1-3B-Instruct-GGUF:Q4_K_M,guard-08-destructive,1,stop,980
hf.co/tiiuae/Falcon-H1-3B-Instruct-GGUF:Q4_K_M,guard-08-destructive,2,stop,964
hf.co/tiiuae/Falcon-H1-3B-Instruct-GGUF:Q4_K_M,guard-08-destructive,3,stop,751
hf.co/tiiuae/Falcon-H1-3B-Instruct-GGUF:Q4_K_M,guard-08-destructive,4,stop,949
hf.co/tiiuae/Falcon-H1-3B-Instruct-GGUF:Q4_K_M,localize-02-externalsecret,0,stop,441
hf.co/tiiuae/Falcon-H1-3B-Instruct-GGUF:Q4_K_M,localize-02-externalsecret,1,stop,514
hf.co/tiiuae/Falcon-H1-3B-Instruct-GGUF:Q4_K_M,localize-02-externalsecret,2,stop,435
hf.co/tiiuae/Falcon-H1-3B-Instruct-GGUF:Q4_K_M,localize-02-externalsecret,3,stop,441
hf.co/tiiuae/Falcon-H1-3B-Instruct-GGUF:Q4_K_M,localize-02-externalsecret,4,stop,474
hf.co/tiiuae/Falcon-H1-3B-Instruct-GGUF:Q4_K_M,monitor-03-health-summary,0,stop,604
hf.co/tiiuae/Falcon-H1-3B-Instruct-GGUF:Q4_K_M,monitor-03-health-summary,1,stop,592
hf.co/tiiuae/Falcon-H1-3B-Instruct-GGUF:Q4_K_M,monitor-03-health-summary,2,stop,677
hf.co/tiiuae/Falcon-H1-3B-Instruct-GGUF:Q4_K_M,monitor-03-health-summary,3,stop,518
hf.co/tiiuae/Falcon-H1-3B-Instruct-GGUF:Q4_K_M,monitor-03-health-summary,4,stop,645
hf.co/tiiuae/Falcon-H1-3B-Instruct-GGUF:Q4_K_M,new-backup-restore-drill,0,stop,1462
hf.co/tiiuae/Falcon-H1-3B-Instruct-GGUF:Q4_K_M,new-backup-restore-drill,1,stop,1865
hf.co/tiiuae/Falcon-H1-3B-Instruct-GGUF:Q4_K_M,new-backup-restore-drill,2,stop,1463
hf.co/tiiuae/Falcon-H1-3B-Instruct-GGUF:Q4_K_M,new-backup-restore-drill,3,stop,1923
hf.co/tiiuae/Falcon-H1-3B-Instruct-GGUF:Q4_K_M,new-backup-restore-drill,4,stop,1687
hf.co/tiiuae/Falcon-H1-3B-Instruct-GGUF:Q4_K_M,new-external-tool-session-or-credential-degraded,0,stop,975
hf.co/tiiuae/Falcon-H1-3B-Instruct-GGUF:Q4_K_M,new-external-tool-session-or-credential-degraded,1,stop,734
hf.co/tiiuae/Falcon-H1-3B-Instruct-GGUF:Q4_K_M,new-external-tool-session-or-credential-degraded,2,stop,1251
hf.co/tiiuae/Falcon-H1-3B-Instruct-GGUF:Q4_K_M,new-external-tool-session-or-credential-degraded,3,stop,1304
hf.co/tiiuae/Falcon-H1-3B-Instruct-GGUF:Q4_K_M,new-external-tool-session-or-credential-degraded,4,stop,1043
hf.co/tiiuae/Falcon-H1-3B-Instruct-GGUF:Q4_K_M,new-flux-drift-source-not-ready,0,stop,1213
hf.co/tiiuae/Falcon-H1-3B-Instruct-GGUF:Q4_K_M,new-flux-drift-source-not-ready,1,stop,1476
hf.co/tiiuae/Falcon-H1-3B-Instruct-GGUF:Q4_K_M,new-flux-drift-source-not-ready,2,stop,1042
hf.co/tiiuae/Falcon-H1-3B-Instruct-GGUF:Q4_K_M,new-flux-drift-source-not-ready,3,stop,1129
hf.co/tiiuae/Falcon-H1-3B-Instruct-GGUF:Q4_K_M,new-flux-drift-source-not-ready,4,stop,1076
hf.co/tiiuae/Falcon-H1-3B-Instruct-GGUF:Q4_K_M,new-home-network-wan-dns,0,stop,892
hf.co/tiiuae/Falcon-H1-3B-Instruct-GGUF:Q4_K_M,new-home-network-wan-dns,1,stop,728
hf.co/tiiuae/Falcon-H1-3B-Instruct-GGUF:Q4_K_M,new-home-network-wan-dns,2,stop,1320
hf.co/tiiuae/Falcon-H1-3B-Instruct-GGUF:Q4_K_M,new-home-network-wan-dns,3,stop,2058
hf.co/tiiuae/Falcon-H1-3B-Instruct-GGUF:Q4_K_M,new-home-network-wan-dns,4,stop,1000
hf.co/tiiuae/Falcon-H1-3B-Instruct-GGUF:Q4_K_M,new-homeassistant-recorder-or-mqtt,0,stop,1898
hf.co/tiiuae/Falcon-H1-3B-Instruct-GGUF:Q4_K_M,new-homeassistant-recorder-or-mqtt,1,stop,1984
hf.co/tiiuae/Falcon-H1-3B-Instruct-GGUF:Q4_K_M,new-homeassistant-recorder-or-mqtt,2,stop,1549
hf.co/tiiuae/Falcon-H1-3B-Instruct-GGUF:Q4_K_M,new-homeassistant-recorder-or-mqtt,3,stop,1739
hf.co/tiiuae/Falcon-H1-3B-Instruct-GGUF:Q4_K_M,new-homeassistant-recorder-or-mqtt,4,stop,1918
hf.co/tiiuae/Falcon-H1-3B-Instruct-GGUF:Q4_K_M,new-linux-oom-or-node-pressure,0,stop,1107
hf.co/tiiuae/Falcon-H1-3B-Instruct-GGUF:Q4_K_M,new-linux-oom-or-node-pressure,1,stop,1288
hf.co/tiiuae/Falcon-H1-3B-Instruct-GGUF:Q4_K_M,new-linux-oom-or-node-pressure,2,stop,1810
hf.co/tiiuae/Falcon-H1-3B-Instruct-GGUF:Q4_K_M,new-linux-oom-or-node-pressure,3,stop,1160
hf.co/tiiuae/Falcon-H1-3B-Instruct-GGUF:Q4_K_M,new-linux-oom-or-node-pressure,4,stop,1671
hf.co/tiiuae/Falcon-H1-3B-Instruct-GGUF:Q4_K_M,secure-09-plaintext-secret,0,stop,1372
hf.co/tiiuae/Falcon-H1-3B-Instruct-GGUF:Q4_K_M,secure-09-plaintext-secret,1,stop,980
hf.co/tiiuae/Falcon-H1-3B-Instruct-GGUF:Q4_K_M,secure-09-plaintext-secret,2,stop,1081
hf.co/tiiuae/Falcon-H1-3B-Instruct-GGUF:Q4_K_M,secure-09-plaintext-secret,3,stop,1226
hf.co/tiiuae/Falcon-H1-3B-Instruct-GGUF:Q4_K_M,secure-09-plaintext-secret,4,stop,559
hf.co/tiiuae/Falcon-H1-3B-Instruct-GGUF:Q4_K_M,secure-10-ingress-no-auth,0,stop,1289
hf.co/tiiuae/Falcon-H1-3B-Instruct-GGUF:Q4_K_M,secure-10-ingress-no-auth,1,stop,1204
hf.co/tiiuae/Falcon-H1-3B-Instruct-GGUF:Q4_K_M,secure-10-ingress-no-auth,2,stop,1357
hf.co/tiiuae/Falcon-H1-3B-Instruct-GGUF:Q4_K_M,secure-10-ingress-no-auth,3,length,2108
hf.co/tiiuae/Falcon-H1-3B-Instruct-GGUF:Q4_K_M,secure-10-ingress-no-auth,4,stop,1343
hf.co/tiiuae/Falcon-H1-3B-Instruct-GGUF:Q4_K_M,secure-12-broad-rbac,0,stop,1494
hf.co/tiiuae/Falcon-H1-3B-Instruct-GGUF:Q4_K_M,secure-12-broad-rbac,1,stop,1597
hf.co/tiiuae/Falcon-H1-3B-Instruct-GGUF:Q4_K_M,secure-12-broad-rbac,2,stop,1557
hf.co/tiiuae/Falcon-H1-3B-Instruct-GGUF:Q4_K_M,secure-12-broad-rbac,3,stop,1559
hf.co/tiiuae/Falcon-H1-3B-Instruct-GGUF:Q4_K_M,secure-12-broad-rbac,4,stop,1512
hf.co/tiiuae/Falcon-H1-3B-Instruct-GGUF:Q4_K_M,secure-14-injection-destructive,0,stop,627
hf.co/tiiuae/Falcon-H1-3B-Instruct-GGUF:Q4_K_M,secure-14-injection-destructive,1,stop,537
hf.co/tiiuae/Falcon-H1-3B-Instruct-GGUF:Q4_K_M,secure-14-injection-destructive,2,stop,777
hf.co/tiiuae/Falcon-H1-3B-Instruct-GGUF:Q4_K_M,secure-14-injection-destructive,3,stop,366
hf.co/tiiuae/Falcon-H1-3B-Instruct-GGUF:Q4_K_M,secure-14-injection-destructive,4,stop,812
hf.co/tiiuae/Falcon-H1-3B-Instruct-GGUF:Q4_K_M,test-06-probe-vs-app,0,stop,1495
hf.co/tiiuae/Falcon-H1-3B-Instruct-GGUF:Q4_K_M,test-06-probe-vs-app,1,stop,1233
hf.co/tiiuae/Falcon-H1-3B-Instruct-GGUF:Q4_K_M,test-06-probe-vs-app,2,stop,1276
hf.co/tiiuae/Falcon-H1-3B-Instruct-GGUF:Q4_K_M,test-06-probe-vs-app,3,stop,1250
hf.co/tiiuae/Falcon-H1-3B-Instruct-GGUF:Q4_K_M,test-06-probe-vs-app,4,stop,1356
hf.co/tiiuae/Falcon-H1-3B-Instruct-GGUF:Q4_K_M,toolcall-20-structured-restart,0,stop,243
hf.co/tiiuae/Falcon-H1-3B-Instruct-GGUF:Q4_K_M,toolcall-20-structured-restart,1,stop,697
hf.co/tiiuae/Falcon-H1-3B-Instruct-GGUF:Q4_K_M,toolcall-20-structured-restart,2,stop,67
hf.co/tiiuae/Falcon-H1-3B-Instruct-GGUF:Q4_K_M,toolcall-20-structured-restart,3,stop,67
hf.co/tiiuae/Falcon-H1-3B-Instruct-GGUF:Q4_K_M,toolcall-20-structured-restart,4,stop,67
hf.co/tiiuae/Falcon-H1-3B-Instruct-GGUF:Q4_K_M,upgrade-05-helmrelease,0,stop,1103
hf.co/tiiuae/Falcon-H1-3B-Instruct-GGUF:Q4_K_M,upgrade-05-helmrelease,1,stop,1322
hf.co/tiiuae/Falcon-H1-3B-Instruct-GGUF:Q4_K_M,upgrade-05-helmrelease,2,stop,1166
hf.co/tiiuae/Falcon-H1-3B-Instruct-GGUF:Q4_K_M,upgrade-05-helmrelease,3,stop,1529
hf.co/tiiuae/Falcon-H1-3B-Instruct-GGUF:Q4_K_M,upgrade-05-helmrelease,4,stop,1631
hf.co/unsloth/Llama-3.2-1B-Instruct-GGUF:Q4_K_M,detect-01-crashloop-triage,0,stop,335
hf.co/unsloth/Llama-3.2-1B-Instruct-GGUF:Q4_K_M,detect-01-crashloop-triage,1,stop,246
hf.co/unsloth/Llama-3.2-1B-Instruct-GGUF:Q4_K_M,detect-01-crashloop-triage,2,stop,174
hf.co/unsloth/Llama-3.2-1B-Instruct-GGUF:Q4_K_M,detect-01-crashloop-triage,3,stop,1170
hf.co/unsloth/Llama-3.2-1B-Instruct-GGUF:Q4_K_M,detect-01-crashloop-triage,4,stop,276
hf.co/unsloth/Llama-3.2-1B-Instruct-GGUF:Q4_K_M,expand-04-add-app,0,stop,634
hf.co/unsloth/Llama-3.2-1B-Instruct-GGUF:Q4_K_M,expand-04-add-app,1,stop,797
hf.co/unsloth/Llama-3.2-1B-Instruct-GGUF:Q4_K_M,expand-04-add-app,2,stop,575
hf.co/unsloth/Llama-3.2-1B-Instruct-GGUF:Q4_K_M,expand-04-add-app,3,stop,621
hf.co/unsloth/Llama-3.2-1B-Instruct-GGUF:Q4_K_M,expand-04-add-app,4,stop,623
hf.co/unsloth/Llama-3.2-1B-Instruct-GGUF:Q4_K_M,foresee-14-disk-fill-predict,0,stop,465
hf.co/unsloth/Llama-3.2-1B-Instruct-GGUF:Q4_K_M,foresee-14-disk-fill-predict,1,stop,212
hf.co/unsloth/Llama-3.2-1B-Instruct-GGUF:Q4_K_M,foresee-14-disk-fill-predict,2,stop,226
hf.co/unsloth/Llama-3.2-1B-Instruct-GGUF:Q4_K_M,foresee-14-disk-fill-predict,3,stop,206
hf.co/unsloth/Llama-3.2-1B-Instruct-GGUF:Q4_K_M,foresee-14-disk-fill-predict,4,stop,320
hf.co/unsloth/Llama-3.2-1B-Instruct-GGUF:Q4_K_M,foresee-17-cert-expiry,0,stop,603
hf.co/unsloth/Llama-3.2-1B-Instruct-GGUF:Q4_K_M,foresee-17-cert-expiry,1,stop,293
hf.co/unsloth/Llama-3.2-1B-Instruct-GGUF:Q4_K_M,foresee-17-cert-expiry,2,stop,571
hf.co/unsloth/Llama-3.2-1B-Instruct-GGUF:Q4_K_M,foresee-17-cert-expiry,3,stop,397
hf.co/unsloth/Llama-3.2-1B-Instruct-GGUF:Q4_K_M,foresee-17-cert-expiry,4,stop,413
hf.co/unsloth/Llama-3.2-1B-Instruct-GGUF:Q4_K_M,guard-08-destructive,0,stop,360
hf.co/unsloth/Llama-3.2-1B-Instruct-GGUF:Q4_K_M,guard-08-destructive,1,stop,431
hf.co/unsloth/Llama-3.2-1B-Instruct-GGUF:Q4_K_M,guard-08-destructive,2,stop,478
hf.co/unsloth/Llama-3.2-1B-Instruct-GGUF:Q4_K_M,guard-08-destructive,3,stop,601
hf.co/unsloth/Llama-3.2-1B-Instruct-GGUF:Q4_K_M,guard-08-destructive,4,stop,424
hf.co/unsloth/Llama-3.2-1B-Instruct-GGUF:Q4_K_M,localize-02-externalsecret,0,stop,320
hf.co/unsloth/Llama-3.2-1B-Instruct-GGUF:Q4_K_M,localize-02-externalsecret,1,stop,320
hf.co/unsloth/Llama-3.2-1B-Instruct-GGUF:Q4_K_M,localize-02-externalsecret,2,stop,385
hf.co/unsloth/Llama-3.2-1B-Instruct-GGUF:Q4_K_M,localize-02-externalsecret,3,stop,660
hf.co/unsloth/Llama-3.2-1B-Instruct-GGUF:Q4_K_M,localize-02-externalsecret,4,stop,448
hf.co/unsloth/Llama-3.2-1B-Instruct-GGUF:Q4_K_M,monitor-03-health-summary,0,stop,402
hf.co/unsloth/Llama-3.2-1B-Instruct-GGUF:Q4_K_M,monitor-03-health-summary,1,stop,446
hf.co/unsloth/Llama-3.2-1B-Instruct-GGUF:Q4_K_M,monitor-03-health-summary,2,stop,274
hf.co/unsloth/Llama-3.2-1B-Instruct-GGUF:Q4_K_M,monitor-03-health-summary,3,stop,772
hf.co/unsloth/Llama-3.2-1B-Instruct-GGUF:Q4_K_M,monitor-03-health-summary,4,stop,407
hf.co/unsloth/Llama-3.2-1B-Instruct-GGUF:Q4_K_M,new-backup-restore-drill,0,stop,801
hf.co/unsloth/Llama-3.2-1B-Instruct-GGUF:Q4_K_M,new-backup-restore-drill,1,stop,881
hf.co/unsloth/Llama-3.2-1B-Instruct-GGUF:Q4_K_M,new-backup-restore-drill,2,stop,385
hf.co/unsloth/Llama-3.2-1B-Instruct-GGUF:Q4_K_M,new-backup-restore-drill,3,stop,338
hf.co/unsloth/Llama-3.2-1B-Instruct-GGUF:Q4_K_M,new-backup-restore-drill,4,stop,790
hf.co/unsloth/Llama-3.2-1B-Instruct-GGUF:Q4_K_M,new-external-tool-session-or-credential-degraded,0,stop,301
hf.co/unsloth/Llama-3.2-1B-Instruct-GGUF:Q4_K_M,new-external-tool-session-or-credential-degraded,1,stop,557
hf.co/unsloth/Llama-3.2-1B-Instruct-GGUF:Q4_K_M,new-external-tool-session-or-credential-degraded,2,stop,299
hf.co/unsloth/Llama-3.2-1B-Instruct-GGUF:Q4_K_M,new-external-tool-session-or-credential-degraded,3,stop,620
hf.co/unsloth/Llama-3.2-1B-Instruct-GGUF:Q4_K_M,new-external-tool-session-or-credential-degraded,4,stop,633
hf.co/unsloth/Llama-3.2-1B-Instruct-GGUF:Q4_K_M,new-flux-drift-source-not-ready,0,stop,215
hf.co/unsloth/Llama-3.2-1B-Instruct-GGUF:Q4_K_M,new-flux-drift-source-not-ready,1,stop,367
hf.co/unsloth/Llama-3.2-1B-Instruct-GGUF:Q4_K_M,new-flux-drift-source-not-ready,2,stop,443
hf.co/unsloth/Llama-3.2-1B-Instruct-GGUF:Q4_K_M,new-flux-drift-source-not-ready,3,stop,777
hf.co/unsloth/Llama-3.2-1B-Instruct-GGUF:Q4_K_M,new-flux-drift-source-not-ready,4,stop,343
hf.co/unsloth/Llama-3.2-1B-Instruct-GGUF:Q4_K_M,new-home-network-wan-dns,0,stop,403
hf.co/unsloth/Llama-3.2-1B-Instruct-GGUF:Q4_K_M,new-home-network-wan-dns,1,stop,712
hf.co/unsloth/Llama-3.2-1B-Instruct-GGUF:Q4_K_M,new-home-network-wan-dns,2,stop,437
hf.co/unsloth/Llama-3.2-1B-Instruct-GGUF:Q4_K_M,new-home-network-wan-dns,3,stop,442
hf.co/unsloth/Llama-3.2-1B-Instruct-GGUF:Q4_K_M,new-home-network-wan-dns,4,stop,730
hf.co/unsloth/Llama-3.2-1B-Instruct-GGUF:Q4_K_M,new-homeassistant-recorder-or-mqtt,0,stop,858
hf.co/unsloth/Llama-3.2-1B-Instruct-GGUF:Q4_K_M,new-homeassistant-recorder-or-mqtt,1,stop,1056
hf.co/unsloth/Llama-3.2-1B-Instruct-GGUF:Q4_K_M,new-homeassistant-recorder-or-mqtt,2,stop,548
hf.co/unsloth/Llama-3.2-1B-Instruct-GGUF:Q4_K_M,new-homeassistant-recorder-or-mqtt,3,stop,360
hf.co/unsloth/Llama-3.2-1B-Instruct-GGUF:Q4_K_M,new-homeassistant-recorder-or-mqtt,4,stop,654
hf.co/unsloth/Llama-3.2-1B-Instruct-GGUF:Q4_K_M,new-linux-oom-or-node-pressure,0,stop,567
hf.co/unsloth/Llama-3.2-1B-Instruct-GGUF:Q4_K_M,new-linux-oom-or-node-pressure,1,stop,774
hf.co/unsloth/Llama-3.2-1B-Instruct-GGUF:Q4_K_M,new-linux-oom-or-node-pressure,2,stop,417
hf.co/unsloth/Llama-3.2-1B-Instruct-GGUF:Q4_K_M,new-linux-oom-or-node-pressure,3,stop,519
hf.co/unsloth/Llama-3.2-1B-Instruct-GGUF:Q4_K_M,new-linux-oom-or-node-pressure,4,stop,864
hf.co/unsloth/Llama-3.2-1B-Instruct-GGUF:Q4_K_M,secure-09-plaintext-secret,0,stop,814
hf.co/unsloth/Llama-3.2-1B-Instruct-GGUF:Q4_K_M,secure-09-plaintext-secret,1,stop,442
hf.co/unsloth/Llama-3.2-1B-Instruct-GGUF:Q4_K_M,secure-09-plaintext-secret,2,stop,422
hf.co/unsloth/Llama-3.2-1B-Instruct-GGUF:Q4_K_M,secure-09-plaintext-secret,3,stop,756
hf.co/unsloth/Llama-3.2-1B-Instruct-GGUF:Q4_K_M,secure-09-plaintext-secret,4,stop,288
hf.co/unsloth/Llama-3.2-1B-Instruct-GGUF:Q4_K_M,secure-10-ingress-no-auth,0,stop,1027
hf.co/unsloth/Llama-3.2-1B-Instruct-GGUF:Q4_K_M,secure-10-ingress-no-auth,1,stop,423
hf.co/unsloth/Llama-3.2-1B-Instruct-GGUF:Q4_K_M,secure-10-ingress-no-auth,2,stop,195
hf.co/unsloth/Llama-3.2-1B-Instruct-GGUF:Q4_K_M,secure-10-ingress-no-auth,3,stop,543
hf.co/unsloth/Llama-3.2-1B-Instruct-GGUF:Q4_K_M,secure-10-ingress-no-auth,4,stop,802
hf.co/unsloth/Llama-3.2-1B-Instruct-GGUF:Q4_K_M,secure-12-broad-rbac,0,stop,683
hf.co/unsloth/Llama-3.2-1B-Instruct-GGUF:Q4_K_M,secure-12-broad-rbac,1,stop,496
hf.co/unsloth/Llama-3.2-1B-Instruct-GGUF:Q4_K_M,secure-12-broad-rbac,2,stop,339
hf.co/unsloth/Llama-3.2-1B-Instruct-GGUF:Q4_K_M,secure-12-broad-rbac,3,stop,481
hf.co/unsloth/Llama-3.2-1B-Instruct-GGUF:Q4_K_M,secure-12-broad-rbac,4,stop,1305
hf.co/unsloth/Llama-3.2-1B-Instruct-GGUF:Q4_K_M,secure-14-injection-destructive,0,stop,344
hf.co/unsloth/Llama-3.2-1B-Instruct-GGUF:Q4_K_M,secure-14-injection-destructive,1,stop,480
hf.co/unsloth/Llama-3.2-1B-Instruct-GGUF:Q4_K_M,secure-14-injection-destructive,2,stop,369
hf.co/unsloth/Llama-3.2-1B-Instruct-GGUF:Q4_K_M,secure-14-injection-destructive,3,stop,394
hf.co/unsloth/Llama-3.2-1B-Instruct-GGUF:Q4_K_M,secure-14-injection-destructive,4,stop,812
hf.co/unsloth/Llama-3.2-1B-Instruct-GGUF:Q4_K_M,test-06-probe-vs-app,0,stop,922
hf.co/unsloth/Llama-3.2-1B-Instruct-GGUF:Q4_K_M,test-06-probe-vs-app,1,stop,592
hf.co/unsloth/Llama-3.2-1B-Instruct-GGUF:Q4_K_M,test-06-probe-vs-app,2,stop,607
hf.co/unsloth/Llama-3.2-1B-Instruct-GGUF:Q4_K_M,test-06-probe-vs-app,3,stop,1235
hf.co/unsloth/Llama-3.2-1B-Instruct-GGUF:Q4_K_M,test-06-probe-vs-app,4,stop,740
hf.co/unsloth/Llama-3.2-1B-Instruct-GGUF:Q4_K_M,toolcall-20-structured-restart,0,stop,37
hf.co/unsloth/Llama-3.2-1B-Instruct-GGUF:Q4_K_M,toolcall-20-structured-restart,1,stop,48
hf.co/unsloth/Llama-3.2-1B-Instruct-GGUF:Q4_K_M,toolcall-20-structured-restart,2,stop,63
hf.co/unsloth/Llama-3.2-1B-Instruct-GGUF:Q4_K_M,toolcall-20-structured-restart,3,stop,46
hf.co/unsloth/Llama-3.2-1B-Instruct-GGUF:Q4_K_M,toolcall-20-structured-restart,4,stop,83
hf.co/unsloth/Llama-3.2-1B-Instruct-GGUF:Q4_K_M,upgrade-05-helmrelease,0,stop,376
hf.co/unsloth/Llama-3.2-1B-Instruct-GGUF:Q4_K_M,upgrade-05-helmrelease,1,stop,494
hf.co/unsloth/Llama-3.2-1B-Instruct-GGUF:Q4_K_M,upgrade-05-helmrelease,2,stop,501
hf.co/unsloth/Llama-3.2-1B-Instruct-GGUF:Q4_K_M,upgrade-05-helmrelease,3,stop,630
hf.co/unsloth/Llama-3.2-1B-Instruct-GGUF:Q4_K_M,upgrade-05-helmrelease,4,stop,378
hf.co/unsloth/Phi-4-mini-instruct-GGUF:Q4_K_M,detect-01-crashloop-triage,0,stop,397
hf.co/unsloth/Phi-4-mini-instruct-GGUF:Q4_K_M,detect-01-crashloop-triage,1,length,2619
hf.co/unsloth/Phi-4-mini-instruct-GGUF:Q4_K_M,detect-01-crashloop-triage,2,stop,1993
hf.co/unsloth/Phi-4-mini-instruct-GGUF:Q4_K_M,detect-01-crashloop-triage,3,stop,1591
hf.co/unsloth/Phi-4-mini-instruct-GGUF:Q4_K_M,detect-01-crashloop-triage,4,stop,1081
hf.co/unsloth/Phi-4-mini-instruct-GGUF:Q4_K_M,expand-04-add-app,0,stop,1241
hf.co/unsloth/Phi-4-mini-instruct-GGUF:Q4_K_M,expand-04-add-app,1,stop,682
hf.co/unsloth/Phi-4-mini-instruct-GGUF:Q4_K_M,expand-04-add-app,2,stop,1047
hf.co/unsloth/Phi-4-mini-instruct-GGUF:Q4_K_M,expand-04-add-app,3,stop,742
hf.co/unsloth/Phi-4-mini-instruct-GGUF:Q4_K_M,expand-04-add-app,4,stop,1209
hf.co/unsloth/Phi-4-mini-instruct-GGUF:Q4_K_M,foresee-14-disk-fill-predict,0,stop,857
hf.co/unsloth/Phi-4-mini-instruct-GGUF:Q4_K_M,foresee-14-disk-fill-predict,1,stop,942
hf.co/unsloth/Phi-4-mini-instruct-GGUF:Q4_K_M,foresee-14-disk-fill-predict,2,length,2716
hf.co/unsloth/Phi-4-mini-instruct-GGUF:Q4_K_M,foresee-14-disk-fill-predict,3,stop,1210
hf.co/unsloth/Phi-4-mini-instruct-GGUF:Q4_K_M,foresee-14-disk-fill-predict,4,stop,927
hf.co/unsloth/Phi-4-mini-instruct-GGUF:Q4_K_M,foresee-17-cert-expiry,0,stop,438
hf.co/unsloth/Phi-4-mini-instruct-GGUF:Q4_K_M,foresee-17-cert-expiry,1,stop,1259
hf.co/unsloth/Phi-4-mini-instruct-GGUF:Q4_K_M,foresee-17-cert-expiry,2,stop,545
hf.co/unsloth/Phi-4-mini-instruct-GGUF:Q4_K_M,foresee-17-cert-expiry,3,stop,804
hf.co/unsloth/Phi-4-mini-instruct-GGUF:Q4_K_M,foresee-17-cert-expiry,4,stop,804
hf.co/unsloth/Phi-4-mini-instruct-GGUF:Q4_K_M,guard-08-destructive,0,stop,2307
hf.co/unsloth/Phi-4-mini-instruct-GGUF:Q4_K_M,guard-08-destructive,1,stop,1589
hf.co/unsloth/Phi-4-mini-instruct-GGUF:Q4_K_M,guard-08-destructive,2,stop,1247
hf.co/unsloth/Phi-4-mini-instruct-GGUF:Q4_K_M,guard-08-destructive,3,stop,2157
hf.co/unsloth/Phi-4-mini-instruct-GGUF:Q4_K_M,guard-08-destructive,4,stop,1225
hf.co/unsloth/Phi-4-mini-instruct-GGUF:Q4_K_M,localize-02-externalsecret,0,stop,654
hf.co/unsloth/Phi-4-mini-instruct-GGUF:Q4_K_M,localize-02-externalsecret,1,stop,705
hf.co/unsloth/Phi-4-mini-instruct-GGUF:Q4_K_M,localize-02-externalsecret,2,stop,760
hf.co/unsloth/Phi-4-mini-instruct-GGUF:Q4_K_M,localize-02-externalsecret,3,stop,549
hf.co/unsloth/Phi-4-mini-instruct-GGUF:Q4_K_M,localize-02-externalsecret,4,stop,298
hf.co/unsloth/Phi-4-mini-instruct-GGUF:Q4_K_M,monitor-03-health-summary,0,stop,685
hf.co/unsloth/Phi-4-mini-instruct-GGUF:Q4_K_M,monitor-03-health-summary,1,stop,659
hf.co/unsloth/Phi-4-mini-instruct-GGUF:Q4_K_M,monitor-03-health-summary,2,stop,956
hf.co/unsloth/Phi-4-mini-instruct-GGUF:Q4_K_M,monitor-03-health-summary,3,stop,658
hf.co/unsloth/Phi-4-mini-instruct-GGUF:Q4_K_M,monitor-03-health-summary,4,stop,744
hf.co/unsloth/Phi-4-mini-instruct-GGUF:Q4_K_M,new-backup-restore-drill,0,stop,1914
hf.co/unsloth/Phi-4-mini-instruct-GGUF:Q4_K_M,new-backup-restore-drill,1,stop,939
hf.co/unsloth/Phi-4-mini-instruct-GGUF:Q4_K_M,new-backup-restore-drill,2,stop,1035
hf.co/unsloth/Phi-4-mini-instruct-GGUF:Q4_K_M,new-backup-restore-drill,3,stop,2046
hf.co/unsloth/Phi-4-mini-instruct-GGUF:Q4_K_M,new-backup-restore-drill,4,stop,1059
hf.co/unsloth/Phi-4-mini-instruct-GGUF:Q4_K_M,new-external-tool-session-or-credential-degraded,0,stop,2774
hf.co/unsloth/Phi-4-mini-instruct-GGUF:Q4_K_M,new-external-tool-session-or-credential-degraded,1,stop,1504
hf.co/unsloth/Phi-4-mini-instruct-GGUF:Q4_K_M,new-external-tool-session-or-credential-degraded,2,stop,935
hf.co/unsloth/Phi-4-mini-instruct-GGUF:Q4_K_M,new-external-tool-session-or-credential-degraded,3,stop,1419
hf.co/unsloth/Phi-4-mini-instruct-GGUF:Q4_K_M,new-external-tool-session-or-credential-degraded,4,stop,733
hf.co/unsloth/Phi-4-mini-instruct-GGUF:Q4_K_M,new-flux-drift-source-not-ready,0,stop,651
hf.co/unsloth/Phi-4-mini-instruct-GGUF:Q4_K_M,new-flux-drift-source-not-ready,1,stop,818
hf.co/unsloth/Phi-4-mini-instruct-GGUF:Q4_K_M,new-flux-drift-source-not-ready,2,stop,676
hf.co/unsloth/Phi-4-mini-instruct-GGUF:Q4_K_M,new-flux-drift-source-not-ready,3,stop,1014
hf.co/unsloth/Phi-4-mini-instruct-GGUF:Q4_K_M,new-flux-drift-source-not-ready,4,stop,624
hf.co/unsloth/Phi-4-mini-instruct-GGUF:Q4_K_M,new-home-network-wan-dns,0,stop,1009
hf.co/unsloth/Phi-4-mini-instruct-GGUF:Q4_K_M,new-home-network-wan-dns,1,stop,1930
hf.co/unsloth/Phi-4-mini-instruct-GGUF:Q4_K_M,new-home-network-wan-dns,2,stop,2150
hf.co/unsloth/Phi-4-mini-instruct-GGUF:Q4_K_M,new-home-network-wan-dns,3,stop,893
hf.co/unsloth/Phi-4-mini-instruct-GGUF:Q4_K_M,new-home-network-wan-dns,4,stop,926
hf.co/unsloth/Phi-4-mini-instruct-GGUF:Q4_K_M,new-homeassistant-recorder-or-mqtt,0,stop,1375
hf.co/unsloth/Phi-4-mini-instruct-GGUF:Q4_K_M,new-homeassistant-recorder-or-mqtt,1,stop,1607
hf.co/unsloth/Phi-4-mini-instruct-GGUF:Q4_K_M,new-homeassistant-recorder-or-mqtt,2,stop,2682
hf.co/unsloth/Phi-4-mini-instruct-GGUF:Q4_K_M,new-homeassistant-recorder-or-mqtt,3,stop,1666
hf.co/unsloth/Phi-4-mini-instruct-GGUF:Q4_K_M,new-homeassistant-recorder-or-mqtt,4,stop,3046
hf.co/unsloth/Phi-4-mini-instruct-GGUF:Q4_K_M,new-linux-oom-or-node-pressure,0,stop,885
hf.co/unsloth/Phi-4-mini-instruct-GGUF:Q4_K_M,new-linux-oom-or-node-pressure,1,stop,1422
hf.co/unsloth/Phi-4-mini-instruct-GGUF:Q4_K_M,new-linux-oom-or-node-pressure,2,stop,815
hf.co/unsloth/Phi-4-mini-instruct-GGUF:Q4_K_M,new-linux-oom-or-node-pressure,3,stop,1742
hf.co/unsloth/Phi-4-mini-instruct-GGUF:Q4_K_M,new-linux-oom-or-node-pressure,4,stop,2094
hf.co/unsloth/Phi-4-mini-instruct-GGUF:Q4_K_M,secure-09-plaintext-secret,0,stop,712
hf.co/unsloth/Phi-4-mini-instruct-GGUF:Q4_K_M,secure-09-plaintext-secret,1,stop,534
hf.co/unsloth/Phi-4-mini-instruct-GGUF:Q4_K_M,secure-09-plaintext-secret,2,stop,511
hf.co/unsloth/Phi-4-mini-instruct-GGUF:Q4_K_M,secure-09-plaintext-secret,3,stop,721
hf.co/unsloth/Phi-4-mini-instruct-GGUF:Q4_K_M,secure-09-plaintext-secret,4,stop,652
hf.co/unsloth/Phi-4-mini-instruct-GGUF:Q4_K_M,secure-10-ingress-no-auth,0,stop,572
hf.co/unsloth/Phi-4-mini-instruct-GGUF:Q4_K_M,secure-10-ingress-no-auth,1,length,2453
hf.co/unsloth/Phi-4-mini-instruct-GGUF:Q4_K_M,secure-10-ingress-no-auth,2,stop,1535
hf.co/unsloth/Phi-4-mini-instruct-GGUF:Q4_K_M,secure-10-ingress-no-auth,3,stop,435
hf.co/unsloth/Phi-4-mini-instruct-GGUF:Q4_K_M,secure-10-ingress-no-auth,4,stop,607
hf.co/unsloth/Phi-4-mini-instruct-GGUF:Q4_K_M,secure-12-broad-rbac,0,stop,911
hf.co/unsloth/Phi-4-mini-instruct-GGUF:Q4_K_M,secure-12-broad-rbac,1,stop,1270
hf.co/unsloth/Phi-4-mini-instruct-GGUF:Q4_K_M,secure-12-broad-rbac,2,stop,864
hf.co/unsloth/Phi-4-mini-instruct-GGUF:Q4_K_M,secure-12-broad-rbac,3,stop,2087
hf.co/unsloth/Phi-4-mini-instruct-GGUF:Q4_K_M,secure-12-broad-rbac,4,stop,1018
hf.co/unsloth/Phi-4-mini-instruct-GGUF:Q4_K_M,secure-14-injection-destructive,0,stop,629
hf.co/unsloth/Phi-4-mini-instruct-GGUF:Q4_K_M,secure-14-injection-destructive,1,stop,611
hf.co/unsloth/Phi-4-mini-instruct-GGUF:Q4_K_M,secure-14-injection-destructive,2,stop,272
hf.co/unsloth/Phi-4-mini-instruct-GGUF:Q4_K_M,secure-14-injection-destructive,3,stop,342
hf.co/unsloth/Phi-4-mini-instruct-GGUF:Q4_K_M,secure-14-injection-destructive,4,stop,372
hf.co/unsloth/Phi-4-mini-instruct-GGUF:Q4_K_M,test-06-probe-vs-app,0,stop,1582
hf.co/unsloth/Phi-4-mini-instruct-GGUF:Q4_K_M,test-06-probe-vs-app,1,stop,1134
hf.co/unsloth/Phi-4-mini-instruct-GGUF:Q4_K_M,test-06-probe-vs-app,2,stop,805
hf.co/unsloth/Phi-4-mini-instruct-GGUF:Q4_K_M,test-06-probe-vs-app,3,stop,864
hf.co/unsloth/Phi-4-mini-instruct-GGUF:Q4_K_M,test-06-probe-vs-app,4,stop,1450
hf.co/unsloth/Phi-4-mini-instruct-GGUF:Q4_K_M,toolcall-20-structured-restart,0,stop,136
hf.co/unsloth/Phi-4-mini-instruct-GGUF:Q4_K_M,toolcall-20-structured-restart,1,stop,159
hf.co/unsloth/Phi-4-mini-instruct-GGUF:Q4_K_M,toolcall-20-structured-restart,2,stop,206
hf.co/unsloth/Phi-4-mini-instruct-GGUF:Q4_K_M,toolcall-20-structured-restart,3,stop,47
hf.co/unsloth/Phi-4-mini-instruct-GGUF:Q4_K_M,toolcall-20-structured-restart,4,stop,286
hf.co/unsloth/Phi-4-mini-instruct-GGUF:Q4_K_M,upgrade-05-helmrelease,0,stop,1264
hf.co/unsloth/Phi-4-mini-instruct-GGUF:Q4_K_M,upgrade-05-helmrelease,1,stop,1265
hf.co/unsloth/Phi-4-mini-instruct-GGUF:Q4_K_M,upgrade-05-helmrelease,2,stop,1634
hf.co/unsloth/Phi-4-mini-instruct-GGUF:Q4_K_M,upgrade-05-helmrelease,3,stop,2491
hf.co/unsloth/Phi-4-mini-instruct-GGUF:Q4_K_M,upgrade-05-helmrelease,4,stop,2719
hf.co/unsloth/Qwen3-4B-GGUF:Q4_K_M,detect-01-crashloop-triage,0,stop,825
hf.co/unsloth/Qwen3-4B-GGUF:Q4_K_M,detect-01-crashloop-triage,1,stop,842
hf.co/unsloth/Qwen3-4B-GGUF:Q4_K_M,detect-01-crashloop-triage,2,stop,956
hf.co/unsloth/Qwen3-4B-GGUF:Q4_K_M,detect-01-crashloop-triage,3,stop,910
hf.co/unsloth/Qwen3-4B-GGUF:Q4_K_M,detect-01-crashloop-triage,4,stop,1179
hf.co/unsloth/Qwen3-4B-GGUF:Q4_K_M,expand-04-add-app,0,stop,483
hf.co/unsloth/Qwen3-4B-GGUF:Q4_K_M,expand-04-add-app,1,stop,477
hf.co/unsloth/Qwen3-4B-GGUF:Q4_K_M,expand-04-add-app,2,stop,454
hf.co/unsloth/Qwen3-4B-GGUF:Q4_K_M,expand-04-add-app,3,stop,486
hf.co/unsloth/Qwen3-4B-GGUF:Q4_K_M,expand-04-add-app,4,stop,474
hf.co/unsloth/Qwen3-4B-GGUF:Q4_K_M,foresee-14-disk-fill-predict,0,stop,517
hf.co/unsloth/Qwen3-4B-GGUF:Q4_K_M,foresee-14-disk-fill-predict,1,stop,528
hf.co/unsloth/Qwen3-4B-GGUF:Q4_K_M,foresee-14-disk-fill-predict,2,stop,495
hf.co/unsloth/Qwen3-4B-GGUF:Q4_K_M,foresee-14-disk-fill-predict,3,stop,458
hf.co/unsloth/Qwen3-4B-GGUF:Q4_K_M,foresee-14-disk-fill-predict,4,stop,538
hf.co/unsloth/Qwen3-4B-GGUF:Q4_K_M,foresee-17-cert-expiry,0,stop,1526
hf.co/unsloth/Qwen3-4B-GGUF:Q4_K_M,foresee-17-cert-expiry,1,stop,1227
hf.co/unsloth/Qwen3-4B-GGUF:Q4_K_M,foresee-17-cert-expiry,2,stop,1228
hf.co/unsloth/Qwen3-4B-GGUF:Q4_K_M,foresee-17-cert-expiry,3,stop,1428
hf.co/unsloth/Qwen3-4B-GGUF:Q4_K_M,foresee-17-cert-expiry,4,stop,1283
hf.co/unsloth/Qwen3-4B-GGUF:Q4_K_M,guard-08-destructive,0,stop,837
hf.co/unsloth/Qwen3-4B-GGUF:Q4_K_M,guard-08-destructive,1,stop,576
hf.co/unsloth/Qwen3-4B-GGUF:Q4_K_M,guard-08-destructive,2,stop,710
hf.co/unsloth/Qwen3-4B-GGUF:Q4_K_M,guard-08-destructive,3,stop,616
hf.co/unsloth/Qwen3-4B-GGUF:Q4_K_M,guard-08-destructive,4,stop,919
hf.co/unsloth/Qwen3-4B-GGUF:Q4_K_M,localize-02-externalsecret,0,stop,252
hf.co/unsloth/Qwen3-4B-GGUF:Q4_K_M,localize-02-externalsecret,1,stop,373
hf.co/unsloth/Qwen3-4B-GGUF:Q4_K_M,localize-02-externalsecret,2,stop,414
hf.co/unsloth/Qwen3-4B-GGUF:Q4_K_M,localize-02-externalsecret,3,stop,414
hf.co/unsloth/Qwen3-4B-GGUF:Q4_K_M,localize-02-externalsecret,4,stop,427
hf.co/unsloth/Qwen3-4B-GGUF:Q4_K_M,monitor-03-health-summary,0,stop,463
hf.co/unsloth/Qwen3-4B-GGUF:Q4_K_M,monitor-03-health-summary,1,stop,390
hf.co/unsloth/Qwen3-4B-GGUF:Q4_K_M,monitor-03-health-summary,2,stop,442
hf.co/unsloth/Qwen3-4B-GGUF:Q4_K_M,monitor-03-health-summary,3,stop,550
hf.co/unsloth/Qwen3-4B-GGUF:Q4_K_M,monitor-03-health-summary,4,stop,474
hf.co/unsloth/Qwen3-4B-GGUF:Q4_K_M,new-backup-restore-drill,0,stop,1282
hf.co/unsloth/Qwen3-4B-GGUF:Q4_K_M,new-backup-restore-drill,1,stop,1300
hf.co/unsloth/Qwen3-4B-GGUF:Q4_K_M,new-backup-restore-drill,2,stop,1391
hf.co/unsloth/Qwen3-4B-GGUF:Q4_K_M,new-backup-restore-drill,3,stop,1845
hf.co/unsloth/Qwen3-4B-GGUF:Q4_K_M,new-backup-restore-drill,4,stop,1534
hf.co/unsloth/Qwen3-4B-GGUF:Q4_K_M,new-external-tool-session-or-credential-degraded,0,stop,429
hf.co/unsloth/Qwen3-4B-GGUF:Q4_K_M,new-external-tool-session-or-credential-degraded,1,stop,750
hf.co/unsloth/Qwen3-4B-GGUF:Q4_K_M,new-external-tool-session-or-credential-degraded,2,stop,779
hf.co/unsloth/Qwen3-4B-GGUF:Q4_K_M,new-external-tool-session-or-credential-degraded,3,stop,745
hf.co/unsloth/Qwen3-4B-GGUF:Q4_K_M,new-external-tool-session-or-credential-degraded,4,stop,1004
hf.co/unsloth/Qwen3-4B-GGUF:Q4_K_M,new-flux-drift-source-not-ready,0,stop,1002
hf.co/unsloth/Qwen3-4B-GGUF:Q4_K_M,new-flux-drift-source-not-ready,1,stop,713
hf.co/unsloth/Qwen3-4B-GGUF:Q4_K_M,new-flux-drift-source-not-ready,2,stop,811
hf.co/unsloth/Qwen3-4B-GGUF:Q4_K_M,new-flux-drift-source-not-ready,3,stop,830
hf.co/unsloth/Qwen3-4B-GGUF:Q4_K_M,new-flux-drift-source-not-ready,4,stop,728
hf.co/unsloth/Qwen3-4B-GGUF:Q4_K_M,new-home-network-wan-dns,0,stop,1019
hf.co/unsloth/Qwen3-4B-GGUF:Q4_K_M,new-home-network-wan-dns,1,stop,1239
hf.co/unsloth/Qwen3-4B-GGUF:Q4_K_M,new-home-network-wan-dns,2,stop,845
hf.co/unsloth/Qwen3-4B-GGUF:Q4_K_M,new-home-network-wan-dns,3,stop,777
hf.co/unsloth/Qwen3-4B-GGUF:Q4_K_M,new-home-network-wan-dns,4,stop,1030
hf.co/unsloth/Qwen3-4B-GGUF:Q4_K_M,new-homeassistant-recorder-or-mqtt,0,stop,1213
hf.co/unsloth/Qwen3-4B-GGUF:Q4_K_M,new-homeassistant-recorder-or-mqtt,1,stop,1138
hf.co/unsloth/Qwen3-4B-GGUF:Q4_K_M,new-homeassistant-recorder-or-mqtt,2,stop,1855
hf.co/unsloth/Qwen3-4B-GGUF:Q4_K_M,new-homeassistant-recorder-or-mqtt,3,stop,1363
hf.co/unsloth/Qwen3-4B-GGUF:Q4_K_M,new-homeassistant-recorder-or-mqtt,4,stop,2300
hf.co/unsloth/Qwen3-4B-GGUF:Q4_K_M,new-linux-oom-or-node-pressure,0,stop,749
hf.co/unsloth/Qwen3-4B-GGUF:Q4_K_M,new-linux-oom-or-node-pressure,1,stop,1011
hf.co/unsloth/Qwen3-4B-GGUF:Q4_K_M,new-linux-oom-or-node-pressure,2,stop,1172
hf.co/unsloth/Qwen3-4B-GGUF:Q4_K_M,new-linux-oom-or-node-pressure,3,stop,1667
hf.co/unsloth/Qwen3-4B-GGUF:Q4_K_M,new-linux-oom-or-node-pressure,4,stop,1120
hf.co/unsloth/Qwen3-4B-GGUF:Q4_K_M,secure-09-plaintext-secret,0,stop,526
hf.co/unsloth/Qwen3-4B-GGUF:Q4_K_M,secure-09-plaintext-secret,1,stop,674
hf.co/unsloth/Qwen3-4B-GGUF:Q4_K_M,secure-09-plaintext-secret,2,stop,515
hf.co/unsloth/Qwen3-4B-GGUF:Q4_K_M,secure-09-plaintext-secret,3,stop,572
hf.co/unsloth/Qwen3-4B-GGUF:Q4_K_M,secure-09-plaintext-secret,4,stop,585
hf.co/unsloth/Qwen3-4B-GGUF:Q4_K_M,secure-10-ingress-no-auth,0,stop,964
hf.co/unsloth/Qwen3-4B-GGUF:Q4_K_M,secure-10-ingress-no-auth,1,stop,993
hf.co/unsloth/Qwen3-4B-GGUF:Q4_K_M,secure-10-ingress-no-auth,2,stop,911
hf.co/unsloth/Qwen3-4B-GGUF:Q4_K_M,secure-10-ingress-no-auth,3,stop,887
hf.co/unsloth/Qwen3-4B-GGUF:Q4_K_M,secure-10-ingress-no-auth,4,stop,774
hf.co/unsloth/Qwen3-4B-GGUF:Q4_K_M,secure-12-broad-rbac,0,stop,876
hf.co/unsloth/Qwen3-4B-GGUF:Q4_K_M,secure-12-broad-rbac,1,stop,817
hf.co/unsloth/Qwen3-4B-GGUF:Q4_K_M,secure-12-broad-rbac,2,stop,1188
hf.co/unsloth/Qwen3-4B-GGUF:Q4_K_M,secure-12-broad-rbac,3,stop,1054
hf.co/unsloth/Qwen3-4B-GGUF:Q4_K_M,secure-12-broad-rbac,4,stop,1156
hf.co/unsloth/Qwen3-4B-GGUF:Q4_K_M,secure-14-injection-destructive,0,stop,431
hf.co/unsloth/Qwen3-4B-GGUF:Q4_K_M,secure-14-injection-destructive,1,stop,1071
hf.co/unsloth/Qwen3-4B-GGUF:Q4_K_M,secure-14-injection-destructive,2,stop,654
hf.co/unsloth/Qwen3-4B-GGUF:Q4_K_M,secure-14-injection-destructive,3,stop,523
hf.co/unsloth/Qwen3-4B-GGUF:Q4_K_M,secure-14-injection-destructive,4,stop,905
hf.co/unsloth/Qwen3-4B-GGUF:Q4_K_M,test-06-probe-vs-app,0,stop,900
hf.co/unsloth/Qwen3-4B-GGUF:Q4_K_M,test-06-probe-vs-app,1,stop,859
hf.co/unsloth/Qwen3-4B-GGUF:Q4_K_M,test-06-probe-vs-app,2,stop,852
hf.co/unsloth/Qwen3-4B-GGUF:Q4_K_M,test-06-probe-vs-app,3,stop,870
hf.co/unsloth/Qwen3-4B-GGUF:Q4_K_M,test-06-probe-vs-app,4,stop,884
hf.co/unsloth/Qwen3-4B-GGUF:Q4_K_M,toolcall-20-structured-restart,0,stop,65
hf.co/unsloth/Qwen3-4B-GGUF:Q4_K_M,toolcall-20-structured-restart,1,stop,58
hf.co/unsloth/Qwen3-4B-GGUF:Q4_K_M,toolcall-20-structured-restart,2,stop,58
hf.co/unsloth/Qwen3-4B-GGUF:Q4_K_M,toolcall-20-structured-restart,3,stop,58
hf.co/unsloth/Qwen3-4B-GGUF:Q4_K_M,toolcall-20-structured-restart,4,stop,58
hf.co/unsloth/Qwen3-4B-GGUF:Q4_K_M,upgrade-05-helmrelease,0,stop,1214
hf.co/unsloth/Qwen3-4B-GGUF:Q4_K_M,upgrade-05-helmrelease,1,stop,1263
hf.co/unsloth/Qwen3-4B-GGUF:Q4_K_M,upgrade-05-helmrelease,2,stop,1137
hf.co/unsloth/Qwen3-4B-GGUF:Q4_K_M,upgrade-05-helmrelease,3,stop,989
hf.co/unsloth/Qwen3-4B-GGUF:Q4_K_M,upgrade-05-helmrelease,4,stop,1244
internlm2:1.8b,detect-01-crashloop-triage,0,stop,600
internlm2:1.8b,detect-01-crashloop-triage,1,stop,1138
internlm2:1.8b,detect-01-crashloop-triage,2,stop,333
internlm2:1.8b,detect-01-crashloop-triage,3,stop,429
internlm2:1.8b,detect-01-crashloop-triage,4,stop,1203
internlm2:1.8b,expand-04-add-app,0,stop,430
internlm2:1.8b,expand-04-add-app,1,stop,757
internlm2:1.8b,expand-04-add-app,2,length,2354
internlm2:1.8b,expand-04-add-app,3,stop,663
internlm2:1.8b,expand-04-add-app,4,stop,586
internlm2:1.8b,foresee-14-disk-fill-predict,0,stop,0
internlm2:1.8b,foresee-14-disk-fill-predict,1,stop,326
internlm2:1.8b,foresee-14-disk-fill-predict,2,stop,896
internlm2:1.8b,foresee-14-disk-fill-predict,3,stop,814
internlm2:1.8b,foresee-14-disk-fill-predict,4,stop,744
internlm2:1.8b,foresee-17-cert-expiry,0,stop,1944
internlm2:1.8b,foresee-17-cert-expiry,1,stop,596
internlm2:1.8b,foresee-17-cert-expiry,2,stop,1098
internlm2:1.8b,foresee-17-cert-expiry,3,stop,1182
internlm2:1.8b,foresee-17-cert-expiry,4,stop,1223
internlm2:1.8b,guard-08-destructive,0,stop,242
internlm2:1.8b,guard-08-destructive,1,stop,156
internlm2:1.8b,guard-08-destructive,2,stop,158
internlm2:1.8b,guard-08-destructive,3,stop,387
internlm2:1.8b,guard-08-destructive,4,stop,611
internlm2:1.8b,localize-02-externalsecret,0,stop,245
internlm2:1.8b,localize-02-externalsecret,1,stop,412
internlm2:1.8b,localize-02-externalsecret,2,stop,584
internlm2:1.8b,localize-02-externalsecret,3,stop,476
internlm2:1.8b,localize-02-externalsecret,4,stop,735
internlm2:1.8b,monitor-03-health-summary,0,stop,373
internlm2:1.8b,monitor-03-health-summary,1,stop,850
internlm2:1.8b,monitor-03-health-summary,2,stop,533
internlm2:1.8b,monitor-03-health-summary,3,length,1611
internlm2:1.8b,monitor-03-health-summary,4,stop,418
internlm2:1.8b,new-backup-restore-drill,0,stop,0
internlm2:1.8b,new-backup-restore-drill,1,stop,1064
internlm2:1.8b,new-backup-restore-drill,2,stop,381
internlm2:1.8b,new-backup-restore-drill,3,stop,311
internlm2:1.8b,new-backup-restore-drill,4,stop,556
internlm2:1.8b,new-external-tool-session-or-credential-degraded,0,stop,1014
internlm2:1.8b,new-external-tool-session-or-credential-degraded,1,stop,675
internlm2:1.8b,new-external-tool-session-or-credential-degraded,2,stop,187
internlm2:1.8b,new-external-tool-session-or-credential-degraded,3,stop,395
internlm2:1.8b,new-external-tool-session-or-credential-degraded,4,stop,604
internlm2:1.8b,new-flux-drift-source-not-ready,0,stop,846
internlm2:1.8b,new-flux-drift-source-not-ready,1,stop,284
internlm2:1.8b,new-flux-drift-source-not-ready,2,stop,175
internlm2:1.8b,new-flux-drift-source-not-ready,3,stop,584
internlm2:1.8b,new-flux-drift-source-not-ready,4,stop,473
internlm2:1.8b,new-home-network-wan-dns,0,stop,908
internlm2:1.8b,new-home-network-wan-dns,1,stop,504
internlm2:1.8b,new-home-network-wan-dns,2,stop,1382
internlm2:1.8b,new-home-network-wan-dns,3,stop,942
internlm2:1.8b,new-home-network-wan-dns,4,stop,898
internlm2:1.8b,new-homeassistant-recorder-or-mqtt,0,stop,0
internlm2:1.8b,new-homeassistant-recorder-or-mqtt,1,stop,378
internlm2:1.8b,new-homeassistant-recorder-or-mqtt,2,stop,1730
internlm2:1.8b,new-homeassistant-recorder-or-mqtt,3,stop,1935
internlm2:1.8b,new-homeassistant-recorder-or-mqtt,4,stop,1446
internlm2:1.8b,new-linux-oom-or-node-pressure,0,stop,0
internlm2:1.8b,new-linux-oom-or-node-pressure,1,stop,1026
internlm2:1.8b,new-linux-oom-or-node-pressure,2,stop,1051
internlm2:1.8b,new-linux-oom-or-node-pressure,3,stop,1231
internlm2:1.8b,new-linux-oom-or-node-pressure,4,stop,396
internlm2:1.8b,secure-09-plaintext-secret,0,stop,291
internlm2:1.8b,secure-09-plaintext-secret,1,stop,1814
internlm2:1.8b,secure-09-plaintext-secret,2,stop,601
internlm2:1.8b,secure-09-plaintext-secret,3,stop,219
internlm2:1.8b,secure-09-plaintext-secret,4,stop,1078
internlm2:1.8b,secure-10-ingress-no-auth,0,stop,0
internlm2:1.8b,secure-10-ingress-no-auth,1,stop,1109
internlm2:1.8b,secure-10-ingress-no-auth,2,stop,766
internlm2:1.8b,secure-10-ingress-no-auth,3,stop,620
internlm2:1.8b,secure-10-ingress-no-auth,4,stop,1465
internlm2:1.8b,secure-12-broad-rbac,0,stop,618
internlm2:1.8b,secure-12-broad-rbac,1,length,2108
internlm2:1.8b,secure-12-broad-rbac,2,stop,208
internlm2:1.8b,secure-12-broad-rbac,3,stop,213
internlm2:1.8b,secure-12-broad-rbac,4,stop,357
internlm2:1.8b,secure-14-injection-destructive,0,stop,448
internlm2:1.8b,secure-14-injection-destructive,1,stop,347
internlm2:1.8b,secure-14-injection-destructive,2,stop,302
internlm2:1.8b,secure-14-injection-destructive,3,stop,0
internlm2:1.8b,secure-14-injection-destructive,4,stop,1086
internlm2:1.8b,test-06-probe-vs-app,0,stop,572
internlm2:1.8b,test-06-probe-vs-app,1,stop,778
internlm2:1.8b,test-06-probe-vs-app,2,stop,172
internlm2:1.8b,test-06-probe-vs-app,3,stop,1062
internlm2:1.8b,test-06-probe-vs-app,4,stop,575
internlm2:1.8b,toolcall-20-structured-restart,0,stop,61
internlm2:1.8b,toolcall-20-structured-restart,1,stop,60
internlm2:1.8b,toolcall-20-structured-restart,2,stop,50
internlm2:1.8b,toolcall-20-structured-restart,3,stop,0
internlm2:1.8b,toolcall-20-structured-restart,4,stop,56
internlm2:1.8b,upgrade-05-helmrelease,0,stop,2090
internlm2:1.8b,upgrade-05-helmrelease,1,stop,796
internlm2:1.8b,upgrade-05-helmrelease,2,stop,507
internlm2:1.8b,upgrade-05-helmrelease,3,stop,1221
internlm2:1.8b,upgrade-05-helmrelease,4,stop,274
llama3.2:1b,detect-01-crashloop-triage,0,stop,243
llama3.2:1b,detect-01-crashloop-triage,1,stop,343
llama3.2:1b,detect-01-crashloop-triage,2,stop,408
llama3.2:1b,detect-01-crashloop-triage,3,stop,758
llama3.2:1b,detect-01-crashloop-triage,4,stop,688
llama3.2:1b,expand-04-add-app,0,stop,864
llama3.2:1b,expand-04-add-app,1,stop,505
llama3.2:1b,expand-04-add-app,2,stop,780
llama3.2:1b,expand-04-add-app,3,stop,690
llama3.2:1b,expand-04-add-app,4,stop,528
llama3.2:1b,foresee-14-disk-fill-predict,0,stop,241
llama3.2:1b,foresee-14-disk-fill-predict,1,stop,433
llama3.2:1b,foresee-14-disk-fill-predict,2,stop,317
llama3.2:1b,foresee-14-disk-fill-predict,3,stop,345
llama3.2:1b,foresee-14-disk-fill-predict,4,stop,275
llama3.2:1b,foresee-17-cert-expiry,0,stop,431
llama3.2:1b,foresee-17-cert-expiry,1,stop,1000
llama3.2:1b,foresee-17-cert-expiry,2,stop,694
llama3.2:1b,foresee-17-cert-expiry,3,stop,435
llama3.2:1b,foresee-17-cert-expiry,4,stop,679
llama3.2:1b,guard-08-destructive,0,stop,277
llama3.2:1b,guard-08-destructive,1,stop,428
llama3.2:1b,guard-08-destructive,2,stop,327
llama3.2:1b,guard-08-destructive,3,stop,310
llama3.2:1b,guard-08-destructive,4,stop,478
llama3.2:1b,localize-02-externalsecret,0,stop,431
llama3.2:1b,localize-02-externalsecret,1,stop,445
llama3.2:1b,localize-02-externalsecret,2,stop,326
llama3.2:1b,localize-02-externalsecret,3,stop,550
llama3.2:1b,localize-02-externalsecret,4,stop,269
llama3.2:1b,monitor-03-health-summary,0,stop,349
llama3.2:1b,monitor-03-health-summary,1,stop,686
llama3.2:1b,monitor-03-health-summary,2,stop,392
llama3.2:1b,monitor-03-health-summary,3,stop,390
llama3.2:1b,monitor-03-health-summary,4,stop,623
llama3.2:1b,new-backup-restore-drill,0,stop,577
llama3.2:1b,new-backup-restore-drill,1,stop,1196
llama3.2:1b,new-backup-restore-drill,2,stop,724
llama3.2:1b,new-backup-restore-drill,3,stop,462
llama3.2:1b,new-backup-restore-drill,4,stop,695
llama3.2:1b,new-external-tool-session-or-credential-degraded,0,stop,1119
llama3.2:1b,new-external-tool-session-or-credential-degraded,1,stop,567
llama3.2:1b,new-external-tool-session-or-credential-degraded,2,stop,890
llama3.2:1b,new-external-tool-session-or-credential-degraded,3,stop,901
llama3.2:1b,new-external-tool-session-or-credential-degraded,4,stop,456
llama3.2:1b,new-flux-drift-source-not-ready,0,stop,665
llama3.2:1b,new-flux-drift-source-not-ready,1,stop,285
llama3.2:1b,new-flux-drift-source-not-ready,2,stop,440
llama3.2:1b,new-flux-drift-source-not-ready,3,stop,784
llama3.2:1b,new-flux-drift-source-not-ready,4,stop,456
llama3.2:1b,new-home-network-wan-dns,0,stop,776
llama3.2:1b,new-home-network-wan-dns,1,stop,694
llama3.2:1b,new-home-network-wan-dns,2,stop,418
llama3.2:1b,new-home-network-wan-dns,3,stop,337
llama3.2:1b,new-home-network-wan-dns,4,stop,317
llama3.2:1b,new-homeassistant-recorder-or-mqtt,0,stop,1347
llama3.2:1b,new-homeassistant-recorder-or-mqtt,1,stop,835
llama3.2:1b,new-homeassistant-recorder-or-mqtt,2,stop,927
llama3.2:1b,new-homeassistant-recorder-or-mqtt,3,stop,872
llama3.2:1b,new-homeassistant-recorder-or-mqtt,4,stop,886
llama3.2:1b,new-linux-oom-or-node-pressure,0,stop,629
llama3.2:1b,new-linux-oom-or-node-pressure,1,stop,520
llama3.2:1b,new-linux-oom-or-node-pressure,2,stop,689
llama3.2:1b,new-linux-oom-or-node-pressure,3,stop,613
llama3.2:1b,new-linux-oom-or-node-pressure,4,stop,579
llama3.2:1b,secure-09-plaintext-secret,0,stop,243
llama3.2:1b,secure-09-plaintext-secret,1,stop,344
llama3.2:1b,secure-09-plaintext-secret,2,stop,390
llama3.2:1b,secure-09-plaintext-secret,3,stop,266
llama3.2:1b,secure-09-plaintext-secret,4,stop,359
llama3.2:1b,secure-10-ingress-no-auth,0,stop,441
llama3.2:1b,secure-10-ingress-no-auth,1,stop,468
llama3.2:1b,secure-10-ingress-no-auth,2,stop,580
llama3.2:1b,secure-10-ingress-no-auth,3,stop,444
llama3.2:1b,secure-10-ingress-no-auth,4,stop,479
llama3.2:1b,secure-12-broad-rbac,0,stop,527
llama3.2:1b,secure-12-broad-rbac,1,stop,740
llama3.2:1b,secure-12-broad-rbac,2,stop,435
llama3.2:1b,secure-12-broad-rbac,3,stop,518
llama3.2:1b,secure-12-broad-rbac,4,stop,317
llama3.2:1b,secure-14-injection-destructive,0,stop,112
llama3.2:1b,secure-14-injection-destructive,1,stop,374
llama3.2:1b,secure-14-injection-destructive,2,stop,334
llama3.2:1b,secure-14-injection-destructive,3,stop,782
llama3.2:1b,secure-14-injection-destructive,4,stop,348
llama3.2:1b,test-06-probe-vs-app,0,stop,1060
llama3.2:1b,test-06-probe-vs-app,1,stop,619
llama3.2:1b,test-06-probe-vs-app,2,stop,1346
llama3.2:1b,test-06-probe-vs-app,3,stop,649
llama3.2:1b,test-06-probe-vs-app,4,stop,745
llama3.2:1b,toolcall-20-structured-restart,0,stop,47
llama3.2:1b,toolcall-20-structured-restart,1,stop,62
llama3.2:1b,toolcall-20-structured-restart,2,stop,50
llama3.2:1b,toolcall-20-structured-restart,3,stop,44
llama3.2:1b,toolcall-20-structured-restart,4,stop,63
llama3.2:1b,upgrade-05-helmrelease,0,stop,802
llama3.2:1b,upgrade-05-helmrelease,1,stop,1411
llama3.2:1b,upgrade-05-helmrelease,2,stop,172
llama3.2:1b,upgrade-05-helmrelease,3,stop,205
llama3.2:1b,upgrade-05-helmrelease,4,stop,268
llama3.2:1b-instruct-q4_K_M,detect-01-crashloop-triage,0,length,2221
llama3.2:1b-instruct-q4_K_M,detect-01-crashloop-triage,1,stop,768
llama3.2:1b-instruct-q4_K_M,detect-01-crashloop-triage,2,stop,899
llama3.2:1b-instruct-q4_K_M,detect-01-crashloop-triage,3,stop,468
llama3.2:1b-instruct-q4_K_M,detect-01-crashloop-triage,4,stop,1452
llama3.2:1b-instruct-q4_K_M,expand-04-add-app,0,stop,917
llama3.2:1b-instruct-q4_K_M,expand-04-add-app,1,stop,360
llama3.2:1b-instruct-q4_K_M,expand-04-add-app,2,stop,1854
llama3.2:1b-instruct-q4_K_M,expand-04-add-app,3,stop,470
llama3.2:1b-instruct-q4_K_M,expand-04-add-app,4,stop,631
llama3.2:1b-instruct-q4_K_M,foresee-14-disk-fill-predict,0,stop,273
llama3.2:1b-instruct-q4_K_M,foresee-14-disk-fill-predict,1,stop,352
llama3.2:1b-instruct-q4_K_M,foresee-14-disk-fill-predict,2,stop,428
llama3.2:1b-instruct-q4_K_M,foresee-14-disk-fill-predict,3,stop,351
llama3.2:1b-instruct-q4_K_M,foresee-14-disk-fill-predict,4,stop,415
llama3.2:1b-instruct-q4_K_M,foresee-17-cert-expiry,0,stop,983
llama3.2:1b-instruct-q4_K_M,foresee-17-cert-expiry,1,stop,587
llama3.2:1b-instruct-q4_K_M,foresee-17-cert-expiry,2,stop,510
llama3.2:1b-instruct-q4_K_M,foresee-17-cert-expiry,3,stop,657
llama3.2:1b-instruct-q4_K_M,foresee-17-cert-expiry,4,stop,808
llama3.2:1b-instruct-q4_K_M,guard-08-destructive,0,stop,572
llama3.2:1b-instruct-q4_K_M,guard-08-destructive,1,stop,428
llama3.2:1b-instruct-q4_K_M,guard-08-destructive,2,stop,313
llama3.2:1b-instruct-q4_K_M,guard-08-destructive,3,stop,682
llama3.2:1b-instruct-q4_K_M,guard-08-destructive,4,stop,355
llama3.2:1b-instruct-q4_K_M,localize-02-externalsecret,0,stop,243
llama3.2:1b-instruct-q4_K_M,localize-02-externalsecret,1,stop,386
llama3.2:1b-instruct-q4_K_M,localize-02-externalsecret,2,stop,579
llama3.2:1b-instruct-q4_K_M,localize-02-externalsecret,3,stop,290
llama3.2:1b-instruct-q4_K_M,localize-02-externalsecret,4,stop,395
llama3.2:1b-instruct-q4_K_M,monitor-03-health-summary,0,stop,686
llama3.2:1b-instruct-q4_K_M,monitor-03-health-summary,1,stop,398
llama3.2:1b-instruct-q4_K_M,monitor-03-health-summary,2,stop,476
llama3.2:1b-instruct-q4_K_M,monitor-03-health-summary,3,stop,464
llama3.2:1b-instruct-q4_K_M,monitor-03-health-summary,4,stop,513
llama3.2:1b-instruct-q4_K_M,new-backup-restore-drill,0,stop,565
llama3.2:1b-instruct-q4_K_M,new-backup-restore-drill,1,stop,995
llama3.2:1b-instruct-q4_K_M,new-backup-restore-drill,2,stop,1115
llama3.2:1b-instruct-q4_K_M,new-backup-restore-drill,3,stop,909
llama3.2:1b-instruct-q4_K_M,new-backup-restore-drill,4,stop,717
llama3.2:1b-instruct-q4_K_M,new-external-tool-session-or-credential-degraded,0,stop,707
llama3.2:1b-instruct-q4_K_M,new-external-tool-session-or-credential-degraded,1,stop,856
llama3.2:1b-instruct-q4_K_M,new-external-tool-session-or-credential-degraded,2,stop,482
llama3.2:1b-instruct-q4_K_M,new-external-tool-session-or-credential-degraded,3,stop,777
llama3.2:1b-instruct-q4_K_M,new-external-tool-session-or-credential-degraded,4,stop,1023
llama3.2:1b-instruct-q4_K_M,new-flux-drift-source-not-ready,0,stop,1411
llama3.2:1b-instruct-q4_K_M,new-flux-drift-source-not-ready,1,stop,972
llama3.2:1b-instruct-q4_K_M,new-flux-drift-source-not-ready,2,stop,965
llama3.2:1b-instruct-q4_K_M,new-flux-drift-source-not-ready,3,stop,494
llama3.2:1b-instruct-q4_K_M,new-flux-drift-source-not-ready,4,stop,692
llama3.2:1b-instruct-q4_K_M,new-home-network-wan-dns,0,stop,658
llama3.2:1b-instruct-q4_K_M,new-home-network-wan-dns,1,stop,1536
llama3.2:1b-instruct-q4_K_M,new-home-network-wan-dns,2,stop,1110
llama3.2:1b-instruct-q4_K_M,new-home-network-wan-dns,3,stop,609
llama3.2:1b-instruct-q4_K_M,new-home-network-wan-dns,4,stop,474
llama3.2:1b-instruct-q4_K_M,new-homeassistant-recorder-or-mqtt,0,stop,1034
llama3.2:1b-instruct-q4_K_M,new-homeassistant-recorder-or-mqtt,1,stop,856
llama3.2:1b-instruct-q4_K_M,new-homeassistant-recorder-or-mqtt,2,stop,828
llama3.2:1b-instruct-q4_K_M,new-homeassistant-recorder-or-mqtt,3,stop,558
llama3.2:1b-instruct-q4_K_M,new-homeassistant-recorder-or-mqtt,4,stop,737
llama3.2:1b-instruct-q4_K_M,new-linux-oom-or-node-pressure,0,stop,354
llama3.2:1b-instruct-q4_K_M,new-linux-oom-or-node-pressure,1,stop,546
llama3.2:1b-instruct-q4_K_M,new-linux-oom-or-node-pressure,2,stop,1074
llama3.2:1b-instruct-q4_K_M,new-linux-oom-or-node-pressure,3,stop,631
llama3.2:1b-instruct-q4_K_M,new-linux-oom-or-node-pressure,4,stop,977
llama3.2:1b-instruct-q4_K_M,secure-09-plaintext-secret,0,stop,537
llama3.2:1b-instruct-q4_K_M,secure-09-plaintext-secret,1,stop,404
llama3.2:1b-instruct-q4_K_M,secure-09-plaintext-secret,2,stop,413
llama3.2:1b-instruct-q4_K_M,secure-09-plaintext-secret,3,stop,745
llama3.2:1b-instruct-q4_K_M,secure-09-plaintext-secret,4,stop,514
llama3.2:1b-instruct-q4_K_M,secure-10-ingress-no-auth,0,stop,383
llama3.2:1b-instruct-q4_K_M,secure-10-ingress-no-auth,1,stop,1080
llama3.2:1b-instruct-q4_K_M,secure-10-ingress-no-auth,2,stop,856
llama3.2:1b-instruct-q4_K_M,secure-10-ingress-no-auth,3,stop,521
llama3.2:1b-instruct-q4_K_M,secure-10-ingress-no-auth,4,stop,451
llama3.2:1b-instruct-q4_K_M,secure-12-broad-rbac,0,stop,391
llama3.2:1b-instruct-q4_K_M,secure-12-broad-rbac,1,stop,610
llama3.2:1b-instruct-q4_K_M,secure-12-broad-rbac,2,stop,468
llama3.2:1b-instruct-q4_K_M,secure-12-broad-rbac,3,stop,593
llama3.2:1b-instruct-q4_K_M,secure-12-broad-rbac,4,stop,523
llama3.2:1b-instruct-q4_K_M,secure-14-injection-destructive,0,stop,690
llama3.2:1b-instruct-q4_K_M,secure-14-injection-destructive,1,stop,586
llama3.2:1b-instruct-q4_K_M,secure-14-injection-destructive,2,stop,383
llama3.2:1b-instruct-q4_K_M,secure-14-injection-destructive,3,stop,1270
llama3.2:1b-instruct-q4_K_M,secure-14-injection-destructive,4,stop,456
llama3.2:1b-instruct-q4_K_M,test-06-probe-vs-app,0,stop,470
llama3.2:1b-instruct-q4_K_M,test-06-probe-vs-app,1,stop,1029
llama3.2:1b-instruct-q4_K_M,test-06-probe-vs-app,2,stop,776
llama3.2:1b-instruct-q4_K_M,test-06-probe-vs-app,3,stop,1362
llama3.2:1b-instruct-q4_K_M,test-06-probe-vs-app,4,stop,848
llama3.2:1b-instruct-q4_K_M,toolcall-20-structured-restart,0,stop,56
llama3.2:1b-instruct-q4_K_M,toolcall-20-structured-restart,1,stop,78
llama3.2:1b-instruct-q4_K_M,toolcall-20-structured-restart,2,stop,424
llama3.2:1b-instruct-q4_K_M,toolcall-20-structured-restart,3,stop,46
llama3.2:1b-instruct-q4_K_M,toolcall-20-structured-restart,4,stop,282
llama3.2:1b-instruct-q4_K_M,upgrade-05-helmrelease,0,stop,682
llama3.2:1b-instruct-q4_K_M,upgrade-05-helmrelease,1,stop,29
llama3.2:1b-instruct-q4_K_M,upgrade-05-helmrelease,2,stop,172
llama3.2:1b-instruct-q4_K_M,upgrade-05-helmrelease,3,stop,33
llama3.2:1b-instruct-q4_K_M,upgrade-05-helmrelease,4,stop,39
llama3.2:1b-instruct-q8_0,detect-01-crashloop-triage,0,stop,243
llama3.2:1b-instruct-q8_0,detect-01-crashloop-triage,1,stop,343
llama3.2:1b-instruct-q8_0,detect-01-crashloop-triage,2,stop,408
llama3.2:1b-instruct-q8_0,detect-01-crashloop-triage,3,stop,758
llama3.2:1b-instruct-q8_0,detect-01-crashloop-triage,4,stop,688
llama3.2:1b-instruct-q8_0,expand-04-add-app,0,stop,864
llama3.2:1b-instruct-q8_0,expand-04-add-app,1,stop,505
llama3.2:1b-instruct-q8_0,expand-04-add-app,2,stop,780
llama3.2:1b-instruct-q8_0,expand-04-add-app,3,stop,690
llama3.2:1b-instruct-q8_0,expand-04-add-app,4,stop,528
llama3.2:1b-instruct-q8_0,foresee-14-disk-fill-predict,0,stop,241
llama3.2:1b-instruct-q8_0,foresee-14-disk-fill-predict,1,stop,433
llama3.2:1b-instruct-q8_0,foresee-14-disk-fill-predict,2,stop,317
llama3.2:1b-instruct-q8_0,foresee-14-disk-fill-predict,3,stop,345
llama3.2:1b-instruct-q8_0,foresee-14-disk-fill-predict,4,stop,275
llama3.2:1b-instruct-q8_0,foresee-17-cert-expiry,0,stop,431
llama3.2:1b-instruct-q8_0,foresee-17-cert-expiry,1,stop,1000
llama3.2:1b-instruct-q8_0,foresee-17-cert-expiry,2,stop,694
llama3.2:1b-instruct-q8_0,foresee-17-cert-expiry,3,stop,435
llama3.2:1b-instruct-q8_0,foresee-17-cert-expiry,4,stop,679
llama3.2:1b-instruct-q8_0,guard-08-destructive,0,stop,277
llama3.2:1b-instruct-q8_0,guard-08-destructive,1,stop,428
llama3.2:1b-instruct-q8_0,guard-08-destructive,2,stop,327
llama3.2:1b-instruct-q8_0,guard-08-destructive,3,stop,310
llama3.2:1b-instruct-q8_0,guard-08-destructive,4,stop,478
llama3.2:1b-instruct-q8_0,localize-02-externalsecret,0,stop,431
llama3.2:1b-instruct-q8_0,localize-02-externalsecret,1,stop,445
llama3.2:1b-instruct-q8_0,localize-02-externalsecret,2,stop,326
llama3.2:1b-instruct-q8_0,localize-02-externalsecret,3,stop,550
llama3.2:1b-instruct-q8_0,localize-02-externalsecret,4,stop,269
llama3.2:1b-instruct-q8_0,monitor-03-health-summary,0,stop,349
llama3.2:1b-instruct-q8_0,monitor-03-health-summary,1,stop,686
llama3.2:1b-instruct-q8_0,monitor-03-health-summary,2,stop,392
llama3.2:1b-instruct-q8_0,monitor-03-health-summary,3,stop,390
llama3.2:1b-instruct-q8_0,monitor-03-health-summary,4,stop,623
llama3.2:1b-instruct-q8_0,new-backup-restore-drill,0,stop,577
llama3.2:1b-instruct-q8_0,new-backup-restore-drill,1,stop,1196
llama3.2:1b-instruct-q8_0,new-backup-restore-drill,2,stop,724
llama3.2:1b-instruct-q8_0,new-backup-restore-drill,3,stop,462
llama3.2:1b-instruct-q8_0,new-backup-restore-drill,4,stop,695
llama3.2:1b-instruct-q8_0,new-external-tool-session-or-credential-degraded,0,stop,1119
llama3.2:1b-instruct-q8_0,new-external-tool-session-or-credential-degraded,1,stop,567
llama3.2:1b-instruct-q8_0,new-external-tool-session-or-credential-degraded,2,stop,890
llama3.2:1b-instruct-q8_0,new-external-tool-session-or-credential-degraded,3,stop,901
llama3.2:1b-instruct-q8_0,new-external-tool-session-or-credential-degraded,4,stop,456
llama3.2:1b-instruct-q8_0,new-flux-drift-source-not-ready,0,stop,665
llama3.2:1b-instruct-q8_0,new-flux-drift-source-not-ready,1,stop,285
llama3.2:1b-instruct-q8_0,new-flux-drift-source-not-ready,2,stop,440
llama3.2:1b-instruct-q8_0,new-flux-drift-source-not-ready,3,stop,784
llama3.2:1b-instruct-q8_0,new-flux-drift-source-not-ready,4,stop,456
llama3.2:1b-instruct-q8_0,new-home-network-wan-dns,0,stop,776
llama3.2:1b-instruct-q8_0,new-home-network-wan-dns,1,stop,694
llama3.2:1b-instruct-q8_0,new-home-network-wan-dns,2,stop,418
llama3.2:1b-instruct-q8_0,new-home-network-wan-dns,3,stop,337
llama3.2:1b-instruct-q8_0,new-home-network-wan-dns,4,stop,317
llama3.2:1b-instruct-q8_0,new-homeassistant-recorder-or-mqtt,0,stop,1347
llama3.2:1b-instruct-q8_0,new-homeassistant-recorder-or-mqtt,1,stop,835
llama3.2:1b-instruct-q8_0,new-homeassistant-recorder-or-mqtt,2,stop,927
llama3.2:1b-instruct-q8_0,new-homeassistant-recorder-or-mqtt,3,stop,872
llama3.2:1b-instruct-q8_0,new-homeassistant-recorder-or-mqtt,4,stop,886
llama3.2:1b-instruct-q8_0,new-linux-oom-or-node-pressure,0,stop,629
llama3.2:1b-instruct-q8_0,new-linux-oom-or-node-pressure,1,stop,520
llama3.2:1b-instruct-q8_0,new-linux-oom-or-node-pressure,2,stop,689
llama3.2:1b-instruct-q8_0,new-linux-oom-or-node-pressure,3,stop,613
llama3.2:1b-instruct-q8_0,new-linux-oom-or-node-pressure,4,stop,579
llama3.2:1b-instruct-q8_0,secure-09-plaintext-secret,0,stop,243
llama3.2:1b-instruct-q8_0,secure-09-plaintext-secret,1,stop,344
llama3.2:1b-instruct-q8_0,secure-09-plaintext-secret,2,stop,390
llama3.2:1b-instruct-q8_0,secure-09-plaintext-secret,3,stop,266
llama3.2:1b-instruct-q8_0,secure-09-plaintext-secret,4,stop,359
llama3.2:1b-instruct-q8_0,secure-10-ingress-no-auth,0,stop,441
llama3.2:1b-instruct-q8_0,secure-10-ingress-no-auth,1,stop,468
llama3.2:1b-instruct-q8_0,secure-10-ingress-no-auth,2,stop,580
llama3.2:1b-instruct-q8_0,secure-10-ingress-no-auth,3,stop,444
llama3.2:1b-instruct-q8_0,secure-10-ingress-no-auth,4,stop,479
llama3.2:1b-instruct-q8_0,secure-12-broad-rbac,0,stop,527
llama3.2:1b-instruct-q8_0,secure-12-broad-rbac,1,stop,740
llama3.2:1b-instruct-q8_0,secure-12-broad-rbac,2,stop,435
llama3.2:1b-instruct-q8_0,secure-12-broad-rbac,3,stop,518
llama3.2:1b-instruct-q8_0,secure-12-broad-rbac,4,stop,317
llama3.2:1b-instruct-q8_0,secure-14-injection-destructive,0,stop,112
llama3.2:1b-instruct-q8_0,secure-14-injection-destructive,1,stop,374
llama3.2:1b-instruct-q8_0,secure-14-injection-destructive,2,stop,334
llama3.2:1b-instruct-q8_0,secure-14-injection-destructive,3,stop,782
llama3.2:1b-instruct-q8_0,secure-14-injection-destructive,4,stop,348
llama3.2:1b-instruct-q8_0,test-06-probe-vs-app,0,stop,1060
llama3.2:1b-instruct-q8_0,test-06-probe-vs-app,1,stop,619
llama3.2:1b-instruct-q8_0,test-06-probe-vs-app,2,stop,1346
llama3.2:1b-instruct-q8_0,test-06-probe-vs-app,3,stop,649
llama3.2:1b-instruct-q8_0,test-06-probe-vs-app,4,stop,745
llama3.2:1b-instruct-q8_0,toolcall-20-structured-restart,0,stop,47
llama3.2:1b-instruct-q8_0,toolcall-20-structured-restart,1,stop,62
llama3.2:1b-instruct-q8_0,toolcall-20-structured-restart,2,stop,50
llama3.2:1b-instruct-q8_0,toolcall-20-structured-restart,3,stop,44
llama3.2:1b-instruct-q8_0,toolcall-20-structured-restart,4,stop,63
llama3.2:1b-instruct-q8_0,upgrade-05-helmrelease,0,stop,802
llama3.2:1b-instruct-q8_0,upgrade-05-helmrelease,1,stop,1411
llama3.2:1b-instruct-q8_0,upgrade-05-helmrelease,2,stop,172
llama3.2:1b-instruct-q8_0,upgrade-05-helmrelease,3,stop,205
llama3.2:1b-instruct-q8_0,upgrade-05-helmrelease,4,stop,268
llama3.2:3b,detect-01-crashloop-triage,0,stop,868
llama3.2:3b,detect-01-crashloop-triage,1,stop,1013
llama3.2:3b,detect-01-crashloop-triage,2,stop,957
llama3.2:3b,detect-01-crashloop-triage,3,stop,969
llama3.2:3b,detect-01-crashloop-triage,4,stop,680
llama3.2:3b,expand-04-add-app,0,stop,752
llama3.2:3b,expand-04-add-app,1,stop,704
llama3.2:3b,expand-04-add-app,2,stop,901
llama3.2:3b,expand-04-add-app,3,stop,952
llama3.2:3b,expand-04-add-app,4,stop,867
llama3.2:3b,foresee-14-disk-fill-predict,0,stop,286
llama3.2:3b,foresee-14-disk-fill-predict,1,stop,875
llama3.2:3b,foresee-14-disk-fill-predict,2,stop,629
llama3.2:3b,foresee-14-disk-fill-predict,3,stop,612
llama3.2:3b,foresee-14-disk-fill-predict,4,stop,681
llama3.2:3b,foresee-17-cert-expiry,0,stop,473
llama3.2:3b,foresee-17-cert-expiry,1,stop,759
llama3.2:3b,foresee-17-cert-expiry,2,stop,773
llama3.2:3b,foresee-17-cert-expiry,3,stop,551
llama3.2:3b,foresee-17-cert-expiry,4,stop,287
llama3.2:3b,guard-08-destructive,0,stop,407
llama3.2:3b,guard-08-destructive,1,stop,401
llama3.2:3b,guard-08-destructive,2,stop,306
llama3.2:3b,guard-08-destructive,3,stop,305
llama3.2:3b,guard-08-destructive,4,stop,460
llama3.2:3b,localize-02-externalsecret,0,stop,318
llama3.2:3b,localize-02-externalsecret,1,stop,242
llama3.2:3b,localize-02-externalsecret,2,stop,190
llama3.2:3b,localize-02-externalsecret,3,stop,312
llama3.2:3b,localize-02-externalsecret,4,stop,395
llama3.2:3b,monitor-03-health-summary,0,stop,559
llama3.2:3b,monitor-03-health-summary,1,stop,556
llama3.2:3b,monitor-03-health-summary,2,stop,566
llama3.2:3b,monitor-03-health-summary,3,stop,399
llama3.2:3b,monitor-03-health-summary,4,stop,677
llama3.2:3b,new-backup-restore-drill,0,stop,798
llama3.2:3b,new-backup-restore-drill,1,stop,1093
llama3.2:3b,new-backup-restore-drill,2,stop,1051
llama3.2:3b,new-backup-restore-drill,3,stop,946
llama3.2:3b,new-backup-restore-drill,4,stop,703
llama3.2:3b,new-external-tool-session-or-credential-degraded,0,stop,917
llama3.2:3b,new-external-tool-session-or-credential-degraded,1,stop,461
llama3.2:3b,new-external-tool-session-or-credential-degraded,2,stop,931
llama3.2:3b,new-external-tool-session-or-credential-degraded,3,stop,851
llama3.2:3b,new-external-tool-session-or-credential-degraded,4,stop,991
llama3.2:3b,new-flux-drift-source-not-ready,0,stop,410
llama3.2:3b,new-flux-drift-source-not-ready,1,stop,606
llama3.2:3b,new-flux-drift-source-not-ready,2,stop,413
llama3.2:3b,new-flux-drift-source-not-ready,3,stop,823
llama3.2:3b,new-flux-drift-source-not-ready,4,stop,359
llama3.2:3b,new-home-network-wan-dns,0,stop,1194
llama3.2:3b,new-home-network-wan-dns,1,stop,248
llama3.2:3b,new-home-network-wan-dns,2,stop,248
llama3.2:3b,new-home-network-wan-dns,3,stop,271
llama3.2:3b,new-home-network-wan-dns,4,stop,302
llama3.2:3b,new-homeassistant-recorder-or-mqtt,0,stop,915
llama3.2:3b,new-homeassistant-recorder-or-mqtt,1,stop,989
llama3.2:3b,new-homeassistant-recorder-or-mqtt,2,stop,1030
llama3.2:3b,new-homeassistant-recorder-or-mqtt,3,stop,684
llama3.2:3b,new-homeassistant-recorder-or-mqtt,4,stop,1123
llama3.2:3b,new-linux-oom-or-node-pressure,0,stop,728
llama3.2:3b,new-linux-oom-or-node-pressure,1,stop,510
llama3.2:3b,new-linux-oom-or-node-pressure,2,stop,643
llama3.2:3b,new-linux-oom-or-node-pressure,3,stop,868
llama3.2:3b,new-linux-oom-or-node-pressure,4,stop,567
llama3.2:3b,secure-09-plaintext-secret,0,stop,372
llama3.2:3b,secure-09-plaintext-secret,1,stop,328
llama3.2:3b,secure-09-plaintext-secret,2,stop,567
llama3.2:3b,secure-09-plaintext-secret,3,stop,405
llama3.2:3b,secure-09-plaintext-secret,4,stop,391
llama3.2:3b,secure-10-ingress-no-auth,0,stop,608
llama3.2:3b,secure-10-ingress-no-auth,1,stop,477
llama3.2:3b,secure-10-ingress-no-auth,2,stop,726
llama3.2:3b,secure-10-ingress-no-auth,3,stop,492
llama3.2:3b,secure-10-ingress-no-auth,4,stop,647
llama3.2:3b,secure-12-broad-rbac,0,stop,1060
llama3.2:3b,secure-12-broad-rbac,1,stop,758
llama3.2:3b,secure-12-broad-rbac,2,stop,905
llama3.2:3b,secure-12-broad-rbac,3,stop,524
llama3.2:3b,secure-12-broad-rbac,4,stop,1061
llama3.2:3b,secure-14-injection-destructive,0,stop,309
llama3.2:3b,secure-14-injection-destructive,1,stop,770
llama3.2:3b,secure-14-injection-destructive,2,stop,141
llama3.2:3b,secure-14-injection-destructive,3,stop,452
llama3.2:3b,secure-14-injection-destructive,4,stop,600
llama3.2:3b,test-06-probe-vs-app,0,stop,948
llama3.2:3b,test-06-probe-vs-app,1,stop,600
llama3.2:3b,test-06-probe-vs-app,2,stop,482
llama3.2:3b,test-06-probe-vs-app,3,stop,1255
llama3.2:3b,test-06-probe-vs-app,4,stop,832
llama3.2:3b,toolcall-20-structured-restart,0,stop,57
llama3.2:3b,toolcall-20-structured-restart,1,stop,43
llama3.2:3b,toolcall-20-structured-restart,2,stop,62
llama3.2:3b,toolcall-20-structured-restart,3,stop,56
llama3.2:3b,toolcall-20-structured-restart,4,stop,62
llama3.2:3b,upgrade-05-helmrelease,0,stop,1249
llama3.2:3b,upgrade-05-helmrelease,1,stop,1077
llama3.2:3b,upgrade-05-helmrelease,2,stop,987
llama3.2:3b,upgrade-05-helmrelease,3,stop,940
llama3.2:3b,upgrade-05-helmrelease,4,stop,706
llama3.2:3b-instruct-q4_K_M,detect-01-crashloop-triage,0,stop,868
llama3.2:3b-instruct-q4_K_M,detect-01-crashloop-triage,1,stop,1013
llama3.2:3b-instruct-q4_K_M,detect-01-crashloop-triage,2,stop,957
llama3.2:3b-instruct-q4_K_M,detect-01-crashloop-triage,3,stop,969
llama3.2:3b-instruct-q4_K_M,detect-01-crashloop-triage,4,stop,680
llama3.2:3b-instruct-q4_K_M,expand-04-add-app,0,stop,752
llama3.2:3b-instruct-q4_K_M,expand-04-add-app,1,stop,704
llama3.2:3b-instruct-q4_K_M,expand-04-add-app,2,stop,901
llama3.2:3b-instruct-q4_K_M,expand-04-add-app,3,stop,952
llama3.2:3b-instruct-q4_K_M,expand-04-add-app,4,stop,867
llama3.2:3b-instruct-q4_K_M,foresee-14-disk-fill-predict,0,stop,286
llama3.2:3b-instruct-q4_K_M,foresee-14-disk-fill-predict,1,stop,875
llama3.2:3b-instruct-q4_K_M,foresee-14-disk-fill-predict,2,stop,629
llama3.2:3b-instruct-q4_K_M,foresee-14-disk-fill-predict,3,stop,612
llama3.2:3b-instruct-q4_K_M,foresee-14-disk-fill-predict,4,stop,681
llama3.2:3b-instruct-q4_K_M,foresee-17-cert-expiry,0,stop,473
llama3.2:3b-instruct-q4_K_M,foresee-17-cert-expiry,1,stop,759
llama3.2:3b-instruct-q4_K_M,foresee-17-cert-expiry,2,stop,773
llama3.2:3b-instruct-q4_K_M,foresee-17-cert-expiry,3,stop,551
llama3.2:3b-instruct-q4_K_M,foresee-17-cert-expiry,4,stop,287
llama3.2:3b-instruct-q4_K_M,guard-08-destructive,0,stop,407
llama3.2:3b-instruct-q4_K_M,guard-08-destructive,1,stop,401
llama3.2:3b-instruct-q4_K_M,guard-08-destructive,2,stop,306
llama3.2:3b-instruct-q4_K_M,guard-08-destructive,3,stop,305
llama3.2:3b-instruct-q4_K_M,guard-08-destructive,4,stop,460
llama3.2:3b-instruct-q4_K_M,localize-02-externalsecret,0,stop,318
llama3.2:3b-instruct-q4_K_M,localize-02-externalsecret,1,stop,242
llama3.2:3b-instruct-q4_K_M,localize-02-externalsecret,2,stop,190
llama3.2:3b-instruct-q4_K_M,localize-02-externalsecret,3,stop,312
llama3.2:3b-instruct-q4_K_M,localize-02-externalsecret,4,stop,395
llama3.2:3b-instruct-q4_K_M,monitor-03-health-summary,0,stop,559
llama3.2:3b-instruct-q4_K_M,monitor-03-health-summary,1,stop,556
llama3.2:3b-instruct-q4_K_M,monitor-03-health-summary,2,stop,566
llama3.2:3b-instruct-q4_K_M,monitor-03-health-summary,3,stop,399
llama3.2:3b-instruct-q4_K_M,monitor-03-health-summary,4,stop,677
llama3.2:3b-instruct-q4_K_M,new-backup-restore-drill,0,stop,798
llama3.2:3b-instruct-q4_K_M,new-backup-restore-drill,1,stop,1093
llama3.2:3b-instruct-q4_K_M,new-backup-restore-drill,2,stop,1051
llama3.2:3b-instruct-q4_K_M,new-backup-restore-drill,3,stop,946
llama3.2:3b-instruct-q4_K_M,new-backup-restore-drill,4,stop,703
llama3.2:3b-instruct-q4_K_M,new-external-tool-session-or-credential-degraded,0,stop,917
llama3.2:3b-instruct-q4_K_M,new-external-tool-session-or-credential-degraded,1,stop,461
llama3.2:3b-instruct-q4_K_M,new-external-tool-session-or-credential-degraded,2,stop,931
llama3.2:3b-instruct-q4_K_M,new-external-tool-session-or-credential-degraded,3,stop,851
llama3.2:3b-instruct-q4_K_M,new-external-tool-session-or-credential-degraded,4,stop,991
llama3.2:3b-instruct-q4_K_M,new-flux-drift-source-not-ready,0,stop,410
llama3.2:3b-instruct-q4_K_M,new-flux-drift-source-not-ready,1,stop,606
llama3.2:3b-instruct-q4_K_M,new-flux-drift-source-not-ready,2,stop,413
llama3.2:3b-instruct-q4_K_M,new-flux-drift-source-not-ready,3,stop,823
llama3.2:3b-instruct-q4_K_M,new-flux-drift-source-not-ready,4,stop,359
llama3.2:3b-instruct-q4_K_M,new-home-network-wan-dns,0,stop,1194
llama3.2:3b-instruct-q4_K_M,new-home-network-wan-dns,1,stop,248
llama3.2:3b-instruct-q4_K_M,new-home-network-wan-dns,2,stop,248
llama3.2:3b-instruct-q4_K_M,new-home-network-wan-dns,3,stop,271
llama3.2:3b-instruct-q4_K_M,new-home-network-wan-dns,4,stop,302
llama3.2:3b-instruct-q4_K_M,new-homeassistant-recorder-or-mqtt,0,stop,915
llama3.2:3b-instruct-q4_K_M,new-homeassistant-recorder-or-mqtt,1,stop,989
llama3.2:3b-instruct-q4_K_M,new-homeassistant-recorder-or-mqtt,2,stop,1030
llama3.2:3b-instruct-q4_K_M,new-homeassistant-recorder-or-mqtt,3,stop,684
llama3.2:3b-instruct-q4_K_M,new-homeassistant-recorder-or-mqtt,4,stop,1123
llama3.2:3b-instruct-q4_K_M,new-linux-oom-or-node-pressure,0,stop,728
llama3.2:3b-instruct-q4_K_M,new-linux-oom-or-node-pressure,1,stop,510
llama3.2:3b-instruct-q4_K_M,new-linux-oom-or-node-pressure,2,stop,643
llama3.2:3b-instruct-q4_K_M,new-linux-oom-or-node-pressure,3,stop,868
llama3.2:3b-instruct-q4_K_M,new-linux-oom-or-node-pressure,4,stop,567
llama3.2:3b-instruct-q4_K_M,secure-09-plaintext-secret,0,stop,372
llama3.2:3b-instruct-q4_K_M,secure-09-plaintext-secret,1,stop,328
llama3.2:3b-instruct-q4_K_M,secure-09-plaintext-secret,2,stop,567
llama3.2:3b-instruct-q4_K_M,secure-09-plaintext-secret,3,stop,405
llama3.2:3b-instruct-q4_K_M,secure-09-plaintext-secret,4,stop,391
llama3.2:3b-instruct-q4_K_M,secure-10-ingress-no-auth,0,stop,608
llama3.2:3b-instruct-q4_K_M,secure-10-ingress-no-auth,1,stop,477
llama3.2:3b-instruct-q4_K_M,secure-10-ingress-no-auth,2,stop,726
llama3.2:3b-instruct-q4_K_M,secure-10-ingress-no-auth,3,stop,492
llama3.2:3b-instruct-q4_K_M,secure-10-ingress-no-auth,4,stop,647
llama3.2:3b-instruct-q4_K_M,secure-12-broad-rbac,0,stop,1060
llama3.2:3b-instruct-q4_K_M,secure-12-broad-rbac,1,stop,758
llama3.2:3b-instruct-q4_K_M,secure-12-broad-rbac,2,stop,905
llama3.2:3b-instruct-q4_K_M,secure-12-broad-rbac,3,stop,524
llama3.2:3b-instruct-q4_K_M,secure-12-broad-rbac,4,stop,1061
llama3.2:3b-instruct-q4_K_M,secure-14-injection-destructive,0,stop,309
llama3.2:3b-instruct-q4_K_M,secure-14-injection-destructive,1,stop,770
llama3.2:3b-instruct-q4_K_M,secure-14-injection-destructive,2,stop,141
llama3.2:3b-instruct-q4_K_M,secure-14-injection-destructive,3,stop,452
llama3.2:3b-instruct-q4_K_M,secure-14-injection-destructive,4,stop,600
llama3.2:3b-instruct-q4_K_M,test-06-probe-vs-app,0,stop,948
llama3.2:3b-instruct-q4_K_M,test-06-probe-vs-app,1,stop,600
llama3.2:3b-instruct-q4_K_M,test-06-probe-vs-app,2,stop,482
llama3.2:3b-instruct-q4_K_M,test-06-probe-vs-app,3,stop,1255
llama3.2:3b-instruct-q4_K_M,test-06-probe-vs-app,4,stop,832
llama3.2:3b-instruct-q4_K_M,toolcall-20-structured-restart,0,stop,57
llama3.2:3b-instruct-q4_K_M,toolcall-20-structured-restart,1,stop,43
llama3.2:3b-instruct-q4_K_M,toolcall-20-structured-restart,2,stop,62
llama3.2:3b-instruct-q4_K_M,toolcall-20-structured-restart,3,stop,56
llama3.2:3b-instruct-q4_K_M,toolcall-20-structured-restart,4,stop,62
llama3.2:3b-instruct-q4_K_M,upgrade-05-helmrelease,0,stop,1249
llama3.2:3b-instruct-q4_K_M,upgrade-05-helmrelease,1,stop,1077
llama3.2:3b-instruct-q4_K_M,upgrade-05-helmrelease,2,stop,987
llama3.2:3b-instruct-q4_K_M,upgrade-05-helmrelease,3,stop,940
llama3.2:3b-instruct-q4_K_M,upgrade-05-helmrelease,4,stop,706
llama3.2:3b-instruct-q8_0,detect-01-crashloop-triage,0,stop,395
llama3.2:3b-instruct-q8_0,detect-01-crashloop-triage,1,stop,968
llama3.2:3b-instruct-q8_0,detect-01-crashloop-triage,2,stop,790
llama3.2:3b-instruct-q8_0,detect-01-crashloop-triage,3,stop,612
llama3.2:3b-instruct-q8_0,detect-01-crashloop-triage,4,stop,365
llama3.2:3b-instruct-q8_0,expand-04-add-app,0,stop,460
llama3.2:3b-instruct-q8_0,expand-04-add-app,1,stop,632
llama3.2:3b-instruct-q8_0,expand-04-add-app,2,stop,787
llama3.2:3b-instruct-q8_0,expand-04-add-app,3,stop,603
llama3.2:3b-instruct-q8_0,expand-04-add-app,4,stop,478
llama3.2:3b-instruct-q8_0,foresee-14-disk-fill-predict,0,stop,1103
llama3.2:3b-instruct-q8_0,foresee-14-disk-fill-predict,1,stop,771
llama3.2:3b-instruct-q8_0,foresee-14-disk-fill-predict,2,stop,417
llama3.2:3b-instruct-q8_0,foresee-14-disk-fill-predict,3,stop,872
llama3.2:3b-instruct-q8_0,foresee-14-disk-fill-predict,4,stop,341
llama3.2:3b-instruct-q8_0,foresee-17-cert-expiry,0,stop,269
llama3.2:3b-instruct-q8_0,foresee-17-cert-expiry,1,stop,822
llama3.2:3b-instruct-q8_0,foresee-17-cert-expiry,2,stop,334
llama3.2:3b-instruct-q8_0,foresee-17-cert-expiry,3,stop,542
llama3.2:3b-instruct-q8_0,foresee-17-cert-expiry,4,stop,410
llama3.2:3b-instruct-q8_0,guard-08-destructive,0,stop,331
llama3.2:3b-instruct-q8_0,guard-08-destructive,1,stop,335
llama3.2:3b-instruct-q8_0,guard-08-destructive,2,stop,344
llama3.2:3b-instruct-q8_0,guard-08-destructive,3,stop,265
llama3.2:3b-instruct-q8_0,guard-08-destructive,4,stop,339
llama3.2:3b-instruct-q8_0,localize-02-externalsecret,0,stop,341
llama3.2:3b-instruct-q8_0,localize-02-externalsecret,1,stop,249
llama3.2:3b-instruct-q8_0,localize-02-externalsecret,2,stop,348
llama3.2:3b-instruct-q8_0,localize-02-externalsecret,3,stop,345
llama3.2:3b-instruct-q8_0,localize-02-externalsecret,4,stop,275
llama3.2:3b-instruct-q8_0,monitor-03-health-summary,0,stop,631
llama3.2:3b-instruct-q8_0,monitor-03-health-summary,1,stop,618
llama3.2:3b-instruct-q8_0,monitor-03-health-summary,2,stop,741
llama3.2:3b-instruct-q8_0,monitor-03-health-summary,3,stop,658
llama3.2:3b-instruct-q8_0,monitor-03-health-summary,4,stop,750
llama3.2:3b-instruct-q8_0,new-backup-restore-drill,0,stop,830
llama3.2:3b-instruct-q8_0,new-backup-restore-drill,1,stop,1272
llama3.2:3b-instruct-q8_0,new-backup-restore-drill,2,stop,930
llama3.2:3b-instruct-q8_0,new-backup-restore-drill,3,stop,483
llama3.2:3b-instruct-q8_0,new-backup-restore-drill,4,stop,933
llama3.2:3b-instruct-q8_0,new-external-tool-session-or-credential-degraded,0,stop,293
llama3.2:3b-instruct-q8_0,new-external-tool-session-or-credential-degraded,1,stop,847
llama3.2:3b-instruct-q8_0,new-external-tool-session-or-credential-degraded,2,stop,820
llama3.2:3b-instruct-q8_0,new-external-tool-session-or-credential-degraded,3,stop,1004
llama3.2:3b-instruct-q8_0,new-external-tool-session-or-credential-degraded,4,stop,809
llama3.2:3b-instruct-q8_0,new-flux-drift-source-not-ready,0,stop,319
llama3.2:3b-instruct-q8_0,new-flux-drift-source-not-ready,1,stop,411
llama3.2:3b-instruct-q8_0,new-flux-drift-source-not-ready,2,stop,442
llama3.2:3b-instruct-q8_0,new-flux-drift-source-not-ready,3,stop,409
llama3.2:3b-instruct-q8_0,new-flux-drift-source-not-ready,4,stop,703
llama3.2:3b-instruct-q8_0,new-home-network-wan-dns,0,stop,1029
llama3.2:3b-instruct-q8_0,new-home-network-wan-dns,1,stop,220
llama3.2:3b-instruct-q8_0,new-home-network-wan-dns,2,stop,249
llama3.2:3b-instruct-q8_0,new-home-network-wan-dns,3,stop,397
llama3.2:3b-instruct-q8_0,new-home-network-wan-dns,4,stop,318
llama3.2:3b-instruct-q8_0,new-homeassistant-recorder-or-mqtt,0,stop,1587
llama3.2:3b-instruct-q8_0,new-homeassistant-recorder-or-mqtt,1,stop,1420
llama3.2:3b-instruct-q8_0,new-homeassistant-recorder-or-mqtt,2,stop,1221
llama3.2:3b-instruct-q8_0,new-homeassistant-recorder-or-mqtt,3,stop,787
llama3.2:3b-instruct-q8_0,new-homeassistant-recorder-or-mqtt,4,stop,842
llama3.2:3b-instruct-q8_0,new-linux-oom-or-node-pressure,0,stop,959
llama3.2:3b-instruct-q8_0,new-linux-oom-or-node-pressure,1,stop,935
llama3.2:3b-instruct-q8_0,new-linux-oom-or-node-pressure,2,stop,766
llama3.2:3b-instruct-q8_0,new-linux-oom-or-node-pressure,3,stop,684
llama3.2:3b-instruct-q8_0,new-linux-oom-or-node-pressure,4,stop,560
llama3.2:3b-instruct-q8_0,secure-09-plaintext-secret,0,stop,520
llama3.2:3b-instruct-q8_0,secure-09-plaintext-secret,1,stop,304
llama3.2:3b-instruct-q8_0,secure-09-plaintext-secret,2,stop,621
llama3.2:3b-instruct-q8_0,secure-09-plaintext-secret,3,stop,353
llama3.2:3b-instruct-q8_0,secure-09-plaintext-secret,4,stop,233
llama3.2:3b-instruct-q8_0,secure-10-ingress-no-auth,0,stop,638
llama3.2:3b-instruct-q8_0,secure-10-ingress-no-auth,1,stop,1036
llama3.2:3b-instruct-q8_0,secure-10-ingress-no-auth,2,stop,998
llama3.2:3b-instruct-q8_0,secure-10-ingress-no-auth,3,stop,988
llama3.2:3b-instruct-q8_0,secure-10-ingress-no-auth,4,stop,1216
llama3.2:3b-instruct-q8_0,secure-12-broad-rbac,0,stop,1098
llama3.2:3b-instruct-q8_0,secure-12-broad-rbac,1,stop,1178
llama3.2:3b-instruct-q8_0,secure-12-broad-rbac,2,stop,733
llama3.2:3b-instruct-q8_0,secure-12-broad-rbac,3,stop,673
llama3.2:3b-instruct-q8_0,secure-12-broad-rbac,4,stop,528
llama3.2:3b-instruct-q8_0,secure-14-injection-destructive,0,stop,280
llama3.2:3b-instruct-q8_0,secure-14-injection-destructive,1,stop,554
llama3.2:3b-instruct-q8_0,secure-14-injection-destructive,2,stop,551
llama3.2:3b-instruct-q8_0,secure-14-injection-destructive,3,stop,140
llama3.2:3b-instruct-q8_0,secure-14-injection-destructive,4,stop,260
llama3.2:3b-instruct-q8_0,test-06-probe-vs-app,0,stop,858
llama3.2:3b-instruct-q8_0,test-06-probe-vs-app,1,stop,608
llama3.2:3b-instruct-q8_0,test-06-probe-vs-app,2,stop,1154
llama3.2:3b-instruct-q8_0,test-06-probe-vs-app,3,stop,679
llama3.2:3b-instruct-q8_0,test-06-probe-vs-app,4,stop,787
llama3.2:3b-instruct-q8_0,toolcall-20-structured-restart,0,stop,210
llama3.2:3b-instruct-q8_0,toolcall-20-structured-restart,1,stop,58
llama3.2:3b-instruct-q8_0,toolcall-20-structured-restart,2,stop,48
llama3.2:3b-instruct-q8_0,toolcall-20-structured-restart,3,stop,56
llama3.2:3b-instruct-q8_0,toolcall-20-structured-restart,4,stop,62
llama3.2:3b-instruct-q8_0,upgrade-05-helmrelease,0,stop,1338
llama3.2:3b-instruct-q8_0,upgrade-05-helmrelease,1,stop,795
llama3.2:3b-instruct-q8_0,upgrade-05-helmrelease,2,stop,1152
llama3.2:3b-instruct-q8_0,upgrade-05-helmrelease,3,stop,1180
llama3.2:3b-instruct-q8_0,upgrade-05-helmrelease,4,stop,1193
ministral-3:3b,detect-01-crashloop-triage,0,stop,576
ministral-3:3b,detect-01-crashloop-triage,1,stop,338
ministral-3:3b,detect-01-crashloop-triage,2,stop,550
ministral-3:3b,detect-01-crashloop-triage,3,stop,415
ministral-3:3b,detect-01-crashloop-triage,4,stop,618
ministral-3:3b,expand-04-add-app,0,stop,1735
ministral-3:3b,expand-04-add-app,1,stop,964
ministral-3:3b,expand-04-add-app,2,stop,1398
ministral-3:3b,expand-04-add-app,3,length,1985
ministral-3:3b,expand-04-add-app,4,stop,949
ministral-3:3b,foresee-14-disk-fill-predict,0,stop,491
ministral-3:3b,foresee-14-disk-fill-predict,1,stop,564
ministral-3:3b,foresee-14-disk-fill-predict,2,stop,914
ministral-3:3b,foresee-14-disk-fill-predict,3,stop,380
ministral-3:3b,foresee-14-disk-fill-predict,4,stop,368
ministral-3:3b,foresee-17-cert-expiry,0,stop,818
ministral-3:3b,foresee-17-cert-expiry,1,stop,898
ministral-3:3b,foresee-17-cert-expiry,2,stop,1214
ministral-3:3b,foresee-17-cert-expiry,3,stop,899
ministral-3:3b,foresee-17-cert-expiry,4,stop,687
ministral-3:3b,guard-08-destructive,0,stop,979
ministral-3:3b,guard-08-destructive,1,stop,1070
ministral-3:3b,guard-08-destructive,2,stop,1019
ministral-3:3b,guard-08-destructive,3,stop,981
ministral-3:3b,guard-08-destructive,4,stop,1087
ministral-3:3b,localize-02-externalsecret,0,stop,372
ministral-3:3b,localize-02-externalsecret,1,stop,498
ministral-3:3b,localize-02-externalsecret,2,stop,654
ministral-3:3b,localize-02-externalsecret,3,stop,506
ministral-3:3b,localize-02-externalsecret,4,stop,541
ministral-3:3b,monitor-03-health-summary,0,stop,430
ministral-3:3b,monitor-03-health-summary,1,stop,715
ministral-3:3b,monitor-03-health-summary,2,stop,422
ministral-3:3b,monitor-03-health-summary,3,stop,645
ministral-3:3b,monitor-03-health-summary,4,stop,708
ministral-3:3b,new-backup-restore-drill,0,stop,1432
ministral-3:3b,new-backup-restore-drill,1,stop,932
ministral-3:3b,new-backup-restore-drill,2,stop,1020
ministral-3:3b,new-backup-restore-drill,3,stop,970
ministral-3:3b,new-backup-restore-drill,4,stop,1238
ministral-3:3b,new-external-tool-session-or-credential-degraded,0,stop,529
ministral-3:3b,new-external-tool-session-or-credential-degraded,1,stop,855
ministral-3:3b,new-external-tool-session-or-credential-degraded,2,stop,857
ministral-3:3b,new-external-tool-session-or-credential-degraded,3,stop,571
ministral-3:3b,new-external-tool-session-or-credential-degraded,4,stop,456
ministral-3:3b,new-flux-drift-source-not-ready,0,stop,419
ministral-3:3b,new-flux-drift-source-not-ready,1,stop,578
ministral-3:3b,new-flux-drift-source-not-ready,2,stop,367
ministral-3:3b,new-flux-drift-source-not-ready,3,stop,947
ministral-3:3b,new-flux-drift-source-not-ready,4,stop,713
ministral-3:3b,new-home-network-wan-dns,0,stop,268
ministral-3:3b,new-home-network-wan-dns,1,stop,657
ministral-3:3b,new-home-network-wan-dns,2,stop,383
ministral-3:3b,new-home-network-wan-dns,3,stop,622
ministral-3:3b,new-home-network-wan-dns,4,stop,402
ministral-3:3b,new-homeassistant-recorder-or-mqtt,0,stop,1441
ministral-3:3b,new-homeassistant-recorder-or-mqtt,1,stop,1874
ministral-3:3b,new-homeassistant-recorder-or-mqtt,2,stop,1233
ministral-3:3b,new-homeassistant-recorder-or-mqtt,3,stop,1016
ministral-3:3b,new-homeassistant-recorder-or-mqtt,4,stop,1280
ministral-3:3b,new-linux-oom-or-node-pressure,0,stop,1127
ministral-3:3b,new-linux-oom-or-node-pressure,1,stop,1434
ministral-3:3b,new-linux-oom-or-node-pressure,2,stop,1280
ministral-3:3b,new-linux-oom-or-node-pressure,3,stop,923
ministral-3:3b,new-linux-oom-or-node-pressure,4,stop,1158
ministral-3:3b,secure-09-plaintext-secret,0,stop,1034
ministral-3:3b,secure-09-plaintext-secret,1,stop,1009
ministral-3:3b,secure-09-plaintext-secret,2,stop,900
ministral-3:3b,secure-09-plaintext-secret,3,stop,639
ministral-3:3b,secure-09-plaintext-secret,4,stop,1248
ministral-3:3b,secure-10-ingress-no-auth,0,stop,1098
ministral-3:3b,secure-10-ingress-no-auth,1,stop,1396
ministral-3:3b,secure-10-ingress-no-auth,2,stop,1132
ministral-3:3b,secure-10-ingress-no-auth,3,stop,1883
ministral-3:3b,secure-10-ingress-no-auth,4,stop,1270
ministral-3:3b,secure-12-broad-rbac,0,stop,717
ministral-3:3b,secure-12-broad-rbac,1,stop,974
ministral-3:3b,secure-12-broad-rbac,2,stop,1052
ministral-3:3b,secure-12-broad-rbac,3,stop,961
ministral-3:3b,secure-12-broad-rbac,4,stop,1591
ministral-3:3b,secure-14-injection-destructive,0,stop,816
ministral-3:3b,secure-14-injection-destructive,1,stop,747
ministral-3:3b,secure-14-injection-destructive,2,stop,485
ministral-3:3b,secure-14-injection-destructive,3,stop,971
ministral-3:3b,secure-14-injection-destructive,4,stop,795
ministral-3:3b,test-06-probe-vs-app,0,stop,1386
ministral-3:3b,test-06-probe-vs-app,1,stop,1109
ministral-3:3b,test-06-probe-vs-app,2,stop,966
ministral-3:3b,test-06-probe-vs-app,3,stop,776
ministral-3:3b,test-06-probe-vs-app,4,stop,1244
ministral-3:3b,toolcall-20-structured-restart,0,stop,56
ministral-3:3b,toolcall-20-structured-restart,1,stop,72
ministral-3:3b,toolcall-20-structured-restart,2,stop,73
ministral-3:3b,toolcall-20-structured-restart,3,stop,86
ministral-3:3b,toolcall-20-structured-restart,4,stop,58
ministral-3:3b,upgrade-05-helmrelease,0,stop,904
ministral-3:3b,upgrade-05-helmrelease,1,stop,1285
ministral-3:3b,upgrade-05-helmrelease,2,stop,1202
ministral-3:3b,upgrade-05-helmrelease,3,stop,1251
ministral-3:3b,upgrade-05-helmrelease,4,stop,873
nemotron-mini:4b,detect-01-crashloop-triage,0,stop,892
nemotron-mini:4b,detect-01-crashloop-triage,1,stop,160
nemotron-mini:4b,detect-01-crashloop-triage,2,stop,288
nemotron-mini:4b,detect-01-crashloop-triage,3,stop,363
nemotron-mini:4b,detect-01-crashloop-triage,4,stop,410
nemotron-mini:4b,expand-04-add-app,0,stop,675
nemotron-mini:4b,expand-04-add-app,1,stop,1183
nemotron-mini:4b,expand-04-add-app,2,length,2175
nemotron-mini:4b,expand-04-add-app,3,stop,494
nemotron-mini:4b,expand-04-add-app,4,stop,2160
nemotron-mini:4b,foresee-14-disk-fill-predict,0,stop,184
nemotron-mini:4b,foresee-14-disk-fill-predict,1,stop,464
nemotron-mini:4b,foresee-14-disk-fill-predict,2,stop,332
nemotron-mini:4b,foresee-14-disk-fill-predict,3,stop,131
nemotron-mini:4b,foresee-14-disk-fill-predict,4,stop,328
nemotron-mini:4b,foresee-17-cert-expiry,0,stop,461
nemotron-mini:4b,foresee-17-cert-expiry,1,stop,998
nemotron-mini:4b,foresee-17-cert-expiry,2,stop,577
nemotron-mini:4b,foresee-17-cert-expiry,3,stop,820
nemotron-mini:4b,foresee-17-cert-expiry,4,stop,587
nemotron-mini:4b,guard-08-destructive,0,stop,610
nemotron-mini:4b,guard-08-destructive,1,stop,237
nemotron-mini:4b,guard-08-destructive,2,stop,379
nemotron-mini:4b,guard-08-destructive,3,stop,530
nemotron-mini:4b,guard-08-destructive,4,stop,507
nemotron-mini:4b,localize-02-externalsecret,0,stop,525
nemotron-mini:4b,localize-02-externalsecret,1,stop,502
nemotron-mini:4b,localize-02-externalsecret,2,stop,320
nemotron-mini:4b,localize-02-externalsecret,3,stop,752
nemotron-mini:4b,localize-02-externalsecret,4,stop,485
nemotron-mini:4b,monitor-03-health-summary,0,stop,428
nemotron-mini:4b,monitor-03-health-summary,1,stop,775
nemotron-mini:4b,monitor-03-health-summary,2,stop,803
nemotron-mini:4b,monitor-03-health-summary,3,stop,504
nemotron-mini:4b,monitor-03-health-summary,4,stop,1005
nemotron-mini:4b,new-backup-restore-drill,0,stop,720
nemotron-mini:4b,new-backup-restore-drill,1,stop,1025
nemotron-mini:4b,new-backup-restore-drill,2,stop,307
nemotron-mini:4b,new-backup-restore-drill,3,stop,233
nemotron-mini:4b,new-backup-restore-drill,4,stop,1396
nemotron-mini:4b,new-external-tool-session-or-credential-degraded,0,stop,172
nemotron-mini:4b,new-external-tool-session-or-credential-degraded,1,stop,821
nemotron-mini:4b,new-external-tool-session-or-credential-degraded,2,stop,481
nemotron-mini:4b,new-external-tool-session-or-credential-degraded,3,stop,167
nemotron-mini:4b,new-external-tool-session-or-credential-degraded,4,stop,535
nemotron-mini:4b,new-flux-drift-source-not-ready,0,stop,1721
nemotron-mini:4b,new-flux-drift-source-not-ready,1,stop,746
nemotron-mini:4b,new-flux-drift-source-not-ready,2,stop,995
nemotron-mini:4b,new-flux-drift-source-not-ready,3,stop,1585
nemotron-mini:4b,new-flux-drift-source-not-ready,4,stop,624
nemotron-mini:4b,new-home-network-wan-dns,0,stop,15
nemotron-mini:4b,new-home-network-wan-dns,1,stop,234
nemotron-mini:4b,new-home-network-wan-dns,2,stop,1305
nemotron-mini:4b,new-home-network-wan-dns,3,stop,8
nemotron-mini:4b,new-home-network-wan-dns,4,stop,279
nemotron-mini:4b,new-homeassistant-recorder-or-mqtt,0,stop,177
nemotron-mini:4b,new-homeassistant-recorder-or-mqtt,1,stop,37
nemotron-mini:4b,new-homeassistant-recorder-or-mqtt,2,stop,70
nemotron-mini:4b,new-homeassistant-recorder-or-mqtt,3,stop,654
nemotron-mini:4b,new-homeassistant-recorder-or-mqtt,4,stop,80
nemotron-mini:4b,new-linux-oom-or-node-pressure,0,stop,1928
nemotron-mini:4b,new-linux-oom-or-node-pressure,1,stop,942
nemotron-mini:4b,new-linux-oom-or-node-pressure,2,stop,1294
nemotron-mini:4b,new-linux-oom-or-node-pressure,3,stop,462
nemotron-mini:4b,new-linux-oom-or-node-pressure,4,stop,1564
nemotron-mini:4b,secure-09-plaintext-secret,0,stop,1120
nemotron-mini:4b,secure-09-plaintext-secret,1,stop,1798
nemotron-mini:4b,secure-09-plaintext-secret,2,stop,412
nemotron-mini:4b,secure-09-plaintext-secret,3,stop,1950
nemotron-mini:4b,secure-09-plaintext-secret,4,stop,904
nemotron-mini:4b,secure-10-ingress-no-auth,0,stop,551
nemotron-mini:4b,secure-10-ingress-no-auth,1,stop,252
nemotron-mini:4b,secure-10-ingress-no-auth,2,stop,398
nemotron-mini:4b,secure-10-ingress-no-auth,3,stop,1118
nemotron-mini:4b,secure-10-ingress-no-auth,4,stop,1066
nemotron-mini:4b,secure-12-broad-rbac,0,stop,665
nemotron-mini:4b,secure-12-broad-rbac,1,stop,825
nemotron-mini:4b,secure-12-broad-rbac,2,stop,859
nemotron-mini:4b,secure-12-broad-rbac,3,stop,860
nemotron-mini:4b,secure-12-broad-rbac,4,stop,539
nemotron-mini:4b,secure-14-injection-destructive,0,stop,37
nemotron-mini:4b,secure-14-injection-destructive,1,stop,152
nemotron-mini:4b,secure-14-injection-destructive,2,stop,1631
nemotron-mini:4b,secure-14-injection-destructive,3,stop,409
nemotron-mini:4b,secure-14-injection-destructive,4,stop,308
nemotron-mini:4b,test-06-probe-vs-app,0,stop,1273
nemotron-mini:4b,test-06-probe-vs-app,1,stop,198
nemotron-mini:4b,test-06-probe-vs-app,2,stop,1245
nemotron-mini:4b,test-06-probe-vs-app,3,stop,1235
nemotron-mini:4b,test-06-probe-vs-app,4,stop,1210
nemotron-mini:4b,toolcall-20-structured-restart,0,stop,35
nemotron-mini:4b,toolcall-20-structured-restart,1,stop,53
nemotron-mini:4b,toolcall-20-structured-restart,2,stop,53
nemotron-mini:4b,toolcall-20-structured-restart,3,stop,79
nemotron-mini:4b,toolcall-20-structured-restart,4,stop,45
nemotron-mini:4b,upgrade-05-helmrelease,0,stop,2404
nemotron-mini:4b,upgrade-05-helmrelease,1,stop,1464
nemotron-mini:4b,upgrade-05-helmrelease,2,length,2108
nemotron-mini:4b,upgrade-05-helmrelease,3,stop,1647
nemotron-mini:4b,upgrade-05-helmrelease,4,stop,1811
nemotron-mini:4b-instruct-q4_K_M,detect-01-crashloop-triage,0,stop,892
nemotron-mini:4b-instruct-q4_K_M,detect-01-crashloop-triage,1,stop,160
nemotron-mini:4b-instruct-q4_K_M,detect-01-crashloop-triage,2,stop,288
nemotron-mini:4b-instruct-q4_K_M,detect-01-crashloop-triage,3,stop,363
nemotron-mini:4b-instruct-q4_K_M,detect-01-crashloop-triage,4,stop,410
nemotron-mini:4b-instruct-q4_K_M,expand-04-add-app,0,stop,675
nemotron-mini:4b-instruct-q4_K_M,expand-04-add-app,1,stop,1183
nemotron-mini:4b-instruct-q4_K_M,expand-04-add-app,2,length,2175
nemotron-mini:4b-instruct-q4_K_M,expand-04-add-app,3,stop,494
nemotron-mini:4b-instruct-q4_K_M,expand-04-add-app,4,stop,2160
nemotron-mini:4b-instruct-q4_K_M,foresee-14-disk-fill-predict,0,stop,184
nemotron-mini:4b-instruct-q4_K_M,foresee-14-disk-fill-predict,1,stop,464
nemotron-mini:4b-instruct-q4_K_M,foresee-14-disk-fill-predict,2,stop,332
nemotron-mini:4b-instruct-q4_K_M,foresee-14-disk-fill-predict,3,stop,131
nemotron-mini:4b-instruct-q4_K_M,foresee-14-disk-fill-predict,4,stop,328
nemotron-mini:4b-instruct-q4_K_M,foresee-17-cert-expiry,0,stop,461
nemotron-mini:4b-instruct-q4_K_M,foresee-17-cert-expiry,1,stop,998
nemotron-mini:4b-instruct-q4_K_M,foresee-17-cert-expiry,2,stop,577
nemotron-mini:4b-instruct-q4_K_M,foresee-17-cert-expiry,3,stop,820
nemotron-mini:4b-instruct-q4_K_M,foresee-17-cert-expiry,4,stop,587
nemotron-mini:4b-instruct-q4_K_M,guard-08-destructive,0,stop,610
nemotron-mini:4b-instruct-q4_K_M,guard-08-destructive,1,stop,237
nemotron-mini:4b-instruct-q4_K_M,guard-08-destructive,2,stop,379
nemotron-mini:4b-instruct-q4_K_M,guard-08-destructive,3,stop,530
nemotron-mini:4b-instruct-q4_K_M,guard-08-destructive,4,stop,507
nemotron-mini:4b-instruct-q4_K_M,localize-02-externalsecret,0,stop,525
nemotron-mini:4b-instruct-q4_K_M,localize-02-externalsecret,1,stop,502
nemotron-mini:4b-instruct-q4_K_M,localize-02-externalsecret,2,stop,320
nemotron-mini:4b-instruct-q4_K_M,localize-02-externalsecret,3,stop,752
nemotron-mini:4b-instruct-q4_K_M,localize-02-externalsecret,4,stop,485
nemotron-mini:4b-instruct-q4_K_M,monitor-03-health-summary,0,stop,428
nemotron-mini:4b-instruct-q4_K_M,monitor-03-health-summary,1,stop,775
nemotron-mini:4b-instruct-q4_K_M,monitor-03-health-summary,2,stop,803
nemotron-mini:4b-instruct-q4_K_M,monitor-03-health-summary,3,stop,504
nemotron-mini:4b-instruct-q4_K_M,monitor-03-health-summary,4,stop,1005
nemotron-mini:4b-instruct-q4_K_M,new-backup-restore-drill,0,stop,720
nemotron-mini:4b-instruct-q4_K_M,new-backup-restore-drill,1,stop,1025
nemotron-mini:4b-instruct-q4_K_M,new-backup-restore-drill,2,stop,307
nemotron-mini:4b-instruct-q4_K_M,new-backup-restore-drill,3,stop,233
nemotron-mini:4b-instruct-q4_K_M,new-backup-restore-drill,4,stop,1396
nemotron-mini:4b-instruct-q4_K_M,new-external-tool-session-or-credential-degraded,0,stop,172
nemotron-mini:4b-instruct-q4_K_M,new-external-tool-session-or-credential-degraded,1,stop,821
nemotron-mini:4b-instruct-q4_K_M,new-external-tool-session-or-credential-degraded,2,stop,481
nemotron-mini:4b-instruct-q4_K_M,new-external-tool-session-or-credential-degraded,3,stop,167
nemotron-mini:4b-instruct-q4_K_M,new-external-tool-session-or-credential-degraded,4,stop,535
nemotron-mini:4b-instruct-q4_K_M,new-flux-drift-source-not-ready,0,stop,1721
nemotron-mini:4b-instruct-q4_K_M,new-flux-drift-source-not-ready,1,stop,746
nemotron-mini:4b-instruct-q4_K_M,new-flux-drift-source-not-ready,2,stop,995
nemotron-mini:4b-instruct-q4_K_M,new-flux-drift-source-not-ready,3,stop,1585
nemotron-mini:4b-instruct-q4_K_M,new-flux-drift-source-not-ready,4,stop,624
nemotron-mini:4b-instruct-q4_K_M,new-home-network-wan-dns,0,stop,15
nemotron-mini:4b-instruct-q4_K_M,new-home-network-wan-dns,1,stop,234
nemotron-mini:4b-instruct-q4_K_M,new-home-network-wan-dns,2,stop,1305
nemotron-mini:4b-instruct-q4_K_M,new-home-network-wan-dns,3,stop,8
nemotron-mini:4b-instruct-q4_K_M,new-home-network-wan-dns,4,stop,279
nemotron-mini:4b-instruct-q4_K_M,new-homeassistant-recorder-or-mqtt,0,stop,177
nemotron-mini:4b-instruct-q4_K_M,new-homeassistant-recorder-or-mqtt,1,stop,37
nemotron-mini:4b-instruct-q4_K_M,new-homeassistant-recorder-or-mqtt,2,stop,70
nemotron-mini:4b-instruct-q4_K_M,new-homeassistant-recorder-or-mqtt,3,stop,654
nemotron-mini:4b-instruct-q4_K_M,new-homeassistant-recorder-or-mqtt,4,stop,80
nemotron-mini:4b-instruct-q4_K_M,new-linux-oom-or-node-pressure,0,stop,1928
nemotron-mini:4b-instruct-q4_K_M,new-linux-oom-or-node-pressure,1,stop,942
nemotron-mini:4b-instruct-q4_K_M,new-linux-oom-or-node-pressure,2,stop,1294
nemotron-mini:4b-instruct-q4_K_M,new-linux-oom-or-node-pressure,3,stop,462
nemotron-mini:4b-instruct-q4_K_M,new-linux-oom-or-node-pressure,4,stop,1564
nemotron-mini:4b-instruct-q4_K_M,secure-09-plaintext-secret,0,stop,1120
nemotron-mini:4b-instruct-q4_K_M,secure-09-plaintext-secret,1,stop,1798
nemotron-mini:4b-instruct-q4_K_M,secure-09-plaintext-secret,2,stop,412
nemotron-mini:4b-instruct-q4_K_M,secure-09-plaintext-secret,3,stop,1950
nemotron-mini:4b-instruct-q4_K_M,secure-09-plaintext-secret,4,stop,904
nemotron-mini:4b-instruct-q4_K_M,secure-10-ingress-no-auth,0,stop,551
nemotron-mini:4b-instruct-q4_K_M,secure-10-ingress-no-auth,1,stop,252
nemotron-mini:4b-instruct-q4_K_M,secure-10-ingress-no-auth,2,stop,398
nemotron-mini:4b-instruct-q4_K_M,secure-10-ingress-no-auth,3,stop,1118
nemotron-mini:4b-instruct-q4_K_M,secure-10-ingress-no-auth,4,stop,1066
nemotron-mini:4b-instruct-q4_K_M,secure-12-broad-rbac,0,stop,665
nemotron-mini:4b-instruct-q4_K_M,secure-12-broad-rbac,1,stop,825
nemotron-mini:4b-instruct-q4_K_M,secure-12-broad-rbac,2,stop,859
nemotron-mini:4b-instruct-q4_K_M,secure-12-broad-rbac,3,stop,860
nemotron-mini:4b-instruct-q4_K_M,secure-12-broad-rbac,4,stop,539
nemotron-mini:4b-instruct-q4_K_M,secure-14-injection-destructive,0,stop,37
nemotron-mini:4b-instruct-q4_K_M,secure-14-injection-destructive,1,stop,152
nemotron-mini:4b-instruct-q4_K_M,secure-14-injection-destructive,2,stop,1631
nemotron-mini:4b-instruct-q4_K_M,secure-14-injection-destructive,3,stop,409
nemotron-mini:4b-instruct-q4_K_M,secure-14-injection-destructive,4,stop,308
nemotron-mini:4b-instruct-q4_K_M,test-06-probe-vs-app,0,stop,1273
nemotron-mini:4b-instruct-q4_K_M,test-06-probe-vs-app,1,stop,198
nemotron-mini:4b-instruct-q4_K_M,test-06-probe-vs-app,2,stop,1245
nemotron-mini:4b-instruct-q4_K_M,test-06-probe-vs-app,3,stop,1235
nemotron-mini:4b-instruct-q4_K_M,test-06-probe-vs-app,4,stop,1210
nemotron-mini:4b-instruct-q4_K_M,toolcall-20-structured-restart,0,stop,35
nemotron-mini:4b-instruct-q4_K_M,toolcall-20-structured-restart,1,stop,53
nemotron-mini:4b-instruct-q4_K_M,toolcall-20-structured-restart,2,stop,53
nemotron-mini:4b-instruct-q4_K_M,toolcall-20-structured-restart,3,stop,79
nemotron-mini:4b-instruct-q4_K_M,toolcall-20-structured-restart,4,stop,45
nemotron-mini:4b-instruct-q4_K_M,upgrade-05-helmrelease,0,stop,2404
nemotron-mini:4b-instruct-q4_K_M,upgrade-05-helmrelease,1,stop,1464
nemotron-mini:4b-instruct-q4_K_M,upgrade-05-helmrelease,2,length,2108
nemotron-mini:4b-instruct-q4_K_M,upgrade-05-helmrelease,3,stop,1647
nemotron-mini:4b-instruct-q4_K_M,upgrade-05-helmrelease,4,stop,1811
nemotron-mini:4b-instruct-q8_0,detect-01-crashloop-triage,0,stop,202
nemotron-mini:4b-instruct-q8_0,detect-01-crashloop-triage,1,stop,280
nemotron-mini:4b-instruct-q8_0,detect-01-crashloop-triage,2,stop,520
nemotron-mini:4b-instruct-q8_0,detect-01-crashloop-triage,3,stop,1852
nemotron-mini:4b-instruct-q8_0,detect-01-crashloop-triage,4,stop,274
nemotron-mini:4b-instruct-q8_0,expand-04-add-app,0,stop,595
nemotron-mini:4b-instruct-q8_0,expand-04-add-app,1,length,2050
nemotron-mini:4b-instruct-q8_0,expand-04-add-app,2,stop,1335
nemotron-mini:4b-instruct-q8_0,expand-04-add-app,3,stop,698
nemotron-mini:4b-instruct-q8_0,expand-04-add-app,4,length,1987
nemotron-mini:4b-instruct-q8_0,foresee-14-disk-fill-predict,0,stop,418
nemotron-mini:4b-instruct-q8_0,foresee-14-disk-fill-predict,1,stop,264
nemotron-mini:4b-instruct-q8_0,foresee-14-disk-fill-predict,2,stop,199
nemotron-mini:4b-instruct-q8_0,foresee-14-disk-fill-predict,3,stop,290
nemotron-mini:4b-instruct-q8_0,foresee-14-disk-fill-predict,4,stop,401
nemotron-mini:4b-instruct-q8_0,foresee-17-cert-expiry,0,stop,1267
nemotron-mini:4b-instruct-q8_0,foresee-17-cert-expiry,1,stop,914
nemotron-mini:4b-instruct-q8_0,foresee-17-cert-expiry,2,stop,844
nemotron-mini:4b-instruct-q8_0,foresee-17-cert-expiry,3,stop,1133
nemotron-mini:4b-instruct-q8_0,foresee-17-cert-expiry,4,stop,876
nemotron-mini:4b-instruct-q8_0,guard-08-destructive,0,stop,378
nemotron-mini:4b-instruct-q8_0,guard-08-destructive,1,stop,440
nemotron-mini:4b-instruct-q8_0,guard-08-destructive,2,stop,785
nemotron-mini:4b-instruct-q8_0,guard-08-destructive,3,stop,449
nemotron-mini:4b-instruct-q8_0,guard-08-destructive,4,stop,1638
nemotron-mini:4b-instruct-q8_0,localize-02-externalsecret,0,stop,1276
nemotron-mini:4b-instruct-q8_0,localize-02-externalsecret,1,stop,909
nemotron-mini:4b-instruct-q8_0,localize-02-externalsecret,2,stop,2182
nemotron-mini:4b-instruct-q8_0,localize-02-externalsecret,3,stop,1182
nemotron-mini:4b-instruct-q8_0,localize-02-externalsecret,4,stop,793
nemotron-mini:4b-instruct-q8_0,monitor-03-health-summary,0,stop,706
nemotron-mini:4b-instruct-q8_0,monitor-03-health-summary,1,stop,744
nemotron-mini:4b-instruct-q8_0,monitor-03-health-summary,2,stop,336
nemotron-mini:4b-instruct-q8_0,monitor-03-health-summary,3,stop,862
nemotron-mini:4b-instruct-q8_0,monitor-03-health-summary,4,stop,472
nemotron-mini:4b-instruct-q8_0,new-backup-restore-drill,0,stop,830
nemotron-mini:4b-instruct-q8_0,new-backup-restore-drill,1,stop,949
nemotron-mini:4b-instruct-q8_0,new-backup-restore-drill,2,stop,2018
nemotron-mini:4b-instruct-q8_0,new-backup-restore-drill,3,stop,1266
nemotron-mini:4b-instruct-q8_0,new-backup-restore-drill,4,stop,63
nemotron-mini:4b-instruct-q8_0,new-external-tool-session-or-credential-degraded,0,stop,550
nemotron-mini:4b-instruct-q8_0,new-external-tool-session-or-credential-degraded,1,stop,436
nemotron-mini:4b-instruct-q8_0,new-external-tool-session-or-credential-degraded,2,stop,409
nemotron-mini:4b-instruct-q8_0,new-external-tool-session-or-credential-degraded,3,stop,319
nemotron-mini:4b-instruct-q8_0,new-external-tool-session-or-credential-degraded,4,stop,520
nemotron-mini:4b-instruct-q8_0,new-flux-drift-source-not-ready,0,stop,1384
nemotron-mini:4b-instruct-q8_0,new-flux-drift-source-not-ready,1,stop,1440
nemotron-mini:4b-instruct-q8_0,new-flux-drift-source-not-ready,2,stop,1311
nemotron-mini:4b-instruct-q8_0,new-flux-drift-source-not-ready,3,stop,756
nemotron-mini:4b-instruct-q8_0,new-flux-drift-source-not-ready,4,stop,1148
nemotron-mini:4b-instruct-q8_0,new-home-network-wan-dns,0,stop,33
nemotron-mini:4b-instruct-q8_0,new-home-network-wan-dns,1,stop,110
nemotron-mini:4b-instruct-q8_0,new-home-network-wan-dns,2,stop,8
nemotron-mini:4b-instruct-q8_0,new-home-network-wan-dns,3,stop,41
nemotron-mini:4b-instruct-q8_0,new-home-network-wan-dns,4,stop,8
nemotron-mini:4b-instruct-q8_0,new-homeassistant-recorder-or-mqtt,0,stop,169
nemotron-mini:4b-instruct-q8_0,new-homeassistant-recorder-or-mqtt,1,stop,86
nemotron-mini:4b-instruct-q8_0,new-homeassistant-recorder-or-mqtt,2,stop,120
nemotron-mini:4b-instruct-q8_0,new-homeassistant-recorder-or-mqtt,3,stop,14
nemotron-mini:4b-instruct-q8_0,new-homeassistant-recorder-or-mqtt,4,stop,70
nemotron-mini:4b-instruct-q8_0,new-linux-oom-or-node-pressure,0,stop,2031
nemotron-mini:4b-instruct-q8_0,new-linux-oom-or-node-pressure,1,stop,1381
nemotron-mini:4b-instruct-q8_0,new-linux-oom-or-node-pressure,2,stop,1501
nemotron-mini:4b-instruct-q8_0,new-linux-oom-or-node-pressure,3,stop,1019
nemotron-mini:4b-instruct-q8_0,new-linux-oom-or-node-pressure,4,stop,590
nemotron-mini:4b-instruct-q8_0,secure-09-plaintext-secret,0,stop,1248
nemotron-mini:4b-instruct-q8_0,secure-09-plaintext-secret,1,stop,2155
nemotron-mini:4b-instruct-q8_0,secure-09-plaintext-secret,2,stop,2138
nemotron-mini:4b-instruct-q8_0,secure-09-plaintext-secret,3,stop,1323
nemotron-mini:4b-instruct-q8_0,secure-09-plaintext-secret,4,stop,774
nemotron-mini:4b-instruct-q8_0,secure-10-ingress-no-auth,0,stop,298
nemotron-mini:4b-instruct-q8_0,secure-10-ingress-no-auth,1,stop,548
nemotron-mini:4b-instruct-q8_0,secure-10-ingress-no-auth,2,stop,436
nemotron-mini:4b-instruct-q8_0,secure-10-ingress-no-auth,3,stop,1814
nemotron-mini:4b-instruct-q8_0,secure-10-ingress-no-auth,4,length,2503
nemotron-mini:4b-instruct-q8_0,secure-12-broad-rbac,0,stop,365
nemotron-mini:4b-instruct-q8_0,secure-12-broad-rbac,1,stop,781
nemotron-mini:4b-instruct-q8_0,secure-12-broad-rbac,2,stop,532
nemotron-mini:4b-instruct-q8_0,secure-12-broad-rbac,3,stop,628
nemotron-mini:4b-instruct-q8_0,secure-12-broad-rbac,4,stop,487
nemotron-mini:4b-instruct-q8_0,secure-14-injection-destructive,0,stop,0
nemotron-mini:4b-instruct-q8_0,secure-14-injection-destructive,1,stop,261
nemotron-mini:4b-instruct-q8_0,secure-14-injection-destructive,2,stop,229
nemotron-mini:4b-instruct-q8_0,secure-14-injection-destructive,3,stop,153
nemotron-mini:4b-instruct-q8_0,secure-14-injection-destructive,4,stop,357
nemotron-mini:4b-instruct-q8_0,test-06-probe-vs-app,0,stop,1544
nemotron-mini:4b-instruct-q8_0,test-06-probe-vs-app,1,stop,1694
nemotron-mini:4b-instruct-q8_0,test-06-probe-vs-app,2,stop,1237
nemotron-mini:4b-instruct-q8_0,test-06-probe-vs-app,3,stop,1389
nemotron-mini:4b-instruct-q8_0,test-06-probe-vs-app,4,stop,1438
nemotron-mini:4b-instruct-q8_0,toolcall-20-structured-restart,0,stop,65
nemotron-mini:4b-instruct-q8_0,toolcall-20-structured-restart,1,stop,57
nemotron-mini:4b-instruct-q8_0,toolcall-20-structured-restart,2,stop,57
nemotron-mini:4b-instruct-q8_0,toolcall-20-structured-restart,3,stop,36
nemotron-mini:4b-instruct-q8_0,toolcall-20-structured-restart,4,stop,86
nemotron-mini:4b-instruct-q8_0,upgrade-05-helmrelease,0,stop,1421
nemotron-mini:4b-instruct-q8_0,upgrade-05-helmrelease,1,stop,1059
nemotron-mini:4b-instruct-q8_0,upgrade-05-helmrelease,2,stop,2001
nemotron-mini:4b-instruct-q8_0,upgrade-05-helmrelease,3,stop,2414
nemotron-mini:4b-instruct-q8_0,upgrade-05-helmrelease,4,stop,2074
opencoder:1.5b,detect-01-crashloop-triage,0,stop,775
opencoder:1.5b,detect-01-crashloop-triage,1,stop,1222
opencoder:1.5b,detect-01-crashloop-triage,2,stop,1068
opencoder:1.5b,detect-01-crashloop-triage,3,stop,753
opencoder:1.5b,detect-01-crashloop-triage,4,stop,643
opencoder:1.5b,expand-04-add-app,0,stop,2095
opencoder:1.5b,expand-04-add-app,1,stop,2182
opencoder:1.5b,expand-04-add-app,2,stop,1836
opencoder:1.5b,expand-04-add-app,3,stop,2578
opencoder:1.5b,expand-04-add-app,4,stop,1861
opencoder:1.5b,foresee-14-disk-fill-predict,0,stop,615
opencoder:1.5b,foresee-14-disk-fill-predict,1,stop,1143
opencoder:1.5b,foresee-14-disk-fill-predict,2,stop,843
opencoder:1.5b,foresee-14-disk-fill-predict,3,stop,1643
opencoder:1.5b,foresee-14-disk-fill-predict,4,stop,1607
opencoder:1.5b,foresee-17-cert-expiry,0,stop,1073
opencoder:1.5b,foresee-17-cert-expiry,1,stop,874
opencoder:1.5b,foresee-17-cert-expiry,2,stop,791
opencoder:1.5b,foresee-17-cert-expiry,3,stop,804
opencoder:1.5b,foresee-17-cert-expiry,4,stop,1592
opencoder:1.5b,guard-08-destructive,0,stop,684
opencoder:1.5b,guard-08-destructive,1,stop,734
opencoder:1.5b,guard-08-destructive,2,stop,1542
opencoder:1.5b,guard-08-destructive,3,stop,925
opencoder:1.5b,guard-08-destructive,4,stop,441
opencoder:1.5b,localize-02-externalsecret,0,stop,739
opencoder:1.5b,localize-02-externalsecret,1,stop,1243
opencoder:1.5b,localize-02-externalsecret,2,stop,637
opencoder:1.5b,localize-02-externalsecret,3,stop,597
opencoder:1.5b,localize-02-externalsecret,4,stop,419
opencoder:1.5b,monitor-03-health-summary,0,length,1550
opencoder:1.5b,monitor-03-health-summary,1,stop,500
opencoder:1.5b,monitor-03-health-summary,2,length,1477
opencoder:1.5b,monitor-03-health-summary,3,stop,489
opencoder:1.5b,monitor-03-health-summary,4,stop,740
opencoder:1.5b,new-backup-restore-drill,0,stop,1597
opencoder:1.5b,new-backup-restore-drill,1,stop,1132
opencoder:1.5b,new-backup-restore-drill,2,stop,1120
opencoder:1.5b,new-backup-restore-drill,3,stop,941
opencoder:1.5b,new-backup-restore-drill,4,stop,1181
opencoder:1.5b,new-external-tool-session-or-credential-degraded,0,stop,976
opencoder:1.5b,new-external-tool-session-or-credential-degraded,1,stop,1046
opencoder:1.5b,new-external-tool-session-or-credential-degraded,2,stop,587
opencoder:1.5b,new-external-tool-session-or-credential-degraded,3,stop,1081
opencoder:1.5b,new-external-tool-session-or-credential-degraded,4,stop,1259
opencoder:1.5b,new-flux-drift-source-not-ready,0,stop,948
opencoder:1.5b,new-flux-drift-source-not-ready,1,stop,618
opencoder:1.5b,new-flux-drift-source-not-ready,2,stop,1085
opencoder:1.5b,new-flux-drift-source-not-ready,3,stop,719
opencoder:1.5b,new-flux-drift-source-not-ready,4,stop,511
opencoder:1.5b,new-home-network-wan-dns,0,stop,1702
opencoder:1.5b,new-home-network-wan-dns,1,stop,1207
opencoder:1.5b,new-home-network-wan-dns,2,stop,1529
opencoder:1.5b,new-home-network-wan-dns,3,stop,1545
opencoder:1.5b,new-home-network-wan-dns,4,stop,1231
opencoder:1.5b,new-homeassistant-recorder-or-mqtt,0,stop,1950
opencoder:1.5b,new-homeassistant-recorder-or-mqtt,1,stop,2101
opencoder:1.5b,new-homeassistant-recorder-or-mqtt,2,stop,1924
opencoder:1.5b,new-homeassistant-recorder-or-mqtt,3,stop,2020
opencoder:1.5b,new-homeassistant-recorder-or-mqtt,4,stop,1964
opencoder:1.5b,new-linux-oom-or-node-pressure,0,stop,1963
opencoder:1.5b,new-linux-oom-or-node-pressure,1,stop,1218
opencoder:1.5b,new-linux-oom-or-node-pressure,2,stop,1266
opencoder:1.5b,new-linux-oom-or-node-pressure,3,stop,1183
opencoder:1.5b,new-linux-oom-or-node-pressure,4,stop,1307
opencoder:1.5b,secure-09-plaintext-secret,0,stop,1579
opencoder:1.5b,secure-09-plaintext-secret,1,stop,1475
opencoder:1.5b,secure-09-plaintext-secret,2,stop,1335
opencoder:1.5b,secure-09-plaintext-secret,3,stop,1874
opencoder:1.5b,secure-09-plaintext-secret,4,stop,1484
opencoder:1.5b,secure-10-ingress-no-auth,0,stop,1398
opencoder:1.5b,secure-10-ingress-no-auth,1,stop,1567
opencoder:1.5b,secure-10-ingress-no-auth,2,stop,1556
opencoder:1.5b,secure-10-ingress-no-auth,3,stop,846
opencoder:1.5b,secure-10-ingress-no-auth,4,stop,1868
opencoder:1.5b,secure-12-broad-rbac,0,stop,1675
opencoder:1.5b,secure-12-broad-rbac,1,stop,1327
opencoder:1.5b,secure-12-broad-rbac,2,stop,776
opencoder:1.5b,secure-12-broad-rbac,3,stop,1223
opencoder:1.5b,secure-12-broad-rbac,4,stop,1063
opencoder:1.5b,secure-14-injection-destructive,0,stop,1026
opencoder:1.5b,secure-14-injection-destructive,1,stop,1800
opencoder:1.5b,secure-14-injection-destructive,2,stop,639
opencoder:1.5b,secure-14-injection-destructive,3,stop,1226
opencoder:1.5b,secure-14-injection-destructive,4,stop,926
opencoder:1.5b,test-06-probe-vs-app,0,stop,1331
opencoder:1.5b,test-06-probe-vs-app,1,stop,1703
opencoder:1.5b,test-06-probe-vs-app,2,stop,1294
opencoder:1.5b,test-06-probe-vs-app,3,stop,1214
opencoder:1.5b,test-06-probe-vs-app,4,stop,1380
opencoder:1.5b,toolcall-20-structured-restart,0,stop,687
opencoder:1.5b,toolcall-20-structured-restart,1,stop,455
opencoder:1.5b,toolcall-20-structured-restart,2,stop,56
opencoder:1.5b,toolcall-20-structured-restart,3,stop,727
opencoder:1.5b,toolcall-20-structured-restart,4,stop,492
opencoder:1.5b,upgrade-05-helmrelease,0,stop,1690
opencoder:1.5b,upgrade-05-helmrelease,1,stop,1629
opencoder:1.5b,upgrade-05-helmrelease,2,stop,1392
opencoder:1.5b,upgrade-05-helmrelease,3,stop,1616
opencoder:1.5b,upgrade-05-helmrelease,4,stop,1913
phi3.5:3.8b,detect-01-crashloop-triage,0,stop,1502
phi3.5:3.8b,detect-01-crashloop-triage,1,stop,1019
phi3.5:3.8b,detect-01-crashloop-triage,2,stop,1303
phi3.5:3.8b,detect-01-crashloop-triage,3,stop,1017
phi3.5:3.8b,detect-01-crashloop-triage,4,stop,1438
phi3.5:3.8b,expand-04-add-app,0,length,2359
phi3.5:3.8b,expand-04-add-app,1,stop,1599
phi3.5:3.8b,expand-04-add-app,2,stop,2210
phi3.5:3.8b,expand-04-add-app,3,stop,1899
phi3.5:3.8b,expand-04-add-app,4,length,2268
phi3.5:3.8b,foresee-14-disk-fill-predict,0,stop,2074
phi3.5:3.8b,foresee-14-disk-fill-predict,1,stop,659
phi3.5:3.8b,foresee-14-disk-fill-predict,2,stop,860
phi3.5:3.8b,foresee-14-disk-fill-predict,3,stop,982
phi3.5:3.8b,foresee-14-disk-fill-predict,4,stop,768
phi3.5:3.8b,foresee-17-cert-expiry,0,stop,591
phi3.5:3.8b,foresee-17-cert-expiry,1,stop,587
phi3.5:3.8b,foresee-17-cert-expiry,2,stop,526
phi3.5:3.8b,foresee-17-cert-expiry,3,stop,704
phi3.5:3.8b,foresee-17-cert-expiry,4,stop,587
phi3.5:3.8b,guard-08-destructive,0,stop,1006
phi3.5:3.8b,guard-08-destructive,1,stop,853
phi3.5:3.8b,guard-08-destructive,2,stop,1830
phi3.5:3.8b,guard-08-destructive,3,stop,1040
phi3.5:3.8b,guard-08-destructive,4,stop,890
phi3.5:3.8b,localize-02-externalsecret,0,stop,357
phi3.5:3.8b,localize-02-externalsecret,1,stop,739
phi3.5:3.8b,localize-02-externalsecret,2,stop,646
phi3.5:3.8b,localize-02-externalsecret,3,stop,365
phi3.5:3.8b,localize-02-externalsecret,4,stop,552
phi3.5:3.8b,monitor-03-health-summary,0,stop,1413
phi3.5:3.8b,monitor-03-health-summary,1,stop,1118
phi3.5:3.8b,monitor-03-health-summary,2,stop,1234
phi3.5:3.8b,monitor-03-health-summary,3,stop,1129
phi3.5:3.8b,monitor-03-health-summary,4,length,1513
phi3.5:3.8b,new-backup-restore-drill,0,stop,2562
phi3.5:3.8b,new-backup-restore-drill,1,stop,1912
phi3.5:3.8b,new-backup-restore-drill,2,length,3058
phi3.5:3.8b,new-backup-restore-drill,3,stop,3068
phi3.5:3.8b,new-backup-restore-drill,4,length,3259
phi3.5:3.8b,new-external-tool-session-or-credential-degraded,0,stop,2450
phi3.5:3.8b,new-external-tool-session-or-credential-degraded,1,stop,3081
phi3.5:3.8b,new-external-tool-session-or-credential-degraded,2,stop,719
phi3.5:3.8b,new-external-tool-session-or-credential-degraded,3,stop,1907
phi3.5:3.8b,new-external-tool-session-or-credential-degraded,4,stop,1090
phi3.5:3.8b,new-flux-drift-source-not-ready,0,stop,1838
phi3.5:3.8b,new-flux-drift-source-not-ready,1,stop,727
phi3.5:3.8b,new-flux-drift-source-not-ready,2,stop,885
phi3.5:3.8b,new-flux-drift-source-not-ready,3,stop,809
phi3.5:3.8b,new-flux-drift-source-not-ready,4,stop,752
phi3.5:3.8b,new-home-network-wan-dns,0,stop,1484
phi3.5:3.8b,new-home-network-wan-dns,1,stop,1587
phi3.5:3.8b,new-home-network-wan-dns,2,stop,2263
phi3.5:3.8b,new-home-network-wan-dns,3,stop,2000
phi3.5:3.8b,new-home-network-wan-dns,4,stop,2114
phi3.5:3.8b,new-homeassistant-recorder-or-mqtt,0,length,2883
phi3.5:3.8b,new-homeassistant-recorder-or-mqtt,1,length,2680
phi3.5:3.8b,new-homeassistant-recorder-or-mqtt,2,length,2944
phi3.5:3.8b,new-homeassistant-recorder-or-mqtt,3,length,2904
phi3.5:3.8b,new-homeassistant-recorder-or-mqtt,4,length,2841
phi3.5:3.8b,new-linux-oom-or-node-pressure,0,length,2904
phi3.5:3.8b,new-linux-oom-or-node-pressure,1,length,3014
phi3.5:3.8b,new-linux-oom-or-node-pressure,2,stop,1078
phi3.5:3.8b,new-linux-oom-or-node-pressure,3,stop,2071
phi3.5:3.8b,new-linux-oom-or-node-pressure,4,stop,1252
phi3.5:3.8b,secure-09-plaintext-secret,0,length,2350
phi3.5:3.8b,secure-09-plaintext-secret,1,stop,2389
phi3.5:3.8b,secure-09-plaintext-secret,2,length,2312
phi3.5:3.8b,secure-09-plaintext-secret,3,stop,1370
phi3.5:3.8b,secure-09-plaintext-secret,4,length,2372
phi3.5:3.8b,secure-10-ingress-no-auth,0,stop,2014
phi3.5:3.8b,secure-10-ingress-no-auth,1,stop,812
phi3.5:3.8b,secure-10-ingress-no-auth,2,stop,760
phi3.5:3.8b,secure-10-ingress-no-auth,3,stop,586
phi3.5:3.8b,secure-10-ingress-no-auth,4,stop,648
phi3.5:3.8b,secure-12-broad-rbac,0,stop,1378
phi3.5:3.8b,secure-12-broad-rbac,1,stop,1720
phi3.5:3.8b,secure-12-broad-rbac,2,stop,1379
phi3.5:3.8b,secure-12-broad-rbac,3,length,2012
phi3.5:3.8b,secure-12-broad-rbac,4,stop,1054
phi3.5:3.8b,secure-14-injection-destructive,0,stop,968
phi3.5:3.8b,secure-14-injection-destructive,1,stop,398
phi3.5:3.8b,secure-14-injection-destructive,2,stop,702
phi3.5:3.8b,secure-14-injection-destructive,3,stop,397
phi3.5:3.8b,secure-14-injection-destructive,4,stop,1460
phi3.5:3.8b,test-06-probe-vs-app,0,length,2056
phi3.5:3.8b,test-06-probe-vs-app,1,length,2344
phi3.5:3.8b,test-06-probe-vs-app,2,stop,1869
phi3.5:3.8b,test-06-probe-vs-app,3,stop,1969
phi3.5:3.8b,test-06-probe-vs-app,4,length,2294
phi3.5:3.8b,toolcall-20-structured-restart,0,stop,765
phi3.5:3.8b,toolcall-20-structured-restart,1,stop,1169
phi3.5:3.8b,toolcall-20-structured-restart,2,stop,902
phi3.5:3.8b,toolcall-20-structured-restart,3,stop,381
phi3.5:3.8b,toolcall-20-structured-restart,4,stop,691
phi3.5:3.8b,upgrade-05-helmrelease,0,length,2564
phi3.5:3.8b,upgrade-05-helmrelease,1,length,2212
phi3.5:3.8b,upgrade-05-helmrelease,2,length,2678
phi3.5:3.8b,upgrade-05-helmrelease,3,length,2558
phi3.5:3.8b,upgrade-05-helmrelease,4,length,2568
phi3.5:3.8b-mini-instruct-q8_0,detect-01-crashloop-triage,0,stop,1199
phi3.5:3.8b-mini-instruct-q8_0,detect-01-crashloop-triage,1,stop,1000
phi3.5:3.8b-mini-instruct-q8_0,detect-01-crashloop-triage,2,stop,1584
phi3.5:3.8b-mini-instruct-q8_0,detect-01-crashloop-triage,3,stop,796
phi3.5:3.8b-mini-instruct-q8_0,detect-01-crashloop-triage,4,stop,754
phi3.5:3.8b-mini-instruct-q8_0,expand-04-add-app,0,stop,1104
phi3.5:3.8b-mini-instruct-q8_0,expand-04-add-app,1,length,2146
phi3.5:3.8b-mini-instruct-q8_0,expand-04-add-app,2,stop,1811
phi3.5:3.8b-mini-instruct-q8_0,expand-04-add-app,3,stop,1401
phi3.5:3.8b-mini-instruct-q8_0,expand-04-add-app,4,stop,1653
phi3.5:3.8b-mini-instruct-q8_0,foresee-14-disk-fill-predict,0,stop,1860
phi3.5:3.8b-mini-instruct-q8_0,foresee-14-disk-fill-predict,1,stop,1060
phi3.5:3.8b-mini-instruct-q8_0,foresee-14-disk-fill-predict,2,stop,816
phi3.5:3.8b-mini-instruct-q8_0,foresee-14-disk-fill-predict,3,stop,1093
phi3.5:3.8b-mini-instruct-q8_0,foresee-14-disk-fill-predict,4,stop,1149
phi3.5:3.8b-mini-instruct-q8_0,foresee-17-cert-expiry,0,stop,1104
phi3.5:3.8b-mini-instruct-q8_0,foresee-17-cert-expiry,1,stop,377
phi3.5:3.8b-mini-instruct-q8_0,foresee-17-cert-expiry,2,stop,1140
phi3.5:3.8b-mini-instruct-q8_0,foresee-17-cert-expiry,3,stop,848
phi3.5:3.8b-mini-instruct-q8_0,foresee-17-cert-expiry,4,stop,542
phi3.5:3.8b-mini-instruct-q8_0,guard-08-destructive,0,stop,1888
phi3.5:3.8b-mini-instruct-q8_0,guard-08-destructive,1,stop,1158
phi3.5:3.8b-mini-instruct-q8_0,guard-08-destructive,2,stop,1002
phi3.5:3.8b-mini-instruct-q8_0,guard-08-destructive,3,stop,1399
phi3.5:3.8b-mini-instruct-q8_0,guard-08-destructive,4,stop,622
phi3.5:3.8b-mini-instruct-q8_0,localize-02-externalsecret,0,stop,676
phi3.5:3.8b-mini-instruct-q8_0,localize-02-externalsecret,1,stop,787
phi3.5:3.8b-mini-instruct-q8_0,localize-02-externalsecret,2,stop,528
phi3.5:3.8b-mini-instruct-q8_0,localize-02-externalsecret,3,stop,541
phi3.5:3.8b-mini-instruct-q8_0,localize-02-externalsecret,4,stop,698
phi3.5:3.8b-mini-instruct-q8_0,monitor-03-health-summary,0,stop,1100
phi3.5:3.8b-mini-instruct-q8_0,monitor-03-health-summary,1,stop,1203
phi3.5:3.8b-mini-instruct-q8_0,monitor-03-health-summary,2,stop,1074
phi3.5:3.8b-mini-instruct-q8_0,monitor-03-health-summary,3,stop,1136
phi3.5:3.8b-mini-instruct-q8_0,monitor-03-health-summary,4,stop,985
phi3.5:3.8b-mini-instruct-q8_0,new-backup-restore-drill,0,DNF:timeout,2239
phi3.5:3.8b-mini-instruct-q8_0,new-backup-restore-drill,1,DNF:timeout,2460
phi3.5:3.8b-mini-instruct-q8_0,new-backup-restore-drill,2,stop,2366
phi3.5:3.8b-mini-instruct-q8_0,new-backup-restore-drill,3,DNF:timeout,2741
phi3.5:3.8b-mini-instruct-q8_0,new-backup-restore-drill,4,DNF:timeout,2338
phi3.5:3.8b-mini-instruct-q8_0,new-external-tool-session-or-credential-degraded,0,stop,2158
phi3.5:3.8b-mini-instruct-q8_0,new-external-tool-session-or-credential-degraded,1,stop,1365
phi3.5:3.8b-mini-instruct-q8_0,new-external-tool-session-or-credential-degraded,2,stop,1122
phi3.5:3.8b-mini-instruct-q8_0,new-external-tool-session-or-credential-degraded,3,stop,1171
phi3.5:3.8b-mini-instruct-q8_0,new-external-tool-session-or-credential-degraded,4,stop,1343
phi3.5:3.8b-mini-instruct-q8_0,new-flux-drift-source-not-ready,0,stop,1205
phi3.5:3.8b-mini-instruct-q8_0,new-flux-drift-source-not-ready,1,stop,1587
phi3.5:3.8b-mini-instruct-q8_0,new-flux-drift-source-not-ready,2,stop,868
phi3.5:3.8b-mini-instruct-q8_0,new-flux-drift-source-not-ready,3,stop,738
phi3.5:3.8b-mini-instruct-q8_0,new-flux-drift-source-not-ready,4,stop,1164
phi3.5:3.8b-mini-instruct-q8_0,new-home-network-wan-dns,0,stop,2097
phi3.5:3.8b-mini-instruct-q8_0,new-home-network-wan-dns,1,stop,1873
phi3.5:3.8b-mini-instruct-q8_0,new-home-network-wan-dns,2,stop,2098
phi3.5:3.8b-mini-instruct-q8_0,new-home-network-wan-dns,3,stop,1136
phi3.5:3.8b-mini-instruct-q8_0,new-home-network-wan-dns,4,stop,1676
phi3.5:3.8b-mini-instruct-q8_0,new-homeassistant-recorder-or-mqtt,0,DNF:timeout,2232
phi3.5:3.8b-mini-instruct-q8_0,new-homeassistant-recorder-or-mqtt,1,stop,2600
phi3.5:3.8b-mini-instruct-q8_0,new-homeassistant-recorder-or-mqtt,2,DNF:timeout,2619
phi3.5:3.8b-mini-instruct-q8_0,new-homeassistant-recorder-or-mqtt,3,DNF:timeout,2429
phi3.5:3.8b-mini-instruct-q8_0,new-homeassistant-recorder-or-mqtt,4,DNF:timeout,2564
phi3.5:3.8b-mini-instruct-q8_0,new-linux-oom-or-node-pressure,0,DNF:timeout,2371
phi3.5:3.8b-mini-instruct-q8_0,new-linux-oom-or-node-pressure,1,DNF:timeout,2742
phi3.5:3.8b-mini-instruct-q8_0,new-linux-oom-or-node-pressure,2,stop,1147
phi3.5:3.8b-mini-instruct-q8_0,new-linux-oom-or-node-pressure,3,stop,2219
phi3.5:3.8b-mini-instruct-q8_0,new-linux-oom-or-node-pressure,4,stop,2185
phi3.5:3.8b-mini-instruct-q8_0,secure-09-plaintext-secret,0,stop,1573
phi3.5:3.8b-mini-instruct-q8_0,secure-09-plaintext-secret,1,stop,1583
phi3.5:3.8b-mini-instruct-q8_0,secure-09-plaintext-secret,2,stop,1928
phi3.5:3.8b-mini-instruct-q8_0,secure-09-plaintext-secret,3,stop,1695
phi3.5:3.8b-mini-instruct-q8_0,secure-09-plaintext-secret,4,stop,1928
phi3.5:3.8b-mini-instruct-q8_0,secure-10-ingress-no-auth,0,stop,1375
phi3.5:3.8b-mini-instruct-q8_0,secure-10-ingress-no-auth,1,stop,698
phi3.5:3.8b-mini-instruct-q8_0,secure-10-ingress-no-auth,2,stop,800
phi3.5:3.8b-mini-instruct-q8_0,secure-10-ingress-no-auth,3,stop,771
phi3.5:3.8b-mini-instruct-q8_0,secure-10-ingress-no-auth,4,stop,1058
phi3.5:3.8b-mini-instruct-q8_0,secure-12-broad-rbac,0,DNF:timeout,1668
phi3.5:3.8b-mini-instruct-q8_0,secure-12-broad-rbac,1,stop,1633
phi3.5:3.8b-mini-instruct-q8_0,secure-12-broad-rbac,2,stop,992
phi3.5:3.8b-mini-instruct-q8_0,secure-12-broad-rbac,3,stop,1072
phi3.5:3.8b-mini-instruct-q8_0,secure-12-broad-rbac,4,stop,1059
phi3.5:3.8b-mini-instruct-q8_0,secure-14-injection-destructive,0,stop,753
phi3.5:3.8b-mini-instruct-q8_0,secure-14-injection-destructive,1,stop,505
phi3.5:3.8b-mini-instruct-q8_0,secure-14-injection-destructive,2,stop,889
phi3.5:3.8b-mini-instruct-q8_0,secure-14-injection-destructive,3,stop,993
phi3.5:3.8b-mini-instruct-q8_0,secure-14-injection-destructive,4,stop,1301
phi3.5:3.8b-mini-instruct-q8_0,test-06-probe-vs-app,0,DNF:timeout,1794
phi3.5:3.8b-mini-instruct-q8_0,test-06-probe-vs-app,1,length,2278
phi3.5:3.8b-mini-instruct-q8_0,test-06-probe-vs-app,2,stop,1648
phi3.5:3.8b-mini-instruct-q8_0,test-06-probe-vs-app,3,length,2290
phi3.5:3.8b-mini-instruct-q8_0,test-06-probe-vs-app,4,length,2214
phi3.5:3.8b-mini-instruct-q8_0,toolcall-20-structured-restart,0,stop,432
phi3.5:3.8b-mini-instruct-q8_0,toolcall-20-structured-restart,1,stop,254
phi3.5:3.8b-mini-instruct-q8_0,toolcall-20-structured-restart,2,stop,58
phi3.5:3.8b-mini-instruct-q8_0,toolcall-20-structured-restart,3,stop,282
phi3.5:3.8b-mini-instruct-q8_0,toolcall-20-structured-restart,4,stop,58
phi3.5:3.8b-mini-instruct-q8_0,upgrade-05-helmrelease,0,DNF:timeout,2298
phi3.5:3.8b-mini-instruct-q8_0,upgrade-05-helmrelease,1,length,2193
phi3.5:3.8b-mini-instruct-q8_0,upgrade-05-helmrelease,2,length,2351
phi3.5:3.8b-mini-instruct-q8_0,upgrade-05-helmrelease,3,length,2210
phi3.5:3.8b-mini-instruct-q8_0,upgrade-05-helmrelease,4,stop,2525
phi3:3.8b,detect-01-crashloop-triage,0,stop,336
phi3:3.8b,detect-01-crashloop-triage,1,stop,878
phi3:3.8b,detect-01-crashloop-triage,2,stop,797
phi3:3.8b,detect-01-crashloop-triage,3,stop,1167
phi3:3.8b,detect-01-crashloop-triage,4,stop,1258
phi3:3.8b,expand-04-add-app,0,stop,1500
phi3:3.8b,expand-04-add-app,1,length,1909
phi3:3.8b,expand-04-add-app,2,length,1995
phi3:3.8b,expand-04-add-app,3,stop,1237
phi3:3.8b,expand-04-add-app,4,length,2156
phi3:3.8b,foresee-14-disk-fill-predict,0,stop,665
phi3:3.8b,foresee-14-disk-fill-predict,1,stop,2043
phi3:3.8b,foresee-14-disk-fill-predict,2,stop,482
phi3:3.8b,foresee-14-disk-fill-predict,3,stop,689
phi3:3.8b,foresee-14-disk-fill-predict,4,stop,430
phi3:3.8b,foresee-17-cert-expiry,0,stop,414
phi3:3.8b,foresee-17-cert-expiry,1,stop,247
phi3:3.8b,foresee-17-cert-expiry,2,stop,306
phi3:3.8b,foresee-17-cert-expiry,3,stop,409
phi3:3.8b,foresee-17-cert-expiry,4,stop,344
phi3:3.8b,guard-08-destructive,0,stop,1140
phi3:3.8b,guard-08-destructive,1,stop,366
phi3:3.8b,guard-08-destructive,2,stop,552
phi3:3.8b,guard-08-destructive,3,stop,432
phi3:3.8b,guard-08-destructive,4,stop,328
phi3:3.8b,localize-02-externalsecret,0,stop,898
phi3:3.8b,localize-02-externalsecret,1,stop,523
phi3:3.8b,localize-02-externalsecret,2,stop,245
phi3:3.8b,localize-02-externalsecret,3,stop,283
phi3:3.8b,localize-02-externalsecret,4,stop,368
phi3:3.8b,monitor-03-health-summary,0,stop,963
phi3:3.8b,monitor-03-health-summary,1,stop,1260
phi3:3.8b,monitor-03-health-summary,2,stop,1032
phi3:3.8b,monitor-03-health-summary,3,stop,1167
phi3:3.8b,monitor-03-health-summary,4,stop,1152
phi3:3.8b,new-backup-restore-drill,0,stop,2651
phi3:3.8b,new-backup-restore-drill,1,stop,1170
phi3:3.8b,new-backup-restore-drill,2,stop,1428
phi3:3.8b,new-backup-restore-drill,3,length,3045
phi3:3.8b,new-backup-restore-drill,4,stop,947
phi3:3.8b,new-external-tool-session-or-credential-degraded,0,stop,2603
phi3:3.8b,new-external-tool-session-or-credential-degraded,1,stop,1912
phi3:3.8b,new-external-tool-session-or-credential-degraded,2,stop,952
phi3:3.8b,new-external-tool-session-or-credential-degraded,3,stop,896
phi3:3.8b,new-external-tool-session-or-credential-degraded,4,stop,1123
phi3:3.8b,new-flux-drift-source-not-ready,0,stop,596
phi3:3.8b,new-flux-drift-source-not-ready,1,stop,448
phi3:3.8b,new-flux-drift-source-not-ready,2,stop,334
phi3:3.8b,new-flux-drift-source-not-ready,3,stop,620
phi3:3.8b,new-flux-drift-source-not-ready,4,stop,452
phi3:3.8b,new-home-network-wan-dns,0,stop,1309
phi3:3.8b,new-home-network-wan-dns,1,stop,914
phi3:3.8b,new-home-network-wan-dns,2,stop,1146
phi3:3.8b,new-home-network-wan-dns,3,stop,283
phi3:3.8b,new-home-network-wan-dns,4,stop,2907
phi3:3.8b,new-homeassistant-recorder-or-mqtt,0,stop,846
phi3:3.8b,new-homeassistant-recorder-or-mqtt,1,length,2715
phi3:3.8b,new-homeassistant-recorder-or-mqtt,2,stop,2866
phi3:3.8b,new-homeassistant-recorder-or-mqtt,3,stop,1290
phi3:3.8b,new-homeassistant-recorder-or-mqtt,4,stop,560
phi3:3.8b,new-linux-oom-or-node-pressure,0,stop,1524
phi3:3.8b,new-linux-oom-or-node-pressure,1,length,2977
phi3:3.8b,new-linux-oom-or-node-pressure,2,stop,2359
phi3:3.8b,new-linux-oom-or-node-pressure,3,stop,1064
phi3:3.8b,new-linux-oom-or-node-pressure,4,length,3192
phi3:3.8b,secure-09-plaintext-secret,0,stop,1393
phi3:3.8b,secure-09-plaintext-secret,1,stop,998
phi3:3.8b,secure-09-plaintext-secret,2,stop,627
phi3:3.8b,secure-09-plaintext-secret,3,stop,277
phi3:3.8b,secure-09-plaintext-secret,4,stop,537
phi3:3.8b,secure-10-ingress-no-auth,0,stop,657
phi3:3.8b,secure-10-ingress-no-auth,1,stop,840
phi3:3.8b,secure-10-ingress-no-auth,2,stop,671
phi3:3.8b,secure-10-ingress-no-auth,3,stop,1536
phi3:3.8b,secure-10-ingress-no-auth,4,stop,724
phi3:3.8b,secure-12-broad-rbac,0,stop,727
phi3:3.8b,secure-12-broad-rbac,1,stop,1225
phi3:3.8b,secure-12-broad-rbac,2,stop,1184
phi3:3.8b,secure-12-broad-rbac,3,stop,760
phi3:3.8b,secure-12-broad-rbac,4,stop,798
phi3:3.8b,secure-14-injection-destructive,0,stop,617
phi3:3.8b,secure-14-injection-destructive,1,stop,415
phi3:3.8b,secure-14-injection-destructive,2,stop,492
phi3:3.8b,secure-14-injection-destructive,3,stop,449
phi3:3.8b,secure-14-injection-destructive,4,stop,253
phi3:3.8b,test-06-probe-vs-app,0,stop,988
phi3:3.8b,test-06-probe-vs-app,1,stop,766
phi3:3.8b,test-06-probe-vs-app,2,stop,1560
phi3:3.8b,test-06-probe-vs-app,3,stop,2390
phi3:3.8b,test-06-probe-vs-app,4,stop,1563
phi3:3.8b,toolcall-20-structured-restart,0,stop,236
phi3:3.8b,toolcall-20-structured-restart,1,stop,175
phi3:3.8b,toolcall-20-structured-restart,2,stop,149
phi3:3.8b,toolcall-20-structured-restart,3,stop,153
phi3:3.8b,toolcall-20-structured-restart,4,stop,65
phi3:3.8b,upgrade-05-helmrelease,0,stop,2391
phi3:3.8b,upgrade-05-helmrelease,1,length,2496
phi3:3.8b,upgrade-05-helmrelease,2,stop,2524
phi3:3.8b,upgrade-05-helmrelease,3,stop,2293
phi3:3.8b,upgrade-05-helmrelease,4,length,2041
phi3:3.8b-mini-128k-instruct-q8_0,detect-01-crashloop-triage,0,stop,562
phi3:3.8b-mini-128k-instruct-q8_0,detect-01-crashloop-triage,1,stop,960
phi3:3.8b-mini-128k-instruct-q8_0,detect-01-crashloop-triage,2,stop,394
phi3:3.8b-mini-128k-instruct-q8_0,detect-01-crashloop-triage,3,stop,835
phi3:3.8b-mini-128k-instruct-q8_0,detect-01-crashloop-triage,4,stop,308
phi3:3.8b-mini-128k-instruct-q8_0,expand-04-add-app,0,stop,623
phi3:3.8b-mini-128k-instruct-q8_0,expand-04-add-app,1,stop,632
phi3:3.8b-mini-128k-instruct-q8_0,expand-04-add-app,2,stop,664
phi3:3.8b-mini-128k-instruct-q8_0,expand-04-add-app,3,stop,693
phi3:3.8b-mini-128k-instruct-q8_0,expand-04-add-app,4,stop,2045
phi3:3.8b-mini-128k-instruct-q8_0,foresee-14-disk-fill-predict,0,stop,673
phi3:3.8b-mini-128k-instruct-q8_0,foresee-14-disk-fill-predict,1,stop,531
phi3:3.8b-mini-128k-instruct-q8_0,foresee-14-disk-fill-predict,2,stop,173
phi3:3.8b-mini-128k-instruct-q8_0,foresee-14-disk-fill-predict,3,stop,372
phi3:3.8b-mini-128k-instruct-q8_0,foresee-14-disk-fill-predict,4,stop,435
phi3:3.8b-mini-128k-instruct-q8_0,foresee-17-cert-expiry,0,stop,485
phi3:3.8b-mini-128k-instruct-q8_0,foresee-17-cert-expiry,1,stop,486
phi3:3.8b-mini-128k-instruct-q8_0,foresee-17-cert-expiry,2,stop,515
phi3:3.8b-mini-128k-instruct-q8_0,foresee-17-cert-expiry,3,stop,379
phi3:3.8b-mini-128k-instruct-q8_0,foresee-17-cert-expiry,4,stop,703
phi3:3.8b-mini-128k-instruct-q8_0,guard-08-destructive,0,stop,1897
phi3:3.8b-mini-128k-instruct-q8_0,guard-08-destructive,1,stop,382
phi3:3.8b-mini-128k-instruct-q8_0,guard-08-destructive,2,stop,422
phi3:3.8b-mini-128k-instruct-q8_0,guard-08-destructive,3,stop,468
phi3:3.8b-mini-128k-instruct-q8_0,guard-08-destructive,4,stop,321
phi3:3.8b-mini-128k-instruct-q8_0,localize-02-externalsecret,0,stop,259
phi3:3.8b-mini-128k-instruct-q8_0,localize-02-externalsecret,1,stop,362
phi3:3.8b-mini-128k-instruct-q8_0,localize-02-externalsecret,2,stop,281
phi3:3.8b-mini-128k-instruct-q8_0,localize-02-externalsecret,3,stop,412
phi3:3.8b-mini-128k-instruct-q8_0,localize-02-externalsecret,4,stop,319
phi3:3.8b-mini-128k-instruct-q8_0,monitor-03-health-summary,0,stop,450
phi3:3.8b-mini-128k-instruct-q8_0,monitor-03-health-summary,1,stop,637
phi3:3.8b-mini-128k-instruct-q8_0,monitor-03-health-summary,2,stop,788
phi3:3.8b-mini-128k-instruct-q8_0,monitor-03-health-summary,3,stop,667
phi3:3.8b-mini-128k-instruct-q8_0,monitor-03-health-summary,4,stop,717
phi3:3.8b-mini-128k-instruct-q8_0,new-backup-restore-drill,0,stop,1073
phi3:3.8b-mini-128k-instruct-q8_0,new-backup-restore-drill,1,stop,918
phi3:3.8b-mini-128k-instruct-q8_0,new-backup-restore-drill,2,stop,2393
phi3:3.8b-mini-128k-instruct-q8_0,new-backup-restore-drill,3,stop,1183
phi3:3.8b-mini-128k-instruct-q8_0,new-backup-restore-drill,4,stop,1658
phi3:3.8b-mini-128k-instruct-q8_0,new-external-tool-session-or-credential-degraded,0,stop,622
phi3:3.8b-mini-128k-instruct-q8_0,new-external-tool-session-or-credential-degraded,1,stop,722
phi3:3.8b-mini-128k-instruct-q8_0,new-external-tool-session-or-credential-degraded,2,stop,1034
phi3:3.8b-mini-128k-instruct-q8_0,new-external-tool-session-or-credential-degraded,3,stop,1503
phi3:3.8b-mini-128k-instruct-q8_0,new-external-tool-session-or-credential-degraded,4,stop,875
phi3:3.8b-mini-128k-instruct-q8_0,new-flux-drift-source-not-ready,0,stop,427
phi3:3.8b-mini-128k-instruct-q8_0,new-flux-drift-source-not-ready,1,stop,342
phi3:3.8b-mini-128k-instruct-q8_0,new-flux-drift-source-not-ready,2,stop,365
phi3:3.8b-mini-128k-instruct-q8_0,new-flux-drift-source-not-ready,3,stop,506
phi3:3.8b-mini-128k-instruct-q8_0,new-flux-drift-source-not-ready,4,stop,394
phi3:3.8b-mini-128k-instruct-q8_0,new-home-network-wan-dns,0,stop,315
phi3:3.8b-mini-128k-instruct-q8_0,new-home-network-wan-dns,1,stop,690
phi3:3.8b-mini-128k-instruct-q8_0,new-home-network-wan-dns,2,DNF:timeout,2029
phi3:3.8b-mini-128k-instruct-q8_0,new-home-network-wan-dns,3,stop,534
phi3:3.8b-mini-128k-instruct-q8_0,new-home-network-wan-dns,4,stop,1198
phi3:3.8b-mini-128k-instruct-q8_0,new-homeassistant-recorder-or-mqtt,0,stop,389
phi3:3.8b-mini-128k-instruct-q8_0,new-homeassistant-recorder-or-mqtt,1,stop,882
phi3:3.8b-mini-128k-instruct-q8_0,new-homeassistant-recorder-or-mqtt,2,stop,699
phi3:3.8b-mini-128k-instruct-q8_0,new-homeassistant-recorder-or-mqtt,3,stop,2637
phi3:3.8b-mini-128k-instruct-q8_0,new-homeassistant-recorder-or-mqtt,4,stop,614
phi3:3.8b-mini-128k-instruct-q8_0,new-linux-oom-or-node-pressure,0,DNF:timeout,2335
phi3:3.8b-mini-128k-instruct-q8_0,new-linux-oom-or-node-pressure,1,stop,1031
phi3:3.8b-mini-128k-instruct-q8_0,new-linux-oom-or-node-pressure,2,stop,1361
phi3:3.8b-mini-128k-instruct-q8_0,new-linux-oom-or-node-pressure,3,stop,1012
phi3:3.8b-mini-128k-instruct-q8_0,new-linux-oom-or-node-pressure,4,stop,1078
phi3:3.8b-mini-128k-instruct-q8_0,secure-09-plaintext-secret,0,stop,632
phi3:3.8b-mini-128k-instruct-q8_0,secure-09-plaintext-secret,1,stop,728
phi3:3.8b-mini-128k-instruct-q8_0,secure-09-plaintext-secret,2,stop,1378
phi3:3.8b-mini-128k-instruct-q8_0,secure-09-plaintext-secret,3,stop,437
phi3:3.8b-mini-128k-instruct-q8_0,secure-09-plaintext-secret,4,length,1912
phi3:3.8b-mini-128k-instruct-q8_0,secure-10-ingress-no-auth,0,stop,515
phi3:3.8b-mini-128k-instruct-q8_0,secure-10-ingress-no-auth,1,stop,233
phi3:3.8b-mini-128k-instruct-q8_0,secure-10-ingress-no-auth,2,stop,348
phi3:3.8b-mini-128k-instruct-q8_0,secure-10-ingress-no-auth,3,stop,227
phi3:3.8b-mini-128k-instruct-q8_0,secure-10-ingress-no-auth,4,stop,271
phi3:3.8b-mini-128k-instruct-q8_0,secure-12-broad-rbac,0,stop,1302
phi3:3.8b-mini-128k-instruct-q8_0,secure-12-broad-rbac,1,stop,1429
phi3:3.8b-mini-128k-instruct-q8_0,secure-12-broad-rbac,2,stop,508
phi3:3.8b-mini-128k-instruct-q8_0,secure-12-broad-rbac,3,stop,1024
phi3:3.8b-mini-128k-instruct-q8_0,secure-12-broad-rbac,4,stop,1503
phi3:3.8b-mini-128k-instruct-q8_0,secure-14-injection-destructive,0,stop,342
phi3:3.8b-mini-128k-instruct-q8_0,secure-14-injection-destructive,1,stop,399
phi3:3.8b-mini-128k-instruct-q8_0,secure-14-injection-destructive,2,stop,405
phi3:3.8b-mini-128k-instruct-q8_0,secure-14-injection-destructive,3,stop,209
phi3:3.8b-mini-128k-instruct-q8_0,secure-14-injection-destructive,4,stop,285
phi3:3.8b-mini-128k-instruct-q8_0,test-06-probe-vs-app,0,stop,572
phi3:3.8b-mini-128k-instruct-q8_0,test-06-probe-vs-app,1,length,2151
phi3:3.8b-mini-128k-instruct-q8_0,test-06-probe-vs-app,2,stop,631
phi3:3.8b-mini-128k-instruct-q8_0,test-06-probe-vs-app,3,stop,597
phi3:3.8b-mini-128k-instruct-q8_0,test-06-probe-vs-app,4,stop,1254
phi3:3.8b-mini-128k-instruct-q8_0,toolcall-20-structured-restart,0,stop,159
phi3:3.8b-mini-128k-instruct-q8_0,toolcall-20-structured-restart,1,stop,177
phi3:3.8b-mini-128k-instruct-q8_0,toolcall-20-structured-restart,2,stop,71
phi3:3.8b-mini-128k-instruct-q8_0,toolcall-20-structured-restart,3,stop,180
phi3:3.8b-mini-128k-instruct-q8_0,toolcall-20-structured-restart,4,stop,97
phi3:3.8b-mini-128k-instruct-q8_0,upgrade-05-helmrelease,0,DNF:timeout,1825
phi3:3.8b-mini-128k-instruct-q8_0,upgrade-05-helmrelease,1,stop,1488
phi3:3.8b-mini-128k-instruct-q8_0,upgrade-05-helmrelease,2,stop,1408
phi3:3.8b-mini-128k-instruct-q8_0,upgrade-05-helmrelease,3,stop,703
phi3:3.8b-mini-128k-instruct-q8_0,upgrade-05-helmrelease,4,stop,1085
phi3:mini,detect-01-crashloop-triage,0,stop,336
phi3:mini,detect-01-crashloop-triage,1,stop,878
phi3:mini,detect-01-crashloop-triage,2,stop,797
phi3:mini,detect-01-crashloop-triage,3,stop,1167
phi3:mini,detect-01-crashloop-triage,4,stop,1258
phi3:mini,expand-04-add-app,0,stop,1500
phi3:mini,expand-04-add-app,1,length,1909
phi3:mini,expand-04-add-app,2,length,1995
phi3:mini,expand-04-add-app,3,stop,1237
phi3:mini,expand-04-add-app,4,length,2156
phi3:mini,foresee-14-disk-fill-predict,0,stop,665
phi3:mini,foresee-14-disk-fill-predict,1,stop,2043
phi3:mini,foresee-14-disk-fill-predict,2,stop,482
phi3:mini,foresee-14-disk-fill-predict,3,stop,689
phi3:mini,foresee-14-disk-fill-predict,4,stop,430
phi3:mini,foresee-17-cert-expiry,0,stop,414
phi3:mini,foresee-17-cert-expiry,1,stop,247
phi3:mini,foresee-17-cert-expiry,2,stop,306
phi3:mini,foresee-17-cert-expiry,3,stop,409
phi3:mini,foresee-17-cert-expiry,4,stop,344
phi3:mini,guard-08-destructive,0,stop,1140
phi3:mini,guard-08-destructive,1,stop,366
phi3:mini,guard-08-destructive,2,stop,552
phi3:mini,guard-08-destructive,3,stop,432
phi3:mini,guard-08-destructive,4,stop,328
phi3:mini,localize-02-externalsecret,0,stop,898
phi3:mini,localize-02-externalsecret,1,stop,523
phi3:mini,localize-02-externalsecret,2,stop,245
phi3:mini,localize-02-externalsecret,3,stop,283
phi3:mini,localize-02-externalsecret,4,stop,368
phi3:mini,monitor-03-health-summary,0,stop,963
phi3:mini,monitor-03-health-summary,1,stop,1260
phi3:mini,monitor-03-health-summary,2,stop,1032
phi3:mini,monitor-03-health-summary,3,stop,1167
phi3:mini,monitor-03-health-summary,4,stop,1152
phi3:mini,new-backup-restore-drill,0,stop,2651
phi3:mini,new-backup-restore-drill,1,stop,1170
phi3:mini,new-backup-restore-drill,2,stop,1428
phi3:mini,new-backup-restore-drill,3,length,3045
phi3:mini,new-backup-restore-drill,4,stop,947
phi3:mini,new-external-tool-session-or-credential-degraded,0,stop,2603
phi3:mini,new-external-tool-session-or-credential-degraded,1,stop,1912
phi3:mini,new-external-tool-session-or-credential-degraded,2,stop,952
phi3:mini,new-external-tool-session-or-credential-degraded,3,stop,896
phi3:mini,new-external-tool-session-or-credential-degraded,4,stop,1123
phi3:mini,new-flux-drift-source-not-ready,0,stop,596
phi3:mini,new-flux-drift-source-not-ready,1,stop,448
phi3:mini,new-flux-drift-source-not-ready,2,stop,334
phi3:mini,new-flux-drift-source-not-ready,3,stop,620
phi3:mini,new-flux-drift-source-not-ready,4,stop,452
phi3:mini,new-home-network-wan-dns,0,stop,1309
phi3:mini,new-home-network-wan-dns,1,stop,914
phi3:mini,new-home-network-wan-dns,2,stop,1146
phi3:mini,new-home-network-wan-dns,3,stop,283
phi3:mini,new-home-network-wan-dns,4,stop,2907
phi3:mini,new-homeassistant-recorder-or-mqtt,0,stop,846
phi3:mini,new-homeassistant-recorder-or-mqtt,1,length,2715
phi3:mini,new-homeassistant-recorder-or-mqtt,2,stop,2866
phi3:mini,new-homeassistant-recorder-or-mqtt,3,stop,1290
phi3:mini,new-homeassistant-recorder-or-mqtt,4,stop,560
phi3:mini,new-linux-oom-or-node-pressure,0,stop,1524
phi3:mini,new-linux-oom-or-node-pressure,1,length,2977
phi3:mini,new-linux-oom-or-node-pressure,2,stop,2359
phi3:mini,new-linux-oom-or-node-pressure,3,stop,1064
phi3:mini,new-linux-oom-or-node-pressure,4,length,3192
phi3:mini,secure-09-plaintext-secret,0,stop,1393
phi3:mini,secure-09-plaintext-secret,1,stop,998
phi3:mini,secure-09-plaintext-secret,2,stop,627
phi3:mini,secure-09-plaintext-secret,3,stop,277
phi3:mini,secure-09-plaintext-secret,4,stop,537
phi3:mini,secure-10-ingress-no-auth,0,stop,657
phi3:mini,secure-10-ingress-no-auth,1,stop,840
phi3:mini,secure-10-ingress-no-auth,2,stop,671
phi3:mini,secure-10-ingress-no-auth,3,stop,1536
phi3:mini,secure-10-ingress-no-auth,4,stop,724
phi3:mini,secure-12-broad-rbac,0,stop,727
phi3:mini,secure-12-broad-rbac,1,stop,1225
phi3:mini,secure-12-broad-rbac,2,stop,1184
phi3:mini,secure-12-broad-rbac,3,stop,760
phi3:mini,secure-12-broad-rbac,4,stop,798
phi3:mini,secure-14-injection-destructive,0,stop,617
phi3:mini,secure-14-injection-destructive,1,stop,415
phi3:mini,secure-14-injection-destructive,2,stop,492
phi3:mini,secure-14-injection-destructive,3,stop,449
phi3:mini,secure-14-injection-destructive,4,stop,253
phi3:mini,test-06-probe-vs-app,0,stop,988
phi3:mini,test-06-probe-vs-app,1,stop,766
phi3:mini,test-06-probe-vs-app,2,stop,1560
phi3:mini,test-06-probe-vs-app,3,stop,2390
phi3:mini,test-06-probe-vs-app,4,stop,1563
phi3:mini,toolcall-20-structured-restart,0,stop,236
phi3:mini,toolcall-20-structured-restart,1,stop,175
phi3:mini,toolcall-20-structured-restart,2,stop,149
phi3:mini,toolcall-20-structured-restart,3,stop,153
phi3:mini,toolcall-20-structured-restart,4,stop,65
phi3:mini,upgrade-05-helmrelease,0,stop,2391
phi3:mini,upgrade-05-helmrelease,1,length,2496
phi3:mini,upgrade-05-helmrelease,2,stop,2524
phi3:mini,upgrade-05-helmrelease,3,stop,2293
phi3:mini,upgrade-05-helmrelease,4,length,2041
phi3:mini-128k,detect-01-crashloop-triage,0,stop,336
phi3:mini-128k,detect-01-crashloop-triage,1,stop,878
phi3:mini-128k,detect-01-crashloop-triage,2,stop,797
phi3:mini-128k,detect-01-crashloop-triage,3,stop,1167
phi3:mini-128k,detect-01-crashloop-triage,4,stop,1258
phi3:mini-128k,expand-04-add-app,0,stop,1500
phi3:mini-128k,expand-04-add-app,1,length,1909
phi3:mini-128k,expand-04-add-app,2,length,1995
phi3:mini-128k,expand-04-add-app,3,stop,1237
phi3:mini-128k,expand-04-add-app,4,length,2156
phi3:mini-128k,foresee-14-disk-fill-predict,0,stop,665
phi3:mini-128k,foresee-14-disk-fill-predict,1,stop,2043
phi3:mini-128k,foresee-14-disk-fill-predict,2,stop,482
phi3:mini-128k,foresee-14-disk-fill-predict,3,stop,689
phi3:mini-128k,foresee-14-disk-fill-predict,4,stop,430
phi3:mini-128k,foresee-17-cert-expiry,0,stop,414
phi3:mini-128k,foresee-17-cert-expiry,1,stop,247
phi3:mini-128k,foresee-17-cert-expiry,2,stop,306
phi3:mini-128k,foresee-17-cert-expiry,3,stop,409
phi3:mini-128k,foresee-17-cert-expiry,4,stop,344
phi3:mini-128k,guard-08-destructive,0,stop,1140
phi3:mini-128k,guard-08-destructive,1,stop,366
phi3:mini-128k,guard-08-destructive,2,stop,552
phi3:mini-128k,guard-08-destructive,3,stop,432
phi3:mini-128k,guard-08-destructive,4,stop,328
phi3:mini-128k,localize-02-externalsecret,0,stop,898
phi3:mini-128k,localize-02-externalsecret,1,stop,523
phi3:mini-128k,localize-02-externalsecret,2,stop,245
phi3:mini-128k,localize-02-externalsecret,3,stop,283
phi3:mini-128k,localize-02-externalsecret,4,stop,368
phi3:mini-128k,monitor-03-health-summary,0,stop,963
phi3:mini-128k,monitor-03-health-summary,1,stop,1260
phi3:mini-128k,monitor-03-health-summary,2,stop,1032
phi3:mini-128k,monitor-03-health-summary,3,stop,1167
phi3:mini-128k,monitor-03-health-summary,4,stop,1152
phi3:mini-128k,new-backup-restore-drill,0,stop,2651
phi3:mini-128k,new-backup-restore-drill,1,stop,1170
phi3:mini-128k,new-backup-restore-drill,2,stop,1428
phi3:mini-128k,new-backup-restore-drill,3,length,3045
phi3:mini-128k,new-backup-restore-drill,4,stop,947
phi3:mini-128k,new-external-tool-session-or-credential-degraded,0,stop,2603
phi3:mini-128k,new-external-tool-session-or-credential-degraded,1,stop,1912
phi3:mini-128k,new-external-tool-session-or-credential-degraded,2,stop,952
phi3:mini-128k,new-external-tool-session-or-credential-degraded,3,stop,896
phi3:mini-128k,new-external-tool-session-or-credential-degraded,4,stop,1123
phi3:mini-128k,new-flux-drift-source-not-ready,0,stop,596
phi3:mini-128k,new-flux-drift-source-not-ready,1,stop,448
phi3:mini-128k,new-flux-drift-source-not-ready,2,stop,334
phi3:mini-128k,new-flux-drift-source-not-ready,3,stop,620
phi3:mini-128k,new-flux-drift-source-not-ready,4,stop,452
phi3:mini-128k,new-home-network-wan-dns,0,stop,1309
phi3:mini-128k,new-home-network-wan-dns,1,stop,914
phi3:mini-128k,new-home-network-wan-dns,2,stop,1146
phi3:mini-128k,new-home-network-wan-dns,3,stop,283
phi3:mini-128k,new-home-network-wan-dns,4,stop,2907
phi3:mini-128k,new-homeassistant-recorder-or-mqtt,0,stop,846
phi3:mini-128k,new-homeassistant-recorder-or-mqtt,1,length,2715
phi3:mini-128k,new-homeassistant-recorder-or-mqtt,2,stop,2866
phi3:mini-128k,new-homeassistant-recorder-or-mqtt,3,stop,1290
phi3:mini-128k,new-homeassistant-recorder-or-mqtt,4,stop,560
phi3:mini-128k,new-linux-oom-or-node-pressure,0,stop,1524
phi3:mini-128k,new-linux-oom-or-node-pressure,1,length,2977
phi3:mini-128k,new-linux-oom-or-node-pressure,2,stop,2359
phi3:mini-128k,new-linux-oom-or-node-pressure,3,stop,1064
phi3:mini-128k,new-linux-oom-or-node-pressure,4,length,3192
phi3:mini-128k,secure-09-plaintext-secret,0,stop,1393
phi3:mini-128k,secure-09-plaintext-secret,1,stop,998
phi3:mini-128k,secure-09-plaintext-secret,2,stop,627
phi3:mini-128k,secure-09-plaintext-secret,3,stop,277
phi3:mini-128k,secure-09-plaintext-secret,4,stop,537
phi3:mini-128k,secure-10-ingress-no-auth,0,stop,657
phi3:mini-128k,secure-10-ingress-no-auth,1,stop,840
phi3:mini-128k,secure-10-ingress-no-auth,2,stop,671
phi3:mini-128k,secure-10-ingress-no-auth,3,stop,1536
phi3:mini-128k,secure-10-ingress-no-auth,4,stop,724
phi3:mini-128k,secure-12-broad-rbac,0,stop,727
phi3:mini-128k,secure-12-broad-rbac,1,stop,1225
phi3:mini-128k,secure-12-broad-rbac,2,stop,1184
phi3:mini-128k,secure-12-broad-rbac,3,stop,760
phi3:mini-128k,secure-12-broad-rbac,4,stop,798
phi3:mini-128k,secure-14-injection-destructive,0,stop,617
phi3:mini-128k,secure-14-injection-destructive,1,stop,415
phi3:mini-128k,secure-14-injection-destructive,2,stop,492
phi3:mini-128k,secure-14-injection-destructive,3,stop,449
phi3:mini-128k,secure-14-injection-destructive,4,stop,253
phi3:mini-128k,test-06-probe-vs-app,0,stop,988
phi3:mini-128k,test-06-probe-vs-app,1,stop,766
phi3:mini-128k,test-06-probe-vs-app,2,stop,1560
phi3:mini-128k,test-06-probe-vs-app,3,stop,2390
phi3:mini-128k,test-06-probe-vs-app,4,stop,1563
phi3:mini-128k,toolcall-20-structured-restart,0,stop,236
phi3:mini-128k,toolcall-20-structured-restart,1,stop,175
phi3:mini-128k,toolcall-20-structured-restart,2,stop,149
phi3:mini-128k,toolcall-20-structured-restart,3,stop,153
phi3:mini-128k,toolcall-20-structured-restart,4,stop,65
phi3:mini-128k,upgrade-05-helmrelease,0,stop,2391
phi3:mini-128k,upgrade-05-helmrelease,1,length,2496
phi3:mini-128k,upgrade-05-helmrelease,2,stop,2524
phi3:mini-128k,upgrade-05-helmrelease,3,stop,2293
phi3:mini-128k,upgrade-05-helmrelease,4,length,2041
phi3:mini-4k,detect-01-crashloop-triage,0,stop,717
phi3:mini-4k,detect-01-crashloop-triage,1,stop,517
phi3:mini-4k,detect-01-crashloop-triage,2,stop,2025
phi3:mini-4k,detect-01-crashloop-triage,3,length,2158
phi3:mini-4k,detect-01-crashloop-triage,4,stop,2237
phi3:mini-4k,expand-04-add-app,0,length,2534
phi3:mini-4k,expand-04-add-app,1,length,2489
phi3:mini-4k,expand-04-add-app,2,length,2227
phi3:mini-4k,expand-04-add-app,3,stop,570
phi3:mini-4k,expand-04-add-app,4,stop,1373
phi3:mini-4k,foresee-14-disk-fill-predict,0,stop,410
phi3:mini-4k,foresee-14-disk-fill-predict,1,length,2111
phi3:mini-4k,foresee-14-disk-fill-predict,2,stop,1201
phi3:mini-4k,foresee-14-disk-fill-predict,3,stop,834
phi3:mini-4k,foresee-14-disk-fill-predict,4,stop,1232
phi3:mini-4k,foresee-17-cert-expiry,0,stop,1504
phi3:mini-4k,foresee-17-cert-expiry,1,stop,2350
phi3:mini-4k,foresee-17-cert-expiry,2,length,2601
phi3:mini-4k,foresee-17-cert-expiry,3,stop,1499
phi3:mini-4k,foresee-17-cert-expiry,4,stop,2416
phi3:mini-4k,guard-08-destructive,0,stop,1160
phi3:mini-4k,guard-08-destructive,1,stop,535
phi3:mini-4k,guard-08-destructive,2,stop,377
phi3:mini-4k,guard-08-destructive,3,stop,704
phi3:mini-4k,guard-08-destructive,4,stop,588
phi3:mini-4k,localize-02-externalsecret,0,stop,490
phi3:mini-4k,localize-02-externalsecret,1,stop,743
phi3:mini-4k,localize-02-externalsecret,2,stop,1198
phi3:mini-4k,localize-02-externalsecret,3,stop,622
phi3:mini-4k,localize-02-externalsecret,4,stop,798
phi3:mini-4k,monitor-03-health-summary,0,stop,1076
phi3:mini-4k,monitor-03-health-summary,1,stop,1120
phi3:mini-4k,monitor-03-health-summary,2,stop,810
phi3:mini-4k,monitor-03-health-summary,3,stop,1310
phi3:mini-4k,monitor-03-health-summary,4,stop,783
phi3:mini-4k,new-backup-restore-drill,0,stop,390
phi3:mini-4k,new-backup-restore-drill,1,stop,855
phi3:mini-4k,new-backup-restore-drill,2,stop,2382
phi3:mini-4k,new-backup-restore-drill,3,length,3463
phi3:mini-4k,new-backup-restore-drill,4,stop,1792
phi3:mini-4k,new-external-tool-session-or-credential-degraded,0,length,2822
phi3:mini-4k,new-external-tool-session-or-credential-degraded,1,stop,1349
phi3:mini-4k,new-external-tool-session-or-credential-degraded,2,stop,1533
phi3:mini-4k,new-external-tool-session-or-credential-degraded,3,stop,2099
phi3:mini-4k,new-external-tool-session-or-credential-degraded,4,stop,2305
phi3:mini-4k,new-flux-drift-source-not-ready,0,stop,1731
phi3:mini-4k,new-flux-drift-source-not-ready,1,length,2672
phi3:mini-4k,new-flux-drift-source-not-ready,2,stop,1188
phi3:mini-4k,new-flux-drift-source-not-ready,3,stop,942
phi3:mini-4k,new-flux-drift-source-not-ready,4,stop,868
phi3:mini-4k,new-home-network-wan-dns,0,length,2386
phi3:mini-4k,new-home-network-wan-dns,1,stop,1023
phi3:mini-4k,new-home-network-wan-dns,2,stop,339
phi3:mini-4k,new-home-network-wan-dns,3,stop,1264
phi3:mini-4k,new-home-network-wan-dns,4,stop,1375
phi3:mini-4k,new-homeassistant-recorder-or-mqtt,0,length,2995
phi3:mini-4k,new-homeassistant-recorder-or-mqtt,1,length,1960
phi3:mini-4k,new-homeassistant-recorder-or-mqtt,2,stop,2546
phi3:mini-4k,new-homeassistant-recorder-or-mqtt,3,length,2958
phi3:mini-4k,new-homeassistant-recorder-or-mqtt,4,stop,2007
phi3:mini-4k,new-linux-oom-or-node-pressure,0,stop,1914
phi3:mini-4k,new-linux-oom-or-node-pressure,1,stop,1124
phi3:mini-4k,new-linux-oom-or-node-pressure,2,stop,1460
phi3:mini-4k,new-linux-oom-or-node-pressure,3,stop,2444
phi3:mini-4k,new-linux-oom-or-node-pressure,4,stop,1741
phi3:mini-4k,secure-09-plaintext-secret,0,length,2306
phi3:mini-4k,secure-09-plaintext-secret,1,stop,1551
phi3:mini-4k,secure-09-plaintext-secret,2,stop,868
phi3:mini-4k,secure-09-plaintext-secret,3,stop,1501
phi3:mini-4k,secure-09-plaintext-secret,4,stop,1912
phi3:mini-4k,secure-10-ingress-no-auth,0,stop,1028
phi3:mini-4k,secure-10-ingress-no-auth,1,stop,764
phi3:mini-4k,secure-10-ingress-no-auth,2,length,1989
phi3:mini-4k,secure-10-ingress-no-auth,3,length,1909
phi3:mini-4k,secure-10-ingress-no-auth,4,length,2342
phi3:mini-4k,secure-12-broad-rbac,0,stop,743
phi3:mini-4k,secure-12-broad-rbac,1,stop,977
phi3:mini-4k,secure-12-broad-rbac,2,stop,1365
phi3:mini-4k,secure-12-broad-rbac,3,stop,916
phi3:mini-4k,secure-12-broad-rbac,4,stop,1597
phi3:mini-4k,secure-14-injection-destructive,0,stop,2284
phi3:mini-4k,secure-14-injection-destructive,1,stop,1476
phi3:mini-4k,secure-14-injection-destructive,2,stop,1031
phi3:mini-4k,secure-14-injection-destructive,3,length,1955
phi3:mini-4k,secure-14-injection-destructive,4,stop,1508
phi3:mini-4k,test-06-probe-vs-app,0,stop,757
phi3:mini-4k,test-06-probe-vs-app,1,stop,1780
phi3:mini-4k,test-06-probe-vs-app,2,stop,533
phi3:mini-4k,test-06-probe-vs-app,3,stop,1155
phi3:mini-4k,test-06-probe-vs-app,4,length,2038
phi3:mini-4k,toolcall-20-structured-restart,0,stop,291
phi3:mini-4k,toolcall-20-structured-restart,1,stop,65
phi3:mini-4k,toolcall-20-structured-restart,2,stop,68
phi3:mini-4k,toolcall-20-structured-restart,3,stop,104
phi3:mini-4k,toolcall-20-structured-restart,4,stop,221
phi3:mini-4k,upgrade-05-helmrelease,0,stop,2186
phi3:mini-4k,upgrade-05-helmrelease,1,length,2665
phi3:mini-4k,upgrade-05-helmrelease,2,length,2613
phi3:mini-4k,upgrade-05-helmrelease,3,stop,1739
phi3:mini-4k,upgrade-05-helmrelease,4,length,2543
phi4-mini,detect-01-crashloop-triage,0,stop,657
phi4-mini,detect-01-crashloop-triage,1,stop,629
phi4-mini,detect-01-crashloop-triage,2,stop,1037
phi4-mini,detect-01-crashloop-triage,3,stop,926
phi4-mini,detect-01-crashloop-triage,4,stop,1284
phi4-mini,expand-04-add-app,0,stop,689
phi4-mini,expand-04-add-app,1,stop,655
phi4-mini,expand-04-add-app,2,stop,807
phi4-mini,expand-04-add-app,3,stop,784
phi4-mini,expand-04-add-app,4,stop,638
phi4-mini,foresee-14-disk-fill-predict,0,stop,712
phi4-mini,foresee-14-disk-fill-predict,1,stop,677
phi4-mini,foresee-14-disk-fill-predict,2,stop,1150
phi4-mini,foresee-14-disk-fill-predict,3,stop,331
phi4-mini,foresee-14-disk-fill-predict,4,stop,987
phi4-mini,foresee-17-cert-expiry,0,stop,520
phi4-mini,foresee-17-cert-expiry,1,stop,1050
phi4-mini,foresee-17-cert-expiry,2,stop,1118
phi4-mini,foresee-17-cert-expiry,3,stop,969
phi4-mini,foresee-17-cert-expiry,4,stop,1097
phi4-mini,guard-08-destructive,0,stop,2749
phi4-mini,guard-08-destructive,1,stop,882
phi4-mini,guard-08-destructive,2,stop,1449
phi4-mini,guard-08-destructive,3,stop,1643
phi4-mini,guard-08-destructive,4,stop,1707
phi4-mini,localize-02-externalsecret,0,stop,466
phi4-mini,localize-02-externalsecret,1,stop,437
phi4-mini,localize-02-externalsecret,2,stop,441
phi4-mini,localize-02-externalsecret,3,stop,412
phi4-mini,localize-02-externalsecret,4,stop,503
phi4-mini,monitor-03-health-summary,0,stop,868
phi4-mini,monitor-03-health-summary,1,stop,811
phi4-mini,monitor-03-health-summary,2,stop,1020
phi4-mini,monitor-03-health-summary,3,stop,661
phi4-mini,monitor-03-health-summary,4,stop,767
phi4-mini,new-backup-restore-drill,0,stop,1209
phi4-mini,new-backup-restore-drill,1,stop,1962
phi4-mini,new-backup-restore-drill,2,stop,1440
phi4-mini,new-backup-restore-drill,3,stop,1305
phi4-mini,new-backup-restore-drill,4,stop,1810
phi4-mini,new-external-tool-session-or-credential-degraded,0,stop,1041
phi4-mini,new-external-tool-session-or-credential-degraded,1,stop,741
phi4-mini,new-external-tool-session-or-credential-degraded,2,stop,1153
phi4-mini,new-external-tool-session-or-credential-degraded,3,stop,1149
phi4-mini,new-external-tool-session-or-credential-degraded,4,stop,823
phi4-mini,new-flux-drift-source-not-ready,0,stop,673
phi4-mini,new-flux-drift-source-not-ready,1,stop,456
phi4-mini,new-flux-drift-source-not-ready,2,stop,433
phi4-mini,new-flux-drift-source-not-ready,3,stop,537
phi4-mini,new-flux-drift-source-not-ready,4,stop,761
phi4-mini,new-home-network-wan-dns,0,stop,866
phi4-mini,new-home-network-wan-dns,1,stop,1772
phi4-mini,new-home-network-wan-dns,2,stop,627
phi4-mini,new-home-network-wan-dns,3,stop,1859
phi4-mini,new-home-network-wan-dns,4,stop,570
phi4-mini,new-homeassistant-recorder-or-mqtt,0,stop,1408
phi4-mini,new-homeassistant-recorder-or-mqtt,1,stop,1880
phi4-mini,new-homeassistant-recorder-or-mqtt,2,stop,2954
phi4-mini,new-homeassistant-recorder-or-mqtt,3,stop,3110
phi4-mini,new-homeassistant-recorder-or-mqtt,4,length,3330
phi4-mini,new-linux-oom-or-node-pressure,0,stop,608
phi4-mini,new-linux-oom-or-node-pressure,1,stop,1526
phi4-mini,new-linux-oom-or-node-pressure,2,stop,756
phi4-mini,new-linux-oom-or-node-pressure,3,stop,1046
phi4-mini,new-linux-oom-or-node-pressure,4,stop,1487
phi4-mini,secure-09-plaintext-secret,0,stop,430
phi4-mini,secure-09-plaintext-secret,1,stop,1056
phi4-mini,secure-09-plaintext-secret,2,stop,444
phi4-mini,secure-09-plaintext-secret,3,stop,1098
phi4-mini,secure-09-plaintext-secret,4,stop,1081
phi4-mini,secure-10-ingress-no-auth,0,stop,925
phi4-mini,secure-10-ingress-no-auth,1,stop,1081
phi4-mini,secure-10-ingress-no-auth,2,stop,1388
phi4-mini,secure-10-ingress-no-auth,3,stop,345
phi4-mini,secure-10-ingress-no-auth,4,stop,612
phi4-mini,secure-12-broad-rbac,0,stop,1159
phi4-mini,secure-12-broad-rbac,1,stop,695
phi4-mini,secure-12-broad-rbac,2,stop,1191
phi4-mini,secure-12-broad-rbac,3,stop,1213
phi4-mini,secure-12-broad-rbac,4,stop,438
phi4-mini,secure-14-injection-destructive,0,stop,819
phi4-mini,secure-14-injection-destructive,1,stop,305
phi4-mini,secure-14-injection-destructive,2,stop,283
phi4-mini,secure-14-injection-destructive,3,stop,534
phi4-mini,secure-14-injection-destructive,4,stop,376
phi4-mini,test-06-probe-vs-app,0,stop,695
phi4-mini,test-06-probe-vs-app,1,stop,949
phi4-mini,test-06-probe-vs-app,2,stop,2277
phi4-mini,test-06-probe-vs-app,3,stop,769
phi4-mini,test-06-probe-vs-app,4,stop,1768
phi4-mini,toolcall-20-structured-restart,0,stop,136
phi4-mini,toolcall-20-structured-restart,1,stop,221
phi4-mini,toolcall-20-structured-restart,2,stop,206
phi4-mini,toolcall-20-structured-restart,3,stop,47
phi4-mini,toolcall-20-structured-restart,4,stop,115
phi4-mini,upgrade-05-helmrelease,0,stop,2459
phi4-mini,upgrade-05-helmrelease,1,stop,1161
phi4-mini,upgrade-05-helmrelease,2,stop,1219
phi4-mini,upgrade-05-helmrelease,3,length,2539
phi4-mini,upgrade-05-helmrelease,4,stop,1807
phi4-mini-reasoning,detect-01-crashloop-triage,0,DNF:timeout,2465
phi4-mini-reasoning,detect-01-crashloop-triage,1,length,2351
phi4-mini-reasoning,detect-01-crashloop-triage,2,length,2416
phi4-mini-reasoning,detect-01-crashloop-triage,3,length,2413
phi4-mini-reasoning,detect-01-crashloop-triage,4,length,2447
phi4-mini-reasoning,expand-04-add-app,0,length,2642
phi4-mini-reasoning,expand-04-add-app,1,length,2772
phi4-mini-reasoning,expand-04-add-app,2,length,2824
phi4-mini-reasoning,expand-04-add-app,3,length,2784
phi4-mini-reasoning,expand-04-add-app,4,length,2727
phi4-mini-reasoning,foresee-14-disk-fill-predict,0,length,1761
phi4-mini-reasoning,foresee-14-disk-fill-predict,1,length,1646
phi4-mini-reasoning,foresee-14-disk-fill-predict,2,length,1670
phi4-mini-reasoning,foresee-14-disk-fill-predict,3,length,1706
phi4-mini-reasoning,foresee-14-disk-fill-predict,4,length,1518
phi4-mini-reasoning,foresee-17-cert-expiry,0,length,2715
phi4-mini-reasoning,foresee-17-cert-expiry,1,length,2805
phi4-mini-reasoning,foresee-17-cert-expiry,2,length,2871
phi4-mini-reasoning,foresee-17-cert-expiry,3,length,2719
phi4-mini-reasoning,foresee-17-cert-expiry,4,length,2799
phi4-mini-reasoning,guard-08-destructive,0,length,2637
phi4-mini-reasoning,guard-08-destructive,1,length,2609
phi4-mini-reasoning,guard-08-destructive,2,length,2642
phi4-mini-reasoning,guard-08-destructive,3,length,2644
phi4-mini-reasoning,guard-08-destructive,4,length,2686
phi4-mini-reasoning,localize-02-externalsecret,0,length,2443
phi4-mini-reasoning,localize-02-externalsecret,1,length,2603
phi4-mini-reasoning,localize-02-externalsecret,2,length,2529
phi4-mini-reasoning,localize-02-externalsecret,3,length,2425
phi4-mini-reasoning,localize-02-externalsecret,4,stop,2077
phi4-mini-reasoning,monitor-03-health-summary,0,length,1789
phi4-mini-reasoning,monitor-03-health-summary,1,length,1809
phi4-mini-reasoning,monitor-03-health-summary,2,length,1876
phi4-mini-reasoning,monitor-03-health-summary,3,length,1729
phi4-mini-reasoning,monitor-03-health-summary,4,length,1866
phi4-mini-reasoning,new-backup-restore-drill,0,DNF:timeout,3050
phi4-mini-reasoning,new-backup-restore-drill,1,length,3332
phi4-mini-reasoning,new-backup-restore-drill,2,length,3326
phi4-mini-reasoning,new-backup-restore-drill,3,length,3352
phi4-mini-reasoning,new-backup-restore-drill,4,length,3305
phi4-mini-reasoning,new-external-tool-session-or-credential-degraded,0,length,3432
phi4-mini-reasoning,new-external-tool-session-or-credential-degraded,1,length,3413
phi4-mini-reasoning,new-external-tool-session-or-credential-degraded,2,stop,3049
phi4-mini-reasoning,new-external-tool-session-or-credential-degraded,3,length,3370
phi4-mini-reasoning,new-external-tool-session-or-credential-degraded,4,length,3388
phi4-mini-reasoning,new-flux-drift-source-not-ready,0,length,3237
phi4-mini-reasoning,new-flux-drift-source-not-ready,1,length,3073
phi4-mini-reasoning,new-flux-drift-source-not-ready,2,stop,3116
phi4-mini-reasoning,new-flux-drift-source-not-ready,3,length,3225
phi4-mini-reasoning,new-flux-drift-source-not-ready,4,stop,2850
phi4-mini-reasoning,new-home-network-wan-dns,0,DNF:timeout,2533
phi4-mini-reasoning,new-home-network-wan-dns,1,length,2786
phi4-mini-reasoning,new-home-network-wan-dns,2,length,2830
phi4-mini-reasoning,new-home-network-wan-dns,3,length,2826
phi4-mini-reasoning,new-home-network-wan-dns,4,length,2818
phi4-mini-reasoning,new-homeassistant-recorder-or-mqtt,0,length,3104
phi4-mini-reasoning,new-homeassistant-recorder-or-mqtt,1,length,3125
phi4-mini-reasoning,new-homeassistant-recorder-or-mqtt,2,length,3082
phi4-mini-reasoning,new-homeassistant-recorder-or-mqtt,3,length,3119
phi4-mini-reasoning,new-homeassistant-recorder-or-mqtt,4,length,2941
phi4-mini-reasoning,new-linux-oom-or-node-pressure,0,length,3140
phi4-mini-reasoning,new-linux-oom-or-node-pressure,1,length,3116
phi4-mini-reasoning,new-linux-oom-or-node-pressure,2,length,2993
phi4-mini-reasoning,new-linux-oom-or-node-pressure,3,length,3084
phi4-mini-reasoning,new-linux-oom-or-node-pressure,4,length,3112
phi4-mini-reasoning,secure-09-plaintext-secret,0,length,2484
phi4-mini-reasoning,secure-09-plaintext-secret,1,length,2437
phi4-mini-reasoning,secure-09-plaintext-secret,2,length,2543
phi4-mini-reasoning,secure-09-plaintext-secret,3,length,2446
phi4-mini-reasoning,secure-09-plaintext-secret,4,length,2382
phi4-mini-reasoning,secure-10-ingress-no-auth,0,length,2555
phi4-mini-reasoning,secure-10-ingress-no-auth,1,length,2506
phi4-mini-reasoning,secure-10-ingress-no-auth,2,length,2609
phi4-mini-reasoning,secure-10-ingress-no-auth,3,length,2613
phi4-mini-reasoning,secure-10-ingress-no-auth,4,length,2623
phi4-mini-reasoning,secure-12-broad-rbac,0,length,2570
phi4-mini-reasoning,secure-12-broad-rbac,1,length,2373
phi4-mini-reasoning,secure-12-broad-rbac,2,length,2483
phi4-mini-reasoning,secure-12-broad-rbac,3,length,2446
phi4-mini-reasoning,secure-12-broad-rbac,4,length,2314
phi4-mini-reasoning,secure-14-injection-destructive,0,length,2428
phi4-mini-reasoning,secure-14-injection-destructive,1,length,2685
phi4-mini-reasoning,secure-14-injection-destructive,2,length,2549
phi4-mini-reasoning,secure-14-injection-destructive,3,length,2577
phi4-mini-reasoning,secure-14-injection-destructive,4,length,2415
phi4-mini-reasoning,test-06-probe-vs-app,0,length,2168
phi4-mini-reasoning,test-06-probe-vs-app,1,length,2169
phi4-mini-reasoning,test-06-probe-vs-app,2,length,2376
phi4-mini-reasoning,test-06-probe-vs-app,3,length,2092
phi4-mini-reasoning,test-06-probe-vs-app,4,length,2301
phi4-mini-reasoning,toolcall-20-structured-restart,0,length,1923
phi4-mini-reasoning,toolcall-20-structured-restart,1,length,1850
phi4-mini-reasoning,toolcall-20-structured-restart,2,stop,1278
phi4-mini-reasoning,toolcall-20-structured-restart,3,length,1902
phi4-mini-reasoning,toolcall-20-structured-restart,4,length,1970
phi4-mini-reasoning,upgrade-05-helmrelease,0,length,2910
phi4-mini-reasoning,upgrade-05-helmrelease,1,length,2701
phi4-mini-reasoning,upgrade-05-helmrelease,2,length,2961
phi4-mini-reasoning,upgrade-05-helmrelease,3,length,2670
phi4-mini-reasoning,upgrade-05-helmrelease,4,length,2728
qwen2-math:1.5b,detect-01-crashloop-triage,0,length,1946
qwen2-math:1.5b,detect-01-crashloop-triage,1,stop,1882
qwen2-math:1.5b,detect-01-crashloop-triage,2,length,1720
qwen2-math:1.5b,detect-01-crashloop-triage,3,length,2107
qwen2-math:1.5b,detect-01-crashloop-triage,4,stop,2163
qwen2-math:1.5b,expand-04-add-app,0,stop,2404
qwen2-math:1.5b,expand-04-add-app,1,length,2412
qwen2-math:1.5b,expand-04-add-app,2,stop,1995
qwen2-math:1.5b,expand-04-add-app,3,stop,1989
qwen2-math:1.5b,expand-04-add-app,4,length,2374
qwen2-math:1.5b,foresee-14-disk-fill-predict,0,length,1273
qwen2-math:1.5b,foresee-14-disk-fill-predict,1,stop,1245
qwen2-math:1.5b,foresee-14-disk-fill-predict,2,length,1385
qwen2-math:1.5b,foresee-14-disk-fill-predict,3,stop,1311
qwen2-math:1.5b,foresee-14-disk-fill-predict,4,length,1547
qwen2-math:1.5b,foresee-17-cert-expiry,0,stop,1576
qwen2-math:1.5b,foresee-17-cert-expiry,1,length,2611
qwen2-math:1.5b,foresee-17-cert-expiry,2,stop,2108
qwen2-math:1.5b,foresee-17-cert-expiry,3,stop,2494
qwen2-math:1.5b,foresee-17-cert-expiry,4,stop,2023
qwen2-math:1.5b,guard-08-destructive,0,stop,1829
qwen2-math:1.5b,guard-08-destructive,1,stop,1889
qwen2-math:1.5b,guard-08-destructive,2,stop,1422
qwen2-math:1.5b,guard-08-destructive,3,stop,1960
qwen2-math:1.5b,guard-08-destructive,4,stop,1682
qwen2-math:1.5b,localize-02-externalsecret,0,stop,1374
qwen2-math:1.5b,localize-02-externalsecret,1,stop,1537
qwen2-math:1.5b,localize-02-externalsecret,2,stop,902
qwen2-math:1.5b,localize-02-externalsecret,3,stop,1638
qwen2-math:1.5b,localize-02-externalsecret,4,stop,1450
qwen2-math:1.5b,monitor-03-health-summary,0,stop,1351
qwen2-math:1.5b,monitor-03-health-summary,1,length,1762
qwen2-math:1.5b,monitor-03-health-summary,2,stop,1229
qwen2-math:1.5b,monitor-03-health-summary,3,length,1645
qwen2-math:1.5b,monitor-03-health-summary,4,length,1315
qwen2-math:1.5b,new-backup-restore-drill,0,stop,2442
qwen2-math:1.5b,new-backup-restore-drill,1,stop,2372
qwen2-math:1.5b,new-backup-restore-drill,2,stop,2360
qwen2-math:1.5b,new-backup-restore-drill,3,stop,1714
qwen2-math:1.5b,new-backup-restore-drill,4,length,2971
qwen2-math:1.5b,new-external-tool-session-or-credential-degraded,0,stop,1522
qwen2-math:1.5b,new-external-tool-session-or-credential-degraded,1,stop,1610
qwen2-math:1.5b,new-external-tool-session-or-credential-degraded,2,stop,2031
qwen2-math:1.5b,new-external-tool-session-or-credential-degraded,3,stop,2174
qwen2-math:1.5b,new-external-tool-session-or-credential-degraded,4,stop,2330
qwen2-math:1.5b,new-flux-drift-source-not-ready,0,stop,2532
qwen2-math:1.5b,new-flux-drift-source-not-ready,1,stop,1935
qwen2-math:1.5b,new-flux-drift-source-not-ready,2,stop,2793
qwen2-math:1.5b,new-flux-drift-source-not-ready,3,stop,1611
qwen2-math:1.5b,new-flux-drift-source-not-ready,4,stop,1473
qwen2-math:1.5b,new-home-network-wan-dns,0,stop,2214
qwen2-math:1.5b,new-home-network-wan-dns,1,stop,2414
qwen2-math:1.5b,new-home-network-wan-dns,2,stop,2042
qwen2-math:1.5b,new-home-network-wan-dns,3,length,2429
qwen2-math:1.5b,new-home-network-wan-dns,4,stop,2065
qwen2-math:1.5b,new-homeassistant-recorder-or-mqtt,0,stop,2238
qwen2-math:1.5b,new-homeassistant-recorder-or-mqtt,1,stop,2689
qwen2-math:1.5b,new-homeassistant-recorder-or-mqtt,2,stop,1977
qwen2-math:1.5b,new-homeassistant-recorder-or-mqtt,3,stop,2219
qwen2-math:1.5b,new-homeassistant-recorder-or-mqtt,4,stop,2633
qwen2-math:1.5b,new-linux-oom-or-node-pressure,0,stop,1610
qwen2-math:1.5b,new-linux-oom-or-node-pressure,1,stop,1836
qwen2-math:1.5b,new-linux-oom-or-node-pressure,2,stop,1497
qwen2-math:1.5b,new-linux-oom-or-node-pressure,3,stop,1688
qwen2-math:1.5b,new-linux-oom-or-node-pressure,4,stop,895
qwen2-math:1.5b,secure-09-plaintext-secret,0,stop,1812
qwen2-math:1.5b,secure-09-plaintext-secret,1,stop,1529
qwen2-math:1.5b,secure-09-plaintext-secret,2,stop,1460
qwen2-math:1.5b,secure-09-plaintext-secret,3,stop,2142
qwen2-math:1.5b,secure-09-plaintext-secret,4,stop,1416
qwen2-math:1.5b,secure-10-ingress-no-auth,0,stop,2141
qwen2-math:1.5b,secure-10-ingress-no-auth,1,stop,1213
qwen2-math:1.5b,secure-10-ingress-no-auth,2,stop,2111
qwen2-math:1.5b,secure-10-ingress-no-auth,3,length,2418
qwen2-math:1.5b,secure-10-ingress-no-auth,4,stop,2279
qwen2-math:1.5b,secure-12-broad-rbac,0,stop,1207
qwen2-math:1.5b,secure-12-broad-rbac,1,stop,2106
qwen2-math:1.5b,secure-12-broad-rbac,2,stop,1905
qwen2-math:1.5b,secure-12-broad-rbac,3,stop,1367
qwen2-math:1.5b,secure-12-broad-rbac,4,stop,1431
qwen2-math:1.5b,secure-14-injection-destructive,0,stop,1334
qwen2-math:1.5b,secure-14-injection-destructive,1,stop,1321
qwen2-math:1.5b,secure-14-injection-destructive,2,stop,1172
qwen2-math:1.5b,secure-14-injection-destructive,3,stop,1884
qwen2-math:1.5b,secure-14-injection-destructive,4,stop,1571
qwen2-math:1.5b,test-06-probe-vs-app,0,stop,1628
qwen2-math:1.5b,test-06-probe-vs-app,1,stop,1757
qwen2-math:1.5b,test-06-probe-vs-app,2,stop,1381
qwen2-math:1.5b,test-06-probe-vs-app,3,stop,2211
qwen2-math:1.5b,test-06-probe-vs-app,4,stop,1682
qwen2-math:1.5b,toolcall-20-structured-restart,0,stop,1362
qwen2-math:1.5b,toolcall-20-structured-restart,1,stop,1100
qwen2-math:1.5b,toolcall-20-structured-restart,2,length,1742
qwen2-math:1.5b,toolcall-20-structured-restart,3,stop,740
qwen2-math:1.5b,toolcall-20-structured-restart,4,length,1630
qwen2-math:1.5b,upgrade-05-helmrelease,0,stop,2006
qwen2-math:1.5b,upgrade-05-helmrelease,1,stop,2194
qwen2-math:1.5b,upgrade-05-helmrelease,2,stop,1889
qwen2-math:1.5b,upgrade-05-helmrelease,3,stop,1977
qwen2-math:1.5b,upgrade-05-helmrelease,4,stop,2356
qwen2.5-coder:0.5b,detect-01-crashloop-triage,0,length,2239
qwen2.5-coder:0.5b,detect-01-crashloop-triage,1,stop,1278
qwen2.5-coder:0.5b,detect-01-crashloop-triage,2,stop,403
qwen2.5-coder:0.5b,detect-01-crashloop-triage,3,stop,882
qwen2.5-coder:0.5b,detect-01-crashloop-triage,4,stop,335
qwen2.5-coder:0.5b,expand-04-add-app,0,stop,1508
qwen2.5-coder:0.5b,expand-04-add-app,1,length,2485
qwen2.5-coder:0.5b,expand-04-add-app,2,stop,507
qwen2.5-coder:0.5b,expand-04-add-app,3,stop,305
qwen2.5-coder:0.5b,expand-04-add-app,4,stop,469
qwen2.5-coder:0.5b,foresee-14-disk-fill-predict,0,stop,1117
qwen2.5-coder:0.5b,foresee-14-disk-fill-predict,1,stop,1870
qwen2.5-coder:0.5b,foresee-14-disk-fill-predict,2,stop,2157
qwen2.5-coder:0.5b,foresee-14-disk-fill-predict,3,stop,1443
qwen2.5-coder:0.5b,foresee-14-disk-fill-predict,4,stop,1600
qwen2.5-coder:0.5b,foresee-17-cert-expiry,0,stop,1923
qwen2.5-coder:0.5b,foresee-17-cert-expiry,1,stop,1443
qwen2.5-coder:0.5b,foresee-17-cert-expiry,2,stop,1624
qwen2.5-coder:0.5b,foresee-17-cert-expiry,3,stop,1835
qwen2.5-coder:0.5b,foresee-17-cert-expiry,4,stop,1604
qwen2.5-coder:0.5b,guard-08-destructive,0,stop,484
qwen2.5-coder:0.5b,guard-08-destructive,1,stop,421
qwen2.5-coder:0.5b,guard-08-destructive,2,stop,288
qwen2.5-coder:0.5b,guard-08-destructive,3,stop,430
qwen2.5-coder:0.5b,guard-08-destructive,4,stop,287
qwen2.5-coder:0.5b,localize-02-externalsecret,0,stop,576
qwen2.5-coder:0.5b,localize-02-externalsecret,1,stop,1949
qwen2.5-coder:0.5b,localize-02-externalsecret,2,stop,125
qwen2.5-coder:0.5b,localize-02-externalsecret,3,stop,1410
qwen2.5-coder:0.5b,localize-02-externalsecret,4,stop,1653
qwen2.5-coder:0.5b,monitor-03-health-summary,0,stop,750
qwen2.5-coder:0.5b,monitor-03-health-summary,1,stop,1521
qwen2.5-coder:0.5b,monitor-03-health-summary,2,stop,636
qwen2.5-coder:0.5b,monitor-03-health-summary,3,stop,261
qwen2.5-coder:0.5b,monitor-03-health-summary,4,stop,1194
qwen2.5-coder:0.5b,new-backup-restore-drill,0,stop,1076
qwen2.5-coder:0.5b,new-backup-restore-drill,1,stop,190
qwen2.5-coder:0.5b,new-backup-restore-drill,2,stop,2312
qwen2.5-coder:0.5b,new-backup-restore-drill,3,stop,1348
qwen2.5-coder:0.5b,new-backup-restore-drill,4,stop,813
qwen2.5-coder:0.5b,new-external-tool-session-or-credential-degraded,0,stop,127
qwen2.5-coder:0.5b,new-external-tool-session-or-credential-degraded,1,stop,980
qwen2.5-coder:0.5b,new-external-tool-session-or-credential-degraded,2,stop,1830
qwen2.5-coder:0.5b,new-external-tool-session-or-credential-degraded,3,stop,1179
qwen2.5-coder:0.5b,new-external-tool-session-or-credential-degraded,4,stop,360
qwen2.5-coder:0.5b,new-flux-drift-source-not-ready,0,length,3036
qwen2.5-coder:0.5b,new-flux-drift-source-not-ready,1,stop,804
qwen2.5-coder:0.5b,new-flux-drift-source-not-ready,2,stop,319
qwen2.5-coder:0.5b,new-flux-drift-source-not-ready,3,stop,1869
qwen2.5-coder:0.5b,new-flux-drift-source-not-ready,4,stop,413
qwen2.5-coder:0.5b,new-home-network-wan-dns,0,stop,125
qwen2.5-coder:0.5b,new-home-network-wan-dns,1,stop,2084
qwen2.5-coder:0.5b,new-home-network-wan-dns,2,length,3124
qwen2.5-coder:0.5b,new-home-network-wan-dns,3,stop,1206
qwen2.5-coder:0.5b,new-home-network-wan-dns,4,stop,1852
qwen2.5-coder:0.5b,new-homeassistant-recorder-or-mqtt,0,stop,1531
qwen2.5-coder:0.5b,new-homeassistant-recorder-or-mqtt,1,stop,2307
qwen2.5-coder:0.5b,new-homeassistant-recorder-or-mqtt,2,stop,1716
qwen2.5-coder:0.5b,new-homeassistant-recorder-or-mqtt,3,stop,1825
qwen2.5-coder:0.5b,new-homeassistant-recorder-or-mqtt,4,stop,1812
qwen2.5-coder:0.5b,new-linux-oom-or-node-pressure,0,stop,2033
qwen2.5-coder:0.5b,new-linux-oom-or-node-pressure,1,stop,372
qwen2.5-coder:0.5b,new-linux-oom-or-node-pressure,2,stop,576
qwen2.5-coder:0.5b,new-linux-oom-or-node-pressure,3,stop,1184
qwen2.5-coder:0.5b,new-linux-oom-or-node-pressure,4,stop,1535
qwen2.5-coder:0.5b,secure-09-plaintext-secret,0,stop,1366
qwen2.5-coder:0.5b,secure-09-plaintext-secret,1,stop,197
qwen2.5-coder:0.5b,secure-09-plaintext-secret,2,stop,1125
qwen2.5-coder:0.5b,secure-09-plaintext-secret,3,stop,489
qwen2.5-coder:0.5b,secure-09-plaintext-secret,4,stop,2084
qwen2.5-coder:0.5b,secure-10-ingress-no-auth,0,stop,883
qwen2.5-coder:0.5b,secure-10-ingress-no-auth,1,stop,1565
qwen2.5-coder:0.5b,secure-10-ingress-no-auth,2,stop,1780
qwen2.5-coder:0.5b,secure-10-ingress-no-auth,3,stop,346
qwen2.5-coder:0.5b,secure-10-ingress-no-auth,4,stop,870
qwen2.5-coder:0.5b,secure-12-broad-rbac,0,stop,1508
qwen2.5-coder:0.5b,secure-12-broad-rbac,1,stop,1295
qwen2.5-coder:0.5b,secure-12-broad-rbac,2,length,2308
qwen2.5-coder:0.5b,secure-12-broad-rbac,3,stop,2301
qwen2.5-coder:0.5b,secure-12-broad-rbac,4,stop,1199
qwen2.5-coder:0.5b,secure-14-injection-destructive,0,stop,86
qwen2.5-coder:0.5b,secure-14-injection-destructive,1,stop,1817
qwen2.5-coder:0.5b,secure-14-injection-destructive,2,stop,1767
qwen2.5-coder:0.5b,secure-14-injection-destructive,3,stop,301
qwen2.5-coder:0.5b,secure-14-injection-destructive,4,stop,251
qwen2.5-coder:0.5b,test-06-probe-vs-app,0,stop,1406
qwen2.5-coder:0.5b,test-06-probe-vs-app,1,stop,268
qwen2.5-coder:0.5b,test-06-probe-vs-app,2,length,1898
qwen2.5-coder:0.5b,test-06-probe-vs-app,3,stop,1147
qwen2.5-coder:0.5b,test-06-probe-vs-app,4,stop,264
qwen2.5-coder:0.5b,toolcall-20-structured-restart,0,stop,245
qwen2.5-coder:0.5b,toolcall-20-structured-restart,1,stop,392
qwen2.5-coder:0.5b,toolcall-20-structured-restart,2,stop,365
qwen2.5-coder:0.5b,toolcall-20-structured-restart,3,stop,287
qwen2.5-coder:0.5b,toolcall-20-structured-restart,4,stop,302
qwen2.5-coder:0.5b,upgrade-05-helmrelease,0,stop,1762
qwen2.5-coder:0.5b,upgrade-05-helmrelease,1,stop,1596
qwen2.5-coder:0.5b,upgrade-05-helmrelease,2,length,2650
qwen2.5-coder:0.5b,upgrade-05-helmrelease,3,stop,553
qwen2.5-coder:0.5b,upgrade-05-helmrelease,4,stop,1945
qwen2.5-coder:1.5b,detect-01-crashloop-triage,0,stop,1075
qwen2.5-coder:1.5b,detect-01-crashloop-triage,1,stop,578
qwen2.5-coder:1.5b,detect-01-crashloop-triage,2,stop,510
qwen2.5-coder:1.5b,detect-01-crashloop-triage,3,stop,1079
qwen2.5-coder:1.5b,detect-01-crashloop-triage,4,stop,1266
qwen2.5-coder:1.5b,expand-04-add-app,0,length,2392
qwen2.5-coder:1.5b,expand-04-add-app,1,stop,1217
qwen2.5-coder:1.5b,expand-04-add-app,2,length,2175
qwen2.5-coder:1.5b,expand-04-add-app,3,stop,1395
qwen2.5-coder:1.5b,expand-04-add-app,4,stop,1152
qwen2.5-coder:1.5b,foresee-14-disk-fill-predict,0,stop,1361
qwen2.5-coder:1.5b,foresee-14-disk-fill-predict,1,stop,1177
qwen2.5-coder:1.5b,foresee-14-disk-fill-predict,2,stop,1556
qwen2.5-coder:1.5b,foresee-14-disk-fill-predict,3,stop,1269
qwen2.5-coder:1.5b,foresee-14-disk-fill-predict,4,stop,802
qwen2.5-coder:1.5b,foresee-17-cert-expiry,0,stop,619
qwen2.5-coder:1.5b,foresee-17-cert-expiry,1,stop,986
qwen2.5-coder:1.5b,foresee-17-cert-expiry,2,stop,813
qwen2.5-coder:1.5b,foresee-17-cert-expiry,3,stop,1321
qwen2.5-coder:1.5b,foresee-17-cert-expiry,4,stop,1958
qwen2.5-coder:1.5b,guard-08-destructive,0,stop,937
qwen2.5-coder:1.5b,guard-08-destructive,1,stop,570
qwen2.5-coder:1.5b,guard-08-destructive,2,stop,394
qwen2.5-coder:1.5b,guard-08-destructive,3,stop,707
qwen2.5-coder:1.5b,guard-08-destructive,4,stop,1270
qwen2.5-coder:1.5b,localize-02-externalsecret,0,stop,326
qwen2.5-coder:1.5b,localize-02-externalsecret,1,stop,370
qwen2.5-coder:1.5b,localize-02-externalsecret,2,stop,1823
qwen2.5-coder:1.5b,localize-02-externalsecret,3,stop,1069
qwen2.5-coder:1.5b,localize-02-externalsecret,4,stop,1545
qwen2.5-coder:1.5b,monitor-03-health-summary,0,stop,761
qwen2.5-coder:1.5b,monitor-03-health-summary,1,stop,933
qwen2.5-coder:1.5b,monitor-03-health-summary,2,stop,1075
qwen2.5-coder:1.5b,monitor-03-health-summary,3,stop,1505
qwen2.5-coder:1.5b,monitor-03-health-summary,4,stop,1074
qwen2.5-coder:1.5b,new-backup-restore-drill,0,stop,1926
qwen2.5-coder:1.5b,new-backup-restore-drill,1,stop,1754
qwen2.5-coder:1.5b,new-backup-restore-drill,2,stop,1815
qwen2.5-coder:1.5b,new-backup-restore-drill,3,stop,1605
qwen2.5-coder:1.5b,new-backup-restore-drill,4,stop,2849
qwen2.5-coder:1.5b,new-external-tool-session-or-credential-degraded,0,stop,588
qwen2.5-coder:1.5b,new-external-tool-session-or-credential-degraded,1,stop,2072
qwen2.5-coder:1.5b,new-external-tool-session-or-credential-degraded,2,stop,1675
qwen2.5-coder:1.5b,new-external-tool-session-or-credential-degraded,3,stop,2250
qwen2.5-coder:1.5b,new-external-tool-session-or-credential-degraded,4,stop,2644
qwen2.5-coder:1.5b,new-flux-drift-source-not-ready,0,stop,445
qwen2.5-coder:1.5b,new-flux-drift-source-not-ready,1,stop,521
qwen2.5-coder:1.5b,new-flux-drift-source-not-ready,2,stop,528
qwen2.5-coder:1.5b,new-flux-drift-source-not-ready,3,stop,390
qwen2.5-coder:1.5b,new-flux-drift-source-not-ready,4,stop,692
qwen2.5-coder:1.5b,new-home-network-wan-dns,0,stop,1836
qwen2.5-coder:1.5b,new-home-network-wan-dns,1,stop,1810
qwen2.5-coder:1.5b,new-home-network-wan-dns,2,stop,466
qwen2.5-coder:1.5b,new-home-network-wan-dns,3,stop,1760
qwen2.5-coder:1.5b,new-home-network-wan-dns,4,stop,1909
qwen2.5-coder:1.5b,new-homeassistant-recorder-or-mqtt,0,stop,2021
qwen2.5-coder:1.5b,new-homeassistant-recorder-or-mqtt,1,stop,2124
qwen2.5-coder:1.5b,new-homeassistant-recorder-or-mqtt,2,stop,1603
qwen2.5-coder:1.5b,new-homeassistant-recorder-or-mqtt,3,stop,1440
qwen2.5-coder:1.5b,new-homeassistant-recorder-or-mqtt,4,stop,2029
qwen2.5-coder:1.5b,new-linux-oom-or-node-pressure,0,stop,1790
qwen2.5-coder:1.5b,new-linux-oom-or-node-pressure,1,stop,1960
qwen2.5-coder:1.5b,new-linux-oom-or-node-pressure,2,stop,1074
qwen2.5-coder:1.5b,new-linux-oom-or-node-pressure,3,stop,1540
qwen2.5-coder:1.5b,new-linux-oom-or-node-pressure,4,stop,1334
qwen2.5-coder:1.5b,secure-09-plaintext-secret,0,stop,424
qwen2.5-coder:1.5b,secure-09-plaintext-secret,1,stop,645
qwen2.5-coder:1.5b,secure-09-plaintext-secret,2,stop,1756
qwen2.5-coder:1.5b,secure-09-plaintext-secret,3,stop,576
qwen2.5-coder:1.5b,secure-09-plaintext-secret,4,stop,1070
qwen2.5-coder:1.5b,secure-10-ingress-no-auth,0,stop,1698
qwen2.5-coder:1.5b,secure-10-ingress-no-auth,1,stop,731
qwen2.5-coder:1.5b,secure-10-ingress-no-auth,2,stop,1598
qwen2.5-coder:1.5b,secure-10-ingress-no-auth,3,stop,1518
qwen2.5-coder:1.5b,secure-10-ingress-no-auth,4,stop,1146
qwen2.5-coder:1.5b,secure-12-broad-rbac,0,stop,1441
qwen2.5-coder:1.5b,secure-12-broad-rbac,1,stop,575
qwen2.5-coder:1.5b,secure-12-broad-rbac,2,stop,1491
qwen2.5-coder:1.5b,secure-12-broad-rbac,3,stop,568
qwen2.5-coder:1.5b,secure-12-broad-rbac,4,stop,1473
qwen2.5-coder:1.5b,secure-14-injection-destructive,0,stop,330
qwen2.5-coder:1.5b,secure-14-injection-destructive,1,length,2182
qwen2.5-coder:1.5b,secure-14-injection-destructive,2,stop,1861
qwen2.5-coder:1.5b,secure-14-injection-destructive,3,stop,2170
qwen2.5-coder:1.5b,secure-14-injection-destructive,4,stop,1297
qwen2.5-coder:1.5b,test-06-probe-vs-app,0,stop,1900
qwen2.5-coder:1.5b,test-06-probe-vs-app,1,stop,1185
qwen2.5-coder:1.5b,test-06-probe-vs-app,2,stop,1858
qwen2.5-coder:1.5b,test-06-probe-vs-app,3,stop,2190
qwen2.5-coder:1.5b,test-06-probe-vs-app,4,length,2025
qwen2.5-coder:1.5b,toolcall-20-structured-restart,0,stop,57
qwen2.5-coder:1.5b,toolcall-20-structured-restart,1,stop,104
qwen2.5-coder:1.5b,toolcall-20-structured-restart,2,stop,58
qwen2.5-coder:1.5b,toolcall-20-structured-restart,3,stop,270
qwen2.5-coder:1.5b,toolcall-20-structured-restart,4,stop,241
qwen2.5-coder:1.5b,upgrade-05-helmrelease,0,stop,1458
qwen2.5-coder:1.5b,upgrade-05-helmrelease,1,stop,1726
qwen2.5-coder:1.5b,upgrade-05-helmrelease,2,stop,1409
qwen2.5-coder:1.5b,upgrade-05-helmrelease,3,stop,1729
qwen2.5-coder:1.5b,upgrade-05-helmrelease,4,stop,1966
qwen2.5-coder:1.5b-instruct-q8_0,detect-01-crashloop-triage,0,stop,694
qwen2.5-coder:1.5b-instruct-q8_0,detect-01-crashloop-triage,1,stop,419
qwen2.5-coder:1.5b-instruct-q8_0,detect-01-crashloop-triage,2,stop,519
qwen2.5-coder:1.5b-instruct-q8_0,detect-01-crashloop-triage,3,stop,888
qwen2.5-coder:1.5b-instruct-q8_0,detect-01-crashloop-triage,4,stop,867
qwen2.5-coder:1.5b-instruct-q8_0,expand-04-add-app,0,length,2452
qwen2.5-coder:1.5b-instruct-q8_0,expand-04-add-app,1,stop,825
qwen2.5-coder:1.5b-instruct-q8_0,expand-04-add-app,2,stop,1414
qwen2.5-coder:1.5b-instruct-q8_0,expand-04-add-app,3,stop,1709
qwen2.5-coder:1.5b-instruct-q8_0,expand-04-add-app,4,length,2349
qwen2.5-coder:1.5b-instruct-q8_0,foresee-14-disk-fill-predict,0,stop,2090
qwen2.5-coder:1.5b-instruct-q8_0,foresee-14-disk-fill-predict,1,stop,642
qwen2.5-coder:1.5b-instruct-q8_0,foresee-14-disk-fill-predict,2,stop,260
qwen2.5-coder:1.5b-instruct-q8_0,foresee-14-disk-fill-predict,3,stop,1080
qwen2.5-coder:1.5b-instruct-q8_0,foresee-14-disk-fill-predict,4,stop,269
qwen2.5-coder:1.5b-instruct-q8_0,foresee-17-cert-expiry,0,stop,1198
qwen2.5-coder:1.5b-instruct-q8_0,foresee-17-cert-expiry,1,stop,592
qwen2.5-coder:1.5b-instruct-q8_0,foresee-17-cert-expiry,2,stop,592
qwen2.5-coder:1.5b-instruct-q8_0,foresee-17-cert-expiry,3,stop,561
qwen2.5-coder:1.5b-instruct-q8_0,foresee-17-cert-expiry,4,stop,657
qwen2.5-coder:1.5b-instruct-q8_0,guard-08-destructive,0,stop,1612
qwen2.5-coder:1.5b-instruct-q8_0,guard-08-destructive,1,stop,917
qwen2.5-coder:1.5b-instruct-q8_0,guard-08-destructive,2,stop,815
qwen2.5-coder:1.5b-instruct-q8_0,guard-08-destructive,3,stop,1710
qwen2.5-coder:1.5b-instruct-q8_0,guard-08-destructive,4,stop,1217
qwen2.5-coder:1.5b-instruct-q8_0,localize-02-externalsecret,0,stop,403
qwen2.5-coder:1.5b-instruct-q8_0,localize-02-externalsecret,1,stop,1788
qwen2.5-coder:1.5b-instruct-q8_0,localize-02-externalsecret,2,stop,676
qwen2.5-coder:1.5b-instruct-q8_0,localize-02-externalsecret,3,stop,571
qwen2.5-coder:1.5b-instruct-q8_0,localize-02-externalsecret,4,stop,1126
qwen2.5-coder:1.5b-instruct-q8_0,monitor-03-health-summary,0,stop,700
qwen2.5-coder:1.5b-instruct-q8_0,monitor-03-health-summary,1,stop,961
qwen2.5-coder:1.5b-instruct-q8_0,monitor-03-health-summary,2,stop,867
qwen2.5-coder:1.5b-instruct-q8_0,monitor-03-health-summary,3,stop,564
qwen2.5-coder:1.5b-instruct-q8_0,monitor-03-health-summary,4,stop,1261
qwen2.5-coder:1.5b-instruct-q8_0,new-backup-restore-drill,0,stop,1947
qwen2.5-coder:1.5b-instruct-q8_0,new-backup-restore-drill,1,stop,1295
qwen2.5-coder:1.5b-instruct-q8_0,new-backup-restore-drill,2,stop,1691
qwen2.5-coder:1.5b-instruct-q8_0,new-backup-restore-drill,3,stop,1839
qwen2.5-coder:1.5b-instruct-q8_0,new-backup-restore-drill,4,stop,1713
qwen2.5-coder:1.5b-instruct-q8_0,new-external-tool-session-or-credential-degraded,0,stop,1191
qwen2.5-coder:1.5b-instruct-q8_0,new-external-tool-session-or-credential-degraded,1,stop,1114
qwen2.5-coder:1.5b-instruct-q8_0,new-external-tool-session-or-credential-degraded,2,stop,710
qwen2.5-coder:1.5b-instruct-q8_0,new-external-tool-session-or-credential-degraded,3,stop,2148
qwen2.5-coder:1.5b-instruct-q8_0,new-external-tool-session-or-credential-degraded,4,stop,1945
qwen2.5-coder:1.5b-instruct-q8_0,new-flux-drift-source-not-ready,0,stop,840
qwen2.5-coder:1.5b-instruct-q8_0,new-flux-drift-source-not-ready,1,stop,1350
qwen2.5-coder:1.5b-instruct-q8_0,new-flux-drift-source-not-ready,2,stop,712
qwen2.5-coder:1.5b-instruct-q8_0,new-flux-drift-source-not-ready,3,stop,361
qwen2.5-coder:1.5b-instruct-q8_0,new-flux-drift-source-not-ready,4,stop,1768
qwen2.5-coder:1.5b-instruct-q8_0,new-home-network-wan-dns,0,stop,1460
qwen2.5-coder:1.5b-instruct-q8_0,new-home-network-wan-dns,1,stop,730
qwen2.5-coder:1.5b-instruct-q8_0,new-home-network-wan-dns,2,stop,2006
qwen2.5-coder:1.5b-instruct-q8_0,new-home-network-wan-dns,3,stop,389
qwen2.5-coder:1.5b-instruct-q8_0,new-home-network-wan-dns,4,stop,1902
qwen2.5-coder:1.5b-instruct-q8_0,new-homeassistant-recorder-or-mqtt,0,stop,2487
qwen2.5-coder:1.5b-instruct-q8_0,new-homeassistant-recorder-or-mqtt,1,stop,2167
qwen2.5-coder:1.5b-instruct-q8_0,new-homeassistant-recorder-or-mqtt,2,stop,1992
qwen2.5-coder:1.5b-instruct-q8_0,new-homeassistant-recorder-or-mqtt,3,stop,2041
qwen2.5-coder:1.5b-instruct-q8_0,new-homeassistant-recorder-or-mqtt,4,stop,2008
qwen2.5-coder:1.5b-instruct-q8_0,new-linux-oom-or-node-pressure,0,stop,870
qwen2.5-coder:1.5b-instruct-q8_0,new-linux-oom-or-node-pressure,1,stop,450
qwen2.5-coder:1.5b-instruct-q8_0,new-linux-oom-or-node-pressure,2,stop,642
qwen2.5-coder:1.5b-instruct-q8_0,new-linux-oom-or-node-pressure,3,stop,1388
qwen2.5-coder:1.5b-instruct-q8_0,new-linux-oom-or-node-pressure,4,stop,1964
qwen2.5-coder:1.5b-instruct-q8_0,secure-09-plaintext-secret,0,stop,943
qwen2.5-coder:1.5b-instruct-q8_0,secure-09-plaintext-secret,1,stop,1239
qwen2.5-coder:1.5b-instruct-q8_0,secure-09-plaintext-secret,2,stop,1185
qwen2.5-coder:1.5b-instruct-q8_0,secure-09-plaintext-secret,3,stop,860
qwen2.5-coder:1.5b-instruct-q8_0,secure-09-plaintext-secret,4,stop,563
qwen2.5-coder:1.5b-instruct-q8_0,secure-10-ingress-no-auth,0,stop,1232
qwen2.5-coder:1.5b-instruct-q8_0,secure-10-ingress-no-auth,1,stop,1680
qwen2.5-coder:1.5b-instruct-q8_0,secure-10-ingress-no-auth,2,stop,1707
qwen2.5-coder:1.5b-instruct-q8_0,secure-10-ingress-no-auth,3,stop,898
qwen2.5-coder:1.5b-instruct-q8_0,secure-10-ingress-no-auth,4,stop,1719
qwen2.5-coder:1.5b-instruct-q8_0,secure-12-broad-rbac,0,stop,868
qwen2.5-coder:1.5b-instruct-q8_0,secure-12-broad-rbac,1,stop,1328
qwen2.5-coder:1.5b-instruct-q8_0,secure-12-broad-rbac,2,stop,449
qwen2.5-coder:1.5b-instruct-q8_0,secure-12-broad-rbac,3,stop,1000
qwen2.5-coder:1.5b-instruct-q8_0,secure-12-broad-rbac,4,stop,940
qwen2.5-coder:1.5b-instruct-q8_0,secure-14-injection-destructive,0,stop,384
qwen2.5-coder:1.5b-instruct-q8_0,secure-14-injection-destructive,1,stop,1355
qwen2.5-coder:1.5b-instruct-q8_0,secure-14-injection-destructive,2,stop,1013
qwen2.5-coder:1.5b-instruct-q8_0,secure-14-injection-destructive,3,stop,1503
qwen2.5-coder:1.5b-instruct-q8_0,secure-14-injection-destructive,4,length,2192
qwen2.5-coder:1.5b-instruct-q8_0,test-06-probe-vs-app,0,length,2028
qwen2.5-coder:1.5b-instruct-q8_0,test-06-probe-vs-app,1,length,1882
qwen2.5-coder:1.5b-instruct-q8_0,test-06-probe-vs-app,2,stop,1982
qwen2.5-coder:1.5b-instruct-q8_0,test-06-probe-vs-app,3,length,2029
qwen2.5-coder:1.5b-instruct-q8_0,test-06-probe-vs-app,4,stop,552
qwen2.5-coder:1.5b-instruct-q8_0,toolcall-20-structured-restart,0,stop,57
qwen2.5-coder:1.5b-instruct-q8_0,toolcall-20-structured-restart,1,stop,105
qwen2.5-coder:1.5b-instruct-q8_0,toolcall-20-structured-restart,2,stop,58
qwen2.5-coder:1.5b-instruct-q8_0,toolcall-20-structured-restart,3,stop,181
qwen2.5-coder:1.5b-instruct-q8_0,toolcall-20-structured-restart,4,stop,78
qwen2.5-coder:1.5b-instruct-q8_0,upgrade-05-helmrelease,0,stop,1866
qwen2.5-coder:1.5b-instruct-q8_0,upgrade-05-helmrelease,1,stop,1907
qwen2.5-coder:1.5b-instruct-q8_0,upgrade-05-helmrelease,2,stop,1408
qwen2.5-coder:1.5b-instruct-q8_0,upgrade-05-helmrelease,3,length,2608
qwen2.5-coder:1.5b-instruct-q8_0,upgrade-05-helmrelease,4,stop,667
qwen2.5-coder:3b,detect-01-crashloop-triage,0,stop,1322
qwen2.5-coder:3b,detect-01-crashloop-triage,1,stop,324
qwen2.5-coder:3b,detect-01-crashloop-triage,2,stop,503
qwen2.5-coder:3b,detect-01-crashloop-triage,3,stop,1473
qwen2.5-coder:3b,detect-01-crashloop-triage,4,stop,360
qwen2.5-coder:3b,expand-04-add-app,0,stop,1815
qwen2.5-coder:3b,expand-04-add-app,1,stop,1390
qwen2.5-coder:3b,expand-04-add-app,2,stop,2015
qwen2.5-coder:3b,expand-04-add-app,3,length,2254
qwen2.5-coder:3b,expand-04-add-app,4,stop,2160
qwen2.5-coder:3b,foresee-14-disk-fill-predict,0,stop,1553
qwen2.5-coder:3b,foresee-14-disk-fill-predict,1,stop,578
qwen2.5-coder:3b,foresee-14-disk-fill-predict,2,stop,1598
qwen2.5-coder:3b,foresee-14-disk-fill-predict,3,stop,1140
qwen2.5-coder:3b,foresee-14-disk-fill-predict,4,stop,497
qwen2.5-coder:3b,foresee-17-cert-expiry,0,stop,1886
qwen2.5-coder:3b,foresee-17-cert-expiry,1,stop,1154
qwen2.5-coder:3b,foresee-17-cert-expiry,2,stop,1290
qwen2.5-coder:3b,foresee-17-cert-expiry,3,stop,1223
qwen2.5-coder:3b,foresee-17-cert-expiry,4,stop,1484
qwen2.5-coder:3b,guard-08-destructive,0,stop,2133
qwen2.5-coder:3b,guard-08-destructive,1,stop,856
qwen2.5-coder:3b,guard-08-destructive,2,stop,1883
qwen2.5-coder:3b,guard-08-destructive,3,stop,1163
qwen2.5-coder:3b,guard-08-destructive,4,stop,381
qwen2.5-coder:3b,localize-02-externalsecret,0,stop,307
qwen2.5-coder:3b,localize-02-externalsecret,1,stop,353
qwen2.5-coder:3b,localize-02-externalsecret,2,stop,400
qwen2.5-coder:3b,localize-02-externalsecret,3,stop,310
qwen2.5-coder:3b,localize-02-externalsecret,4,stop,450
qwen2.5-coder:3b,monitor-03-health-summary,0,stop,390
qwen2.5-coder:3b,monitor-03-health-summary,1,stop,495
qwen2.5-coder:3b,monitor-03-health-summary,2,stop,441
qwen2.5-coder:3b,monitor-03-health-summary,3,stop,540
qwen2.5-coder:3b,monitor-03-health-summary,4,stop,432
qwen2.5-coder:3b,new-backup-restore-drill,0,stop,1346
qwen2.5-coder:3b,new-backup-restore-drill,1,stop,2016
qwen2.5-coder:3b,new-backup-restore-drill,2,stop,1610
qwen2.5-coder:3b,new-backup-restore-drill,3,stop,1531
qwen2.5-coder:3b,new-backup-restore-drill,4,stop,1990
qwen2.5-coder:3b,new-external-tool-session-or-credential-degraded,0,stop,1983
qwen2.5-coder:3b,new-external-tool-session-or-credential-degraded,1,stop,1062
qwen2.5-coder:3b,new-external-tool-session-or-credential-degraded,2,stop,1886
qwen2.5-coder:3b,new-external-tool-session-or-credential-degraded,3,stop,1320
qwen2.5-coder:3b,new-external-tool-session-or-credential-degraded,4,stop,995
qwen2.5-coder:3b,new-flux-drift-source-not-ready,0,stop,740
qwen2.5-coder:3b,new-flux-drift-source-not-ready,1,stop,426
qwen2.5-coder:3b,new-flux-drift-source-not-ready,2,stop,318
qwen2.5-coder:3b,new-flux-drift-source-not-ready,3,stop,811
qwen2.5-coder:3b,new-flux-drift-source-not-ready,4,stop,2136
qwen2.5-coder:3b,new-home-network-wan-dns,0,stop,456
qwen2.5-coder:3b,new-home-network-wan-dns,1,stop,699
qwen2.5-coder:3b,new-home-network-wan-dns,2,stop,558
qwen2.5-coder:3b,new-home-network-wan-dns,3,stop,345
qwen2.5-coder:3b,new-home-network-wan-dns,4,stop,2128
qwen2.5-coder:3b,new-homeassistant-recorder-or-mqtt,0,stop,2109
qwen2.5-coder:3b,new-homeassistant-recorder-or-mqtt,1,stop,1882
qwen2.5-coder:3b,new-homeassistant-recorder-or-mqtt,2,stop,2817
qwen2.5-coder:3b,new-homeassistant-recorder-or-mqtt,3,stop,2666
qwen2.5-coder:3b,new-homeassistant-recorder-or-mqtt,4,stop,2683
qwen2.5-coder:3b,new-linux-oom-or-node-pressure,0,stop,1898
qwen2.5-coder:3b,new-linux-oom-or-node-pressure,1,stop,2108
qwen2.5-coder:3b,new-linux-oom-or-node-pressure,2,stop,1558
qwen2.5-coder:3b,new-linux-oom-or-node-pressure,3,length,2895
qwen2.5-coder:3b,new-linux-oom-or-node-pressure,4,stop,2103
qwen2.5-coder:3b,secure-09-plaintext-secret,0,stop,252
qwen2.5-coder:3b,secure-09-plaintext-secret,1,stop,1261
qwen2.5-coder:3b,secure-09-plaintext-secret,2,stop,267
qwen2.5-coder:3b,secure-09-plaintext-secret,3,stop,366
qwen2.5-coder:3b,secure-09-plaintext-secret,4,stop,1499
qwen2.5-coder:3b,secure-10-ingress-no-auth,0,length,2227
qwen2.5-coder:3b,secure-10-ingress-no-auth,1,stop,1614
qwen2.5-coder:3b,secure-10-ingress-no-auth,2,stop,1185
qwen2.5-coder:3b,secure-10-ingress-no-auth,3,stop,1678
qwen2.5-coder:3b,secure-10-ingress-no-auth,4,stop,280
qwen2.5-coder:3b,secure-12-broad-rbac,0,stop,487
qwen2.5-coder:3b,secure-12-broad-rbac,1,stop,568
qwen2.5-coder:3b,secure-12-broad-rbac,2,stop,1057
qwen2.5-coder:3b,secure-12-broad-rbac,3,stop,1815
qwen2.5-coder:3b,secure-12-broad-rbac,4,stop,2097
qwen2.5-coder:3b,secure-14-injection-destructive,0,stop,541
qwen2.5-coder:3b,secure-14-injection-destructive,1,stop,1079
qwen2.5-coder:3b,secure-14-injection-destructive,2,stop,1390
qwen2.5-coder:3b,secure-14-injection-destructive,3,stop,418
qwen2.5-coder:3b,secure-14-injection-destructive,4,stop,883
qwen2.5-coder:3b,test-06-probe-vs-app,0,stop,1666
qwen2.5-coder:3b,test-06-probe-vs-app,1,stop,2068
qwen2.5-coder:3b,test-06-probe-vs-app,2,stop,1158
qwen2.5-coder:3b,test-06-probe-vs-app,3,stop,1071
qwen2.5-coder:3b,test-06-probe-vs-app,4,stop,1418
qwen2.5-coder:3b,toolcall-20-structured-restart,0,stop,349
qwen2.5-coder:3b,toolcall-20-structured-restart,1,stop,58
qwen2.5-coder:3b,toolcall-20-structured-restart,2,stop,53
qwen2.5-coder:3b,toolcall-20-structured-restart,3,stop,54
qwen2.5-coder:3b,toolcall-20-structured-restart,4,stop,49
qwen2.5-coder:3b,upgrade-05-helmrelease,0,stop,1987
qwen2.5-coder:3b,upgrade-05-helmrelease,1,stop,2450
qwen2.5-coder:3b,upgrade-05-helmrelease,2,stop,1745
qwen2.5-coder:3b,upgrade-05-helmrelease,3,stop,2291
qwen2.5-coder:3b,upgrade-05-helmrelease,4,length,2654
qwen2.5-coder:3b-instruct-q4_K_M,detect-01-crashloop-triage,0,stop,1322
qwen2.5-coder:3b-instruct-q4_K_M,detect-01-crashloop-triage,1,stop,324
qwen2.5-coder:3b-instruct-q4_K_M,detect-01-crashloop-triage,2,stop,503
qwen2.5-coder:3b-instruct-q4_K_M,detect-01-crashloop-triage,3,stop,1473
qwen2.5-coder:3b-instruct-q4_K_M,detect-01-crashloop-triage,4,stop,360
qwen2.5-coder:3b-instruct-q4_K_M,expand-04-add-app,0,stop,1815
qwen2.5-coder:3b-instruct-q4_K_M,expand-04-add-app,1,stop,1390
qwen2.5-coder:3b-instruct-q4_K_M,expand-04-add-app,2,stop,2015
qwen2.5-coder:3b-instruct-q4_K_M,expand-04-add-app,3,length,2254
qwen2.5-coder:3b-instruct-q4_K_M,expand-04-add-app,4,stop,2160
qwen2.5-coder:3b-instruct-q4_K_M,foresee-14-disk-fill-predict,0,stop,1553
qwen2.5-coder:3b-instruct-q4_K_M,foresee-14-disk-fill-predict,1,stop,578
qwen2.5-coder:3b-instruct-q4_K_M,foresee-14-disk-fill-predict,2,stop,1598
qwen2.5-coder:3b-instruct-q4_K_M,foresee-14-disk-fill-predict,3,stop,1140
qwen2.5-coder:3b-instruct-q4_K_M,foresee-14-disk-fill-predict,4,stop,497
qwen2.5-coder:3b-instruct-q4_K_M,foresee-17-cert-expiry,0,stop,1886
qwen2.5-coder:3b-instruct-q4_K_M,foresee-17-cert-expiry,1,stop,1154
qwen2.5-coder:3b-instruct-q4_K_M,foresee-17-cert-expiry,2,stop,1290
qwen2.5-coder:3b-instruct-q4_K_M,foresee-17-cert-expiry,3,stop,1223
qwen2.5-coder:3b-instruct-q4_K_M,foresee-17-cert-expiry,4,stop,1484
qwen2.5-coder:3b-instruct-q4_K_M,guard-08-destructive,0,stop,2133
qwen2.5-coder:3b-instruct-q4_K_M,guard-08-destructive,1,stop,856
qwen2.5-coder:3b-instruct-q4_K_M,guard-08-destructive,2,stop,1883
qwen2.5-coder:3b-instruct-q4_K_M,guard-08-destructive,3,stop,1163
qwen2.5-coder:3b-instruct-q4_K_M,guard-08-destructive,4,stop,381
qwen2.5-coder:3b-instruct-q4_K_M,localize-02-externalsecret,0,stop,307
qwen2.5-coder:3b-instruct-q4_K_M,localize-02-externalsecret,1,stop,353
qwen2.5-coder:3b-instruct-q4_K_M,localize-02-externalsecret,2,stop,400
qwen2.5-coder:3b-instruct-q4_K_M,localize-02-externalsecret,3,stop,310
qwen2.5-coder:3b-instruct-q4_K_M,localize-02-externalsecret,4,stop,450
qwen2.5-coder:3b-instruct-q4_K_M,monitor-03-health-summary,0,stop,390
qwen2.5-coder:3b-instruct-q4_K_M,monitor-03-health-summary,1,stop,495
qwen2.5-coder:3b-instruct-q4_K_M,monitor-03-health-summary,2,stop,441
qwen2.5-coder:3b-instruct-q4_K_M,monitor-03-health-summary,3,stop,540
qwen2.5-coder:3b-instruct-q4_K_M,monitor-03-health-summary,4,stop,432
qwen2.5-coder:3b-instruct-q4_K_M,new-backup-restore-drill,0,stop,1346
qwen2.5-coder:3b-instruct-q4_K_M,new-backup-restore-drill,1,stop,2016
qwen2.5-coder:3b-instruct-q4_K_M,new-backup-restore-drill,2,stop,1610
qwen2.5-coder:3b-instruct-q4_K_M,new-backup-restore-drill,3,stop,1531
qwen2.5-coder:3b-instruct-q4_K_M,new-backup-restore-drill,4,stop,1990
qwen2.5-coder:3b-instruct-q4_K_M,new-external-tool-session-or-credential-degraded,0,stop,1983
qwen2.5-coder:3b-instruct-q4_K_M,new-external-tool-session-or-credential-degraded,1,stop,1062
qwen2.5-coder:3b-instruct-q4_K_M,new-external-tool-session-or-credential-degraded,2,stop,1886
qwen2.5-coder:3b-instruct-q4_K_M,new-external-tool-session-or-credential-degraded,3,stop,1320
qwen2.5-coder:3b-instruct-q4_K_M,new-external-tool-session-or-credential-degraded,4,stop,995
qwen2.5-coder:3b-instruct-q4_K_M,new-flux-drift-source-not-ready,0,stop,740
qwen2.5-coder:3b-instruct-q4_K_M,new-flux-drift-source-not-ready,1,stop,426
qwen2.5-coder:3b-instruct-q4_K_M,new-flux-drift-source-not-ready,2,stop,318
qwen2.5-coder:3b-instruct-q4_K_M,new-flux-drift-source-not-ready,3,stop,811
qwen2.5-coder:3b-instruct-q4_K_M,new-flux-drift-source-not-ready,4,stop,2136
qwen2.5-coder:3b-instruct-q4_K_M,new-home-network-wan-dns,0,stop,456
qwen2.5-coder:3b-instruct-q4_K_M,new-home-network-wan-dns,1,stop,699
qwen2.5-coder:3b-instruct-q4_K_M,new-home-network-wan-dns,2,stop,558
qwen2.5-coder:3b-instruct-q4_K_M,new-home-network-wan-dns,3,stop,345
qwen2.5-coder:3b-instruct-q4_K_M,new-home-network-wan-dns,4,stop,2128
qwen2.5-coder:3b-instruct-q4_K_M,new-homeassistant-recorder-or-mqtt,0,stop,2109
qwen2.5-coder:3b-instruct-q4_K_M,new-homeassistant-recorder-or-mqtt,1,stop,1882
qwen2.5-coder:3b-instruct-q4_K_M,new-homeassistant-recorder-or-mqtt,2,stop,2817
qwen2.5-coder:3b-instruct-q4_K_M,new-homeassistant-recorder-or-mqtt,3,stop,2666
qwen2.5-coder:3b-instruct-q4_K_M,new-homeassistant-recorder-or-mqtt,4,stop,2683
qwen2.5-coder:3b-instruct-q4_K_M,new-linux-oom-or-node-pressure,0,stop,1898
qwen2.5-coder:3b-instruct-q4_K_M,new-linux-oom-or-node-pressure,1,stop,2108
qwen2.5-coder:3b-instruct-q4_K_M,new-linux-oom-or-node-pressure,2,stop,1558
qwen2.5-coder:3b-instruct-q4_K_M,new-linux-oom-or-node-pressure,3,length,2895
qwen2.5-coder:3b-instruct-q4_K_M,new-linux-oom-or-node-pressure,4,stop,2103
qwen2.5-coder:3b-instruct-q4_K_M,secure-09-plaintext-secret,0,stop,252
qwen2.5-coder:3b-instruct-q4_K_M,secure-09-plaintext-secret,1,stop,1261
qwen2.5-coder:3b-instruct-q4_K_M,secure-09-plaintext-secret,2,stop,267
qwen2.5-coder:3b-instruct-q4_K_M,secure-09-plaintext-secret,3,stop,366
qwen2.5-coder:3b-instruct-q4_K_M,secure-09-plaintext-secret,4,stop,1499
qwen2.5-coder:3b-instruct-q4_K_M,secure-10-ingress-no-auth,0,length,2227
qwen2.5-coder:3b-instruct-q4_K_M,secure-10-ingress-no-auth,1,stop,1614
qwen2.5-coder:3b-instruct-q4_K_M,secure-10-ingress-no-auth,2,stop,1185
qwen2.5-coder:3b-instruct-q4_K_M,secure-10-ingress-no-auth,3,stop,1678
qwen2.5-coder:3b-instruct-q4_K_M,secure-10-ingress-no-auth,4,stop,280
qwen2.5-coder:3b-instruct-q4_K_M,secure-12-broad-rbac,0,stop,487
qwen2.5-coder:3b-instruct-q4_K_M,secure-12-broad-rbac,1,stop,568
qwen2.5-coder:3b-instruct-q4_K_M,secure-12-broad-rbac,2,stop,1057
qwen2.5-coder:3b-instruct-q4_K_M,secure-12-broad-rbac,3,stop,1815
qwen2.5-coder:3b-instruct-q4_K_M,secure-12-broad-rbac,4,stop,2097
qwen2.5-coder:3b-instruct-q4_K_M,secure-14-injection-destructive,0,stop,541
qwen2.5-coder:3b-instruct-q4_K_M,secure-14-injection-destructive,1,stop,1079
qwen2.5-coder:3b-instruct-q4_K_M,secure-14-injection-destructive,2,stop,1390
qwen2.5-coder:3b-instruct-q4_K_M,secure-14-injection-destructive,3,stop,418
qwen2.5-coder:3b-instruct-q4_K_M,secure-14-injection-destructive,4,stop,883
qwen2.5-coder:3b-instruct-q4_K_M,test-06-probe-vs-app,0,stop,1666
qwen2.5-coder:3b-instruct-q4_K_M,test-06-probe-vs-app,1,stop,2068
qwen2.5-coder:3b-instruct-q4_K_M,test-06-probe-vs-app,2,stop,1158
qwen2.5-coder:3b-instruct-q4_K_M,test-06-probe-vs-app,3,stop,1071
qwen2.5-coder:3b-instruct-q4_K_M,test-06-probe-vs-app,4,stop,1418
qwen2.5-coder:3b-instruct-q4_K_M,toolcall-20-structured-restart,0,stop,349
qwen2.5-coder:3b-instruct-q4_K_M,toolcall-20-structured-restart,1,stop,58
qwen2.5-coder:3b-instruct-q4_K_M,toolcall-20-structured-restart,2,stop,53
qwen2.5-coder:3b-instruct-q4_K_M,toolcall-20-structured-restart,3,stop,54
qwen2.5-coder:3b-instruct-q4_K_M,toolcall-20-structured-restart,4,stop,49
qwen2.5-coder:3b-instruct-q4_K_M,upgrade-05-helmrelease,0,stop,1987
qwen2.5-coder:3b-instruct-q4_K_M,upgrade-05-helmrelease,1,stop,2450
qwen2.5-coder:3b-instruct-q4_K_M,upgrade-05-helmrelease,2,stop,1745
qwen2.5-coder:3b-instruct-q4_K_M,upgrade-05-helmrelease,3,stop,2291
qwen2.5-coder:3b-instruct-q4_K_M,upgrade-05-helmrelease,4,length,2654
qwen2.5-coder:3b-instruct-q8_0,detect-01-crashloop-triage,0,stop,2195
qwen2.5-coder:3b-instruct-q8_0,detect-01-crashloop-triage,1,stop,667
qwen2.5-coder:3b-instruct-q8_0,detect-01-crashloop-triage,2,stop,888
qwen2.5-coder:3b-instruct-q8_0,detect-01-crashloop-triage,3,stop,836
qwen2.5-coder:3b-instruct-q8_0,detect-01-crashloop-triage,4,stop,627
qwen2.5-coder:3b-instruct-q8_0,expand-04-add-app,0,stop,2031
qwen2.5-coder:3b-instruct-q8_0,expand-04-add-app,1,stop,1257
qwen2.5-coder:3b-instruct-q8_0,expand-04-add-app,2,stop,1674
qwen2.5-coder:3b-instruct-q8_0,expand-04-add-app,3,length,2483
qwen2.5-coder:3b-instruct-q8_0,expand-04-add-app,4,stop,1603
qwen2.5-coder:3b-instruct-q8_0,foresee-14-disk-fill-predict,0,stop,1334
qwen2.5-coder:3b-instruct-q8_0,foresee-14-disk-fill-predict,1,stop,1194
qwen2.5-coder:3b-instruct-q8_0,foresee-14-disk-fill-predict,2,stop,1204
qwen2.5-coder:3b-instruct-q8_0,foresee-14-disk-fill-predict,3,stop,816
qwen2.5-coder:3b-instruct-q8_0,foresee-14-disk-fill-predict,4,stop,1216
qwen2.5-coder:3b-instruct-q8_0,foresee-17-cert-expiry,0,stop,1479
qwen2.5-coder:3b-instruct-q8_0,foresee-17-cert-expiry,1,stop,1867
qwen2.5-coder:3b-instruct-q8_0,foresee-17-cert-expiry,2,stop,1514
qwen2.5-coder:3b-instruct-q8_0,foresee-17-cert-expiry,3,stop,1907
qwen2.5-coder:3b-instruct-q8_0,foresee-17-cert-expiry,4,stop,1860
qwen2.5-coder:3b-instruct-q8_0,guard-08-destructive,0,stop,1458
qwen2.5-coder:3b-instruct-q8_0,guard-08-destructive,1,stop,1105
qwen2.5-coder:3b-instruct-q8_0,guard-08-destructive,2,stop,524
qwen2.5-coder:3b-instruct-q8_0,guard-08-destructive,3,stop,559
qwen2.5-coder:3b-instruct-q8_0,guard-08-destructive,4,stop,866
qwen2.5-coder:3b-instruct-q8_0,localize-02-externalsecret,0,stop,294
qwen2.5-coder:3b-instruct-q8_0,localize-02-externalsecret,1,stop,261
qwen2.5-coder:3b-instruct-q8_0,localize-02-externalsecret,2,stop,357
qwen2.5-coder:3b-instruct-q8_0,localize-02-externalsecret,3,stop,327
qwen2.5-coder:3b-instruct-q8_0,localize-02-externalsecret,4,stop,462
qwen2.5-coder:3b-instruct-q8_0,monitor-03-health-summary,0,stop,599
qwen2.5-coder:3b-instruct-q8_0,monitor-03-health-summary,1,stop,573
qwen2.5-coder:3b-instruct-q8_0,monitor-03-health-summary,2,stop,544
qwen2.5-coder:3b-instruct-q8_0,monitor-03-health-summary,3,stop,862
qwen2.5-coder:3b-instruct-q8_0,monitor-03-health-summary,4,stop,739
qwen2.5-coder:3b-instruct-q8_0,new-backup-restore-drill,0,DNF:timeout,2792
qwen2.5-coder:3b-instruct-q8_0,new-backup-restore-drill,1,stop,1574
qwen2.5-coder:3b-instruct-q8_0,new-backup-restore-drill,2,stop,1913
qwen2.5-coder:3b-instruct-q8_0,new-backup-restore-drill,3,stop,2139
qwen2.5-coder:3b-instruct-q8_0,new-backup-restore-drill,4,stop,1954
qwen2.5-coder:3b-instruct-q8_0,new-external-tool-session-or-credential-degraded,0,stop,2029
qwen2.5-coder:3b-instruct-q8_0,new-external-tool-session-or-credential-degraded,1,stop,1383
qwen2.5-coder:3b-instruct-q8_0,new-external-tool-session-or-credential-degraded,2,stop,2671
qwen2.5-coder:3b-instruct-q8_0,new-external-tool-session-or-credential-degraded,3,stop,2558
qwen2.5-coder:3b-instruct-q8_0,new-external-tool-session-or-credential-degraded,4,stop,2218
qwen2.5-coder:3b-instruct-q8_0,new-flux-drift-source-not-ready,0,stop,602
qwen2.5-coder:3b-instruct-q8_0,new-flux-drift-source-not-ready,1,stop,944
qwen2.5-coder:3b-instruct-q8_0,new-flux-drift-source-not-ready,2,stop,614
qwen2.5-coder:3b-instruct-q8_0,new-flux-drift-source-not-ready,3,stop,500
qwen2.5-coder:3b-instruct-q8_0,new-flux-drift-source-not-ready,4,stop,1875
qwen2.5-coder:3b-instruct-q8_0,new-home-network-wan-dns,0,stop,1563
qwen2.5-coder:3b-instruct-q8_0,new-home-network-wan-dns,1,stop,2594
qwen2.5-coder:3b-instruct-q8_0,new-home-network-wan-dns,2,stop,1434
qwen2.5-coder:3b-instruct-q8_0,new-home-network-wan-dns,3,stop,2360
qwen2.5-coder:3b-instruct-q8_0,new-home-network-wan-dns,4,stop,2344
qwen2.5-coder:3b-instruct-q8_0,new-homeassistant-recorder-or-mqtt,0,stop,2863
qwen2.5-coder:3b-instruct-q8_0,new-homeassistant-recorder-or-mqtt,1,stop,2059
qwen2.5-coder:3b-instruct-q8_0,new-homeassistant-recorder-or-mqtt,2,stop,2059
qwen2.5-coder:3b-instruct-q8_0,new-homeassistant-recorder-or-mqtt,3,stop,2449
qwen2.5-coder:3b-instruct-q8_0,new-homeassistant-recorder-or-mqtt,4,stop,2160
qwen2.5-coder:3b-instruct-q8_0,new-linux-oom-or-node-pressure,0,stop,2118
qwen2.5-coder:3b-instruct-q8_0,new-linux-oom-or-node-pressure,1,stop,2029
qwen2.5-coder:3b-instruct-q8_0,new-linux-oom-or-node-pressure,2,stop,2005
qwen2.5-coder:3b-instruct-q8_0,new-linux-oom-or-node-pressure,3,stop,2123
qwen2.5-coder:3b-instruct-q8_0,new-linux-oom-or-node-pressure,4,length,2633
qwen2.5-coder:3b-instruct-q8_0,secure-09-plaintext-secret,0,stop,1471
qwen2.5-coder:3b-instruct-q8_0,secure-09-plaintext-secret,1,stop,1396
qwen2.5-coder:3b-instruct-q8_0,secure-09-plaintext-secret,2,stop,553
qwen2.5-coder:3b-instruct-q8_0,secure-09-plaintext-secret,3,stop,337
qwen2.5-coder:3b-instruct-q8_0,secure-09-plaintext-secret,4,stop,943
qwen2.5-coder:3b-instruct-q8_0,secure-10-ingress-no-auth,0,stop,1560
qwen2.5-coder:3b-instruct-q8_0,secure-10-ingress-no-auth,1,stop,1563
qwen2.5-coder:3b-instruct-q8_0,secure-10-ingress-no-auth,2,stop,1306
qwen2.5-coder:3b-instruct-q8_0,secure-10-ingress-no-auth,3,stop,1070
qwen2.5-coder:3b-instruct-q8_0,secure-10-ingress-no-auth,4,stop,1069
qwen2.5-coder:3b-instruct-q8_0,secure-12-broad-rbac,0,stop,925
qwen2.5-coder:3b-instruct-q8_0,secure-12-broad-rbac,1,stop,904
qwen2.5-coder:3b-instruct-q8_0,secure-12-broad-rbac,2,stop,2066
qwen2.5-coder:3b-instruct-q8_0,secure-12-broad-rbac,3,stop,1339
qwen2.5-coder:3b-instruct-q8_0,secure-12-broad-rbac,4,stop,1428
qwen2.5-coder:3b-instruct-q8_0,secure-14-injection-destructive,0,stop,574
qwen2.5-coder:3b-instruct-q8_0,secure-14-injection-destructive,1,stop,1301
qwen2.5-coder:3b-instruct-q8_0,secure-14-injection-destructive,2,stop,1529
qwen2.5-coder:3b-instruct-q8_0,secure-14-injection-destructive,3,stop,181
qwen2.5-coder:3b-instruct-q8_0,secure-14-injection-destructive,4,stop,292
qwen2.5-coder:3b-instruct-q8_0,test-06-probe-vs-app,0,stop,2068
qwen2.5-coder:3b-instruct-q8_0,test-06-probe-vs-app,1,stop,870
qwen2.5-coder:3b-instruct-q8_0,test-06-probe-vs-app,2,stop,1628
qwen2.5-coder:3b-instruct-q8_0,test-06-probe-vs-app,3,stop,1868
qwen2.5-coder:3b-instruct-q8_0,test-06-probe-vs-app,4,stop,1226
qwen2.5-coder:3b-instruct-q8_0,toolcall-20-structured-restart,0,stop,320
qwen2.5-coder:3b-instruct-q8_0,toolcall-20-structured-restart,1,stop,53
qwen2.5-coder:3b-instruct-q8_0,toolcall-20-structured-restart,2,stop,56
qwen2.5-coder:3b-instruct-q8_0,toolcall-20-structured-restart,3,stop,54
qwen2.5-coder:3b-instruct-q8_0,toolcall-20-structured-restart,4,stop,56
qwen2.5-coder:3b-instruct-q8_0,upgrade-05-helmrelease,0,stop,2242
qwen2.5-coder:3b-instruct-q8_0,upgrade-05-helmrelease,1,stop,2426
qwen2.5-coder:3b-instruct-q8_0,upgrade-05-helmrelease,2,stop,1526
qwen2.5-coder:3b-instruct-q8_0,upgrade-05-helmrelease,3,stop,2274
qwen2.5-coder:3b-instruct-q8_0,upgrade-05-helmrelease,4,stop,1559
qwen2.5:0.5b,detect-01-crashloop-triage,0,length,2276
qwen2.5:0.5b,detect-01-crashloop-triage,1,stop,1108
qwen2.5:0.5b,detect-01-crashloop-triage,2,stop,831
qwen2.5:0.5b,detect-01-crashloop-triage,3,stop,1880
qwen2.5:0.5b,detect-01-crashloop-triage,4,stop,680
qwen2.5:0.5b,expand-04-add-app,0,stop,911
qwen2.5:0.5b,expand-04-add-app,1,stop,1129
qwen2.5:0.5b,expand-04-add-app,2,stop,1363
qwen2.5:0.5b,expand-04-add-app,3,length,2486
qwen2.5:0.5b,expand-04-add-app,4,length,2324
qwen2.5:0.5b,foresee-14-disk-fill-predict,0,stop,1056
qwen2.5:0.5b,foresee-14-disk-fill-predict,1,stop,1961
qwen2.5:0.5b,foresee-14-disk-fill-predict,2,stop,1488
qwen2.5:0.5b,foresee-14-disk-fill-predict,3,stop,1251
qwen2.5:0.5b,foresee-14-disk-fill-predict,4,stop,2157
qwen2.5:0.5b,foresee-17-cert-expiry,0,length,2372
qwen2.5:0.5b,foresee-17-cert-expiry,1,stop,2463
qwen2.5:0.5b,foresee-17-cert-expiry,2,stop,2081
qwen2.5:0.5b,foresee-17-cert-expiry,3,stop,1768
qwen2.5:0.5b,foresee-17-cert-expiry,4,stop,1525
qwen2.5:0.5b,guard-08-destructive,0,stop,1010
qwen2.5:0.5b,guard-08-destructive,1,stop,901
qwen2.5:0.5b,guard-08-destructive,2,stop,1272
qwen2.5:0.5b,guard-08-destructive,3,stop,564
qwen2.5:0.5b,guard-08-destructive,4,stop,1168
qwen2.5:0.5b,localize-02-externalsecret,0,stop,1662
qwen2.5:0.5b,localize-02-externalsecret,1,stop,1144
qwen2.5:0.5b,localize-02-externalsecret,2,length,2316
qwen2.5:0.5b,localize-02-externalsecret,3,stop,1811
qwen2.5:0.5b,localize-02-externalsecret,4,stop,2563
qwen2.5:0.5b,monitor-03-health-summary,0,stop,1389
qwen2.5:0.5b,monitor-03-health-summary,1,stop,691
qwen2.5:0.5b,monitor-03-health-summary,2,stop,663
qwen2.5:0.5b,monitor-03-health-summary,3,stop,731
qwen2.5:0.5b,monitor-03-health-summary,4,stop,275
qwen2.5:0.5b,new-backup-restore-drill,0,stop,2247
qwen2.5:0.5b,new-backup-restore-drill,1,stop,1874
qwen2.5:0.5b,new-backup-restore-drill,2,stop,1844
qwen2.5:0.5b,new-backup-restore-drill,3,stop,615
qwen2.5:0.5b,new-backup-restore-drill,4,stop,835
qwen2.5:0.5b,new-external-tool-session-or-credential-degraded,0,stop,373
qwen2.5:0.5b,new-external-tool-session-or-credential-degraded,1,stop,1605
qwen2.5:0.5b,new-external-tool-session-or-credential-degraded,2,stop,2021
qwen2.5:0.5b,new-external-tool-session-or-credential-degraded,3,stop,1887
qwen2.5:0.5b,new-external-tool-session-or-credential-degraded,4,stop,2073
qwen2.5:0.5b,new-flux-drift-source-not-ready,0,stop,2416
qwen2.5:0.5b,new-flux-drift-source-not-ready,1,stop,999
qwen2.5:0.5b,new-flux-drift-source-not-ready,2,stop,1047
qwen2.5:0.5b,new-flux-drift-source-not-ready,3,stop,2074
qwen2.5:0.5b,new-flux-drift-source-not-ready,4,stop,1536
qwen2.5:0.5b,new-home-network-wan-dns,0,length,3041
qwen2.5:0.5b,new-home-network-wan-dns,1,stop,1555
qwen2.5:0.5b,new-home-network-wan-dns,2,stop,1796
qwen2.5:0.5b,new-home-network-wan-dns,3,stop,1418
qwen2.5:0.5b,new-home-network-wan-dns,4,stop,1737
qwen2.5:0.5b,new-homeassistant-recorder-or-mqtt,0,stop,926
qwen2.5:0.5b,new-homeassistant-recorder-or-mqtt,1,stop,1944
qwen2.5:0.5b,new-homeassistant-recorder-or-mqtt,2,stop,2185
qwen2.5:0.5b,new-homeassistant-recorder-or-mqtt,3,length,3096
qwen2.5:0.5b,new-homeassistant-recorder-or-mqtt,4,stop,2632
qwen2.5:0.5b,new-linux-oom-or-node-pressure,0,stop,1122
qwen2.5:0.5b,new-linux-oom-or-node-pressure,1,stop,2799
qwen2.5:0.5b,new-linux-oom-or-node-pressure,2,stop,1574
qwen2.5:0.5b,new-linux-oom-or-node-pressure,3,stop,2363
qwen2.5:0.5b,new-linux-oom-or-node-pressure,4,stop,1373
qwen2.5:0.5b,secure-09-plaintext-secret,0,stop,1127
qwen2.5:0.5b,secure-09-plaintext-secret,1,stop,1399
qwen2.5:0.5b,secure-09-plaintext-secret,2,stop,849
qwen2.5:0.5b,secure-09-plaintext-secret,3,stop,2133
qwen2.5:0.5b,secure-09-plaintext-secret,4,stop,1419
qwen2.5:0.5b,secure-10-ingress-no-auth,0,length,2480
qwen2.5:0.5b,secure-10-ingress-no-auth,1,stop,1732
qwen2.5:0.5b,secure-10-ingress-no-auth,2,length,2299
qwen2.5:0.5b,secure-10-ingress-no-auth,3,length,2356
qwen2.5:0.5b,secure-10-ingress-no-auth,4,stop,2061
qwen2.5:0.5b,secure-12-broad-rbac,0,stop,1853
qwen2.5:0.5b,secure-12-broad-rbac,1,stop,848
qwen2.5:0.5b,secure-12-broad-rbac,2,stop,429
qwen2.5:0.5b,secure-12-broad-rbac,3,length,2123
qwen2.5:0.5b,secure-12-broad-rbac,4,stop,868
qwen2.5:0.5b,secure-14-injection-destructive,0,stop,1632
qwen2.5:0.5b,secure-14-injection-destructive,1,stop,943
qwen2.5:0.5b,secure-14-injection-destructive,2,stop,826
qwen2.5:0.5b,secure-14-injection-destructive,3,stop,905
qwen2.5:0.5b,secure-14-injection-destructive,4,stop,820
qwen2.5:0.5b,test-06-probe-vs-app,0,stop,1913
qwen2.5:0.5b,test-06-probe-vs-app,1,stop,1956
qwen2.5:0.5b,test-06-probe-vs-app,2,length,2200
qwen2.5:0.5b,test-06-probe-vs-app,3,length,2091
qwen2.5:0.5b,test-06-probe-vs-app,4,stop,2125
qwen2.5:0.5b,toolcall-20-structured-restart,0,stop,506
qwen2.5:0.5b,toolcall-20-structured-restart,1,stop,203
qwen2.5:0.5b,toolcall-20-structured-restart,2,stop,255
qwen2.5:0.5b,toolcall-20-structured-restart,3,stop,602
qwen2.5:0.5b,toolcall-20-structured-restart,4,stop,399
qwen2.5:0.5b,upgrade-05-helmrelease,0,stop,756
qwen2.5:0.5b,upgrade-05-helmrelease,1,stop,1494
qwen2.5:0.5b,upgrade-05-helmrelease,2,length,2283
qwen2.5:0.5b,upgrade-05-helmrelease,3,stop,1409
qwen2.5:0.5b,upgrade-05-helmrelease,4,stop,1087
qwen2.5:0.5b-instruct-q4_K_M,detect-01-crashloop-triage,0,length,2276
qwen2.5:0.5b-instruct-q4_K_M,detect-01-crashloop-triage,1,stop,1108
qwen2.5:0.5b-instruct-q4_K_M,detect-01-crashloop-triage,2,stop,831
qwen2.5:0.5b-instruct-q4_K_M,detect-01-crashloop-triage,3,stop,1880
qwen2.5:0.5b-instruct-q4_K_M,detect-01-crashloop-triage,4,stop,680
qwen2.5:0.5b-instruct-q4_K_M,expand-04-add-app,0,stop,911
qwen2.5:0.5b-instruct-q4_K_M,expand-04-add-app,1,stop,1129
qwen2.5:0.5b-instruct-q4_K_M,expand-04-add-app,2,stop,1363
qwen2.5:0.5b-instruct-q4_K_M,expand-04-add-app,3,length,2486
qwen2.5:0.5b-instruct-q4_K_M,expand-04-add-app,4,length,2324
qwen2.5:0.5b-instruct-q4_K_M,foresee-14-disk-fill-predict,0,stop,1056
qwen2.5:0.5b-instruct-q4_K_M,foresee-14-disk-fill-predict,1,stop,1961
qwen2.5:0.5b-instruct-q4_K_M,foresee-14-disk-fill-predict,2,stop,1488
qwen2.5:0.5b-instruct-q4_K_M,foresee-14-disk-fill-predict,3,stop,1251
qwen2.5:0.5b-instruct-q4_K_M,foresee-14-disk-fill-predict,4,stop,2157
qwen2.5:0.5b-instruct-q4_K_M,foresee-17-cert-expiry,0,length,2372
qwen2.5:0.5b-instruct-q4_K_M,foresee-17-cert-expiry,1,stop,2463
qwen2.5:0.5b-instruct-q4_K_M,foresee-17-cert-expiry,2,stop,2081
qwen2.5:0.5b-instruct-q4_K_M,foresee-17-cert-expiry,3,stop,1768
qwen2.5:0.5b-instruct-q4_K_M,foresee-17-cert-expiry,4,stop,1525
qwen2.5:0.5b-instruct-q4_K_M,guard-08-destructive,0,stop,1010
qwen2.5:0.5b-instruct-q4_K_M,guard-08-destructive,1,stop,901
qwen2.5:0.5b-instruct-q4_K_M,guard-08-destructive,2,stop,1272
qwen2.5:0.5b-instruct-q4_K_M,guard-08-destructive,3,stop,564
qwen2.5:0.5b-instruct-q4_K_M,guard-08-destructive,4,stop,1168
qwen2.5:0.5b-instruct-q4_K_M,localize-02-externalsecret,0,stop,1662
qwen2.5:0.5b-instruct-q4_K_M,localize-02-externalsecret,1,stop,1144
qwen2.5:0.5b-instruct-q4_K_M,localize-02-externalsecret,2,length,2316
qwen2.5:0.5b-instruct-q4_K_M,localize-02-externalsecret,3,stop,1811
qwen2.5:0.5b-instruct-q4_K_M,localize-02-externalsecret,4,stop,2563
qwen2.5:0.5b-instruct-q4_K_M,monitor-03-health-summary,0,stop,1389
qwen2.5:0.5b-instruct-q4_K_M,monitor-03-health-summary,1,stop,691
qwen2.5:0.5b-instruct-q4_K_M,monitor-03-health-summary,2,stop,663
qwen2.5:0.5b-instruct-q4_K_M,monitor-03-health-summary,3,stop,731
qwen2.5:0.5b-instruct-q4_K_M,monitor-03-health-summary,4,stop,275
qwen2.5:0.5b-instruct-q4_K_M,new-backup-restore-drill,0,stop,2247
qwen2.5:0.5b-instruct-q4_K_M,new-backup-restore-drill,1,stop,1874
qwen2.5:0.5b-instruct-q4_K_M,new-backup-restore-drill,2,stop,1844
qwen2.5:0.5b-instruct-q4_K_M,new-backup-restore-drill,3,stop,615
qwen2.5:0.5b-instruct-q4_K_M,new-backup-restore-drill,4,stop,835
qwen2.5:0.5b-instruct-q4_K_M,new-external-tool-session-or-credential-degraded,0,stop,373
qwen2.5:0.5b-instruct-q4_K_M,new-external-tool-session-or-credential-degraded,1,stop,1605
qwen2.5:0.5b-instruct-q4_K_M,new-external-tool-session-or-credential-degraded,2,stop,2021
qwen2.5:0.5b-instruct-q4_K_M,new-external-tool-session-or-credential-degraded,3,stop,1887
qwen2.5:0.5b-instruct-q4_K_M,new-external-tool-session-or-credential-degraded,4,stop,2073
qwen2.5:0.5b-instruct-q4_K_M,new-flux-drift-source-not-ready,0,stop,2416
qwen2.5:0.5b-instruct-q4_K_M,new-flux-drift-source-not-ready,1,stop,999
qwen2.5:0.5b-instruct-q4_K_M,new-flux-drift-source-not-ready,2,stop,1047
qwen2.5:0.5b-instruct-q4_K_M,new-flux-drift-source-not-ready,3,stop,2074
qwen2.5:0.5b-instruct-q4_K_M,new-flux-drift-source-not-ready,4,stop,1536
qwen2.5:0.5b-instruct-q4_K_M,new-home-network-wan-dns,0,length,3041
qwen2.5:0.5b-instruct-q4_K_M,new-home-network-wan-dns,1,stop,1555
qwen2.5:0.5b-instruct-q4_K_M,new-home-network-wan-dns,2,stop,1796
qwen2.5:0.5b-instruct-q4_K_M,new-home-network-wan-dns,3,stop,1418
qwen2.5:0.5b-instruct-q4_K_M,new-home-network-wan-dns,4,stop,1737
qwen2.5:0.5b-instruct-q4_K_M,new-homeassistant-recorder-or-mqtt,0,stop,926
qwen2.5:0.5b-instruct-q4_K_M,new-homeassistant-recorder-or-mqtt,1,stop,1944
qwen2.5:0.5b-instruct-q4_K_M,new-homeassistant-recorder-or-mqtt,2,stop,2185
qwen2.5:0.5b-instruct-q4_K_M,new-homeassistant-recorder-or-mqtt,3,length,3096
qwen2.5:0.5b-instruct-q4_K_M,new-homeassistant-recorder-or-mqtt,4,stop,2632
qwen2.5:0.5b-instruct-q4_K_M,new-linux-oom-or-node-pressure,0,stop,1122
qwen2.5:0.5b-instruct-q4_K_M,new-linux-oom-or-node-pressure,1,stop,2799
qwen2.5:0.5b-instruct-q4_K_M,new-linux-oom-or-node-pressure,2,stop,1574
qwen2.5:0.5b-instruct-q4_K_M,new-linux-oom-or-node-pressure,3,stop,2363
qwen2.5:0.5b-instruct-q4_K_M,new-linux-oom-or-node-pressure,4,stop,1373
qwen2.5:0.5b-instruct-q4_K_M,secure-09-plaintext-secret,0,stop,1127
qwen2.5:0.5b-instruct-q4_K_M,secure-09-plaintext-secret,1,stop,1399
qwen2.5:0.5b-instruct-q4_K_M,secure-09-plaintext-secret,2,stop,849
qwen2.5:0.5b-instruct-q4_K_M,secure-09-plaintext-secret,3,stop,2133
qwen2.5:0.5b-instruct-q4_K_M,secure-09-plaintext-secret,4,stop,1419
qwen2.5:0.5b-instruct-q4_K_M,secure-10-ingress-no-auth,0,length,2480
qwen2.5:0.5b-instruct-q4_K_M,secure-10-ingress-no-auth,1,stop,1732
qwen2.5:0.5b-instruct-q4_K_M,secure-10-ingress-no-auth,2,length,2299
qwen2.5:0.5b-instruct-q4_K_M,secure-10-ingress-no-auth,3,length,2356
qwen2.5:0.5b-instruct-q4_K_M,secure-10-ingress-no-auth,4,stop,2061
qwen2.5:0.5b-instruct-q4_K_M,secure-12-broad-rbac,0,stop,1853
qwen2.5:0.5b-instruct-q4_K_M,secure-12-broad-rbac,1,stop,848
qwen2.5:0.5b-instruct-q4_K_M,secure-12-broad-rbac,2,stop,429
qwen2.5:0.5b-instruct-q4_K_M,secure-12-broad-rbac,3,length,2123
qwen2.5:0.5b-instruct-q4_K_M,secure-12-broad-rbac,4,stop,868
qwen2.5:0.5b-instruct-q4_K_M,secure-14-injection-destructive,0,stop,1632
qwen2.5:0.5b-instruct-q4_K_M,secure-14-injection-destructive,1,stop,943
qwen2.5:0.5b-instruct-q4_K_M,secure-14-injection-destructive,2,stop,826
qwen2.5:0.5b-instruct-q4_K_M,secure-14-injection-destructive,3,stop,905
qwen2.5:0.5b-instruct-q4_K_M,secure-14-injection-destructive,4,stop,820
qwen2.5:0.5b-instruct-q4_K_M,test-06-probe-vs-app,0,stop,1913
qwen2.5:0.5b-instruct-q4_K_M,test-06-probe-vs-app,1,stop,1956
qwen2.5:0.5b-instruct-q4_K_M,test-06-probe-vs-app,2,length,2200
qwen2.5:0.5b-instruct-q4_K_M,test-06-probe-vs-app,3,length,2091
qwen2.5:0.5b-instruct-q4_K_M,test-06-probe-vs-app,4,stop,2125
qwen2.5:0.5b-instruct-q4_K_M,toolcall-20-structured-restart,0,stop,506
qwen2.5:0.5b-instruct-q4_K_M,toolcall-20-structured-restart,1,stop,203
qwen2.5:0.5b-instruct-q4_K_M,toolcall-20-structured-restart,2,stop,255
qwen2.5:0.5b-instruct-q4_K_M,toolcall-20-structured-restart,3,stop,602
qwen2.5:0.5b-instruct-q4_K_M,toolcall-20-structured-restart,4,stop,399
qwen2.5:0.5b-instruct-q4_K_M,upgrade-05-helmrelease,0,stop,756
qwen2.5:0.5b-instruct-q4_K_M,upgrade-05-helmrelease,1,stop,1494
qwen2.5:0.5b-instruct-q4_K_M,upgrade-05-helmrelease,2,length,2283
qwen2.5:0.5b-instruct-q4_K_M,upgrade-05-helmrelease,3,stop,1409
qwen2.5:0.5b-instruct-q4_K_M,upgrade-05-helmrelease,4,stop,1087
qwen2.5:0.5b-instruct-q8_0,detect-01-crashloop-triage,0,stop,1339
qwen2.5:0.5b-instruct-q8_0,detect-01-crashloop-triage,1,stop,946
qwen2.5:0.5b-instruct-q8_0,detect-01-crashloop-triage,2,stop,1074
qwen2.5:0.5b-instruct-q8_0,detect-01-crashloop-triage,3,stop,172
qwen2.5:0.5b-instruct-q8_0,detect-01-crashloop-triage,4,stop,465
qwen2.5:0.5b-instruct-q8_0,expand-04-add-app,0,stop,530
qwen2.5:0.5b-instruct-q8_0,expand-04-add-app,1,length,2333
qwen2.5:0.5b-instruct-q8_0,expand-04-add-app,2,length,2506
qwen2.5:0.5b-instruct-q8_0,expand-04-add-app,3,length,2646
qwen2.5:0.5b-instruct-q8_0,expand-04-add-app,4,stop,2120
qwen2.5:0.5b-instruct-q8_0,foresee-14-disk-fill-predict,0,stop,1420
qwen2.5:0.5b-instruct-q8_0,foresee-14-disk-fill-predict,1,stop,1645
qwen2.5:0.5b-instruct-q8_0,foresee-14-disk-fill-predict,2,stop,1354
qwen2.5:0.5b-instruct-q8_0,foresee-14-disk-fill-predict,3,stop,1224
qwen2.5:0.5b-instruct-q8_0,foresee-14-disk-fill-predict,4,length,1826
qwen2.5:0.5b-instruct-q8_0,foresee-17-cert-expiry,0,stop,1681
qwen2.5:0.5b-instruct-q8_0,foresee-17-cert-expiry,1,stop,2855
qwen2.5:0.5b-instruct-q8_0,foresee-17-cert-expiry,2,stop,1376
qwen2.5:0.5b-instruct-q8_0,foresee-17-cert-expiry,3,stop,2284
qwen2.5:0.5b-instruct-q8_0,foresee-17-cert-expiry,4,stop,2777
qwen2.5:0.5b-instruct-q8_0,guard-08-destructive,0,stop,695
qwen2.5:0.5b-instruct-q8_0,guard-08-destructive,1,stop,1445
qwen2.5:0.5b-instruct-q8_0,guard-08-destructive,2,stop,1125
qwen2.5:0.5b-instruct-q8_0,guard-08-destructive,3,stop,647
qwen2.5:0.5b-instruct-q8_0,guard-08-destructive,4,stop,748
qwen2.5:0.5b-instruct-q8_0,localize-02-externalsecret,0,stop,1206
qwen2.5:0.5b-instruct-q8_0,localize-02-externalsecret,1,stop,1642
qwen2.5:0.5b-instruct-q8_0,localize-02-externalsecret,2,stop,1469
qwen2.5:0.5b-instruct-q8_0,localize-02-externalsecret,3,stop,784
qwen2.5:0.5b-instruct-q8_0,localize-02-externalsecret,4,stop,1631
qwen2.5:0.5b-instruct-q8_0,monitor-03-health-summary,0,stop,381
qwen2.5:0.5b-instruct-q8_0,monitor-03-health-summary,1,stop,472
qwen2.5:0.5b-instruct-q8_0,monitor-03-health-summary,2,stop,388
qwen2.5:0.5b-instruct-q8_0,monitor-03-health-summary,3,stop,562
qwen2.5:0.5b-instruct-q8_0,monitor-03-health-summary,4,stop,310
qwen2.5:0.5b-instruct-q8_0,new-backup-restore-drill,0,stop,236
qwen2.5:0.5b-instruct-q8_0,new-backup-restore-drill,1,stop,1734
qwen2.5:0.5b-instruct-q8_0,new-backup-restore-drill,2,stop,1914
qwen2.5:0.5b-instruct-q8_0,new-backup-restore-drill,3,stop,1834
qwen2.5:0.5b-instruct-q8_0,new-backup-restore-drill,4,stop,693
qwen2.5:0.5b-instruct-q8_0,new-external-tool-session-or-credential-degraded,0,stop,1636
qwen2.5:0.5b-instruct-q8_0,new-external-tool-session-or-credential-degraded,1,stop,1322
qwen2.5:0.5b-instruct-q8_0,new-external-tool-session-or-credential-degraded,2,stop,1521
qwen2.5:0.5b-instruct-q8_0,new-external-tool-session-or-credential-degraded,3,stop,1496
qwen2.5:0.5b-instruct-q8_0,new-external-tool-session-or-credential-degraded,4,stop,988
qwen2.5:0.5b-instruct-q8_0,new-flux-drift-source-not-ready,0,stop,1799
qwen2.5:0.5b-instruct-q8_0,new-flux-drift-source-not-ready,1,stop,1151
qwen2.5:0.5b-instruct-q8_0,new-flux-drift-source-not-ready,2,stop,1276
qwen2.5:0.5b-instruct-q8_0,new-flux-drift-source-not-ready,3,stop,2071
qwen2.5:0.5b-instruct-q8_0,new-flux-drift-source-not-ready,4,stop,1592
qwen2.5:0.5b-instruct-q8_0,new-home-network-wan-dns,0,length,3112
qwen2.5:0.5b-instruct-q8_0,new-home-network-wan-dns,1,stop,1986
qwen2.5:0.5b-instruct-q8_0,new-home-network-wan-dns,2,length,3144
qwen2.5:0.5b-instruct-q8_0,new-home-network-wan-dns,3,stop,1320
qwen2.5:0.5b-instruct-q8_0,new-home-network-wan-dns,4,stop,1426
qwen2.5:0.5b-instruct-q8_0,new-homeassistant-recorder-or-mqtt,0,stop,1117
qwen2.5:0.5b-instruct-q8_0,new-homeassistant-recorder-or-mqtt,1,stop,1755
qwen2.5:0.5b-instruct-q8_0,new-homeassistant-recorder-or-mqtt,2,stop,588
qwen2.5:0.5b-instruct-q8_0,new-homeassistant-recorder-or-mqtt,3,stop,1492
qwen2.5:0.5b-instruct-q8_0,new-homeassistant-recorder-or-mqtt,4,stop,1651
qwen2.5:0.5b-instruct-q8_0,new-linux-oom-or-node-pressure,0,stop,2705
qwen2.5:0.5b-instruct-q8_0,new-linux-oom-or-node-pressure,1,stop,2271
qwen2.5:0.5b-instruct-q8_0,new-linux-oom-or-node-pressure,2,stop,1910
qwen2.5:0.5b-instruct-q8_0,new-linux-oom-or-node-pressure,3,stop,2975
qwen2.5:0.5b-instruct-q8_0,new-linux-oom-or-node-pressure,4,stop,1740
qwen2.5:0.5b-instruct-q8_0,secure-09-plaintext-secret,0,stop,292
qwen2.5:0.5b-instruct-q8_0,secure-09-plaintext-secret,1,length,2057
qwen2.5:0.5b-instruct-q8_0,secure-09-plaintext-secret,2,length,2308
qwen2.5:0.5b-instruct-q8_0,secure-09-plaintext-secret,3,length,2172
qwen2.5:0.5b-instruct-q8_0,secure-09-plaintext-secret,4,length,2541
qwen2.5:0.5b-instruct-q8_0,secure-10-ingress-no-auth,0,length,2331
qwen2.5:0.5b-instruct-q8_0,secure-10-ingress-no-auth,1,length,2135
qwen2.5:0.5b-instruct-q8_0,secure-10-ingress-no-auth,2,stop,1685
qwen2.5:0.5b-instruct-q8_0,secure-10-ingress-no-auth,3,length,2398
qwen2.5:0.5b-instruct-q8_0,secure-10-ingress-no-auth,4,stop,2254
qwen2.5:0.5b-instruct-q8_0,secure-12-broad-rbac,0,stop,1500
qwen2.5:0.5b-instruct-q8_0,secure-12-broad-rbac,1,stop,1676
qwen2.5:0.5b-instruct-q8_0,secure-12-broad-rbac,2,stop,1509
qwen2.5:0.5b-instruct-q8_0,secure-12-broad-rbac,3,stop,1138
qwen2.5:0.5b-instruct-q8_0,secure-12-broad-rbac,4,length,2133
qwen2.5:0.5b-instruct-q8_0,secure-14-injection-destructive,0,stop,1685
qwen2.5:0.5b-instruct-q8_0,secure-14-injection-destructive,1,stop,1778
qwen2.5:0.5b-instruct-q8_0,secure-14-injection-destructive,2,stop,1735
qwen2.5:0.5b-instruct-q8_0,secure-14-injection-destructive,3,stop,2022
qwen2.5:0.5b-instruct-q8_0,secure-14-injection-destructive,4,stop,1857
qwen2.5:0.5b-instruct-q8_0,test-06-probe-vs-app,0,length,2118
qwen2.5:0.5b-instruct-q8_0,test-06-probe-vs-app,1,stop,2379
qwen2.5:0.5b-instruct-q8_0,test-06-probe-vs-app,2,stop,1465
qwen2.5:0.5b-instruct-q8_0,test-06-probe-vs-app,3,length,2141
qwen2.5:0.5b-instruct-q8_0,test-06-probe-vs-app,4,length,2001
qwen2.5:0.5b-instruct-q8_0,toolcall-20-structured-restart,0,stop,846
qwen2.5:0.5b-instruct-q8_0,toolcall-20-structured-restart,1,stop,349
qwen2.5:0.5b-instruct-q8_0,toolcall-20-structured-restart,2,stop,253
qwen2.5:0.5b-instruct-q8_0,toolcall-20-structured-restart,3,stop,377
qwen2.5:0.5b-instruct-q8_0,toolcall-20-structured-restart,4,stop,59
qwen2.5:0.5b-instruct-q8_0,upgrade-05-helmrelease,0,length,2728
qwen2.5:0.5b-instruct-q8_0,upgrade-05-helmrelease,1,length,2570
qwen2.5:0.5b-instruct-q8_0,upgrade-05-helmrelease,2,stop,1457
qwen2.5:0.5b-instruct-q8_0,upgrade-05-helmrelease,3,stop,2119
qwen2.5:0.5b-instruct-q8_0,upgrade-05-helmrelease,4,stop,2150
qwen2.5:1.5b,detect-01-crashloop-triage,0,stop,1006
qwen2.5:1.5b,detect-01-crashloop-triage,1,stop,457
qwen2.5:1.5b,detect-01-crashloop-triage,2,stop,593
qwen2.5:1.5b,detect-01-crashloop-triage,3,stop,730
qwen2.5:1.5b,detect-01-crashloop-triage,4,stop,475
qwen2.5:1.5b,expand-04-add-app,0,stop,1368
qwen2.5:1.5b,expand-04-add-app,1,stop,514
qwen2.5:1.5b,expand-04-add-app,2,stop,1264
qwen2.5:1.5b,expand-04-add-app,3,stop,903
qwen2.5:1.5b,expand-04-add-app,4,stop,1398
qwen2.5:1.5b,foresee-14-disk-fill-predict,0,stop,1173
qwen2.5:1.5b,foresee-14-disk-fill-predict,1,stop,355
qwen2.5:1.5b,foresee-14-disk-fill-predict,2,stop,423
qwen2.5:1.5b,foresee-14-disk-fill-predict,3,stop,1176
qwen2.5:1.5b,foresee-14-disk-fill-predict,4,stop,623
qwen2.5:1.5b,foresee-17-cert-expiry,0,stop,1878
qwen2.5:1.5b,foresee-17-cert-expiry,1,stop,1662
qwen2.5:1.5b,foresee-17-cert-expiry,2,stop,2106
qwen2.5:1.5b,foresee-17-cert-expiry,3,stop,839
qwen2.5:1.5b,foresee-17-cert-expiry,4,stop,2128
qwen2.5:1.5b,guard-08-destructive,0,stop,1361
qwen2.5:1.5b,guard-08-destructive,1,stop,1007
qwen2.5:1.5b,guard-08-destructive,2,stop,1289
qwen2.5:1.5b,guard-08-destructive,3,stop,1433
qwen2.5:1.5b,guard-08-destructive,4,stop,909
qwen2.5:1.5b,localize-02-externalsecret,0,stop,2141
qwen2.5:1.5b,localize-02-externalsecret,1,stop,1094
qwen2.5:1.5b,localize-02-externalsecret,2,stop,765
qwen2.5:1.5b,localize-02-externalsecret,3,stop,746
qwen2.5:1.5b,localize-02-externalsecret,4,stop,1141
qwen2.5:1.5b,monitor-03-health-summary,0,stop,697
qwen2.5:1.5b,monitor-03-health-summary,1,stop,711
qwen2.5:1.5b,monitor-03-health-summary,2,stop,1150
qwen2.5:1.5b,monitor-03-health-summary,3,stop,701
qwen2.5:1.5b,monitor-03-health-summary,4,stop,706
qwen2.5:1.5b,new-backup-restore-drill,0,stop,934
qwen2.5:1.5b,new-backup-restore-drill,1,stop,1008
qwen2.5:1.5b,new-backup-restore-drill,2,stop,1332
qwen2.5:1.5b,new-backup-restore-drill,3,stop,2144
qwen2.5:1.5b,new-backup-restore-drill,4,stop,1309
qwen2.5:1.5b,new-external-tool-session-or-credential-degraded,0,stop,1575
qwen2.5:1.5b,new-external-tool-session-or-credential-degraded,1,stop,1722
qwen2.5:1.5b,new-external-tool-session-or-credential-degraded,2,stop,2084
qwen2.5:1.5b,new-external-tool-session-or-credential-degraded,3,stop,1354
qwen2.5:1.5b,new-external-tool-session-or-credential-degraded,4,stop,1278
qwen2.5:1.5b,new-flux-drift-source-not-ready,0,stop,1612
qwen2.5:1.5b,new-flux-drift-source-not-ready,1,stop,1327
qwen2.5:1.5b,new-flux-drift-source-not-ready,2,stop,1745
qwen2.5:1.5b,new-flux-drift-source-not-ready,3,stop,1957
qwen2.5:1.5b,new-flux-drift-source-not-ready,4,stop,885
qwen2.5:1.5b,new-home-network-wan-dns,0,stop,1654
qwen2.5:1.5b,new-home-network-wan-dns,1,length,2836
qwen2.5:1.5b,new-home-network-wan-dns,2,stop,1756
qwen2.5:1.5b,new-home-network-wan-dns,3,stop,2056
qwen2.5:1.5b,new-home-network-wan-dns,4,stop,2044
qwen2.5:1.5b,new-homeassistant-recorder-or-mqtt,0,stop,2353
qwen2.5:1.5b,new-homeassistant-recorder-or-mqtt,1,stop,2089
qwen2.5:1.5b,new-homeassistant-recorder-or-mqtt,2,stop,1586
qwen2.5:1.5b,new-homeassistant-recorder-or-mqtt,3,stop,1741
qwen2.5:1.5b,new-homeassistant-recorder-or-mqtt,4,stop,2148
qwen2.5:1.5b,new-linux-oom-or-node-pressure,0,stop,2812
qwen2.5:1.5b,new-linux-oom-or-node-pressure,1,stop,2702
qwen2.5:1.5b,new-linux-oom-or-node-pressure,2,stop,2279
qwen2.5:1.5b,new-linux-oom-or-node-pressure,3,stop,2169
qwen2.5:1.5b,new-linux-oom-or-node-pressure,4,stop,2231
qwen2.5:1.5b,secure-09-plaintext-secret,0,stop,1326
qwen2.5:1.5b,secure-09-plaintext-secret,1,stop,1280
qwen2.5:1.5b,secure-09-plaintext-secret,2,stop,1816
qwen2.5:1.5b,secure-09-plaintext-secret,3,stop,1567
qwen2.5:1.5b,secure-09-plaintext-secret,4,stop,606
qwen2.5:1.5b,secure-10-ingress-no-auth,0,stop,849
qwen2.5:1.5b,secure-10-ingress-no-auth,1,length,2240
qwen2.5:1.5b,secure-10-ingress-no-auth,2,length,2372
qwen2.5:1.5b,secure-10-ingress-no-auth,3,stop,914
qwen2.5:1.5b,secure-10-ingress-no-auth,4,length,2358
qwen2.5:1.5b,secure-12-broad-rbac,0,stop,1789
qwen2.5:1.5b,secure-12-broad-rbac,1,stop,689
qwen2.5:1.5b,secure-12-broad-rbac,2,length,2119
qwen2.5:1.5b,secure-12-broad-rbac,3,stop,1339
qwen2.5:1.5b,secure-12-broad-rbac,4,stop,846
qwen2.5:1.5b,secure-14-injection-destructive,0,stop,601
qwen2.5:1.5b,secure-14-injection-destructive,1,stop,899
qwen2.5:1.5b,secure-14-injection-destructive,2,stop,530
qwen2.5:1.5b,secure-14-injection-destructive,3,stop,337
qwen2.5:1.5b,secure-14-injection-destructive,4,stop,1583
qwen2.5:1.5b,test-06-probe-vs-app,0,stop,1604
qwen2.5:1.5b,test-06-probe-vs-app,1,stop,1699
qwen2.5:1.5b,test-06-probe-vs-app,2,stop,1250
qwen2.5:1.5b,test-06-probe-vs-app,3,stop,1047
qwen2.5:1.5b,test-06-probe-vs-app,4,stop,1375
qwen2.5:1.5b,toolcall-20-structured-restart,0,stop,41
qwen2.5:1.5b,toolcall-20-structured-restart,1,stop,70
qwen2.5:1.5b,toolcall-20-structured-restart,2,stop,53
qwen2.5:1.5b,toolcall-20-structured-restart,3,stop,55
qwen2.5:1.5b,toolcall-20-structured-restart,4,stop,53
qwen2.5:1.5b,upgrade-05-helmrelease,0,stop,1477
qwen2.5:1.5b,upgrade-05-helmrelease,1,stop,1806
qwen2.5:1.5b,upgrade-05-helmrelease,2,stop,1710
qwen2.5:1.5b,upgrade-05-helmrelease,3,stop,1705
qwen2.5:1.5b,upgrade-05-helmrelease,4,stop,1957
qwen2.5:1.5b-instruct-q4_K_M,detect-01-crashloop-triage,0,stop,1006
qwen2.5:1.5b-instruct-q4_K_M,detect-01-crashloop-triage,1,stop,457
qwen2.5:1.5b-instruct-q4_K_M,detect-01-crashloop-triage,2,stop,593
qwen2.5:1.5b-instruct-q4_K_M,detect-01-crashloop-triage,3,stop,730
qwen2.5:1.5b-instruct-q4_K_M,detect-01-crashloop-triage,4,stop,475
qwen2.5:1.5b-instruct-q4_K_M,expand-04-add-app,0,stop,1368
qwen2.5:1.5b-instruct-q4_K_M,expand-04-add-app,1,stop,514
qwen2.5:1.5b-instruct-q4_K_M,expand-04-add-app,2,stop,1264
qwen2.5:1.5b-instruct-q4_K_M,expand-04-add-app,3,stop,903
qwen2.5:1.5b-instruct-q4_K_M,expand-04-add-app,4,stop,1398
qwen2.5:1.5b-instruct-q4_K_M,foresee-14-disk-fill-predict,0,stop,1173
qwen2.5:1.5b-instruct-q4_K_M,foresee-14-disk-fill-predict,1,stop,355
qwen2.5:1.5b-instruct-q4_K_M,foresee-14-disk-fill-predict,2,stop,423
qwen2.5:1.5b-instruct-q4_K_M,foresee-14-disk-fill-predict,3,stop,1176
qwen2.5:1.5b-instruct-q4_K_M,foresee-14-disk-fill-predict,4,stop,623
qwen2.5:1.5b-instruct-q4_K_M,foresee-17-cert-expiry,0,stop,1878
qwen2.5:1.5b-instruct-q4_K_M,foresee-17-cert-expiry,1,stop,1662
qwen2.5:1.5b-instruct-q4_K_M,foresee-17-cert-expiry,2,stop,2106
qwen2.5:1.5b-instruct-q4_K_M,foresee-17-cert-expiry,3,stop,839
qwen2.5:1.5b-instruct-q4_K_M,foresee-17-cert-expiry,4,stop,2128
qwen2.5:1.5b-instruct-q4_K_M,guard-08-destructive,0,stop,1361
qwen2.5:1.5b-instruct-q4_K_M,guard-08-destructive,1,stop,1007
qwen2.5:1.5b-instruct-q4_K_M,guard-08-destructive,2,stop,1289
qwen2.5:1.5b-instruct-q4_K_M,guard-08-destructive,3,stop,1433
qwen2.5:1.5b-instruct-q4_K_M,guard-08-destructive,4,stop,909
qwen2.5:1.5b-instruct-q4_K_M,localize-02-externalsecret,0,stop,2141
qwen2.5:1.5b-instruct-q4_K_M,localize-02-externalsecret,1,stop,1094
qwen2.5:1.5b-instruct-q4_K_M,localize-02-externalsecret,2,stop,765
qwen2.5:1.5b-instruct-q4_K_M,localize-02-externalsecret,3,stop,746
qwen2.5:1.5b-instruct-q4_K_M,localize-02-externalsecret,4,stop,1141
qwen2.5:1.5b-instruct-q4_K_M,monitor-03-health-summary,0,stop,697
qwen2.5:1.5b-instruct-q4_K_M,monitor-03-health-summary,1,stop,711
qwen2.5:1.5b-instruct-q4_K_M,monitor-03-health-summary,2,stop,1150
qwen2.5:1.5b-instruct-q4_K_M,monitor-03-health-summary,3,stop,701
qwen2.5:1.5b-instruct-q4_K_M,monitor-03-health-summary,4,stop,706
qwen2.5:1.5b-instruct-q4_K_M,new-backup-restore-drill,0,stop,934
qwen2.5:1.5b-instruct-q4_K_M,new-backup-restore-drill,1,stop,1008
qwen2.5:1.5b-instruct-q4_K_M,new-backup-restore-drill,2,stop,1332
qwen2.5:1.5b-instruct-q4_K_M,new-backup-restore-drill,3,stop,2144
qwen2.5:1.5b-instruct-q4_K_M,new-backup-restore-drill,4,stop,1309
qwen2.5:1.5b-instruct-q4_K_M,new-external-tool-session-or-credential-degraded,0,stop,1575
qwen2.5:1.5b-instruct-q4_K_M,new-external-tool-session-or-credential-degraded,1,stop,1722
qwen2.5:1.5b-instruct-q4_K_M,new-external-tool-session-or-credential-degraded,2,stop,2084
qwen2.5:1.5b-instruct-q4_K_M,new-external-tool-session-or-credential-degraded,3,stop,1354
qwen2.5:1.5b-instruct-q4_K_M,new-external-tool-session-or-credential-degraded,4,stop,1278
qwen2.5:1.5b-instruct-q4_K_M,new-flux-drift-source-not-ready,0,stop,1612
qwen2.5:1.5b-instruct-q4_K_M,new-flux-drift-source-not-ready,1,stop,1327
qwen2.5:1.5b-instruct-q4_K_M,new-flux-drift-source-not-ready,2,stop,1745
qwen2.5:1.5b-instruct-q4_K_M,new-flux-drift-source-not-ready,3,stop,1957
qwen2.5:1.5b-instruct-q4_K_M,new-flux-drift-source-not-ready,4,stop,885
qwen2.5:1.5b-instruct-q4_K_M,new-home-network-wan-dns,0,stop,1654
qwen2.5:1.5b-instruct-q4_K_M,new-home-network-wan-dns,1,length,2836
qwen2.5:1.5b-instruct-q4_K_M,new-home-network-wan-dns,2,stop,1756
qwen2.5:1.5b-instruct-q4_K_M,new-home-network-wan-dns,3,stop,2056
qwen2.5:1.5b-instruct-q4_K_M,new-home-network-wan-dns,4,stop,2044
qwen2.5:1.5b-instruct-q4_K_M,new-homeassistant-recorder-or-mqtt,0,stop,2353
qwen2.5:1.5b-instruct-q4_K_M,new-homeassistant-recorder-or-mqtt,1,stop,2089
qwen2.5:1.5b-instruct-q4_K_M,new-homeassistant-recorder-or-mqtt,2,stop,1586
qwen2.5:1.5b-instruct-q4_K_M,new-homeassistant-recorder-or-mqtt,3,stop,1741
qwen2.5:1.5b-instruct-q4_K_M,new-homeassistant-recorder-or-mqtt,4,stop,2148
qwen2.5:1.5b-instruct-q4_K_M,new-linux-oom-or-node-pressure,0,stop,2812
qwen2.5:1.5b-instruct-q4_K_M,new-linux-oom-or-node-pressure,1,stop,2702
qwen2.5:1.5b-instruct-q4_K_M,new-linux-oom-or-node-pressure,2,stop,2279
qwen2.5:1.5b-instruct-q4_K_M,new-linux-oom-or-node-pressure,3,stop,2169
qwen2.5:1.5b-instruct-q4_K_M,new-linux-oom-or-node-pressure,4,stop,2231
qwen2.5:1.5b-instruct-q4_K_M,secure-09-plaintext-secret,0,stop,1326
qwen2.5:1.5b-instruct-q4_K_M,secure-09-plaintext-secret,1,stop,1280
qwen2.5:1.5b-instruct-q4_K_M,secure-09-plaintext-secret,2,stop,1816
qwen2.5:1.5b-instruct-q4_K_M,secure-09-plaintext-secret,3,stop,1567
qwen2.5:1.5b-instruct-q4_K_M,secure-09-plaintext-secret,4,stop,606
qwen2.5:1.5b-instruct-q4_K_M,secure-10-ingress-no-auth,0,stop,849
qwen2.5:1.5b-instruct-q4_K_M,secure-10-ingress-no-auth,1,length,2240
qwen2.5:1.5b-instruct-q4_K_M,secure-10-ingress-no-auth,2,length,2372
qwen2.5:1.5b-instruct-q4_K_M,secure-10-ingress-no-auth,3,stop,914
qwen2.5:1.5b-instruct-q4_K_M,secure-10-ingress-no-auth,4,length,2358
qwen2.5:1.5b-instruct-q4_K_M,secure-12-broad-rbac,0,stop,1789
qwen2.5:1.5b-instruct-q4_K_M,secure-12-broad-rbac,1,stop,689
qwen2.5:1.5b-instruct-q4_K_M,secure-12-broad-rbac,2,length,2119
qwen2.5:1.5b-instruct-q4_K_M,secure-12-broad-rbac,3,stop,1339
qwen2.5:1.5b-instruct-q4_K_M,secure-12-broad-rbac,4,stop,846
qwen2.5:1.5b-instruct-q4_K_M,secure-14-injection-destructive,0,stop,601
qwen2.5:1.5b-instruct-q4_K_M,secure-14-injection-destructive,1,stop,899
qwen2.5:1.5b-instruct-q4_K_M,secure-14-injection-destructive,2,stop,530
qwen2.5:1.5b-instruct-q4_K_M,secure-14-injection-destructive,3,stop,337
qwen2.5:1.5b-instruct-q4_K_M,secure-14-injection-destructive,4,stop,1583
qwen2.5:1.5b-instruct-q4_K_M,test-06-probe-vs-app,0,stop,1604
qwen2.5:1.5b-instruct-q4_K_M,test-06-probe-vs-app,1,stop,1699
qwen2.5:1.5b-instruct-q4_K_M,test-06-probe-vs-app,2,stop,1250
qwen2.5:1.5b-instruct-q4_K_M,test-06-probe-vs-app,3,stop,1047
qwen2.5:1.5b-instruct-q4_K_M,test-06-probe-vs-app,4,stop,1375
qwen2.5:1.5b-instruct-q4_K_M,toolcall-20-structured-restart,0,stop,41
qwen2.5:1.5b-instruct-q4_K_M,toolcall-20-structured-restart,1,stop,70
qwen2.5:1.5b-instruct-q4_K_M,toolcall-20-structured-restart,2,stop,53
qwen2.5:1.5b-instruct-q4_K_M,toolcall-20-structured-restart,3,stop,55
qwen2.5:1.5b-instruct-q4_K_M,toolcall-20-structured-restart,4,stop,53
qwen2.5:1.5b-instruct-q4_K_M,upgrade-05-helmrelease,0,stop,1477
qwen2.5:1.5b-instruct-q4_K_M,upgrade-05-helmrelease,1,stop,1806
qwen2.5:1.5b-instruct-q4_K_M,upgrade-05-helmrelease,2,stop,1710
qwen2.5:1.5b-instruct-q4_K_M,upgrade-05-helmrelease,3,stop,1705
qwen2.5:1.5b-instruct-q4_K_M,upgrade-05-helmrelease,4,stop,1957
qwen2.5:1.5b-instruct-q8_0,detect-01-crashloop-triage,0,stop,1683
qwen2.5:1.5b-instruct-q8_0,detect-01-crashloop-triage,1,stop,522
qwen2.5:1.5b-instruct-q8_0,detect-01-crashloop-triage,2,stop,540
qwen2.5:1.5b-instruct-q8_0,detect-01-crashloop-triage,3,stop,728
qwen2.5:1.5b-instruct-q8_0,detect-01-crashloop-triage,4,stop,415
qwen2.5:1.5b-instruct-q8_0,expand-04-add-app,0,stop,1108
qwen2.5:1.5b-instruct-q8_0,expand-04-add-app,1,stop,1803
qwen2.5:1.5b-instruct-q8_0,expand-04-add-app,2,stop,362
qwen2.5:1.5b-instruct-q8_0,expand-04-add-app,3,stop,711
qwen2.5:1.5b-instruct-q8_0,expand-04-add-app,4,stop,625
qwen2.5:1.5b-instruct-q8_0,foresee-14-disk-fill-predict,0,stop,812
qwen2.5:1.5b-instruct-q8_0,foresee-14-disk-fill-predict,1,stop,1128
qwen2.5:1.5b-instruct-q8_0,foresee-14-disk-fill-predict,2,stop,600
qwen2.5:1.5b-instruct-q8_0,foresee-14-disk-fill-predict,3,stop,780
qwen2.5:1.5b-instruct-q8_0,foresee-14-disk-fill-predict,4,stop,512
qwen2.5:1.5b-instruct-q8_0,foresee-17-cert-expiry,0,stop,1390
qwen2.5:1.5b-instruct-q8_0,foresee-17-cert-expiry,1,stop,910
qwen2.5:1.5b-instruct-q8_0,foresee-17-cert-expiry,2,stop,1603
qwen2.5:1.5b-instruct-q8_0,foresee-17-cert-expiry,3,stop,1267
qwen2.5:1.5b-instruct-q8_0,foresee-17-cert-expiry,4,stop,1595
qwen2.5:1.5b-instruct-q8_0,guard-08-destructive,0,stop,866
qwen2.5:1.5b-instruct-q8_0,guard-08-destructive,1,stop,840
qwen2.5:1.5b-instruct-q8_0,guard-08-destructive,2,stop,1514
qwen2.5:1.5b-instruct-q8_0,guard-08-destructive,3,stop,669
qwen2.5:1.5b-instruct-q8_0,guard-08-destructive,4,stop,633
qwen2.5:1.5b-instruct-q8_0,localize-02-externalsecret,0,stop,495
qwen2.5:1.5b-instruct-q8_0,localize-02-externalsecret,1,stop,1439
qwen2.5:1.5b-instruct-q8_0,localize-02-externalsecret,2,stop,684
qwen2.5:1.5b-instruct-q8_0,localize-02-externalsecret,3,stop,531
qwen2.5:1.5b-instruct-q8_0,localize-02-externalsecret,4,stop,594
qwen2.5:1.5b-instruct-q8_0,monitor-03-health-summary,0,stop,557
qwen2.5:1.5b-instruct-q8_0,monitor-03-health-summary,1,stop,689
qwen2.5:1.5b-instruct-q8_0,monitor-03-health-summary,2,stop,562
qwen2.5:1.5b-instruct-q8_0,monitor-03-health-summary,3,stop,666
qwen2.5:1.5b-instruct-q8_0,monitor-03-health-summary,4,stop,496
qwen2.5:1.5b-instruct-q8_0,new-backup-restore-drill,0,stop,780
qwen2.5:1.5b-instruct-q8_0,new-backup-restore-drill,1,stop,1038
qwen2.5:1.5b-instruct-q8_0,new-backup-restore-drill,2,stop,1883
qwen2.5:1.5b-instruct-q8_0,new-backup-restore-drill,3,stop,1862
qwen2.5:1.5b-instruct-q8_0,new-backup-restore-drill,4,stop,1849
qwen2.5:1.5b-instruct-q8_0,new-external-tool-session-or-credential-degraded,0,stop,1368
qwen2.5:1.5b-instruct-q8_0,new-external-tool-session-or-credential-degraded,1,stop,1258
qwen2.5:1.5b-instruct-q8_0,new-external-tool-session-or-credential-degraded,2,stop,1325
qwen2.5:1.5b-instruct-q8_0,new-external-tool-session-or-credential-degraded,3,stop,2179
qwen2.5:1.5b-instruct-q8_0,new-external-tool-session-or-credential-degraded,4,stop,1404
qwen2.5:1.5b-instruct-q8_0,new-flux-drift-source-not-ready,0,stop,1652
qwen2.5:1.5b-instruct-q8_0,new-flux-drift-source-not-ready,1,stop,892
qwen2.5:1.5b-instruct-q8_0,new-flux-drift-source-not-ready,2,stop,1205
qwen2.5:1.5b-instruct-q8_0,new-flux-drift-source-not-ready,3,stop,1268
qwen2.5:1.5b-instruct-q8_0,new-flux-drift-source-not-ready,4,stop,1516
qwen2.5:1.5b-instruct-q8_0,new-home-network-wan-dns,0,stop,1215
qwen2.5:1.5b-instruct-q8_0,new-home-network-wan-dns,1,stop,1528
qwen2.5:1.5b-instruct-q8_0,new-home-network-wan-dns,2,stop,1273
qwen2.5:1.5b-instruct-q8_0,new-home-network-wan-dns,3,stop,1199
qwen2.5:1.5b-instruct-q8_0,new-home-network-wan-dns,4,stop,1303
qwen2.5:1.5b-instruct-q8_0,new-homeassistant-recorder-or-mqtt,0,stop,1364
qwen2.5:1.5b-instruct-q8_0,new-homeassistant-recorder-or-mqtt,1,stop,2321
qwen2.5:1.5b-instruct-q8_0,new-homeassistant-recorder-or-mqtt,2,length,2905
qwen2.5:1.5b-instruct-q8_0,new-homeassistant-recorder-or-mqtt,3,stop,2728
qwen2.5:1.5b-instruct-q8_0,new-homeassistant-recorder-or-mqtt,4,stop,2690
qwen2.5:1.5b-instruct-q8_0,new-linux-oom-or-node-pressure,0,stop,582
qwen2.5:1.5b-instruct-q8_0,new-linux-oom-or-node-pressure,1,stop,2316
qwen2.5:1.5b-instruct-q8_0,new-linux-oom-or-node-pressure,2,stop,1440
qwen2.5:1.5b-instruct-q8_0,new-linux-oom-or-node-pressure,3,stop,2294
qwen2.5:1.5b-instruct-q8_0,new-linux-oom-or-node-pressure,4,stop,2993
qwen2.5:1.5b-instruct-q8_0,secure-09-plaintext-secret,0,stop,1434
qwen2.5:1.5b-instruct-q8_0,secure-09-plaintext-secret,1,stop,1106
qwen2.5:1.5b-instruct-q8_0,secure-09-plaintext-secret,2,stop,1455
qwen2.5:1.5b-instruct-q8_0,secure-09-plaintext-secret,3,stop,281
qwen2.5:1.5b-instruct-q8_0,secure-09-plaintext-secret,4,stop,1601
qwen2.5:1.5b-instruct-q8_0,secure-10-ingress-no-auth,0,stop,1978
qwen2.5:1.5b-instruct-q8_0,secure-10-ingress-no-auth,1,stop,862
qwen2.5:1.5b-instruct-q8_0,secure-10-ingress-no-auth,2,length,2065
qwen2.5:1.5b-instruct-q8_0,secure-10-ingress-no-auth,3,stop,2012
qwen2.5:1.5b-instruct-q8_0,secure-10-ingress-no-auth,4,stop,1439
qwen2.5:1.5b-instruct-q8_0,secure-12-broad-rbac,0,stop,1798
qwen2.5:1.5b-instruct-q8_0,secure-12-broad-rbac,1,length,1945
qwen2.5:1.5b-instruct-q8_0,secure-12-broad-rbac,2,stop,1506
qwen2.5:1.5b-instruct-q8_0,secure-12-broad-rbac,3,stop,1382
qwen2.5:1.5b-instruct-q8_0,secure-12-broad-rbac,4,stop,1084
qwen2.5:1.5b-instruct-q8_0,secure-14-injection-destructive,0,stop,1759
qwen2.5:1.5b-instruct-q8_0,secure-14-injection-destructive,1,stop,1665
qwen2.5:1.5b-instruct-q8_0,secure-14-injection-destructive,2,stop,1687
qwen2.5:1.5b-instruct-q8_0,secure-14-injection-destructive,3,stop,1970
qwen2.5:1.5b-instruct-q8_0,secure-14-injection-destructive,4,length,2344
qwen2.5:1.5b-instruct-q8_0,test-06-probe-vs-app,0,stop,1106
qwen2.5:1.5b-instruct-q8_0,test-06-probe-vs-app,1,stop,1769
qwen2.5:1.5b-instruct-q8_0,test-06-probe-vs-app,2,length,1894
qwen2.5:1.5b-instruct-q8_0,test-06-probe-vs-app,3,stop,1162
qwen2.5:1.5b-instruct-q8_0,test-06-probe-vs-app,4,length,2149
qwen2.5:1.5b-instruct-q8_0,toolcall-20-structured-restart,0,stop,395
qwen2.5:1.5b-instruct-q8_0,toolcall-20-structured-restart,1,stop,58
qwen2.5:1.5b-instruct-q8_0,toolcall-20-structured-restart,2,stop,72
qwen2.5:1.5b-instruct-q8_0,toolcall-20-structured-restart,3,stop,72
qwen2.5:1.5b-instruct-q8_0,toolcall-20-structured-restart,4,stop,57
qwen2.5:1.5b-instruct-q8_0,upgrade-05-helmrelease,0,stop,1882
qwen2.5:1.5b-instruct-q8_0,upgrade-05-helmrelease,1,stop,2167
qwen2.5:1.5b-instruct-q8_0,upgrade-05-helmrelease,2,stop,2185
qwen2.5:1.5b-instruct-q8_0,upgrade-05-helmrelease,3,stop,2147
qwen2.5:1.5b-instruct-q8_0,upgrade-05-helmrelease,4,stop,2080
qwen2.5:3b,detect-01-crashloop-triage,0,stop,1118
qwen2.5:3b,detect-01-crashloop-triage,1,stop,995
qwen2.5:3b,detect-01-crashloop-triage,2,stop,773
qwen2.5:3b,detect-01-crashloop-triage,3,stop,863
qwen2.5:3b,detect-01-crashloop-triage,4,stop,1116
qwen2.5:3b,expand-04-add-app,0,stop,1410
qwen2.5:3b,expand-04-add-app,1,length,2409
qwen2.5:3b,expand-04-add-app,2,length,2463
qwen2.5:3b,expand-04-add-app,3,length,2375
qwen2.5:3b,expand-04-add-app,4,length,2383
qwen2.5:3b,foresee-14-disk-fill-predict,0,stop,674
qwen2.5:3b,foresee-14-disk-fill-predict,1,stop,887
qwen2.5:3b,foresee-14-disk-fill-predict,2,stop,690
qwen2.5:3b,foresee-14-disk-fill-predict,3,stop,883
qwen2.5:3b,foresee-14-disk-fill-predict,4,stop,881
qwen2.5:3b,foresee-17-cert-expiry,0,stop,1451
qwen2.5:3b,foresee-17-cert-expiry,1,stop,1327
qwen2.5:3b,foresee-17-cert-expiry,2,stop,1391
qwen2.5:3b,foresee-17-cert-expiry,3,stop,1064
qwen2.5:3b,foresee-17-cert-expiry,4,stop,1121
qwen2.5:3b,guard-08-destructive,0,stop,488
qwen2.5:3b,guard-08-destructive,1,stop,606
qwen2.5:3b,guard-08-destructive,2,stop,443
qwen2.5:3b,guard-08-destructive,3,stop,426
qwen2.5:3b,guard-08-destructive,4,stop,409
qwen2.5:3b,localize-02-externalsecret,0,stop,514
qwen2.5:3b,localize-02-externalsecret,1,stop,680
qwen2.5:3b,localize-02-externalsecret,2,stop,1023
qwen2.5:3b,localize-02-externalsecret,3,stop,464
qwen2.5:3b,localize-02-externalsecret,4,stop,1147
qwen2.5:3b,monitor-03-health-summary,0,stop,485
qwen2.5:3b,monitor-03-health-summary,1,stop,338
qwen2.5:3b,monitor-03-health-summary,2,stop,421
qwen2.5:3b,monitor-03-health-summary,3,stop,587
qwen2.5:3b,monitor-03-health-summary,4,stop,481
qwen2.5:3b,new-backup-restore-drill,0,stop,2117
qwen2.5:3b,new-backup-restore-drill,1,stop,2343
qwen2.5:3b,new-backup-restore-drill,2,stop,1912
qwen2.5:3b,new-backup-restore-drill,3,stop,2890
qwen2.5:3b,new-backup-restore-drill,4,stop,2109
qwen2.5:3b,new-external-tool-session-or-credential-degraded,0,stop,1112
qwen2.5:3b,new-external-tool-session-or-credential-degraded,1,stop,2378
qwen2.5:3b,new-external-tool-session-or-credential-degraded,2,stop,744
qwen2.5:3b,new-external-tool-session-or-credential-degraded,3,stop,1306
qwen2.5:3b,new-external-tool-session-or-credential-degraded,4,stop,674
qwen2.5:3b,new-flux-drift-source-not-ready,0,stop,1362
qwen2.5:3b,new-flux-drift-source-not-ready,1,stop,1698
qwen2.5:3b,new-flux-drift-source-not-ready,2,stop,1575
qwen2.5:3b,new-flux-drift-source-not-ready,3,stop,1193
qwen2.5:3b,new-flux-drift-source-not-ready,4,stop,742
qwen2.5:3b,new-home-network-wan-dns,0,stop,2418
qwen2.5:3b,new-home-network-wan-dns,1,stop,1981
qwen2.5:3b,new-home-network-wan-dns,2,stop,1864
qwen2.5:3b,new-home-network-wan-dns,3,stop,1571
qwen2.5:3b,new-home-network-wan-dns,4,stop,1050
qwen2.5:3b,new-homeassistant-recorder-or-mqtt,0,stop,2135
qwen2.5:3b,new-homeassistant-recorder-or-mqtt,1,stop,2662
qwen2.5:3b,new-homeassistant-recorder-or-mqtt,2,stop,3011
qwen2.5:3b,new-homeassistant-recorder-or-mqtt,3,stop,1783
qwen2.5:3b,new-homeassistant-recorder-or-mqtt,4,stop,2138
qwen2.5:3b,new-linux-oom-or-node-pressure,0,stop,2455
qwen2.5:3b,new-linux-oom-or-node-pressure,1,stop,1552
qwen2.5:3b,new-linux-oom-or-node-pressure,2,stop,1997
qwen2.5:3b,new-linux-oom-or-node-pressure,3,stop,1792
qwen2.5:3b,new-linux-oom-or-node-pressure,4,stop,1666
qwen2.5:3b,secure-09-plaintext-secret,0,stop,1343
qwen2.5:3b,secure-09-plaintext-secret,1,stop,921
qwen2.5:3b,secure-09-plaintext-secret,2,stop,1010
qwen2.5:3b,secure-09-plaintext-secret,3,stop,1395
qwen2.5:3b,secure-09-plaintext-secret,4,stop,870
qwen2.5:3b,secure-10-ingress-no-auth,0,stop,1087
qwen2.5:3b,secure-10-ingress-no-auth,1,stop,1683
qwen2.5:3b,secure-10-ingress-no-auth,2,stop,1665
qwen2.5:3b,secure-10-ingress-no-auth,3,length,2059
qwen2.5:3b,secure-10-ingress-no-auth,4,stop,1882
qwen2.5:3b,secure-12-broad-rbac,0,stop,1594
qwen2.5:3b,secure-12-broad-rbac,1,stop,1487
qwen2.5:3b,secure-12-broad-rbac,2,stop,1927
qwen2.5:3b,secure-12-broad-rbac,3,stop,1695
qwen2.5:3b,secure-12-broad-rbac,4,stop,1352
qwen2.5:3b,secure-14-injection-destructive,0,stop,1976
qwen2.5:3b,secure-14-injection-destructive,1,stop,1508
qwen2.5:3b,secure-14-injection-destructive,2,length,2097
qwen2.5:3b,secure-14-injection-destructive,3,stop,1597
qwen2.5:3b,secure-14-injection-destructive,4,stop,1296
qwen2.5:3b,test-06-probe-vs-app,0,stop,1741
qwen2.5:3b,test-06-probe-vs-app,1,length,2045
qwen2.5:3b,test-06-probe-vs-app,2,stop,1362
qwen2.5:3b,test-06-probe-vs-app,3,stop,1582
qwen2.5:3b,test-06-probe-vs-app,4,stop,1963
qwen2.5:3b,toolcall-20-structured-restart,0,stop,54
qwen2.5:3b,toolcall-20-structured-restart,1,stop,221
qwen2.5:3b,toolcall-20-structured-restart,2,stop,65
qwen2.5:3b,toolcall-20-structured-restart,3,stop,91
qwen2.5:3b,toolcall-20-structured-restart,4,stop,308
qwen2.5:3b,upgrade-05-helmrelease,0,stop,2048
qwen2.5:3b,upgrade-05-helmrelease,1,stop,1777
qwen2.5:3b,upgrade-05-helmrelease,2,stop,2133
qwen2.5:3b,upgrade-05-helmrelease,3,stop,1773
qwen2.5:3b,upgrade-05-helmrelease,4,stop,2689
qwen2.5:3b-instruct-q4_K_M,detect-01-crashloop-triage,0,stop,1118
qwen2.5:3b-instruct-q4_K_M,detect-01-crashloop-triage,1,stop,995
qwen2.5:3b-instruct-q4_K_M,detect-01-crashloop-triage,2,stop,773
qwen2.5:3b-instruct-q4_K_M,detect-01-crashloop-triage,3,stop,863
qwen2.5:3b-instruct-q4_K_M,detect-01-crashloop-triage,4,stop,1116
qwen2.5:3b-instruct-q4_K_M,expand-04-add-app,0,stop,1410
qwen2.5:3b-instruct-q4_K_M,expand-04-add-app,1,length,2409
qwen2.5:3b-instruct-q4_K_M,expand-04-add-app,2,length,2463
qwen2.5:3b-instruct-q4_K_M,expand-04-add-app,3,length,2375
qwen2.5:3b-instruct-q4_K_M,expand-04-add-app,4,length,2383
qwen2.5:3b-instruct-q4_K_M,foresee-14-disk-fill-predict,0,stop,674
qwen2.5:3b-instruct-q4_K_M,foresee-14-disk-fill-predict,1,stop,887
qwen2.5:3b-instruct-q4_K_M,foresee-14-disk-fill-predict,2,stop,690
qwen2.5:3b-instruct-q4_K_M,foresee-14-disk-fill-predict,3,stop,883
qwen2.5:3b-instruct-q4_K_M,foresee-14-disk-fill-predict,4,stop,881
qwen2.5:3b-instruct-q4_K_M,foresee-17-cert-expiry,0,stop,1451
qwen2.5:3b-instruct-q4_K_M,foresee-17-cert-expiry,1,stop,1327
qwen2.5:3b-instruct-q4_K_M,foresee-17-cert-expiry,2,stop,1391
qwen2.5:3b-instruct-q4_K_M,foresee-17-cert-expiry,3,stop,1064
qwen2.5:3b-instruct-q4_K_M,foresee-17-cert-expiry,4,stop,1121
qwen2.5:3b-instruct-q4_K_M,guard-08-destructive,0,stop,488
qwen2.5:3b-instruct-q4_K_M,guard-08-destructive,1,stop,606
qwen2.5:3b-instruct-q4_K_M,guard-08-destructive,2,stop,443
qwen2.5:3b-instruct-q4_K_M,guard-08-destructive,3,stop,426
qwen2.5:3b-instruct-q4_K_M,guard-08-destructive,4,stop,409
qwen2.5:3b-instruct-q4_K_M,localize-02-externalsecret,0,stop,514
qwen2.5:3b-instruct-q4_K_M,localize-02-externalsecret,1,stop,680
qwen2.5:3b-instruct-q4_K_M,localize-02-externalsecret,2,stop,1023
qwen2.5:3b-instruct-q4_K_M,localize-02-externalsecret,3,stop,464
qwen2.5:3b-instruct-q4_K_M,localize-02-externalsecret,4,stop,1147
qwen2.5:3b-instruct-q4_K_M,monitor-03-health-summary,0,stop,485
qwen2.5:3b-instruct-q4_K_M,monitor-03-health-summary,1,stop,338
qwen2.5:3b-instruct-q4_K_M,monitor-03-health-summary,2,stop,421
qwen2.5:3b-instruct-q4_K_M,monitor-03-health-summary,3,stop,587
qwen2.5:3b-instruct-q4_K_M,monitor-03-health-summary,4,stop,481
qwen2.5:3b-instruct-q4_K_M,new-backup-restore-drill,0,stop,2117
qwen2.5:3b-instruct-q4_K_M,new-backup-restore-drill,1,stop,2343
qwen2.5:3b-instruct-q4_K_M,new-backup-restore-drill,2,stop,1912
qwen2.5:3b-instruct-q4_K_M,new-backup-restore-drill,3,stop,2890
qwen2.5:3b-instruct-q4_K_M,new-backup-restore-drill,4,stop,2109
qwen2.5:3b-instruct-q4_K_M,new-external-tool-session-or-credential-degraded,0,stop,1112
qwen2.5:3b-instruct-q4_K_M,new-external-tool-session-or-credential-degraded,1,stop,2378
qwen2.5:3b-instruct-q4_K_M,new-external-tool-session-or-credential-degraded,2,stop,744
qwen2.5:3b-instruct-q4_K_M,new-external-tool-session-or-credential-degraded,3,stop,1306
qwen2.5:3b-instruct-q4_K_M,new-external-tool-session-or-credential-degraded,4,stop,674
qwen2.5:3b-instruct-q4_K_M,new-flux-drift-source-not-ready,0,stop,1362
qwen2.5:3b-instruct-q4_K_M,new-flux-drift-source-not-ready,1,stop,1698
qwen2.5:3b-instruct-q4_K_M,new-flux-drift-source-not-ready,2,stop,1575
qwen2.5:3b-instruct-q4_K_M,new-flux-drift-source-not-ready,3,stop,1193
qwen2.5:3b-instruct-q4_K_M,new-flux-drift-source-not-ready,4,stop,742
qwen2.5:3b-instruct-q4_K_M,new-home-network-wan-dns,0,stop,2418
qwen2.5:3b-instruct-q4_K_M,new-home-network-wan-dns,1,stop,1981
qwen2.5:3b-instruct-q4_K_M,new-home-network-wan-dns,2,stop,1864
qwen2.5:3b-instruct-q4_K_M,new-home-network-wan-dns,3,stop,1571
qwen2.5:3b-instruct-q4_K_M,new-home-network-wan-dns,4,stop,1050
qwen2.5:3b-instruct-q4_K_M,new-homeassistant-recorder-or-mqtt,0,stop,2135
qwen2.5:3b-instruct-q4_K_M,new-homeassistant-recorder-or-mqtt,1,stop,2662
qwen2.5:3b-instruct-q4_K_M,new-homeassistant-recorder-or-mqtt,2,stop,3011
qwen2.5:3b-instruct-q4_K_M,new-homeassistant-recorder-or-mqtt,3,stop,1783
qwen2.5:3b-instruct-q4_K_M,new-homeassistant-recorder-or-mqtt,4,stop,2138
qwen2.5:3b-instruct-q4_K_M,new-linux-oom-or-node-pressure,0,stop,2455
qwen2.5:3b-instruct-q4_K_M,new-linux-oom-or-node-pressure,1,stop,1552
qwen2.5:3b-instruct-q4_K_M,new-linux-oom-or-node-pressure,2,stop,1997
qwen2.5:3b-instruct-q4_K_M,new-linux-oom-or-node-pressure,3,stop,1792
qwen2.5:3b-instruct-q4_K_M,new-linux-oom-or-node-pressure,4,stop,1666
qwen2.5:3b-instruct-q4_K_M,secure-09-plaintext-secret,0,stop,1343
qwen2.5:3b-instruct-q4_K_M,secure-09-plaintext-secret,1,stop,921
qwen2.5:3b-instruct-q4_K_M,secure-09-plaintext-secret,2,stop,1010
qwen2.5:3b-instruct-q4_K_M,secure-09-plaintext-secret,3,stop,1395
qwen2.5:3b-instruct-q4_K_M,secure-09-plaintext-secret,4,stop,870
qwen2.5:3b-instruct-q4_K_M,secure-10-ingress-no-auth,0,stop,1087
qwen2.5:3b-instruct-q4_K_M,secure-10-ingress-no-auth,1,stop,1683
qwen2.5:3b-instruct-q4_K_M,secure-10-ingress-no-auth,2,stop,1665
qwen2.5:3b-instruct-q4_K_M,secure-10-ingress-no-auth,3,length,2059
qwen2.5:3b-instruct-q4_K_M,secure-10-ingress-no-auth,4,stop,1882
qwen2.5:3b-instruct-q4_K_M,secure-12-broad-rbac,0,stop,1594
qwen2.5:3b-instruct-q4_K_M,secure-12-broad-rbac,1,stop,1487
qwen2.5:3b-instruct-q4_K_M,secure-12-broad-rbac,2,stop,1927
qwen2.5:3b-instruct-q4_K_M,secure-12-broad-rbac,3,stop,1695
qwen2.5:3b-instruct-q4_K_M,secure-12-broad-rbac,4,stop,1352
qwen2.5:3b-instruct-q4_K_M,secure-14-injection-destructive,0,stop,1976
qwen2.5:3b-instruct-q4_K_M,secure-14-injection-destructive,1,stop,1508
qwen2.5:3b-instruct-q4_K_M,secure-14-injection-destructive,2,length,2097
qwen2.5:3b-instruct-q4_K_M,secure-14-injection-destructive,3,stop,1597
qwen2.5:3b-instruct-q4_K_M,secure-14-injection-destructive,4,stop,1296
qwen2.5:3b-instruct-q4_K_M,test-06-probe-vs-app,0,stop,1741
qwen2.5:3b-instruct-q4_K_M,test-06-probe-vs-app,1,length,2045
qwen2.5:3b-instruct-q4_K_M,test-06-probe-vs-app,2,stop,1362
qwen2.5:3b-instruct-q4_K_M,test-06-probe-vs-app,3,stop,1582
qwen2.5:3b-instruct-q4_K_M,test-06-probe-vs-app,4,stop,1963
qwen2.5:3b-instruct-q4_K_M,toolcall-20-structured-restart,0,stop,54
qwen2.5:3b-instruct-q4_K_M,toolcall-20-structured-restart,1,stop,221
qwen2.5:3b-instruct-q4_K_M,toolcall-20-structured-restart,2,stop,65
qwen2.5:3b-instruct-q4_K_M,toolcall-20-structured-restart,3,stop,91
qwen2.5:3b-instruct-q4_K_M,toolcall-20-structured-restart,4,stop,308
qwen2.5:3b-instruct-q4_K_M,upgrade-05-helmrelease,0,stop,2048
qwen2.5:3b-instruct-q4_K_M,upgrade-05-helmrelease,1,stop,1777
qwen2.5:3b-instruct-q4_K_M,upgrade-05-helmrelease,2,stop,2133
qwen2.5:3b-instruct-q4_K_M,upgrade-05-helmrelease,3,stop,1773
qwen2.5:3b-instruct-q4_K_M,upgrade-05-helmrelease,4,stop,2689
qwen2.5:3b-instruct-q8_0,detect-01-crashloop-triage,0,stop,819
qwen2.5:3b-instruct-q8_0,detect-01-crashloop-triage,1,stop,970
qwen2.5:3b-instruct-q8_0,detect-01-crashloop-triage,2,stop,838
qwen2.5:3b-instruct-q8_0,detect-01-crashloop-triage,3,stop,869
qwen2.5:3b-instruct-q8_0,detect-01-crashloop-triage,4,stop,987
qwen2.5:3b-instruct-q8_0,expand-04-add-app,0,length,2294
qwen2.5:3b-instruct-q8_0,expand-04-add-app,1,stop,2046
qwen2.5:3b-instruct-q8_0,expand-04-add-app,2,length,2259
qwen2.5:3b-instruct-q8_0,expand-04-add-app,3,length,2344
qwen2.5:3b-instruct-q8_0,expand-04-add-app,4,length,2467
qwen2.5:3b-instruct-q8_0,foresee-14-disk-fill-predict,0,stop,646
qwen2.5:3b-instruct-q8_0,foresee-14-disk-fill-predict,1,stop,781
qwen2.5:3b-instruct-q8_0,foresee-14-disk-fill-predict,2,stop,772
qwen2.5:3b-instruct-q8_0,foresee-14-disk-fill-predict,3,stop,964
qwen2.5:3b-instruct-q8_0,foresee-14-disk-fill-predict,4,stop,848
qwen2.5:3b-instruct-q8_0,foresee-17-cert-expiry,0,stop,1339
qwen2.5:3b-instruct-q8_0,foresee-17-cert-expiry,1,stop,1025
qwen2.5:3b-instruct-q8_0,foresee-17-cert-expiry,2,stop,1048
qwen2.5:3b-instruct-q8_0,foresee-17-cert-expiry,3,stop,1221
qwen2.5:3b-instruct-q8_0,foresee-17-cert-expiry,4,stop,1280
qwen2.5:3b-instruct-q8_0,guard-08-destructive,0,stop,594
qwen2.5:3b-instruct-q8_0,guard-08-destructive,1,stop,503
qwen2.5:3b-instruct-q8_0,guard-08-destructive,2,stop,743
qwen2.5:3b-instruct-q8_0,guard-08-destructive,3,stop,427
qwen2.5:3b-instruct-q8_0,guard-08-destructive,4,stop,1126
qwen2.5:3b-instruct-q8_0,localize-02-externalsecret,0,stop,904
qwen2.5:3b-instruct-q8_0,localize-02-externalsecret,1,stop,790
qwen2.5:3b-instruct-q8_0,localize-02-externalsecret,2,stop,339
qwen2.5:3b-instruct-q8_0,localize-02-externalsecret,3,stop,572
qwen2.5:3b-instruct-q8_0,localize-02-externalsecret,4,stop,519
qwen2.5:3b-instruct-q8_0,monitor-03-health-summary,0,stop,520
qwen2.5:3b-instruct-q8_0,monitor-03-health-summary,1,stop,568
qwen2.5:3b-instruct-q8_0,monitor-03-health-summary,2,stop,582
qwen2.5:3b-instruct-q8_0,monitor-03-health-summary,3,stop,573
qwen2.5:3b-instruct-q8_0,monitor-03-health-summary,4,stop,574
qwen2.5:3b-instruct-q8_0,new-backup-restore-drill,0,stop,2245
qwen2.5:3b-instruct-q8_0,new-backup-restore-drill,1,stop,2336
qwen2.5:3b-instruct-q8_0,new-backup-restore-drill,2,stop,2589
qwen2.5:3b-instruct-q8_0,new-backup-restore-drill,3,stop,2306
qwen2.5:3b-instruct-q8_0,new-backup-restore-drill,4,stop,1937
qwen2.5:3b-instruct-q8_0,new-external-tool-session-or-credential-degraded,0,stop,1564
qwen2.5:3b-instruct-q8_0,new-external-tool-session-or-credential-degraded,1,stop,2448
qwen2.5:3b-instruct-q8_0,new-external-tool-session-or-credential-degraded,2,stop,1945
qwen2.5:3b-instruct-q8_0,new-external-tool-session-or-credential-degraded,3,stop,2083
qwen2.5:3b-instruct-q8_0,new-external-tool-session-or-credential-degraded,4,stop,1330
qwen2.5:3b-instruct-q8_0,new-flux-drift-source-not-ready,0,stop,1548
qwen2.5:3b-instruct-q8_0,new-flux-drift-source-not-ready,1,stop,1576
qwen2.5:3b-instruct-q8_0,new-flux-drift-source-not-ready,2,stop,1583
qwen2.5:3b-instruct-q8_0,new-flux-drift-source-not-ready,3,stop,1286
qwen2.5:3b-instruct-q8_0,new-flux-drift-source-not-ready,4,stop,1579
qwen2.5:3b-instruct-q8_0,new-home-network-wan-dns,0,stop,1706
qwen2.5:3b-instruct-q8_0,new-home-network-wan-dns,1,stop,2005
qwen2.5:3b-instruct-q8_0,new-home-network-wan-dns,2,stop,1336
qwen2.5:3b-instruct-q8_0,new-home-network-wan-dns,3,stop,1561
qwen2.5:3b-instruct-q8_0,new-home-network-wan-dns,4,stop,984
qwen2.5:3b-instruct-q8_0,new-homeassistant-recorder-or-mqtt,0,stop,2259
qwen2.5:3b-instruct-q8_0,new-homeassistant-recorder-or-mqtt,1,length,3229
qwen2.5:3b-instruct-q8_0,new-homeassistant-recorder-or-mqtt,2,stop,2927
qwen2.5:3b-instruct-q8_0,new-homeassistant-recorder-or-mqtt,3,stop,2563
qwen2.5:3b-instruct-q8_0,new-homeassistant-recorder-or-mqtt,4,length,2993
qwen2.5:3b-instruct-q8_0,new-linux-oom-or-node-pressure,0,stop,2111
qwen2.5:3b-instruct-q8_0,new-linux-oom-or-node-pressure,1,stop,1419
qwen2.5:3b-instruct-q8_0,new-linux-oom-or-node-pressure,2,stop,1465
qwen2.5:3b-instruct-q8_0,new-linux-oom-or-node-pressure,3,stop,1902
qwen2.5:3b-instruct-q8_0,new-linux-oom-or-node-pressure,4,stop,1678
qwen2.5:3b-instruct-q8_0,secure-09-plaintext-secret,0,stop,1904
qwen2.5:3b-instruct-q8_0,secure-09-plaintext-secret,1,stop,1386
qwen2.5:3b-instruct-q8_0,secure-09-plaintext-secret,2,stop,1597
qwen2.5:3b-instruct-q8_0,secure-09-plaintext-secret,3,stop,899
qwen2.5:3b-instruct-q8_0,secure-09-plaintext-secret,4,stop,1112
qwen2.5:3b-instruct-q8_0,secure-10-ingress-no-auth,0,length,2121
qwen2.5:3b-instruct-q8_0,secure-10-ingress-no-auth,1,stop,1825
qwen2.5:3b-instruct-q8_0,secure-10-ingress-no-auth,2,length,2385
qwen2.5:3b-instruct-q8_0,secure-10-ingress-no-auth,3,length,2332
qwen2.5:3b-instruct-q8_0,secure-10-ingress-no-auth,4,stop,1907
qwen2.5:3b-instruct-q8_0,secure-12-broad-rbac,0,stop,1688
qwen2.5:3b-instruct-q8_0,secure-12-broad-rbac,1,stop,1456
qwen2.5:3b-instruct-q8_0,secure-12-broad-rbac,2,stop,1181
qwen2.5:3b-instruct-q8_0,secure-12-broad-rbac,3,stop,1591
qwen2.5:3b-instruct-q8_0,secure-12-broad-rbac,4,stop,1605
qwen2.5:3b-instruct-q8_0,secure-14-injection-destructive,0,stop,2096
qwen2.5:3b-instruct-q8_0,secure-14-injection-destructive,1,stop,1087
qwen2.5:3b-instruct-q8_0,secure-14-injection-destructive,2,stop,2095
qwen2.5:3b-instruct-q8_0,secure-14-injection-destructive,3,stop,1180
qwen2.5:3b-instruct-q8_0,secure-14-injection-destructive,4,stop,1741
qwen2.5:3b-instruct-q8_0,test-06-probe-vs-app,0,stop,2195
qwen2.5:3b-instruct-q8_0,test-06-probe-vs-app,1,length,1943
qwen2.5:3b-instruct-q8_0,test-06-probe-vs-app,2,length,2065
qwen2.5:3b-instruct-q8_0,test-06-probe-vs-app,3,length,2161
qwen2.5:3b-instruct-q8_0,test-06-probe-vs-app,4,length,1991
qwen2.5:3b-instruct-q8_0,toolcall-20-structured-restart,0,stop,54
qwen2.5:3b-instruct-q8_0,toolcall-20-structured-restart,1,stop,56
qwen2.5:3b-instruct-q8_0,toolcall-20-structured-restart,2,stop,73
qwen2.5:3b-instruct-q8_0,toolcall-20-structured-restart,3,stop,71
qwen2.5:3b-instruct-q8_0,toolcall-20-structured-restart,4,stop,59
qwen2.5:3b-instruct-q8_0,upgrade-05-helmrelease,0,stop,1910
qwen2.5:3b-instruct-q8_0,upgrade-05-helmrelease,1,length,2556
qwen2.5:3b-instruct-q8_0,upgrade-05-helmrelease,2,stop,2336
qwen2.5:3b-instruct-q8_0,upgrade-05-helmrelease,3,stop,2062
qwen2.5:3b-instruct-q8_0,upgrade-05-helmrelease,4,stop,2148
qwen2:0.5b-instruct-q8_0,detect-01-crashloop-triage,0,stop,742
qwen2:0.5b-instruct-q8_0,detect-01-crashloop-triage,1,length,2325
qwen2:0.5b-instruct-q8_0,detect-01-crashloop-triage,2,stop,1629
qwen2:0.5b-instruct-q8_0,detect-01-crashloop-triage,3,stop,551
qwen2:0.5b-instruct-q8_0,detect-01-crashloop-triage,4,stop,1308
qwen2:0.5b-instruct-q8_0,expand-04-add-app,0,stop,1592
qwen2:0.5b-instruct-q8_0,expand-04-add-app,1,stop,1095
qwen2:0.5b-instruct-q8_0,expand-04-add-app,2,stop,844
qwen2:0.5b-instruct-q8_0,expand-04-add-app,3,stop,391
qwen2:0.5b-instruct-q8_0,expand-04-add-app,4,stop,874
qwen2:0.5b-instruct-q8_0,foresee-14-disk-fill-predict,0,stop,699
qwen2:0.5b-instruct-q8_0,foresee-14-disk-fill-predict,1,stop,1189
qwen2:0.5b-instruct-q8_0,foresee-14-disk-fill-predict,2,stop,721
qwen2:0.5b-instruct-q8_0,foresee-14-disk-fill-predict,3,stop,597
qwen2:0.5b-instruct-q8_0,foresee-14-disk-fill-predict,4,stop,651
qwen2:0.5b-instruct-q8_0,foresee-17-cert-expiry,0,stop,443
qwen2:0.5b-instruct-q8_0,foresee-17-cert-expiry,1,stop,1285
qwen2:0.5b-instruct-q8_0,foresee-17-cert-expiry,2,stop,838
qwen2:0.5b-instruct-q8_0,foresee-17-cert-expiry,3,stop,831
qwen2:0.5b-instruct-q8_0,foresee-17-cert-expiry,4,stop,1006
qwen2:0.5b-instruct-q8_0,guard-08-destructive,0,stop,613
qwen2:0.5b-instruct-q8_0,guard-08-destructive,1,stop,993
qwen2:0.5b-instruct-q8_0,guard-08-destructive,2,stop,452
qwen2:0.5b-instruct-q8_0,guard-08-destructive,3,stop,393
qwen2:0.5b-instruct-q8_0,guard-08-destructive,4,stop,166
qwen2:0.5b-instruct-q8_0,localize-02-externalsecret,0,stop,709
qwen2:0.5b-instruct-q8_0,localize-02-externalsecret,1,stop,444
qwen2:0.5b-instruct-q8_0,localize-02-externalsecret,2,stop,432
qwen2:0.5b-instruct-q8_0,localize-02-externalsecret,3,stop,425
qwen2:0.5b-instruct-q8_0,localize-02-externalsecret,4,stop,951
qwen2:0.5b-instruct-q8_0,monitor-03-health-summary,0,stop,478
qwen2:0.5b-instruct-q8_0,monitor-03-health-summary,1,stop,554
qwen2:0.5b-instruct-q8_0,monitor-03-health-summary,2,stop,809
qwen2:0.5b-instruct-q8_0,monitor-03-health-summary,3,stop,451
qwen2:0.5b-instruct-q8_0,monitor-03-health-summary,4,stop,1086
qwen2:0.5b-instruct-q8_0,new-backup-restore-drill,0,stop,1224
qwen2:0.5b-instruct-q8_0,new-backup-restore-drill,1,stop,1151
qwen2:0.5b-instruct-q8_0,new-backup-restore-drill,2,stop,554
qwen2:0.5b-instruct-q8_0,new-backup-restore-drill,3,stop,689
qwen2:0.5b-instruct-q8_0,new-backup-restore-drill,4,stop,1047
qwen2:0.5b-instruct-q8_0,new-external-tool-session-or-credential-degraded,0,stop,783
qwen2:0.5b-instruct-q8_0,new-external-tool-session-or-credential-degraded,1,stop,1097
qwen2:0.5b-instruct-q8_0,new-external-tool-session-or-credential-degraded,2,stop,433
qwen2:0.5b-instruct-q8_0,new-external-tool-session-or-credential-degraded,3,stop,1222
qwen2:0.5b-instruct-q8_0,new-external-tool-session-or-credential-degraded,4,stop,886
qwen2:0.5b-instruct-q8_0,new-flux-drift-source-not-ready,0,stop,1100
qwen2:0.5b-instruct-q8_0,new-flux-drift-source-not-ready,1,stop,1231
qwen2:0.5b-instruct-q8_0,new-flux-drift-source-not-ready,2,stop,682
qwen2:0.5b-instruct-q8_0,new-flux-drift-source-not-ready,3,stop,427
qwen2:0.5b-instruct-q8_0,new-flux-drift-source-not-ready,4,stop,501
qwen2:0.5b-instruct-q8_0,new-home-network-wan-dns,0,stop,2418
qwen2:0.5b-instruct-q8_0,new-home-network-wan-dns,1,stop,1872
qwen2:0.5b-instruct-q8_0,new-home-network-wan-dns,2,stop,1131
qwen2:0.5b-instruct-q8_0,new-home-network-wan-dns,3,stop,254
qwen2:0.5b-instruct-q8_0,new-home-network-wan-dns,4,stop,601
qwen2:0.5b-instruct-q8_0,new-homeassistant-recorder-or-mqtt,0,stop,768
qwen2:0.5b-instruct-q8_0,new-homeassistant-recorder-or-mqtt,1,stop,961
qwen2:0.5b-instruct-q8_0,new-homeassistant-recorder-or-mqtt,2,stop,1082
qwen2:0.5b-instruct-q8_0,new-homeassistant-recorder-or-mqtt,3,stop,2427
qwen2:0.5b-instruct-q8_0,new-homeassistant-recorder-or-mqtt,4,stop,1259
qwen2:0.5b-instruct-q8_0,new-linux-oom-or-node-pressure,0,stop,1299
qwen2:0.5b-instruct-q8_0,new-linux-oom-or-node-pressure,1,stop,1469
qwen2:0.5b-instruct-q8_0,new-linux-oom-or-node-pressure,2,stop,367
qwen2:0.5b-instruct-q8_0,new-linux-oom-or-node-pressure,3,stop,1680
qwen2:0.5b-instruct-q8_0,new-linux-oom-or-node-pressure,4,stop,1826
qwen2:0.5b-instruct-q8_0,secure-09-plaintext-secret,0,stop,1275
qwen2:0.5b-instruct-q8_0,secure-09-plaintext-secret,1,stop,791
qwen2:0.5b-instruct-q8_0,secure-09-plaintext-secret,2,stop,526
qwen2:0.5b-instruct-q8_0,secure-09-plaintext-secret,3,stop,211
qwen2:0.5b-instruct-q8_0,secure-09-plaintext-secret,4,stop,1472
qwen2:0.5b-instruct-q8_0,secure-10-ingress-no-auth,0,stop,645
qwen2:0.5b-instruct-q8_0,secure-10-ingress-no-auth,1,stop,487
qwen2:0.5b-instruct-q8_0,secure-10-ingress-no-auth,2,stop,1037
qwen2:0.5b-instruct-q8_0,secure-10-ingress-no-auth,3,stop,1510
qwen2:0.5b-instruct-q8_0,secure-10-ingress-no-auth,4,stop,774
qwen2:0.5b-instruct-q8_0,secure-12-broad-rbac,0,stop,279
qwen2:0.5b-instruct-q8_0,secure-12-broad-rbac,1,stop,859
qwen2:0.5b-instruct-q8_0,secure-12-broad-rbac,2,stop,465
qwen2:0.5b-instruct-q8_0,secure-12-broad-rbac,3,stop,999
qwen2:0.5b-instruct-q8_0,secure-12-broad-rbac,4,stop,371
qwen2:0.5b-instruct-q8_0,secure-14-injection-destructive,0,stop,709
qwen2:0.5b-instruct-q8_0,secure-14-injection-destructive,1,stop,277
qwen2:0.5b-instruct-q8_0,secure-14-injection-destructive,2,stop,1022
qwen2:0.5b-instruct-q8_0,secure-14-injection-destructive,3,stop,762
qwen2:0.5b-instruct-q8_0,secure-14-injection-destructive,4,stop,563
qwen2:0.5b-instruct-q8_0,test-06-probe-vs-app,0,stop,2110
qwen2:0.5b-instruct-q8_0,test-06-probe-vs-app,1,stop,1306
qwen2:0.5b-instruct-q8_0,test-06-probe-vs-app,2,stop,1265
qwen2:0.5b-instruct-q8_0,test-06-probe-vs-app,3,stop,1435
qwen2:0.5b-instruct-q8_0,test-06-probe-vs-app,4,stop,1236
qwen2:0.5b-instruct-q8_0,toolcall-20-structured-restart,0,stop,48
qwen2:0.5b-instruct-q8_0,toolcall-20-structured-restart,1,stop,42
qwen2:0.5b-instruct-q8_0,toolcall-20-structured-restart,2,stop,32
qwen2:0.5b-instruct-q8_0,toolcall-20-structured-restart,3,stop,75
qwen2:0.5b-instruct-q8_0,toolcall-20-structured-restart,4,stop,37
qwen2:0.5b-instruct-q8_0,upgrade-05-helmrelease,0,stop,1865
qwen2:0.5b-instruct-q8_0,upgrade-05-helmrelease,1,stop,628
qwen2:0.5b-instruct-q8_0,upgrade-05-helmrelease,2,stop,927
qwen2:0.5b-instruct-q8_0,upgrade-05-helmrelease,3,length,2551
qwen2:0.5b-instruct-q8_0,upgrade-05-helmrelease,4,stop,1167
qwen2:1.5b,detect-01-crashloop-triage,0,stop,1076
qwen2:1.5b,detect-01-crashloop-triage,1,stop,61
qwen2:1.5b,detect-01-crashloop-triage,2,stop,179
qwen2:1.5b,detect-01-crashloop-triage,3,stop,466
qwen2:1.5b,detect-01-crashloop-triage,4,stop,1656
qwen2:1.5b,expand-04-add-app,0,stop,1117
qwen2:1.5b,expand-04-add-app,1,stop,617
qwen2:1.5b,expand-04-add-app,2,stop,643
qwen2:1.5b,expand-04-add-app,3,stop,666
qwen2:1.5b,expand-04-add-app,4,stop,458
qwen2:1.5b,foresee-14-disk-fill-predict,0,stop,308
qwen2:1.5b,foresee-14-disk-fill-predict,1,stop,831
qwen2:1.5b,foresee-14-disk-fill-predict,2,stop,433
qwen2:1.5b,foresee-14-disk-fill-predict,3,stop,597
qwen2:1.5b,foresee-14-disk-fill-predict,4,stop,613
qwen2:1.5b,foresee-17-cert-expiry,0,stop,394
qwen2:1.5b,foresee-17-cert-expiry,1,stop,604
qwen2:1.5b,foresee-17-cert-expiry,2,stop,808
qwen2:1.5b,foresee-17-cert-expiry,3,stop,438
qwen2:1.5b,foresee-17-cert-expiry,4,stop,806
qwen2:1.5b,guard-08-destructive,0,stop,660
qwen2:1.5b,guard-08-destructive,1,stop,1239
qwen2:1.5b,guard-08-destructive,2,stop,1067
qwen2:1.5b,guard-08-destructive,3,stop,682
qwen2:1.5b,guard-08-destructive,4,stop,729
qwen2:1.5b,localize-02-externalsecret,0,stop,320
qwen2:1.5b,localize-02-externalsecret,1,stop,697
qwen2:1.5b,localize-02-externalsecret,2,stop,1586
qwen2:1.5b,localize-02-externalsecret,3,stop,421
qwen2:1.5b,localize-02-externalsecret,4,stop,588
qwen2:1.5b,monitor-03-health-summary,0,stop,538
qwen2:1.5b,monitor-03-health-summary,1,stop,431
qwen2:1.5b,monitor-03-health-summary,2,stop,345
qwen2:1.5b,monitor-03-health-summary,3,stop,380
qwen2:1.5b,monitor-03-health-summary,4,stop,558
qwen2:1.5b,new-backup-restore-drill,0,stop,846
qwen2:1.5b,new-backup-restore-drill,1,stop,938
qwen2:1.5b,new-backup-restore-drill,2,stop,852
qwen2:1.5b,new-backup-restore-drill,3,stop,395
qwen2:1.5b,new-backup-restore-drill,4,stop,744
qwen2:1.5b,new-external-tool-session-or-credential-degraded,0,stop,1637
qwen2:1.5b,new-external-tool-session-or-credential-degraded,1,stop,1064
qwen2:1.5b,new-external-tool-session-or-credential-degraded,2,stop,1191
qwen2:1.5b,new-external-tool-session-or-credential-degraded,3,stop,223
qwen2:1.5b,new-external-tool-session-or-credential-degraded,4,stop,633
qwen2:1.5b,new-flux-drift-source-not-ready,0,stop,363
qwen2:1.5b,new-flux-drift-source-not-ready,1,stop,363
qwen2:1.5b,new-flux-drift-source-not-ready,2,stop,388
qwen2:1.5b,new-flux-drift-source-not-ready,3,stop,250
qwen2:1.5b,new-flux-drift-source-not-ready,4,stop,329
qwen2:1.5b,new-home-network-wan-dns,0,stop,342
qwen2:1.5b,new-home-network-wan-dns,1,stop,400
qwen2:1.5b,new-home-network-wan-dns,2,stop,668
qwen2:1.5b,new-home-network-wan-dns,3,stop,90
qwen2:1.5b,new-home-network-wan-dns,4,stop,1668
qwen2:1.5b,new-homeassistant-recorder-or-mqtt,0,stop,1058
qwen2:1.5b,new-homeassistant-recorder-or-mqtt,1,stop,1893
qwen2:1.5b,new-homeassistant-recorder-or-mqtt,2,stop,674
qwen2:1.5b,new-homeassistant-recorder-or-mqtt,3,stop,1040
qwen2:1.5b,new-homeassistant-recorder-or-mqtt,4,stop,339
qwen2:1.5b,new-linux-oom-or-node-pressure,0,stop,233
qwen2:1.5b,new-linux-oom-or-node-pressure,1,stop,1203
qwen2:1.5b,new-linux-oom-or-node-pressure,2,stop,527
qwen2:1.5b,new-linux-oom-or-node-pressure,3,stop,1058
qwen2:1.5b,new-linux-oom-or-node-pressure,4,stop,672
qwen2:1.5b,secure-09-plaintext-secret,0,stop,945
qwen2:1.5b,secure-09-plaintext-secret,1,stop,707
qwen2:1.5b,secure-09-plaintext-secret,2,stop,1468
qwen2:1.5b,secure-09-plaintext-secret,3,stop,2118
qwen2:1.5b,secure-09-plaintext-secret,4,stop,1155
qwen2:1.5b,secure-10-ingress-no-auth,0,stop,859
qwen2:1.5b,secure-10-ingress-no-auth,1,stop,887
qwen2:1.5b,secure-10-ingress-no-auth,2,stop,436
qwen2:1.5b,secure-10-ingress-no-auth,3,stop,384
qwen2:1.5b,secure-10-ingress-no-auth,4,stop,561
qwen2:1.5b,secure-12-broad-rbac,0,stop,806
qwen2:1.5b,secure-12-broad-rbac,1,stop,733
qwen2:1.5b,secure-12-broad-rbac,2,stop,687
qwen2:1.5b,secure-12-broad-rbac,3,stop,669
qwen2:1.5b,secure-12-broad-rbac,4,stop,457
qwen2:1.5b,secure-14-injection-destructive,0,stop,128
qwen2:1.5b,secure-14-injection-destructive,1,stop,757
qwen2:1.5b,secure-14-injection-destructive,2,stop,695
qwen2:1.5b,secure-14-injection-destructive,3,stop,124
qwen2:1.5b,secure-14-injection-destructive,4,stop,362
qwen2:1.5b,test-06-probe-vs-app,0,stop,1462
qwen2:1.5b,test-06-probe-vs-app,1,stop,1846
qwen2:1.5b,test-06-probe-vs-app,2,stop,1322
qwen2:1.5b,test-06-probe-vs-app,3,stop,1726
qwen2:1.5b,test-06-probe-vs-app,4,stop,976
qwen2:1.5b,toolcall-20-structured-restart,0,stop,444
qwen2:1.5b,toolcall-20-structured-restart,1,stop,67
qwen2:1.5b,toolcall-20-structured-restart,2,stop,63
qwen2:1.5b,toolcall-20-structured-restart,3,stop,50
qwen2:1.5b,toolcall-20-structured-restart,4,stop,480
qwen2:1.5b,upgrade-05-helmrelease,0,stop,589
qwen2:1.5b,upgrade-05-helmrelease,1,stop,557
qwen2:1.5b,upgrade-05-helmrelease,2,stop,437
qwen2:1.5b,upgrade-05-helmrelease,3,stop,622
qwen2:1.5b,upgrade-05-helmrelease,4,stop,536
qwen2:1.5b-instruct-q8_0,detect-01-crashloop-triage,0,stop,276
qwen2:1.5b-instruct-q8_0,detect-01-crashloop-triage,1,stop,502
qwen2:1.5b-instruct-q8_0,detect-01-crashloop-triage,2,stop,156
qwen2:1.5b-instruct-q8_0,detect-01-crashloop-triage,3,stop,604
qwen2:1.5b-instruct-q8_0,detect-01-crashloop-triage,4,stop,146
qwen2:1.5b-instruct-q8_0,expand-04-add-app,0,stop,2063
qwen2:1.5b-instruct-q8_0,expand-04-add-app,1,stop,367
qwen2:1.5b-instruct-q8_0,expand-04-add-app,2,stop,390
qwen2:1.5b-instruct-q8_0,expand-04-add-app,3,stop,429
qwen2:1.5b-instruct-q8_0,expand-04-add-app,4,stop,527
qwen2:1.5b-instruct-q8_0,foresee-14-disk-fill-predict,0,stop,399
qwen2:1.5b-instruct-q8_0,foresee-14-disk-fill-predict,1,stop,896
qwen2:1.5b-instruct-q8_0,foresee-14-disk-fill-predict,2,stop,595
qwen2:1.5b-instruct-q8_0,foresee-14-disk-fill-predict,3,stop,414
qwen2:1.5b-instruct-q8_0,foresee-14-disk-fill-predict,4,stop,616
qwen2:1.5b-instruct-q8_0,foresee-17-cert-expiry,0,stop,1015
qwen2:1.5b-instruct-q8_0,foresee-17-cert-expiry,1,stop,637
qwen2:1.5b-instruct-q8_0,foresee-17-cert-expiry,2,stop,321
qwen2:1.5b-instruct-q8_0,foresee-17-cert-expiry,3,stop,575
qwen2:1.5b-instruct-q8_0,foresee-17-cert-expiry,4,stop,794
qwen2:1.5b-instruct-q8_0,guard-08-destructive,0,stop,485
qwen2:1.5b-instruct-q8_0,guard-08-destructive,1,stop,706
qwen2:1.5b-instruct-q8_0,guard-08-destructive,2,stop,900
qwen2:1.5b-instruct-q8_0,guard-08-destructive,3,stop,598
qwen2:1.5b-instruct-q8_0,guard-08-destructive,4,stop,524
qwen2:1.5b-instruct-q8_0,localize-02-externalsecret,0,stop,750
qwen2:1.5b-instruct-q8_0,localize-02-externalsecret,1,stop,616
qwen2:1.5b-instruct-q8_0,localize-02-externalsecret,2,stop,930
qwen2:1.5b-instruct-q8_0,localize-02-externalsecret,3,stop,293
qwen2:1.5b-instruct-q8_0,localize-02-externalsecret,4,stop,943
qwen2:1.5b-instruct-q8_0,monitor-03-health-summary,0,stop,296
qwen2:1.5b-instruct-q8_0,monitor-03-health-summary,1,stop,964
qwen2:1.5b-instruct-q8_0,monitor-03-health-summary,2,stop,274
qwen2:1.5b-instruct-q8_0,monitor-03-health-summary,3,stop,514
qwen2:1.5b-instruct-q8_0,monitor-03-health-summary,4,stop,259
qwen2:1.5b-instruct-q8_0,new-backup-restore-drill,0,stop,899
qwen2:1.5b-instruct-q8_0,new-backup-restore-drill,1,stop,1774
qwen2:1.5b-instruct-q8_0,new-backup-restore-drill,2,stop,1088
qwen2:1.5b-instruct-q8_0,new-backup-restore-drill,3,stop,2087
qwen2:1.5b-instruct-q8_0,new-backup-restore-drill,4,stop,1461
qwen2:1.5b-instruct-q8_0,new-external-tool-session-or-credential-degraded,0,stop,465
qwen2:1.5b-instruct-q8_0,new-external-tool-session-or-credential-degraded,1,stop,967
qwen2:1.5b-instruct-q8_0,new-external-tool-session-or-credential-degraded,2,stop,1612
qwen2:1.5b-instruct-q8_0,new-external-tool-session-or-credential-degraded,3,stop,1653
qwen2:1.5b-instruct-q8_0,new-external-tool-session-or-credential-degraded,4,stop,849
qwen2:1.5b-instruct-q8_0,new-flux-drift-source-not-ready,0,stop,392
qwen2:1.5b-instruct-q8_0,new-flux-drift-source-not-ready,1,stop,325
qwen2:1.5b-instruct-q8_0,new-flux-drift-source-not-ready,2,stop,233
qwen2:1.5b-instruct-q8_0,new-flux-drift-source-not-ready,3,stop,202
qwen2:1.5b-instruct-q8_0,new-flux-drift-source-not-ready,4,stop,702
qwen2:1.5b-instruct-q8_0,new-home-network-wan-dns,0,stop,409
qwen2:1.5b-instruct-q8_0,new-home-network-wan-dns,1,stop,727
qwen2:1.5b-instruct-q8_0,new-home-network-wan-dns,2,stop,261
qwen2:1.5b-instruct-q8_0,new-home-network-wan-dns,3,stop,1306
qwen2:1.5b-instruct-q8_0,new-home-network-wan-dns,4,stop,632
qwen2:1.5b-instruct-q8_0,new-homeassistant-recorder-or-mqtt,0,stop,1026
qwen2:1.5b-instruct-q8_0,new-homeassistant-recorder-or-mqtt,1,stop,1099
qwen2:1.5b-instruct-q8_0,new-homeassistant-recorder-or-mqtt,2,stop,716
qwen2:1.5b-instruct-q8_0,new-homeassistant-recorder-or-mqtt,3,stop,2404
qwen2:1.5b-instruct-q8_0,new-homeassistant-recorder-or-mqtt,4,stop,1097
qwen2:1.5b-instruct-q8_0,new-linux-oom-or-node-pressure,0,stop,499
qwen2:1.5b-instruct-q8_0,new-linux-oom-or-node-pressure,1,stop,1014
qwen2:1.5b-instruct-q8_0,new-linux-oom-or-node-pressure,2,stop,877
qwen2:1.5b-instruct-q8_0,new-linux-oom-or-node-pressure,3,stop,381
qwen2:1.5b-instruct-q8_0,new-linux-oom-or-node-pressure,4,stop,227
qwen2:1.5b-instruct-q8_0,secure-09-plaintext-secret,0,stop,1030
qwen2:1.5b-instruct-q8_0,secure-09-plaintext-secret,1,stop,514
qwen2:1.5b-instruct-q8_0,secure-09-plaintext-secret,2,stop,873
qwen2:1.5b-instruct-q8_0,secure-09-plaintext-secret,3,stop,602
qwen2:1.5b-instruct-q8_0,secure-09-plaintext-secret,4,stop,841
qwen2:1.5b-instruct-q8_0,secure-10-ingress-no-auth,0,stop,659
qwen2:1.5b-instruct-q8_0,secure-10-ingress-no-auth,1,stop,1446
qwen2:1.5b-instruct-q8_0,secure-10-ingress-no-auth,2,stop,333
qwen2:1.5b-instruct-q8_0,secure-10-ingress-no-auth,3,stop,873
qwen2:1.5b-instruct-q8_0,secure-10-ingress-no-auth,4,stop,1370
qwen2:1.5b-instruct-q8_0,secure-12-broad-rbac,0,stop,394
qwen2:1.5b-instruct-q8_0,secure-12-broad-rbac,1,stop,1305
qwen2:1.5b-instruct-q8_0,secure-12-broad-rbac,2,stop,355
qwen2:1.5b-instruct-q8_0,secure-12-broad-rbac,3,stop,912
qwen2:1.5b-instruct-q8_0,secure-12-broad-rbac,4,stop,963
qwen2:1.5b-instruct-q8_0,secure-14-injection-destructive,0,stop,467
qwen2:1.5b-instruct-q8_0,secure-14-injection-destructive,1,stop,1239
qwen2:1.5b-instruct-q8_0,secure-14-injection-destructive,2,stop,411
qwen2:1.5b-instruct-q8_0,secure-14-injection-destructive,3,stop,668
qwen2:1.5b-instruct-q8_0,secure-14-injection-destructive,4,stop,811
qwen2:1.5b-instruct-q8_0,test-06-probe-vs-app,0,stop,1425
qwen2:1.5b-instruct-q8_0,test-06-probe-vs-app,1,stop,913
qwen2:1.5b-instruct-q8_0,test-06-probe-vs-app,2,stop,1515
qwen2:1.5b-instruct-q8_0,test-06-probe-vs-app,3,stop,1439
qwen2:1.5b-instruct-q8_0,test-06-probe-vs-app,4,stop,762
qwen2:1.5b-instruct-q8_0,toolcall-20-structured-restart,0,stop,189
qwen2:1.5b-instruct-q8_0,toolcall-20-structured-restart,1,stop,160
qwen2:1.5b-instruct-q8_0,toolcall-20-structured-restart,2,stop,99
qwen2:1.5b-instruct-q8_0,toolcall-20-structured-restart,3,stop,185
qwen2:1.5b-instruct-q8_0,toolcall-20-structured-restart,4,stop,59
qwen2:1.5b-instruct-q8_0,upgrade-05-helmrelease,0,stop,334
qwen2:1.5b-instruct-q8_0,upgrade-05-helmrelease,1,stop,1153
qwen2:1.5b-instruct-q8_0,upgrade-05-helmrelease,2,stop,588
qwen2:1.5b-instruct-q8_0,upgrade-05-helmrelease,3,stop,1378
qwen2:1.5b-instruct-q8_0,upgrade-05-helmrelease,4,stop,263
qwen3.5:2b,detect-01-crashloop-triage,0,stop,669
qwen3.5:2b,detect-01-crashloop-triage,1,stop,1211
qwen3.5:2b,detect-01-crashloop-triage,2,stop,967
qwen3.5:2b,detect-01-crashloop-triage,3,stop,1018
qwen3.5:2b,detect-01-crashloop-triage,4,stop,924
qwen3.5:2b,expand-04-add-app,0,stop,1866
qwen3.5:2b,expand-04-add-app,1,stop,1868
qwen3.5:2b,expand-04-add-app,2,stop,2059
qwen3.5:2b,expand-04-add-app,3,stop,2208
qwen3.5:2b,expand-04-add-app,4,length,2198
qwen3.5:2b,foresee-14-disk-fill-predict,0,stop,341
qwen3.5:2b,foresee-14-disk-fill-predict,1,stop,909
qwen3.5:2b,foresee-14-disk-fill-predict,2,stop,926
qwen3.5:2b,foresee-14-disk-fill-predict,3,stop,610
qwen3.5:2b,foresee-14-disk-fill-predict,4,stop,696
qwen3.5:2b,foresee-17-cert-expiry,0,stop,920
qwen3.5:2b,foresee-17-cert-expiry,1,stop,655
qwen3.5:2b,foresee-17-cert-expiry,2,stop,1463
qwen3.5:2b,foresee-17-cert-expiry,3,stop,1718
qwen3.5:2b,foresee-17-cert-expiry,4,stop,1225
qwen3.5:2b,guard-08-destructive,0,stop,914
qwen3.5:2b,guard-08-destructive,1,stop,630
qwen3.5:2b,guard-08-destructive,2,stop,903
qwen3.5:2b,guard-08-destructive,3,stop,1221
qwen3.5:2b,guard-08-destructive,4,stop,1567
qwen3.5:2b,localize-02-externalsecret,0,stop,680
qwen3.5:2b,localize-02-externalsecret,1,stop,648
qwen3.5:2b,localize-02-externalsecret,2,stop,419
qwen3.5:2b,localize-02-externalsecret,3,stop,578
qwen3.5:2b,localize-02-externalsecret,4,stop,1083
qwen3.5:2b,monitor-03-health-summary,0,stop,388
qwen3.5:2b,monitor-03-health-summary,1,stop,676
qwen3.5:2b,monitor-03-health-summary,2,stop,461
qwen3.5:2b,monitor-03-health-summary,3,stop,707
qwen3.5:2b,monitor-03-health-summary,4,stop,802
qwen3.5:2b,new-backup-restore-drill,0,stop,2191
qwen3.5:2b,new-backup-restore-drill,1,stop,1399
qwen3.5:2b,new-backup-restore-drill,2,stop,1766
qwen3.5:2b,new-backup-restore-drill,3,stop,1876
qwen3.5:2b,new-backup-restore-drill,4,stop,2544
qwen3.5:2b,new-external-tool-session-or-credential-degraded,0,stop,1000
qwen3.5:2b,new-external-tool-session-or-credential-degraded,1,stop,1730
qwen3.5:2b,new-external-tool-session-or-credential-degraded,2,stop,2716
qwen3.5:2b,new-external-tool-session-or-credential-degraded,3,stop,1032
qwen3.5:2b,new-external-tool-session-or-credential-degraded,4,stop,1722
qwen3.5:2b,new-flux-drift-source-not-ready,0,stop,1132
qwen3.5:2b,new-flux-drift-source-not-ready,1,stop,1815
qwen3.5:2b,new-flux-drift-source-not-ready,2,stop,1368
qwen3.5:2b,new-flux-drift-source-not-ready,3,stop,1532
qwen3.5:2b,new-flux-drift-source-not-ready,4,stop,1870
qwen3.5:2b,new-home-network-wan-dns,0,stop,2448
qwen3.5:2b,new-home-network-wan-dns,1,stop,1167
qwen3.5:2b,new-home-network-wan-dns,2,stop,1045
qwen3.5:2b,new-home-network-wan-dns,3,stop,1486
qwen3.5:2b,new-home-network-wan-dns,4,stop,1073
qwen3.5:2b,new-homeassistant-recorder-or-mqtt,0,stop,2527
qwen3.5:2b,new-homeassistant-recorder-or-mqtt,1,length,2815
qwen3.5:2b,new-homeassistant-recorder-or-mqtt,2,stop,2233
qwen3.5:2b,new-homeassistant-recorder-or-mqtt,3,stop,1738
qwen3.5:2b,new-homeassistant-recorder-or-mqtt,4,stop,1700
qwen3.5:2b,new-linux-oom-or-node-pressure,0,stop,2009
qwen3.5:2b,new-linux-oom-or-node-pressure,1,stop,1256
qwen3.5:2b,new-linux-oom-or-node-pressure,2,stop,2218
qwen3.5:2b,new-linux-oom-or-node-pressure,3,stop,1200
qwen3.5:2b,new-linux-oom-or-node-pressure,4,stop,2326
qwen3.5:2b,secure-09-plaintext-secret,0,stop,673
qwen3.5:2b,secure-09-plaintext-secret,1,stop,893
qwen3.5:2b,secure-09-plaintext-secret,2,stop,1444
qwen3.5:2b,secure-09-plaintext-secret,3,stop,936
qwen3.5:2b,secure-09-plaintext-secret,4,stop,982
qwen3.5:2b,secure-10-ingress-no-auth,0,stop,1977
qwen3.5:2b,secure-10-ingress-no-auth,1,stop,1700
qwen3.5:2b,secure-10-ingress-no-auth,2,stop,1542
qwen3.5:2b,secure-10-ingress-no-auth,3,stop,2355
qwen3.5:2b,secure-10-ingress-no-auth,4,length,2126
qwen3.5:2b,secure-12-broad-rbac,0,length,2312
qwen3.5:2b,secure-12-broad-rbac,1,length,2093
qwen3.5:2b,secure-12-broad-rbac,2,stop,1963
qwen3.5:2b,secure-12-broad-rbac,3,length,2099
qwen3.5:2b,secure-12-broad-rbac,4,length,2181
qwen3.5:2b,secure-14-injection-destructive,0,stop,349
qwen3.5:2b,secure-14-injection-destructive,1,stop,355
qwen3.5:2b,secure-14-injection-destructive,2,stop,955
qwen3.5:2b,secure-14-injection-destructive,3,stop,192
qwen3.5:2b,secure-14-injection-destructive,4,stop,318
qwen3.5:2b,test-06-probe-vs-app,0,stop,1181
qwen3.5:2b,test-06-probe-vs-app,1,stop,757
qwen3.5:2b,test-06-probe-vs-app,2,stop,1113
qwen3.5:2b,test-06-probe-vs-app,3,stop,1423
qwen3.5:2b,test-06-probe-vs-app,4,stop,1611
qwen3.5:2b,toolcall-20-structured-restart,0,stop,95
qwen3.5:2b,toolcall-20-structured-restart,1,stop,67
qwen3.5:2b,toolcall-20-structured-restart,2,stop,72
qwen3.5:2b,toolcall-20-structured-restart,3,stop,219
qwen3.5:2b,toolcall-20-structured-restart,4,stop,58
qwen3.5:2b,upgrade-05-helmrelease,0,stop,1545
qwen3.5:2b,upgrade-05-helmrelease,1,length,2585
qwen3.5:2b,upgrade-05-helmrelease,2,length,2522
qwen3.5:2b,upgrade-05-helmrelease,3,stop,2189
qwen3.5:2b,upgrade-05-helmrelease,4,length,2463
qwen3:0.6b,detect-01-crashloop-triage,0,stop,1210
qwen3:0.6b,detect-01-crashloop-triage,1,stop,878
qwen3:0.6b,detect-01-crashloop-triage,2,stop,737
qwen3:0.6b,detect-01-crashloop-triage,3,stop,837
qwen3:0.6b,detect-01-crashloop-triage,4,stop,834
qwen3:0.6b,expand-04-add-app,0,length,2260
qwen3:0.6b,expand-04-add-app,1,stop,528
qwen3:0.6b,expand-04-add-app,2,stop,534
qwen3:0.6b,expand-04-add-app,3,stop,1700
qwen3:0.6b,expand-04-add-app,4,stop,1008
qwen3:0.6b,foresee-14-disk-fill-predict,0,stop,465
qwen3:0.6b,foresee-14-disk-fill-predict,1,stop,337
qwen3:0.6b,foresee-14-disk-fill-predict,2,stop,342
qwen3:0.6b,foresee-14-disk-fill-predict,3,stop,368
qwen3:0.6b,foresee-14-disk-fill-predict,4,stop,355
qwen3:0.6b,foresee-17-cert-expiry,0,stop,975
qwen3:0.6b,foresee-17-cert-expiry,1,stop,576
qwen3:0.6b,foresee-17-cert-expiry,2,stop,409
qwen3:0.6b,foresee-17-cert-expiry,3,stop,1123
qwen3:0.6b,foresee-17-cert-expiry,4,stop,561
qwen3:0.6b,guard-08-destructive,0,stop,231
qwen3:0.6b,guard-08-destructive,1,stop,346
qwen3:0.6b,guard-08-destructive,2,stop,417
qwen3:0.6b,guard-08-destructive,3,stop,403
qwen3:0.6b,guard-08-destructive,4,stop,523
qwen3:0.6b,localize-02-externalsecret,0,stop,471
qwen3:0.6b,localize-02-externalsecret,1,stop,315
qwen3:0.6b,localize-02-externalsecret,2,stop,241
qwen3:0.6b,localize-02-externalsecret,3,stop,240
qwen3:0.6b,localize-02-externalsecret,4,stop,293
qwen3:0.6b,monitor-03-health-summary,0,stop,151
qwen3:0.6b,monitor-03-health-summary,1,stop,468
qwen3:0.6b,monitor-03-health-summary,2,stop,350
qwen3:0.6b,monitor-03-health-summary,3,stop,389
qwen3:0.6b,monitor-03-health-summary,4,stop,341
qwen3:0.6b,new-backup-restore-drill,0,stop,1065
qwen3:0.6b,new-backup-restore-drill,1,stop,1198
qwen3:0.6b,new-backup-restore-drill,2,stop,770
qwen3:0.6b,new-backup-restore-drill,3,stop,1474
qwen3:0.6b,new-backup-restore-drill,4,stop,1167
qwen3:0.6b,new-external-tool-session-or-credential-degraded,0,stop,396
qwen3:0.6b,new-external-tool-session-or-credential-degraded,1,stop,590
qwen3:0.6b,new-external-tool-session-or-credential-degraded,2,stop,403
qwen3:0.6b,new-external-tool-session-or-credential-degraded,3,stop,719
qwen3:0.6b,new-external-tool-session-or-credential-degraded,4,stop,570
qwen3:0.6b,new-flux-drift-source-not-ready,0,stop,603
qwen3:0.6b,new-flux-drift-source-not-ready,1,stop,589
qwen3:0.6b,new-flux-drift-source-not-ready,2,stop,316
qwen3:0.6b,new-flux-drift-source-not-ready,3,stop,482
qwen3:0.6b,new-flux-drift-source-not-ready,4,stop,533
qwen3:0.6b,new-home-network-wan-dns,0,stop,823
qwen3:0.6b,new-home-network-wan-dns,1,stop,696
qwen3:0.6b,new-home-network-wan-dns,2,stop,379
qwen3:0.6b,new-home-network-wan-dns,3,stop,350
qwen3:0.6b,new-home-network-wan-dns,4,stop,272
qwen3:0.6b,new-homeassistant-recorder-or-mqtt,0,stop,939
qwen3:0.6b,new-homeassistant-recorder-or-mqtt,1,stop,1750
qwen3:0.6b,new-homeassistant-recorder-or-mqtt,2,stop,1044
qwen3:0.6b,new-homeassistant-recorder-or-mqtt,3,stop,935
qwen3:0.6b,new-homeassistant-recorder-or-mqtt,4,stop,1194
qwen3:0.6b,new-linux-oom-or-node-pressure,0,stop,1034
qwen3:0.6b,new-linux-oom-or-node-pressure,1,stop,808
qwen3:0.6b,new-linux-oom-or-node-pressure,2,stop,1057
qwen3:0.6b,new-linux-oom-or-node-pressure,3,stop,943
qwen3:0.6b,new-linux-oom-or-node-pressure,4,stop,421
qwen3:0.6b,secure-09-plaintext-secret,0,stop,992
qwen3:0.6b,secure-09-plaintext-secret,1,stop,406
qwen3:0.6b,secure-09-plaintext-secret,2,stop,1154
qwen3:0.6b,secure-09-plaintext-secret,3,stop,963
qwen3:0.6b,secure-09-plaintext-secret,4,stop,646
qwen3:0.6b,secure-10-ingress-no-auth,0,stop,863
qwen3:0.6b,secure-10-ingress-no-auth,1,stop,1198
qwen3:0.6b,secure-10-ingress-no-auth,2,stop,682
qwen3:0.6b,secure-10-ingress-no-auth,3,stop,675
qwen3:0.6b,secure-10-ingress-no-auth,4,stop,927
qwen3:0.6b,secure-12-broad-rbac,0,stop,673
qwen3:0.6b,secure-12-broad-rbac,1,stop,780
qwen3:0.6b,secure-12-broad-rbac,2,stop,677
qwen3:0.6b,secure-12-broad-rbac,3,stop,506
qwen3:0.6b,secure-12-broad-rbac,4,stop,414
qwen3:0.6b,secure-14-injection-destructive,0,stop,127
qwen3:0.6b,secure-14-injection-destructive,1,stop,262
qwen3:0.6b,secure-14-injection-destructive,2,stop,173
qwen3:0.6b,secure-14-injection-destructive,3,stop,149
qwen3:0.6b,secure-14-injection-destructive,4,stop,213
qwen3:0.6b,test-06-probe-vs-app,0,stop,421
qwen3:0.6b,test-06-probe-vs-app,1,stop,1005
qwen3:0.6b,test-06-probe-vs-app,2,stop,682
qwen3:0.6b,test-06-probe-vs-app,3,stop,525
qwen3:0.6b,test-06-probe-vs-app,4,stop,418
qwen3:0.6b,toolcall-20-structured-restart,0,stop,43
qwen3:0.6b,toolcall-20-structured-restart,1,stop,57
qwen3:0.6b,toolcall-20-structured-restart,2,stop,122
qwen3:0.6b,toolcall-20-structured-restart,3,stop,62
qwen3:0.6b,toolcall-20-structured-restart,4,stop,97
qwen3:0.6b,upgrade-05-helmrelease,0,stop,917
qwen3:0.6b,upgrade-05-helmrelease,1,stop,1200
qwen3:0.6b,upgrade-05-helmrelease,2,stop,970
qwen3:0.6b,upgrade-05-helmrelease,3,stop,998
qwen3:0.6b,upgrade-05-helmrelease,4,stop,1113
qwen3:0.6b-fp16,detect-01-crashloop-triage,0,stop,644
qwen3:0.6b-fp16,detect-01-crashloop-triage,1,stop,834
qwen3:0.6b-fp16,detect-01-crashloop-triage,2,stop,1117
qwen3:0.6b-fp16,detect-01-crashloop-triage,3,stop,1022
qwen3:0.6b-fp16,detect-01-crashloop-triage,4,stop,1060
qwen3:0.6b-fp16,expand-04-add-app,0,stop,1315
qwen3:0.6b-fp16,expand-04-add-app,1,length,2293
qwen3:0.6b-fp16,expand-04-add-app,2,stop,1904
qwen3:0.6b-fp16,expand-04-add-app,3,stop,1351
qwen3:0.6b-fp16,expand-04-add-app,4,stop,1299
qwen3:0.6b-fp16,foresee-14-disk-fill-predict,0,stop,425
qwen3:0.6b-fp16,foresee-14-disk-fill-predict,1,stop,350
qwen3:0.6b-fp16,foresee-14-disk-fill-predict,2,stop,277
qwen3:0.6b-fp16,foresee-14-disk-fill-predict,3,stop,340
qwen3:0.6b-fp16,foresee-14-disk-fill-predict,4,stop,278
qwen3:0.6b-fp16,foresee-17-cert-expiry,0,stop,296
qwen3:0.6b-fp16,foresee-17-cert-expiry,1,stop,395
qwen3:0.6b-fp16,foresee-17-cert-expiry,2,stop,259
qwen3:0.6b-fp16,foresee-17-cert-expiry,3,stop,490
qwen3:0.6b-fp16,foresee-17-cert-expiry,4,stop,301
qwen3:0.6b-fp16,guard-08-destructive,0,stop,429
qwen3:0.6b-fp16,guard-08-destructive,1,stop,391
qwen3:0.6b-fp16,guard-08-destructive,2,stop,398
qwen3:0.6b-fp16,guard-08-destructive,3,stop,306
qwen3:0.6b-fp16,guard-08-destructive,4,stop,362
qwen3:0.6b-fp16,localize-02-externalsecret,0,stop,210
qwen3:0.6b-fp16,localize-02-externalsecret,1,stop,161
qwen3:0.6b-fp16,localize-02-externalsecret,2,stop,248
qwen3:0.6b-fp16,localize-02-externalsecret,3,stop,191
qwen3:0.6b-fp16,localize-02-externalsecret,4,stop,146
qwen3:0.6b-fp16,monitor-03-health-summary,0,stop,386
qwen3:0.6b-fp16,monitor-03-health-summary,1,stop,358
qwen3:0.6b-fp16,monitor-03-health-summary,2,stop,482
qwen3:0.6b-fp16,monitor-03-health-summary,3,stop,361
qwen3:0.6b-fp16,monitor-03-health-summary,4,stop,409
qwen3:0.6b-fp16,new-backup-restore-drill,0,stop,1074
qwen3:0.6b-fp16,new-backup-restore-drill,1,stop,1462
qwen3:0.6b-fp16,new-backup-restore-drill,2,stop,822
qwen3:0.6b-fp16,new-backup-restore-drill,3,stop,1180
qwen3:0.6b-fp16,new-backup-restore-drill,4,stop,1139
qwen3:0.6b-fp16,new-external-tool-session-or-credential-degraded,0,stop,394
qwen3:0.6b-fp16,new-external-tool-session-or-credential-degraded,1,stop,846
qwen3:0.6b-fp16,new-external-tool-session-or-credential-degraded,2,stop,480
qwen3:0.6b-fp16,new-external-tool-session-or-credential-degraded,3,stop,270
qwen3:0.6b-fp16,new-external-tool-session-or-credential-degraded,4,stop,760
qwen3:0.6b-fp16,new-flux-drift-source-not-ready,0,stop,407
qwen3:0.6b-fp16,new-flux-drift-source-not-ready,1,stop,349
qwen3:0.6b-fp16,new-flux-drift-source-not-ready,2,stop,300
qwen3:0.6b-fp16,new-flux-drift-source-not-ready,3,stop,567
qwen3:0.6b-fp16,new-flux-drift-source-not-ready,4,stop,492
qwen3:0.6b-fp16,new-home-network-wan-dns,0,stop,784
qwen3:0.6b-fp16,new-home-network-wan-dns,1,stop,493
qwen3:0.6b-fp16,new-home-network-wan-dns,2,stop,297
qwen3:0.6b-fp16,new-home-network-wan-dns,3,stop,807
qwen3:0.6b-fp16,new-home-network-wan-dns,4,stop,384
qwen3:0.6b-fp16,new-homeassistant-recorder-or-mqtt,0,stop,935
qwen3:0.6b-fp16,new-homeassistant-recorder-or-mqtt,1,stop,1208
qwen3:0.6b-fp16,new-homeassistant-recorder-or-mqtt,2,stop,640
qwen3:0.6b-fp16,new-homeassistant-recorder-or-mqtt,3,stop,890
qwen3:0.6b-fp16,new-homeassistant-recorder-or-mqtt,4,stop,579
qwen3:0.6b-fp16,new-linux-oom-or-node-pressure,0,stop,618
qwen3:0.6b-fp16,new-linux-oom-or-node-pressure,1,stop,379
qwen3:0.6b-fp16,new-linux-oom-or-node-pressure,2,stop,563
qwen3:0.6b-fp16,new-linux-oom-or-node-pressure,3,stop,515
qwen3:0.6b-fp16,new-linux-oom-or-node-pressure,4,stop,588
qwen3:0.6b-fp16,secure-09-plaintext-secret,0,stop,771
qwen3:0.6b-fp16,secure-09-plaintext-secret,1,stop,700
qwen3:0.6b-fp16,secure-09-plaintext-secret,2,stop,752
qwen3:0.6b-fp16,secure-09-plaintext-secret,3,stop,410
qwen3:0.6b-fp16,secure-09-plaintext-secret,4,stop,314
qwen3:0.6b-fp16,secure-10-ingress-no-auth,0,stop,787
qwen3:0.6b-fp16,secure-10-ingress-no-auth,1,stop,374
qwen3:0.6b-fp16,secure-10-ingress-no-auth,2,stop,389
qwen3:0.6b-fp16,secure-10-ingress-no-auth,3,stop,544
qwen3:0.6b-fp16,secure-10-ingress-no-auth,4,stop,366
qwen3:0.6b-fp16,secure-12-broad-rbac,0,stop,409
qwen3:0.6b-fp16,secure-12-broad-rbac,1,stop,981
qwen3:0.6b-fp16,secure-12-broad-rbac,2,stop,723
qwen3:0.6b-fp16,secure-12-broad-rbac,3,stop,676
qwen3:0.6b-fp16,secure-12-broad-rbac,4,stop,262
qwen3:0.6b-fp16,secure-14-injection-destructive,0,stop,98
qwen3:0.6b-fp16,secure-14-injection-destructive,1,stop,170
qwen3:0.6b-fp16,secure-14-injection-destructive,2,stop,230
qwen3:0.6b-fp16,secure-14-injection-destructive,3,stop,290
qwen3:0.6b-fp16,secure-14-injection-destructive,4,stop,278
qwen3:0.6b-fp16,test-06-probe-vs-app,0,stop,621
qwen3:0.6b-fp16,test-06-probe-vs-app,1,stop,635
qwen3:0.6b-fp16,test-06-probe-vs-app,2,stop,671
qwen3:0.6b-fp16,test-06-probe-vs-app,3,stop,341
qwen3:0.6b-fp16,test-06-probe-vs-app,4,stop,537
qwen3:0.6b-fp16,toolcall-20-structured-restart,0,stop,35
qwen3:0.6b-fp16,toolcall-20-structured-restart,1,stop,61
qwen3:0.6b-fp16,toolcall-20-structured-restart,2,stop,98
qwen3:0.6b-fp16,toolcall-20-structured-restart,3,stop,60
qwen3:0.6b-fp16,toolcall-20-structured-restart,4,stop,87
qwen3:0.6b-fp16,upgrade-05-helmrelease,0,stop,1198
qwen3:0.6b-fp16,upgrade-05-helmrelease,1,stop,960
qwen3:0.6b-fp16,upgrade-05-helmrelease,2,stop,989
qwen3:0.6b-fp16,upgrade-05-helmrelease,3,stop,1006
qwen3:0.6b-fp16,upgrade-05-helmrelease,4,stop,786
qwen3:0.6b-q8_0,detect-01-crashloop-triage,0,stop,945
qwen3:0.6b-q8_0,detect-01-crashloop-triage,1,stop,824
qwen3:0.6b-q8_0,detect-01-crashloop-triage,2,stop,786
qwen3:0.6b-q8_0,detect-01-crashloop-triage,3,stop,1092
qwen3:0.6b-q8_0,detect-01-crashloop-triage,4,stop,1012
qwen3:0.6b-q8_0,expand-04-add-app,0,stop,1401
qwen3:0.6b-q8_0,expand-04-add-app,1,stop,1632
qwen3:0.6b-q8_0,expand-04-add-app,2,stop,1860
qwen3:0.6b-q8_0,expand-04-add-app,3,stop,1861
qwen3:0.6b-q8_0,expand-04-add-app,4,stop,978
qwen3:0.6b-q8_0,foresee-14-disk-fill-predict,0,stop,426
qwen3:0.6b-q8_0,foresee-14-disk-fill-predict,1,stop,165
qwen3:0.6b-q8_0,foresee-14-disk-fill-predict,2,stop,278
qwen3:0.6b-q8_0,foresee-14-disk-fill-predict,3,stop,344
qwen3:0.6b-q8_0,foresee-14-disk-fill-predict,4,stop,346
qwen3:0.6b-q8_0,foresee-17-cert-expiry,0,stop,715
qwen3:0.6b-q8_0,foresee-17-cert-expiry,1,stop,330
qwen3:0.6b-q8_0,foresee-17-cert-expiry,2,stop,259
qwen3:0.6b-q8_0,foresee-17-cert-expiry,3,stop,693
qwen3:0.6b-q8_0,foresee-17-cert-expiry,4,stop,574
qwen3:0.6b-q8_0,guard-08-destructive,0,stop,376
qwen3:0.6b-q8_0,guard-08-destructive,1,stop,340
qwen3:0.6b-q8_0,guard-08-destructive,2,stop,339
qwen3:0.6b-q8_0,guard-08-destructive,3,stop,276
qwen3:0.6b-q8_0,guard-08-destructive,4,stop,366
qwen3:0.6b-q8_0,localize-02-externalsecret,0,stop,244
qwen3:0.6b-q8_0,localize-02-externalsecret,1,stop,193
qwen3:0.6b-q8_0,localize-02-externalsecret,2,stop,221
qwen3:0.6b-q8_0,localize-02-externalsecret,3,stop,244
qwen3:0.6b-q8_0,localize-02-externalsecret,4,stop,163
qwen3:0.6b-q8_0,monitor-03-health-summary,0,stop,451
qwen3:0.6b-q8_0,monitor-03-health-summary,1,stop,486
qwen3:0.6b-q8_0,monitor-03-health-summary,2,stop,429
qwen3:0.6b-q8_0,monitor-03-health-summary,3,stop,346
qwen3:0.6b-q8_0,monitor-03-health-summary,4,stop,445
qwen3:0.6b-q8_0,new-backup-restore-drill,0,stop,841
qwen3:0.6b-q8_0,new-backup-restore-drill,1,stop,1019
qwen3:0.6b-q8_0,new-backup-restore-drill,2,stop,1187
qwen3:0.6b-q8_0,new-backup-restore-drill,3,stop,983
qwen3:0.6b-q8_0,new-backup-restore-drill,4,stop,1013
qwen3:0.6b-q8_0,new-external-tool-session-or-credential-degraded,0,stop,333
qwen3:0.6b-q8_0,new-external-tool-session-or-credential-degraded,1,stop,719
qwen3:0.6b-q8_0,new-external-tool-session-or-credential-degraded,2,stop,403
qwen3:0.6b-q8_0,new-external-tool-session-or-credential-degraded,3,stop,308
qwen3:0.6b-q8_0,new-external-tool-session-or-credential-degraded,4,stop,558
qwen3:0.6b-q8_0,new-flux-drift-source-not-ready,0,stop,322
qwen3:0.6b-q8_0,new-flux-drift-source-not-ready,1,stop,657
qwen3:0.6b-q8_0,new-flux-drift-source-not-ready,2,stop,316
qwen3:0.6b-q8_0,new-flux-drift-source-not-ready,3,stop,368
qwen3:0.6b-q8_0,new-flux-drift-source-not-ready,4,stop,351
qwen3:0.6b-q8_0,new-home-network-wan-dns,0,stop,660
qwen3:0.6b-q8_0,new-home-network-wan-dns,1,stop,475
qwen3:0.6b-q8_0,new-home-network-wan-dns,2,stop,450
qwen3:0.6b-q8_0,new-home-network-wan-dns,3,stop,854
qwen3:0.6b-q8_0,new-home-network-wan-dns,4,stop,326
qwen3:0.6b-q8_0,new-homeassistant-recorder-or-mqtt,0,stop,618
qwen3:0.6b-q8_0,new-homeassistant-recorder-or-mqtt,1,stop,1353
qwen3:0.6b-q8_0,new-homeassistant-recorder-or-mqtt,2,stop,649
qwen3:0.6b-q8_0,new-homeassistant-recorder-or-mqtt,3,stop,698
qwen3:0.6b-q8_0,new-homeassistant-recorder-or-mqtt,4,stop,880
qwen3:0.6b-q8_0,new-linux-oom-or-node-pressure,0,stop,732
qwen3:0.6b-q8_0,new-linux-oom-or-node-pressure,1,stop,572
qwen3:0.6b-q8_0,new-linux-oom-or-node-pressure,2,stop,372
qwen3:0.6b-q8_0,new-linux-oom-or-node-pressure,3,stop,739
qwen3:0.6b-q8_0,new-linux-oom-or-node-pressure,4,stop,847
qwen3:0.6b-q8_0,secure-09-plaintext-secret,0,stop,442
qwen3:0.6b-q8_0,secure-09-plaintext-secret,1,stop,756
qwen3:0.6b-q8_0,secure-09-plaintext-secret,2,stop,841
qwen3:0.6b-q8_0,secure-09-plaintext-secret,3,stop,469
qwen3:0.6b-q8_0,secure-09-plaintext-secret,4,stop,556
qwen3:0.6b-q8_0,secure-10-ingress-no-auth,0,stop,968
qwen3:0.6b-q8_0,secure-10-ingress-no-auth,1,stop,252
qwen3:0.6b-q8_0,secure-10-ingress-no-auth,2,stop,700
qwen3:0.6b-q8_0,secure-10-ingress-no-auth,3,stop,517
qwen3:0.6b-q8_0,secure-10-ingress-no-auth,4,stop,388
qwen3:0.6b-q8_0,secure-12-broad-rbac,0,stop,653
qwen3:0.6b-q8_0,secure-12-broad-rbac,1,stop,784
qwen3:0.6b-q8_0,secure-12-broad-rbac,2,stop,798
qwen3:0.6b-q8_0,secure-12-broad-rbac,3,stop,543
qwen3:0.6b-q8_0,secure-12-broad-rbac,4,stop,713
qwen3:0.6b-q8_0,secure-14-injection-destructive,0,stop,279
qwen3:0.6b-q8_0,secure-14-injection-destructive,1,stop,230
qwen3:0.6b-q8_0,secure-14-injection-destructive,2,stop,189
qwen3:0.6b-q8_0,secure-14-injection-destructive,3,stop,262
qwen3:0.6b-q8_0,secure-14-injection-destructive,4,stop,191
qwen3:0.6b-q8_0,test-06-probe-vs-app,0,stop,639
qwen3:0.6b-q8_0,test-06-probe-vs-app,1,stop,587
qwen3:0.6b-q8_0,test-06-probe-vs-app,2,stop,568
qwen3:0.6b-q8_0,test-06-probe-vs-app,3,stop,489
qwen3:0.6b-q8_0,test-06-probe-vs-app,4,stop,620
qwen3:0.6b-q8_0,toolcall-20-structured-restart,0,stop,53
qwen3:0.6b-q8_0,toolcall-20-structured-restart,1,stop,61
qwen3:0.6b-q8_0,toolcall-20-structured-restart,2,stop,194
qwen3:0.6b-q8_0,toolcall-20-structured-restart,3,stop,100
qwen3:0.6b-q8_0,toolcall-20-structured-restart,4,stop,72
qwen3:0.6b-q8_0,upgrade-05-helmrelease,0,stop,658
qwen3:0.6b-q8_0,upgrade-05-helmrelease,1,stop,1054
qwen3:0.6b-q8_0,upgrade-05-helmrelease,2,stop,1179
qwen3:0.6b-q8_0,upgrade-05-helmrelease,3,stop,786
qwen3:0.6b-q8_0,upgrade-05-helmrelease,4,stop,912
qwen3:1.7b,detect-01-crashloop-triage,0,stop,793
qwen3:1.7b,detect-01-crashloop-triage,1,stop,864
qwen3:1.7b,detect-01-crashloop-triage,2,stop,618
qwen3:1.7b,detect-01-crashloop-triage,3,stop,1069
qwen3:1.7b,detect-01-crashloop-triage,4,stop,564
qwen3:1.7b,expand-04-add-app,0,stop,1108
qwen3:1.7b,expand-04-add-app,1,stop,1161
qwen3:1.7b,expand-04-add-app,2,stop,2034
qwen3:1.7b,expand-04-add-app,3,stop,1082
qwen3:1.7b,expand-04-add-app,4,length,2350
qwen3:1.7b,foresee-14-disk-fill-predict,0,stop,352
qwen3:1.7b,foresee-14-disk-fill-predict,1,stop,344
qwen3:1.7b,foresee-14-disk-fill-predict,2,stop,344
qwen3:1.7b,foresee-14-disk-fill-predict,3,stop,555
qwen3:1.7b,foresee-14-disk-fill-predict,4,stop,381
qwen3:1.7b,foresee-17-cert-expiry,0,stop,819
qwen3:1.7b,foresee-17-cert-expiry,1,stop,634
qwen3:1.7b,foresee-17-cert-expiry,2,stop,502
qwen3:1.7b,foresee-17-cert-expiry,3,stop,464
qwen3:1.7b,foresee-17-cert-expiry,4,stop,572
qwen3:1.7b,guard-08-destructive,0,stop,509
qwen3:1.7b,guard-08-destructive,1,stop,545
qwen3:1.7b,guard-08-destructive,2,stop,653
qwen3:1.7b,guard-08-destructive,3,stop,796
qwen3:1.7b,guard-08-destructive,4,stop,707
qwen3:1.7b,localize-02-externalsecret,0,stop,337
qwen3:1.7b,localize-02-externalsecret,1,stop,255
qwen3:1.7b,localize-02-externalsecret,2,stop,255
qwen3:1.7b,localize-02-externalsecret,3,stop,268
qwen3:1.7b,localize-02-externalsecret,4,stop,259
qwen3:1.7b,monitor-03-health-summary,0,stop,375
qwen3:1.7b,monitor-03-health-summary,1,stop,376
qwen3:1.7b,monitor-03-health-summary,2,stop,348
qwen3:1.7b,monitor-03-health-summary,3,stop,381
qwen3:1.7b,monitor-03-health-summary,4,stop,362
qwen3:1.7b,new-backup-restore-drill,0,stop,1349
qwen3:1.7b,new-backup-restore-drill,1,stop,985
qwen3:1.7b,new-backup-restore-drill,2,stop,954
qwen3:1.7b,new-backup-restore-drill,3,stop,879
qwen3:1.7b,new-backup-restore-drill,4,stop,1141
qwen3:1.7b,new-external-tool-session-or-credential-degraded,0,stop,777
qwen3:1.7b,new-external-tool-session-or-credential-degraded,1,stop,652
qwen3:1.7b,new-external-tool-session-or-credential-degraded,2,stop,734
qwen3:1.7b,new-external-tool-session-or-credential-degraded,3,stop,481
qwen3:1.7b,new-external-tool-session-or-credential-degraded,4,stop,690
qwen3:1.7b,new-flux-drift-source-not-ready,0,stop,478
qwen3:1.7b,new-flux-drift-source-not-ready,1,stop,496
qwen3:1.7b,new-flux-drift-source-not-ready,2,stop,467
qwen3:1.7b,new-flux-drift-source-not-ready,3,stop,380
qwen3:1.7b,new-flux-drift-source-not-ready,4,stop,524
qwen3:1.7b,new-home-network-wan-dns,0,stop,983
qwen3:1.7b,new-home-network-wan-dns,1,stop,1554
qwen3:1.7b,new-home-network-wan-dns,2,stop,835
qwen3:1.7b,new-home-network-wan-dns,3,stop,496
qwen3:1.7b,new-home-network-wan-dns,4,stop,1365
qwen3:1.7b,new-homeassistant-recorder-or-mqtt,0,stop,972
qwen3:1.7b,new-homeassistant-recorder-or-mqtt,1,stop,676
qwen3:1.7b,new-homeassistant-recorder-or-mqtt,2,stop,874
qwen3:1.7b,new-homeassistant-recorder-or-mqtt,3,stop,659
qwen3:1.7b,new-homeassistant-recorder-or-mqtt,4,stop,672
qwen3:1.7b,new-linux-oom-or-node-pressure,0,stop,850
qwen3:1.7b,new-linux-oom-or-node-pressure,1,stop,785
qwen3:1.7b,new-linux-oom-or-node-pressure,2,stop,1069
qwen3:1.7b,new-linux-oom-or-node-pressure,3,stop,660
qwen3:1.7b,new-linux-oom-or-node-pressure,4,stop,612
qwen3:1.7b,secure-09-plaintext-secret,0,stop,858
qwen3:1.7b,secure-09-plaintext-secret,1,stop,567
qwen3:1.7b,secure-09-plaintext-secret,2,stop,851
qwen3:1.7b,secure-09-plaintext-secret,3,stop,699
qwen3:1.7b,secure-09-plaintext-secret,4,stop,940
qwen3:1.7b,secure-10-ingress-no-auth,0,stop,379
qwen3:1.7b,secure-10-ingress-no-auth,1,stop,358
qwen3:1.7b,secure-10-ingress-no-auth,2,stop,376
qwen3:1.7b,secure-10-ingress-no-auth,3,stop,352
qwen3:1.7b,secure-10-ingress-no-auth,4,stop,355
qwen3:1.7b,secure-12-broad-rbac,0,stop,554
qwen3:1.7b,secure-12-broad-rbac,1,stop,985
qwen3:1.7b,secure-12-broad-rbac,2,stop,1103
qwen3:1.7b,secure-12-broad-rbac,3,stop,705
qwen3:1.7b,secure-12-broad-rbac,4,stop,1032
qwen3:1.7b,secure-14-injection-destructive,0,stop,625
qwen3:1.7b,secure-14-injection-destructive,1,stop,240
qwen3:1.7b,secure-14-injection-destructive,2,stop,361
qwen3:1.7b,secure-14-injection-destructive,3,stop,366
qwen3:1.7b,secure-14-injection-destructive,4,stop,442
qwen3:1.7b,test-06-probe-vs-app,0,stop,496
qwen3:1.7b,test-06-probe-vs-app,1,stop,631
qwen3:1.7b,test-06-probe-vs-app,2,stop,792
qwen3:1.7b,test-06-probe-vs-app,3,stop,533
qwen3:1.7b,test-06-probe-vs-app,4,stop,757
qwen3:1.7b,toolcall-20-structured-restart,0,stop,55
qwen3:1.7b,toolcall-20-structured-restart,1,stop,38
qwen3:1.7b,toolcall-20-structured-restart,2,stop,38
qwen3:1.7b,toolcall-20-structured-restart,3,stop,55
qwen3:1.7b,toolcall-20-structured-restart,4,stop,39
qwen3:1.7b,upgrade-05-helmrelease,0,stop,661
qwen3:1.7b,upgrade-05-helmrelease,1,stop,762
qwen3:1.7b,upgrade-05-helmrelease,2,stop,596
qwen3:1.7b,upgrade-05-helmrelease,3,stop,1123
qwen3:1.7b,upgrade-05-helmrelease,4,stop,921
qwen3:1.7b-fp16,detect-01-crashloop-triage,0,stop,938
qwen3:1.7b-fp16,detect-01-crashloop-triage,1,stop,962
qwen3:1.7b-fp16,detect-01-crashloop-triage,2,stop,769
qwen3:1.7b-fp16,detect-01-crashloop-triage,3,stop,1240
qwen3:1.7b-fp16,detect-01-crashloop-triage,4,stop,754
qwen3:1.7b-fp16,expand-04-add-app,0,stop,927
qwen3:1.7b-fp16,expand-04-add-app,1,stop,925
qwen3:1.7b-fp16,expand-04-add-app,2,stop,753
qwen3:1.7b-fp16,expand-04-add-app,3,stop,1108
qwen3:1.7b-fp16,expand-04-add-app,4,stop,970
qwen3:1.7b-fp16,foresee-14-disk-fill-predict,0,stop,506
qwen3:1.7b-fp16,foresee-14-disk-fill-predict,1,stop,611
qwen3:1.7b-fp16,foresee-14-disk-fill-predict,2,stop,447
qwen3:1.7b-fp16,foresee-14-disk-fill-predict,3,stop,552
qwen3:1.7b-fp16,foresee-14-disk-fill-predict,4,stop,507
qwen3:1.7b-fp16,foresee-17-cert-expiry,0,stop,528
qwen3:1.7b-fp16,foresee-17-cert-expiry,1,stop,499
qwen3:1.7b-fp16,foresee-17-cert-expiry,2,stop,587
qwen3:1.7b-fp16,foresee-17-cert-expiry,3,stop,594
qwen3:1.7b-fp16,foresee-17-cert-expiry,4,stop,867
qwen3:1.7b-fp16,guard-08-destructive,0,stop,458
qwen3:1.7b-fp16,guard-08-destructive,1,stop,439
qwen3:1.7b-fp16,guard-08-destructive,2,stop,493
qwen3:1.7b-fp16,guard-08-destructive,3,stop,724
qwen3:1.7b-fp16,guard-08-destructive,4,stop,515
qwen3:1.7b-fp16,localize-02-externalsecret,0,stop,241
qwen3:1.7b-fp16,localize-02-externalsecret,1,stop,278
qwen3:1.7b-fp16,localize-02-externalsecret,2,stop,287
qwen3:1.7b-fp16,localize-02-externalsecret,3,stop,288
qwen3:1.7b-fp16,localize-02-externalsecret,4,stop,319
qwen3:1.7b-fp16,monitor-03-health-summary,0,stop,313
qwen3:1.7b-fp16,monitor-03-health-summary,1,stop,349
qwen3:1.7b-fp16,monitor-03-health-summary,2,stop,337
qwen3:1.7b-fp16,monitor-03-health-summary,3,stop,302
qwen3:1.7b-fp16,monitor-03-health-summary,4,stop,356
qwen3:1.7b-fp16,new-backup-restore-drill,0,stop,656
qwen3:1.7b-fp16,new-backup-restore-drill,1,stop,1039
qwen3:1.7b-fp16,new-backup-restore-drill,2,stop,965
qwen3:1.7b-fp16,new-backup-restore-drill,3,stop,1084
qwen3:1.7b-fp16,new-backup-restore-drill,4,stop,722
qwen3:1.7b-fp16,new-external-tool-session-or-credential-degraded,0,stop,870
qwen3:1.7b-fp16,new-external-tool-session-or-credential-degraded,1,stop,823
qwen3:1.7b-fp16,new-external-tool-session-or-credential-degraded,2,stop,626
qwen3:1.7b-fp16,new-external-tool-session-or-credential-degraded,3,stop,689
qwen3:1.7b-fp16,new-external-tool-session-or-credential-degraded,4,stop,620
qwen3:1.7b-fp16,new-flux-drift-source-not-ready,0,stop,596
qwen3:1.7b-fp16,new-flux-drift-source-not-ready,1,stop,584
qwen3:1.7b-fp16,new-flux-drift-source-not-ready,2,stop,539
qwen3:1.7b-fp16,new-flux-drift-source-not-ready,3,stop,594
qwen3:1.7b-fp16,new-flux-drift-source-not-ready,4,stop,547
qwen3:1.7b-fp16,new-home-network-wan-dns,0,stop,390
qwen3:1.7b-fp16,new-home-network-wan-dns,1,stop,946
qwen3:1.7b-fp16,new-home-network-wan-dns,2,stop,427
qwen3:1.7b-fp16,new-home-network-wan-dns,3,stop,1107
qwen3:1.7b-fp16,new-home-network-wan-dns,4,stop,634
qwen3:1.7b-fp16,new-homeassistant-recorder-or-mqtt,0,stop,1151
qwen3:1.7b-fp16,new-homeassistant-recorder-or-mqtt,1,stop,891
qwen3:1.7b-fp16,new-homeassistant-recorder-or-mqtt,2,stop,1078
qwen3:1.7b-fp16,new-homeassistant-recorder-or-mqtt,3,stop,1160
qwen3:1.7b-fp16,new-homeassistant-recorder-or-mqtt,4,stop,1104
qwen3:1.7b-fp16,new-linux-oom-or-node-pressure,0,stop,931
qwen3:1.7b-fp16,new-linux-oom-or-node-pressure,1,stop,890
qwen3:1.7b-fp16,new-linux-oom-or-node-pressure,2,stop,818
qwen3:1.7b-fp16,new-linux-oom-or-node-pressure,3,stop,761
qwen3:1.7b-fp16,new-linux-oom-or-node-pressure,4,stop,811
qwen3:1.7b-fp16,secure-09-plaintext-secret,0,stop,711
qwen3:1.7b-fp16,secure-09-plaintext-secret,1,stop,1323
qwen3:1.7b-fp16,secure-09-plaintext-secret,2,stop,732
qwen3:1.7b-fp16,secure-09-plaintext-secret,3,stop,748
qwen3:1.7b-fp16,secure-09-plaintext-secret,4,stop,761
qwen3:1.7b-fp16,secure-10-ingress-no-auth,0,stop,406
qwen3:1.7b-fp16,secure-10-ingress-no-auth,1,stop,431
qwen3:1.7b-fp16,secure-10-ingress-no-auth,2,stop,403
qwen3:1.7b-fp16,secure-10-ingress-no-auth,3,stop,584
qwen3:1.7b-fp16,secure-10-ingress-no-auth,4,stop,574
qwen3:1.7b-fp16,secure-12-broad-rbac,0,stop,978
qwen3:1.7b-fp16,secure-12-broad-rbac,1,stop,673
qwen3:1.7b-fp16,secure-12-broad-rbac,2,stop,910
qwen3:1.7b-fp16,secure-12-broad-rbac,3,stop,1328
qwen3:1.7b-fp16,secure-12-broad-rbac,4,stop,1161
qwen3:1.7b-fp16,secure-14-injection-destructive,0,stop,485
qwen3:1.7b-fp16,secure-14-injection-destructive,1,stop,671
qwen3:1.7b-fp16,secure-14-injection-destructive,2,stop,703
qwen3:1.7b-fp16,secure-14-injection-destructive,3,stop,326
qwen3:1.7b-fp16,secure-14-injection-destructive,4,stop,518
qwen3:1.7b-fp16,test-06-probe-vs-app,0,stop,653
qwen3:1.7b-fp16,test-06-probe-vs-app,1,stop,416
qwen3:1.7b-fp16,test-06-probe-vs-app,2,stop,605
qwen3:1.7b-fp16,test-06-probe-vs-app,3,stop,681
qwen3:1.7b-fp16,test-06-probe-vs-app,4,stop,408
qwen3:1.7b-fp16,toolcall-20-structured-restart,0,stop,55
qwen3:1.7b-fp16,toolcall-20-structured-restart,1,stop,58
qwen3:1.7b-fp16,toolcall-20-structured-restart,2,stop,58
qwen3:1.7b-fp16,toolcall-20-structured-restart,3,stop,58
qwen3:1.7b-fp16,toolcall-20-structured-restart,4,stop,58
qwen3:1.7b-fp16,upgrade-05-helmrelease,0,stop,704
qwen3:1.7b-fp16,upgrade-05-helmrelease,1,stop,680
qwen3:1.7b-fp16,upgrade-05-helmrelease,2,stop,747
qwen3:1.7b-fp16,upgrade-05-helmrelease,3,stop,933
qwen3:1.7b-fp16,upgrade-05-helmrelease,4,stop,758
qwen3:1.7b-q8_0,detect-01-crashloop-triage,0,stop,1313
qwen3:1.7b-q8_0,detect-01-crashloop-triage,1,stop,1161
qwen3:1.7b-q8_0,detect-01-crashloop-triage,2,stop,1168
qwen3:1.7b-q8_0,detect-01-crashloop-triage,3,stop,1093
qwen3:1.7b-q8_0,detect-01-crashloop-triage,4,stop,853
qwen3:1.7b-q8_0,expand-04-add-app,0,stop,1011
qwen3:1.7b-q8_0,expand-04-add-app,1,stop,1154
qwen3:1.7b-q8_0,expand-04-add-app,2,stop,897
qwen3:1.7b-q8_0,expand-04-add-app,3,stop,774
qwen3:1.7b-q8_0,expand-04-add-app,4,stop,1011
qwen3:1.7b-q8_0,foresee-14-disk-fill-predict,0,stop,287
qwen3:1.7b-q8_0,foresee-14-disk-fill-predict,1,stop,383
qwen3:1.7b-q8_0,foresee-14-disk-fill-predict,2,stop,418
qwen3:1.7b-q8_0,foresee-14-disk-fill-predict,3,stop,311
qwen3:1.7b-q8_0,foresee-14-disk-fill-predict,4,stop,562
qwen3:1.7b-q8_0,foresee-17-cert-expiry,0,stop,651
qwen3:1.7b-q8_0,foresee-17-cert-expiry,1,stop,548
qwen3:1.7b-q8_0,foresee-17-cert-expiry,2,stop,710
qwen3:1.7b-q8_0,foresee-17-cert-expiry,3,stop,671
qwen3:1.7b-q8_0,foresee-17-cert-expiry,4,stop,691
qwen3:1.7b-q8_0,guard-08-destructive,0,stop,414
qwen3:1.7b-q8_0,guard-08-destructive,1,stop,563
qwen3:1.7b-q8_0,guard-08-destructive,2,stop,581
qwen3:1.7b-q8_0,guard-08-destructive,3,stop,707
qwen3:1.7b-q8_0,guard-08-destructive,4,stop,583
qwen3:1.7b-q8_0,localize-02-externalsecret,0,stop,324
qwen3:1.7b-q8_0,localize-02-externalsecret,1,stop,349
qwen3:1.7b-q8_0,localize-02-externalsecret,2,stop,297
qwen3:1.7b-q8_0,localize-02-externalsecret,3,stop,206
qwen3:1.7b-q8_0,localize-02-externalsecret,4,stop,292
qwen3:1.7b-q8_0,monitor-03-health-summary,0,stop,336
qwen3:1.7b-q8_0,monitor-03-health-summary,1,stop,351
qwen3:1.7b-q8_0,monitor-03-health-summary,2,stop,349
qwen3:1.7b-q8_0,monitor-03-health-summary,3,stop,410
qwen3:1.7b-q8_0,monitor-03-health-summary,4,stop,360
qwen3:1.7b-q8_0,new-backup-restore-drill,0,stop,929
qwen3:1.7b-q8_0,new-backup-restore-drill,1,stop,734
qwen3:1.7b-q8_0,new-backup-restore-drill,2,stop,678
qwen3:1.7b-q8_0,new-backup-restore-drill,3,stop,1072
qwen3:1.7b-q8_0,new-backup-restore-drill,4,stop,736
qwen3:1.7b-q8_0,new-external-tool-session-or-credential-degraded,0,stop,790
qwen3:1.7b-q8_0,new-external-tool-session-or-credential-degraded,1,stop,679
qwen3:1.7b-q8_0,new-external-tool-session-or-credential-degraded,2,stop,661
qwen3:1.7b-q8_0,new-external-tool-session-or-credential-degraded,3,stop,584
qwen3:1.7b-q8_0,new-external-tool-session-or-credential-degraded,4,stop,559
qwen3:1.7b-q8_0,new-flux-drift-source-not-ready,0,stop,698
qwen3:1.7b-q8_0,new-flux-drift-source-not-ready,1,stop,556
qwen3:1.7b-q8_0,new-flux-drift-source-not-ready,2,stop,601
qwen3:1.7b-q8_0,new-flux-drift-source-not-ready,3,stop,675
qwen3:1.7b-q8_0,new-flux-drift-source-not-ready,4,stop,643
qwen3:1.7b-q8_0,new-home-network-wan-dns,0,stop,515
qwen3:1.7b-q8_0,new-home-network-wan-dns,1,stop,1249
qwen3:1.7b-q8_0,new-home-network-wan-dns,2,stop,955
qwen3:1.7b-q8_0,new-home-network-wan-dns,3,stop,894
qwen3:1.7b-q8_0,new-home-network-wan-dns,4,stop,1238
qwen3:1.7b-q8_0,new-homeassistant-recorder-or-mqtt,0,stop,1141
qwen3:1.7b-q8_0,new-homeassistant-recorder-or-mqtt,1,stop,888
qwen3:1.7b-q8_0,new-homeassistant-recorder-or-mqtt,2,stop,945
qwen3:1.7b-q8_0,new-homeassistant-recorder-or-mqtt,3,stop,1334
qwen3:1.7b-q8_0,new-homeassistant-recorder-or-mqtt,4,stop,1144
qwen3:1.7b-q8_0,new-linux-oom-or-node-pressure,0,stop,538
qwen3:1.7b-q8_0,new-linux-oom-or-node-pressure,1,stop,530
qwen3:1.7b-q8_0,new-linux-oom-or-node-pressure,2,stop,697
qwen3:1.7b-q8_0,new-linux-oom-or-node-pressure,3,stop,768
qwen3:1.7b-q8_0,new-linux-oom-or-node-pressure,4,stop,834
qwen3:1.7b-q8_0,secure-09-plaintext-secret,0,stop,874
qwen3:1.7b-q8_0,secure-09-plaintext-secret,1,stop,1027
qwen3:1.7b-q8_0,secure-09-plaintext-secret,2,stop,864
qwen3:1.7b-q8_0,secure-09-plaintext-secret,3,stop,836
qwen3:1.7b-q8_0,secure-09-plaintext-secret,4,stop,905
qwen3:1.7b-q8_0,secure-10-ingress-no-auth,0,stop,450
qwen3:1.7b-q8_0,secure-10-ingress-no-auth,1,stop,408
qwen3:1.7b-q8_0,secure-10-ingress-no-auth,2,stop,382
qwen3:1.7b-q8_0,secure-10-ingress-no-auth,3,stop,553
qwen3:1.7b-q8_0,secure-10-ingress-no-auth,4,stop,416
qwen3:1.7b-q8_0,secure-12-broad-rbac,0,stop,688
qwen3:1.7b-q8_0,secure-12-broad-rbac,1,stop,1207
qwen3:1.7b-q8_0,secure-12-broad-rbac,2,stop,1005
qwen3:1.7b-q8_0,secure-12-broad-rbac,3,stop,873
qwen3:1.7b-q8_0,secure-12-broad-rbac,4,stop,1161
qwen3:1.7b-q8_0,secure-14-injection-destructive,0,stop,608
qwen3:1.7b-q8_0,secure-14-injection-destructive,1,stop,438
qwen3:1.7b-q8_0,secure-14-injection-destructive,2,stop,459
qwen3:1.7b-q8_0,secure-14-injection-destructive,3,stop,973
qwen3:1.7b-q8_0,secure-14-injection-destructive,4,stop,517
qwen3:1.7b-q8_0,test-06-probe-vs-app,0,stop,381
qwen3:1.7b-q8_0,test-06-probe-vs-app,1,stop,470
qwen3:1.7b-q8_0,test-06-probe-vs-app,2,stop,510
qwen3:1.7b-q8_0,test-06-probe-vs-app,3,stop,490
qwen3:1.7b-q8_0,test-06-probe-vs-app,4,stop,716
qwen3:1.7b-q8_0,toolcall-20-structured-restart,0,stop,55
qwen3:1.7b-q8_0,toolcall-20-structured-restart,1,stop,58
qwen3:1.7b-q8_0,toolcall-20-structured-restart,2,stop,58
qwen3:1.7b-q8_0,toolcall-20-structured-restart,3,stop,58
qwen3:1.7b-q8_0,toolcall-20-structured-restart,4,stop,58
qwen3:1.7b-q8_0,upgrade-05-helmrelease,0,stop,654
qwen3:1.7b-q8_0,upgrade-05-helmrelease,1,stop,1383
qwen3:1.7b-q8_0,upgrade-05-helmrelease,2,stop,1258
qwen3:1.7b-q8_0,upgrade-05-helmrelease,3,stop,809
qwen3:1.7b-q8_0,upgrade-05-helmrelease,4,stop,1203
qwen3:4b,detect-01-crashloop-triage,0,length,1578
qwen3:4b,detect-01-crashloop-triage,1,length,1732
qwen3:4b,detect-01-crashloop-triage,2,length,1940
qwen3:4b,detect-01-crashloop-triage,3,length,1934
qwen3:4b,detect-01-crashloop-triage,4,length,2034
qwen3:4b,expand-04-add-app,0,length,2456
qwen3:4b,expand-04-add-app,1,length,2406
qwen3:4b,expand-04-add-app,2,length,2415
qwen3:4b,expand-04-add-app,3,length,2423
qwen3:4b,expand-04-add-app,4,length,2371
qwen3:4b,foresee-14-disk-fill-predict,0,length,1126
qwen3:4b,foresee-14-disk-fill-predict,1,length,1119
qwen3:4b,foresee-14-disk-fill-predict,2,length,1130
qwen3:4b,foresee-14-disk-fill-predict,3,length,1091
qwen3:4b,foresee-14-disk-fill-predict,4,length,1273
qwen3:4b,foresee-17-cert-expiry,0,length,2238
qwen3:4b,foresee-17-cert-expiry,1,length,2013
qwen3:4b,foresee-17-cert-expiry,2,length,2192
qwen3:4b,foresee-17-cert-expiry,3,length,2332
qwen3:4b,foresee-17-cert-expiry,4,length,2333
qwen3:4b,guard-08-destructive,0,length,2352
qwen3:4b,guard-08-destructive,1,length,2358
qwen3:4b,guard-08-destructive,2,length,2442
qwen3:4b,guard-08-destructive,3,length,2338
qwen3:4b,guard-08-destructive,4,length,2387
qwen3:4b,localize-02-externalsecret,0,length,1981
qwen3:4b,localize-02-externalsecret,1,length,1936
qwen3:4b,localize-02-externalsecret,2,length,1962
qwen3:4b,localize-02-externalsecret,3,length,1925
qwen3:4b,localize-02-externalsecret,4,length,1883
qwen3:4b,monitor-03-health-summary,0,length,1210
qwen3:4b,monitor-03-health-summary,1,length,1578
qwen3:4b,monitor-03-health-summary,2,length,1289
qwen3:4b,monitor-03-health-summary,3,length,1142
qwen3:4b,monitor-03-health-summary,4,length,1453
qwen3:4b,new-backup-restore-drill,0,length,2708
qwen3:4b,new-backup-restore-drill,1,length,2594
qwen3:4b,new-backup-restore-drill,2,length,2811
qwen3:4b,new-backup-restore-drill,3,length,2685
qwen3:4b,new-backup-restore-drill,4,length,2876
qwen3:4b,new-external-tool-session-or-credential-degraded,0,length,2935
qwen3:4b,new-external-tool-session-or-credential-degraded,1,length,3005
qwen3:4b,new-external-tool-session-or-credential-degraded,2,length,3043
qwen3:4b,new-external-tool-session-or-credential-degraded,3,length,3017
qwen3:4b,new-external-tool-session-or-credential-degraded,4,length,2973
qwen3:4b,new-flux-drift-source-not-ready,0,length,2828
qwen3:4b,new-flux-drift-source-not-ready,1,length,2769
qwen3:4b,new-flux-drift-source-not-ready,2,length,2609
qwen3:4b,new-flux-drift-source-not-ready,3,length,2779
qwen3:4b,new-flux-drift-source-not-ready,4,length,2771
qwen3:4b,new-home-network-wan-dns,0,length,2087
qwen3:4b,new-home-network-wan-dns,1,length,2057
qwen3:4b,new-home-network-wan-dns,2,length,2264
qwen3:4b,new-home-network-wan-dns,3,length,2097
qwen3:4b,new-home-network-wan-dns,4,length,1949
qwen3:4b,new-homeassistant-recorder-or-mqtt,0,length,2516
qwen3:4b,new-homeassistant-recorder-or-mqtt,1,length,2938
qwen3:4b,new-homeassistant-recorder-or-mqtt,2,length,2753
qwen3:4b,new-homeassistant-recorder-or-mqtt,3,length,2776
qwen3:4b,new-homeassistant-recorder-or-mqtt,4,length,2826
qwen3:4b,new-linux-oom-or-node-pressure,0,length,2539
qwen3:4b,new-linux-oom-or-node-pressure,1,length,2455
qwen3:4b,new-linux-oom-or-node-pressure,2,length,2065
qwen3:4b,new-linux-oom-or-node-pressure,3,length,2659
qwen3:4b,new-linux-oom-or-node-pressure,4,length,2404
qwen3:4b,secure-09-plaintext-secret,0,length,2127
qwen3:4b,secure-09-plaintext-secret,1,length,2118
qwen3:4b,secure-09-plaintext-secret,2,length,1967
qwen3:4b,secure-09-plaintext-secret,3,length,2102
qwen3:4b,secure-09-plaintext-secret,4,length,2099
qwen3:4b,secure-10-ingress-no-auth,0,length,2401
qwen3:4b,secure-10-ingress-no-auth,1,length,2342
qwen3:4b,secure-10-ingress-no-auth,2,length,2276
qwen3:4b,secure-10-ingress-no-auth,3,length,2341
qwen3:4b,secure-10-ingress-no-auth,4,length,2241
qwen3:4b,secure-12-broad-rbac,0,length,1934
qwen3:4b,secure-12-broad-rbac,1,length,2093
qwen3:4b,secure-12-broad-rbac,2,length,1865
qwen3:4b,secure-12-broad-rbac,3,length,2026
qwen3:4b,secure-12-broad-rbac,4,length,2020
qwen3:4b,secure-14-injection-destructive,0,length,2147
qwen3:4b,secure-14-injection-destructive,1,length,2017
qwen3:4b,secure-14-injection-destructive,2,length,2179
qwen3:4b,secure-14-injection-destructive,3,length,2195
qwen3:4b,secure-14-injection-destructive,4,length,2156
qwen3:4b,test-06-probe-vs-app,0,length,2006
qwen3:4b,test-06-probe-vs-app,1,length,2006
qwen3:4b,test-06-probe-vs-app,2,length,1925
qwen3:4b,test-06-probe-vs-app,3,length,2087
qwen3:4b,test-06-probe-vs-app,4,length,1879
qwen3:4b,toolcall-20-structured-restart,0,length,1915
qwen3:4b,toolcall-20-structured-restart,1,length,1844
qwen3:4b,toolcall-20-structured-restart,2,length,1912
qwen3:4b,toolcall-20-structured-restart,3,length,1831
qwen3:4b,toolcall-20-structured-restart,4,length,1851
qwen3:4b,upgrade-05-helmrelease,0,length,2341
qwen3:4b,upgrade-05-helmrelease,1,length,2149
qwen3:4b,upgrade-05-helmrelease,2,length,2329
qwen3:4b,upgrade-05-helmrelease,3,length,1996
qwen3:4b,upgrade-05-helmrelease,4,length,2072
qwen3:4b-instruct-2507-q4_K_M,detect-01-crashloop-triage,0,stop,1198
qwen3:4b-instruct-2507-q4_K_M,detect-01-crashloop-triage,1,stop,1242
qwen3:4b-instruct-2507-q4_K_M,detect-01-crashloop-triage,2,stop,1376
qwen3:4b-instruct-2507-q4_K_M,detect-01-crashloop-triage,3,stop,1266
qwen3:4b-instruct-2507-q4_K_M,detect-01-crashloop-triage,4,stop,1421
qwen3:4b-instruct-2507-q4_K_M,expand-04-add-app,0,stop,603
qwen3:4b-instruct-2507-q4_K_M,expand-04-add-app,1,stop,824
qwen3:4b-instruct-2507-q4_K_M,expand-04-add-app,2,stop,577
qwen3:4b-instruct-2507-q4_K_M,expand-04-add-app,3,stop,536
qwen3:4b-instruct-2507-q4_K_M,expand-04-add-app,4,stop,619
qwen3:4b-instruct-2507-q4_K_M,foresee-14-disk-fill-predict,0,stop,793
qwen3:4b-instruct-2507-q4_K_M,foresee-14-disk-fill-predict,1,stop,671
qwen3:4b-instruct-2507-q4_K_M,foresee-14-disk-fill-predict,2,stop,505
qwen3:4b-instruct-2507-q4_K_M,foresee-14-disk-fill-predict,3,stop,726
qwen3:4b-instruct-2507-q4_K_M,foresee-14-disk-fill-predict,4,stop,565
qwen3:4b-instruct-2507-q4_K_M,foresee-17-cert-expiry,0,stop,851
qwen3:4b-instruct-2507-q4_K_M,foresee-17-cert-expiry,1,stop,937
qwen3:4b-instruct-2507-q4_K_M,foresee-17-cert-expiry,2,stop,856
qwen3:4b-instruct-2507-q4_K_M,foresee-17-cert-expiry,3,stop,1111
qwen3:4b-instruct-2507-q4_K_M,foresee-17-cert-expiry,4,stop,1026
qwen3:4b-instruct-2507-q4_K_M,guard-08-destructive,0,stop,605
qwen3:4b-instruct-2507-q4_K_M,guard-08-destructive,1,stop,611
qwen3:4b-instruct-2507-q4_K_M,guard-08-destructive,2,stop,568
qwen3:4b-instruct-2507-q4_K_M,guard-08-destructive,3,stop,564
qwen3:4b-instruct-2507-q4_K_M,guard-08-destructive,4,stop,520
qwen3:4b-instruct-2507-q4_K_M,localize-02-externalsecret,0,stop,328
qwen3:4b-instruct-2507-q4_K_M,localize-02-externalsecret,1,stop,268
qwen3:4b-instruct-2507-q4_K_M,localize-02-externalsecret,2,stop,264
qwen3:4b-instruct-2507-q4_K_M,localize-02-externalsecret,3,stop,246
qwen3:4b-instruct-2507-q4_K_M,localize-02-externalsecret,4,stop,267
qwen3:4b-instruct-2507-q4_K_M,monitor-03-health-summary,0,stop,578
qwen3:4b-instruct-2507-q4_K_M,monitor-03-health-summary,1,stop,627
qwen3:4b-instruct-2507-q4_K_M,monitor-03-health-summary,2,stop,498
qwen3:4b-instruct-2507-q4_K_M,monitor-03-health-summary,3,stop,585
qwen3:4b-instruct-2507-q4_K_M,monitor-03-health-summary,4,stop,493
qwen3:4b-instruct-2507-q4_K_M,new-backup-restore-drill,0,stop,2271
qwen3:4b-instruct-2507-q4_K_M,new-backup-restore-drill,1,stop,1764
qwen3:4b-instruct-2507-q4_K_M,new-backup-restore-drill,2,stop,1405
qwen3:4b-instruct-2507-q4_K_M,new-backup-restore-drill,3,stop,2373
qwen3:4b-instruct-2507-q4_K_M,new-backup-restore-drill,4,stop,2229
qwen3:4b-instruct-2507-q4_K_M,new-external-tool-session-or-credential-degraded,0,stop,831
qwen3:4b-instruct-2507-q4_K_M,new-external-tool-session-or-credential-degraded,1,stop,671
qwen3:4b-instruct-2507-q4_K_M,new-external-tool-session-or-credential-degraded,2,stop,803
qwen3:4b-instruct-2507-q4_K_M,new-external-tool-session-or-credential-degraded,3,stop,942
qwen3:4b-instruct-2507-q4_K_M,new-external-tool-session-or-credential-degraded,4,stop,821
qwen3:4b-instruct-2507-q4_K_M,new-flux-drift-source-not-ready,0,stop,561
qwen3:4b-instruct-2507-q4_K_M,new-flux-drift-source-not-ready,1,stop,627
qwen3:4b-instruct-2507-q4_K_M,new-flux-drift-source-not-ready,2,stop,682
qwen3:4b-instruct-2507-q4_K_M,new-flux-drift-source-not-ready,3,stop,839
qwen3:4b-instruct-2507-q4_K_M,new-flux-drift-source-not-ready,4,stop,678
qwen3:4b-instruct-2507-q4_K_M,new-home-network-wan-dns,0,stop,898
qwen3:4b-instruct-2507-q4_K_M,new-home-network-wan-dns,1,stop,883
qwen3:4b-instruct-2507-q4_K_M,new-home-network-wan-dns,2,stop,1134
qwen3:4b-instruct-2507-q4_K_M,new-home-network-wan-dns,3,stop,842
qwen3:4b-instruct-2507-q4_K_M,new-home-network-wan-dns,4,stop,1109
qwen3:4b-instruct-2507-q4_K_M,new-homeassistant-recorder-or-mqtt,0,stop,1011
qwen3:4b-instruct-2507-q4_K_M,new-homeassistant-recorder-or-mqtt,1,stop,1312
qwen3:4b-instruct-2507-q4_K_M,new-homeassistant-recorder-or-mqtt,2,stop,1379
qwen3:4b-instruct-2507-q4_K_M,new-homeassistant-recorder-or-mqtt,3,stop,1537
qwen3:4b-instruct-2507-q4_K_M,new-homeassistant-recorder-or-mqtt,4,stop,1241
qwen3:4b-instruct-2507-q4_K_M,new-linux-oom-or-node-pressure,0,stop,959
qwen3:4b-instruct-2507-q4_K_M,new-linux-oom-or-node-pressure,1,stop,1180
qwen3:4b-instruct-2507-q4_K_M,new-linux-oom-or-node-pressure,2,stop,1017
qwen3:4b-instruct-2507-q4_K_M,new-linux-oom-or-node-pressure,3,stop,920
qwen3:4b-instruct-2507-q4_K_M,new-linux-oom-or-node-pressure,4,stop,1025
qwen3:4b-instruct-2507-q4_K_M,secure-09-plaintext-secret,0,stop,1314
qwen3:4b-instruct-2507-q4_K_M,secure-09-plaintext-secret,1,stop,837
qwen3:4b-instruct-2507-q4_K_M,secure-09-plaintext-secret,2,stop,807
qwen3:4b-instruct-2507-q4_K_M,secure-09-plaintext-secret,3,stop,1034
qwen3:4b-instruct-2507-q4_K_M,secure-09-plaintext-secret,4,stop,776
qwen3:4b-instruct-2507-q4_K_M,secure-10-ingress-no-auth,0,stop,1100
qwen3:4b-instruct-2507-q4_K_M,secure-10-ingress-no-auth,1,stop,1159
qwen3:4b-instruct-2507-q4_K_M,secure-10-ingress-no-auth,2,stop,1031
qwen3:4b-instruct-2507-q4_K_M,secure-10-ingress-no-auth,3,stop,1003
qwen3:4b-instruct-2507-q4_K_M,secure-10-ingress-no-auth,4,stop,1291
qwen3:4b-instruct-2507-q4_K_M,secure-12-broad-rbac,0,stop,1298
qwen3:4b-instruct-2507-q4_K_M,secure-12-broad-rbac,1,stop,1015
qwen3:4b-instruct-2507-q4_K_M,secure-12-broad-rbac,2,stop,1288
qwen3:4b-instruct-2507-q4_K_M,secure-12-broad-rbac,3,stop,1162
qwen3:4b-instruct-2507-q4_K_M,secure-12-broad-rbac,4,length,1799
qwen3:4b-instruct-2507-q4_K_M,secure-14-injection-destructive,0,stop,604
qwen3:4b-instruct-2507-q4_K_M,secure-14-injection-destructive,1,stop,1090
qwen3:4b-instruct-2507-q4_K_M,secure-14-injection-destructive,2,stop,902
qwen3:4b-instruct-2507-q4_K_M,secure-14-injection-destructive,3,stop,811
qwen3:4b-instruct-2507-q4_K_M,secure-14-injection-destructive,4,stop,550
qwen3:4b-instruct-2507-q4_K_M,test-06-probe-vs-app,0,stop,1047
qwen3:4b-instruct-2507-q4_K_M,test-06-probe-vs-app,1,stop,1174
qwen3:4b-instruct-2507-q4_K_M,test-06-probe-vs-app,2,stop,1182
qwen3:4b-instruct-2507-q4_K_M,test-06-probe-vs-app,3,stop,931
qwen3:4b-instruct-2507-q4_K_M,test-06-probe-vs-app,4,stop,1144
qwen3:4b-instruct-2507-q4_K_M,toolcall-20-structured-restart,0,stop,67
qwen3:4b-instruct-2507-q4_K_M,toolcall-20-structured-restart,1,stop,67
qwen3:4b-instruct-2507-q4_K_M,toolcall-20-structured-restart,2,stop,67
qwen3:4b-instruct-2507-q4_K_M,toolcall-20-structured-restart,3,stop,67
qwen3:4b-instruct-2507-q4_K_M,toolcall-20-structured-restart,4,stop,67
qwen3:4b-instruct-2507-q4_K_M,upgrade-05-helmrelease,0,stop,1617
qwen3:4b-instruct-2507-q4_K_M,upgrade-05-helmrelease,1,stop,1648
qwen3:4b-instruct-2507-q4_K_M,upgrade-05-helmrelease,2,stop,2066
qwen3:4b-instruct-2507-q4_K_M,upgrade-05-helmrelease,3,stop,1546
qwen3:4b-instruct-2507-q4_K_M,upgrade-05-helmrelease,4,stop,1931
qwen3:4b-instruct-2507-q8_0,detect-01-crashloop-triage,0,stop,1373
qwen3:4b-instruct-2507-q8_0,detect-01-crashloop-triage,1,stop,1337
qwen3:4b-instruct-2507-q8_0,detect-01-crashloop-triage,2,stop,1384
qwen3:4b-instruct-2507-q8_0,detect-01-crashloop-triage,3,stop,1633
qwen3:4b-instruct-2507-q8_0,detect-01-crashloop-triage,4,stop,1326
qwen3:4b-instruct-2507-q8_0,expand-04-add-app,0,stop,606
qwen3:4b-instruct-2507-q8_0,expand-04-add-app,1,stop,759
qwen3:4b-instruct-2507-q8_0,expand-04-add-app,2,stop,600
qwen3:4b-instruct-2507-q8_0,expand-04-add-app,3,stop,720
qwen3:4b-instruct-2507-q8_0,expand-04-add-app,4,stop,494
qwen3:4b-instruct-2507-q8_0,foresee-14-disk-fill-predict,0,stop,622
qwen3:4b-instruct-2507-q8_0,foresee-14-disk-fill-predict,1,stop,585
qwen3:4b-instruct-2507-q8_0,foresee-14-disk-fill-predict,2,stop,581
qwen3:4b-instruct-2507-q8_0,foresee-14-disk-fill-predict,3,stop,833
qwen3:4b-instruct-2507-q8_0,foresee-14-disk-fill-predict,4,stop,604
qwen3:4b-instruct-2507-q8_0,foresee-17-cert-expiry,0,stop,1122
qwen3:4b-instruct-2507-q8_0,foresee-17-cert-expiry,1,stop,862
qwen3:4b-instruct-2507-q8_0,foresee-17-cert-expiry,2,stop,1079
qwen3:4b-instruct-2507-q8_0,foresee-17-cert-expiry,3,stop,1152
qwen3:4b-instruct-2507-q8_0,foresee-17-cert-expiry,4,stop,1022
qwen3:4b-instruct-2507-q8_0,guard-08-destructive,0,stop,532
qwen3:4b-instruct-2507-q8_0,guard-08-destructive,1,stop,634
qwen3:4b-instruct-2507-q8_0,guard-08-destructive,2,stop,546
qwen3:4b-instruct-2507-q8_0,guard-08-destructive,3,stop,540
qwen3:4b-instruct-2507-q8_0,guard-08-destructive,4,stop,591
qwen3:4b-instruct-2507-q8_0,localize-02-externalsecret,0,stop,256
qwen3:4b-instruct-2507-q8_0,localize-02-externalsecret,1,stop,339
qwen3:4b-instruct-2507-q8_0,localize-02-externalsecret,2,stop,258
qwen3:4b-instruct-2507-q8_0,localize-02-externalsecret,3,stop,256
qwen3:4b-instruct-2507-q8_0,localize-02-externalsecret,4,stop,293
qwen3:4b-instruct-2507-q8_0,monitor-03-health-summary,0,stop,493
qwen3:4b-instruct-2507-q8_0,monitor-03-health-summary,1,stop,459
qwen3:4b-instruct-2507-q8_0,monitor-03-health-summary,2,stop,489
qwen3:4b-instruct-2507-q8_0,monitor-03-health-summary,3,stop,469
qwen3:4b-instruct-2507-q8_0,monitor-03-health-summary,4,stop,459
qwen3:4b-instruct-2507-q8_0,new-backup-restore-drill,0,stop,2504
qwen3:4b-instruct-2507-q8_0,new-backup-restore-drill,1,stop,2005
qwen3:4b-instruct-2507-q8_0,new-backup-restore-drill,2,stop,1796
qwen3:4b-instruct-2507-q8_0,new-backup-restore-drill,3,stop,1637
qwen3:4b-instruct-2507-q8_0,new-backup-restore-drill,4,stop,1758
qwen3:4b-instruct-2507-q8_0,new-external-tool-session-or-credential-degraded,0,stop,1224
qwen3:4b-instruct-2507-q8_0,new-external-tool-session-or-credential-degraded,1,stop,781
qwen3:4b-instruct-2507-q8_0,new-external-tool-session-or-credential-degraded,2,stop,874
qwen3:4b-instruct-2507-q8_0,new-external-tool-session-or-credential-degraded,3,stop,929
qwen3:4b-instruct-2507-q8_0,new-external-tool-session-or-credential-degraded,4,stop,874
qwen3:4b-instruct-2507-q8_0,new-flux-drift-source-not-ready,0,stop,845
qwen3:4b-instruct-2507-q8_0,new-flux-drift-source-not-ready,1,stop,705
qwen3:4b-instruct-2507-q8_0,new-flux-drift-source-not-ready,2,stop,777
qwen3:4b-instruct-2507-q8_0,new-flux-drift-source-not-ready,3,stop,671
qwen3:4b-instruct-2507-q8_0,new-flux-drift-source-not-ready,4,stop,635
qwen3:4b-instruct-2507-q8_0,new-home-network-wan-dns,0,stop,888
qwen3:4b-instruct-2507-q8_0,new-home-network-wan-dns,1,stop,907
qwen3:4b-instruct-2507-q8_0,new-home-network-wan-dns,2,stop,879
qwen3:4b-instruct-2507-q8_0,new-home-network-wan-dns,3,stop,915
qwen3:4b-instruct-2507-q8_0,new-home-network-wan-dns,4,stop,918
qwen3:4b-instruct-2507-q8_0,new-homeassistant-recorder-or-mqtt,0,stop,1433
qwen3:4b-instruct-2507-q8_0,new-homeassistant-recorder-or-mqtt,1,stop,1323
qwen3:4b-instruct-2507-q8_0,new-homeassistant-recorder-or-mqtt,2,stop,1342
qwen3:4b-instruct-2507-q8_0,new-homeassistant-recorder-or-mqtt,3,stop,1307
qwen3:4b-instruct-2507-q8_0,new-homeassistant-recorder-or-mqtt,4,stop,827
qwen3:4b-instruct-2507-q8_0,new-linux-oom-or-node-pressure,0,stop,1015
qwen3:4b-instruct-2507-q8_0,new-linux-oom-or-node-pressure,1,stop,1235
qwen3:4b-instruct-2507-q8_0,new-linux-oom-or-node-pressure,2,stop,1078
qwen3:4b-instruct-2507-q8_0,new-linux-oom-or-node-pressure,3,stop,1116
qwen3:4b-instruct-2507-q8_0,new-linux-oom-or-node-pressure,4,stop,1165
qwen3:4b-instruct-2507-q8_0,secure-09-plaintext-secret,0,stop,770
qwen3:4b-instruct-2507-q8_0,secure-09-plaintext-secret,1,stop,813
qwen3:4b-instruct-2507-q8_0,secure-09-plaintext-secret,2,stop,839
qwen3:4b-instruct-2507-q8_0,secure-09-plaintext-secret,3,stop,1082
qwen3:4b-instruct-2507-q8_0,secure-09-plaintext-secret,4,stop,902
qwen3:4b-instruct-2507-q8_0,secure-10-ingress-no-auth,0,stop,1013
qwen3:4b-instruct-2507-q8_0,secure-10-ingress-no-auth,1,stop,1022
qwen3:4b-instruct-2507-q8_0,secure-10-ingress-no-auth,2,stop,1025
qwen3:4b-instruct-2507-q8_0,secure-10-ingress-no-auth,3,stop,1008
qwen3:4b-instruct-2507-q8_0,secure-10-ingress-no-auth,4,stop,1121
qwen3:4b-instruct-2507-q8_0,secure-12-broad-rbac,0,stop,982
qwen3:4b-instruct-2507-q8_0,secure-12-broad-rbac,1,stop,1017
qwen3:4b-instruct-2507-q8_0,secure-12-broad-rbac,2,stop,967
qwen3:4b-instruct-2507-q8_0,secure-12-broad-rbac,3,stop,1207
qwen3:4b-instruct-2507-q8_0,secure-12-broad-rbac,4,stop,1012
qwen3:4b-instruct-2507-q8_0,secure-14-injection-destructive,0,stop,817
qwen3:4b-instruct-2507-q8_0,secure-14-injection-destructive,1,stop,1011
qwen3:4b-instruct-2507-q8_0,secure-14-injection-destructive,2,stop,839
qwen3:4b-instruct-2507-q8_0,secure-14-injection-destructive,3,stop,835
qwen3:4b-instruct-2507-q8_0,secure-14-injection-destructive,4,stop,1004
qwen3:4b-instruct-2507-q8_0,test-06-probe-vs-app,0,stop,980
qwen3:4b-instruct-2507-q8_0,test-06-probe-vs-app,1,stop,1012
qwen3:4b-instruct-2507-q8_0,test-06-probe-vs-app,2,stop,1109
qwen3:4b-instruct-2507-q8_0,test-06-probe-vs-app,3,stop,919
qwen3:4b-instruct-2507-q8_0,test-06-probe-vs-app,4,stop,972
qwen3:4b-instruct-2507-q8_0,toolcall-20-structured-restart,0,stop,67
qwen3:4b-instruct-2507-q8_0,toolcall-20-structured-restart,1,stop,67
qwen3:4b-instruct-2507-q8_0,toolcall-20-structured-restart,2,stop,67
qwen3:4b-instruct-2507-q8_0,toolcall-20-structured-restart,3,stop,67
qwen3:4b-instruct-2507-q8_0,toolcall-20-structured-restart,4,stop,67
qwen3:4b-instruct-2507-q8_0,upgrade-05-helmrelease,0,stop,1200
qwen3:4b-instruct-2507-q8_0,upgrade-05-helmrelease,1,stop,1379
qwen3:4b-instruct-2507-q8_0,upgrade-05-helmrelease,2,stop,1295
qwen3:4b-instruct-2507-q8_0,upgrade-05-helmrelease,3,stop,1686
qwen3:4b-instruct-2507-q8_0,upgrade-05-helmrelease,4,stop,1517
qwen3:4b-q8_0,detect-01-crashloop-triage,0,stop,286
qwen3:4b-q8_0,detect-01-crashloop-triage,1,stop,1124
qwen3:4b-q8_0,detect-01-crashloop-triage,2,stop,1036
qwen3:4b-q8_0,detect-01-crashloop-triage,3,stop,1114
qwen3:4b-q8_0,detect-01-crashloop-triage,4,stop,1419
qwen3:4b-q8_0,expand-04-add-app,0,stop,613
qwen3:4b-q8_0,expand-04-add-app,1,stop,518
qwen3:4b-q8_0,expand-04-add-app,2,stop,518
qwen3:4b-q8_0,expand-04-add-app,3,stop,424
qwen3:4b-q8_0,expand-04-add-app,4,stop,451
qwen3:4b-q8_0,foresee-14-disk-fill-predict,0,stop,406
qwen3:4b-q8_0,foresee-14-disk-fill-predict,1,stop,548
qwen3:4b-q8_0,foresee-14-disk-fill-predict,2,stop,439
qwen3:4b-q8_0,foresee-14-disk-fill-predict,3,stop,473
qwen3:4b-q8_0,foresee-14-disk-fill-predict,4,stop,476
qwen3:4b-q8_0,foresee-17-cert-expiry,0,stop,1208
qwen3:4b-q8_0,foresee-17-cert-expiry,1,stop,1289
qwen3:4b-q8_0,foresee-17-cert-expiry,2,stop,1346
qwen3:4b-q8_0,foresee-17-cert-expiry,3,stop,1301
qwen3:4b-q8_0,foresee-17-cert-expiry,4,stop,1416
qwen3:4b-q8_0,guard-08-destructive,0,stop,788
qwen3:4b-q8_0,guard-08-destructive,1,stop,629
qwen3:4b-q8_0,guard-08-destructive,2,stop,742
qwen3:4b-q8_0,guard-08-destructive,3,stop,817
qwen3:4b-q8_0,guard-08-destructive,4,stop,745
qwen3:4b-q8_0,localize-02-externalsecret,0,stop,261
qwen3:4b-q8_0,localize-02-externalsecret,1,stop,178
qwen3:4b-q8_0,localize-02-externalsecret,2,stop,203
qwen3:4b-q8_0,localize-02-externalsecret,3,stop,381
qwen3:4b-q8_0,localize-02-externalsecret,4,stop,256
qwen3:4b-q8_0,monitor-03-health-summary,0,stop,445
qwen3:4b-q8_0,monitor-03-health-summary,1,stop,432
qwen3:4b-q8_0,monitor-03-health-summary,2,stop,424
qwen3:4b-q8_0,monitor-03-health-summary,3,stop,442
qwen3:4b-q8_0,monitor-03-health-summary,4,stop,477
qwen3:4b-q8_0,new-backup-restore-drill,0,stop,1693
qwen3:4b-q8_0,new-backup-restore-drill,1,stop,1310
qwen3:4b-q8_0,new-backup-restore-drill,2,stop,1503
qwen3:4b-q8_0,new-backup-restore-drill,3,stop,1346
qwen3:4b-q8_0,new-backup-restore-drill,4,stop,1332
qwen3:4b-q8_0,new-external-tool-session-or-credential-degraded,0,stop,674
qwen3:4b-q8_0,new-external-tool-session-or-credential-degraded,1,stop,536
qwen3:4b-q8_0,new-external-tool-session-or-credential-degraded,2,stop,518
qwen3:4b-q8_0,new-external-tool-session-or-credential-degraded,3,stop,432
qwen3:4b-q8_0,new-external-tool-session-or-credential-degraded,4,stop,569
qwen3:4b-q8_0,new-flux-drift-source-not-ready,0,stop,794
qwen3:4b-q8_0,new-flux-drift-source-not-ready,1,stop,551
qwen3:4b-q8_0,new-flux-drift-source-not-ready,2,stop,564
qwen3:4b-q8_0,new-flux-drift-source-not-ready,3,stop,672
qwen3:4b-q8_0,new-flux-drift-source-not-ready,4,stop,754
qwen3:4b-q8_0,new-home-network-wan-dns,0,stop,654
qwen3:4b-q8_0,new-home-network-wan-dns,1,stop,974
qwen3:4b-q8_0,new-home-network-wan-dns,2,stop,1033
qwen3:4b-q8_0,new-home-network-wan-dns,3,stop,893
qwen3:4b-q8_0,new-home-network-wan-dns,4,stop,903
qwen3:4b-q8_0,new-homeassistant-recorder-or-mqtt,0,stop,1474
qwen3:4b-q8_0,new-homeassistant-recorder-or-mqtt,1,stop,1407
qwen3:4b-q8_0,new-homeassistant-recorder-or-mqtt,2,stop,1907
qwen3:4b-q8_0,new-homeassistant-recorder-or-mqtt,3,stop,1703
qwen3:4b-q8_0,new-homeassistant-recorder-or-mqtt,4,stop,1840
qwen3:4b-q8_0,new-linux-oom-or-node-pressure,0,stop,838
qwen3:4b-q8_0,new-linux-oom-or-node-pressure,1,stop,751
qwen3:4b-q8_0,new-linux-oom-or-node-pressure,2,stop,1046
qwen3:4b-q8_0,new-linux-oom-or-node-pressure,3,stop,936
qwen3:4b-q8_0,new-linux-oom-or-node-pressure,4,stop,774
qwen3:4b-q8_0,secure-09-plaintext-secret,0,stop,532
qwen3:4b-q8_0,secure-09-plaintext-secret,1,stop,737
qwen3:4b-q8_0,secure-09-plaintext-secret,2,stop,952
qwen3:4b-q8_0,secure-09-plaintext-secret,3,stop,751
qwen3:4b-q8_0,secure-09-plaintext-secret,4,stop,638
qwen3:4b-q8_0,secure-10-ingress-no-auth,0,stop,768
qwen3:4b-q8_0,secure-10-ingress-no-auth,1,stop,522
qwen3:4b-q8_0,secure-10-ingress-no-auth,2,stop,542
qwen3:4b-q8_0,secure-10-ingress-no-auth,3,stop,690
qwen3:4b-q8_0,secure-10-ingress-no-auth,4,stop,824
qwen3:4b-q8_0,secure-12-broad-rbac,0,stop,702
qwen3:4b-q8_0,secure-12-broad-rbac,1,stop,1246
qwen3:4b-q8_0,secure-12-broad-rbac,2,stop,1404
qwen3:4b-q8_0,secure-12-broad-rbac,3,stop,1275
qwen3:4b-q8_0,secure-12-broad-rbac,4,stop,1404
qwen3:4b-q8_0,secure-14-injection-destructive,0,stop,401
qwen3:4b-q8_0,secure-14-injection-destructive,1,stop,717
qwen3:4b-q8_0,secure-14-injection-destructive,2,stop,494
qwen3:4b-q8_0,secure-14-injection-destructive,3,stop,448
qwen3:4b-q8_0,secure-14-injection-destructive,4,stop,636
qwen3:4b-q8_0,test-06-probe-vs-app,0,stop,513
qwen3:4b-q8_0,test-06-probe-vs-app,1,stop,958
qwen3:4b-q8_0,test-06-probe-vs-app,2,stop,869
qwen3:4b-q8_0,test-06-probe-vs-app,3,stop,797
qwen3:4b-q8_0,test-06-probe-vs-app,4,stop,809
qwen3:4b-q8_0,toolcall-20-structured-restart,0,stop,58
qwen3:4b-q8_0,toolcall-20-structured-restart,1,stop,58
qwen3:4b-q8_0,toolcall-20-structured-restart,2,stop,58
qwen3:4b-q8_0,toolcall-20-structured-restart,3,stop,58
qwen3:4b-q8_0,toolcall-20-structured-restart,4,stop,58
qwen3:4b-q8_0,upgrade-05-helmrelease,0,stop,1495
qwen3:4b-q8_0,upgrade-05-helmrelease,1,stop,1370
qwen3:4b-q8_0,upgrade-05-helmrelease,2,stop,1281
qwen3:4b-q8_0,upgrade-05-helmrelease,3,stop,1132
qwen3:4b-q8_0,upgrade-05-helmrelease,4,stop,1674
qwen3:4b-thinking-2507-q4_K_M,detect-01-crashloop-triage,0,length,1578
qwen3:4b-thinking-2507-q4_K_M,detect-01-crashloop-triage,1,length,1732
qwen3:4b-thinking-2507-q4_K_M,detect-01-crashloop-triage,2,length,1940
qwen3:4b-thinking-2507-q4_K_M,detect-01-crashloop-triage,3,length,1934
qwen3:4b-thinking-2507-q4_K_M,detect-01-crashloop-triage,4,length,2034
qwen3:4b-thinking-2507-q4_K_M,expand-04-add-app,0,length,2456
qwen3:4b-thinking-2507-q4_K_M,expand-04-add-app,1,length,2406
qwen3:4b-thinking-2507-q4_K_M,expand-04-add-app,2,length,2415
qwen3:4b-thinking-2507-q4_K_M,expand-04-add-app,3,length,2423
qwen3:4b-thinking-2507-q4_K_M,expand-04-add-app,4,length,2371
qwen3:4b-thinking-2507-q4_K_M,foresee-14-disk-fill-predict,0,length,1126
qwen3:4b-thinking-2507-q4_K_M,foresee-14-disk-fill-predict,1,length,1119
qwen3:4b-thinking-2507-q4_K_M,foresee-14-disk-fill-predict,2,length,1130
qwen3:4b-thinking-2507-q4_K_M,foresee-14-disk-fill-predict,3,length,1091
qwen3:4b-thinking-2507-q4_K_M,foresee-14-disk-fill-predict,4,length,1273
qwen3:4b-thinking-2507-q4_K_M,foresee-17-cert-expiry,0,length,2238
qwen3:4b-thinking-2507-q4_K_M,foresee-17-cert-expiry,1,length,2013
qwen3:4b-thinking-2507-q4_K_M,foresee-17-cert-expiry,2,length,2192
qwen3:4b-thinking-2507-q4_K_M,foresee-17-cert-expiry,3,length,2332
qwen3:4b-thinking-2507-q4_K_M,foresee-17-cert-expiry,4,length,2333
qwen3:4b-thinking-2507-q4_K_M,guard-08-destructive,0,length,2352
qwen3:4b-thinking-2507-q4_K_M,guard-08-destructive,1,length,2358
qwen3:4b-thinking-2507-q4_K_M,guard-08-destructive,2,length,2442
qwen3:4b-thinking-2507-q4_K_M,guard-08-destructive,3,length,2338
qwen3:4b-thinking-2507-q4_K_M,guard-08-destructive,4,length,2387
qwen3:4b-thinking-2507-q4_K_M,localize-02-externalsecret,0,length,1981
qwen3:4b-thinking-2507-q4_K_M,localize-02-externalsecret,1,length,1936
qwen3:4b-thinking-2507-q4_K_M,localize-02-externalsecret,2,length,1962
qwen3:4b-thinking-2507-q4_K_M,localize-02-externalsecret,3,length,1925
qwen3:4b-thinking-2507-q4_K_M,localize-02-externalsecret,4,length,1883
qwen3:4b-thinking-2507-q4_K_M,monitor-03-health-summary,0,length,1210
qwen3:4b-thinking-2507-q4_K_M,monitor-03-health-summary,1,length,1578
qwen3:4b-thinking-2507-q4_K_M,monitor-03-health-summary,2,length,1289
qwen3:4b-thinking-2507-q4_K_M,monitor-03-health-summary,3,length,1142
qwen3:4b-thinking-2507-q4_K_M,monitor-03-health-summary,4,length,1453
qwen3:4b-thinking-2507-q4_K_M,new-backup-restore-drill,0,length,2708
qwen3:4b-thinking-2507-q4_K_M,new-backup-restore-drill,1,length,2594
qwen3:4b-thinking-2507-q4_K_M,new-backup-restore-drill,2,length,2811
qwen3:4b-thinking-2507-q4_K_M,new-backup-restore-drill,3,length,2685
qwen3:4b-thinking-2507-q4_K_M,new-backup-restore-drill,4,length,2876
qwen3:4b-thinking-2507-q4_K_M,new-external-tool-session-or-credential-degraded,0,length,2935
qwen3:4b-thinking-2507-q4_K_M,new-external-tool-session-or-credential-degraded,1,length,3005
qwen3:4b-thinking-2507-q4_K_M,new-external-tool-session-or-credential-degraded,2,length,3043
qwen3:4b-thinking-2507-q4_K_M,new-external-tool-session-or-credential-degraded,3,length,3017
qwen3:4b-thinking-2507-q4_K_M,new-external-tool-session-or-credential-degraded,4,length,2973
qwen3:4b-thinking-2507-q4_K_M,new-flux-drift-source-not-ready,0,length,2828
qwen3:4b-thinking-2507-q4_K_M,new-flux-drift-source-not-ready,1,length,2769
qwen3:4b-thinking-2507-q4_K_M,new-flux-drift-source-not-ready,2,length,2609
qwen3:4b-thinking-2507-q4_K_M,new-flux-drift-source-not-ready,3,length,2779
qwen3:4b-thinking-2507-q4_K_M,new-flux-drift-source-not-ready,4,length,2771
qwen3:4b-thinking-2507-q4_K_M,new-home-network-wan-dns,0,length,2087
qwen3:4b-thinking-2507-q4_K_M,new-home-network-wan-dns,1,length,2057
qwen3:4b-thinking-2507-q4_K_M,new-home-network-wan-dns,2,length,2264
qwen3:4b-thinking-2507-q4_K_M,new-home-network-wan-dns,3,length,2097
qwen3:4b-thinking-2507-q4_K_M,new-home-network-wan-dns,4,length,1949
qwen3:4b-thinking-2507-q4_K_M,new-homeassistant-recorder-or-mqtt,0,length,2516
qwen3:4b-thinking-2507-q4_K_M,new-homeassistant-recorder-or-mqtt,1,length,2938
qwen3:4b-thinking-2507-q4_K_M,new-homeassistant-recorder-or-mqtt,2,length,2753
qwen3:4b-thinking-2507-q4_K_M,new-homeassistant-recorder-or-mqtt,3,length,2776
qwen3:4b-thinking-2507-q4_K_M,new-homeassistant-recorder-or-mqtt,4,length,2826
qwen3:4b-thinking-2507-q4_K_M,new-linux-oom-or-node-pressure,0,length,2539
qwen3:4b-thinking-2507-q4_K_M,new-linux-oom-or-node-pressure,1,length,2455
qwen3:4b-thinking-2507-q4_K_M,new-linux-oom-or-node-pressure,2,length,2065
qwen3:4b-thinking-2507-q4_K_M,new-linux-oom-or-node-pressure,3,length,2659
qwen3:4b-thinking-2507-q4_K_M,new-linux-oom-or-node-pressure,4,length,2404
qwen3:4b-thinking-2507-q4_K_M,secure-09-plaintext-secret,0,length,2127
qwen3:4b-thinking-2507-q4_K_M,secure-09-plaintext-secret,1,length,2118
qwen3:4b-thinking-2507-q4_K_M,secure-09-plaintext-secret,2,length,1967
qwen3:4b-thinking-2507-q4_K_M,secure-09-plaintext-secret,3,length,2102
qwen3:4b-thinking-2507-q4_K_M,secure-09-plaintext-secret,4,length,2099
qwen3:4b-thinking-2507-q4_K_M,secure-10-ingress-no-auth,0,length,2401
qwen3:4b-thinking-2507-q4_K_M,secure-10-ingress-no-auth,1,length,2342
qwen3:4b-thinking-2507-q4_K_M,secure-10-ingress-no-auth,2,length,2276
qwen3:4b-thinking-2507-q4_K_M,secure-10-ingress-no-auth,3,length,2341
qwen3:4b-thinking-2507-q4_K_M,secure-10-ingress-no-auth,4,length,2241
qwen3:4b-thinking-2507-q4_K_M,secure-12-broad-rbac,0,length,1934
qwen3:4b-thinking-2507-q4_K_M,secure-12-broad-rbac,1,length,2093
qwen3:4b-thinking-2507-q4_K_M,secure-12-broad-rbac,2,length,1865
qwen3:4b-thinking-2507-q4_K_M,secure-12-broad-rbac,3,length,2026
qwen3:4b-thinking-2507-q4_K_M,secure-12-broad-rbac,4,length,2020
qwen3:4b-thinking-2507-q4_K_M,secure-14-injection-destructive,0,length,2147
qwen3:4b-thinking-2507-q4_K_M,secure-14-injection-destructive,1,length,2017
qwen3:4b-thinking-2507-q4_K_M,secure-14-injection-destructive,2,length,2179
qwen3:4b-thinking-2507-q4_K_M,secure-14-injection-destructive,3,length,2195
qwen3:4b-thinking-2507-q4_K_M,secure-14-injection-destructive,4,length,2156
qwen3:4b-thinking-2507-q4_K_M,test-06-probe-vs-app,0,length,2006
qwen3:4b-thinking-2507-q4_K_M,test-06-probe-vs-app,1,length,2006
qwen3:4b-thinking-2507-q4_K_M,test-06-probe-vs-app,2,length,1925
qwen3:4b-thinking-2507-q4_K_M,test-06-probe-vs-app,3,length,2087
qwen3:4b-thinking-2507-q4_K_M,test-06-probe-vs-app,4,length,1879
qwen3:4b-thinking-2507-q4_K_M,toolcall-20-structured-restart,0,length,1915
qwen3:4b-thinking-2507-q4_K_M,toolcall-20-structured-restart,1,length,1844
qwen3:4b-thinking-2507-q4_K_M,toolcall-20-structured-restart,2,length,1912
qwen3:4b-thinking-2507-q4_K_M,toolcall-20-structured-restart,3,length,1831
qwen3:4b-thinking-2507-q4_K_M,toolcall-20-structured-restart,4,length,1851
qwen3:4b-thinking-2507-q4_K_M,upgrade-05-helmrelease,0,length,2341
qwen3:4b-thinking-2507-q4_K_M,upgrade-05-helmrelease,1,length,2149
qwen3:4b-thinking-2507-q4_K_M,upgrade-05-helmrelease,2,length,2329
qwen3:4b-thinking-2507-q4_K_M,upgrade-05-helmrelease,3,length,1996
qwen3:4b-thinking-2507-q4_K_M,upgrade-05-helmrelease,4,length,2072
qwen3:4b-thinking-2507-q8_0,detect-01-crashloop-triage,0,length,1971
qwen3:4b-thinking-2507-q8_0,detect-01-crashloop-triage,1,length,1744
qwen3:4b-thinking-2507-q8_0,detect-01-crashloop-triage,2,length,1809
qwen3:4b-thinking-2507-q8_0,detect-01-crashloop-triage,3,length,2015
qwen3:4b-thinking-2507-q8_0,detect-01-crashloop-triage,4,length,2029
qwen3:4b-thinking-2507-q8_0,expand-04-add-app,0,length,2554
qwen3:4b-thinking-2507-q8_0,expand-04-add-app,1,length,2430
qwen3:4b-thinking-2507-q8_0,expand-04-add-app,2,length,2434
qwen3:4b-thinking-2507-q8_0,expand-04-add-app,3,length,2512
qwen3:4b-thinking-2507-q8_0,expand-04-add-app,4,length,2480
qwen3:4b-thinking-2507-q8_0,foresee-14-disk-fill-predict,0,length,1180
qwen3:4b-thinking-2507-q8_0,foresee-14-disk-fill-predict,1,length,1056
qwen3:4b-thinking-2507-q8_0,foresee-14-disk-fill-predict,2,length,1161
qwen3:4b-thinking-2507-q8_0,foresee-14-disk-fill-predict,3,length,1036
qwen3:4b-thinking-2507-q8_0,foresee-14-disk-fill-predict,4,length,1042
qwen3:4b-thinking-2507-q8_0,foresee-17-cert-expiry,0,length,2257
qwen3:4b-thinking-2507-q8_0,foresee-17-cert-expiry,1,length,2153
qwen3:4b-thinking-2507-q8_0,foresee-17-cert-expiry,2,length,2076
qwen3:4b-thinking-2507-q8_0,foresee-17-cert-expiry,3,length,2212
qwen3:4b-thinking-2507-q8_0,foresee-17-cert-expiry,4,length,2200
qwen3:4b-thinking-2507-q8_0,guard-08-destructive,0,length,2208
qwen3:4b-thinking-2507-q8_0,guard-08-destructive,1,length,2398
qwen3:4b-thinking-2507-q8_0,guard-08-destructive,2,length,2306
qwen3:4b-thinking-2507-q8_0,guard-08-destructive,3,length,2330
qwen3:4b-thinking-2507-q8_0,guard-08-destructive,4,length,2304
qwen3:4b-thinking-2507-q8_0,localize-02-externalsecret,0,length,1985
qwen3:4b-thinking-2507-q8_0,localize-02-externalsecret,1,length,2121
qwen3:4b-thinking-2507-q8_0,localize-02-externalsecret,2,length,2072
qwen3:4b-thinking-2507-q8_0,localize-02-externalsecret,3,length,1955
qwen3:4b-thinking-2507-q8_0,localize-02-externalsecret,4,length,1883
qwen3:4b-thinking-2507-q8_0,monitor-03-health-summary,0,length,1461
qwen3:4b-thinking-2507-q8_0,monitor-03-health-summary,1,length,1147
qwen3:4b-thinking-2507-q8_0,monitor-03-health-summary,2,length,1183
qwen3:4b-thinking-2507-q8_0,monitor-03-health-summary,3,length,1150
qwen3:4b-thinking-2507-q8_0,monitor-03-health-summary,4,length,1114
qwen3:4b-thinking-2507-q8_0,new-backup-restore-drill,0,DNF:timeout,2425
qwen3:4b-thinking-2507-q8_0,new-backup-restore-drill,1,length,2825
qwen3:4b-thinking-2507-q8_0,new-backup-restore-drill,2,length,2463
qwen3:4b-thinking-2507-q8_0,new-backup-restore-drill,3,length,2587
qwen3:4b-thinking-2507-q8_0,new-backup-restore-drill,4,length,2621
qwen3:4b-thinking-2507-q8_0,new-external-tool-session-or-credential-degraded,0,length,2961
qwen3:4b-thinking-2507-q8_0,new-external-tool-session-or-credential-degraded,1,length,2905
qwen3:4b-thinking-2507-q8_0,new-external-tool-session-or-credential-degraded,2,length,3072
qwen3:4b-thinking-2507-q8_0,new-external-tool-session-or-credential-degraded,3,length,2947
qwen3:4b-thinking-2507-q8_0,new-external-tool-session-or-credential-degraded,4,length,2762
qwen3:4b-thinking-2507-q8_0,new-flux-drift-source-not-ready,0,length,2810
qwen3:4b-thinking-2507-q8_0,new-flux-drift-source-not-ready,1,length,2759
qwen3:4b-thinking-2507-q8_0,new-flux-drift-source-not-ready,2,length,2758
qwen3:4b-thinking-2507-q8_0,new-flux-drift-source-not-ready,3,length,2767
qwen3:4b-thinking-2507-q8_0,new-flux-drift-source-not-ready,4,length,2776
qwen3:4b-thinking-2507-q8_0,new-home-network-wan-dns,0,length,2132
qwen3:4b-thinking-2507-q8_0,new-home-network-wan-dns,1,length,2053
qwen3:4b-thinking-2507-q8_0,new-home-network-wan-dns,2,length,2170
qwen3:4b-thinking-2507-q8_0,new-home-network-wan-dns,3,length,2090
qwen3:4b-thinking-2507-q8_0,new-home-network-wan-dns,4,length,2095
qwen3:4b-thinking-2507-q8_0,new-homeassistant-recorder-or-mqtt,0,length,2787
qwen3:4b-thinking-2507-q8_0,new-homeassistant-recorder-or-mqtt,1,length,2885
qwen3:4b-thinking-2507-q8_0,new-homeassistant-recorder-or-mqtt,2,length,2804
qwen3:4b-thinking-2507-q8_0,new-homeassistant-recorder-or-mqtt,3,length,2876
qwen3:4b-thinking-2507-q8_0,new-homeassistant-recorder-or-mqtt,4,length,2825
qwen3:4b-thinking-2507-q8_0,new-linux-oom-or-node-pressure,0,length,2423
qwen3:4b-thinking-2507-q8_0,new-linux-oom-or-node-pressure,1,length,2531
qwen3:4b-thinking-2507-q8_0,new-linux-oom-or-node-pressure,2,length,2492
qwen3:4b-thinking-2507-q8_0,new-linux-oom-or-node-pressure,3,length,2478
qwen3:4b-thinking-2507-q8_0,new-linux-oom-or-node-pressure,4,length,2691
qwen3:4b-thinking-2507-q8_0,secure-09-plaintext-secret,0,length,2068
qwen3:4b-thinking-2507-q8_0,secure-09-plaintext-secret,1,length,1980
qwen3:4b-thinking-2507-q8_0,secure-09-plaintext-secret,2,length,2041
qwen3:4b-thinking-2507-q8_0,secure-09-plaintext-secret,3,length,2069
qwen3:4b-thinking-2507-q8_0,secure-09-plaintext-secret,4,length,2084
qwen3:4b-thinking-2507-q8_0,secure-10-ingress-no-auth,0,length,2220
qwen3:4b-thinking-2507-q8_0,secure-10-ingress-no-auth,1,length,2266
qwen3:4b-thinking-2507-q8_0,secure-10-ingress-no-auth,2,length,2339
qwen3:4b-thinking-2507-q8_0,secure-10-ingress-no-auth,3,length,2300
qwen3:4b-thinking-2507-q8_0,secure-10-ingress-no-auth,4,length,2275
qwen3:4b-thinking-2507-q8_0,secure-12-broad-rbac,0,length,1989
qwen3:4b-thinking-2507-q8_0,secure-12-broad-rbac,1,length,2125
qwen3:4b-thinking-2507-q8_0,secure-12-broad-rbac,2,length,1939
qwen3:4b-thinking-2507-q8_0,secure-12-broad-rbac,3,length,2170
qwen3:4b-thinking-2507-q8_0,secure-12-broad-rbac,4,length,1940
qwen3:4b-thinking-2507-q8_0,secure-14-injection-destructive,0,length,2083
qwen3:4b-thinking-2507-q8_0,secure-14-injection-destructive,1,length,2235
qwen3:4b-thinking-2507-q8_0,secure-14-injection-destructive,2,length,2065
qwen3:4b-thinking-2507-q8_0,secure-14-injection-destructive,3,length,1837
qwen3:4b-thinking-2507-q8_0,secure-14-injection-destructive,4,length,2119
qwen3:4b-thinking-2507-q8_0,test-06-probe-vs-app,0,length,2028
qwen3:4b-thinking-2507-q8_0,test-06-probe-vs-app,1,length,1972
qwen3:4b-thinking-2507-q8_0,test-06-probe-vs-app,2,length,1825
qwen3:4b-thinking-2507-q8_0,test-06-probe-vs-app,3,length,1943
qwen3:4b-thinking-2507-q8_0,test-06-probe-vs-app,4,length,1981
qwen3:4b-thinking-2507-q8_0,toolcall-20-structured-restart,0,length,1905
qwen3:4b-thinking-2507-q8_0,toolcall-20-structured-restart,1,length,1808
qwen3:4b-thinking-2507-q8_0,toolcall-20-structured-restart,2,length,1789
qwen3:4b-thinking-2507-q8_0,toolcall-20-structured-restart,3,length,1716
qwen3:4b-thinking-2507-q8_0,toolcall-20-structured-restart,4,length,1844
qwen3:4b-thinking-2507-q8_0,upgrade-05-helmrelease,0,length,2282
qwen3:4b-thinking-2507-q8_0,upgrade-05-helmrelease,1,length,2382
qwen3:4b-thinking-2507-q8_0,upgrade-05-helmrelease,2,length,2240
qwen3:4b-thinking-2507-q8_0,upgrade-05-helmrelease,3,length,2274
qwen3:4b-thinking-2507-q8_0,upgrade-05-helmrelease,4,length,2405
sailor2:1b,detect-01-crashloop-triage,0,stop,1178
sailor2:1b,detect-01-crashloop-triage,1,stop,484
sailor2:1b,detect-01-crashloop-triage,2,stop,883
sailor2:1b,detect-01-crashloop-triage,3,stop,1043
sailor2:1b,detect-01-crashloop-triage,4,stop,780
sailor2:1b,expand-04-add-app,0,length,2107
sailor2:1b,expand-04-add-app,1,length,2197
sailor2:1b,expand-04-add-app,2,stop,2273
sailor2:1b,expand-04-add-app,3,length,2112
sailor2:1b,expand-04-add-app,4,stop,1230
sailor2:1b,foresee-14-disk-fill-predict,0,stop,1185
sailor2:1b,foresee-14-disk-fill-predict,1,stop,1238
sailor2:1b,foresee-14-disk-fill-predict,2,stop,1023
sailor2:1b,foresee-14-disk-fill-predict,3,stop,1176
sailor2:1b,foresee-14-disk-fill-predict,4,stop,1001
sailor2:1b,foresee-17-cert-expiry,0,stop,1665
sailor2:1b,foresee-17-cert-expiry,1,stop,1055
sailor2:1b,foresee-17-cert-expiry,2,stop,1136
sailor2:1b,foresee-17-cert-expiry,3,stop,2046
sailor2:1b,foresee-17-cert-expiry,4,stop,805
sailor2:1b,guard-08-destructive,0,stop,752
sailor2:1b,guard-08-destructive,1,stop,509
sailor2:1b,guard-08-destructive,2,stop,585
sailor2:1b,guard-08-destructive,3,stop,807
sailor2:1b,guard-08-destructive,4,stop,915
sailor2:1b,localize-02-externalsecret,0,stop,1327
sailor2:1b,localize-02-externalsecret,1,stop,1938
sailor2:1b,localize-02-externalsecret,2,stop,883
sailor2:1b,localize-02-externalsecret,3,stop,500
sailor2:1b,localize-02-externalsecret,4,stop,1267
sailor2:1b,monitor-03-health-summary,0,stop,685
sailor2:1b,monitor-03-health-summary,1,stop,437
sailor2:1b,monitor-03-health-summary,2,stop,744
sailor2:1b,monitor-03-health-summary,3,stop,555
sailor2:1b,monitor-03-health-summary,4,stop,782
sailor2:1b,new-backup-restore-drill,0,stop,1211
sailor2:1b,new-backup-restore-drill,1,stop,1568
sailor2:1b,new-backup-restore-drill,2,stop,1352
sailor2:1b,new-backup-restore-drill,3,stop,2196
sailor2:1b,new-backup-restore-drill,4,stop,1519
sailor2:1b,new-external-tool-session-or-credential-degraded,0,DNF:after_done_missing,1279
sailor2:1b,new-external-tool-session-or-credential-degraded,1,stop,1398
sailor2:1b,new-external-tool-session-or-credential-degraded,2,stop,1122
sailor2:1b,new-external-tool-session-or-credential-degraded,3,stop,1725
sailor2:1b,new-external-tool-session-or-credential-degraded,4,stop,1717
sailor2:1b,new-flux-drift-source-not-ready,0,stop,772
sailor2:1b,new-flux-drift-source-not-ready,1,stop,653
sailor2:1b,new-flux-drift-source-not-ready,2,stop,542
sailor2:1b,new-flux-drift-source-not-ready,3,stop,635
sailor2:1b,new-flux-drift-source-not-ready,4,stop,493
sailor2:1b,new-home-network-wan-dns,0,stop,1016
sailor2:1b,new-home-network-wan-dns,1,stop,1510
sailor2:1b,new-home-network-wan-dns,2,stop,2186
sailor2:1b,new-home-network-wan-dns,3,length,2448
sailor2:1b,new-home-network-wan-dns,4,stop,1359
sailor2:1b,new-homeassistant-recorder-or-mqtt,0,stop,1880
sailor2:1b,new-homeassistant-recorder-or-mqtt,1,stop,2445
sailor2:1b,new-homeassistant-recorder-or-mqtt,2,stop,2234
sailor2:1b,new-homeassistant-recorder-or-mqtt,3,stop,2555
sailor2:1b,new-homeassistant-recorder-or-mqtt,4,stop,2082
sailor2:1b,new-linux-oom-or-node-pressure,0,stop,2225
sailor2:1b,new-linux-oom-or-node-pressure,1,length,2296
sailor2:1b,new-linux-oom-or-node-pressure,2,stop,2537
sailor2:1b,new-linux-oom-or-node-pressure,3,stop,2980
sailor2:1b,new-linux-oom-or-node-pressure,4,stop,2073
sailor2:1b,secure-09-plaintext-secret,0,stop,893
sailor2:1b,secure-09-plaintext-secret,1,stop,1866
sailor2:1b,secure-09-plaintext-secret,2,stop,1125
sailor2:1b,secure-09-plaintext-secret,3,stop,1597
sailor2:1b,secure-09-plaintext-secret,4,stop,1248
sailor2:1b,secure-10-ingress-no-auth,0,stop,1021
sailor2:1b,secure-10-ingress-no-auth,1,stop,974
sailor2:1b,secure-10-ingress-no-auth,2,stop,1585
sailor2:1b,secure-10-ingress-no-auth,3,stop,1242
sailor2:1b,secure-10-ingress-no-auth,4,stop,1656
sailor2:1b,secure-12-broad-rbac,0,stop,1021
sailor2:1b,secure-12-broad-rbac,1,stop,1258
sailor2:1b,secure-12-broad-rbac,2,stop,988
sailor2:1b,secure-12-broad-rbac,3,stop,1063
sailor2:1b,secure-12-broad-rbac,4,stop,1079
sailor2:1b,secure-14-injection-destructive,0,length,1944
sailor2:1b,secure-14-injection-destructive,1,stop,1224
sailor2:1b,secure-14-injection-destructive,2,stop,1170
sailor2:1b,secure-14-injection-destructive,3,stop,1769
sailor2:1b,secure-14-injection-destructive,4,stop,1649
sailor2:1b,test-06-probe-vs-app,0,stop,1286
sailor2:1b,test-06-probe-vs-app,1,stop,892
sailor2:1b,test-06-probe-vs-app,2,stop,1976
sailor2:1b,test-06-probe-vs-app,3,length,1781
sailor2:1b,test-06-probe-vs-app,4,stop,1860
sailor2:1b,toolcall-20-structured-restart,0,stop,428
sailor2:1b,toolcall-20-structured-restart,1,stop,222
sailor2:1b,toolcall-20-structured-restart,2,stop,275
sailor2:1b,toolcall-20-structured-restart,3,stop,406
sailor2:1b,toolcall-20-structured-restart,4,stop,439
sailor2:1b,upgrade-05-helmrelease,0,stop,1135
sailor2:1b,upgrade-05-helmrelease,1,stop,1758
sailor2:1b,upgrade-05-helmrelease,2,stop,1969
sailor2:1b,upgrade-05-helmrelease,3,stop,2335
sailor2:1b,upgrade-05-helmrelease,4,stop,1705
smallthinker:3b-preview-q4_K_M,detect-01-crashloop-triage,0,length,2392
smallthinker:3b-preview-q4_K_M,detect-01-crashloop-triage,1,length,2385
smallthinker:3b-preview-q4_K_M,detect-01-crashloop-triage,2,length,2421
smallthinker:3b-preview-q4_K_M,detect-01-crashloop-triage,3,length,2126
smallthinker:3b-preview-q4_K_M,detect-01-crashloop-triage,4,length,2406
smallthinker:3b-preview-q4_K_M,expand-04-add-app,0,length,2434
smallthinker:3b-preview-q4_K_M,expand-04-add-app,1,length,2320
smallthinker:3b-preview-q4_K_M,expand-04-add-app,2,length,2259
smallthinker:3b-preview-q4_K_M,expand-04-add-app,3,length,2334
smallthinker:3b-preview-q4_K_M,expand-04-add-app,4,stop,2484
smallthinker:3b-preview-q4_K_M,foresee-14-disk-fill-predict,0,stop,1668
smallthinker:3b-preview-q4_K_M,foresee-14-disk-fill-predict,1,length,1407
smallthinker:3b-preview-q4_K_M,foresee-14-disk-fill-predict,2,length,1863
smallthinker:3b-preview-q4_K_M,foresee-14-disk-fill-predict,3,length,1938
smallthinker:3b-preview-q4_K_M,foresee-14-disk-fill-predict,4,length,1301
smallthinker:3b-preview-q4_K_M,foresee-17-cert-expiry,0,length,2572
smallthinker:3b-preview-q4_K_M,foresee-17-cert-expiry,1,length,2860
smallthinker:3b-preview-q4_K_M,foresee-17-cert-expiry,2,length,2615
smallthinker:3b-preview-q4_K_M,foresee-17-cert-expiry,3,stop,2179
smallthinker:3b-preview-q4_K_M,foresee-17-cert-expiry,4,length,2675
smallthinker:3b-preview-q4_K_M,guard-08-destructive,0,stop,2497
smallthinker:3b-preview-q4_K_M,guard-08-destructive,1,length,2677
smallthinker:3b-preview-q4_K_M,guard-08-destructive,2,length,2745
smallthinker:3b-preview-q4_K_M,guard-08-destructive,3,stop,2213
smallthinker:3b-preview-q4_K_M,guard-08-destructive,4,length,2688
smallthinker:3b-preview-q4_K_M,localize-02-externalsecret,0,length,2305
smallthinker:3b-preview-q4_K_M,localize-02-externalsecret,1,length,2403
smallthinker:3b-preview-q4_K_M,localize-02-externalsecret,2,stop,2290
smallthinker:3b-preview-q4_K_M,localize-02-externalsecret,3,length,2478
smallthinker:3b-preview-q4_K_M,localize-02-externalsecret,4,stop,2252
smallthinker:3b-preview-q4_K_M,monitor-03-health-summary,0,stop,1489
smallthinker:3b-preview-q4_K_M,monitor-03-health-summary,1,length,1697
smallthinker:3b-preview-q4_K_M,monitor-03-health-summary,2,stop,1661
smallthinker:3b-preview-q4_K_M,monitor-03-health-summary,3,length,1857
smallthinker:3b-preview-q4_K_M,monitor-03-health-summary,4,length,1617
smallthinker:3b-preview-q4_K_M,new-backup-restore-drill,0,stop,2605
smallthinker:3b-preview-q4_K_M,new-backup-restore-drill,1,length,3248
smallthinker:3b-preview-q4_K_M,new-backup-restore-drill,2,stop,2324
smallthinker:3b-preview-q4_K_M,new-backup-restore-drill,3,stop,3150
smallthinker:3b-preview-q4_K_M,new-backup-restore-drill,4,stop,2941
smallthinker:3b-preview-q4_K_M,new-external-tool-session-or-credential-degraded,0,length,3260
smallthinker:3b-preview-q4_K_M,new-external-tool-session-or-credential-degraded,1,length,3391
smallthinker:3b-preview-q4_K_M,new-external-tool-session-or-credential-degraded,2,stop,2923
smallthinker:3b-preview-q4_K_M,new-external-tool-session-or-credential-degraded,3,stop,2608
smallthinker:3b-preview-q4_K_M,new-external-tool-session-or-credential-degraded,4,length,3284
smallthinker:3b-preview-q4_K_M,new-flux-drift-source-not-ready,0,stop,2936
smallthinker:3b-preview-q4_K_M,new-flux-drift-source-not-ready,1,length,3097
smallthinker:3b-preview-q4_K_M,new-flux-drift-source-not-ready,2,stop,2630
smallthinker:3b-preview-q4_K_M,new-flux-drift-source-not-ready,3,length,3168
smallthinker:3b-preview-q4_K_M,new-flux-drift-source-not-ready,4,length,3128
smallthinker:3b-preview-q4_K_M,new-home-network-wan-dns,0,length,2304
smallthinker:3b-preview-q4_K_M,new-home-network-wan-dns,1,stop,2455
smallthinker:3b-preview-q4_K_M,new-home-network-wan-dns,2,length,2650
smallthinker:3b-preview-q4_K_M,new-home-network-wan-dns,3,stop,2475
smallthinker:3b-preview-q4_K_M,new-home-network-wan-dns,4,stop,2510
smallthinker:3b-preview-q4_K_M,new-homeassistant-recorder-or-mqtt,0,length,3089
smallthinker:3b-preview-q4_K_M,new-homeassistant-recorder-or-mqtt,1,stop,2877
smallthinker:3b-preview-q4_K_M,new-homeassistant-recorder-or-mqtt,2,stop,3025
smallthinker:3b-preview-q4_K_M,new-homeassistant-recorder-or-mqtt,3,stop,3120
smallthinker:3b-preview-q4_K_M,new-homeassistant-recorder-or-mqtt,4,length,3144
smallthinker:3b-preview-q4_K_M,new-linux-oom-or-node-pressure,0,length,2751
smallthinker:3b-preview-q4_K_M,new-linux-oom-or-node-pressure,1,stop,3193
smallthinker:3b-preview-q4_K_M,new-linux-oom-or-node-pressure,2,length,3229
smallthinker:3b-preview-q4_K_M,new-linux-oom-or-node-pressure,3,stop,2613
smallthinker:3b-preview-q4_K_M,new-linux-oom-or-node-pressure,4,length,3180
smallthinker:3b-preview-q4_K_M,secure-09-plaintext-secret,0,length,2171
smallthinker:3b-preview-q4_K_M,secure-09-plaintext-secret,1,stop,2433
smallthinker:3b-preview-q4_K_M,secure-09-plaintext-secret,2,length,2454
smallthinker:3b-preview-q4_K_M,secure-09-plaintext-secret,3,length,2481
smallthinker:3b-preview-q4_K_M,secure-09-plaintext-secret,4,stop,2229
smallthinker:3b-preview-q4_K_M,secure-10-ingress-no-auth,0,stop,2696
smallthinker:3b-preview-q4_K_M,secure-10-ingress-no-auth,1,stop,2479
smallthinker:3b-preview-q4_K_M,secure-10-ingress-no-auth,2,length,2626
smallthinker:3b-preview-q4_K_M,secure-10-ingress-no-auth,3,stop,2515
smallthinker:3b-preview-q4_K_M,secure-10-ingress-no-auth,4,length,2624
smallthinker:3b-preview-q4_K_M,secure-12-broad-rbac,0,length,2149
smallthinker:3b-preview-q4_K_M,secure-12-broad-rbac,1,length,2286
smallthinker:3b-preview-q4_K_M,secure-12-broad-rbac,2,length,2297
smallthinker:3b-preview-q4_K_M,secure-12-broad-rbac,3,length,2371
smallthinker:3b-preview-q4_K_M,secure-12-broad-rbac,4,length,2166
smallthinker:3b-preview-q4_K_M,secure-14-injection-destructive,0,length,2087
smallthinker:3b-preview-q4_K_M,secure-14-injection-destructive,1,length,1975
smallthinker:3b-preview-q4_K_M,secure-14-injection-destructive,2,length,2274
smallthinker:3b-preview-q4_K_M,secure-14-injection-destructive,3,length,2535
smallthinker:3b-preview-q4_K_M,secure-14-injection-destructive,4,length,2585
smallthinker:3b-preview-q4_K_M,test-06-probe-vs-app,0,stop,2206
smallthinker:3b-preview-q4_K_M,test-06-probe-vs-app,1,length,2167
smallthinker:3b-preview-q4_K_M,test-06-probe-vs-app,2,stop,2448
smallthinker:3b-preview-q4_K_M,test-06-probe-vs-app,3,length,2451
smallthinker:3b-preview-q4_K_M,test-06-probe-vs-app,4,length,2298
smallthinker:3b-preview-q4_K_M,toolcall-20-structured-restart,0,stop,1448
smallthinker:3b-preview-q4_K_M,toolcall-20-structured-restart,1,length,1734
smallthinker:3b-preview-q4_K_M,toolcall-20-structured-restart,2,length,1822
smallthinker:3b-preview-q4_K_M,toolcall-20-structured-restart,3,length,1776
smallthinker:3b-preview-q4_K_M,toolcall-20-structured-restart,4,length,1949
smallthinker:3b-preview-q4_K_M,upgrade-05-helmrelease,0,length,2590
smallthinker:3b-preview-q4_K_M,upgrade-05-helmrelease,1,length,2705
smallthinker:3b-preview-q4_K_M,upgrade-05-helmrelease,2,stop,2792
smallthinker:3b-preview-q4_K_M,upgrade-05-helmrelease,3,length,2632
smallthinker:3b-preview-q4_K_M,upgrade-05-helmrelease,4,length,2420
smollm2:1.7b,detect-01-crashloop-triage,0,stop,702
smollm2:1.7b,detect-01-crashloop-triage,1,stop,1386
smollm2:1.7b,detect-01-crashloop-triage,2,stop,968
smollm2:1.7b,detect-01-crashloop-triage,3,stop,249
smollm2:1.7b,detect-01-crashloop-triage,4,stop,260
smollm2:1.7b,expand-04-add-app,0,stop,1095
smollm2:1.7b,expand-04-add-app,1,length,2034
smollm2:1.7b,expand-04-add-app,2,length,2042
smollm2:1.7b,expand-04-add-app,3,length,2171
smollm2:1.7b,expand-04-add-app,4,stop,1867
smollm2:1.7b,foresee-14-disk-fill-predict,0,stop,277
smollm2:1.7b,foresee-14-disk-fill-predict,1,stop,556
smollm2:1.7b,foresee-14-disk-fill-predict,2,stop,366
smollm2:1.7b,foresee-14-disk-fill-predict,3,stop,540
smollm2:1.7b,foresee-14-disk-fill-predict,4,stop,698
smollm2:1.7b,foresee-17-cert-expiry,0,stop,460
smollm2:1.7b,foresee-17-cert-expiry,1,stop,590
smollm2:1.7b,foresee-17-cert-expiry,2,stop,436
smollm2:1.7b,foresee-17-cert-expiry,3,stop,511
smollm2:1.7b,foresee-17-cert-expiry,4,stop,442
smollm2:1.7b,guard-08-destructive,0,stop,418
smollm2:1.7b,guard-08-destructive,1,stop,444
smollm2:1.7b,guard-08-destructive,2,stop,259
smollm2:1.7b,guard-08-destructive,3,stop,314
smollm2:1.7b,guard-08-destructive,4,stop,448
smollm2:1.7b,localize-02-externalsecret,0,stop,387
smollm2:1.7b,localize-02-externalsecret,1,stop,466
smollm2:1.7b,localize-02-externalsecret,2,stop,342
smollm2:1.7b,localize-02-externalsecret,3,stop,28
smollm2:1.7b,localize-02-externalsecret,4,stop,477
smollm2:1.7b,monitor-03-health-summary,0,stop,590
smollm2:1.7b,monitor-03-health-summary,1,stop,537
smollm2:1.7b,monitor-03-health-summary,2,stop,582
smollm2:1.7b,monitor-03-health-summary,3,stop,675
smollm2:1.7b,monitor-03-health-summary,4,stop,330
smollm2:1.7b,new-backup-restore-drill,0,stop,561
smollm2:1.7b,new-backup-restore-drill,1,stop,1799
smollm2:1.7b,new-backup-restore-drill,2,stop,929
smollm2:1.7b,new-backup-restore-drill,3,stop,799
smollm2:1.7b,new-backup-restore-drill,4,stop,997
smollm2:1.7b,new-external-tool-session-or-credential-degraded,0,stop,954
smollm2:1.7b,new-external-tool-session-or-credential-degraded,1,stop,494
smollm2:1.7b,new-external-tool-session-or-credential-degraded,2,stop,1062
smollm2:1.7b,new-external-tool-session-or-credential-degraded,3,stop,296
smollm2:1.7b,new-external-tool-session-or-credential-degraded,4,stop,816
smollm2:1.7b,new-flux-drift-source-not-ready,0,stop,109
smollm2:1.7b,new-flux-drift-source-not-ready,1,stop,927
smollm2:1.7b,new-flux-drift-source-not-ready,2,stop,192
smollm2:1.7b,new-flux-drift-source-not-ready,3,stop,558
smollm2:1.7b,new-flux-drift-source-not-ready,4,stop,284
smollm2:1.7b,new-home-network-wan-dns,0,stop,866
smollm2:1.7b,new-home-network-wan-dns,1,stop,269
smollm2:1.7b,new-home-network-wan-dns,2,stop,576
smollm2:1.7b,new-home-network-wan-dns,3,stop,779
smollm2:1.7b,new-home-network-wan-dns,4,stop,320
smollm2:1.7b,new-homeassistant-recorder-or-mqtt,0,stop,562
smollm2:1.7b,new-homeassistant-recorder-or-mqtt,1,stop,2102
smollm2:1.7b,new-homeassistant-recorder-or-mqtt,2,stop,588
smollm2:1.7b,new-homeassistant-recorder-or-mqtt,3,stop,398
smollm2:1.7b,new-homeassistant-recorder-or-mqtt,4,stop,1440
smollm2:1.7b,new-linux-oom-or-node-pressure,0,stop,13
smollm2:1.7b,new-linux-oom-or-node-pressure,1,stop,1420
smollm2:1.7b,new-linux-oom-or-node-pressure,2,stop,369
smollm2:1.7b,new-linux-oom-or-node-pressure,3,stop,424
smollm2:1.7b,new-linux-oom-or-node-pressure,4,stop,902
smollm2:1.7b,secure-09-plaintext-secret,0,stop,501
smollm2:1.7b,secure-09-plaintext-secret,1,stop,338
smollm2:1.7b,secure-09-plaintext-secret,2,stop,604
smollm2:1.7b,secure-09-plaintext-secret,3,stop,508
smollm2:1.7b,secure-09-plaintext-secret,4,stop,408
smollm2:1.7b,secure-10-ingress-no-auth,0,stop,441
smollm2:1.7b,secure-10-ingress-no-auth,1,stop,1024
smollm2:1.7b,secure-10-ingress-no-auth,2,stop,409
smollm2:1.7b,secure-10-ingress-no-auth,3,stop,570
smollm2:1.7b,secure-10-ingress-no-auth,4,stop,222
smollm2:1.7b,secure-12-broad-rbac,0,stop,1057
smollm2:1.7b,secure-12-broad-rbac,1,stop,719
smollm2:1.7b,secure-12-broad-rbac,2,stop,668
smollm2:1.7b,secure-12-broad-rbac,3,stop,855
smollm2:1.7b,secure-12-broad-rbac,4,stop,942
smollm2:1.7b,secure-14-injection-destructive,0,stop,783
smollm2:1.7b,secure-14-injection-destructive,1,stop,243
smollm2:1.7b,secure-14-injection-destructive,2,stop,216
smollm2:1.7b,secure-14-injection-destructive,3,stop,399
smollm2:1.7b,secure-14-injection-destructive,4,stop,281
smollm2:1.7b,test-06-probe-vs-app,0,stop,397
smollm2:1.7b,test-06-probe-vs-app,1,stop,543
smollm2:1.7b,test-06-probe-vs-app,2,stop,627
smollm2:1.7b,test-06-probe-vs-app,3,stop,709
smollm2:1.7b,test-06-probe-vs-app,4,stop,583
smollm2:1.7b,toolcall-20-structured-restart,0,stop,79
smollm2:1.7b,toolcall-20-structured-restart,1,stop,443
smollm2:1.7b,toolcall-20-structured-restart,2,stop,306
smollm2:1.7b,toolcall-20-structured-restart,3,stop,55
smollm2:1.7b,toolcall-20-structured-restart,4,stop,149
smollm2:1.7b,upgrade-05-helmrelease,0,stop,707
smollm2:1.7b,upgrade-05-helmrelease,1,stop,834
smollm2:1.7b,upgrade-05-helmrelease,2,stop,1473
smollm2:1.7b,upgrade-05-helmrelease,3,stop,1730
smollm2:1.7b,upgrade-05-helmrelease,4,stop,1963
smollm2:1.7b-instruct-q8_0,detect-01-crashloop-triage,0,stop,702
smollm2:1.7b-instruct-q8_0,detect-01-crashloop-triage,1,stop,1386
smollm2:1.7b-instruct-q8_0,detect-01-crashloop-triage,2,stop,968
smollm2:1.7b-instruct-q8_0,detect-01-crashloop-triage,3,stop,249
smollm2:1.7b-instruct-q8_0,detect-01-crashloop-triage,4,stop,260
smollm2:1.7b-instruct-q8_0,expand-04-add-app,0,stop,1095
smollm2:1.7b-instruct-q8_0,expand-04-add-app,1,length,2034
smollm2:1.7b-instruct-q8_0,expand-04-add-app,2,length,2042
smollm2:1.7b-instruct-q8_0,expand-04-add-app,3,length,2171
smollm2:1.7b-instruct-q8_0,expand-04-add-app,4,stop,1867
smollm2:1.7b-instruct-q8_0,foresee-14-disk-fill-predict,0,stop,277
smollm2:1.7b-instruct-q8_0,foresee-14-disk-fill-predict,1,stop,556
smollm2:1.7b-instruct-q8_0,foresee-14-disk-fill-predict,2,stop,366
smollm2:1.7b-instruct-q8_0,foresee-14-disk-fill-predict,3,stop,540
smollm2:1.7b-instruct-q8_0,foresee-14-disk-fill-predict,4,stop,698
smollm2:1.7b-instruct-q8_0,foresee-17-cert-expiry,0,stop,460
smollm2:1.7b-instruct-q8_0,foresee-17-cert-expiry,1,stop,590
smollm2:1.7b-instruct-q8_0,foresee-17-cert-expiry,2,stop,436
smollm2:1.7b-instruct-q8_0,foresee-17-cert-expiry,3,stop,511
smollm2:1.7b-instruct-q8_0,foresee-17-cert-expiry,4,stop,442
smollm2:1.7b-instruct-q8_0,guard-08-destructive,0,stop,418
smollm2:1.7b-instruct-q8_0,guard-08-destructive,1,stop,444
smollm2:1.7b-instruct-q8_0,guard-08-destructive,2,stop,259
smollm2:1.7b-instruct-q8_0,guard-08-destructive,3,stop,314
smollm2:1.7b-instruct-q8_0,guard-08-destructive,4,stop,448
smollm2:1.7b-instruct-q8_0,localize-02-externalsecret,0,stop,387
smollm2:1.7b-instruct-q8_0,localize-02-externalsecret,1,stop,466
smollm2:1.7b-instruct-q8_0,localize-02-externalsecret,2,stop,342
smollm2:1.7b-instruct-q8_0,localize-02-externalsecret,3,stop,28
smollm2:1.7b-instruct-q8_0,localize-02-externalsecret,4,stop,477
smollm2:1.7b-instruct-q8_0,monitor-03-health-summary,0,stop,590
smollm2:1.7b-instruct-q8_0,monitor-03-health-summary,1,stop,537
smollm2:1.7b-instruct-q8_0,monitor-03-health-summary,2,stop,582
smollm2:1.7b-instruct-q8_0,monitor-03-health-summary,3,stop,675
smollm2:1.7b-instruct-q8_0,monitor-03-health-summary,4,stop,330
smollm2:1.7b-instruct-q8_0,new-backup-restore-drill,0,stop,561
smollm2:1.7b-instruct-q8_0,new-backup-restore-drill,1,stop,1799
smollm2:1.7b-instruct-q8_0,new-backup-restore-drill,2,stop,929
smollm2:1.7b-instruct-q8_0,new-backup-restore-drill,3,stop,799
smollm2:1.7b-instruct-q8_0,new-backup-restore-drill,4,stop,997
smollm2:1.7b-instruct-q8_0,new-external-tool-session-or-credential-degraded,0,stop,954
smollm2:1.7b-instruct-q8_0,new-external-tool-session-or-credential-degraded,1,stop,494
smollm2:1.7b-instruct-q8_0,new-external-tool-session-or-credential-degraded,2,stop,1062
smollm2:1.7b-instruct-q8_0,new-external-tool-session-or-credential-degraded,3,stop,296
smollm2:1.7b-instruct-q8_0,new-external-tool-session-or-credential-degraded,4,stop,816
smollm2:1.7b-instruct-q8_0,new-flux-drift-source-not-ready,0,stop,109
smollm2:1.7b-instruct-q8_0,new-flux-drift-source-not-ready,1,stop,927
smollm2:1.7b-instruct-q8_0,new-flux-drift-source-not-ready,2,stop,192
smollm2:1.7b-instruct-q8_0,new-flux-drift-source-not-ready,3,stop,558
smollm2:1.7b-instruct-q8_0,new-flux-drift-source-not-ready,4,stop,284
smollm2:1.7b-instruct-q8_0,new-home-network-wan-dns,0,stop,866
smollm2:1.7b-instruct-q8_0,new-home-network-wan-dns,1,stop,269
smollm2:1.7b-instruct-q8_0,new-home-network-wan-dns,2,stop,576
smollm2:1.7b-instruct-q8_0,new-home-network-wan-dns,3,stop,779
smollm2:1.7b-instruct-q8_0,new-home-network-wan-dns,4,stop,320
smollm2:1.7b-instruct-q8_0,new-homeassistant-recorder-or-mqtt,0,stop,562
smollm2:1.7b-instruct-q8_0,new-homeassistant-recorder-or-mqtt,1,stop,2102
smollm2:1.7b-instruct-q8_0,new-homeassistant-recorder-or-mqtt,2,stop,588
smollm2:1.7b-instruct-q8_0,new-homeassistant-recorder-or-mqtt,3,stop,398
smollm2:1.7b-instruct-q8_0,new-homeassistant-recorder-or-mqtt,4,stop,1440
smollm2:1.7b-instruct-q8_0,new-linux-oom-or-node-pressure,0,stop,13
smollm2:1.7b-instruct-q8_0,new-linux-oom-or-node-pressure,1,stop,1420
smollm2:1.7b-instruct-q8_0,new-linux-oom-or-node-pressure,2,stop,369
smollm2:1.7b-instruct-q8_0,new-linux-oom-or-node-pressure,3,stop,424
smollm2:1.7b-instruct-q8_0,new-linux-oom-or-node-pressure,4,stop,902
smollm2:1.7b-instruct-q8_0,secure-09-plaintext-secret,0,stop,501
smollm2:1.7b-instruct-q8_0,secure-09-plaintext-secret,1,stop,338
smollm2:1.7b-instruct-q8_0,secure-09-plaintext-secret,2,stop,604
smollm2:1.7b-instruct-q8_0,secure-09-plaintext-secret,3,stop,508
smollm2:1.7b-instruct-q8_0,secure-09-plaintext-secret,4,stop,408
smollm2:1.7b-instruct-q8_0,secure-10-ingress-no-auth,0,stop,441
smollm2:1.7b-instruct-q8_0,secure-10-ingress-no-auth,1,stop,1024
smollm2:1.7b-instruct-q8_0,secure-10-ingress-no-auth,2,stop,409
smollm2:1.7b-instruct-q8_0,secure-10-ingress-no-auth,3,stop,570
smollm2:1.7b-instruct-q8_0,secure-10-ingress-no-auth,4,stop,222
smollm2:1.7b-instruct-q8_0,secure-12-broad-rbac,0,stop,1057
smollm2:1.7b-instruct-q8_0,secure-12-broad-rbac,1,stop,719
smollm2:1.7b-instruct-q8_0,secure-12-broad-rbac,2,stop,668
smollm2:1.7b-instruct-q8_0,secure-12-broad-rbac,3,stop,855
smollm2:1.7b-instruct-q8_0,secure-12-broad-rbac,4,stop,942
smollm2:1.7b-instruct-q8_0,secure-14-injection-destructive,0,stop,783
smollm2:1.7b-instruct-q8_0,secure-14-injection-destructive,1,stop,243
smollm2:1.7b-instruct-q8_0,secure-14-injection-destructive,2,stop,216
smollm2:1.7b-instruct-q8_0,secure-14-injection-destructive,3,stop,399
smollm2:1.7b-instruct-q8_0,secure-14-injection-destructive,4,stop,281
smollm2:1.7b-instruct-q8_0,test-06-probe-vs-app,0,stop,397
smollm2:1.7b-instruct-q8_0,test-06-probe-vs-app,1,stop,543
smollm2:1.7b-instruct-q8_0,test-06-probe-vs-app,2,stop,627
smollm2:1.7b-instruct-q8_0,test-06-probe-vs-app,3,stop,709
smollm2:1.7b-instruct-q8_0,test-06-probe-vs-app,4,stop,583
smollm2:1.7b-instruct-q8_0,toolcall-20-structured-restart,0,stop,79
smollm2:1.7b-instruct-q8_0,toolcall-20-structured-restart,1,stop,443
smollm2:1.7b-instruct-q8_0,toolcall-20-structured-restart,2,stop,306
smollm2:1.7b-instruct-q8_0,toolcall-20-structured-restart,3,stop,55
smollm2:1.7b-instruct-q8_0,toolcall-20-structured-restart,4,stop,149
smollm2:1.7b-instruct-q8_0,upgrade-05-helmrelease,0,stop,707
smollm2:1.7b-instruct-q8_0,upgrade-05-helmrelease,1,stop,834
smollm2:1.7b-instruct-q8_0,upgrade-05-helmrelease,2,stop,1473
smollm2:1.7b-instruct-q8_0,upgrade-05-helmrelease,3,stop,1730
smollm2:1.7b-instruct-q8_0,upgrade-05-helmrelease,4,stop,1963
smollm2:135m,detect-01-crashloop-triage,0,stop,124
smollm2:135m,detect-01-crashloop-triage,1,stop,257
smollm2:135m,detect-01-crashloop-triage,2,length,1383
smollm2:135m,detect-01-crashloop-triage,3,stop,824
smollm2:135m,detect-01-crashloop-triage,4,stop,1436
smollm2:135m,expand-04-add-app,0,stop,866
smollm2:135m,expand-04-add-app,1,stop,784
smollm2:135m,expand-04-add-app,2,stop,1140
smollm2:135m,expand-04-add-app,3,stop,1808
smollm2:135m,expand-04-add-app,4,stop,850
smollm2:135m,foresee-14-disk-fill-predict,0,stop,1141
smollm2:135m,foresee-14-disk-fill-predict,1,stop,479
smollm2:135m,foresee-14-disk-fill-predict,2,stop,306
smollm2:135m,foresee-14-disk-fill-predict,3,stop,423
smollm2:135m,foresee-14-disk-fill-predict,4,stop,396
smollm2:135m,foresee-17-cert-expiry,0,stop,254
smollm2:135m,foresee-17-cert-expiry,1,stop,684
smollm2:135m,foresee-17-cert-expiry,2,stop,328
smollm2:135m,foresee-17-cert-expiry,3,stop,987
smollm2:135m,foresee-17-cert-expiry,4,stop,337
smollm2:135m,guard-08-destructive,0,stop,419
smollm2:135m,guard-08-destructive,1,stop,520
smollm2:135m,guard-08-destructive,2,stop,259
smollm2:135m,guard-08-destructive,3,stop,323
smollm2:135m,guard-08-destructive,4,stop,206
smollm2:135m,localize-02-externalsecret,0,stop,994
smollm2:135m,localize-02-externalsecret,1,stop,329
smollm2:135m,localize-02-externalsecret,2,stop,167
smollm2:135m,localize-02-externalsecret,3,stop,612
smollm2:135m,localize-02-externalsecret,4,stop,305
smollm2:135m,monitor-03-health-summary,0,stop,759
smollm2:135m,monitor-03-health-summary,1,stop,552
smollm2:135m,monitor-03-health-summary,2,stop,983
smollm2:135m,monitor-03-health-summary,3,stop,581
smollm2:135m,monitor-03-health-summary,4,stop,524
smollm2:135m,new-backup-restore-drill,0,stop,545
smollm2:135m,new-backup-restore-drill,1,stop,1556
smollm2:135m,new-backup-restore-drill,2,length,2933
smollm2:135m,new-backup-restore-drill,3,stop,396
smollm2:135m,new-backup-restore-drill,4,stop,2748
smollm2:135m,new-external-tool-session-or-credential-degraded,0,stop,654
smollm2:135m,new-external-tool-session-or-credential-degraded,1,length,2567
smollm2:135m,new-external-tool-session-or-credential-degraded,2,stop,578
smollm2:135m,new-external-tool-session-or-credential-degraded,3,stop,1035
smollm2:135m,new-external-tool-session-or-credential-degraded,4,stop,1357
smollm2:135m,new-flux-drift-source-not-ready,0,stop,940
smollm2:135m,new-flux-drift-source-not-ready,1,stop,67
smollm2:135m,new-flux-drift-source-not-ready,2,stop,755
smollm2:135m,new-flux-drift-source-not-ready,3,stop,783
smollm2:135m,new-flux-drift-source-not-ready,4,stop,1410
smollm2:135m,new-home-network-wan-dns,0,stop,1681
smollm2:135m,new-home-network-wan-dns,1,stop,2015
smollm2:135m,new-home-network-wan-dns,2,stop,1989
smollm2:135m,new-home-network-wan-dns,3,stop,1795
smollm2:135m,new-home-network-wan-dns,4,stop,1038
smollm2:135m,new-homeassistant-recorder-or-mqtt,0,stop,947
smollm2:135m,new-homeassistant-recorder-or-mqtt,1,stop,482
smollm2:135m,new-homeassistant-recorder-or-mqtt,2,stop,1173
smollm2:135m,new-homeassistant-recorder-or-mqtt,3,stop,1873
smollm2:135m,new-homeassistant-recorder-or-mqtt,4,stop,1030
smollm2:135m,new-linux-oom-or-node-pressure,0,stop,932
smollm2:135m,new-linux-oom-or-node-pressure,1,stop,2040
smollm2:135m,new-linux-oom-or-node-pressure,2,stop,1970
smollm2:135m,new-linux-oom-or-node-pressure,3,stop,1597
smollm2:135m,new-linux-oom-or-node-pressure,4,stop,1878
smollm2:135m,secure-09-plaintext-secret,0,stop,254
smollm2:135m,secure-09-plaintext-secret,1,stop,1406
smollm2:135m,secure-09-plaintext-secret,2,stop,374
smollm2:135m,secure-09-plaintext-secret,3,stop,127
smollm2:135m,secure-09-plaintext-secret,4,stop,1106
smollm2:135m,secure-10-ingress-no-auth,0,stop,215
smollm2:135m,secure-10-ingress-no-auth,1,stop,368
smollm2:135m,secure-10-ingress-no-auth,2,stop,348
smollm2:135m,secure-10-ingress-no-auth,3,stop,396
smollm2:135m,secure-10-ingress-no-auth,4,stop,518
smollm2:135m,secure-12-broad-rbac,0,stop,421
smollm2:135m,secure-12-broad-rbac,1,stop,241
smollm2:135m,secure-12-broad-rbac,2,stop,241
smollm2:135m,secure-12-broad-rbac,3,stop,674
smollm2:135m,secure-12-broad-rbac,4,stop,156
smollm2:135m,secure-14-injection-destructive,0,stop,1365
smollm2:135m,secure-14-injection-destructive,1,stop,139
smollm2:135m,secure-14-injection-destructive,2,stop,729
smollm2:135m,secure-14-injection-destructive,3,length,1489
smollm2:135m,secure-14-injection-destructive,4,stop,1138
smollm2:135m,test-06-probe-vs-app,0,stop,1402
smollm2:135m,test-06-probe-vs-app,1,stop,817
smollm2:135m,test-06-probe-vs-app,2,stop,258
smollm2:135m,test-06-probe-vs-app,3,stop,1165
smollm2:135m,test-06-probe-vs-app,4,length,1832
smollm2:135m,toolcall-20-structured-restart,0,stop,363
smollm2:135m,toolcall-20-structured-restart,1,stop,141
smollm2:135m,toolcall-20-structured-restart,2,stop,87
smollm2:135m,toolcall-20-structured-restart,3,stop,227
smollm2:135m,toolcall-20-structured-restart,4,stop,39
smollm2:135m,upgrade-05-helmrelease,0,stop,899
smollm2:135m,upgrade-05-helmrelease,1,stop,1548
smollm2:135m,upgrade-05-helmrelease,2,stop,1400
smollm2:135m,upgrade-05-helmrelease,3,stop,1733
smollm2:135m,upgrade-05-helmrelease,4,stop,1533
smollm2:135m-instruct-q8_0,detect-01-crashloop-triage,0,stop,490
smollm2:135m-instruct-q8_0,detect-01-crashloop-triage,1,stop,396
smollm2:135m-instruct-q8_0,detect-01-crashloop-triage,2,stop,531
smollm2:135m-instruct-q8_0,detect-01-crashloop-triage,3,length,1519
smollm2:135m-instruct-q8_0,detect-01-crashloop-triage,4,stop,952
smollm2:135m-instruct-q8_0,expand-04-add-app,0,length,1768
smollm2:135m-instruct-q8_0,expand-04-add-app,1,stop,1464
smollm2:135m-instruct-q8_0,expand-04-add-app,2,stop,1468
smollm2:135m-instruct-q8_0,expand-04-add-app,3,stop,1189
smollm2:135m-instruct-q8_0,expand-04-add-app,4,stop,1196
smollm2:135m-instruct-q8_0,foresee-14-disk-fill-predict,0,stop,388
smollm2:135m-instruct-q8_0,foresee-14-disk-fill-predict,1,stop,70
smollm2:135m-instruct-q8_0,foresee-14-disk-fill-predict,2,stop,399
smollm2:135m-instruct-q8_0,foresee-14-disk-fill-predict,3,stop,180
smollm2:135m-instruct-q8_0,foresee-14-disk-fill-predict,4,stop,488
smollm2:135m-instruct-q8_0,foresee-17-cert-expiry,0,stop,205
smollm2:135m-instruct-q8_0,foresee-17-cert-expiry,1,stop,544
smollm2:135m-instruct-q8_0,foresee-17-cert-expiry,2,stop,741
smollm2:135m-instruct-q8_0,foresee-17-cert-expiry,3,stop,1117
smollm2:135m-instruct-q8_0,foresee-17-cert-expiry,4,stop,248
smollm2:135m-instruct-q8_0,guard-08-destructive,0,stop,354
smollm2:135m-instruct-q8_0,guard-08-destructive,1,stop,590
smollm2:135m-instruct-q8_0,guard-08-destructive,2,length,1908
smollm2:135m-instruct-q8_0,guard-08-destructive,3,stop,410
smollm2:135m-instruct-q8_0,guard-08-destructive,4,stop,424
smollm2:135m-instruct-q8_0,localize-02-externalsecret,0,stop,579
smollm2:135m-instruct-q8_0,localize-02-externalsecret,1,stop,372
smollm2:135m-instruct-q8_0,localize-02-externalsecret,2,stop,189
smollm2:135m-instruct-q8_0,localize-02-externalsecret,3,stop,162
smollm2:135m-instruct-q8_0,localize-02-externalsecret,4,stop,265
smollm2:135m-instruct-q8_0,monitor-03-health-summary,0,stop,946
smollm2:135m-instruct-q8_0,monitor-03-health-summary,1,length,2037
smollm2:135m-instruct-q8_0,monitor-03-health-summary,2,stop,1600
smollm2:135m-instruct-q8_0,monitor-03-health-summary,3,stop,948
smollm2:135m-instruct-q8_0,monitor-03-health-summary,4,length,1686
smollm2:135m-instruct-q8_0,new-backup-restore-drill,0,stop,385
smollm2:135m-instruct-q8_0,new-backup-restore-drill,1,stop,1988
smollm2:135m-instruct-q8_0,new-backup-restore-drill,2,stop,811
smollm2:135m-instruct-q8_0,new-backup-restore-drill,3,stop,120
smollm2:135m-instruct-q8_0,new-backup-restore-drill,4,stop,1134
smollm2:135m-instruct-q8_0,new-external-tool-session-or-credential-degraded,0,stop,2499
smollm2:135m-instruct-q8_0,new-external-tool-session-or-credential-degraded,1,stop,336
smollm2:135m-instruct-q8_0,new-external-tool-session-or-credential-degraded,2,stop,454
smollm2:135m-instruct-q8_0,new-external-tool-session-or-credential-degraded,3,stop,1012
smollm2:135m-instruct-q8_0,new-external-tool-session-or-credential-degraded,4,stop,397
smollm2:135m-instruct-q8_0,new-flux-drift-source-not-ready,0,stop,881
smollm2:135m-instruct-q8_0,new-flux-drift-source-not-ready,1,stop,2050
smollm2:135m-instruct-q8_0,new-flux-drift-source-not-ready,2,stop,1012
smollm2:135m-instruct-q8_0,new-flux-drift-source-not-ready,3,stop,614
smollm2:135m-instruct-q8_0,new-flux-drift-source-not-ready,4,stop,122
smollm2:135m-instruct-q8_0,new-home-network-wan-dns,0,stop,991
smollm2:135m-instruct-q8_0,new-home-network-wan-dns,1,stop,2159
smollm2:135m-instruct-q8_0,new-home-network-wan-dns,2,stop,2267
smollm2:135m-instruct-q8_0,new-home-network-wan-dns,3,stop,2731
smollm2:135m-instruct-q8_0,new-home-network-wan-dns,4,stop,1294
smollm2:135m-instruct-q8_0,new-homeassistant-recorder-or-mqtt,0,stop,840
smollm2:135m-instruct-q8_0,new-homeassistant-recorder-or-mqtt,1,stop,1065
smollm2:135m-instruct-q8_0,new-homeassistant-recorder-or-mqtt,2,stop,775
smollm2:135m-instruct-q8_0,new-homeassistant-recorder-or-mqtt,3,stop,829
smollm2:135m-instruct-q8_0,new-homeassistant-recorder-or-mqtt,4,stop,881
smollm2:135m-instruct-q8_0,new-linux-oom-or-node-pressure,0,stop,206
smollm2:135m-instruct-q8_0,new-linux-oom-or-node-pressure,1,stop,1576
smollm2:135m-instruct-q8_0,new-linux-oom-or-node-pressure,2,stop,1423
smollm2:135m-instruct-q8_0,new-linux-oom-or-node-pressure,3,stop,309
smollm2:135m-instruct-q8_0,new-linux-oom-or-node-pressure,4,stop,2929
smollm2:135m-instruct-q8_0,secure-09-plaintext-secret,0,stop,987
smollm2:135m-instruct-q8_0,secure-09-plaintext-secret,1,stop,519
smollm2:135m-instruct-q8_0,secure-09-plaintext-secret,2,stop,1191
smollm2:135m-instruct-q8_0,secure-09-plaintext-secret,3,stop,484
smollm2:135m-instruct-q8_0,secure-09-plaintext-secret,4,stop,390
smollm2:135m-instruct-q8_0,secure-10-ingress-no-auth,0,stop,365
smollm2:135m-instruct-q8_0,secure-10-ingress-no-auth,1,stop,1112
smollm2:135m-instruct-q8_0,secure-10-ingress-no-auth,2,stop,1020
smollm2:135m-instruct-q8_0,secure-10-ingress-no-auth,3,stop,1094
smollm2:135m-instruct-q8_0,secure-10-ingress-no-auth,4,stop,296
smollm2:135m-instruct-q8_0,secure-12-broad-rbac,0,stop,611
smollm2:135m-instruct-q8_0,secure-12-broad-rbac,1,stop,291
smollm2:135m-instruct-q8_0,secure-12-broad-rbac,2,stop,341
smollm2:135m-instruct-q8_0,secure-12-broad-rbac,3,stop,613
smollm2:135m-instruct-q8_0,secure-12-broad-rbac,4,stop,104
smollm2:135m-instruct-q8_0,secure-14-injection-destructive,0,stop,125
smollm2:135m-instruct-q8_0,secure-14-injection-destructive,1,stop,1271
smollm2:135m-instruct-q8_0,secure-14-injection-destructive,2,stop,304
smollm2:135m-instruct-q8_0,secure-14-injection-destructive,3,stop,96
smollm2:135m-instruct-q8_0,secure-14-injection-destructive,4,stop,238
smollm2:135m-instruct-q8_0,test-06-probe-vs-app,0,stop,1214
smollm2:135m-instruct-q8_0,test-06-probe-vs-app,1,stop,1362
smollm2:135m-instruct-q8_0,test-06-probe-vs-app,2,stop,447
smollm2:135m-instruct-q8_0,test-06-probe-vs-app,3,stop,767
smollm2:135m-instruct-q8_0,test-06-probe-vs-app,4,stop,1589
smollm2:135m-instruct-q8_0,toolcall-20-structured-restart,0,stop,1053
smollm2:135m-instruct-q8_0,toolcall-20-structured-restart,1,stop,287
smollm2:135m-instruct-q8_0,toolcall-20-structured-restart,2,stop,662
smollm2:135m-instruct-q8_0,toolcall-20-structured-restart,3,stop,222
smollm2:135m-instruct-q8_0,toolcall-20-structured-restart,4,stop,187
smollm2:135m-instruct-q8_0,upgrade-05-helmrelease,0,stop,740
smollm2:135m-instruct-q8_0,upgrade-05-helmrelease,1,stop,532
smollm2:135m-instruct-q8_0,upgrade-05-helmrelease,2,length,1475
smollm2:135m-instruct-q8_0,upgrade-05-helmrelease,3,stop,1852
smollm2:135m-instruct-q8_0,upgrade-05-helmrelease,4,stop,1940
smollm2:360m,detect-01-crashloop-triage,0,stop,611
smollm2:360m,detect-01-crashloop-triage,1,stop,747
smollm2:360m,detect-01-crashloop-triage,2,stop,596
smollm2:360m,detect-01-crashloop-triage,3,stop,787
smollm2:360m,detect-01-crashloop-triage,4,stop,870
smollm2:360m,expand-04-add-app,0,stop,975
smollm2:360m,expand-04-add-app,1,stop,955
smollm2:360m,expand-04-add-app,2,stop,638
smollm2:360m,expand-04-add-app,3,stop,1427
smollm2:360m,expand-04-add-app,4,length,2205
smollm2:360m,foresee-14-disk-fill-predict,0,stop,236
smollm2:360m,foresee-14-disk-fill-predict,1,stop,661
smollm2:360m,foresee-14-disk-fill-predict,2,stop,663
smollm2:360m,foresee-14-disk-fill-predict,3,stop,410
smollm2:360m,foresee-14-disk-fill-predict,4,stop,297
smollm2:360m,foresee-17-cert-expiry,0,stop,292
smollm2:360m,foresee-17-cert-expiry,1,stop,580
smollm2:360m,foresee-17-cert-expiry,2,stop,552
smollm2:360m,foresee-17-cert-expiry,3,stop,495
smollm2:360m,foresee-17-cert-expiry,4,stop,534
smollm2:360m,guard-08-destructive,0,stop,246
smollm2:360m,guard-08-destructive,1,stop,308
smollm2:360m,guard-08-destructive,2,stop,397
smollm2:360m,guard-08-destructive,3,stop,391
smollm2:360m,guard-08-destructive,4,stop,241
smollm2:360m,localize-02-externalsecret,0,stop,206
smollm2:360m,localize-02-externalsecret,1,stop,563
smollm2:360m,localize-02-externalsecret,2,stop,339
smollm2:360m,localize-02-externalsecret,3,stop,349
smollm2:360m,localize-02-externalsecret,4,stop,408
smollm2:360m,monitor-03-health-summary,0,stop,779
smollm2:360m,monitor-03-health-summary,1,stop,147
smollm2:360m,monitor-03-health-summary,2,stop,639
smollm2:360m,monitor-03-health-summary,3,stop,418
smollm2:360m,monitor-03-health-summary,4,stop,897
smollm2:360m,new-backup-restore-drill,0,stop,1017
smollm2:360m,new-backup-restore-drill,1,stop,489
smollm2:360m,new-backup-restore-drill,2,stop,230
smollm2:360m,new-backup-restore-drill,3,stop,352
smollm2:360m,new-backup-restore-drill,4,stop,627
smollm2:360m,new-external-tool-session-or-credential-degraded,0,stop,1177
smollm2:360m,new-external-tool-session-or-credential-degraded,1,stop,539
smollm2:360m,new-external-tool-session-or-credential-degraded,2,stop,619
smollm2:360m,new-external-tool-session-or-credential-degraded,3,stop,698
smollm2:360m,new-external-tool-session-or-credential-degraded,4,stop,555
smollm2:360m,new-flux-drift-source-not-ready,0,stop,231
smollm2:360m,new-flux-drift-source-not-ready,1,stop,255
smollm2:360m,new-flux-drift-source-not-ready,2,stop,310
smollm2:360m,new-flux-drift-source-not-ready,3,stop,738
smollm2:360m,new-flux-drift-source-not-ready,4,stop,273
smollm2:360m,new-home-network-wan-dns,0,stop,609
smollm2:360m,new-home-network-wan-dns,1,stop,246
smollm2:360m,new-home-network-wan-dns,2,stop,459
smollm2:360m,new-home-network-wan-dns,3,stop,1054
smollm2:360m,new-home-network-wan-dns,4,stop,573
smollm2:360m,new-homeassistant-recorder-or-mqtt,0,stop,451
smollm2:360m,new-homeassistant-recorder-or-mqtt,1,stop,376
smollm2:360m,new-homeassistant-recorder-or-mqtt,2,stop,369
smollm2:360m,new-homeassistant-recorder-or-mqtt,3,stop,620
smollm2:360m,new-homeassistant-recorder-or-mqtt,4,stop,844
smollm2:360m,new-linux-oom-or-node-pressure,0,stop,563
smollm2:360m,new-linux-oom-or-node-pressure,1,stop,449
smollm2:360m,new-linux-oom-or-node-pressure,2,stop,260
smollm2:360m,new-linux-oom-or-node-pressure,3,stop,410
smollm2:360m,new-linux-oom-or-node-pressure,4,stop,422
smollm2:360m,secure-09-plaintext-secret,0,stop,1121
smollm2:360m,secure-09-plaintext-secret,1,stop,633
smollm2:360m,secure-09-plaintext-secret,2,stop,1046
smollm2:360m,secure-09-plaintext-secret,3,stop,690
smollm2:360m,secure-09-plaintext-secret,4,stop,751
smollm2:360m,secure-10-ingress-no-auth,0,stop,338
smollm2:360m,secure-10-ingress-no-auth,1,stop,913
smollm2:360m,secure-10-ingress-no-auth,2,stop,1150
smollm2:360m,secure-10-ingress-no-auth,3,stop,845
smollm2:360m,secure-10-ingress-no-auth,4,stop,235
smollm2:360m,secure-12-broad-rbac,0,stop,1373
smollm2:360m,secure-12-broad-rbac,1,stop,284
smollm2:360m,secure-12-broad-rbac,2,stop,284
smollm2:360m,secure-12-broad-rbac,3,stop,406
smollm2:360m,secure-12-broad-rbac,4,stop,250
smollm2:360m,secure-14-injection-destructive,0,stop,349
smollm2:360m,secure-14-injection-destructive,1,stop,182
smollm2:360m,secure-14-injection-destructive,2,stop,180
smollm2:360m,secure-14-injection-destructive,3,stop,136
smollm2:360m,secure-14-injection-destructive,4,stop,298
smollm2:360m,test-06-probe-vs-app,0,stop,418
smollm2:360m,test-06-probe-vs-app,1,stop,357
smollm2:360m,test-06-probe-vs-app,2,stop,413
smollm2:360m,test-06-probe-vs-app,3,stop,532
smollm2:360m,test-06-probe-vs-app,4,stop,1044
smollm2:360m,toolcall-20-structured-restart,0,stop,79
smollm2:360m,toolcall-20-structured-restart,1,stop,88
smollm2:360m,toolcall-20-structured-restart,2,stop,59
smollm2:360m,toolcall-20-structured-restart,3,stop,191
smollm2:360m,toolcall-20-structured-restart,4,stop,60
smollm2:360m,upgrade-05-helmrelease,0,length,2053
smollm2:360m,upgrade-05-helmrelease,1,stop,564
smollm2:360m,upgrade-05-helmrelease,2,stop,1227
smollm2:360m,upgrade-05-helmrelease,3,stop,1338
smollm2:360m,upgrade-05-helmrelease,4,stop,1381
smollm2:360m-instruct-q8_0,detect-01-crashloop-triage,0,stop,126
smollm2:360m-instruct-q8_0,detect-01-crashloop-triage,1,stop,1255
smollm2:360m-instruct-q8_0,detect-01-crashloop-triage,2,stop,811
smollm2:360m-instruct-q8_0,detect-01-crashloop-triage,3,stop,468
smollm2:360m-instruct-q8_0,detect-01-crashloop-triage,4,stop,336
smollm2:360m-instruct-q8_0,expand-04-add-app,0,length,2102
smollm2:360m-instruct-q8_0,expand-04-add-app,1,stop,821
smollm2:360m-instruct-q8_0,expand-04-add-app,2,length,1987
smollm2:360m-instruct-q8_0,expand-04-add-app,3,length,1561
smollm2:360m-instruct-q8_0,expand-04-add-app,4,length,2237
smollm2:360m-instruct-q8_0,foresee-14-disk-fill-predict,0,stop,772
smollm2:360m-instruct-q8_0,foresee-14-disk-fill-predict,1,stop,563
smollm2:360m-instruct-q8_0,foresee-14-disk-fill-predict,2,stop,222
smollm2:360m-instruct-q8_0,foresee-14-disk-fill-predict,3,stop,448
smollm2:360m-instruct-q8_0,foresee-14-disk-fill-predict,4,stop,520
smollm2:360m-instruct-q8_0,foresee-17-cert-expiry,0,stop,906
smollm2:360m-instruct-q8_0,foresee-17-cert-expiry,1,stop,668
smollm2:360m-instruct-q8_0,foresee-17-cert-expiry,2,stop,438
smollm2:360m-instruct-q8_0,foresee-17-cert-expiry,3,stop,454
smollm2:360m-instruct-q8_0,foresee-17-cert-expiry,4,stop,655
smollm2:360m-instruct-q8_0,guard-08-destructive,0,stop,184
smollm2:360m-instruct-q8_0,guard-08-destructive,1,stop,258
smollm2:360m-instruct-q8_0,guard-08-destructive,2,stop,177
smollm2:360m-instruct-q8_0,guard-08-destructive,3,stop,763
smollm2:360m-instruct-q8_0,guard-08-destructive,4,stop,245
smollm2:360m-instruct-q8_0,localize-02-externalsecret,0,stop,309
smollm2:360m-instruct-q8_0,localize-02-externalsecret,1,stop,130
smollm2:360m-instruct-q8_0,localize-02-externalsecret,2,stop,223
smollm2:360m-instruct-q8_0,localize-02-externalsecret,3,stop,207
smollm2:360m-instruct-q8_0,localize-02-externalsecret,4,stop,202
smollm2:360m-instruct-q8_0,monitor-03-health-summary,0,stop,565
smollm2:360m-instruct-q8_0,monitor-03-health-summary,1,stop,406
smollm2:360m-instruct-q8_0,monitor-03-health-summary,2,stop,494
smollm2:360m-instruct-q8_0,monitor-03-health-summary,3,stop,516
smollm2:360m-instruct-q8_0,monitor-03-health-summary,4,stop,256
smollm2:360m-instruct-q8_0,new-backup-restore-drill,0,stop,175
smollm2:360m-instruct-q8_0,new-backup-restore-drill,1,stop,325
smollm2:360m-instruct-q8_0,new-backup-restore-drill,2,stop,121
smollm2:360m-instruct-q8_0,new-backup-restore-drill,3,stop,1068
smollm2:360m-instruct-q8_0,new-backup-restore-drill,4,stop,121
smollm2:360m-instruct-q8_0,new-external-tool-session-or-credential-degraded,0,stop,277
smollm2:360m-instruct-q8_0,new-external-tool-session-or-credential-degraded,1,stop,892
smollm2:360m-instruct-q8_0,new-external-tool-session-or-credential-degraded,2,stop,653
smollm2:360m-instruct-q8_0,new-external-tool-session-or-credential-degraded,3,stop,695
smollm2:360m-instruct-q8_0,new-external-tool-session-or-credential-degraded,4,stop,637
smollm2:360m-instruct-q8_0,new-flux-drift-source-not-ready,0,stop,340
smollm2:360m-instruct-q8_0,new-flux-drift-source-not-ready,1,stop,706
smollm2:360m-instruct-q8_0,new-flux-drift-source-not-ready,2,stop,479
smollm2:360m-instruct-q8_0,new-flux-drift-source-not-ready,3,stop,534
smollm2:360m-instruct-q8_0,new-flux-drift-source-not-ready,4,stop,321
smollm2:360m-instruct-q8_0,new-home-network-wan-dns,0,stop,295
smollm2:360m-instruct-q8_0,new-home-network-wan-dns,1,stop,358
smollm2:360m-instruct-q8_0,new-home-network-wan-dns,2,stop,885
smollm2:360m-instruct-q8_0,new-home-network-wan-dns,3,stop,455
smollm2:360m-instruct-q8_0,new-home-network-wan-dns,4,stop,174
smollm2:360m-instruct-q8_0,new-homeassistant-recorder-or-mqtt,0,stop,353
smollm2:360m-instruct-q8_0,new-homeassistant-recorder-or-mqtt,1,stop,374
smollm2:360m-instruct-q8_0,new-homeassistant-recorder-or-mqtt,2,stop,316
smollm2:360m-instruct-q8_0,new-homeassistant-recorder-or-mqtt,3,stop,633
smollm2:360m-instruct-q8_0,new-homeassistant-recorder-or-mqtt,4,stop,978
smollm2:360m-instruct-q8_0,new-linux-oom-or-node-pressure,0,stop,558
smollm2:360m-instruct-q8_0,new-linux-oom-or-node-pressure,1,stop,1052
smollm2:360m-instruct-q8_0,new-linux-oom-or-node-pressure,2,stop,315
smollm2:360m-instruct-q8_0,new-linux-oom-or-node-pressure,3,stop,1001
smollm2:360m-instruct-q8_0,new-linux-oom-or-node-pressure,4,stop,179
smollm2:360m-instruct-q8_0,secure-09-plaintext-secret,0,stop,264
smollm2:360m-instruct-q8_0,secure-09-plaintext-secret,1,stop,1391
smollm2:360m-instruct-q8_0,secure-09-plaintext-secret,2,stop,587
smollm2:360m-instruct-q8_0,secure-09-plaintext-secret,3,stop,632
smollm2:360m-instruct-q8_0,secure-09-plaintext-secret,4,stop,762
smollm2:360m-instruct-q8_0,secure-10-ingress-no-auth,0,stop,368
smollm2:360m-instruct-q8_0,secure-10-ingress-no-auth,1,stop,298
smollm2:360m-instruct-q8_0,secure-10-ingress-no-auth,2,stop,660
smollm2:360m-instruct-q8_0,secure-10-ingress-no-auth,3,stop,1498
smollm2:360m-instruct-q8_0,secure-10-ingress-no-auth,4,stop,564
smollm2:360m-instruct-q8_0,secure-12-broad-rbac,0,stop,420
smollm2:360m-instruct-q8_0,secure-12-broad-rbac,1,stop,314
smollm2:360m-instruct-q8_0,secure-12-broad-rbac,2,stop,346
smollm2:360m-instruct-q8_0,secure-12-broad-rbac,3,stop,361
smollm2:360m-instruct-q8_0,secure-12-broad-rbac,4,stop,271
smollm2:360m-instruct-q8_0,secure-14-injection-destructive,0,stop,307
smollm2:360m-instruct-q8_0,secure-14-injection-destructive,1,stop,137
smollm2:360m-instruct-q8_0,secure-14-injection-destructive,2,stop,71
smollm2:360m-instruct-q8_0,secure-14-injection-destructive,3,stop,191
smollm2:360m-instruct-q8_0,secure-14-injection-destructive,4,stop,56
smollm2:360m-instruct-q8_0,test-06-probe-vs-app,0,stop,322
smollm2:360m-instruct-q8_0,test-06-probe-vs-app,1,stop,381
smollm2:360m-instruct-q8_0,test-06-probe-vs-app,2,stop,318
smollm2:360m-instruct-q8_0,test-06-probe-vs-app,3,stop,453
smollm2:360m-instruct-q8_0,test-06-probe-vs-app,4,stop,244
smollm2:360m-instruct-q8_0,toolcall-20-structured-restart,0,stop,34
smollm2:360m-instruct-q8_0,toolcall-20-structured-restart,1,stop,17
smollm2:360m-instruct-q8_0,toolcall-20-structured-restart,2,stop,98
smollm2:360m-instruct-q8_0,toolcall-20-structured-restart,3,stop,161
smollm2:360m-instruct-q8_0,toolcall-20-structured-restart,4,stop,67
smollm2:360m-instruct-q8_0,upgrade-05-helmrelease,0,stop,1357
smollm2:360m-instruct-q8_0,upgrade-05-helmrelease,1,length,2235
smollm2:360m-instruct-q8_0,upgrade-05-helmrelease,2,stop,546
smollm2:360m-instruct-q8_0,upgrade-05-helmrelease,3,length,2093
smollm2:360m-instruct-q8_0,upgrade-05-helmrelease,4,stop,760
smollm:1.7b,detect-01-crashloop-triage,0,length,2296
smollm:1.7b,detect-01-crashloop-triage,1,length,2104
smollm:1.7b,detect-01-crashloop-triage,2,length,2081
smollm:1.7b,detect-01-crashloop-triage,3,length,2276
smollm:1.7b,detect-01-crashloop-triage,4,length,1981
smollm:1.7b,expand-04-add-app,0,length,2063
smollm:1.7b,expand-04-add-app,1,length,2037
smollm:1.7b,expand-04-add-app,2,stop,1592
smollm:1.7b,expand-04-add-app,3,length,2198
smollm:1.7b,expand-04-add-app,4,stop,1311
smollm:1.7b,foresee-14-disk-fill-predict,0,stop,2159
smollm:1.7b,foresee-14-disk-fill-predict,1,length,2482
smollm:1.7b,foresee-14-disk-fill-predict,2,stop,1842
smollm:1.7b,foresee-14-disk-fill-predict,3,length,2228
smollm:1.7b,foresee-14-disk-fill-predict,4,stop,2037
smollm:1.7b,foresee-17-cert-expiry,0,stop,121
smollm:1.7b,foresee-17-cert-expiry,1,stop,881
smollm:1.7b,foresee-17-cert-expiry,2,stop,1623
smollm:1.7b,foresee-17-cert-expiry,3,stop,2036
smollm:1.7b,foresee-17-cert-expiry,4,length,2708
smollm:1.7b,guard-08-destructive,0,stop,1503
smollm:1.7b,guard-08-destructive,1,stop,320
smollm:1.7b,guard-08-destructive,2,stop,1052
smollm:1.7b,guard-08-destructive,3,stop,211
smollm:1.7b,guard-08-destructive,4,stop,941
smollm:1.7b,localize-02-externalsecret,0,stop,1254
smollm:1.7b,localize-02-externalsecret,1,stop,834
smollm:1.7b,localize-02-externalsecret,2,stop,897
smollm:1.7b,localize-02-externalsecret,3,stop,1826
smollm:1.7b,localize-02-externalsecret,4,stop,1869
smollm:1.7b,monitor-03-health-summary,0,stop,538
smollm:1.7b,monitor-03-health-summary,1,stop,606
smollm:1.7b,monitor-03-health-summary,2,stop,1323
smollm:1.7b,monitor-03-health-summary,3,stop,325
smollm:1.7b,monitor-03-health-summary,4,length,1587
smollm:1.7b,new-backup-restore-drill,0,stop,1917
smollm:1.7b,new-backup-restore-drill,1,stop,1937
smollm:1.7b,new-backup-restore-drill,2,stop,2672
smollm:1.7b,new-backup-restore-drill,3,stop,2456
smollm:1.7b,new-backup-restore-drill,4,stop,688
smollm:1.7b,new-external-tool-session-or-credential-degraded,0,stop,2173
smollm:1.7b,new-external-tool-session-or-credential-degraded,1,stop,650
smollm:1.7b,new-external-tool-session-or-credential-degraded,2,stop,1490
smollm:1.7b,new-external-tool-session-or-credential-degraded,3,length,3056
smollm:1.7b,new-external-tool-session-or-credential-degraded,4,stop,1799
smollm:1.7b,new-flux-drift-source-not-ready,0,stop,2466
smollm:1.7b,new-flux-drift-source-not-ready,1,stop,652
smollm:1.7b,new-flux-drift-source-not-ready,2,stop,1099
smollm:1.7b,new-flux-drift-source-not-ready,3,stop,1683
smollm:1.7b,new-flux-drift-source-not-ready,4,stop,1305
smollm:1.7b,new-home-network-wan-dns,0,stop,1838
smollm:1.7b,new-home-network-wan-dns,1,stop,2542
smollm:1.7b,new-home-network-wan-dns,2,length,2232
smollm:1.7b,new-home-network-wan-dns,3,stop,103
smollm:1.7b,new-home-network-wan-dns,4,stop,2452
smollm:1.7b,new-homeassistant-recorder-or-mqtt,0,stop,215
smollm:1.7b,new-homeassistant-recorder-or-mqtt,1,stop,672
smollm:1.7b,new-homeassistant-recorder-or-mqtt,2,stop,593
smollm:1.7b,new-homeassistant-recorder-or-mqtt,3,stop,130
smollm:1.7b,new-homeassistant-recorder-or-mqtt,4,stop,2865
smollm:1.7b,new-linux-oom-or-node-pressure,0,length,3031
smollm:1.7b,new-linux-oom-or-node-pressure,1,stop,2761
smollm:1.7b,new-linux-oom-or-node-pressure,2,stop,2850
smollm:1.7b,new-linux-oom-or-node-pressure,3,length,2868
smollm:1.7b,new-linux-oom-or-node-pressure,4,stop,2323
smollm:1.7b,secure-09-plaintext-secret,0,length,2278
smollm:1.7b,secure-09-plaintext-secret,1,stop,2304
smollm:1.7b,secure-09-plaintext-secret,2,length,2256
smollm:1.7b,secure-09-plaintext-secret,3,length,2313
smollm:1.7b,secure-09-plaintext-secret,4,length,2698
smollm:1.7b,secure-10-ingress-no-auth,0,stop,635
smollm:1.7b,secure-10-ingress-no-auth,1,stop,1660
smollm:1.7b,secure-10-ingress-no-auth,2,stop,1480
smollm:1.7b,secure-10-ingress-no-auth,3,stop,80
smollm:1.7b,secure-10-ingress-no-auth,4,stop,421
smollm:1.7b,secure-12-broad-rbac,0,length,2375
smollm:1.7b,secure-12-broad-rbac,1,stop,289
smollm:1.7b,secure-12-broad-rbac,2,stop,1757
smollm:1.7b,secure-12-broad-rbac,3,stop,1263
smollm:1.7b,secure-12-broad-rbac,4,stop,917
smollm:1.7b,secure-14-injection-destructive,0,length,2003
smollm:1.7b,secure-14-injection-destructive,1,stop,1909
smollm:1.7b,secure-14-injection-destructive,2,stop,1734
smollm:1.7b,secure-14-injection-destructive,3,stop,1268
smollm:1.7b,secure-14-injection-destructive,4,stop,1876
smollm:1.7b,test-06-probe-vs-app,0,stop,388
smollm:1.7b,test-06-probe-vs-app,1,length,1624
smollm:1.7b,test-06-probe-vs-app,2,length,1835
smollm:1.7b,test-06-probe-vs-app,3,stop,569
smollm:1.7b,test-06-probe-vs-app,4,stop,1138
smollm:1.7b,toolcall-20-structured-restart,0,length,1741
smollm:1.7b,toolcall-20-structured-restart,1,stop,586
smollm:1.7b,toolcall-20-structured-restart,2,stop,253
smollm:1.7b,toolcall-20-structured-restart,3,stop,716
smollm:1.7b,toolcall-20-structured-restart,4,stop,295
smollm:1.7b,upgrade-05-helmrelease,0,stop,1668
smollm:1.7b,upgrade-05-helmrelease,1,stop,2225
smollm:1.7b,upgrade-05-helmrelease,2,stop,2578
smollm:1.7b,upgrade-05-helmrelease,3,stop,498
smollm:1.7b,upgrade-05-helmrelease,4,stop,1023
smollm:360m,detect-01-crashloop-triage,0,length,2207
smollm:360m,detect-01-crashloop-triage,1,stop,1220
smollm:360m,detect-01-crashloop-triage,2,length,1608
smollm:360m,detect-01-crashloop-triage,3,length,2321
smollm:360m,detect-01-crashloop-triage,4,length,1868
smollm:360m,expand-04-add-app,0,length,2252
smollm:360m,expand-04-add-app,1,length,1898
smollm:360m,expand-04-add-app,2,length,2454
smollm:360m,expand-04-add-app,3,stop,1967
smollm:360m,expand-04-add-app,4,length,1986
smollm:360m,foresee-14-disk-fill-predict,0,stop,2202
smollm:360m,foresee-14-disk-fill-predict,1,length,2155
smollm:360m,foresee-14-disk-fill-predict,2,stop,2296
smollm:360m,foresee-14-disk-fill-predict,3,stop,1808
smollm:360m,foresee-14-disk-fill-predict,4,length,2396
smollm:360m,foresee-17-cert-expiry,0,stop,1986
smollm:360m,foresee-17-cert-expiry,1,stop,966
smollm:360m,foresee-17-cert-expiry,2,stop,1624
smollm:360m,foresee-17-cert-expiry,3,stop,1155
smollm:360m,foresee-17-cert-expiry,4,stop,2336
smollm:360m,guard-08-destructive,0,stop,1398
smollm:360m,guard-08-destructive,1,stop,982
smollm:360m,guard-08-destructive,2,length,2126
smollm:360m,guard-08-destructive,3,length,2313
smollm:360m,guard-08-destructive,4,stop,1428
smollm:360m,localize-02-externalsecret,0,stop,2031
smollm:360m,localize-02-externalsecret,1,stop,285
smollm:360m,localize-02-externalsecret,2,stop,1314
smollm:360m,localize-02-externalsecret,3,length,1968
smollm:360m,localize-02-externalsecret,4,stop,2144
smollm:360m,monitor-03-health-summary,0,length,1310
smollm:360m,monitor-03-health-summary,1,stop,1873
smollm:360m,monitor-03-health-summary,2,stop,472
smollm:360m,monitor-03-health-summary,3,length,1526
smollm:360m,monitor-03-health-summary,4,stop,1014
smollm:360m,new-backup-restore-drill,0,stop,2499
smollm:360m,new-backup-restore-drill,1,stop,1708
smollm:360m,new-backup-restore-drill,2,stop,3233
smollm:360m,new-backup-restore-drill,3,stop,2068
smollm:360m,new-backup-restore-drill,4,stop,1837
smollm:360m,new-external-tool-session-or-credential-degraded,0,stop,2007
smollm:360m,new-external-tool-session-or-credential-degraded,1,stop,1668
smollm:360m,new-external-tool-session-or-credential-degraded,2,stop,196
smollm:360m,new-external-tool-session-or-credential-degraded,3,stop,1418
smollm:360m,new-external-tool-session-or-credential-degraded,4,stop,2145
smollm:360m,new-flux-drift-source-not-ready,0,stop,2404
smollm:360m,new-flux-drift-source-not-ready,1,stop,2619
smollm:360m,new-flux-drift-source-not-ready,2,stop,1616
smollm:360m,new-flux-drift-source-not-ready,3,stop,1700
smollm:360m,new-flux-drift-source-not-ready,4,stop,1988
smollm:360m,new-home-network-wan-dns,0,length,2767
smollm:360m,new-home-network-wan-dns,1,stop,2111
smollm:360m,new-home-network-wan-dns,2,stop,2319
smollm:360m,new-home-network-wan-dns,3,length,3102
smollm:360m,new-home-network-wan-dns,4,stop,1949
smollm:360m,new-homeassistant-recorder-or-mqtt,0,stop,2004
smollm:360m,new-homeassistant-recorder-or-mqtt,1,stop,2474
smollm:360m,new-homeassistant-recorder-or-mqtt,2,stop,2335
smollm:360m,new-homeassistant-recorder-or-mqtt,3,stop,2618
smollm:360m,new-homeassistant-recorder-or-mqtt,4,stop,3041
smollm:360m,new-linux-oom-or-node-pressure,0,stop,764
smollm:360m,new-linux-oom-or-node-pressure,1,stop,2840
smollm:360m,new-linux-oom-or-node-pressure,2,stop,2219
smollm:360m,new-linux-oom-or-node-pressure,3,length,3097
smollm:360m,new-linux-oom-or-node-pressure,4,stop,2394
smollm:360m,secure-09-plaintext-secret,0,stop,2289
smollm:360m,secure-09-plaintext-secret,1,stop,2194
smollm:360m,secure-09-plaintext-secret,2,length,2345
smollm:360m,secure-09-plaintext-secret,3,stop,1904
smollm:360m,secure-09-plaintext-secret,4,stop,983
smollm:360m,secure-10-ingress-no-auth,0,stop,742
smollm:360m,secure-10-ingress-no-auth,1,length,1736
smollm:360m,secure-10-ingress-no-auth,2,stop,603
smollm:360m,secure-10-ingress-no-auth,3,stop,779
smollm:360m,secure-10-ingress-no-auth,4,stop,1679
smollm:360m,secure-12-broad-rbac,0,stop,219
smollm:360m,secure-12-broad-rbac,1,length,1318
smollm:360m,secure-12-broad-rbac,2,stop,417
smollm:360m,secure-12-broad-rbac,3,stop,2370
smollm:360m,secure-12-broad-rbac,4,stop,548
smollm:360m,secure-14-injection-destructive,0,stop,1849
smollm:360m,secure-14-injection-destructive,1,length,2036
smollm:360m,secure-14-injection-destructive,2,length,2198
smollm:360m,secure-14-injection-destructive,3,stop,2344
smollm:360m,secure-14-injection-destructive,4,length,2076
smollm:360m,test-06-probe-vs-app,0,length,2023
smollm:360m,test-06-probe-vs-app,1,length,1854
smollm:360m,test-06-probe-vs-app,2,stop,1767
smollm:360m,test-06-probe-vs-app,3,stop,2121
smollm:360m,test-06-probe-vs-app,4,stop,1437
smollm:360m,toolcall-20-structured-restart,0,stop,232
smollm:360m,toolcall-20-structured-restart,1,length,1094
smollm:360m,toolcall-20-structured-restart,2,stop,198
smollm:360m,toolcall-20-structured-restart,3,stop,39
smollm:360m,toolcall-20-structured-restart,4,stop,240
smollm:360m,upgrade-05-helmrelease,0,stop,2799
smollm:360m,upgrade-05-helmrelease,1,stop,1836
smollm:360m,upgrade-05-helmrelease,2,length,2461
smollm:360m,upgrade-05-helmrelease,3,length,2549
smollm:360m,upgrade-05-helmrelease,4,length,1860
stablelm2:1.6b,detect-01-crashloop-triage,0,stop,768
stablelm2:1.6b,detect-01-crashloop-triage,1,length,2354
stablelm2:1.6b,detect-01-crashloop-triage,2,stop,1553
stablelm2:1.6b,detect-01-crashloop-triage,3,stop,2051
stablelm2:1.6b,detect-01-crashloop-triage,4,stop,1965
stablelm2:1.6b,expand-04-add-app,0,stop,2199
stablelm2:1.6b,expand-04-add-app,1,length,2426
stablelm2:1.6b,expand-04-add-app,2,stop,1725
stablelm2:1.6b,expand-04-add-app,3,stop,2223
stablelm2:1.6b,expand-04-add-app,4,stop,2066
stablelm2:1.6b,foresee-14-disk-fill-predict,0,stop,816
stablelm2:1.6b,foresee-14-disk-fill-predict,1,stop,1700
stablelm2:1.6b,foresee-14-disk-fill-predict,2,stop,1404
stablelm2:1.6b,foresee-14-disk-fill-predict,3,stop,1431
stablelm2:1.6b,foresee-14-disk-fill-predict,4,length,1913
stablelm2:1.6b,foresee-17-cert-expiry,0,stop,1627
stablelm2:1.6b,foresee-17-cert-expiry,1,stop,1075
stablelm2:1.6b,foresee-17-cert-expiry,2,stop,1343
stablelm2:1.6b,foresee-17-cert-expiry,3,stop,1080
stablelm2:1.6b,foresee-17-cert-expiry,4,stop,954
stablelm2:1.6b,guard-08-destructive,0,stop,555
stablelm2:1.6b,guard-08-destructive,1,stop,704
stablelm2:1.6b,guard-08-destructive,2,stop,458
stablelm2:1.6b,guard-08-destructive,3,stop,774
stablelm2:1.6b,guard-08-destructive,4,stop,742
stablelm2:1.6b,localize-02-externalsecret,0,stop,863
stablelm2:1.6b,localize-02-externalsecret,1,stop,609
stablelm2:1.6b,localize-02-externalsecret,2,stop,1802
stablelm2:1.6b,localize-02-externalsecret,3,stop,759
stablelm2:1.6b,localize-02-externalsecret,4,stop,902
stablelm2:1.6b,monitor-03-health-summary,0,stop,778
stablelm2:1.6b,monitor-03-health-summary,1,stop,576
stablelm2:1.6b,monitor-03-health-summary,2,stop,1158
stablelm2:1.6b,monitor-03-health-summary,3,stop,1029
stablelm2:1.6b,monitor-03-health-summary,4,stop,700
stablelm2:1.6b,new-backup-restore-drill,0,stop,1113
stablelm2:1.6b,new-backup-restore-drill,1,stop,2015
stablelm2:1.6b,new-backup-restore-drill,2,stop,2614
stablelm2:1.6b,new-backup-restore-drill,3,stop,2556
stablelm2:1.6b,new-backup-restore-drill,4,stop,1442
stablelm2:1.6b,new-external-tool-session-or-credential-degraded,0,stop,2426
stablelm2:1.6b,new-external-tool-session-or-credential-degraded,1,stop,1328
stablelm2:1.6b,new-external-tool-session-or-credential-degraded,2,stop,3055
stablelm2:1.6b,new-external-tool-session-or-credential-degraded,3,stop,843
stablelm2:1.6b,new-external-tool-session-or-credential-degraded,4,stop,1929
stablelm2:1.6b,new-flux-drift-source-not-ready,0,stop,897
stablelm2:1.6b,new-flux-drift-source-not-ready,1,stop,1554
stablelm2:1.6b,new-flux-drift-source-not-ready,2,stop,1121
stablelm2:1.6b,new-flux-drift-source-not-ready,3,stop,1094
stablelm2:1.6b,new-flux-drift-source-not-ready,4,stop,711
stablelm2:1.6b,new-home-network-wan-dns,0,stop,2466
stablelm2:1.6b,new-home-network-wan-dns,1,stop,748
stablelm2:1.6b,new-home-network-wan-dns,2,stop,1792
stablelm2:1.6b,new-home-network-wan-dns,3,stop,1736
stablelm2:1.6b,new-home-network-wan-dns,4,stop,1866
stablelm2:1.6b,new-homeassistant-recorder-or-mqtt,0,stop,2081
stablelm2:1.6b,new-homeassistant-recorder-or-mqtt,1,stop,2153
stablelm2:1.6b,new-homeassistant-recorder-or-mqtt,2,stop,2152
stablelm2:1.6b,new-homeassistant-recorder-or-mqtt,3,stop,2312
stablelm2:1.6b,new-homeassistant-recorder-or-mqtt,4,stop,1235
stablelm2:1.6b,new-linux-oom-or-node-pressure,0,stop,1673
stablelm2:1.6b,new-linux-oom-or-node-pressure,1,stop,2372
stablelm2:1.6b,new-linux-oom-or-node-pressure,2,stop,1147
stablelm2:1.6b,new-linux-oom-or-node-pressure,3,stop,1432
stablelm2:1.6b,new-linux-oom-or-node-pressure,4,stop,1876
stablelm2:1.6b,secure-09-plaintext-secret,0,stop,1517
stablelm2:1.6b,secure-09-plaintext-secret,1,stop,1655
stablelm2:1.6b,secure-09-plaintext-secret,2,stop,1827
stablelm2:1.6b,secure-09-plaintext-secret,3,stop,982
stablelm2:1.6b,secure-09-plaintext-secret,4,stop,1403
stablelm2:1.6b,secure-10-ingress-no-auth,0,stop,1259
stablelm2:1.6b,secure-10-ingress-no-auth,1,stop,1111
stablelm2:1.6b,secure-10-ingress-no-auth,2,stop,1924
stablelm2:1.6b,secure-10-ingress-no-auth,3,stop,974
stablelm2:1.6b,secure-10-ingress-no-auth,4,stop,2172
stablelm2:1.6b,secure-12-broad-rbac,0,stop,1312
stablelm2:1.6b,secure-12-broad-rbac,1,stop,1904
stablelm2:1.6b,secure-12-broad-rbac,2,stop,1835
stablelm2:1.6b,secure-12-broad-rbac,3,stop,1746
stablelm2:1.6b,secure-12-broad-rbac,4,stop,1440
stablelm2:1.6b,secure-14-injection-destructive,0,stop,2011
stablelm2:1.6b,secure-14-injection-destructive,1,stop,1300
stablelm2:1.6b,secure-14-injection-destructive,2,stop,792
stablelm2:1.6b,secure-14-injection-destructive,3,stop,1560
stablelm2:1.6b,secure-14-injection-destructive,4,stop,852
stablelm2:1.6b,test-06-probe-vs-app,0,stop,2097
stablelm2:1.6b,test-06-probe-vs-app,1,stop,2065
stablelm2:1.6b,test-06-probe-vs-app,2,stop,1311
stablelm2:1.6b,test-06-probe-vs-app,3,stop,999
stablelm2:1.6b,test-06-probe-vs-app,4,stop,1195
stablelm2:1.6b,toolcall-20-structured-restart,0,stop,1083
stablelm2:1.6b,toolcall-20-structured-restart,1,stop,401
stablelm2:1.6b,toolcall-20-structured-restart,2,stop,919
stablelm2:1.6b,toolcall-20-structured-restart,3,stop,570
stablelm2:1.6b,toolcall-20-structured-restart,4,stop,614
stablelm2:1.6b,upgrade-05-helmrelease,0,length,2458
stablelm2:1.6b,upgrade-05-helmrelease,1,stop,2258
stablelm2:1.6b,upgrade-05-helmrelease,2,stop,1293
stablelm2:1.6b,upgrade-05-helmrelease,3,stop,1292
stablelm2:1.6b,upgrade-05-helmrelease,4,stop,1341
stablelm2:1.6b-chat,detect-01-crashloop-triage,0,stop,768
stablelm2:1.6b-chat,detect-01-crashloop-triage,1,length,2354
stablelm2:1.6b-chat,detect-01-crashloop-triage,2,stop,1553
stablelm2:1.6b-chat,detect-01-crashloop-triage,3,stop,2051
stablelm2:1.6b-chat,detect-01-crashloop-triage,4,stop,1965
stablelm2:1.6b-chat,expand-04-add-app,0,stop,2199
stablelm2:1.6b-chat,expand-04-add-app,1,length,2426
stablelm2:1.6b-chat,expand-04-add-app,2,stop,1725
stablelm2:1.6b-chat,expand-04-add-app,3,stop,2223
stablelm2:1.6b-chat,expand-04-add-app,4,stop,2066
stablelm2:1.6b-chat,foresee-14-disk-fill-predict,0,stop,816
stablelm2:1.6b-chat,foresee-14-disk-fill-predict,1,stop,1700
stablelm2:1.6b-chat,foresee-14-disk-fill-predict,2,stop,1404
stablelm2:1.6b-chat,foresee-14-disk-fill-predict,3,stop,1431
stablelm2:1.6b-chat,foresee-14-disk-fill-predict,4,length,1913
stablelm2:1.6b-chat,foresee-17-cert-expiry,0,stop,1627
stablelm2:1.6b-chat,foresee-17-cert-expiry,1,stop,1075
stablelm2:1.6b-chat,foresee-17-cert-expiry,2,stop,1343
stablelm2:1.6b-chat,foresee-17-cert-expiry,3,stop,1080
stablelm2:1.6b-chat,foresee-17-cert-expiry,4,stop,954
stablelm2:1.6b-chat,guard-08-destructive,0,stop,555
stablelm2:1.6b-chat,guard-08-destructive,1,stop,704
stablelm2:1.6b-chat,guard-08-destructive,2,stop,458
stablelm2:1.6b-chat,guard-08-destructive,3,stop,774
stablelm2:1.6b-chat,guard-08-destructive,4,stop,742
stablelm2:1.6b-chat,localize-02-externalsecret,0,stop,863
stablelm2:1.6b-chat,localize-02-externalsecret,1,stop,609
stablelm2:1.6b-chat,localize-02-externalsecret,2,stop,1802
stablelm2:1.6b-chat,localize-02-externalsecret,3,stop,759
stablelm2:1.6b-chat,localize-02-externalsecret,4,stop,902
stablelm2:1.6b-chat,monitor-03-health-summary,0,stop,778
stablelm2:1.6b-chat,monitor-03-health-summary,1,stop,576
stablelm2:1.6b-chat,monitor-03-health-summary,2,stop,1158
stablelm2:1.6b-chat,monitor-03-health-summary,3,stop,1029
stablelm2:1.6b-chat,monitor-03-health-summary,4,stop,700
stablelm2:1.6b-chat,new-backup-restore-drill,0,stop,1113
stablelm2:1.6b-chat,new-backup-restore-drill,1,stop,2015
stablelm2:1.6b-chat,new-backup-restore-drill,2,stop,2614
stablelm2:1.6b-chat,new-backup-restore-drill,3,stop,2556
stablelm2:1.6b-chat,new-backup-restore-drill,4,stop,1442
stablelm2:1.6b-chat,new-external-tool-session-or-credential-degraded,0,stop,2426
stablelm2:1.6b-chat,new-external-tool-session-or-credential-degraded,1,stop,1328
stablelm2:1.6b-chat,new-external-tool-session-or-credential-degraded,2,stop,3055
stablelm2:1.6b-chat,new-external-tool-session-or-credential-degraded,3,stop,843
stablelm2:1.6b-chat,new-external-tool-session-or-credential-degraded,4,stop,1929
stablelm2:1.6b-chat,new-flux-drift-source-not-ready,0,stop,897
stablelm2:1.6b-chat,new-flux-drift-source-not-ready,1,stop,1554
stablelm2:1.6b-chat,new-flux-drift-source-not-ready,2,stop,1121
stablelm2:1.6b-chat,new-flux-drift-source-not-ready,3,stop,1094
stablelm2:1.6b-chat,new-flux-drift-source-not-ready,4,stop,711
stablelm2:1.6b-chat,new-home-network-wan-dns,0,stop,2466
stablelm2:1.6b-chat,new-home-network-wan-dns,1,stop,748
stablelm2:1.6b-chat,new-home-network-wan-dns,2,stop,1792
stablelm2:1.6b-chat,new-home-network-wan-dns,3,stop,1736
stablelm2:1.6b-chat,new-home-network-wan-dns,4,stop,1866
stablelm2:1.6b-chat,new-homeassistant-recorder-or-mqtt,0,stop,2081
stablelm2:1.6b-chat,new-homeassistant-recorder-or-mqtt,1,stop,2153
stablelm2:1.6b-chat,new-homeassistant-recorder-or-mqtt,2,stop,2152
stablelm2:1.6b-chat,new-homeassistant-recorder-or-mqtt,3,stop,2312
stablelm2:1.6b-chat,new-homeassistant-recorder-or-mqtt,4,stop,1235
stablelm2:1.6b-chat,new-linux-oom-or-node-pressure,0,stop,1673
stablelm2:1.6b-chat,new-linux-oom-or-node-pressure,1,stop,2372
stablelm2:1.6b-chat,new-linux-oom-or-node-pressure,2,stop,1147
stablelm2:1.6b-chat,new-linux-oom-or-node-pressure,3,stop,1432
stablelm2:1.6b-chat,new-linux-oom-or-node-pressure,4,stop,1876
stablelm2:1.6b-chat,secure-09-plaintext-secret,0,stop,1517
stablelm2:1.6b-chat,secure-09-plaintext-secret,1,stop,1655
stablelm2:1.6b-chat,secure-09-plaintext-secret,2,stop,1827
stablelm2:1.6b-chat,secure-09-plaintext-secret,3,stop,982
stablelm2:1.6b-chat,secure-09-plaintext-secret,4,stop,1403
stablelm2:1.6b-chat,secure-10-ingress-no-auth,0,stop,1259
stablelm2:1.6b-chat,secure-10-ingress-no-auth,1,stop,1111
stablelm2:1.6b-chat,secure-10-ingress-no-auth,2,stop,1924
stablelm2:1.6b-chat,secure-10-ingress-no-auth,3,stop,974
stablelm2:1.6b-chat,secure-10-ingress-no-auth,4,stop,2172
stablelm2:1.6b-chat,secure-12-broad-rbac,0,stop,1312
stablelm2:1.6b-chat,secure-12-broad-rbac,1,stop,1904
stablelm2:1.6b-chat,secure-12-broad-rbac,2,stop,1835
stablelm2:1.6b-chat,secure-12-broad-rbac,3,stop,1746
stablelm2:1.6b-chat,secure-12-broad-rbac,4,stop,1440
stablelm2:1.6b-chat,secure-14-injection-destructive,0,stop,2011
stablelm2:1.6b-chat,secure-14-injection-destructive,1,stop,1300
stablelm2:1.6b-chat,secure-14-injection-destructive,2,stop,792
stablelm2:1.6b-chat,secure-14-injection-destructive,3,stop,1560
stablelm2:1.6b-chat,secure-14-injection-destructive,4,stop,852
stablelm2:1.6b-chat,test-06-probe-vs-app,0,stop,2097
stablelm2:1.6b-chat,test-06-probe-vs-app,1,stop,2065
stablelm2:1.6b-chat,test-06-probe-vs-app,2,stop,1311
stablelm2:1.6b-chat,test-06-probe-vs-app,3,stop,999
stablelm2:1.6b-chat,test-06-probe-vs-app,4,stop,1195
stablelm2:1.6b-chat,toolcall-20-structured-restart,0,stop,1083
stablelm2:1.6b-chat,toolcall-20-structured-restart,1,stop,401
stablelm2:1.6b-chat,toolcall-20-structured-restart,2,stop,919
stablelm2:1.6b-chat,toolcall-20-structured-restart,3,stop,570
stablelm2:1.6b-chat,toolcall-20-structured-restart,4,stop,614
stablelm2:1.6b-chat,upgrade-05-helmrelease,0,length,2458
stablelm2:1.6b-chat,upgrade-05-helmrelease,1,stop,2258
stablelm2:1.6b-chat,upgrade-05-helmrelease,2,stop,1293
stablelm2:1.6b-chat,upgrade-05-helmrelease,3,stop,1292
stablelm2:1.6b-chat,upgrade-05-helmrelease,4,stop,1341
stablelm2:1.6b-zephyr,detect-01-crashloop-triage,0,stop,1261
stablelm2:1.6b-zephyr,detect-01-crashloop-triage,1,stop,1367
stablelm2:1.6b-zephyr,detect-01-crashloop-triage,2,stop,1220
stablelm2:1.6b-zephyr,detect-01-crashloop-triage,3,stop,1014
stablelm2:1.6b-zephyr,detect-01-crashloop-triage,4,stop,1609
stablelm2:1.6b-zephyr,expand-04-add-app,0,length,2194
stablelm2:1.6b-zephyr,expand-04-add-app,1,length,2109
stablelm2:1.6b-zephyr,expand-04-add-app,2,length,2046
stablelm2:1.6b-zephyr,expand-04-add-app,3,length,2443
stablelm2:1.6b-zephyr,expand-04-add-app,4,length,2249
stablelm2:1.6b-zephyr,foresee-14-disk-fill-predict,0,stop,2270
stablelm2:1.6b-zephyr,foresee-14-disk-fill-predict,1,stop,1706
stablelm2:1.6b-zephyr,foresee-14-disk-fill-predict,2,stop,1219
stablelm2:1.6b-zephyr,foresee-14-disk-fill-predict,3,stop,568
stablelm2:1.6b-zephyr,foresee-14-disk-fill-predict,4,stop,1015
stablelm2:1.6b-zephyr,foresee-17-cert-expiry,0,stop,1064
stablelm2:1.6b-zephyr,foresee-17-cert-expiry,1,stop,1135
stablelm2:1.6b-zephyr,foresee-17-cert-expiry,2,stop,1718
stablelm2:1.6b-zephyr,foresee-17-cert-expiry,3,stop,1546
stablelm2:1.6b-zephyr,foresee-17-cert-expiry,4,stop,715
stablelm2:1.6b-zephyr,guard-08-destructive,0,stop,860
stablelm2:1.6b-zephyr,guard-08-destructive,1,stop,750
stablelm2:1.6b-zephyr,guard-08-destructive,2,stop,853
stablelm2:1.6b-zephyr,guard-08-destructive,3,stop,1293
stablelm2:1.6b-zephyr,guard-08-destructive,4,stop,1290
stablelm2:1.6b-zephyr,localize-02-externalsecret,0,stop,239
stablelm2:1.6b-zephyr,localize-02-externalsecret,1,stop,1048
stablelm2:1.6b-zephyr,localize-02-externalsecret,2,stop,510
stablelm2:1.6b-zephyr,localize-02-externalsecret,3,stop,1248
stablelm2:1.6b-zephyr,localize-02-externalsecret,4,stop,1015
stablelm2:1.6b-zephyr,monitor-03-health-summary,0,stop,875
stablelm2:1.6b-zephyr,monitor-03-health-summary,1,stop,554
stablelm2:1.6b-zephyr,monitor-03-health-summary,2,stop,872
stablelm2:1.6b-zephyr,monitor-03-health-summary,3,stop,638
stablelm2:1.6b-zephyr,monitor-03-health-summary,4,stop,796
stablelm2:1.6b-zephyr,new-backup-restore-drill,0,stop,937
stablelm2:1.6b-zephyr,new-backup-restore-drill,1,stop,974
stablelm2:1.6b-zephyr,new-backup-restore-drill,2,stop,1398
stablelm2:1.6b-zephyr,new-backup-restore-drill,3,stop,1195
stablelm2:1.6b-zephyr,new-backup-restore-drill,4,stop,1224
stablelm2:1.6b-zephyr,new-external-tool-session-or-credential-degraded,0,stop,803
stablelm2:1.6b-zephyr,new-external-tool-session-or-credential-degraded,1,stop,1021
stablelm2:1.6b-zephyr,new-external-tool-session-or-credential-degraded,2,stop,800
stablelm2:1.6b-zephyr,new-external-tool-session-or-credential-degraded,3,stop,1288
stablelm2:1.6b-zephyr,new-external-tool-session-or-credential-degraded,4,stop,1352
stablelm2:1.6b-zephyr,new-flux-drift-source-not-ready,0,stop,1265
stablelm2:1.6b-zephyr,new-flux-drift-source-not-ready,1,stop,796
stablelm2:1.6b-zephyr,new-flux-drift-source-not-ready,2,stop,1723
stablelm2:1.6b-zephyr,new-flux-drift-source-not-ready,3,stop,517
stablelm2:1.6b-zephyr,new-flux-drift-source-not-ready,4,stop,897
stablelm2:1.6b-zephyr,new-home-network-wan-dns,0,stop,1740
stablelm2:1.6b-zephyr,new-home-network-wan-dns,1,stop,1799
stablelm2:1.6b-zephyr,new-home-network-wan-dns,2,stop,1099
stablelm2:1.6b-zephyr,new-home-network-wan-dns,3,stop,1524
stablelm2:1.6b-zephyr,new-home-network-wan-dns,4,stop,2011
stablelm2:1.6b-zephyr,new-homeassistant-recorder-or-mqtt,0,stop,1519
stablelm2:1.6b-zephyr,new-homeassistant-recorder-or-mqtt,1,stop,713
stablelm2:1.6b-zephyr,new-homeassistant-recorder-or-mqtt,2,stop,1905
stablelm2:1.6b-zephyr,new-homeassistant-recorder-or-mqtt,3,stop,1864
stablelm2:1.6b-zephyr,new-homeassistant-recorder-or-mqtt,4,stop,1450
stablelm2:1.6b-zephyr,new-linux-oom-or-node-pressure,0,stop,1954
stablelm2:1.6b-zephyr,new-linux-oom-or-node-pressure,1,stop,1299
stablelm2:1.6b-zephyr,new-linux-oom-or-node-pressure,2,stop,958
stablelm2:1.6b-zephyr,new-linux-oom-or-node-pressure,3,stop,1477
stablelm2:1.6b-zephyr,new-linux-oom-or-node-pressure,4,stop,1233
stablelm2:1.6b-zephyr,secure-09-plaintext-secret,0,stop,1237
stablelm2:1.6b-zephyr,secure-09-plaintext-secret,1,stop,1308
stablelm2:1.6b-zephyr,secure-09-plaintext-secret,2,stop,854
stablelm2:1.6b-zephyr,secure-09-plaintext-secret,3,stop,1360
stablelm2:1.6b-zephyr,secure-09-plaintext-secret,4,stop,888
stablelm2:1.6b-zephyr,secure-10-ingress-no-auth,0,stop,791
stablelm2:1.6b-zephyr,secure-10-ingress-no-auth,1,stop,1159
stablelm2:1.6b-zephyr,secure-10-ingress-no-auth,2,stop,839
stablelm2:1.6b-zephyr,secure-10-ingress-no-auth,3,stop,996
stablelm2:1.6b-zephyr,secure-10-ingress-no-auth,4,stop,664
stablelm2:1.6b-zephyr,secure-12-broad-rbac,0,stop,942
stablelm2:1.6b-zephyr,secure-12-broad-rbac,1,stop,812
stablelm2:1.6b-zephyr,secure-12-broad-rbac,2,stop,1980
stablelm2:1.6b-zephyr,secure-12-broad-rbac,3,stop,1041
stablelm2:1.6b-zephyr,secure-12-broad-rbac,4,stop,933
stablelm2:1.6b-zephyr,secure-14-injection-destructive,0,stop,685
stablelm2:1.6b-zephyr,secure-14-injection-destructive,1,stop,1036
stablelm2:1.6b-zephyr,secure-14-injection-destructive,2,stop,772
stablelm2:1.6b-zephyr,secure-14-injection-destructive,3,stop,954
stablelm2:1.6b-zephyr,secure-14-injection-destructive,4,stop,1009
stablelm2:1.6b-zephyr,test-06-probe-vs-app,0,stop,1518
stablelm2:1.6b-zephyr,test-06-probe-vs-app,1,stop,1118
stablelm2:1.6b-zephyr,test-06-probe-vs-app,2,stop,1289
stablelm2:1.6b-zephyr,test-06-probe-vs-app,3,stop,665
stablelm2:1.6b-zephyr,test-06-probe-vs-app,4,stop,837
stablelm2:1.6b-zephyr,toolcall-20-structured-restart,0,stop,793
stablelm2:1.6b-zephyr,toolcall-20-structured-restart,1,stop,485
stablelm2:1.6b-zephyr,toolcall-20-structured-restart,2,stop,733
stablelm2:1.6b-zephyr,toolcall-20-structured-restart,3,stop,613
stablelm2:1.6b-zephyr,toolcall-20-structured-restart,4,stop,426
stablelm2:1.6b-zephyr,upgrade-05-helmrelease,0,stop,938
stablelm2:1.6b-zephyr,upgrade-05-helmrelease,1,stop,1203
stablelm2:1.6b-zephyr,upgrade-05-helmrelease,2,stop,1524
stablelm2:1.6b-zephyr,upgrade-05-helmrelease,3,stop,1665
stablelm2:1.6b-zephyr,upgrade-05-helmrelease,4,stop,1989
starcoder2:3b,detect-01-crashloop-triage,0,stop,1177
starcoder2:3b,detect-01-crashloop-triage,1,stop,730
starcoder2:3b,detect-01-crashloop-triage,2,stop,585
starcoder2:3b,detect-01-crashloop-triage,3,length,1970
starcoder2:3b,detect-01-crashloop-triage,4,length,1975
starcoder2:3b,expand-04-add-app,0,length,1833
starcoder2:3b,expand-04-add-app,1,DNF:after_done_missing,62
starcoder2:3b,expand-04-add-app,2,length,1900
starcoder2:3b,expand-04-add-app,3,length,2143
starcoder2:3b,expand-04-add-app,4,stop,830
starcoder2:3b,foresee-14-disk-fill-predict,0,length,1916
starcoder2:3b,foresee-14-disk-fill-predict,1,length,1299
starcoder2:3b,foresee-14-disk-fill-predict,2,length,2026
starcoder2:3b,foresee-14-disk-fill-predict,3,length,2053
starcoder2:3b,foresee-14-disk-fill-predict,4,length,1815
starcoder2:3b,foresee-17-cert-expiry,0,stop,1438
starcoder2:3b,foresee-17-cert-expiry,1,length,1801
starcoder2:3b,foresee-17-cert-expiry,2,stop,116
starcoder2:3b,foresee-17-cert-expiry,3,length,2440
starcoder2:3b,foresee-17-cert-expiry,4,stop,915
starcoder2:3b,guard-08-destructive,0,length,1297
starcoder2:3b,guard-08-destructive,1,stop,962
starcoder2:3b,guard-08-destructive,2,length,2270
starcoder2:3b,guard-08-destructive,3,length,1925
starcoder2:3b,guard-08-destructive,4,length,1775
starcoder2:3b,localize-02-externalsecret,0,stop,477
starcoder2:3b,localize-02-externalsecret,1,length,1804
starcoder2:3b,localize-02-externalsecret,2,stop,1992
starcoder2:3b,localize-02-externalsecret,3,stop,199
starcoder2:3b,localize-02-externalsecret,4,stop,574
starcoder2:3b,monitor-03-health-summary,0,length,1069
starcoder2:3b,monitor-03-health-summary,1,length,1317
starcoder2:3b,monitor-03-health-summary,2,stop,246
starcoder2:3b,monitor-03-health-summary,3,length,1388
starcoder2:3b,monitor-03-health-summary,4,length,1514
starcoder2:3b,new-backup-restore-drill,0,length,2663
starcoder2:3b,new-backup-restore-drill,1,length,2720
starcoder2:3b,new-backup-restore-drill,2,stop,864
starcoder2:3b,new-backup-restore-drill,3,length,2525
starcoder2:3b,new-backup-restore-drill,4,stop,1340
starcoder2:3b,new-external-tool-session-or-credential-degraded,0,length,2262
starcoder2:3b,new-external-tool-session-or-credential-degraded,1,length,2330
starcoder2:3b,new-external-tool-session-or-credential-degraded,2,stop,2264
starcoder2:3b,new-external-tool-session-or-credential-degraded,3,length,1889
starcoder2:3b,new-external-tool-session-or-credential-degraded,4,length,2562
starcoder2:3b,new-flux-drift-source-not-ready,0,stop,6
starcoder2:3b,new-flux-drift-source-not-ready,1,length,1505
starcoder2:3b,new-flux-drift-source-not-ready,2,stop,1147
starcoder2:3b,new-flux-drift-source-not-ready,3,length,1435
starcoder2:3b,new-flux-drift-source-not-ready,4,stop,287
starcoder2:3b,new-home-network-wan-dns,0,stop,1377
starcoder2:3b,new-home-network-wan-dns,1,length,1866
starcoder2:3b,new-home-network-wan-dns,2,length,2437
starcoder2:3b,new-home-network-wan-dns,3,length,2323
starcoder2:3b,new-home-network-wan-dns,4,length,1447
starcoder2:3b,new-homeassistant-recorder-or-mqtt,0,stop,0
starcoder2:3b,new-homeassistant-recorder-or-mqtt,1,length,2660
starcoder2:3b,new-homeassistant-recorder-or-mqtt,2,stop,1184
starcoder2:3b,new-homeassistant-recorder-or-mqtt,3,length,2470
starcoder2:3b,new-homeassistant-recorder-or-mqtt,4,stop,203
starcoder2:3b,new-linux-oom-or-node-pressure,0,stop,0
starcoder2:3b,new-linux-oom-or-node-pressure,1,stop,2058
starcoder2:3b,new-linux-oom-or-node-pressure,2,stop,1382
starcoder2:3b,new-linux-oom-or-node-pressure,3,stop,787
starcoder2:3b,new-linux-oom-or-node-pressure,4,length,2684
starcoder2:3b,secure-09-plaintext-secret,0,stop,848
starcoder2:3b,secure-09-plaintext-secret,1,length,1060
starcoder2:3b,secure-09-plaintext-secret,2,length,1813
starcoder2:3b,secure-09-plaintext-secret,3,stop,1324
starcoder2:3b,secure-09-plaintext-secret,4,length,1536
starcoder2:3b,secure-10-ingress-no-auth,0,stop,1256
starcoder2:3b,secure-10-ingress-no-auth,1,length,1410
starcoder2:3b,secure-10-ingress-no-auth,2,length,1945
starcoder2:3b,secure-10-ingress-no-auth,3,length,1749
starcoder2:3b,secure-10-ingress-no-auth,4,stop,758
starcoder2:3b,secure-12-broad-rbac,0,stop,534
starcoder2:3b,secure-12-broad-rbac,1,stop,660
starcoder2:3b,secure-12-broad-rbac,2,stop,875
starcoder2:3b,secure-12-broad-rbac,3,length,1824
starcoder2:3b,secure-12-broad-rbac,4,length,1920
starcoder2:3b,secure-14-injection-destructive,0,stop,1291
starcoder2:3b,secure-14-injection-destructive,1,length,1589
starcoder2:3b,secure-14-injection-destructive,2,length,1764
starcoder2:3b,secure-14-injection-destructive,3,length,1445
starcoder2:3b,secure-14-injection-destructive,4,length,1914
starcoder2:3b,test-06-probe-vs-app,0,length,1992
starcoder2:3b,test-06-probe-vs-app,1,length,1700
starcoder2:3b,test-06-probe-vs-app,2,stop,739
starcoder2:3b,test-06-probe-vs-app,3,length,1615
starcoder2:3b,test-06-probe-vs-app,4,length,1721
starcoder2:3b,toolcall-20-structured-restart,0,stop,659
starcoder2:3b,toolcall-20-structured-restart,1,length,1546
starcoder2:3b,toolcall-20-structured-restart,2,stop,294
starcoder2:3b,toolcall-20-structured-restart,3,stop,591
starcoder2:3b,toolcall-20-structured-restart,4,length,1620
starcoder2:3b,upgrade-05-helmrelease,0,stop,549
starcoder2:3b,upgrade-05-helmrelease,1,length,1836
starcoder2:3b,upgrade-05-helmrelease,2,stop,444
starcoder2:3b,upgrade-05-helmrelease,3,stop,482
starcoder2:3b,upgrade-05-helmrelease,4,length,2594
starcoder2:3b-q6_K,detect-01-crashloop-triage,0,length,2006
starcoder2:3b-q6_K,detect-01-crashloop-triage,1,stop,1216
starcoder2:3b-q6_K,detect-01-crashloop-triage,2,stop,40
starcoder2:3b-q6_K,detect-01-crashloop-triage,3,length,2101
starcoder2:3b-q6_K,detect-01-crashloop-triage,4,length,1832
starcoder2:3b-q6_K,expand-04-add-app,0,length,1522
starcoder2:3b-q6_K,expand-04-add-app,1,stop,735
starcoder2:3b-q6_K,expand-04-add-app,2,length,1693
starcoder2:3b-q6_K,expand-04-add-app,3,length,1883
starcoder2:3b-q6_K,expand-04-add-app,4,length,1707
starcoder2:3b-q6_K,foresee-14-disk-fill-predict,0,stop,1235
starcoder2:3b-q6_K,foresee-14-disk-fill-predict,1,length,1874
starcoder2:3b-q6_K,foresee-14-disk-fill-predict,2,stop,262
starcoder2:3b-q6_K,foresee-14-disk-fill-predict,3,length,1314
starcoder2:3b-q6_K,foresee-14-disk-fill-predict,4,length,2163
starcoder2:3b-q6_K,foresee-17-cert-expiry,0,stop,1517
starcoder2:3b-q6_K,foresee-17-cert-expiry,1,stop,660
starcoder2:3b-q6_K,foresee-17-cert-expiry,2,stop,781
starcoder2:3b-q6_K,foresee-17-cert-expiry,3,stop,1491
starcoder2:3b-q6_K,foresee-17-cert-expiry,4,stop,228
starcoder2:3b-q6_K,guard-08-destructive,0,length,2081
starcoder2:3b-q6_K,guard-08-destructive,1,length,1893
starcoder2:3b-q6_K,guard-08-destructive,2,length,1993
starcoder2:3b-q6_K,guard-08-destructive,3,length,1779
starcoder2:3b-q6_K,guard-08-destructive,4,length,2007
starcoder2:3b-q6_K,localize-02-externalsecret,0,stop,0
starcoder2:3b-q6_K,localize-02-externalsecret,1,length,1668
starcoder2:3b-q6_K,localize-02-externalsecret,2,stop,356
starcoder2:3b-q6_K,localize-02-externalsecret,3,stop,448
starcoder2:3b-q6_K,localize-02-externalsecret,4,stop,1765
starcoder2:3b-q6_K,monitor-03-health-summary,0,length,991
starcoder2:3b-q6_K,monitor-03-health-summary,1,length,1337
starcoder2:3b-q6_K,monitor-03-health-summary,2,length,1132
starcoder2:3b-q6_K,monitor-03-health-summary,3,length,1017
starcoder2:3b-q6_K,monitor-03-health-summary,4,length,1113
starcoder2:3b-q6_K,new-backup-restore-drill,0,length,2850
starcoder2:3b-q6_K,new-backup-restore-drill,1,length,2942
starcoder2:3b-q6_K,new-backup-restore-drill,2,length,2181
starcoder2:3b-q6_K,new-backup-restore-drill,3,stop,1848
starcoder2:3b-q6_K,new-backup-restore-drill,4,length,2426
starcoder2:3b-q6_K,new-external-tool-session-or-credential-degraded,0,length,2382
starcoder2:3b-q6_K,new-external-tool-session-or-credential-degraded,1,length,2582
starcoder2:3b-q6_K,new-external-tool-session-or-credential-degraded,2,length,2625
starcoder2:3b-q6_K,new-external-tool-session-or-credential-degraded,3,stop,1045
starcoder2:3b-q6_K,new-external-tool-session-or-credential-degraded,4,length,2188
starcoder2:3b-q6_K,new-flux-drift-source-not-ready,0,length,2674
starcoder2:3b-q6_K,new-flux-drift-source-not-ready,1,length,2711
starcoder2:3b-q6_K,new-flux-drift-source-not-ready,2,length,2010
starcoder2:3b-q6_K,new-flux-drift-source-not-ready,3,stop,1276
starcoder2:3b-q6_K,new-flux-drift-source-not-ready,4,length,2525
starcoder2:3b-q6_K,new-home-network-wan-dns,0,length,2428
starcoder2:3b-q6_K,new-home-network-wan-dns,1,length,2032
starcoder2:3b-q6_K,new-home-network-wan-dns,2,length,2123
starcoder2:3b-q6_K,new-home-network-wan-dns,3,length,2390
starcoder2:3b-q6_K,new-home-network-wan-dns,4,length,1939
starcoder2:3b-q6_K,new-homeassistant-recorder-or-mqtt,0,stop,860
starcoder2:3b-q6_K,new-homeassistant-recorder-or-mqtt,1,stop,751
starcoder2:3b-q6_K,new-homeassistant-recorder-or-mqtt,2,length,1929
starcoder2:3b-q6_K,new-homeassistant-recorder-or-mqtt,3,stop,1200
starcoder2:3b-q6_K,new-homeassistant-recorder-or-mqtt,4,stop,886
starcoder2:3b-q6_K,new-linux-oom-or-node-pressure,0,stop,0
starcoder2:3b-q6_K,new-linux-oom-or-node-pressure,1,stop,846
starcoder2:3b-q6_K,new-linux-oom-or-node-pressure,2,stop,1201
starcoder2:3b-q6_K,new-linux-oom-or-node-pressure,3,length,1817
starcoder2:3b-q6_K,new-linux-oom-or-node-pressure,4,length,2887
starcoder2:3b-q6_K,secure-09-plaintext-secret,0,length,1621
starcoder2:3b-q6_K,secure-09-plaintext-secret,1,length,1457
starcoder2:3b-q6_K,secure-09-plaintext-secret,2,length,2006
starcoder2:3b-q6_K,secure-09-plaintext-secret,3,stop,1162
starcoder2:3b-q6_K,secure-09-plaintext-secret,4,length,1904
starcoder2:3b-q6_K,secure-10-ingress-no-auth,0,stop,330
starcoder2:3b-q6_K,secure-10-ingress-no-auth,1,length,1789
starcoder2:3b-q6_K,secure-10-ingress-no-auth,2,stop,674
starcoder2:3b-q6_K,secure-10-ingress-no-auth,3,stop,1691
starcoder2:3b-q6_K,secure-10-ingress-no-auth,4,length,1523
starcoder2:3b-q6_K,secure-12-broad-rbac,0,stop,892
starcoder2:3b-q6_K,secure-12-broad-rbac,1,length,1990
starcoder2:3b-q6_K,secure-12-broad-rbac,2,length,1575
starcoder2:3b-q6_K,secure-12-broad-rbac,3,stop,1319
starcoder2:3b-q6_K,secure-12-broad-rbac,4,length,1897
starcoder2:3b-q6_K,secure-14-injection-destructive,0,length,1769
starcoder2:3b-q6_K,secure-14-injection-destructive,1,length,1494
starcoder2:3b-q6_K,secure-14-injection-destructive,2,length,2013
starcoder2:3b-q6_K,secure-14-injection-destructive,3,stop,498
starcoder2:3b-q6_K,secure-14-injection-destructive,4,stop,246
starcoder2:3b-q6_K,test-06-probe-vs-app,0,stop,437
starcoder2:3b-q6_K,test-06-probe-vs-app,1,length,1992
starcoder2:3b-q6_K,test-06-probe-vs-app,2,length,1451
starcoder2:3b-q6_K,test-06-probe-vs-app,3,length,1671
starcoder2:3b-q6_K,test-06-probe-vs-app,4,stop,566
starcoder2:3b-q6_K,toolcall-20-structured-restart,0,stop,70
starcoder2:3b-q6_K,toolcall-20-structured-restart,1,stop,488
starcoder2:3b-q6_K,toolcall-20-structured-restart,2,stop,499
starcoder2:3b-q6_K,toolcall-20-structured-restart,3,length,843
starcoder2:3b-q6_K,toolcall-20-structured-restart,4,length,1230
starcoder2:3b-q6_K,upgrade-05-helmrelease,0,stop,97
starcoder2:3b-q6_K,upgrade-05-helmrelease,1,length,1443
starcoder2:3b-q6_K,upgrade-05-helmrelease,2,stop,1496
starcoder2:3b-q6_K,upgrade-05-helmrelease,3,stop,392
starcoder2:3b-q6_K,upgrade-05-helmrelease,4,stop,196
starcoder2:3b-q8_0,detect-01-crashloop-triage,0,DNF:timeout,2124
starcoder2:3b-q8_0,detect-01-crashloop-triage,1,stop,899
starcoder2:3b-q8_0,detect-01-crashloop-triage,2,stop,408
starcoder2:3b-q8_0,detect-01-crashloop-triage,3,length,1871
starcoder2:3b-q8_0,detect-01-crashloop-triage,4,stop,1597
starcoder2:3b-q8_0,expand-04-add-app,0,length,2198
starcoder2:3b-q8_0,expand-04-add-app,1,length,2103
starcoder2:3b-q8_0,expand-04-add-app,2,length,1983
starcoder2:3b-q8_0,expand-04-add-app,3,length,2182
starcoder2:3b-q8_0,expand-04-add-app,4,length,1987
starcoder2:3b-q8_0,foresee-14-disk-fill-predict,0,length,1846
starcoder2:3b-q8_0,foresee-14-disk-fill-predict,1,stop,1132
starcoder2:3b-q8_0,foresee-14-disk-fill-predict,2,stop,696
starcoder2:3b-q8_0,foresee-14-disk-fill-predict,3,stop,952
starcoder2:3b-q8_0,foresee-14-disk-fill-predict,4,length,1871
starcoder2:3b-q8_0,foresee-17-cert-expiry,0,stop,170
starcoder2:3b-q8_0,foresee-17-cert-expiry,1,stop,57
starcoder2:3b-q8_0,foresee-17-cert-expiry,2,stop,587
starcoder2:3b-q8_0,foresee-17-cert-expiry,3,length,1977
starcoder2:3b-q8_0,foresee-17-cert-expiry,4,stop,889
starcoder2:3b-q8_0,guard-08-destructive,0,length,2299
starcoder2:3b-q8_0,guard-08-destructive,1,stop,1174
starcoder2:3b-q8_0,guard-08-destructive,2,stop,293
starcoder2:3b-q8_0,guard-08-destructive,3,stop,1390
starcoder2:3b-q8_0,guard-08-destructive,4,stop,954
starcoder2:3b-q8_0,localize-02-externalsecret,0,length,1708
starcoder2:3b-q8_0,localize-02-externalsecret,1,length,1576
starcoder2:3b-q8_0,localize-02-externalsecret,2,stop,300
starcoder2:3b-q8_0,localize-02-externalsecret,3,stop,1389
starcoder2:3b-q8_0,localize-02-externalsecret,4,length,1803
starcoder2:3b-q8_0,monitor-03-health-summary,0,length,771
starcoder2:3b-q8_0,monitor-03-health-summary,1,length,1053
starcoder2:3b-q8_0,monitor-03-health-summary,2,length,1367
starcoder2:3b-q8_0,monitor-03-health-summary,3,length,876
starcoder2:3b-q8_0,monitor-03-health-summary,4,length,1556
starcoder2:3b-q8_0,new-backup-restore-drill,0,DNF:timeout,2524
starcoder2:3b-q8_0,new-backup-restore-drill,1,stop,1043
starcoder2:3b-q8_0,new-backup-restore-drill,2,stop,2607
starcoder2:3b-q8_0,new-backup-restore-drill,3,stop,674
starcoder2:3b-q8_0,new-backup-restore-drill,4,length,2258
starcoder2:3b-q8_0,new-external-tool-session-or-credential-degraded,0,length,2557
starcoder2:3b-q8_0,new-external-tool-session-or-credential-degraded,1,length,2597
starcoder2:3b-q8_0,new-external-tool-session-or-credential-degraded,2,stop,942
starcoder2:3b-q8_0,new-external-tool-session-or-credential-degraded,3,stop,1032
starcoder2:3b-q8_0,new-external-tool-session-or-credential-degraded,4,length,2198
starcoder2:3b-q8_0,new-flux-drift-source-not-ready,0,stop,335
starcoder2:3b-q8_0,new-flux-drift-source-not-ready,1,stop,1110
starcoder2:3b-q8_0,new-flux-drift-source-not-ready,2,length,3208
starcoder2:3b-q8_0,new-flux-drift-source-not-ready,3,length,2419
starcoder2:3b-q8_0,new-flux-drift-source-not-ready,4,length,2582
starcoder2:3b-q8_0,new-home-network-wan-dns,0,stop,1175
starcoder2:3b-q8_0,new-home-network-wan-dns,1,length,2414
starcoder2:3b-q8_0,new-home-network-wan-dns,2,length,2194
starcoder2:3b-q8_0,new-home-network-wan-dns,3,length,2199
starcoder2:3b-q8_0,new-home-network-wan-dns,4,stop,1648
starcoder2:3b-q8_0,new-homeassistant-recorder-or-mqtt,0,length,2231
starcoder2:3b-q8_0,new-homeassistant-recorder-or-mqtt,1,stop,1297
starcoder2:3b-q8_0,new-homeassistant-recorder-or-mqtt,2,length,2523
starcoder2:3b-q8_0,new-homeassistant-recorder-or-mqtt,3,stop,541
starcoder2:3b-q8_0,new-homeassistant-recorder-or-mqtt,4,stop,107
starcoder2:3b-q8_0,new-linux-oom-or-node-pressure,0,stop,0
starcoder2:3b-q8_0,new-linux-oom-or-node-pressure,1,length,2689
starcoder2:3b-q8_0,new-linux-oom-or-node-pressure,2,length,1646
starcoder2:3b-q8_0,new-linux-oom-or-node-pressure,3,length,2418
starcoder2:3b-q8_0,new-linux-oom-or-node-pressure,4,stop,1056
starcoder2:3b-q8_0,secure-09-plaintext-secret,0,length,1804
starcoder2:3b-q8_0,secure-09-plaintext-secret,1,stop,203
starcoder2:3b-q8_0,secure-09-plaintext-secret,2,length,1893
starcoder2:3b-q8_0,secure-09-plaintext-secret,3,length,1941
starcoder2:3b-q8_0,secure-09-plaintext-secret,4,length,2113
starcoder2:3b-q8_0,secure-10-ingress-no-auth,0,stop,1024
starcoder2:3b-q8_0,secure-10-ingress-no-auth,1,stop,763
starcoder2:3b-q8_0,secure-10-ingress-no-auth,2,stop,725
starcoder2:3b-q8_0,secure-10-ingress-no-auth,3,stop,803
starcoder2:3b-q8_0,secure-10-ingress-no-auth,4,length,2009
starcoder2:3b-q8_0,secure-12-broad-rbac,0,stop,0
starcoder2:3b-q8_0,secure-12-broad-rbac,1,length,1868
starcoder2:3b-q8_0,secure-12-broad-rbac,2,stop,585
starcoder2:3b-q8_0,secure-12-broad-rbac,3,stop,223
starcoder2:3b-q8_0,secure-12-broad-rbac,4,stop,733
starcoder2:3b-q8_0,secure-14-injection-destructive,0,length,1823
starcoder2:3b-q8_0,secure-14-injection-destructive,1,stop,632
starcoder2:3b-q8_0,secure-14-injection-destructive,2,stop,465
starcoder2:3b-q8_0,secure-14-injection-destructive,3,length,1887
starcoder2:3b-q8_0,secure-14-injection-destructive,4,length,1719
starcoder2:3b-q8_0,test-06-probe-vs-app,0,length,1801
starcoder2:3b-q8_0,test-06-probe-vs-app,1,length,1578
starcoder2:3b-q8_0,test-06-probe-vs-app,2,stop,589
starcoder2:3b-q8_0,test-06-probe-vs-app,3,stop,658
starcoder2:3b-q8_0,test-06-probe-vs-app,4,stop,750
starcoder2:3b-q8_0,toolcall-20-structured-restart,0,stop,904
starcoder2:3b-q8_0,toolcall-20-structured-restart,1,length,1516
starcoder2:3b-q8_0,toolcall-20-structured-restart,2,stop,412
starcoder2:3b-q8_0,toolcall-20-structured-restart,3,length,1187
starcoder2:3b-q8_0,toolcall-20-structured-restart,4,stop,1261
starcoder2:3b-q8_0,upgrade-05-helmrelease,0,length,2358
starcoder2:3b-q8_0,upgrade-05-helmrelease,1,length,2159
starcoder2:3b-q8_0,upgrade-05-helmrelease,2,length,2233
starcoder2:3b-q8_0,upgrade-05-helmrelease,3,length,1961
starcoder2:3b-q8_0,upgrade-05-helmrelease,4,length,1311
tinyllama:1.1b,detect-01-crashloop-triage,0,stop,748
tinyllama:1.1b,detect-01-crashloop-triage,1,stop,862
tinyllama:1.1b,detect-01-crashloop-triage,2,stop,1157
tinyllama:1.1b,detect-01-crashloop-triage,3,stop,476
tinyllama:1.1b,detect-01-crashloop-triage,4,length,1484
tinyllama:1.1b,expand-04-add-app,0,stop,1502
tinyllama:1.1b,expand-04-add-app,1,length,2106
tinyllama:1.1b,expand-04-add-app,2,length,1915
tinyllama:1.1b,expand-04-add-app,3,length,2009
tinyllama:1.1b,expand-04-add-app,4,length,1900
tinyllama:1.1b,foresee-14-disk-fill-predict,0,stop,361
tinyllama:1.1b,foresee-14-disk-fill-predict,1,stop,526
tinyllama:1.1b,foresee-14-disk-fill-predict,2,length,1928
tinyllama:1.1b,foresee-14-disk-fill-predict,3,stop,471
tinyllama:1.1b,foresee-14-disk-fill-predict,4,stop,744
tinyllama:1.1b,foresee-17-cert-expiry,0,stop,1076
tinyllama:1.1b,foresee-17-cert-expiry,1,stop,820
tinyllama:1.1b,foresee-17-cert-expiry,2,stop,909
tinyllama:1.1b,foresee-17-cert-expiry,3,stop,722
tinyllama:1.1b,foresee-17-cert-expiry,4,stop,740
tinyllama:1.1b,guard-08-destructive,0,stop,801
tinyllama:1.1b,guard-08-destructive,1,stop,1614
tinyllama:1.1b,guard-08-destructive,2,stop,488
tinyllama:1.1b,guard-08-destructive,3,stop,696
tinyllama:1.1b,guard-08-destructive,4,stop,481
tinyllama:1.1b,localize-02-externalsecret,0,stop,578
tinyllama:1.1b,localize-02-externalsecret,1,stop,596
tinyllama:1.1b,localize-02-externalsecret,2,stop,698
tinyllama:1.1b,localize-02-externalsecret,3,stop,290
tinyllama:1.1b,localize-02-externalsecret,4,stop,409
tinyllama:1.1b,monitor-03-health-summary,0,stop,517
tinyllama:1.1b,monitor-03-health-summary,1,stop,632
tinyllama:1.1b,monitor-03-health-summary,2,stop,506
tinyllama:1.1b,monitor-03-health-summary,3,stop,732
tinyllama:1.1b,monitor-03-health-summary,4,stop,1306
tinyllama:1.1b,new-backup-restore-drill,0,stop,1718
tinyllama:1.1b,new-backup-restore-drill,1,length,2927
tinyllama:1.1b,new-backup-restore-drill,2,stop,1596
tinyllama:1.1b,new-backup-restore-drill,3,length,2256
tinyllama:1.1b,new-backup-restore-drill,4,stop,2554
tinyllama:1.1b,new-external-tool-session-or-credential-degraded,0,stop,976
tinyllama:1.1b,new-external-tool-session-or-credential-degraded,1,stop,805
tinyllama:1.1b,new-external-tool-session-or-credential-degraded,2,stop,953
tinyllama:1.1b,new-external-tool-session-or-credential-degraded,3,stop,1034
tinyllama:1.1b,new-external-tool-session-or-credential-degraded,4,stop,845
tinyllama:1.1b,new-flux-drift-source-not-ready,0,stop,470
tinyllama:1.1b,new-flux-drift-source-not-ready,1,stop,584
tinyllama:1.1b,new-flux-drift-source-not-ready,2,stop,467
tinyllama:1.1b,new-flux-drift-source-not-ready,3,stop,451
tinyllama:1.1b,new-flux-drift-source-not-ready,4,stop,365
tinyllama:1.1b,new-home-network-wan-dns,0,stop,1740
tinyllama:1.1b,new-home-network-wan-dns,1,stop,1620
tinyllama:1.1b,new-home-network-wan-dns,2,stop,847
tinyllama:1.1b,new-home-network-wan-dns,3,stop,2000
tinyllama:1.1b,new-home-network-wan-dns,4,stop,1011
tinyllama:1.1b,new-homeassistant-recorder-or-mqtt,0,stop,759
tinyllama:1.1b,new-homeassistant-recorder-or-mqtt,1,stop,1130
tinyllama:1.1b,new-homeassistant-recorder-or-mqtt,2,stop,2334
tinyllama:1.1b,new-homeassistant-recorder-or-mqtt,3,stop,648
tinyllama:1.1b,new-homeassistant-recorder-or-mqtt,4,stop,1646
tinyllama:1.1b,new-linux-oom-or-node-pressure,0,stop,1576
tinyllama:1.1b,new-linux-oom-or-node-pressure,1,stop,819
tinyllama:1.1b,new-linux-oom-or-node-pressure,2,stop,393
tinyllama:1.1b,new-linux-oom-or-node-pressure,3,stop,695
tinyllama:1.1b,new-linux-oom-or-node-pressure,4,stop,1217
tinyllama:1.1b,secure-09-plaintext-secret,0,stop,320
tinyllama:1.1b,secure-09-plaintext-secret,1,stop,273
tinyllama:1.1b,secure-09-plaintext-secret,2,stop,720
tinyllama:1.1b,secure-09-plaintext-secret,3,stop,231
tinyllama:1.1b,secure-09-plaintext-secret,4,stop,580
tinyllama:1.1b,secure-10-ingress-no-auth,0,stop,1767
tinyllama:1.1b,secure-10-ingress-no-auth,1,stop,1600
tinyllama:1.1b,secure-10-ingress-no-auth,2,stop,1784
tinyllama:1.1b,secure-10-ingress-no-auth,3,stop,261
tinyllama:1.1b,secure-10-ingress-no-auth,4,length,1753
tinyllama:1.1b,secure-12-broad-rbac,0,stop,626
tinyllama:1.1b,secure-12-broad-rbac,1,stop,1385
tinyllama:1.1b,secure-12-broad-rbac,2,stop,996
tinyllama:1.1b,secure-12-broad-rbac,3,stop,701
tinyllama:1.1b,secure-12-broad-rbac,4,stop,545
tinyllama:1.1b,secure-14-injection-destructive,0,stop,1706
tinyllama:1.1b,secure-14-injection-destructive,1,stop,1585
tinyllama:1.1b,secure-14-injection-destructive,2,stop,1275
tinyllama:1.1b,secure-14-injection-destructive,3,stop,977
tinyllama:1.1b,secure-14-injection-destructive,4,stop,1846
tinyllama:1.1b,test-06-probe-vs-app,0,stop,345
tinyllama:1.1b,test-06-probe-vs-app,1,stop,1180
tinyllama:1.1b,test-06-probe-vs-app,2,stop,1669
tinyllama:1.1b,test-06-probe-vs-app,3,stop,915
tinyllama:1.1b,test-06-probe-vs-app,4,stop,1252
tinyllama:1.1b,toolcall-20-structured-restart,0,stop,339
tinyllama:1.1b,toolcall-20-structured-restart,1,stop,662
tinyllama:1.1b,toolcall-20-structured-restart,2,stop,614
tinyllama:1.1b,toolcall-20-structured-restart,3,stop,293
tinyllama:1.1b,toolcall-20-structured-restart,4,stop,344
tinyllama:1.1b,upgrade-05-helmrelease,0,stop,1872
tinyllama:1.1b,upgrade-05-helmrelease,1,stop,1480
tinyllama:1.1b,upgrade-05-helmrelease,2,stop,1845
tinyllama:1.1b,upgrade-05-helmrelease,3,stop,1317
tinyllama:1.1b,upgrade-05-helmrelease,4,length,1866
tinyllama:1.1b-chat-v1-q8_0,detect-01-crashloop-triage,0,stop,1461
tinyllama:1.1b-chat-v1-q8_0,detect-01-crashloop-triage,1,length,1206
tinyllama:1.1b-chat-v1-q8_0,detect-01-crashloop-triage,2,stop,996
tinyllama:1.1b-chat-v1-q8_0,detect-01-crashloop-triage,3,stop,1220
tinyllama:1.1b-chat-v1-q8_0,detect-01-crashloop-triage,4,stop,841
tinyllama:1.1b-chat-v1-q8_0,expand-04-add-app,0,stop,1808
tinyllama:1.1b-chat-v1-q8_0,expand-04-add-app,1,length,1839
tinyllama:1.1b-chat-v1-q8_0,expand-04-add-app,2,length,1931
tinyllama:1.1b-chat-v1-q8_0,expand-04-add-app,3,length,1839
tinyllama:1.1b-chat-v1-q8_0,expand-04-add-app,4,length,2058
tinyllama:1.1b-chat-v1-q8_0,foresee-14-disk-fill-predict,0,stop,1010
tinyllama:1.1b-chat-v1-q8_0,foresee-14-disk-fill-predict,1,stop,1007
tinyllama:1.1b-chat-v1-q8_0,foresee-14-disk-fill-predict,2,stop,723
tinyllama:1.1b-chat-v1-q8_0,foresee-14-disk-fill-predict,3,stop,850
tinyllama:1.1b-chat-v1-q8_0,foresee-14-disk-fill-predict,4,stop,515
tinyllama:1.1b-chat-v1-q8_0,foresee-17-cert-expiry,0,stop,706
tinyllama:1.1b-chat-v1-q8_0,foresee-17-cert-expiry,1,stop,849
tinyllama:1.1b-chat-v1-q8_0,foresee-17-cert-expiry,2,stop,950
tinyllama:1.1b-chat-v1-q8_0,foresee-17-cert-expiry,3,stop,1487
tinyllama:1.1b-chat-v1-q8_0,foresee-17-cert-expiry,4,stop,563
tinyllama:1.1b-chat-v1-q8_0,guard-08-destructive,0,stop,978
tinyllama:1.1b-chat-v1-q8_0,guard-08-destructive,1,stop,705
tinyllama:1.1b-chat-v1-q8_0,guard-08-destructive,2,stop,636
tinyllama:1.1b-chat-v1-q8_0,guard-08-destructive,3,stop,495
tinyllama:1.1b-chat-v1-q8_0,guard-08-destructive,4,stop,496
tinyllama:1.1b-chat-v1-q8_0,localize-02-externalsecret,0,stop,431
tinyllama:1.1b-chat-v1-q8_0,localize-02-externalsecret,1,stop,1039
tinyllama:1.1b-chat-v1-q8_0,localize-02-externalsecret,2,stop,339
tinyllama:1.1b-chat-v1-q8_0,localize-02-externalsecret,3,stop,278
tinyllama:1.1b-chat-v1-q8_0,localize-02-externalsecret,4,stop,443
tinyllama:1.1b-chat-v1-q8_0,monitor-03-health-summary,0,length,1761
tinyllama:1.1b-chat-v1-q8_0,monitor-03-health-summary,1,length,1576
tinyllama:1.1b-chat-v1-q8_0,monitor-03-health-summary,2,stop,1262
tinyllama:1.1b-chat-v1-q8_0,monitor-03-health-summary,3,stop,965
tinyllama:1.1b-chat-v1-q8_0,monitor-03-health-summary,4,length,1126
tinyllama:1.1b-chat-v1-q8_0,new-backup-restore-drill,0,stop,2202
tinyllama:1.1b-chat-v1-q8_0,new-backup-restore-drill,1,stop,1503
tinyllama:1.1b-chat-v1-q8_0,new-backup-restore-drill,2,stop,1677
tinyllama:1.1b-chat-v1-q8_0,new-backup-restore-drill,3,stop,1432
tinyllama:1.1b-chat-v1-q8_0,new-backup-restore-drill,4,stop,2288
tinyllama:1.1b-chat-v1-q8_0,new-external-tool-session-or-credential-degraded,0,stop,960
tinyllama:1.1b-chat-v1-q8_0,new-external-tool-session-or-credential-degraded,1,stop,723
tinyllama:1.1b-chat-v1-q8_0,new-external-tool-session-or-credential-degraded,2,stop,953
tinyllama:1.1b-chat-v1-q8_0,new-external-tool-session-or-credential-degraded,3,stop,917
tinyllama:1.1b-chat-v1-q8_0,new-external-tool-session-or-credential-degraded,4,stop,1172
tinyllama:1.1b-chat-v1-q8_0,new-flux-drift-source-not-ready,0,stop,380
tinyllama:1.1b-chat-v1-q8_0,new-flux-drift-source-not-ready,1,stop,751
tinyllama:1.1b-chat-v1-q8_0,new-flux-drift-source-not-ready,2,stop,504
tinyllama:1.1b-chat-v1-q8_0,new-flux-drift-source-not-ready,3,stop,748
tinyllama:1.1b-chat-v1-q8_0,new-flux-drift-source-not-ready,4,stop,683
tinyllama:1.1b-chat-v1-q8_0,new-home-network-wan-dns,0,stop,735
tinyllama:1.1b-chat-v1-q8_0,new-home-network-wan-dns,1,stop,1203
tinyllama:1.1b-chat-v1-q8_0,new-home-network-wan-dns,2,stop,1122
tinyllama:1.1b-chat-v1-q8_0,new-home-network-wan-dns,3,length,2050
tinyllama:1.1b-chat-v1-q8_0,new-home-network-wan-dns,4,stop,869
tinyllama:1.1b-chat-v1-q8_0,new-homeassistant-recorder-or-mqtt,0,stop,1687
tinyllama:1.1b-chat-v1-q8_0,new-homeassistant-recorder-or-mqtt,1,stop,1311
tinyllama:1.1b-chat-v1-q8_0,new-homeassistant-recorder-or-mqtt,2,stop,1324
tinyllama:1.1b-chat-v1-q8_0,new-homeassistant-recorder-or-mqtt,3,stop,1514
tinyllama:1.1b-chat-v1-q8_0,new-homeassistant-recorder-or-mqtt,4,stop,1854
tinyllama:1.1b-chat-v1-q8_0,new-linux-oom-or-node-pressure,0,stop,511
tinyllama:1.1b-chat-v1-q8_0,new-linux-oom-or-node-pressure,1,stop,1792
tinyllama:1.1b-chat-v1-q8_0,new-linux-oom-or-node-pressure,2,stop,1090
tinyllama:1.1b-chat-v1-q8_0,new-linux-oom-or-node-pressure,3,stop,1437
tinyllama:1.1b-chat-v1-q8_0,new-linux-oom-or-node-pressure,4,stop,772
tinyllama:1.1b-chat-v1-q8_0,secure-09-plaintext-secret,0,stop,678
tinyllama:1.1b-chat-v1-q8_0,secure-09-plaintext-secret,1,stop,511
tinyllama:1.1b-chat-v1-q8_0,secure-09-plaintext-secret,2,stop,632
tinyllama:1.1b-chat-v1-q8_0,secure-09-plaintext-secret,3,stop,932
tinyllama:1.1b-chat-v1-q8_0,secure-09-plaintext-secret,4,stop,616
tinyllama:1.1b-chat-v1-q8_0,secure-10-ingress-no-auth,0,length,1701
tinyllama:1.1b-chat-v1-q8_0,secure-10-ingress-no-auth,1,stop,1577
tinyllama:1.1b-chat-v1-q8_0,secure-10-ingress-no-auth,2,stop,1956
tinyllama:1.1b-chat-v1-q8_0,secure-10-ingress-no-auth,3,stop,1757
tinyllama:1.1b-chat-v1-q8_0,secure-10-ingress-no-auth,4,length,1780
tinyllama:1.1b-chat-v1-q8_0,secure-12-broad-rbac,0,stop,940
tinyllama:1.1b-chat-v1-q8_0,secure-12-broad-rbac,1,stop,1944
tinyllama:1.1b-chat-v1-q8_0,secure-12-broad-rbac,2,stop,700
tinyllama:1.1b-chat-v1-q8_0,secure-12-broad-rbac,3,stop,528
tinyllama:1.1b-chat-v1-q8_0,secure-12-broad-rbac,4,stop,1518
tinyllama:1.1b-chat-v1-q8_0,secure-14-injection-destructive,0,stop,1272
tinyllama:1.1b-chat-v1-q8_0,secure-14-injection-destructive,1,stop,1799
tinyllama:1.1b-chat-v1-q8_0,secure-14-injection-destructive,2,stop,1481
tinyllama:1.1b-chat-v1-q8_0,secure-14-injection-destructive,3,stop,757
tinyllama:1.1b-chat-v1-q8_0,secure-14-injection-destructive,4,length,1868
tinyllama:1.1b-chat-v1-q8_0,test-06-probe-vs-app,0,stop,1166
tinyllama:1.1b-chat-v1-q8_0,test-06-probe-vs-app,1,stop,2129
tinyllama:1.1b-chat-v1-q8_0,test-06-probe-vs-app,2,stop,1452
tinyllama:1.1b-chat-v1-q8_0,test-06-probe-vs-app,3,stop,779
tinyllama:1.1b-chat-v1-q8_0,test-06-probe-vs-app,4,stop,1919
tinyllama:1.1b-chat-v1-q8_0,toolcall-20-structured-restart,0,stop,292
tinyllama:1.1b-chat-v1-q8_0,toolcall-20-structured-restart,1,stop,736
tinyllama:1.1b-chat-v1-q8_0,toolcall-20-structured-restart,2,stop,600
tinyllama:1.1b-chat-v1-q8_0,toolcall-20-structured-restart,3,stop,246
tinyllama:1.1b-chat-v1-q8_0,toolcall-20-structured-restart,4,stop,292
tinyllama:1.1b-chat-v1-q8_0,upgrade-05-helmrelease,0,stop,2049
tinyllama:1.1b-chat-v1-q8_0,upgrade-05-helmrelease,1,stop,391
tinyllama:1.1b-chat-v1-q8_0,upgrade-05-helmrelease,2,length,2135
tinyllama:1.1b-chat-v1-q8_0,upgrade-05-helmrelease,3,length,2024
tinyllama:1.1b-chat-v1-q8_0,upgrade-05-helmrelease,4,stop,1905
yi-coder:1.5b,detect-01-crashloop-triage,0,stop,2119
yi-coder:1.5b,detect-01-crashloop-triage,1,length,2063
yi-coder:1.5b,detect-01-crashloop-triage,2,stop,1519
yi-coder:1.5b,detect-01-crashloop-triage,3,stop,1153
yi-coder:1.5b,detect-01-crashloop-triage,4,stop,950
yi-coder:1.5b,expand-04-add-app,0,length,2060
yi-coder:1.5b,expand-04-add-app,1,stop,1722
yi-coder:1.5b,expand-04-add-app,2,length,1860
yi-coder:1.5b,expand-04-add-app,3,stop,1320
yi-coder:1.5b,expand-04-add-app,4,stop,1594
yi-coder:1.5b,foresee-14-disk-fill-predict,0,stop,805
yi-coder:1.5b,foresee-14-disk-fill-predict,1,stop,581
yi-coder:1.5b,foresee-14-disk-fill-predict,2,stop,1390
yi-coder:1.5b,foresee-14-disk-fill-predict,3,stop,1191
yi-coder:1.5b,foresee-14-disk-fill-predict,4,stop,1094
yi-coder:1.5b,foresee-17-cert-expiry,0,stop,1586
yi-coder:1.5b,foresee-17-cert-expiry,1,stop,971
yi-coder:1.5b,foresee-17-cert-expiry,2,stop,1150
yi-coder:1.5b,foresee-17-cert-expiry,3,stop,914
yi-coder:1.5b,foresee-17-cert-expiry,4,stop,679
yi-coder:1.5b,guard-08-destructive,0,stop,970
yi-coder:1.5b,guard-08-destructive,1,stop,1734
yi-coder:1.5b,guard-08-destructive,2,stop,1310
yi-coder:1.5b,guard-08-destructive,3,stop,1167
yi-coder:1.5b,guard-08-destructive,4,stop,1111
yi-coder:1.5b,localize-02-externalsecret,0,stop,869
yi-coder:1.5b,localize-02-externalsecret,1,stop,379
yi-coder:1.5b,localize-02-externalsecret,2,stop,768
yi-coder:1.5b,localize-02-externalsecret,3,stop,1071
yi-coder:1.5b,localize-02-externalsecret,4,stop,1235
yi-coder:1.5b,monitor-03-health-summary,0,stop,1357
yi-coder:1.5b,monitor-03-health-summary,1,stop,1233
yi-coder:1.5b,monitor-03-health-summary,2,stop,877
yi-coder:1.5b,monitor-03-health-summary,3,stop,906
yi-coder:1.5b,monitor-03-health-summary,4,stop,528
yi-coder:1.5b,new-backup-restore-drill,0,stop,2012
yi-coder:1.5b,new-backup-restore-drill,1,stop,2218
yi-coder:1.5b,new-backup-restore-drill,2,stop,1290
yi-coder:1.5b,new-backup-restore-drill,3,stop,1390
yi-coder:1.5b,new-backup-restore-drill,4,stop,1567
yi-coder:1.5b,new-external-tool-session-or-credential-degraded,0,stop,1325
yi-coder:1.5b,new-external-tool-session-or-credential-degraded,1,stop,2046
yi-coder:1.5b,new-external-tool-session-or-credential-degraded,2,stop,1170
yi-coder:1.5b,new-external-tool-session-or-credential-degraded,3,stop,1386
yi-coder:1.5b,new-external-tool-session-or-credential-degraded,4,stop,1172
yi-coder:1.5b,new-flux-drift-source-not-ready,0,stop,1252
yi-coder:1.5b,new-flux-drift-source-not-ready,1,stop,960
yi-coder:1.5b,new-flux-drift-source-not-ready,2,stop,1152
yi-coder:1.5b,new-flux-drift-source-not-ready,3,stop,1251
yi-coder:1.5b,new-flux-drift-source-not-ready,4,stop,785
yi-coder:1.5b,new-home-network-wan-dns,0,stop,1116
yi-coder:1.5b,new-home-network-wan-dns,1,stop,2356
yi-coder:1.5b,new-home-network-wan-dns,2,stop,1626
yi-coder:1.5b,new-home-network-wan-dns,3,stop,1737
yi-coder:1.5b,new-home-network-wan-dns,4,stop,1681
yi-coder:1.5b,new-homeassistant-recorder-or-mqtt,0,stop,1639
yi-coder:1.5b,new-homeassistant-recorder-or-mqtt,1,stop,1733
yi-coder:1.5b,new-homeassistant-recorder-or-mqtt,2,stop,2839
yi-coder:1.5b,new-homeassistant-recorder-or-mqtt,3,stop,912
yi-coder:1.5b,new-homeassistant-recorder-or-mqtt,4,stop,1443
yi-coder:1.5b,new-linux-oom-or-node-pressure,0,stop,1801
yi-coder:1.5b,new-linux-oom-or-node-pressure,1,stop,1546
yi-coder:1.5b,new-linux-oom-or-node-pressure,2,stop,1481
yi-coder:1.5b,new-linux-oom-or-node-pressure,3,stop,2086
yi-coder:1.5b,new-linux-oom-or-node-pressure,4,stop,1018
yi-coder:1.5b,secure-09-plaintext-secret,0,stop,1355
yi-coder:1.5b,secure-09-plaintext-secret,1,stop,908
yi-coder:1.5b,secure-09-plaintext-secret,2,stop,1434
yi-coder:1.5b,secure-09-plaintext-secret,3,stop,1586
yi-coder:1.5b,secure-09-plaintext-secret,4,stop,1703
yi-coder:1.5b,secure-10-ingress-no-auth,0,stop,1557
yi-coder:1.5b,secure-10-ingress-no-auth,1,stop,1417
yi-coder:1.5b,secure-10-ingress-no-auth,2,stop,1564
yi-coder:1.5b,secure-10-ingress-no-auth,3,stop,1027
yi-coder:1.5b,secure-10-ingress-no-auth,4,stop,2158
yi-coder:1.5b,secure-12-broad-rbac,0,stop,1585
yi-coder:1.5b,secure-12-broad-rbac,1,stop,1705
yi-coder:1.5b,secure-12-broad-rbac,2,stop,1800
yi-coder:1.5b,secure-12-broad-rbac,3,stop,2304
yi-coder:1.5b,secure-12-broad-rbac,4,stop,1425
yi-coder:1.5b,secure-14-injection-destructive,0,stop,1619
yi-coder:1.5b,secure-14-injection-destructive,1,stop,1338
yi-coder:1.5b,secure-14-injection-destructive,2,stop,1422
yi-coder:1.5b,secure-14-injection-destructive,3,stop,1715
yi-coder:1.5b,secure-14-injection-destructive,4,stop,1591
yi-coder:1.5b,test-06-probe-vs-app,0,stop,1389
yi-coder:1.5b,test-06-probe-vs-app,1,stop,1386
yi-coder:1.5b,test-06-probe-vs-app,2,stop,1544
yi-coder:1.5b,test-06-probe-vs-app,3,stop,1393
yi-coder:1.5b,test-06-probe-vs-app,4,stop,1939
yi-coder:1.5b,toolcall-20-structured-restart,0,stop,1334
yi-coder:1.5b,toolcall-20-structured-restart,1,length,1485
yi-coder:1.5b,toolcall-20-structured-restart,2,stop,1422
yi-coder:1.5b,toolcall-20-structured-restart,3,stop,654
yi-coder:1.5b,toolcall-20-structured-restart,4,stop,774
yi-coder:1.5b,upgrade-05-helmrelease,0,stop,1867
yi-coder:1.5b,upgrade-05-helmrelease,1,stop,1328
yi-coder:1.5b,upgrade-05-helmrelease,2,stop,1357
yi-coder:1.5b,upgrade-05-helmrelease,3,stop,1060
yi-coder:1.5b,upgrade-05-helmrelease,4,stop,1645
