arm,model,point_quality,point_cost_wh,point_quality_status,point_cost_status,point_rank,point_pareto,point_selection_status,valid_draws,quality_unavailable_draws,cost_unavailable_draws,infinite_cost_draws,rank_mean,rank_q025,rank_q975,pareto_probability,point_top_1_credit,top_1_probability,point_top_5_credit,top_5_probability,point_top_10_credit,top_10_probability,assigned_attempts,proxy_attempts,proxy_rate,length_attempts_retained,blank_attempts,dnf_attempts,raw_score_ge3_attempts,total_assigned_wh,proxy_draw_min,proxy_draw_max,proxy_zero_denominator_draws,positive_draw_min,positive_draw_max,positive_zero_denominator_draws
mean-per-attempt,codegemma:2b,1.07,0.10250499999999999,estimable,finite,134.0,False,estimable,4000,0,0,0,133.977,130.0,137.0,0.0,0.0,0.0,0.0,0.0,0.0,0.0,100,100,1.0,51,0,0,0,10.250499999999999,100,100,0,0,0,4000
mean-per-attempt,codegemma:2b-code-q6_K,1.235,0.0531285,estimable,finite,128.0,False,estimable,4000,0,0,0,124.544125,106.5,134.0,0.0,0.0,0.0,0.0,0.0,0.0,0.0,100,99,0.99,11,0,1,3,5.31285,94,100,0,0,15,1454
mean-per-attempt,cogito:3b,2.365,0.0465268,estimable,finite,52.5,False,estimable,4000,0,0,0,48.862,32.0,62.0,0.0435,0.0,0.0,0.0,0.0,0.0,0.0,100,100,1.0,0,0,0,42,4.65268,100,100,0,15,71,0
mean-per-attempt,cogito:3b-v1-preview-llama-q8_0,2.37,0.0701172,estimable,finite,51.0,False,estimable,4000,0,0,0,48.43575,32.0,61.5,0.0,0.0,0.0,0.0,0.0,0.0,0.0,100,100,1.0,0,0,0,43,7.01172,100,100,0,12,75,0
mean-per-attempt,deepseek-coder:1.3b,1.37,0.0654276,estimable,finite,116.0,False,estimable,4000,0,0,0,115.23575,106.0,123.5,0.0,0.0,0.0,0.0,0.0,0.0,0.0,100,100,1.0,37,0,0,2,6.54276,100,100,0,0,8,487
mean-per-attempt,deepseek-coder:1.3b-instruct-q8_0,1.395,0.097566,estimable,finite,112.5,False,estimable,4000,0,0,0,114.07025,102.0,127.0,0.0,0.0,0.0,0.0,0.0,0.0,0.0,100,100,1.0,45,0,0,3,9.7566,100,100,0,0,13,509
mean-per-attempt,falcon3:1b,1.545,0.09954219999999997,estimable,finite,103.0,False,estimable,4000,0,0,0,103.254125,90.5,114.0,0.0,0.0,0.0,0.0,0.0,0.0,0.0,100,89,0.89,44,11,0,9,9.954219999999998,71,100,0,0,35,41
mean-per-attempt,falcon3:1b-instruct-q8_0,1.54,0.09960649999999997,estimable,finite,104.0,False,estimable,4000,0,0,0,103.80425,91.5,114.51250000000005,0.0,0.0,0.0,0.0,0.0,0.0,0.0,100,89,0.89,44,11,0,8,9.960649999999998,71,100,0,0,33,174
mean-per-attempt,falcon3:3b,1.985,0.0586016,estimable,finite,72.0,False,estimable,4000,0,0,0,73.235,62.5,88.0,0.0,0.0,0.0,0.0,0.0,0.0,0.0,100,91,0.91,2,9,0,24,5.86016,68,100,0,6,48,0
mean-per-attempt,falcon3:3b-instruct-q4_K_M,1.995,0.058018900000000005,estimable,finite,70.0,False,estimable,4000,0,0,0,72.422875,61.0,87.5,0.0,0.0,0.0,0.0,0.0,0.0,0.0,100,91,0.91,2,9,0,27,5.80189,68,100,0,8,59,0
mean-per-attempt,falcon3:3b-instruct-q8_0,2.22,0.09732470000000001,estimable,finite,62.5,False,estimable,4000,0,0,0,60.183625,42.0,75.0,0.0,0.0,0.0,0.0,0.0,0.0,0.0,100,93,0.93,1,7,0,32,9.732470000000001,78,100,0,7,57,0
mean-per-attempt,gemma2:2b,2.385,0.06473620000000001,estimable,finite,49.5,False,estimable,4000,0,0,0,46.401375,23.5,64.0,0.0,0.0,0.0,0.0,0.0,0.0,0.00025,100,100,1.0,0,0,0,41,6.47362,100,100,0,15,72,0
mean-per-attempt,gemma2:2b-instruct-q4_K_M,2.54,0.06000190000000001,estimable,finite,28.0,False,estimable,4000,0,0,0,31.497625,17.0,49.0,0.0,0.0,0.0,0.0,0.0,0.0,0.001,100,100,1.0,0,0,0,46,6.000190000000001,100,100,0,16,75,0
mean-per-attempt,gemma2:2b-instruct-q8_0,2.445,0.0859835,estimable,finite,43.0,False,estimable,4000,0,0,0,40.5675,21.0,59.0,0.0,0.0,0.0,0.0,0.0,0.0,0.0,100,100,1.0,0,0,0,46,8.59835,100,100,0,13,77,0
mean-per-attempt,gemma3:1b,1.855,0.0230552,estimable,finite,80.5,False,estimable,4000,0,0,0,80.96475,69.5,92.0,0.02725,0.0,0.0,0.0,0.0,0.0,0.0,100,100,1.0,0,0,0,13,2.30552,100,100,0,0,36,18
mean-per-attempt,gemma3:1b-it-q8_0,1.79,0.023906599999999997,estimable,finite,86.5,False,estimable,4000,0,0,0,86.05575,74.0,99.0,0.00225,0.0,0.0,0.0,0.0,0.0,0.0,100,100,1.0,0,0,0,16,2.3906599999999996,100,100,0,2,43,0
mean-per-attempt,gemma3:1b-it-qat,1.99,0.020576200000000003,estimable,finite,71.0,False,estimable,4000,0,0,0,72.219625,56.0,88.0,0.4885,0.0,0.0,0.0,0.0,0.0,0.0,100,100,1.0,0,0,0,25,2.0576200000000004,100,100,0,5,49,0
mean-per-attempt,gemma3:270m,1.28,0.0052651,estimable,finite,122.5,True,estimable,4000,0,0,0,122.575,113.0,130.0,0.9925,0.0,0.0,0.0,0.0,0.0,0.0,100,100,1.0,0,0,0,2,0.52651,100,100,0,0,9,522
mean-per-attempt,gemma3:270m-it-qat,1.245,0.007723500000000001,estimable,finite,127.0,False,estimable,4000,0,0,0,125.2845,117.0,130.0,0.139,0.0,0.0,0.0,0.0,0.0,0.0,100,100,1.0,9,0,0,4,0.7723500000000001,100,100,0,0,18,522
mean-per-attempt,gemma3:4b,2.94,0.0641429,estimable,finite,9.0,False,estimable,4000,0,0,0,10.521625,6.0,18.5,0.01175,0.0,0.0,0.0,0.00375,1.0,0.5805,100,100,1.0,0,0,0,60,6.41429,100,100,0,29,90,0
mean-per-attempt,gemma3:4b-it-q4_K_M,2.88,0.06425800000000001,estimable,finite,11.0,False,estimable,4000,0,0,0,13.37,8.0,22.5,0.00025,0.0,0.0,0.0,0.00025,0.0,0.24908333333333332,100,100,1.0,0,0,0,61,6.425800000000001,100,100,0,29,92,0
mean-per-attempt,gemma3:4b-it-q8_0,2.78,0.08659489999999997,estimable,finite,18.0,False,estimable,4000,0,0,0,19.127375,9.0,45.0,0.0,0.0,0.0,0.0,0.0,0.0,0.08664583333333332,100,100,1.0,0,0,0,56,8.659489999999998,100,100,0,26,87,0
mean-per-attempt,gemma3:4b-it-qat,2.715,0.07702389999999999,estimable,finite,21.0,False,estimable,4000,0,0,0,22.81875,10.0,49.0,0.0,0.0,0.0,0.0,0.0,0.0,0.0363125,100,100,1.0,0,0,0,50,7.702389999999999,100,100,0,20,79,0
mean-per-attempt,gemma3n:e2b,2.835,0.0648302,estimable,finite,14.0,False,estimable,4000,0,0,0,15.65475,7.0,34.0,0.0,0.0,0.0,0.0,0.00025,0.0,0.24010416666666665,100,100,1.0,0,0,0,59,6.48302,100,100,0,21,93,0
mean-per-attempt,gemma4:e2b-it-qat,3.185,0.0504522,estimable,finite,5.0,True,estimable,4000,0,0,0,5.407625,3.0,9.0,0.99425,0.0,0.000625,1.0,0.6683750000000002,1.0,0.993875,100,100,1.0,0,0,0,72,5.0452200000000005,100,100,0,44,94,0
mean-per-attempt,gemma:2b,1.775,0.048510500000000005,estimable,finite,88.5,False,estimable,4000,0,0,0,86.81775,67.98750000000001,105.0,0.0,0.0,0.0,0.0,0.0,0.0,0.0,100,100,1.0,2,0,0,13,4.851050000000001,100,100,0,0,38,3
mean-per-attempt,gemma:2b-instruct-q4_K_M,1.83,0.04429810000000001,estimable,finite,85.0,False,estimable,4000,0,0,0,82.887125,62.0,101.0,0.0005,0.0,0.0,0.0,0.0,0.0,0.0,100,100,1.0,1,0,0,17,4.429810000000001,100,100,0,1,44,0
mean-per-attempt,gemma:2b-instruct-q8_0,1.79,0.06085420000000001,estimable,finite,86.5,False,estimable,4000,0,0,0,85.54525,66.48750000000001,102.0,0.0,0.0,0.0,0.0,0.0,0.0,0.0,100,100,1.0,0,0,0,17,6.085420000000001,100,100,0,0,41,1
mean-per-attempt,granite3.1-dense:2b,2.46,0.08316719999999998,estimable,finite,40.0,False,estimable,4000,0,0,0,39.704,22.0,58.5,0.0,0.0,0.0,0.0,0.0,0.0,0.0,100,100,1.0,2,0,0,47,8.316719999999998,100,100,0,15,75,0
mean-per-attempt,granite3.1-dense:2b-instruct-q8_0,2.59,0.1141953,estimable,finite,26.0,False,estimable,4000,0,0,0,27.85525,15.487500000000004,43.5,0.0,0.0,0.0,0.0,0.0,0.0,0.001625,100,100,1.0,0,0,0,48,11.41953,100,100,0,13,84,0
mean-per-attempt,granite3.1-moe:3b,1.875,0.0334147,estimable,finite,77.0,False,estimable,4000,0,0,0,79.948125,68.0,96.0,0.006,0.0,0.0,0.0,0.0,0.0,0.0,100,100,1.0,2,0,0,21,3.34147,100,100,0,4,49,0
mean-per-attempt,granite3.2:2b,2.52,0.1216954,estimable,finite,31.0,False,estimable,4000,0,0,0,34.115375,18.0,53.5,0.0,0.0,0.0,0.0,0.0,0.0,0.0,100,100,1.0,11,0,0,50,12.16954,100,100,0,15,82,0
mean-per-attempt,granite3.2:2b-instruct-q4_K_M,2.535,0.1221751,estimable,finite,29.0,False,estimable,4000,0,0,0,32.45425,16.5,51.5,0.0,0.0,0.0,0.0,0.0,0.0,0.0,100,100,1.0,11,0,0,51,12.217509999999999,100,100,0,16,81,0
mean-per-attempt,granite3.3:2b,2.475,0.0769426,estimable,finite,37.0,False,estimable,4000,0,0,0,38.77475,23.0,57.5,0.0,0.0,0.0,0.0,0.0,0.0,0.0,100,100,1.0,0,0,0,45,7.69426,100,100,0,17,72,0
mean-per-attempt,granite4.1:3b,2.98,0.074758,estimable,finite,8.0,False,estimable,4000,0,0,0,9.710875,5.0,18.0,0.08775,0.0,0.0,0.0,0.07454166666666667,1.0,0.6486458333333333,100,100,1.0,0,0,0,64,7.4758000000000004,100,100,0,33,92,0
mean-per-attempt,granite4:1b-h,2.235,0.028435600000000005,estimable,finite,61.0,True,estimable,4000,0,0,0,58.34825,36.0,72.0,0.818,0.0,0.0,0.0,0.0,0.0,0.0,100,100,1.0,0,0,0,29,2.8435600000000005,100,100,0,4,60,0
mean-per-attempt,granite4:350m,1.525,0.012930599999999999,estimable,finite,107.0,False,estimable,4000,0,0,0,104.12975,91.5,113.0,0.23475,0.0,0.0,0.0,0.0,0.0,0.0,100,100,1.0,0,0,0,7,1.2930599999999999,100,100,0,0,19,10
mean-per-attempt,granite4:350m-bf16,1.51,0.012712099999999999,estimable,finite,108.0,False,estimable,4000,0,0,0,105.443125,94.5,113.5,0.258,0.0,0.0,0.0,0.0,0.0,0.0,100,100,1.0,0,0,0,5,1.27121,100,100,0,0,18,142
mean-per-attempt,granite4:350m-h,1.59,0.0080541,estimable,finite,100.0,True,estimable,4000,0,0,0,100.030875,86.0,113.5,0.992,0.0,0.0,0.0,0.0,0.0,0.0,100,100,1.0,0,0,0,9,0.80541,100,100,0,0,22,6
mean-per-attempt,granite4:micro,2.72,0.0798973,estimable,finite,20.0,False,estimable,4000,0,0,0,20.423,12.0,31.0,0.0,0.0,0.0,0.0,0.0,0.0,0.007208333333333333,100,100,1.0,0,0,0,59,7.989730000000001,100,100,0,33,83,0
mean-per-attempt,granite4:micro-h,3.015,0.0651603,estimable,finite,7.0,False,estimable,4000,0,0,0,8.26675,5.0,14.0,0.1165,0.0,0.0,0.0,0.07416666666666667,1.0,0.8234166666666668,100,100,1.0,0,0,0,70,6.516030000000001,100,100,0,41,94,0
mean-per-attempt,hf.co/LiquidAI/LFM2-1.2B-GGUF:Q4_K_M,1.86,0.0186997,estimable,finite,78.5,True,estimable,4000,0,0,0,80.7865,70.0,93.51250000000005,0.4315,0.0,0.0,0.0,0.0,0.0,0.0,100,100,1.0,0,0,0,15,1.86997,100,100,0,1,35,0
mean-per-attempt,hf.co/LiquidAI/LFM2-1.2B-GGUF:Q8_0,1.95,0.030554,estimable,finite,75.0,False,estimable,4000,0,0,0,74.753,66.5,86.0,0.06925,0.0,0.0,0.0,0.0,0.0,0.0,100,100,1.0,0,0,0,19,3.0554,100,100,0,5,45,0
mean-per-attempt,hf.co/LiquidAI/LFM2-350M-GGUF:Q4_K_M,1.325,0.011277400000000002,estimable,finite,119.5,False,estimable,4000,0,0,0,118.9725,111.0,127.5,0.00275,0.0,0.0,0.0,0.0,0.0,0.0,100,100,1.0,0,0,0,2,1.1277400000000002,100,100,0,0,8,478
mean-per-attempt,hf.co/LiquidAI/LFM2-700M-GGUF:Q4_K_M,1.395,0.0220955,estimable,finite,112.5,False,estimable,4000,0,0,0,113.151625,103.0,122.5,0.0,0.0,0.0,0.0,0.0,0.0,0.0,100,100,1.0,4,0,0,2,2.20955,100,100,0,0,7,482
mean-per-attempt,hf.co/NousResearch/Hermes-3-Llama-3.2-3B-GGUF:Q4_K_M,2.11,0.0769492,estimable,finite,66.5,False,estimable,4000,0,0,0,65.61425,52.0,74.5,0.0,0.0,0.0,0.0,0.0,0.0,0.0,100,100,1.0,0,0,0,30,7.69492,100,100,0,10,56,0
mean-per-attempt,hf.co/NousResearch/Hermes-3-Llama-3.2-3B-GGUF:Q8_0,2.22,0.0991791,estimable,finite,62.5,False,estimable,4000,0,0,0,60.234625,47.0,70.0,0.0,0.0,0.0,0.0,0.0,0.0,0.0,100,100,1.0,0,0,0,36,9.917910000000001,100,100,0,7,62,0
mean-per-attempt,hf.co/Qwen/Qwen2.5-1.5B-Instruct-GGUF:Q4_K_M,2.075,0.038428699999999996,estimable,finite,68.0,False,estimable,4000,0,0,0,67.2155,42.5,81.0,0.048,0.0,0.0,0.0,0.0,0.0,0.0,100,100,1.0,1,0,0,25,3.8428699999999996,100,100,0,3,55,0
mean-per-attempt,hf.co/Qwen/Qwen2.5-3B-Instruct-GGUF:Q4_K_M,2.65,0.09588630000000001,estimable,finite,24.0,False,estimable,4000,0,0,0,24.901125,15.5,40.512500000000045,0.0,0.0,0.0,0.0,0.0,0.0,0.00025,100,100,1.0,6,0,0,54,9.58863,100,100,0,27,79,0
mean-per-attempt,hf.co/Qwen/Qwen3-4B-GGUF:Q4_K_M,2.875,0.2571047,estimable,finite,12.0,False,estimable,4000,0,0,0,13.382,7.0,23.0,0.0,0.0,0.0,0.0,0.002625,0.0,0.32160416666666675,100,99,0.99,93,0,1,57,25.71047,93,100,0,28,88,0
mean-per-attempt,hf.co/allenai/OLMo-2-0425-1B-Instruct-GGUF:Q4_K_M,1.695,0.061812700000000005,estimable,finite,92.0,False,estimable,4000,0,0,0,92.633125,84.0,102.0,0.0,0.0,0.0,0.0,0.0,0.0,0.0,100,100,1.0,10,0,0,9,6.1812700000000005,100,100,0,0,32,13
mean-per-attempt,hf.co/bartowski/Llama-3.2-3B-Instruct-GGUF:IQ4_XS,2.385,0.06516,estimable,finite,49.5,False,estimable,4000,0,0,0,47.2675,32.5,60.012500000000045,0.0,0.0,0.0,0.0,0.0,0.0,0.0,100,100,1.0,0,0,0,41,6.516,100,100,0,13,66,0
mean-per-attempt,hf.co/bartowski/Llama-3.2-3B-Instruct-GGUF:Q3_K_L,2.25,0.06620140000000001,estimable,finite,59.0,False,estimable,4000,0,0,0,58.356,46.5,68.0,0.0,0.0,0.0,0.0,0.0,0.0,0.0,100,100,1.0,0,0,0,35,6.62014,100,100,0,10,65,0
mean-per-attempt,hf.co/bartowski/Llama-3.2-3B-Instruct-GGUF:Q5_K_M,2.52,0.07428490000000001,estimable,finite,31.0,False,estimable,4000,0,0,0,33.137875,22.0,45.0,0.0,0.0,0.0,0.0,0.0,0.0,0.0,100,100,1.0,0,0,0,46,7.428490000000001,100,100,0,16,73,0
mean-per-attempt,hf.co/bartowski/Llama-3.2-3B-Instruct-GGUF:Q6_K,2.42,0.0734838,estimable,finite,46.0,False,estimable,4000,0,0,0,44.108875,35.0,54.0,0.0,0.0,0.0,0.0,0.0,0.0,0.0,100,100,1.0,0,0,0,38,7.34838,100,100,0,15,62,0
mean-per-attempt,hf.co/ggml-org/SmolLM3-3B-GGUF:Q4_K_M,2.245,0.110296,estimable,finite,60.0,False,estimable,4000,0,0,0,58.0145,41.0,68.0,0.0,0.0,0.0,0.0,0.0,0.0,0.0,100,95,0.95,7,5,0,37,11.0296,88,100,0,13,63,0
mean-per-attempt,hf.co/ggml-org/SmolLM3-3B-GGUF:Q8_0,2.295,0.13829260000000002,estimable,finite,56.0,False,estimable,4000,0,0,0,54.328,36.0,67.0,0.0,0.0,0.0,0.0,0.0,0.0,0.0,100,97,0.97,2,3,0,37,13.829260000000001,91,100,0,12,59,0
mean-per-attempt,hf.co/openbmb/MiniCPM3-4B-GGUF:Q4_K_M,2.315,0.0784251,estimable,finite,55.0,False,estimable,4000,0,0,0,53.749625,38.0,65.0,0.0,0.0,0.0,0.0,0.0,0.0,0.0,100,99,0.99,0,0,1,38,7.84251,95,100,0,12,63,0
mean-per-attempt,hf.co/tiiuae/Falcon-H1-0.5B-Instruct-GGUF:Q4_K_M,1.69,0.034294200000000004,estimable,finite,93.0,False,estimable,4000,0,0,0,93.085,79.5,107.0,0.0,0.0,0.0,0.0,0.0,0.0,0.0,100,100,1.0,15,0,0,13,3.4294200000000004,100,100,0,1,34,0
mean-per-attempt,hf.co/tiiuae/Falcon-H1-1.5B-Deep-Instruct-GGUF:IQ4_XS,2.365,0.1053772,estimable,finite,52.5,False,estimable,4000,0,0,0,48.6895,29.0,64.0,0.0,0.0,0.0,0.0,0.0,0.0,0.0,100,100,1.0,7,0,0,41,10.53772,100,100,0,13,69,0
mean-per-attempt,hf.co/tiiuae/Falcon-H1-1.5B-Deep-Instruct-GGUF:Q4_K_M,2.39,0.09332829999999999,estimable,finite,48.0,False,estimable,4000,0,0,0,46.08975,25.0,62.0,0.0,0.0,0.0,0.0,0.0,0.0,0.00025,100,100,1.0,7,0,0,42,9.33283,100,100,0,13,71,0
mean-per-attempt,hf.co/tiiuae/Falcon-H1-3B-Instruct-GGUF:Q4_K_M,2.915,0.12489019999999998,estimable,finite,10.0,False,estimable,4000,0,0,0,11.798625,6.0,21.0,0.0,0.0,0.0,0.0,0.009208333333333334,1.0,0.4505,100,100,1.0,1,0,0,64,12.489019999999998,100,100,0,30,92,0
mean-per-attempt,hf.co/unsloth/Llama-3.2-1B-Instruct-GGUF:Q4_K_M,1.615,0.0180221,estimable,finite,98.0,False,estimable,4000,0,0,0,98.47475,86.0,109.5,0.029,0.0,0.0,0.0,0.0,0.0,0.0,100,100,1.0,0,0,0,7,1.80221,100,100,0,0,24,45
mean-per-attempt,hf.co/unsloth/Phi-4-mini-instruct-GGUF:Q4_K_M,2.49,0.10440899999999999,estimable,finite,35.0,False,estimable,4000,0,0,0,36.38925,20.0,54.0,0.0,0.0,0.0,0.0,0.0,0.0,0.0,100,100,1.0,3,0,0,46,10.4409,100,100,0,20,71,0
mean-per-attempt,hf.co/unsloth/Qwen3-4B-GGUF:Q4_K_M,3.38,0.09334010000000001,estimable,finite,3.0,True,estimable,4000,0,0,0,2.984625,1.0,5.0,0.91875,0.0,0.15820833333333334,1.0,0.9790833333333334,1.0,1.0,100,100,1.0,0,0,0,72,9.334010000000001,100,100,0,42,96,0
mean-per-attempt,internlm2:1.8b,1.49,0.030893100000000003,estimable,finite,109.0,False,estimable,4000,0,0,0,107.331875,98.0,118.0,0.0,0.0,0.0,0.0,0.0,0.0,0.0,100,93,0.93,3,7,0,4,3.0893100000000002,85,100,0,0,11,58
mean-per-attempt,llama3.2:1b,1.645,0.0269072,estimable,finite,96.0,False,estimable,4000,0,0,0,95.420375,84.5,105.5,0.0,0.0,0.0,0.0,0.0,0.0,0.0,100,100,1.0,0,0,0,6,2.69072,100,100,0,0,14,12
mean-per-attempt,llama3.2:1b-instruct-q4_K_M,1.53,0.022604799999999994,estimable,finite,106.0,False,estimable,4000,0,0,0,104.473125,95.0,114.0,0.0,0.0,0.0,0.0,0.0,0.0,0.0,100,100,1.0,1,0,0,8,2.2604799999999994,100,100,0,0,22,12
mean-per-attempt,llama3.2:1b-instruct-q8_0,1.625,0.026446500000000005,estimable,finite,97.0,False,estimable,4000,0,0,0,97.543,87.0,108.0,0.0,0.0,0.0,0.0,0.0,0.0,0.0,100,100,1.0,0,0,0,6,2.6446500000000004,100,100,0,0,14,12
mean-per-attempt,llama3.2:3b,2.515,0.05392730000000001,estimable,finite,33.0,False,estimable,4000,0,0,0,33.590875,19.487500000000004,50.0,0.00125,0.0,0.0,0.0,0.0,0.0,0.0,100,100,1.0,0,0,0,47,5.392730000000001,100,100,0,18,78,0
mean-per-attempt,llama3.2:3b-instruct-q4_K_M,2.435,0.053858199999999995,estimable,finite,44.0,False,estimable,4000,0,0,0,42.07825,27.0,57.0,0.00075,0.0,0.0,0.0,0.0,0.0,0.0,100,100,1.0,0,0,0,41,5.38582,100,100,0,12,73,0
mean-per-attempt,llama3.2:3b-instruct-q8_0,2.5,0.08039449999999998,estimable,finite,34.0,False,estimable,4000,0,0,0,35.813625,21.0,51.5,0.0,0.0,0.0,0.0,0.0,0.0,0.0,100,100,1.0,0,0,0,46,8.039449999999999,100,100,0,20,74,0
mean-per-attempt,ministral-3:3b,2.81,0.10715520000000002,estimable,finite,16.0,False,estimable,4000,0,0,0,16.167875,9.0,25.0,0.0,0.0,0.0,0.0,0.0,0.0,0.0655625,100,100,1.0,1,0,0,55,10.715520000000001,100,100,0,26,82,0
mean-per-attempt,nemotron-mini:4b,1.66,0.0678951,estimable,finite,95.0,False,estimable,4000,0,0,0,95.082,84.5,105.0,0.0,0.0,0.0,0.0,0.0,0.0,0.0,100,100,1.0,2,0,0,8,6.78951,100,100,0,0,20,11
mean-per-attempt,nemotron-mini:4b-instruct-q4_K_M,1.665,0.06775320000000001,estimable,finite,94.0,False,estimable,4000,0,0,0,94.607375,82.0,106.5,0.0,0.0,0.0,0.0,0.0,0.0,0.0,100,100,1.0,2,0,0,11,6.775320000000001,100,100,0,0,28,4
mean-per-attempt,nemotron-mini:4b-instruct-q8_0,1.745,0.11059119999999999,estimable,finite,90.0,False,estimable,4000,0,0,0,89.24225,80.98750000000001,99.0,0.0,0.0,0.0,0.0,0.0,0.0,0.0,100,99,0.99,3,1,0,18,11.059119999999998,93,100,0,4,36,0
mean-per-attempt,opencoder:1.5b,1.535,0.07436240000000001,estimable,finite,105.0,False,estimable,4000,0,0,0,104.058125,90.48750000000001,117.0,0.0,0.0,0.0,0.0,0.0,0.0,0.0,100,100,1.0,2,0,0,7,7.436240000000001,100,100,0,0,23,58
mean-per-attempt,phi3.5:3.8b,2.395,0.14908549999999998,estimable,finite,47.0,False,estimable,4000,0,0,0,46.40675,29.5,62.512500000000045,0.0,0.0,0.0,0.0,0.0,0.0,0.0,100,100,1.0,24,0,0,39,14.908549999999998,100,100,0,13,63,0
mean-per-attempt,phi3.5:3.8b-mini-instruct-q8_0,2.565,0.2185186,estimable,finite,27.0,False,estimable,4000,0,0,0,31.64875,20.0,50.0,0.0,0.0,0.0,0.0,0.0,0.0,0.0,100,87,0.87,7,0,13,47,21.851860000000002,64,100,0,18,80,0
mean-per-attempt,phi3:3.8b,2.11,0.10969870000000002,estimable,finite,66.5,False,estimable,4000,0,0,0,67.060125,60.0,76.0,0.0,0.0,0.0,0.0,0.0,0.0,0.0,100,100,1.0,9,0,0,31,10.969870000000002,100,100,0,10,56,0
mean-per-attempt,phi3:3.8b-mini-128k-instruct-q8_0,2.33,0.12320129999999999,estimable,finite,54.0,False,estimable,4000,0,0,0,51.927625,34.987500000000004,65.0,0.0,0.0,0.0,0.0,0.0,0.0,0.0,100,97,0.97,2,0,3,40,12.320129999999999,90,100,0,14,70,0
mean-per-attempt,phi3:mini,2.18,0.10882840000000002,estimable,finite,64.0,False,estimable,4000,0,0,0,62.517625,54.0,70.5,0.0,0.0,0.0,0.0,0.0,0.0,0.0,100,100,1.0,9,0,0,32,10.882840000000002,100,100,0,8,56,0
mean-per-attempt,phi3:mini-128k,2.16,0.1089084,estimable,finite,65.0,False,estimable,4000,0,0,0,63.746875,55.0,71.0,0.0,0.0,0.0,0.0,0.0,0.0,0.0,100,100,1.0,9,0,0,34,10.89084,100,100,0,11,60,0
mean-per-attempt,phi3:mini-4k,2.255,0.1537809,estimable,finite,58.0,False,estimable,4000,0,0,0,57.618875,42.0,68.0,0.0,0.0,0.0,0.0,0.0,0.0,0.0,100,100,1.0,22,0,0,34,15.37809,100,100,0,7,65,0
mean-per-attempt,phi4-mini,2.46,0.0958175,estimable,finite,40.0,False,estimable,4000,0,0,0,39.62575,23.0,56.5,0.0,0.0,0.0,0.0,0.0,0.0,0.0,100,100,1.0,2,0,0,42,9.58175,100,100,0,14,72,0
mean-per-attempt,phi4-mini-reasoning,2.46,0.2828102,estimable,finite,40.0,False,estimable,4000,0,0,0,39.84675,19.0,63.0,0.0,0.0,0.0,0.0,0.0,0.0,0.0,100,97,0.97,92,0,3,44,28.28102,90,100,0,17,73,0
mean-per-attempt,qwen2-math:1.5b,1.28,0.0745381,estimable,finite,122.5,False,estimable,4000,0,0,0,122.687625,113.0,130.0,0.0,0.0,0.0,0.0,0.0,0.0,0.0,100,100,1.0,17,0,0,3,7.45381,100,100,0,0,13,522
mean-per-attempt,qwen2.5-coder:0.5b,1.57,0.025064600000000003,estimable,finite,102.0,False,estimable,4000,0,0,0,101.2415,90.0,110.5,0.001,0.0,0.0,0.0,0.0,0.0,0.0,100,100,1.0,7,0,0,10,2.50646,100,100,0,0,29,5
mean-per-attempt,qwen2.5-coder:1.5b,1.955,0.05254289999999999,estimable,finite,74.0,False,estimable,4000,0,0,0,74.62375,66.0,85.0,0.0,0.0,0.0,0.0,0.0,0.0,0.0,100,100,1.0,4,0,0,26,5.254289999999999,100,100,0,10,48,0
mean-per-attempt,qwen2.5-coder:1.5b-instruct-q8_0,1.92,0.0742927,estimable,finite,76.0,False,estimable,4000,0,0,0,76.33325,70.0,84.0,0.0,0.0,0.0,0.0,0.0,0.0,0.0,100,100,1.0,7,0,0,17,7.42927,100,100,0,3,35,0
mean-per-attempt,qwen2.5-coder:3b,2.425,0.094148,estimable,finite,45.0,False,estimable,4000,0,0,0,43.8365,26.5,62.0,0.0,0.0,0.0,0.0,0.0,0.0,0.0,100,100,1.0,4,0,0,37,9.4148,100,100,0,8,63,0
mean-per-attempt,qwen2.5-coder:3b-instruct-q4_K_M,2.45,0.09297190000000001,estimable,finite,42.0,False,estimable,4000,0,0,0,41.241875,26.0,59.0,0.0,0.0,0.0,0.0,0.0,0.0,0.0,100,100,1.0,4,0,0,44,9.29719,100,100,0,14,69,0
mean-per-attempt,qwen2.5-coder:3b-instruct-q8_0,2.66,0.15580289999999997,estimable,finite,23.0,False,estimable,4000,0,0,0,25.29425,15.5,44.5,0.0,0.0,0.0,0.0,0.0,0.0,0.000625,100,99,0.99,2,0,1,48,15.580289999999998,93,100,0,20,77,0
mean-per-attempt,qwen2.5:0.5b,1.26,0.0324637,estimable,finite,126.0,False,estimable,4000,0,0,0,124.355875,117.0,130.0,0.0,0.0,0.0,0.0,0.0,0.0,0.0,100,100,1.0,14,0,0,2,3.2463699999999998,100,100,0,0,9,454
mean-per-attempt,qwen2.5:0.5b-instruct-q4_K_M,1.265,0.0319782,estimable,finite,124.5,False,estimable,4000,0,0,0,123.877875,117.0,129.0,0.0,0.0,0.0,0.0,0.0,0.0,0.0,100,100,1.0,14,0,0,1,3.1978199999999997,100,100,0,0,6,1440
mean-per-attempt,qwen2.5:0.5b-instruct-q8_0,1.325,0.034305,estimable,finite,119.5,False,estimable,4000,0,0,0,118.682875,109.0,126.0,0.0,0.0,0.0,0.0,0.0,0.0,0.0,100,100,1.0,19,0,0,2,3.4305000000000003,100,100,0,0,8,512
mean-per-attempt,qwen2.5:1.5b,1.845,0.053494799999999995,estimable,finite,83.0,False,estimable,4000,0,0,0,81.843875,73.0,90.5,0.0,0.0,0.0,0.0,0.0,0.0,0.0,100,100,1.0,5,0,0,19,5.34948,100,100,0,1,40,0
mean-per-attempt,qwen2.5:1.5b-instruct-q4_K_M,1.855,0.053314699999999986,estimable,finite,80.5,False,estimable,4000,0,0,0,80.876625,71.5,90.0,0.0,0.0,0.0,0.0,0.0,0.0,0.0,100,100,1.0,5,0,0,18,5.331469999999999,100,100,0,1,35,0
mean-per-attempt,qwen2.5:1.5b-instruct-q8_0,1.96,0.0777736,estimable,finite,73.0,False,estimable,4000,0,0,0,73.91525,66.0,83.5,0.0,0.0,0.0,0.0,0.0,0.0,0.0,100,100,1.0,6,0,0,22,7.77736,100,100,0,6,42,0
mean-per-attempt,qwen2.5:3b,2.485,0.10877729999999998,estimable,finite,36.0,False,estimable,4000,0,0,0,37.58025,24.5,53.0,0.0,0.0,0.0,0.0,0.0,0.0,0.0,100,100,1.0,7,0,0,43,10.877729999999998,100,100,0,17,74,0
mean-per-attempt,qwen2.5:3b-instruct-q4_K_M,2.52,0.10583500000000001,estimable,finite,31.0,False,estimable,4000,0,0,0,33.705625,20.5,50.0,0.0,0.0,0.0,0.0,0.0,0.0,0.0,100,100,1.0,7,0,0,47,10.5835,100,100,0,18,80,0
mean-per-attempt,qwen2.5:3b-instruct-q8_0,2.67,0.17272310000000002,estimable,finite,22.0,False,estimable,4000,0,0,0,23.059375,15.0,35.5,0.0,0.0,0.0,0.0,0.0,0.0,0.0005,100,100,1.0,14,0,0,48,17.27231,100,100,0,21,80,0
mean-per-attempt,qwen2:0.5b-instruct-q8_0,1.34,0.019274100000000002,estimable,finite,118.0,False,estimable,4000,0,0,0,117.40525,109.0,125.01250000000005,0.0,0.0,0.0,0.0,0.0,0.0,0.0,100,100,1.0,2,0,0,3,1.92741,100,100,0,0,18,1475
mean-per-attempt,qwen2:1.5b,1.595,0.0268809,estimable,finite,99.0,False,estimable,4000,0,0,0,99.320125,89.0,108.0,0.0,0.0,0.0,0.0,0.0,0.0,0.0,100,100,1.0,0,0,0,8,2.68809,100,100,0,0,28,16
mean-per-attempt,qwen2:1.5b-instruct-q8_0,1.705,0.04402440000000001,estimable,finite,91.0,False,estimable,4000,0,0,0,91.805875,81.0,103.0,0.0,0.0,0.0,0.0,0.0,0.0,0.0,100,100,1.0,0,0,0,9,4.402440000000001,100,100,0,1,20,0
mean-per-attempt,qwen3.5:2b,2.28,0.10294600000000001,estimable,finite,57.0,False,estimable,4000,0,0,0,55.384875,34.5,68.0,0.0,0.0,0.0,0.0,0.0,0.0,0.0,100,100,1.0,10,0,0,37,10.2946,100,100,0,14,66,0
mean-per-attempt,qwen3:0.6b,1.775,0.0153814,estimable,finite,88.5,True,estimable,4000,0,0,0,86.75375,75.98750000000001,98.0,0.8885,0.0,0.0,0.0,0.0,0.0,0.0,100,100,1.0,1,0,0,13,1.53814,100,100,0,0,36,12
mean-per-attempt,qwen3:0.6b-fp16,1.86,0.0282127,estimable,finite,78.5,False,estimable,4000,0,0,0,80.736375,69.0,95.0,0.00225,0.0,0.0,0.0,0.0,0.0,0.0,100,100,1.0,1,0,0,17,2.82127,100,100,0,1,39,0
mean-per-attempt,qwen3:0.6b-q8_0,2.01,0.018881900000000004,estimable,finite,69.0,True,estimable,4000,0,0,0,71.329375,61.0,84.0,0.8705,0.0,0.0,0.0,0.0,0.0,0.0,100,100,1.0,0,0,0,18,1.8881900000000003,100,100,0,1,42,0
mean-per-attempt,qwen3:1.7b,2.63,0.0365625,estimable,finite,25.0,True,estimable,4000,0,0,0,27.27275,11.0,55.0,0.982,0.0,0.0,0.0,0.000125,0.0,0.021166666666666663,100,100,1.0,1,0,0,52,3.6562499999999996,100,100,0,23,82,0
mean-per-attempt,qwen3:1.7b-fp16,2.82,0.08118539999999999,estimable,finite,15.0,False,estimable,4000,0,0,0,16.685375,6.0,41.5,0.00475,0.0,0.0,0.0,0.006375,0.0,0.20672916666666663,100,100,1.0,0,0,0,58,8.11854,100,100,0,24,89,0
mean-per-attempt,qwen3:1.7b-q8_0,2.75,0.053398499999999995,estimable,finite,19.0,False,estimable,4000,0,0,0,20.954875,9.0,47.5,0.18525,0.0,0.0,0.0,0.0,0.0,0.053479166666666675,100,100,1.0,0,0,0,53,5.339849999999999,100,100,0,21,82,0
mean-per-attempt,qwen3:4b,2.8,0.2570734,estimable,finite,17.0,False,estimable,4000,0,0,0,17.048,8.0,31.0,0.0,0.0,0.0,0.0,0.0,0.0,0.14687499999999998,100,100,1.0,100,0,0,50,25.707340000000002,100,100,0,22,80,0
mean-per-attempt,qwen3:4b-instruct-2507-q4_K_M,3.36,0.10899769999999999,estimable,finite,4.0,False,estimable,4000,0,0,0,3.318375,2.0,5.0,0.45475,0.0,0.000875,1.0,0.98175,1.0,0.99975,100,100,1.0,1,0,0,76,10.899769999999998,100,100,0,45,98,0
mean-per-attempt,qwen3:4b-instruct-2507-q8_0,3.59,0.1605071,estimable,finite,1.0,True,estimable,4000,0,0,0,1.394875,1.0,3.5,0.76625,1.0,0.7694583333333334,1.0,0.99825,1.0,1.0,100,100,1.0,0,0,0,82,16.050710000000002,100,100,0,53,99,0
mean-per-attempt,qwen3:4b-q8_0,3.4,0.1389434,estimable,finite,2.0,True,estimable,4000,0,0,0,2.664875,1.0,4.0,0.31375,0.0,0.06958333333333333,1.0,1.0,1.0,1.0,100,100,1.0,0,0,0,79,13.89434,100,100,0,48,98,0
mean-per-attempt,qwen3:4b-thinking-2507-q4_K_M,2.865,0.2587354,estimable,finite,13.0,False,estimable,4000,0,0,0,13.858625,6.0,25.5,0.0,0.0,0.0,0.0,0.0045,0.0,0.3206875,100,100,1.0,100,0,0,53,25.87354,100,100,0,26,76,0
mean-per-attempt,qwen3:4b-thinking-2507-q8_0,3.035,0.38266600000000006,estimable,finite,6.0,False,estimable,4000,0,0,0,8.42625,3.0,17.5,0.00125,0.0,0.00125,0.0,0.19675,1.0,0.7432291666666666,100,99,0.99,99,0,1,65,38.266600000000004,93,100,0,33,93,0
mean-per-attempt,sailor2:1b,1.22,0.05649899999999999,estimable,finite,129.0,False,estimable,4000,0,0,0,127.4155,121.5,131.0,0.0,0.0,0.0,0.0,0.0,0.0,0.0,100,99,0.99,7,0,1,1,5.649899999999999,94,100,0,0,5,1461
mean-per-attempt,smallthinker:3b-preview-q4_K_M,2.47,0.1830502,estimable,finite,38.0,False,estimable,4000,0,0,0,38.369625,18.5,58.0,0.0,0.0,0.0,0.0,0.0,0.0,0.000125,100,100,1.0,66,0,0,48,18.30502,100,100,0,17,78,0
mean-per-attempt,smollm2:1.7b,1.835,0.05150450000000001,estimable,finite,84.0,False,estimable,4000,0,0,0,82.65675,73.0,92.0,0.0,0.0,0.0,0.0,0.0,0.0,0.0,100,100,1.0,3,0,0,17,5.150450000000001,100,100,0,3,34,0
mean-per-attempt,smollm2:1.7b-instruct-q8_0,1.85,0.051941799999999996,estimable,finite,82.0,False,estimable,4000,0,0,0,81.222125,72.0,91.0,0.0,0.0,0.0,0.0,0.0,0.0,0.0,100,100,1.0,3,0,0,18,5.194179999999999,100,100,0,4,33,0
mean-per-attempt,smollm2:135m,1.095,0.0119867,estimable,finite,132.5,False,estimable,4000,0,0,0,132.45275,130.0,135.0,0.0,0.0,0.0,0.0,0.0,0.0,0.0,100,100,1.0,5,0,0,1,1.19867,100,100,0,0,7,1408
mean-per-attempt,smollm2:135m-instruct-q8_0,1.095,0.00814,estimable,finite,132.5,False,estimable,4000,0,0,0,132.6335,130.0,135.0,0.00025,0.0,0.0,0.0,0.0,0.0,0.0,100,100,1.0,6,0,0,1,0.814,100,100,0,0,6,1475
mean-per-attempt,smollm2:360m,1.345,0.017338700000000002,estimable,finite,117.0,False,estimable,4000,0,0,0,117.234,105.48750000000001,128.0,0.0005,0.0,0.0,0.0,0.0,0.0,0.0,100,100,1.0,2,0,0,6,1.7338700000000002,100,100,0,0,19,43
mean-per-attempt,smollm2:360m-instruct-q8_0,1.265,0.012322199999999998,estimable,finite,124.5,False,estimable,4000,0,0,0,123.913875,115.0,129.5,0.00625,0.0,0.0,0.0,0.0,0.0,0.0,100,100,1.0,6,0,0,2,1.2322199999999999,100,100,0,0,12,1475
mean-per-attempt,smollm:1.7b,1.215,0.0749611,estimable,finite,130.0,False,estimable,4000,0,0,0,126.98125,118.0,132.0,0.0,0.0,0.0,0.0,0.0,0.0,0.0,100,100,1.0,25,0,0,2,7.49611,100,100,0,0,12,1475
mean-per-attempt,smollm:360m,1.065,0.025851599999999995,estimable,finite,135.0,False,estimable,4000,0,0,0,134.48125,130.5,137.0,0.0,0.0,0.0,0.0,0.0,0.0,0.0,100,100,1.0,30,0,0,1,2.5851599999999997,100,100,0,0,6,1475
mean-per-attempt,stablelm2:1.6b,1.385,0.057245799999999986,estimable,finite,114.0,False,estimable,4000,0,0,0,114.07725,108.0,120.5,0.0,0.0,0.0,0.0,0.0,0.0,0.0,100,100,1.0,4,0,0,3,5.724579999999999,100,100,0,0,12,453
mean-per-attempt,stablelm2:1.6b-chat,1.38,0.0572737,estimable,finite,115.0,False,estimable,4000,0,0,0,114.581875,105.98750000000001,124.0,0.0,0.0,0.0,0.0,0.0,0.0,0.0,100,100,1.0,4,0,0,3,5.72737,100,100,0,0,18,1475
mean-per-attempt,stablelm2:1.6b-zephyr,1.415,0.0446021,estimable,finite,110.0,False,estimable,4000,0,0,0,112.135375,102.5,122.0,0.0,0.0,0.0,0.0,0.0,0.0,0.0,100,100,1.0,5,0,0,5,4.46021,100,100,0,0,19,151
mean-per-attempt,starcoder2:3b,1.02,0.13843060000000001,estimable,finite,137.0,False,estimable,4000,0,0,0,136.676375,135.5,137.0,0.0,0.0,0.0,0.0,0.0,0.0,0.0,100,97,0.97,57,2,1,0,13.843060000000001,91,100,0,0,0,4000
mean-per-attempt,starcoder2:3b-q6_K,1.105,0.1815079,estimable,finite,131.0,False,estimable,4000,0,0,0,132.091875,128.0,135.5,0.0,0.0,0.0,0.0,0.0,0.0,0.0,100,98,0.98,59,2,0,2,18.15079,92,100,0,0,9,502
mean-per-attempt,starcoder2:3b-q8_0,1.055,0.2077656,estimable,finite,136.0,False,estimable,4000,0,0,0,134.908875,132.0,137.0,0.0,0.0,0.0,0.0,0.0,0.0,0.0,100,96,0.96,51,2,2,1,20.77656,89,100,0,0,7,1408
mean-per-attempt,tinyllama:1.1b,1.285,0.037376900000000005,estimable,finite,121.0,False,estimable,4000,0,0,0,122.2245,112.0,129.0,0.0,0.0,0.0,0.0,0.0,0.0,0.0,100,100,1.0,10,0,0,2,3.73769,100,100,0,0,9,501
mean-per-attempt,tinyllama:1.1b-chat-v1-q8_0,1.41,0.06069599999999999,estimable,finite,111.0,False,estimable,4000,0,0,0,112.087375,97.5,123.0,0.0,0.0,0.0,0.0,0.0,0.0,0.0,100,100,1.0,14,0,0,7,6.069599999999999,100,100,0,0,27,142
mean-per-attempt,yi-coder:1.5b,1.58,0.05313199999999999,estimable,finite,101.0,False,estimable,4000,0,0,0,100.468375,86.5,111.0,0.0,0.0,0.0,0.0,0.0,0.0,0.0,100,100,1.0,4,0,0,9,5.313199999999999,100,100,0,0,22,1
proxy-conditional,codegemma:2b,1.07,0.10250499999999999,estimable,finite,134.0,False,estimable,4000,0,0,0,134.014125,130.0,137.0,0.0,0.0,0.0,0.0,0.0,0.0,0.0,100,100,1.0,51,0,0,0,10.250499999999999,100,100,0,0,0,4000
proxy-conditional,codegemma:2b-code-q6_K,1.2323232323232323,0.0531285,estimable,finite,128.0,False,estimable,4000,0,0,0,124.778375,107.0,134.0,0.0,0.0,0.0,0.0,0.0,0.0,0.0,100,99,0.99,11,0,1,3,5.31285,94,100,0,0,15,1454
proxy-conditional,cogito:3b,2.365,0.0465268,estimable,finite,52.5,False,estimable,4000,0,0,0,49.363375,32.0,62.0,0.0435,0.0,0.0,0.0,0.0,0.0,0.0,100,100,1.0,0,0,0,42,4.65268,100,100,0,15,71,0
proxy-conditional,cogito:3b-v1-preview-llama-q8_0,2.37,0.0701172,estimable,finite,51.0,False,estimable,4000,0,0,0,48.945625,32.0,62.5,0.0,0.0,0.0,0.0,0.0,0.0,0.0,100,100,1.0,0,0,0,43,7.01172,100,100,0,12,75,0
proxy-conditional,deepseek-coder:1.3b,1.37,0.0654276,estimable,finite,116.0,False,estimable,4000,0,0,0,115.36925,107.0,123.5,0.0,0.0,0.0,0.0,0.0,0.0,0.0,100,100,1.0,37,0,0,2,6.54276,100,100,0,0,8,487
proxy-conditional,deepseek-coder:1.3b-instruct-q8_0,1.395,0.097566,estimable,finite,112.5,False,estimable,4000,0,0,0,114.28175,103.0,127.0,0.0,0.0,0.0,0.0,0.0,0.0,0.0,100,100,1.0,45,0,0,3,9.7566,100,100,0,0,13,509
proxy-conditional,falcon3:1b,1.6123595505617978,0.09954219999999997,estimable,finite,99.0,False,estimable,4000,0,0,0,99.154625,85.0,111.0,0.0,0.0,0.0,0.0,0.0,0.0,0.0,100,89,0.89,44,11,0,9,9.954219999999998,71,100,0,0,35,41
proxy-conditional,falcon3:1b-instruct-q8_0,1.6067415730337078,0.09960649999999997,estimable,finite,100.0,False,estimable,4000,0,0,0,99.788,87.0,111.0,0.0,0.0,0.0,0.0,0.0,0.0,0.0,100,89,0.89,44,11,0,8,9.960649999999998,71,100,0,0,33,174
proxy-conditional,falcon3:3b,2.0824175824175826,0.0586016,estimable,finite,69.0,False,estimable,4000,0,0,0,68.721,59.0,81.5,0.0,0.0,0.0,0.0,0.0,0.0,0.0,100,91,0.91,2,9,0,24,5.86016,68,100,0,6,48,0
proxy-conditional,falcon3:3b-instruct-q4_K_M,2.0934065934065935,0.058018900000000005,estimable,finite,68.0,False,estimable,4000,0,0,0,67.943375,58.0,80.0,0.0,0.0,0.0,0.0,0.0,0.0,0.0,100,91,0.91,2,9,0,27,5.80189,68,100,0,8,59,0
proxy-conditional,falcon3:3b-instruct-q8_0,2.3118279569892475,0.09732470000000001,estimable,finite,57.0,False,estimable,4000,0,0,0,54.34025,34.0,70.0,0.0,0.0,0.0,0.0,0.0,0.0,0.0,100,93,0.93,1,7,0,32,9.732470000000001,78,100,0,7,57,0
proxy-conditional,gemma2:2b,2.385,0.06473620000000001,estimable,finite,49.5,False,estimable,4000,0,0,0,46.793125,24.0,64.0,0.0,0.0,0.0,0.0,0.0,0.0,0.00025,100,100,1.0,0,0,0,41,6.47362,100,100,0,15,72,0
proxy-conditional,gemma2:2b-instruct-q4_K_M,2.54,0.06000190000000001,estimable,finite,28.0,False,estimable,4000,0,0,0,31.664125,17.0,49.5,0.0,0.0,0.0,0.0,0.0,0.0,0.001,100,100,1.0,0,0,0,46,6.000190000000001,100,100,0,16,75,0
proxy-conditional,gemma2:2b-instruct-q8_0,2.445,0.0859835,estimable,finite,43.0,False,estimable,4000,0,0,0,40.875875,21.0,59.5,0.0,0.0,0.0,0.0,0.0,0.0,0.0,100,100,1.0,0,0,0,46,8.59835,100,100,0,13,77,0
proxy-conditional,gemma3:1b,1.855,0.0230552,estimable,finite,80.5,False,estimable,4000,0,0,0,81.333875,71.0,92.0,0.02725,0.0,0.0,0.0,0.0,0.0,0.0,100,100,1.0,0,0,0,13,2.30552,100,100,0,0,36,18
proxy-conditional,gemma3:1b-it-q8_0,1.79,0.023906599999999997,estimable,finite,86.5,False,estimable,4000,0,0,0,86.355,74.5,100.0,0.00225,0.0,0.0,0.0,0.0,0.0,0.0,100,100,1.0,0,0,0,16,2.3906599999999996,100,100,0,2,43,0
proxy-conditional,gemma3:1b-it-qat,1.99,0.020576200000000003,estimable,finite,72.0,False,estimable,4000,0,0,0,72.791875,56.5,88.0,0.4885,0.0,0.0,0.0,0.0,0.0,0.0,100,100,1.0,0,0,0,25,2.0576200000000004,100,100,0,5,49,0
proxy-conditional,gemma3:270m,1.28,0.0052651,estimable,finite,122.5,True,estimable,4000,0,0,0,122.586,113.0,130.0,0.9925,0.0,0.0,0.0,0.0,0.0,0.0,100,100,1.0,0,0,0,2,0.52651,100,100,0,0,9,522
proxy-conditional,gemma3:270m-it-qat,1.245,0.007723500000000001,estimable,finite,127.0,False,estimable,4000,0,0,0,125.29775,117.0,130.0,0.139,0.0,0.0,0.0,0.0,0.0,0.0,100,100,1.0,9,0,0,4,0.7723500000000001,100,100,0,0,18,522
proxy-conditional,gemma3:4b,2.94,0.0641429,estimable,finite,9.0,False,estimable,4000,0,0,0,10.532125,6.0,18.5,0.01175,0.0,0.0,0.0,0.00375,1.0,0.5785416666666665,100,100,1.0,0,0,0,60,6.41429,100,100,0,29,90,0
proxy-conditional,gemma3:4b-it-q4_K_M,2.88,0.06425800000000001,estimable,finite,12.0,False,estimable,4000,0,0,0,13.389125,8.0,22.5,0.00025,0.0,0.0,0.0,0.00025,0.0,0.24716666666666665,100,100,1.0,0,0,0,61,6.425800000000001,100,100,0,29,92,0
proxy-conditional,gemma3:4b-it-q8_0,2.78,0.08659489999999997,estimable,finite,18.0,False,estimable,4000,0,0,0,19.196,9.0,45.012500000000045,0.0,0.0,0.0,0.0,0.0,0.0,0.08614583333333332,100,100,1.0,0,0,0,56,8.659489999999998,100,100,0,26,87,0
proxy-conditional,gemma3:4b-it-qat,2.715,0.07702389999999999,estimable,finite,21.0,False,estimable,4000,0,0,0,22.945625,10.0,49.5,0.0,0.0,0.0,0.0,0.0,0.0,0.0364375,100,100,1.0,0,0,0,50,7.702389999999999,100,100,0,20,79,0
proxy-conditional,gemma3n:e2b,2.835,0.0648302,estimable,finite,14.0,False,estimable,4000,0,0,0,15.700625,7.0,34.0,0.0,0.0,0.0,0.0,0.00025,0.0,0.2381458333333333,100,100,1.0,0,0,0,59,6.48302,100,100,0,21,93,0
proxy-conditional,gemma4:e2b-it-qat,3.185,0.0504522,estimable,finite,5.0,True,estimable,4000,0,0,0,5.405625,3.0,9.0,0.99425,0.0,0.000625,1.0,0.6733750000000002,1.0,0.993875,100,100,1.0,0,0,0,72,5.0452200000000005,100,100,0,44,94,0
proxy-conditional,gemma:2b,1.775,0.048510500000000005,estimable,finite,88.5,False,estimable,4000,0,0,0,87.228875,68.0,105.5,0.0,0.0,0.0,0.0,0.0,0.0,0.0,100,100,1.0,2,0,0,13,4.851050000000001,100,100,0,0,38,3
proxy-conditional,gemma:2b-instruct-q4_K_M,1.83,0.04429810000000001,estimable,finite,85.0,False,estimable,4000,0,0,0,83.267625,63.0,102.0,0.0005,0.0,0.0,0.0,0.0,0.0,0.0,100,100,1.0,1,0,0,17,4.429810000000001,100,100,0,1,44,0
proxy-conditional,gemma:2b-instruct-q8_0,1.79,0.06085420000000001,estimable,finite,86.5,False,estimable,4000,0,0,0,85.91775,67.0,103.0,0.0,0.0,0.0,0.0,0.0,0.0,0.0,100,100,1.0,0,0,0,17,6.085420000000001,100,100,0,0,41,1
proxy-conditional,granite3.1-dense:2b,2.46,0.08316719999999998,estimable,finite,40.5,False,estimable,4000,0,0,0,39.986,22.0,59.0,0.0,0.0,0.0,0.0,0.0,0.0,0.0,100,100,1.0,2,0,0,47,8.316719999999998,100,100,0,15,75,0
proxy-conditional,granite3.1-dense:2b-instruct-q8_0,2.59,0.1141953,estimable,finite,26.0,False,estimable,4000,0,0,0,27.975,15.487500000000004,44.0,0.0,0.0,0.0,0.0,0.0,0.0,0.001625,100,100,1.0,0,0,0,48,11.41953,100,100,0,13,84,0
proxy-conditional,granite3.1-moe:3b,1.875,0.0334147,estimable,finite,77.0,False,estimable,4000,0,0,0,80.34925,68.98750000000001,96.51250000000005,0.006,0.0,0.0,0.0,0.0,0.0,0.0,100,100,1.0,2,0,0,21,3.34147,100,100,0,4,49,0
proxy-conditional,granite3.2:2b,2.52,0.1216954,estimable,finite,31.0,False,estimable,4000,0,0,0,34.30175,18.0,54.0,0.0,0.0,0.0,0.0,0.0,0.0,0.0,100,100,1.0,11,0,0,50,12.16954,100,100,0,15,82,0
proxy-conditional,granite3.2:2b-instruct-q4_K_M,2.535,0.1221751,estimable,finite,29.0,False,estimable,4000,0,0,0,32.634,16.5,52.0,0.0,0.0,0.0,0.0,0.0,0.0,0.0,100,100,1.0,11,0,0,51,12.217509999999999,100,100,0,16,81,0
proxy-conditional,granite3.3:2b,2.475,0.0769426,estimable,finite,38.0,False,estimable,4000,0,0,0,39.0715,23.0,58.0,0.0,0.0,0.0,0.0,0.0,0.0,0.0,100,100,1.0,0,0,0,45,7.69426,100,100,0,17,72,0
proxy-conditional,granite4.1:3b,2.98,0.074758,estimable,finite,8.0,False,estimable,4000,0,0,0,9.7165,5.0,18.0,0.08775,0.0,0.0,0.0,0.07508333333333335,1.0,0.6473958333333333,100,100,1.0,0,0,0,64,7.4758000000000004,100,100,0,33,92,0
proxy-conditional,granite4:1b-h,2.235,0.028435600000000005,estimable,finite,62.0,True,estimable,4000,0,0,0,59.096,36.0,72.5,0.818,0.0,0.0,0.0,0.0,0.0,0.0,100,100,1.0,0,0,0,29,2.8435600000000005,100,100,0,4,60,0
proxy-conditional,granite4:350m,1.525,0.012930599999999999,estimable,finite,108.0,False,estimable,4000,0,0,0,104.622625,92.0,113.0,0.23475,0.0,0.0,0.0,0.0,0.0,0.0,100,100,1.0,0,0,0,7,1.2930599999999999,100,100,0,0,19,10
proxy-conditional,granite4:350m-bf16,1.51,0.012712099999999999,estimable,finite,109.0,False,estimable,4000,0,0,0,105.930875,94.5,113.5,0.258,0.0,0.0,0.0,0.0,0.0,0.0,100,100,1.0,0,0,0,5,1.27121,100,100,0,0,18,142
proxy-conditional,granite4:350m-h,1.59,0.0080541,estimable,finite,102.0,True,estimable,4000,0,0,0,100.5465,86.0,114.0,0.992,0.0,0.0,0.0,0.0,0.0,0.0,100,100,1.0,0,0,0,9,0.80541,100,100,0,0,22,6
proxy-conditional,granite4:micro,2.72,0.0798973,estimable,finite,20.0,False,estimable,4000,0,0,0,20.48875,12.0,31.0,0.0,0.0,0.0,0.0,0.0,0.0,0.007208333333333333,100,100,1.0,0,0,0,59,7.989730000000001,100,100,0,33,83,0
proxy-conditional,granite4:micro-h,3.015,0.0651603,estimable,finite,7.0,False,estimable,4000,0,0,0,8.27625,5.0,14.0,0.1165,0.0,0.0,0.0,0.07445833333333335,1.0,0.8210833333333334,100,100,1.0,0,0,0,70,6.516030000000001,100,100,0,41,94,0
proxy-conditional,hf.co/LiquidAI/LFM2-1.2B-GGUF:Q4_K_M,1.86,0.0186997,estimable,finite,78.5,True,estimable,4000,0,0,0,81.150125,71.0,94.0,0.4315,0.0,0.0,0.0,0.0,0.0,0.0,100,100,1.0,0,0,0,15,1.86997,100,100,0,1,35,0
proxy-conditional,hf.co/LiquidAI/LFM2-1.2B-GGUF:Q8_0,1.95,0.030554,estimable,finite,75.0,False,estimable,4000,0,0,0,75.37125,68.0,86.5,0.06925,0.0,0.0,0.0,0.0,0.0,0.0,100,100,1.0,0,0,0,19,3.0554,100,100,0,5,45,0
proxy-conditional,hf.co/LiquidAI/LFM2-350M-GGUF:Q4_K_M,1.325,0.011277400000000002,estimable,finite,119.5,False,estimable,4000,0,0,0,118.994875,111.0,127.5,0.00275,0.0,0.0,0.0,0.0,0.0,0.0,100,100,1.0,0,0,0,2,1.1277400000000002,100,100,0,0,8,478
proxy-conditional,hf.co/LiquidAI/LFM2-700M-GGUF:Q4_K_M,1.395,0.0220955,estimable,finite,112.5,False,estimable,4000,0,0,0,113.401,104.0,122.5,0.0,0.0,0.0,0.0,0.0,0.0,0.0,100,100,1.0,4,0,0,2,2.20955,100,100,0,0,7,482
proxy-conditional,hf.co/NousResearch/Hermes-3-Llama-3.2-3B-GGUF:Q4_K_M,2.11,0.0769492,estimable,finite,66.5,False,estimable,4000,0,0,0,66.351375,52.0,75.0,0.0,0.0,0.0,0.0,0.0,0.0,0.0,100,100,1.0,0,0,0,30,7.69492,100,100,0,10,56,0
proxy-conditional,hf.co/NousResearch/Hermes-3-Llama-3.2-3B-GGUF:Q8_0,2.22,0.0991791,estimable,finite,63.0,False,estimable,4000,0,0,0,60.95325,47.5,71.0,0.0,0.0,0.0,0.0,0.0,0.0,0.0,100,100,1.0,0,0,0,36,9.917910000000001,100,100,0,7,62,0
proxy-conditional,hf.co/Qwen/Qwen2.5-1.5B-Instruct-GGUF:Q4_K_M,2.075,0.038428699999999996,estimable,finite,70.0,False,estimable,4000,0,0,0,67.746,42.987500000000004,81.0,0.048,0.0,0.0,0.0,0.0,0.0,0.0,100,100,1.0,1,0,0,25,3.8428699999999996,100,100,0,3,55,0
proxy-conditional,hf.co/Qwen/Qwen2.5-3B-Instruct-GGUF:Q4_K_M,2.65,0.09588630000000001,estimable,finite,24.0,False,estimable,4000,0,0,0,25.003625,15.5,41.0,0.0,0.0,0.0,0.0,0.0,0.0,0.00025,100,100,1.0,6,0,0,54,9.58863,100,100,0,27,79,0
proxy-conditional,hf.co/Qwen/Qwen3-4B-GGUF:Q4_K_M,2.8838383838383836,0.2571047,estimable,finite,11.0,False,estimable,4000,0,0,0,13.075875,7.0,23.0,0.0,0.0,0.0,0.0,0.003,0.0,0.3497083333333333,100,99,0.99,93,0,1,57,25.71047,93,100,0,28,88,0
proxy-conditional,hf.co/allenai/OLMo-2-0425-1B-Instruct-GGUF:Q4_K_M,1.695,0.061812700000000005,estimable,finite,92.0,False,estimable,4000,0,0,0,92.9645,84.0,102.5,0.0,0.0,0.0,0.0,0.0,0.0,0.0,100,100,1.0,10,0,0,9,6.1812700000000005,100,100,0,0,32,13
proxy-conditional,hf.co/bartowski/Llama-3.2-3B-Instruct-GGUF:IQ4_XS,2.385,0.06516,estimable,finite,49.5,False,estimable,4000,0,0,0,47.67525,33.0,61.0,0.0,0.0,0.0,0.0,0.0,0.0,0.0,100,100,1.0,0,0,0,41,6.516,100,100,0,13,66,0
proxy-conditional,hf.co/bartowski/Llama-3.2-3B-Instruct-GGUF:Q3_K_L,2.25,0.06620140000000001,estimable,finite,61.0,False,estimable,4000,0,0,0,59.040125,47.0,69.0,0.0,0.0,0.0,0.0,0.0,0.0,0.0,100,100,1.0,0,0,0,35,6.62014,100,100,0,10,65,0
proxy-conditional,hf.co/bartowski/Llama-3.2-3B-Instruct-GGUF:Q5_K_M,2.52,0.07428490000000001,estimable,finite,31.0,False,estimable,4000,0,0,0,33.299875,22.0,45.0,0.0,0.0,0.0,0.0,0.0,0.0,0.0,100,100,1.0,0,0,0,46,7.428490000000001,100,100,0,16,73,0
proxy-conditional,hf.co/bartowski/Llama-3.2-3B-Instruct-GGUF:Q6_K,2.42,0.0734838,estimable,finite,46.0,False,estimable,4000,0,0,0,44.45525,35.0,55.0,0.0,0.0,0.0,0.0,0.0,0.0,0.0,100,100,1.0,0,0,0,38,7.34838,100,100,0,15,62,0
proxy-conditional,hf.co/ggml-org/SmolLM3-3B-GGUF:Q4_K_M,2.3105263157894735,0.110296,estimable,finite,58.0,False,estimable,4000,0,0,0,53.675875,33.0,66.0,0.0,0.0,0.0,0.0,0.0,0.0,0.0,100,95,0.95,7,5,0,37,11.0296,88,100,0,13,63,0
proxy-conditional,hf.co/ggml-org/SmolLM3-3B-GGUF:Q8_0,2.3350515463917527,0.13829260000000002,estimable,finite,54.0,False,estimable,4000,0,0,0,51.939125,33.0,66.0,0.0,0.0,0.0,0.0,0.0,0.0,0.0,100,97,0.97,2,3,0,37,13.829260000000001,91,100,0,12,59,0
proxy-conditional,hf.co/openbmb/MiniCPM3-4B-GGUF:Q4_K_M,2.313131313131313,0.0784251,estimable,finite,56.0,False,estimable,4000,0,0,0,54.460375,38.0,66.0,0.0,0.0,0.0,0.0,0.0,0.0,0.0,100,99,0.99,0,0,1,38,7.84251,95,100,0,12,63,0
proxy-conditional,hf.co/tiiuae/Falcon-H1-0.5B-Instruct-GGUF:Q4_K_M,1.69,0.034294200000000004,estimable,finite,93.0,False,estimable,4000,0,0,0,93.45325,80.0,108.0,0.0,0.0,0.0,0.0,0.0,0.0,0.0,100,100,1.0,15,0,0,13,3.4294200000000004,100,100,0,1,34,0
proxy-conditional,hf.co/tiiuae/Falcon-H1-1.5B-Deep-Instruct-GGUF:IQ4_XS,2.365,0.1053772,estimable,finite,52.5,False,estimable,4000,0,0,0,49.1715,29.0,64.0,0.0,0.0,0.0,0.0,0.0,0.0,0.0,100,100,1.0,7,0,0,41,10.53772,100,100,0,13,69,0
proxy-conditional,hf.co/tiiuae/Falcon-H1-1.5B-Deep-Instruct-GGUF:Q4_K_M,2.39,0.09332829999999999,estimable,finite,48.0,False,estimable,4000,0,0,0,46.48325,25.0,62.5,0.0,0.0,0.0,0.0,0.0,0.0,0.00025,100,100,1.0,7,0,0,42,9.33283,100,100,0,13,71,0
proxy-conditional,hf.co/tiiuae/Falcon-H1-3B-Instruct-GGUF:Q4_K_M,2.915,0.12489019999999998,estimable,finite,10.0,False,estimable,4000,0,0,0,11.816875,6.0,21.0,0.0,0.0,0.0,0.0,0.0095,1.0,0.4469583333333333,100,100,1.0,1,0,0,64,12.489019999999998,100,100,0,30,92,0
proxy-conditional,hf.co/unsloth/Llama-3.2-1B-Instruct-GGUF:Q4_K_M,1.615,0.0180221,estimable,finite,98.0,False,estimable,4000,0,0,0,99.111125,87.0,110.0,0.029,0.0,0.0,0.0,0.0,0.0,0.0,100,100,1.0,0,0,0,7,1.80221,100,100,0,0,24,45
proxy-conditional,hf.co/unsloth/Phi-4-mini-instruct-GGUF:Q4_K_M,2.49,0.10440899999999999,estimable,finite,35.0,False,estimable,4000,0,0,0,36.600875,20.0,54.5,0.0,0.0,0.0,0.0,0.0,0.0,0.0,100,100,1.0,3,0,0,46,10.4409,100,100,0,20,71,0
proxy-conditional,hf.co/unsloth/Qwen3-4B-GGUF:Q4_K_M,3.38,0.09334010000000001,estimable,finite,3.0,True,estimable,4000,0,0,0,2.9835,1.0,5.0,0.91875,0.0,0.15820833333333334,1.0,0.9796666666666668,1.0,1.0,100,100,1.0,0,0,0,72,9.334010000000001,100,100,0,42,96,0
proxy-conditional,internlm2:1.8b,1.5268817204301075,0.030893100000000003,estimable,finite,107.0,False,estimable,4000,0,0,0,105.3355,96.0,114.0,0.0,0.0,0.0,0.0,0.0,0.0,0.0,100,93,0.93,3,7,0,4,3.0893100000000002,85,100,0,0,11,58
proxy-conditional,llama3.2:1b,1.645,0.0269072,estimable,finite,96.0,False,estimable,4000,0,0,0,95.878125,84.98750000000001,106.0,0.0,0.0,0.0,0.0,0.0,0.0,0.0,100,100,1.0,0,0,0,6,2.69072,100,100,0,0,14,12
proxy-conditional,llama3.2:1b-instruct-q4_K_M,1.53,0.022604799999999994,estimable,finite,106.0,False,estimable,4000,0,0,0,105.058125,95.0,114.0,0.0,0.0,0.0,0.0,0.0,0.0,0.0,100,100,1.0,1,0,0,8,2.2604799999999994,100,100,0,0,22,12
proxy-conditional,llama3.2:1b-instruct-q8_0,1.625,0.026446500000000005,estimable,finite,97.0,False,estimable,4000,0,0,0,98.0465,87.0,108.0,0.0,0.0,0.0,0.0,0.0,0.0,0.0,100,100,1.0,0,0,0,6,2.6446500000000004,100,100,0,0,14,12
proxy-conditional,llama3.2:3b,2.515,0.05392730000000001,estimable,finite,33.0,False,estimable,4000,0,0,0,33.77775,19.5,50.0,0.00125,0.0,0.0,0.0,0.0,0.0,0.0,100,100,1.0,0,0,0,47,5.392730000000001,100,100,0,18,78,0
proxy-conditional,llama3.2:3b-instruct-q4_K_M,2.435,0.053858199999999995,estimable,finite,44.0,False,estimable,4000,0,0,0,42.403,27.0,57.0,0.00075,0.0,0.0,0.0,0.0,0.0,0.0,100,100,1.0,0,0,0,41,5.38582,100,100,0,12,73,0
proxy-conditional,llama3.2:3b-instruct-q8_0,2.5,0.08039449999999998,estimable,finite,34.0,False,estimable,4000,0,0,0,35.987125,21.0,52.0,0.0,0.0,0.0,0.0,0.0,0.0,0.0,100,100,1.0,0,0,0,46,8.039449999999999,100,100,0,20,74,0
proxy-conditional,ministral-3:3b,2.81,0.10715520000000002,estimable,finite,16.0,False,estimable,4000,0,0,0,16.19875,9.0,25.0,0.0,0.0,0.0,0.0,0.0,0.0,0.065125,100,100,1.0,1,0,0,55,10.715520000000001,100,100,0,26,82,0
proxy-conditional,nemotron-mini:4b,1.66,0.0678951,estimable,finite,95.0,False,estimable,4000,0,0,0,95.511375,85.0,105.5,0.0,0.0,0.0,0.0,0.0,0.0,0.0,100,100,1.0,2,0,0,8,6.78951,100,100,0,0,20,11
proxy-conditional,nemotron-mini:4b-instruct-q4_K_M,1.665,0.06775320000000001,estimable,finite,94.0,False,estimable,4000,0,0,0,95.034625,82.0,107.0,0.0,0.0,0.0,0.0,0.0,0.0,0.0,100,100,1.0,2,0,0,11,6.775320000000001,100,100,0,0,28,4
proxy-conditional,nemotron-mini:4b-instruct-q8_0,1.7525252525252526,0.11059119999999999,estimable,finite,90.0,False,estimable,4000,0,0,0,88.85475,80.0,99.01250000000005,0.0,0.0,0.0,0.0,0.0,0.0,0.0,100,99,0.99,3,1,0,18,11.059119999999998,93,100,0,4,36,0
proxy-conditional,opencoder:1.5b,1.535,0.07436240000000001,estimable,finite,105.0,False,estimable,4000,0,0,0,104.5605,90.5,117.0,0.0,0.0,0.0,0.0,0.0,0.0,0.0,100,100,1.0,2,0,0,7,7.436240000000001,100,100,0,0,23,58
proxy-conditional,phi3.5:3.8b,2.395,0.14908549999999998,estimable,finite,47.0,False,estimable,4000,0,0,0,46.79425,30.0,63.0,0.0,0.0,0.0,0.0,0.0,0.0,0.0,100,100,1.0,24,0,0,39,14.908549999999998,100,100,0,13,63,0
proxy-conditional,phi3.5:3.8b-mini-instruct-q8_0,2.5804597701149423,0.2185186,estimable,finite,27.0,False,estimable,4000,0,0,0,30.780125,18.0,51.0,0.0,0.0,0.0,0.0,0.0,0.0,0.00025,100,87,0.87,7,0,13,47,21.851860000000002,64,100,0,18,80,0
proxy-conditional,phi3:3.8b,2.11,0.10969870000000002,estimable,finite,66.5,False,estimable,4000,0,0,0,67.820875,61.0,77.0,0.0,0.0,0.0,0.0,0.0,0.0,0.0,100,100,1.0,9,0,0,31,10.969870000000002,100,100,0,10,56,0
proxy-conditional,phi3:3.8b-mini-128k-instruct-q8_0,2.3247422680412373,0.12320129999999999,estimable,finite,55.0,False,estimable,4000,0,0,0,52.909375,35.0,66.0,0.0,0.0,0.0,0.0,0.0,0.0,0.0,100,97,0.97,2,0,3,40,12.320129999999999,90,100,0,14,70,0
proxy-conditional,phi3:mini,2.18,0.10882840000000002,estimable,finite,64.0,False,estimable,4000,0,0,0,63.26625,55.0,71.0,0.0,0.0,0.0,0.0,0.0,0.0,0.0,100,100,1.0,9,0,0,32,10.882840000000002,100,100,0,8,56,0
proxy-conditional,phi3:mini-128k,2.16,0.1089084,estimable,finite,65.0,False,estimable,4000,0,0,0,64.473875,56.0,71.0,0.0,0.0,0.0,0.0,0.0,0.0,0.0,100,100,1.0,9,0,0,34,10.89084,100,100,0,11,60,0
proxy-conditional,phi3:mini-4k,2.255,0.1537809,estimable,finite,60.0,False,estimable,4000,0,0,0,58.465125,42.5,69.5,0.0,0.0,0.0,0.0,0.0,0.0,0.0,100,100,1.0,22,0,0,34,15.37809,100,100,0,7,65,0
proxy-conditional,phi4-mini,2.46,0.0958175,estimable,finite,40.5,False,estimable,4000,0,0,0,39.951125,23.0,58.0,0.0,0.0,0.0,0.0,0.0,0.0,0.0,100,100,1.0,2,0,0,42,9.58175,100,100,0,14,72,0
proxy-conditional,phi4-mini-reasoning,2.484536082474227,0.2828102,estimable,finite,37.0,False,estimable,4000,0,0,0,38.137375,18.0,63.0,0.0,0.0,0.0,0.0,0.0,0.0,0.00025,100,97,0.97,92,0,3,44,28.28102,90,100,0,17,73,0
proxy-conditional,qwen2-math:1.5b,1.28,0.0745381,estimable,finite,122.5,False,estimable,4000,0,0,0,122.707375,113.0,130.0,0.0,0.0,0.0,0.0,0.0,0.0,0.0,100,100,1.0,17,0,0,3,7.45381,100,100,0,0,13,522
proxy-conditional,qwen2.5-coder:0.5b,1.57,0.025064600000000003,estimable,finite,104.0,False,estimable,4000,0,0,0,101.768,90.0,111.0,0.001,0.0,0.0,0.0,0.0,0.0,0.0,100,100,1.0,7,0,0,10,2.50646,100,100,0,0,29,5
proxy-conditional,qwen2.5-coder:1.5b,1.955,0.05254289999999999,estimable,finite,74.0,False,estimable,4000,0,0,0,75.136625,67.0,85.5,0.0,0.0,0.0,0.0,0.0,0.0,0.0,100,100,1.0,4,0,0,26,5.254289999999999,100,100,0,10,48,0
proxy-conditional,qwen2.5-coder:1.5b-instruct-q8_0,1.92,0.0742927,estimable,finite,76.0,False,estimable,4000,0,0,0,76.747125,70.5,84.5,0.0,0.0,0.0,0.0,0.0,0.0,0.0,100,100,1.0,7,0,0,17,7.42927,100,100,0,3,35,0
proxy-conditional,qwen2.5-coder:3b,2.425,0.094148,estimable,finite,45.0,False,estimable,4000,0,0,0,44.27125,27.0,63.0,0.0,0.0,0.0,0.0,0.0,0.0,0.0,100,100,1.0,4,0,0,37,9.4148,100,100,0,8,63,0
proxy-conditional,qwen2.5-coder:3b-instruct-q4_K_M,2.45,0.09297190000000001,estimable,finite,42.0,False,estimable,4000,0,0,0,41.607375,26.0,60.0,0.0,0.0,0.0,0.0,0.0,0.0,0.0,100,100,1.0,4,0,0,44,9.29719,100,100,0,14,69,0
proxy-conditional,qwen2.5-coder:3b-instruct-q8_0,2.6565656565656566,0.15580289999999997,estimable,finite,23.0,False,estimable,4000,0,0,0,25.71675,15.5,46.0,0.0,0.0,0.0,0.0,0.0,0.0,0.000625,100,99,0.99,2,0,1,48,15.580289999999998,93,100,0,20,77,0
proxy-conditional,qwen2.5:0.5b,1.26,0.0324637,estimable,finite,126.0,False,estimable,4000,0,0,0,124.368875,117.0,130.0,0.0,0.0,0.0,0.0,0.0,0.0,0.0,100,100,1.0,14,0,0,2,3.2463699999999998,100,100,0,0,9,454
proxy-conditional,qwen2.5:0.5b-instruct-q4_K_M,1.265,0.0319782,estimable,finite,124.5,False,estimable,4000,0,0,0,123.895625,117.0,129.0,0.0,0.0,0.0,0.0,0.0,0.0,0.0,100,100,1.0,14,0,0,1,3.1978199999999997,100,100,0,0,6,1440
proxy-conditional,qwen2.5:0.5b-instruct-q8_0,1.325,0.034305,estimable,finite,119.5,False,estimable,4000,0,0,0,118.7445,110.0,126.0,0.0,0.0,0.0,0.0,0.0,0.0,0.0,100,100,1.0,19,0,0,2,3.4305000000000003,100,100,0,0,8,512
proxy-conditional,qwen2.5:1.5b,1.845,0.053494799999999995,estimable,finite,83.0,False,estimable,4000,0,0,0,82.10025,73.5,90.5,0.0,0.0,0.0,0.0,0.0,0.0,0.0,100,100,1.0,5,0,0,19,5.34948,100,100,0,1,40,0
proxy-conditional,qwen2.5:1.5b-instruct-q4_K_M,1.855,0.053314699999999986,estimable,finite,80.5,False,estimable,4000,0,0,0,81.15975,72.0,90.5,0.0,0.0,0.0,0.0,0.0,0.0,0.0,100,100,1.0,5,0,0,18,5.331469999999999,100,100,0,1,35,0
proxy-conditional,qwen2.5:1.5b-instruct-q8_0,1.96,0.0777736,estimable,finite,73.0,False,estimable,4000,0,0,0,74.394875,66.5,84.0,0.0,0.0,0.0,0.0,0.0,0.0,0.0,100,100,1.0,6,0,0,22,7.77736,100,100,0,6,42,0
proxy-conditional,qwen2.5:3b,2.485,0.10877729999999998,estimable,finite,36.0,False,estimable,4000,0,0,0,37.81,24.5,54.0,0.0,0.0,0.0,0.0,0.0,0.0,0.0,100,100,1.0,7,0,0,43,10.877729999999998,100,100,0,17,74,0
proxy-conditional,qwen2.5:3b-instruct-q4_K_M,2.52,0.10583500000000001,estimable,finite,31.0,False,estimable,4000,0,0,0,33.888875,20.5,50.0,0.0,0.0,0.0,0.0,0.0,0.0,0.0,100,100,1.0,7,0,0,47,10.5835,100,100,0,18,80,0
proxy-conditional,qwen2.5:3b-instruct-q8_0,2.67,0.17272310000000002,estimable,finite,22.0,False,estimable,4000,0,0,0,23.14625,15.0,35.5,0.0,0.0,0.0,0.0,0.0,0.0,0.0005,100,100,1.0,14,0,0,48,17.27231,100,100,0,21,80,0
proxy-conditional,qwen2:0.5b-instruct-q8_0,1.34,0.019274100000000002,estimable,finite,118.0,False,estimable,4000,0,0,0,117.499,109.5,125.0,0.0,0.0,0.0,0.0,0.0,0.0,0.0,100,100,1.0,2,0,0,3,1.92741,100,100,0,0,18,1475
proxy-conditional,qwen2:1.5b,1.595,0.0268809,estimable,finite,101.0,False,estimable,4000,0,0,0,99.7585,89.0,108.5,0.0,0.0,0.0,0.0,0.0,0.0,0.0,100,100,1.0,0,0,0,8,2.68809,100,100,0,0,28,16
proxy-conditional,qwen2:1.5b-instruct-q8_0,1.705,0.04402440000000001,estimable,finite,91.0,False,estimable,4000,0,0,0,92.08675,81.0,103.5,0.0,0.0,0.0,0.0,0.0,0.0,0.0,100,100,1.0,0,0,0,9,4.402440000000001,100,100,0,1,20,0
proxy-conditional,qwen3.5:2b,2.28,0.10294600000000001,estimable,finite,59.0,False,estimable,4000,0,0,0,56.055625,35.0,69.0,0.0,0.0,0.0,0.0,0.0,0.0,0.0,100,100,1.0,10,0,0,37,10.2946,100,100,0,14,66,0
proxy-conditional,qwen3:0.6b,1.775,0.0153814,estimable,finite,88.5,True,estimable,4000,0,0,0,86.935,76.0,98.0,0.8885,0.0,0.0,0.0,0.0,0.0,0.0,100,100,1.0,1,0,0,13,1.53814,100,100,0,0,36,12
proxy-conditional,qwen3:0.6b-fp16,1.86,0.0282127,estimable,finite,78.5,False,estimable,4000,0,0,0,81.051625,70.0,95.0,0.00225,0.0,0.0,0.0,0.0,0.0,0.0,100,100,1.0,1,0,0,17,2.82127,100,100,0,1,39,0
proxy-conditional,qwen3:0.6b-q8_0,2.01,0.018881900000000004,estimable,finite,71.0,True,estimable,4000,0,0,0,71.9865,62.0,84.0,0.8705,0.0,0.0,0.0,0.0,0.0,0.0,100,100,1.0,0,0,0,18,1.8881900000000003,100,100,0,1,42,0
proxy-conditional,qwen3:1.7b,2.63,0.0365625,estimable,finite,25.0,True,estimable,4000,0,0,0,27.4285,11.0,55.012500000000045,0.982,0.0,0.0,0.0,0.000125,0.0,0.020958333333333332,100,100,1.0,1,0,0,52,3.6562499999999996,100,100,0,23,82,0
proxy-conditional,qwen3:1.7b-fp16,2.82,0.08118539999999999,estimable,finite,15.0,False,estimable,4000,0,0,0,16.73875,6.0,41.512500000000045,0.00475,0.0,0.0,0.0,0.006375,0.0,0.2061458333333333,100,100,1.0,0,0,0,58,8.11854,100,100,0,24,89,0
proxy-conditional,qwen3:1.7b-q8_0,2.75,0.053398499999999995,estimable,finite,19.0,False,estimable,4000,0,0,0,21.024875,9.0,48.0,0.18525,0.0,0.0,0.0,0.0,0.0,0.052916666666666674,100,100,1.0,0,0,0,53,5.339849999999999,100,100,0,21,82,0
proxy-conditional,qwen3:4b,2.8,0.2570734,estimable,finite,17.0,False,estimable,4000,0,0,0,17.109125,8.0,31.0,0.0,0.0,0.0,0.0,0.0,0.0,0.14570833333333336,100,100,1.0,100,0,0,50,25.707340000000002,100,100,0,22,80,0
proxy-conditional,qwen3:4b-instruct-2507-q4_K_M,3.36,0.10899769999999999,estimable,finite,4.0,False,estimable,4000,0,0,0,3.3175,2.0,5.0,0.45475,0.0,0.000875,1.0,0.98225,1.0,0.99975,100,100,1.0,1,0,0,76,10.899769999999998,100,100,0,45,98,0
proxy-conditional,qwen3:4b-instruct-2507-q8_0,3.59,0.1605071,estimable,finite,1.0,True,estimable,4000,0,0,0,1.394875,1.0,3.5,0.76625,1.0,0.7694583333333334,1.0,0.99825,1.0,1.0,100,100,1.0,0,0,0,82,16.050710000000002,100,100,0,53,99,0
proxy-conditional,qwen3:4b-q8_0,3.4,0.1389434,estimable,finite,2.0,True,estimable,4000,0,0,0,2.66425,1.0,4.0,0.31375,0.0,0.06958333333333333,1.0,1.0,1.0,1.0,100,100,1.0,0,0,0,79,13.89434,100,100,0,48,98,0
proxy-conditional,qwen3:4b-thinking-2507-q4_K_M,2.865,0.2587354,estimable,finite,13.0,False,estimable,4000,0,0,0,13.907875,6.0,26.0,0.0,0.0,0.0,0.0,0.00475,0.0,0.318625,100,100,1.0,100,0,0,53,25.87354,100,100,0,26,76,0
proxy-conditional,qwen3:4b-thinking-2507-q8_0,3.0303030303030303,0.38266600000000006,estimable,finite,6.0,False,estimable,4000,0,0,0,8.565125,3.0,18.0,0.00125,0.0,0.00125,0.0,0.18891666666666668,1.0,0.7329791666666667,100,99,0.99,99,0,1,65,38.266600000000004,93,100,0,33,93,0
proxy-conditional,sailor2:1b,1.2222222222222223,0.05649899999999999,estimable,finite,129.0,False,estimable,4000,0,0,0,127.3045,121.0,131.0,0.0,0.0,0.0,0.0,0.0,0.0,0.0,100,99,0.99,7,0,1,1,5.649899999999999,94,100,0,0,5,1461
proxy-conditional,smallthinker:3b-preview-q4_K_M,2.47,0.1830502,estimable,finite,39.0,False,estimable,4000,0,0,0,38.640625,18.5,59.0,0.0,0.0,0.0,0.0,0.0,0.0,0.000125,100,100,1.0,66,0,0,48,18.30502,100,100,0,17,78,0
proxy-conditional,smollm2:1.7b,1.835,0.05150450000000001,estimable,finite,84.0,False,estimable,4000,0,0,0,82.85,74.0,92.0,0.0,0.0,0.0,0.0,0.0,0.0,0.0,100,100,1.0,3,0,0,17,5.150450000000001,100,100,0,3,34,0
proxy-conditional,smollm2:1.7b-instruct-q8_0,1.85,0.051941799999999996,estimable,finite,82.0,False,estimable,4000,0,0,0,81.4505,72.0,91.0,0.0,0.0,0.0,0.0,0.0,0.0,0.0,100,100,1.0,3,0,0,18,5.194179999999999,100,100,0,4,33,0
proxy-conditional,smollm2:135m,1.095,0.0119867,estimable,finite,132.5,False,estimable,4000,0,0,0,132.475125,130.0,135.0,0.0,0.0,0.0,0.0,0.0,0.0,0.0,100,100,1.0,5,0,0,1,1.19867,100,100,0,0,7,1408
proxy-conditional,smollm2:135m-instruct-q8_0,1.095,0.00814,estimable,finite,132.5,False,estimable,4000,0,0,0,132.6735,130.0,135.0,0.00025,0.0,0.0,0.0,0.0,0.0,0.0,100,100,1.0,6,0,0,1,0.814,100,100,0,0,6,1475
proxy-conditional,smollm2:360m,1.345,0.017338700000000002,estimable,finite,117.0,False,estimable,4000,0,0,0,117.31975,106.0,128.0,0.0005,0.0,0.0,0.0,0.0,0.0,0.0,100,100,1.0,2,0,0,6,1.7338700000000002,100,100,0,0,19,43
proxy-conditional,smollm2:360m-instruct-q8_0,1.265,0.012322199999999998,estimable,finite,124.5,False,estimable,4000,0,0,0,123.934,115.0,130.0,0.00625,0.0,0.0,0.0,0.0,0.0,0.0,100,100,1.0,6,0,0,2,1.2322199999999999,100,100,0,0,12,1475
proxy-conditional,smollm:1.7b,1.215,0.0749611,estimable,finite,130.0,False,estimable,4000,0,0,0,126.9975,118.0,132.0,0.0,0.0,0.0,0.0,0.0,0.0,0.0,100,100,1.0,25,0,0,2,7.49611,100,100,0,0,12,1475
proxy-conditional,smollm:360m,1.065,0.025851599999999995,estimable,finite,135.0,False,estimable,4000,0,0,0,134.528125,130.5,137.0,0.0,0.0,0.0,0.0,0.0,0.0,0.0,100,100,1.0,30,0,0,1,2.5851599999999997,100,100,0,0,6,1475
proxy-conditional,stablelm2:1.6b,1.385,0.057245799999999986,estimable,finite,114.0,False,estimable,4000,0,0,0,114.201,109.0,120.5,0.0,0.0,0.0,0.0,0.0,0.0,0.0,100,100,1.0,4,0,0,3,5.724579999999999,100,100,0,0,12,453
proxy-conditional,stablelm2:1.6b-chat,1.38,0.0572737,estimable,finite,115.0,False,estimable,4000,0,0,0,114.698375,106.0,124.0,0.0,0.0,0.0,0.0,0.0,0.0,0.0,100,100,1.0,4,0,0,3,5.72737,100,100,0,0,18,1475
proxy-conditional,stablelm2:1.6b-zephyr,1.415,0.0446021,estimable,finite,110.0,False,estimable,4000,0,0,0,112.444625,103.0,122.0,0.0,0.0,0.0,0.0,0.0,0.0,0.0,100,100,1.0,5,0,0,5,4.46021,100,100,0,0,19,151
proxy-conditional,starcoder2:3b,1.0206185567010309,0.13843060000000001,estimable,finite,137.0,False,estimable,4000,0,0,0,136.65925,135.0,137.0,0.0,0.0,0.0,0.0,0.0,0.0,0.0,100,97,0.97,57,2,1,0,13.843060000000001,91,100,0,0,0,4000
proxy-conditional,starcoder2:3b-q6_K,1.1071428571428572,0.1815079,estimable,finite,131.0,False,estimable,4000,0,0,0,131.993375,128.0,135.0,0.0,0.0,0.0,0.0,0.0,0.0,0.0,100,98,0.98,59,2,0,2,18.15079,92,100,0,0,9,502
proxy-conditional,starcoder2:3b-q8_0,1.0572916666666667,0.2077656,estimable,finite,136.0,False,estimable,4000,0,0,0,134.80475,132.0,137.0,0.0,0.0,0.0,0.0,0.0,0.0,0.0,100,96,0.96,51,2,2,1,20.77656,89,100,0,0,7,1408
proxy-conditional,tinyllama:1.1b,1.285,0.037376900000000005,estimable,finite,121.0,False,estimable,4000,0,0,0,122.27,112.5,129.0,0.0,0.0,0.0,0.0,0.0,0.0,0.0,100,100,1.0,10,0,0,2,3.73769,100,100,0,0,9,501
proxy-conditional,tinyllama:1.1b-chat-v1-q8_0,1.41,0.06069599999999999,estimable,finite,111.0,False,estimable,4000,0,0,0,112.364,98.0,123.0,0.0,0.0,0.0,0.0,0.0,0.0,0.0,100,100,1.0,14,0,0,7,6.069599999999999,100,100,0,0,27,142
proxy-conditional,yi-coder:1.5b,1.58,0.05313199999999999,estimable,finite,103.0,False,estimable,4000,0,0,0,101.00525,86.98750000000001,111.5,0.0,0.0,0.0,0.0,0.0,0.0,0.0,100,100,1.0,4,0,0,9,5.313199999999999,100,100,0,0,22,1
proxy-unconditional,codegemma:2b,1.07,0.10250499999999999,estimable,finite,134.0,False,estimable,4000,0,0,0,133.962,130.0,137.0,0.0,0.0,0.0,0.0,0.0,0.0,0.0,100,100,1.0,51,0,0,0,10.250499999999999,100,100,0,0,0,4000
proxy-unconditional,codegemma:2b-code-q6_K,1.23,0.0531285,estimable,finite,128.0,False,estimable,4000,0,0,0,124.841125,107.0,134.0,0.0,0.0,0.0,0.0,0.0,0.0,0.0,100,99,0.99,11,0,1,3,5.31285,94,100,0,0,15,1454
proxy-unconditional,cogito:3b,2.365,0.0465268,estimable,finite,52.5,False,estimable,4000,0,0,0,48.224625,31.5,61.5,0.0435,0.0,0.0,0.0,0.0,0.0,0.0,100,100,1.0,0,0,0,42,4.65268,100,100,0,15,71,0
proxy-unconditional,cogito:3b-v1-preview-llama-q8_0,2.37,0.0701172,estimable,finite,51.0,False,estimable,4000,0,0,0,47.81475,31.5,61.0,0.0,0.0,0.0,0.0,0.0,0.0,0.0,100,100,1.0,0,0,0,43,7.01172,100,100,0,12,75,0
proxy-unconditional,deepseek-coder:1.3b,1.37,0.0654276,estimable,finite,116.0,False,estimable,4000,0,0,0,115.2285,106.0,123.5,0.0,0.0,0.0,0.0,0.0,0.0,0.0,100,100,1.0,37,0,0,2,6.54276,100,100,0,0,8,487
proxy-unconditional,deepseek-coder:1.3b-instruct-q8_0,1.395,0.097566,estimable,finite,112.5,False,estimable,4000,0,0,0,114.064,102.0,127.0,0.0,0.0,0.0,0.0,0.0,0.0,0.0,100,100,1.0,45,0,0,3,9.7566,100,100,0,0,13,509
proxy-unconditional,falcon3:1b,1.545,0.09954219999999997,estimable,finite,103.0,False,estimable,4000,0,0,0,103.2515,90.5,114.0,0.0,0.0,0.0,0.0,0.0,0.0,0.0,100,89,0.89,44,11,0,9,9.954219999999998,71,100,0,0,35,41
proxy-unconditional,falcon3:1b-instruct-q8_0,1.54,0.09960649999999997,estimable,finite,104.0,False,estimable,4000,0,0,0,103.80125,91.5,114.5,0.0,0.0,0.0,0.0,0.0,0.0,0.0,100,89,0.89,44,11,0,8,9.960649999999998,71,100,0,0,33,174
proxy-unconditional,falcon3:3b,1.985,0.0586016,estimable,finite,72.0,False,estimable,4000,0,0,0,73.21075,62.0,88.0,0.0,0.0,0.0,0.0,0.0,0.0,0.0,100,91,0.91,2,9,0,24,5.86016,68,100,0,6,48,0
proxy-unconditional,falcon3:3b-instruct-q4_K_M,1.995,0.058018900000000005,estimable,finite,70.0,False,estimable,4000,0,0,0,72.39325,61.0,87.5,0.0,0.0,0.0,0.0,0.0,0.0,0.0,100,91,0.91,2,9,0,27,5.80189,68,100,0,8,59,0
proxy-unconditional,falcon3:3b-instruct-q8_0,2.22,0.09732470000000001,estimable,finite,62.5,False,estimable,4000,0,0,0,59.827,41.0,75.0,0.0,0.0,0.0,0.0,0.0,0.0,0.0,100,93,0.93,1,7,0,32,9.732470000000001,78,100,0,7,57,0
proxy-unconditional,gemma2:2b,2.385,0.06473620000000001,estimable,finite,48.5,False,estimable,4000,0,0,0,45.794,23.0,64.0,0.0,0.0,0.0,0.0,0.0,0.0,0.00025,100,100,1.0,0,0,0,41,6.47362,100,100,0,15,72,0
proxy-unconditional,gemma2:2b-instruct-q4_K_M,2.54,0.06000190000000001,estimable,finite,27.0,False,estimable,4000,0,0,0,31.049875,17.0,48.5,0.0,0.0,0.0,0.0,0.0,0.0,0.001,100,100,1.0,0,0,0,46,6.000190000000001,100,100,0,16,75,0
proxy-unconditional,gemma2:2b-instruct-q8_0,2.445,0.0859835,estimable,finite,41.0,False,estimable,4000,0,0,0,40.001625,21.0,59.0,0.0,0.0,0.0,0.0,0.0,0.0,0.0,100,100,1.0,0,0,0,46,8.59835,100,100,0,13,77,0
proxy-unconditional,gemma3:1b,1.855,0.0230552,estimable,finite,80.5,False,estimable,4000,0,0,0,80.96475,69.5,92.0,0.02725,0.0,0.0,0.0,0.0,0.0,0.0,100,100,1.0,0,0,0,13,2.30552,100,100,0,0,36,18
proxy-unconditional,gemma3:1b-it-q8_0,1.79,0.023906599999999997,estimable,finite,86.5,False,estimable,4000,0,0,0,86.055625,74.0,99.0,0.00225,0.0,0.0,0.0,0.0,0.0,0.0,100,100,1.0,0,0,0,16,2.3906599999999996,100,100,0,2,43,0
proxy-unconditional,gemma3:1b-it-qat,1.99,0.020576200000000003,estimable,finite,71.0,False,estimable,4000,0,0,0,72.1955,55.5,88.0,0.4885,0.0,0.0,0.0,0.0,0.0,0.0,100,100,1.0,0,0,0,25,2.0576200000000004,100,100,0,5,49,0
proxy-unconditional,gemma3:270m,1.28,0.0052651,estimable,finite,122.5,True,estimable,4000,0,0,0,122.564125,113.0,130.0,0.9925,0.0,0.0,0.0,0.0,0.0,0.0,100,100,1.0,0,0,0,2,0.52651,100,100,0,0,9,522
proxy-unconditional,gemma3:270m-it-qat,1.245,0.007723500000000001,estimable,finite,127.0,False,estimable,4000,0,0,0,125.2685,117.0,130.0,0.139,0.0,0.0,0.0,0.0,0.0,0.0,100,100,1.0,9,0,0,4,0.7723500000000001,100,100,0,0,18,522
proxy-unconditional,gemma3:4b,2.94,0.0641429,estimable,finite,9.0,False,estimable,4000,0,0,0,10.458625,6.0,18.5,0.01175,0.0,0.0,0.0,0.00375,1.0,0.5874166666666665,100,100,1.0,0,0,0,60,6.41429,100,100,0,29,90,0
proxy-unconditional,gemma3:4b-it-q4_K_M,2.88,0.06425800000000001,estimable,finite,11.0,False,estimable,4000,0,0,0,13.29475,8.0,22.5,0.00025,0.0,0.0,0.0,0.00025,0.0,0.2592916666666667,100,100,1.0,0,0,0,61,6.425800000000001,100,100,0,29,92,0
proxy-unconditional,gemma3:4b-it-q8_0,2.78,0.08659489999999997,estimable,finite,18.0,False,estimable,4000,0,0,0,18.9885,9.0,44.0,0.0,0.0,0.0,0.0,0.0,0.0,0.0905625,100,100,1.0,0,0,0,56,8.659489999999998,100,100,0,26,87,0
proxy-unconditional,gemma3:4b-it-qat,2.715,0.07702389999999999,estimable,finite,21.0,False,estimable,4000,0,0,0,22.566,10.0,48.0,0.0,0.0,0.0,0.0,0.0,0.0,0.0373125,100,100,1.0,0,0,0,50,7.702389999999999,100,100,0,20,79,0
proxy-unconditional,gemma3n:e2b,2.835,0.0648302,estimable,finite,14.0,False,estimable,4000,0,0,0,15.513625,6.0,33.0,0.0,0.0,0.0,0.0,0.00025,0.0,0.24535416666666665,100,100,1.0,0,0,0,59,6.48302,100,100,0,21,93,0
proxy-unconditional,gemma4:e2b-it-qat,3.185,0.0504522,estimable,finite,5.0,True,estimable,4000,0,0,0,5.369125,3.0,9.0,0.99425,0.0,0.000625,1.0,0.6923333333333335,1.0,0.994375,100,100,1.0,0,0,0,72,5.0452200000000005,100,100,0,44,94,0
proxy-unconditional,gemma:2b,1.775,0.048510500000000005,estimable,finite,88.5,False,estimable,4000,0,0,0,86.8135,67.98750000000001,105.0,0.0,0.0,0.0,0.0,0.0,0.0,0.0,100,100,1.0,2,0,0,13,4.851050000000001,100,100,0,0,38,3
proxy-unconditional,gemma:2b-instruct-q4_K_M,1.83,0.04429810000000001,estimable,finite,85.0,False,estimable,4000,0,0,0,82.877875,62.0,101.0,0.0005,0.0,0.0,0.0,0.0,0.0,0.0,100,100,1.0,1,0,0,17,4.429810000000001,100,100,0,1,44,0
proxy-unconditional,gemma:2b-instruct-q8_0,1.79,0.06085420000000001,estimable,finite,86.5,False,estimable,4000,0,0,0,85.54075,66.48750000000001,102.0,0.0,0.0,0.0,0.0,0.0,0.0,0.0,100,100,1.0,0,0,0,17,6.085420000000001,100,100,0,0,41,1
proxy-unconditional,granite3.1-dense:2b,2.46,0.08316719999999998,estimable,finite,38.5,False,estimable,4000,0,0,0,39.10075,22.0,58.0,0.0,0.0,0.0,0.0,0.0,0.0,0.0,100,100,1.0,2,0,0,47,8.316719999999998,100,100,0,15,75,0
proxy-unconditional,granite3.1-dense:2b-instruct-q8_0,2.59,0.1141953,estimable,finite,26.0,False,estimable,4000,0,0,0,27.430875,15.0,43.0,0.0,0.0,0.0,0.0,0.0,0.0,0.001625,100,100,1.0,0,0,0,48,11.41953,100,100,0,13,84,0
proxy-unconditional,granite3.1-moe:3b,1.875,0.0334147,estimable,finite,77.0,False,estimable,4000,0,0,0,79.943,68.0,96.0,0.006,0.0,0.0,0.0,0.0,0.0,0.0,100,100,1.0,2,0,0,21,3.34147,100,100,0,4,49,0
proxy-unconditional,granite3.2:2b,2.52,0.1216954,estimable,finite,30.0,False,estimable,4000,0,0,0,33.55675,18.0,53.0,0.0,0.0,0.0,0.0,0.0,0.0,0.0,100,100,1.0,11,0,0,50,12.16954,100,100,0,15,82,0
proxy-unconditional,granite3.2:2b-instruct-q4_K_M,2.535,0.1221751,estimable,finite,28.0,False,estimable,4000,0,0,0,31.930375,16.5,51.0,0.0,0.0,0.0,0.0,0.0,0.0,0.0005,100,100,1.0,11,0,0,51,12.217509999999999,100,100,0,16,81,0
proxy-unconditional,granite3.3:2b,2.475,0.0769426,estimable,finite,36.0,False,estimable,4000,0,0,0,38.106875,23.0,57.0,0.0,0.0,0.0,0.0,0.0,0.0,0.0,100,100,1.0,0,0,0,45,7.69426,100,100,0,17,72,0
proxy-unconditional,granite4.1:3b,2.98,0.074758,estimable,finite,8.0,False,estimable,4000,0,0,0,9.6475,5.0,18.0,0.08775,0.0,0.0,0.0,0.07754166666666666,1.0,0.6518541666666667,100,100,1.0,0,0,0,64,7.4758000000000004,100,100,0,33,92,0
proxy-unconditional,granite4:1b-h,2.235,0.028435600000000005,estimable,finite,61.0,True,estimable,4000,0,0,0,58.0705,36.0,72.0,0.818,0.0,0.0,0.0,0.0,0.0,0.0,100,100,1.0,0,0,0,29,2.8435600000000005,100,100,0,4,60,0
proxy-unconditional,granite4:350m,1.525,0.012930599999999999,estimable,finite,107.0,False,estimable,4000,0,0,0,104.129375,91.5,113.0,0.23475,0.0,0.0,0.0,0.0,0.0,0.0,100,100,1.0,0,0,0,7,1.2930599999999999,100,100,0,0,19,10
proxy-unconditional,granite4:350m-bf16,1.51,0.012712099999999999,estimable,finite,108.0,False,estimable,4000,0,0,0,105.442875,94.5,113.5,0.258,0.0,0.0,0.0,0.0,0.0,0.0,100,100,1.0,0,0,0,5,1.27121,100,100,0,0,18,142
proxy-unconditional,granite4:350m-h,1.59,0.0080541,estimable,finite,100.0,True,estimable,4000,0,0,0,100.03025,86.0,113.5,0.992,0.0,0.0,0.0,0.0,0.0,0.0,100,100,1.0,0,0,0,9,0.80541,100,100,0,0,22,6
proxy-unconditional,granite4:micro,2.72,0.0798973,estimable,finite,20.0,False,estimable,4000,0,0,0,20.21075,12.0,30.012500000000045,0.0,0.0,0.0,0.0,0.0,0.0,0.007458333333333333,100,100,1.0,0,0,0,59,7.989730000000001,100,100,0,33,83,0
proxy-unconditional,granite4:micro-h,3.015,0.0651603,estimable,finite,6.0,False,estimable,4000,0,0,0,8.203875,5.0,14.0,0.1165,0.0,0.0,0.0,0.07520833333333335,1.0,0.8286666666666669,100,100,1.0,0,0,0,70,6.516030000000001,100,100,0,41,94,0
proxy-unconditional,hf.co/LiquidAI/LFM2-1.2B-GGUF:Q4_K_M,1.86,0.0186997,estimable,finite,78.5,True,estimable,4000,0,0,0,80.7855,70.0,93.51250000000005,0.4315,0.0,0.0,0.0,0.0,0.0,0.0,100,100,1.0,0,0,0,15,1.86997,100,100,0,1,35,0
proxy-unconditional,hf.co/LiquidAI/LFM2-1.2B-GGUF:Q8_0,1.95,0.030554,estimable,finite,75.0,False,estimable,4000,0,0,0,74.746,66.5,86.0,0.06925,0.0,0.0,0.0,0.0,0.0,0.0,100,100,1.0,0,0,0,19,3.0554,100,100,0,5,45,0
proxy-unconditional,hf.co/LiquidAI/LFM2-350M-GGUF:Q4_K_M,1.325,0.011277400000000002,estimable,finite,119.5,False,estimable,4000,0,0,0,118.963875,111.0,127.5,0.00275,0.0,0.0,0.0,0.0,0.0,0.0,100,100,1.0,0,0,0,2,1.1277400000000002,100,100,0,0,8,478
proxy-unconditional,hf.co/LiquidAI/LFM2-700M-GGUF:Q4_K_M,1.395,0.0220955,estimable,finite,112.5,False,estimable,4000,0,0,0,113.145,103.0,122.5,0.0,0.0,0.0,0.0,0.0,0.0,0.0,100,100,1.0,4,0,0,2,2.20955,100,100,0,0,7,482
proxy-unconditional,hf.co/NousResearch/Hermes-3-Llama-3.2-3B-GGUF:Q4_K_M,2.11,0.0769492,estimable,finite,66.5,False,estimable,4000,0,0,0,65.513,51.987500000000004,74.5,0.0,0.0,0.0,0.0,0.0,0.0,0.0,100,100,1.0,0,0,0,30,7.69492,100,100,0,10,56,0
proxy-unconditional,hf.co/NousResearch/Hermes-3-Llama-3.2-3B-GGUF:Q8_0,2.22,0.0991791,estimable,finite,62.5,False,estimable,4000,0,0,0,59.88825,46.5,70.0,0.0,0.0,0.0,0.0,0.0,0.0,0.0,100,100,1.0,0,0,0,36,9.917910000000001,100,100,0,7,62,0
proxy-unconditional,hf.co/Qwen/Qwen2.5-1.5B-Instruct-GGUF:Q4_K_M,2.075,0.038428699999999996,estimable,finite,68.0,False,estimable,4000,0,0,0,67.154,42.487500000000004,81.0,0.048,0.0,0.0,0.0,0.0,0.0,0.0,100,100,1.0,1,0,0,25,3.8428699999999996,100,100,0,3,55,0
proxy-unconditional,hf.co/Qwen/Qwen2.5-3B-Instruct-GGUF:Q4_K_M,2.65,0.09588630000000001,estimable,finite,23.0,False,estimable,4000,0,0,0,24.559125,15.0,39.5,0.0,0.0,0.0,0.0,0.0,0.0,0.00025,100,100,1.0,6,0,0,54,9.58863,100,100,0,27,79,0
proxy-unconditional,hf.co/Qwen/Qwen3-4B-GGUF:Q4_K_M,2.865,0.2571047,estimable,finite,12.5,False,estimable,4000,0,0,0,13.6915,7.0,23.0,0.0,0.0,0.0,0.0,0.002375,0.0,0.3045833333333334,100,99,0.99,93,0,1,57,25.71047,93,100,0,28,88,0
proxy-unconditional,hf.co/allenai/OLMo-2-0425-1B-Instruct-GGUF:Q4_K_M,1.695,0.061812700000000005,estimable,finite,92.0,False,estimable,4000,0,0,0,92.63275,84.0,102.0,0.0,0.0,0.0,0.0,0.0,0.0,0.0,100,100,1.0,10,0,0,9,6.1812700000000005,100,100,0,0,32,13
proxy-unconditional,hf.co/bartowski/Llama-3.2-3B-Instruct-GGUF:IQ4_XS,2.385,0.06516,estimable,finite,48.5,False,estimable,4000,0,0,0,46.61975,32.5,60.0,0.0,0.0,0.0,0.0,0.0,0.0,0.0,100,100,1.0,0,0,0,41,6.516,100,100,0,13,66,0
proxy-unconditional,hf.co/bartowski/Llama-3.2-3B-Instruct-GGUF:Q3_K_L,2.25,0.06620140000000001,estimable,finite,59.0,False,estimable,4000,0,0,0,57.949875,46.0,68.0,0.0,0.0,0.0,0.0,0.0,0.0,0.0,100,100,1.0,0,0,0,35,6.62014,100,100,0,10,65,0
proxy-unconditional,hf.co/bartowski/Llama-3.2-3B-Instruct-GGUF:Q5_K_M,2.52,0.07428490000000001,estimable,finite,30.0,False,estimable,4000,0,0,0,32.551125,22.0,44.0,0.0,0.0,0.0,0.0,0.0,0.0,0.0,100,100,1.0,0,0,0,46,7.428490000000001,100,100,0,16,73,0
proxy-unconditional,hf.co/bartowski/Llama-3.2-3B-Instruct-GGUF:Q6_K,2.42,0.0734838,estimable,finite,45.0,False,estimable,4000,0,0,0,43.35875,34.0,53.0,0.0,0.0,0.0,0.0,0.0,0.0,0.0,100,100,1.0,0,0,0,38,7.34838,100,100,0,15,62,0
proxy-unconditional,hf.co/ggml-org/SmolLM3-3B-GGUF:Q4_K_M,2.245,0.110296,estimable,finite,60.0,False,estimable,4000,0,0,0,57.637875,40.487500000000004,68.0,0.0,0.0,0.0,0.0,0.0,0.0,0.0,100,95,0.95,7,5,0,37,11.0296,88,100,0,13,63,0
proxy-unconditional,hf.co/ggml-org/SmolLM3-3B-GGUF:Q8_0,2.295,0.13829260000000002,estimable,finite,55.0,False,estimable,4000,0,0,0,53.886375,35.0,67.0,0.0,0.0,0.0,0.0,0.0,0.0,0.0,100,97,0.97,2,3,0,37,13.829260000000001,91,100,0,12,59,0
proxy-unconditional,hf.co/openbmb/MiniCPM3-4B-GGUF:Q4_K_M,2.3,0.0784251,estimable,finite,54.0,False,estimable,4000,0,0,0,54.335125,38.5,65.5,0.0,0.0,0.0,0.0,0.0,0.0,0.0,100,99,0.99,0,0,1,38,7.84251,95,100,0,12,63,0
proxy-unconditional,hf.co/tiiuae/Falcon-H1-0.5B-Instruct-GGUF:Q4_K_M,1.69,0.034294200000000004,estimable,finite,93.0,False,estimable,4000,0,0,0,93.08475,79.5,107.0,0.0,0.0,0.0,0.0,0.0,0.0,0.0,100,100,1.0,15,0,0,13,3.4294200000000004,100,100,0,1,34,0
proxy-unconditional,hf.co/tiiuae/Falcon-H1-1.5B-Deep-Instruct-GGUF:IQ4_XS,2.365,0.1053772,estimable,finite,52.5,False,estimable,4000,0,0,0,48.109375,29.0,63.5,0.0,0.0,0.0,0.0,0.0,0.0,0.0,100,100,1.0,7,0,0,41,10.53772,100,100,0,13,69,0
proxy-unconditional,hf.co/tiiuae/Falcon-H1-1.5B-Deep-Instruct-GGUF:Q4_K_M,2.39,0.09332829999999999,estimable,finite,47.0,False,estimable,4000,0,0,0,45.498125,25.0,62.0,0.0,0.0,0.0,0.0,0.0,0.0,0.00025,100,100,1.0,7,0,0,42,9.33283,100,100,0,13,71,0
proxy-unconditional,hf.co/tiiuae/Falcon-H1-3B-Instruct-GGUF:Q4_K_M,2.915,0.12489019999999998,estimable,finite,10.0,False,estimable,4000,0,0,0,11.714375,6.0,21.0,0.0,0.0,0.0,0.0,0.009625,1.0,0.4562916666666667,100,100,1.0,1,0,0,64,12.489019999999998,100,100,0,30,92,0
proxy-unconditional,hf.co/unsloth/Llama-3.2-1B-Instruct-GGUF:Q4_K_M,1.615,0.0180221,estimable,finite,98.0,False,estimable,4000,0,0,0,98.47425,86.0,109.5,0.029,0.0,0.0,0.0,0.0,0.0,0.0,100,100,1.0,0,0,0,7,1.80221,100,100,0,0,24,45
proxy-unconditional,hf.co/unsloth/Phi-4-mini-instruct-GGUF:Q4_K_M,2.49,0.10440899999999999,estimable,finite,34.0,False,estimable,4000,0,0,0,35.80975,20.0,53.5,0.0,0.0,0.0,0.0,0.0,0.0,0.0,100,100,1.0,3,0,0,46,10.4409,100,100,0,20,71,0
proxy-unconditional,hf.co/unsloth/Qwen3-4B-GGUF:Q4_K_M,3.38,0.09334010000000001,estimable,finite,3.0,True,estimable,4000,0,0,0,2.97625,1.0,5.0,0.91875,0.0,0.15820833333333334,1.0,0.9822916666666668,1.0,1.0,100,100,1.0,0,0,0,72,9.334010000000001,100,100,0,42,96,0
proxy-unconditional,internlm2:1.8b,1.49,0.030893100000000003,estimable,finite,109.0,False,estimable,4000,0,0,0,107.328875,98.0,118.0,0.0,0.0,0.0,0.0,0.0,0.0,0.0,100,93,0.93,3,7,0,4,3.0893100000000002,85,100,0,0,11,58
proxy-unconditional,llama3.2:1b,1.645,0.0269072,estimable,finite,96.0,False,estimable,4000,0,0,0,95.42025,84.5,105.5,0.0,0.0,0.0,0.0,0.0,0.0,0.0,100,100,1.0,0,0,0,6,2.69072,100,100,0,0,14,12
proxy-unconditional,llama3.2:1b-instruct-q4_K_M,1.53,0.022604799999999994,estimable,finite,106.0,False,estimable,4000,0,0,0,104.47225,95.0,114.0,0.0,0.0,0.0,0.0,0.0,0.0,0.0,100,100,1.0,1,0,0,8,2.2604799999999994,100,100,0,0,22,12
proxy-unconditional,llama3.2:1b-instruct-q8_0,1.625,0.026446500000000005,estimable,finite,97.0,False,estimable,4000,0,0,0,97.543,87.0,108.0,0.0,0.0,0.0,0.0,0.0,0.0,0.0,100,100,1.0,0,0,0,6,2.6446500000000004,100,100,0,0,14,12
proxy-unconditional,llama3.2:3b,2.515,0.05392730000000001,estimable,finite,32.0,False,estimable,4000,0,0,0,33.0305,19.0,49.0,0.00125,0.0,0.0,0.0,0.0,0.0,0.0,100,100,1.0,0,0,0,47,5.392730000000001,100,100,0,18,78,0
proxy-unconditional,llama3.2:3b-instruct-q4_K_M,2.435,0.053858199999999995,estimable,finite,43.0,False,estimable,4000,0,0,0,41.406875,26.5,56.0,0.00075,0.0,0.0,0.0,0.0,0.0,0.0,100,100,1.0,0,0,0,41,5.38582,100,100,0,12,73,0
proxy-unconditional,llama3.2:3b-instruct-q8_0,2.5,0.08039449999999998,estimable,finite,33.0,False,estimable,4000,0,0,0,35.245625,21.0,51.0,0.0,0.0,0.0,0.0,0.0,0.0,0.0,100,100,1.0,0,0,0,46,8.039449999999999,100,100,0,20,74,0
proxy-unconditional,ministral-3:3b,2.81,0.10715520000000002,estimable,finite,16.0,False,estimable,4000,0,0,0,16.05525,9.0,24.5,0.0,0.0,0.0,0.0,0.0,0.0,0.069,100,100,1.0,1,0,0,55,10.715520000000001,100,100,0,26,82,0
proxy-unconditional,nemotron-mini:4b,1.66,0.0678951,estimable,finite,95.0,False,estimable,4000,0,0,0,95.082,84.5,105.0,0.0,0.0,0.0,0.0,0.0,0.0,0.0,100,100,1.0,2,0,0,8,6.78951,100,100,0,0,20,11
proxy-unconditional,nemotron-mini:4b-instruct-q4_K_M,1.665,0.06775320000000001,estimable,finite,94.0,False,estimable,4000,0,0,0,94.60725,82.0,106.5,0.0,0.0,0.0,0.0,0.0,0.0,0.0,100,100,1.0,2,0,0,11,6.775320000000001,100,100,0,0,28,4
proxy-unconditional,nemotron-mini:4b-instruct-q8_0,1.745,0.11059119999999999,estimable,finite,90.0,False,estimable,4000,0,0,0,89.24175,80.98750000000001,99.0,0.0,0.0,0.0,0.0,0.0,0.0,0.0,100,99,0.99,3,1,0,18,11.059119999999998,93,100,0,4,36,0
proxy-unconditional,opencoder:1.5b,1.535,0.07436240000000001,estimable,finite,105.0,False,estimable,4000,0,0,0,104.05525,90.48750000000001,117.0,0.0,0.0,0.0,0.0,0.0,0.0,0.0,100,100,1.0,2,0,0,7,7.436240000000001,100,100,0,0,23,58
proxy-unconditional,phi3.5:3.8b,2.395,0.14908549999999998,estimable,finite,46.0,False,estimable,4000,0,0,0,45.710875,29.0,62.0,0.0,0.0,0.0,0.0,0.0,0.0,0.0,100,100,1.0,24,0,0,39,14.908549999999998,100,100,0,13,63,0
proxy-unconditional,phi3.5:3.8b-mini-instruct-q8_0,2.375,0.2185186,estimable,finite,50.0,False,estimable,4000,0,0,0,46.97375,26.0,65.0,0.0,0.0,0.0,0.0,0.0,0.0,0.0,100,87,0.87,7,0,13,47,21.851860000000002,64,100,0,18,80,0
proxy-unconditional,phi3:3.8b,2.11,0.10969870000000002,estimable,finite,66.5,False,estimable,4000,0,0,0,66.976125,60.0,76.0,0.0,0.0,0.0,0.0,0.0,0.0,0.0,100,100,1.0,9,0,0,31,10.969870000000002,100,100,0,10,56,0
proxy-unconditional,phi3:3.8b-mini-128k-instruct-q8_0,2.285,0.12320129999999999,estimable,finite,56.0,False,estimable,4000,0,0,0,55.04025,38.0,67.0,0.0,0.0,0.0,0.0,0.0,0.0,0.0,100,97,0.97,2,0,3,40,12.320129999999999,90,100,0,14,70,0
proxy-unconditional,phi3:mini,2.18,0.10882840000000002,estimable,finite,64.0,False,estimable,4000,0,0,0,62.303125,53.0,70.5,0.0,0.0,0.0,0.0,0.0,0.0,0.0,100,100,1.0,9,0,0,32,10.882840000000002,100,100,0,8,56,0
proxy-unconditional,phi3:mini-128k,2.16,0.1089084,estimable,finite,65.0,False,estimable,4000,0,0,0,63.57775,54.5,71.0,0.0,0.0,0.0,0.0,0.0,0.0,0.0,100,100,1.0,9,0,0,34,10.89084,100,100,0,11,60,0
proxy-unconditional,phi3:mini-4k,2.255,0.1537809,estimable,finite,58.0,False,estimable,4000,0,0,0,57.308,42.0,68.0,0.0,0.0,0.0,0.0,0.0,0.0,0.0,100,100,1.0,22,0,0,34,15.37809,100,100,0,7,65,0
proxy-unconditional,phi4-mini,2.46,0.0958175,estimable,finite,38.5,False,estimable,4000,0,0,0,38.945625,22.987500000000004,56.0,0.0,0.0,0.0,0.0,0.0,0.0,0.0,100,100,1.0,2,0,0,42,9.58175,100,100,0,14,72,0
proxy-unconditional,phi4-mini-reasoning,2.44,0.2828102,estimable,finite,42.0,False,estimable,4000,0,0,0,41.03275,20.0,63.512500000000045,0.0,0.0,0.0,0.0,0.0,0.0,0.0,100,97,0.97,92,0,3,44,28.28102,90,100,0,17,73,0
proxy-unconditional,qwen2-math:1.5b,1.28,0.0745381,estimable,finite,122.5,False,estimable,4000,0,0,0,122.67325,113.0,130.0,0.0,0.0,0.0,0.0,0.0,0.0,0.0,100,100,1.0,17,0,0,3,7.45381,100,100,0,0,13,522
proxy-unconditional,qwen2.5-coder:0.5b,1.57,0.025064600000000003,estimable,finite,102.0,False,estimable,4000,0,0,0,101.241125,90.0,110.5,0.001,0.0,0.0,0.0,0.0,0.0,0.0,100,100,1.0,7,0,0,10,2.50646,100,100,0,0,29,5
proxy-unconditional,qwen2.5-coder:1.5b,1.955,0.05254289999999999,estimable,finite,74.0,False,estimable,4000,0,0,0,74.612875,66.0,85.0,0.0,0.0,0.0,0.0,0.0,0.0,0.0,100,100,1.0,4,0,0,26,5.254289999999999,100,100,0,10,48,0
proxy-unconditional,qwen2.5-coder:1.5b-instruct-q8_0,1.92,0.0742927,estimable,finite,76.0,False,estimable,4000,0,0,0,76.332875,70.0,84.0,0.0,0.0,0.0,0.0,0.0,0.0,0.0,100,100,1.0,7,0,0,17,7.42927,100,100,0,3,35,0
proxy-unconditional,qwen2.5-coder:3b,2.425,0.094148,estimable,finite,44.0,False,estimable,4000,0,0,0,43.157,26.0,62.0,0.0,0.0,0.0,0.0,0.0,0.0,0.0,100,100,1.0,4,0,0,37,9.4148,100,100,0,8,63,0
proxy-unconditional,qwen2.5-coder:3b-instruct-q4_K_M,2.45,0.09297190000000001,estimable,finite,40.0,False,estimable,4000,0,0,0,40.51675,25.0,58.012500000000045,0.0,0.0,0.0,0.0,0.0,0.0,0.0,100,100,1.0,4,0,0,44,9.29719,100,100,0,14,69,0
proxy-unconditional,qwen2.5-coder:3b-instruct-q8_0,2.64,0.15580289999999997,estimable,finite,24.0,False,estimable,4000,0,0,0,26.425,16.0,46.0,0.0,0.0,0.0,0.0,0.0,0.0,0.000625,100,99,0.99,2,0,1,48,15.580289999999998,93,100,0,20,77,0
proxy-unconditional,qwen2.5:0.5b,1.26,0.0324637,estimable,finite,126.0,False,estimable,4000,0,0,0,124.340125,117.0,130.0,0.0,0.0,0.0,0.0,0.0,0.0,0.0,100,100,1.0,14,0,0,2,3.2463699999999998,100,100,0,0,9,454
proxy-unconditional,qwen2.5:0.5b-instruct-q4_K_M,1.265,0.0319782,estimable,finite,124.5,False,estimable,4000,0,0,0,123.864125,117.0,129.0,0.0,0.0,0.0,0.0,0.0,0.0,0.0,100,100,1.0,14,0,0,1,3.1978199999999997,100,100,0,0,6,1440
proxy-unconditional,qwen2.5:0.5b-instruct-q8_0,1.325,0.034305,estimable,finite,119.5,False,estimable,4000,0,0,0,118.672125,109.0,126.0,0.0,0.0,0.0,0.0,0.0,0.0,0.0,100,100,1.0,19,0,0,2,3.4305000000000003,100,100,0,0,8,512
proxy-unconditional,qwen2.5:1.5b,1.845,0.053494799999999995,estimable,finite,83.0,False,estimable,4000,0,0,0,81.843,73.0,90.5,0.0,0.0,0.0,0.0,0.0,0.0,0.0,100,100,1.0,5,0,0,19,5.34948,100,100,0,1,40,0
proxy-unconditional,qwen2.5:1.5b-instruct-q4_K_M,1.855,0.053314699999999986,estimable,finite,80.5,False,estimable,4000,0,0,0,80.87525,71.5,90.0,0.0,0.0,0.0,0.0,0.0,0.0,0.0,100,100,1.0,5,0,0,18,5.331469999999999,100,100,0,1,35,0
proxy-unconditional,qwen2.5:1.5b-instruct-q8_0,1.96,0.0777736,estimable,finite,73.0,False,estimable,4000,0,0,0,73.904875,66.0,83.5,0.0,0.0,0.0,0.0,0.0,0.0,0.0,100,100,1.0,6,0,0,22,7.77736,100,100,0,6,42,0
proxy-unconditional,qwen2.5:3b,2.485,0.10877729999999998,estimable,finite,35.0,False,estimable,4000,0,0,0,36.96425,24.5,52.0,0.0,0.0,0.0,0.0,0.0,0.0,0.0,100,100,1.0,7,0,0,43,10.877729999999998,100,100,0,17,74,0
proxy-unconditional,qwen2.5:3b-instruct-q4_K_M,2.52,0.10583500000000001,estimable,finite,30.0,False,estimable,4000,0,0,0,33.155875,20.487500000000004,49.0,0.0,0.0,0.0,0.0,0.0,0.0,0.0,100,100,1.0,7,0,0,47,10.5835,100,100,0,18,80,0
proxy-unconditional,qwen2.5:3b-instruct-q8_0,2.67,0.17272310000000002,estimable,finite,22.0,False,estimable,4000,0,0,0,22.843625,15.0,34.5,0.0,0.0,0.0,0.0,0.0,0.0,0.0005,100,100,1.0,14,0,0,48,17.27231,100,100,0,21,80,0
proxy-unconditional,qwen2:0.5b-instruct-q8_0,1.34,0.019274100000000002,estimable,finite,118.0,False,estimable,4000,0,0,0,117.39525,109.0,125.0,0.0,0.0,0.0,0.0,0.0,0.0,0.0,100,100,1.0,2,0,0,3,1.92741,100,100,0,0,18,1475
proxy-unconditional,qwen2:1.5b,1.595,0.0268809,estimable,finite,99.0,False,estimable,4000,0,0,0,99.31925,89.0,108.0,0.0,0.0,0.0,0.0,0.0,0.0,0.0,100,100,1.0,0,0,0,8,2.68809,100,100,0,0,28,16
proxy-unconditional,qwen2:1.5b-instruct-q8_0,1.705,0.04402440000000001,estimable,finite,91.0,False,estimable,4000,0,0,0,91.805125,81.0,103.0,0.0,0.0,0.0,0.0,0.0,0.0,0.0,100,100,1.0,0,0,0,9,4.402440000000001,100,100,0,1,20,0
proxy-unconditional,qwen3.5:2b,2.28,0.10294600000000001,estimable,finite,57.0,False,estimable,4000,0,0,0,54.929875,34.0,68.0,0.0,0.0,0.0,0.0,0.0,0.0,0.0,100,100,1.0,10,0,0,37,10.2946,100,100,0,14,66,0
proxy-unconditional,qwen3:0.6b,1.775,0.0153814,estimable,finite,88.5,True,estimable,4000,0,0,0,86.75375,75.98750000000001,98.0,0.8885,0.0,0.0,0.0,0.0,0.0,0.0,100,100,1.0,1,0,0,13,1.53814,100,100,0,0,36,12
proxy-unconditional,qwen3:0.6b-fp16,1.86,0.0282127,estimable,finite,78.5,False,estimable,4000,0,0,0,80.73325,69.0,95.0,0.00225,0.0,0.0,0.0,0.0,0.0,0.0,100,100,1.0,1,0,0,17,2.82127,100,100,0,1,39,0
proxy-unconditional,qwen3:0.6b-q8_0,2.01,0.018881900000000004,estimable,finite,69.0,True,estimable,4000,0,0,0,71.2925,61.0,84.0,0.8705,0.0,0.0,0.0,0.0,0.0,0.0,100,100,1.0,0,0,0,18,1.8881900000000003,100,100,0,1,42,0
proxy-unconditional,qwen3:1.7b,2.63,0.0365625,estimable,finite,25.0,True,estimable,4000,0,0,0,26.885,11.0,54.0,0.982,0.0,0.0,0.0,0.000125,0.0,0.021999999999999995,100,100,1.0,1,0,0,52,3.6562499999999996,100,100,0,23,82,0
proxy-unconditional,qwen3:1.7b-fp16,2.82,0.08118539999999999,estimable,finite,15.0,False,estimable,4000,0,0,0,16.5555,6.0,40.5,0.00475,0.0,0.0,0.0,0.006375,0.0,0.21260416666666665,100,100,1.0,0,0,0,58,8.11854,100,100,0,24,89,0
proxy-unconditional,qwen3:1.7b-q8_0,2.75,0.053398499999999995,estimable,finite,19.0,False,estimable,4000,0,0,0,20.762875,9.0,46.0,0.18525,0.0,0.0,0.0,0.0,0.0,0.05575000000000001,100,100,1.0,0,0,0,53,5.339849999999999,100,100,0,21,82,0
proxy-unconditional,qwen3:4b,2.8,0.2570734,estimable,finite,17.0,False,estimable,4000,0,0,0,16.90475,8.0,30.0,0.0,0.0,0.0,0.0,0.0,0.0,0.149,100,100,1.0,100,0,0,50,25.707340000000002,100,100,0,22,80,0
proxy-unconditional,qwen3:4b-instruct-2507-q4_K_M,3.36,0.10899769999999999,estimable,finite,4.0,False,estimable,4000,0,0,0,3.311125,2.0,5.0,0.45475,0.0,0.000875,1.0,0.983625,1.0,0.99975,100,100,1.0,1,0,0,76,10.899769999999998,100,100,0,45,98,0
proxy-unconditional,qwen3:4b-instruct-2507-q8_0,3.59,0.1605071,estimable,finite,1.0,True,estimable,4000,0,0,0,1.394375,1.0,3.5,0.76625,1.0,0.7697083333333333,1.0,0.99825,1.0,1.0,100,100,1.0,0,0,0,82,16.050710000000002,100,100,0,53,99,0
proxy-unconditional,qwen3:4b-q8_0,3.4,0.1389434,estimable,finite,2.0,True,estimable,4000,0,0,0,2.660875,1.0,4.0,0.31375,0.0,0.06958333333333333,1.0,1.0,1.0,1.0,100,100,1.0,0,0,0,79,13.89434,100,100,0,48,98,0
proxy-unconditional,qwen3:4b-thinking-2507-q4_K_M,2.865,0.2587354,estimable,finite,12.5,False,estimable,4000,0,0,0,13.737,6.0,25.0,0.0,0.0,0.0,0.0,0.00525,0.0,0.3249166666666667,100,100,1.0,100,0,0,53,25.87354,100,100,0,26,76,0
proxy-unconditional,qwen3:4b-thinking-2507-q8_0,3.01,0.38266600000000006,estimable,finite,7.0,False,estimable,4000,0,0,0,8.98575,4.0,18.5,0.001,0.0,0.001,0.0,0.16275000000000003,1.0,0.6986875,100,99,0.99,99,0,1,65,38.266600000000004,93,100,0,33,93,0
proxy-unconditional,sailor2:1b,1.22,0.05649899999999999,estimable,finite,129.0,False,estimable,4000,0,0,0,127.401625,121.5,131.0,0.0,0.0,0.0,0.0,0.0,0.0,0.0,100,99,0.99,7,0,1,1,5.649899999999999,94,100,0,0,5,1461
proxy-unconditional,smallthinker:3b-preview-q4_K_M,2.47,0.1830502,estimable,finite,37.0,False,estimable,4000,0,0,0,37.873625,18.0,58.0,0.0,0.0,0.0,0.0,0.0,0.0,0.000125,100,100,1.0,66,0,0,48,18.30502,100,100,0,17,78,0
proxy-unconditional,smollm2:1.7b,1.835,0.05150450000000001,estimable,finite,84.0,False,estimable,4000,0,0,0,82.65625,73.0,92.0,0.0,0.0,0.0,0.0,0.0,0.0,0.0,100,100,1.0,3,0,0,17,5.150450000000001,100,100,0,3,34,0
proxy-unconditional,smollm2:1.7b-instruct-q8_0,1.85,0.051941799999999996,estimable,finite,82.0,False,estimable,4000,0,0,0,81.22,72.0,91.0,0.0,0.0,0.0,0.0,0.0,0.0,0.0,100,100,1.0,3,0,0,18,5.194179999999999,100,100,0,4,33,0
proxy-unconditional,smollm2:135m,1.095,0.0119867,estimable,finite,132.5,False,estimable,4000,0,0,0,132.4355,130.0,135.0,0.0,0.0,0.0,0.0,0.0,0.0,0.0,100,100,1.0,5,0,0,1,1.19867,100,100,0,0,7,1408
proxy-unconditional,smollm2:135m-instruct-q8_0,1.095,0.00814,estimable,finite,132.5,False,estimable,4000,0,0,0,132.621625,130.0,135.0,0.00025,0.0,0.0,0.0,0.0,0.0,0.0,100,100,1.0,6,0,0,1,0.814,100,100,0,0,6,1475
proxy-unconditional,smollm2:360m,1.345,0.017338700000000002,estimable,finite,117.0,False,estimable,4000,0,0,0,117.22675,105.48750000000001,128.0,0.0005,0.0,0.0,0.0,0.0,0.0,0.0,100,100,1.0,2,0,0,6,1.7338700000000002,100,100,0,0,19,43
proxy-unconditional,smollm2:360m-instruct-q8_0,1.265,0.012322199999999998,estimable,finite,124.5,False,estimable,4000,0,0,0,123.8985,115.0,129.5,0.00625,0.0,0.0,0.0,0.0,0.0,0.0,100,100,1.0,6,0,0,2,1.2322199999999999,100,100,0,0,12,1475
proxy-unconditional,smollm:1.7b,1.215,0.0749611,estimable,finite,130.0,False,estimable,4000,0,0,0,126.96425,118.0,132.0,0.0,0.0,0.0,0.0,0.0,0.0,0.0,100,100,1.0,25,0,0,2,7.49611,100,100,0,0,12,1475
proxy-unconditional,smollm:360m,1.065,0.025851599999999995,estimable,finite,135.0,False,estimable,4000,0,0,0,134.47425,130.5,137.0,0.0,0.0,0.0,0.0,0.0,0.0,0.0,100,100,1.0,30,0,0,1,2.5851599999999997,100,100,0,0,6,1475
proxy-unconditional,stablelm2:1.6b,1.385,0.057245799999999986,estimable,finite,114.0,False,estimable,4000,0,0,0,114.070125,108.0,120.5,0.0,0.0,0.0,0.0,0.0,0.0,0.0,100,100,1.0,4,0,0,3,5.724579999999999,100,100,0,0,12,453
proxy-unconditional,stablelm2:1.6b-chat,1.38,0.0572737,estimable,finite,115.0,False,estimable,4000,0,0,0,114.576625,105.98750000000001,124.0,0.0,0.0,0.0,0.0,0.0,0.0,0.0,100,100,1.0,4,0,0,3,5.72737,100,100,0,0,18,1475
proxy-unconditional,stablelm2:1.6b-zephyr,1.415,0.0446021,estimable,finite,110.0,False,estimable,4000,0,0,0,112.129125,102.5,122.0,0.0,0.0,0.0,0.0,0.0,0.0,0.0,100,100,1.0,5,0,0,5,4.46021,100,100,0,0,19,151
proxy-unconditional,starcoder2:3b,1.02,0.13843060000000001,estimable,finite,137.0,False,estimable,4000,0,0,0,136.676375,135.5,137.0,0.0,0.0,0.0,0.0,0.0,0.0,0.0,100,97,0.97,57,2,1,0,13.843060000000001,91,100,0,0,0,4000
proxy-unconditional,starcoder2:3b-q6_K,1.105,0.1815079,estimable,finite,131.0,False,estimable,4000,0,0,0,132.078625,128.0,135.5,0.0,0.0,0.0,0.0,0.0,0.0,0.0,100,98,0.98,59,2,0,2,18.15079,92,100,0,0,9,502
proxy-unconditional,starcoder2:3b-q8_0,1.055,0.2077656,estimable,finite,136.0,False,estimable,4000,0,0,0,134.907125,132.0,137.0,0.0,0.0,0.0,0.0,0.0,0.0,0.0,100,96,0.96,51,2,2,1,20.77656,89,100,0,0,7,1408
proxy-unconditional,tinyllama:1.1b,1.285,0.037376900000000005,estimable,finite,121.0,False,estimable,4000,0,0,0,122.209625,112.0,129.0,0.0,0.0,0.0,0.0,0.0,0.0,0.0,100,100,1.0,10,0,0,2,3.73769,100,100,0,0,9,501
proxy-unconditional,tinyllama:1.1b-chat-v1-q8_0,1.41,0.06069599999999999,estimable,finite,111.0,False,estimable,4000,0,0,0,112.082625,97.5,123.0,0.0,0.0,0.0,0.0,0.0,0.0,0.0,100,100,1.0,14,0,0,7,6.069599999999999,100,100,0,0,27,142
proxy-unconditional,yi-coder:1.5b,1.58,0.05313199999999999,estimable,finite,101.0,False,estimable,4000,0,0,0,100.467875,86.5,111.0,0.0,0.0,0.0,0.0,0.0,0.0,0.0,100,100,1.0,4,0,0,9,5.313199999999999,100,100,0,0,22,1
mean-per-positive,codegemma:2b,1.07,inf,estimable,unbounded-zero-success,134.0,False,estimable,4000,0,0,4000,133.977,130.0,137.0,0.0,0.0,0.0,0.0,0.0,0.0,0.0,100,100,1.0,51,0,0,0,10.250499999999999,100,100,0,0,0,4000
mean-per-positive,codegemma:2b-code-q6_K,1.235,1.77095,estimable,finite,128.0,False,estimable,4000,0,0,1454,124.544125,106.5,134.0,0.0,0.0,0.0,0.0,0.0,0.0,0.0,100,99,0.99,11,0,1,3,5.31285,94,100,0,0,15,1454
mean-per-positive,cogito:3b,2.365,0.11077809523809524,estimable,finite,52.5,False,estimable,4000,0,0,0,48.862,32.0,62.0,0.0005,0.0,0.0,0.0,0.0,0.0,0.0,100,100,1.0,0,0,0,42,4.65268,100,100,0,15,71,0
mean-per-positive,cogito:3b-v1-preview-llama-q8_0,2.37,0.1630632558139535,estimable,finite,51.0,False,estimable,4000,0,0,0,48.43575,32.0,61.5,0.0,0.0,0.0,0.0,0.0,0.0,0.0,100,100,1.0,0,0,0,43,7.01172,100,100,0,12,75,0
mean-per-positive,deepseek-coder:1.3b,1.37,3.27138,estimable,finite,116.0,False,estimable,4000,0,0,487,115.23575,106.0,123.5,0.0,0.0,0.0,0.0,0.0,0.0,0.0,100,100,1.0,37,0,0,2,6.54276,100,100,0,0,8,487
mean-per-positive,deepseek-coder:1.3b-instruct-q8_0,1.395,3.2522,estimable,finite,112.5,False,estimable,4000,0,0,509,114.07025,102.0,127.0,0.0,0.0,0.0,0.0,0.0,0.0,0.0,100,100,1.0,45,0,0,3,9.7566,100,100,0,0,13,509
mean-per-positive,falcon3:1b,1.545,1.1060244444444443,estimable,finite,103.0,False,estimable,4000,0,0,41,103.254125,90.5,114.0,0.0,0.0,0.0,0.0,0.0,0.0,0.0,100,89,0.89,44,11,0,9,9.954219999999998,71,100,0,0,35,41
mean-per-positive,falcon3:1b-instruct-q8_0,1.54,1.2450812499999997,estimable,finite,104.0,False,estimable,4000,0,0,174,103.80425,91.5,114.51250000000005,0.0,0.0,0.0,0.0,0.0,0.0,0.0,100,89,0.89,44,11,0,8,9.960649999999998,71,100,0,0,33,174
mean-per-positive,falcon3:3b,1.985,0.24417333333333333,estimable,finite,72.0,False,estimable,4000,0,0,0,73.235,62.5,88.0,0.0,0.0,0.0,0.0,0.0,0.0,0.0,100,91,0.91,2,9,0,24,5.86016,68,100,0,6,48,0
mean-per-positive,falcon3:3b-instruct-q4_K_M,1.995,0.21488481481481483,estimable,finite,70.0,False,estimable,4000,0,0,0,72.422875,61.0,87.5,0.0,0.0,0.0,0.0,0.0,0.0,0.0,100,91,0.91,2,9,0,27,5.80189,68,100,0,8,59,0
mean-per-positive,falcon3:3b-instruct-q8_0,2.22,0.30413968750000003,estimable,finite,62.5,False,estimable,4000,0,0,0,60.183625,42.0,75.0,0.0,0.0,0.0,0.0,0.0,0.0,0.0,100,93,0.93,1,7,0,32,9.732470000000001,78,100,0,7,57,0
mean-per-positive,gemma2:2b,2.385,0.15789317073170733,estimable,finite,49.5,False,estimable,4000,0,0,0,46.401375,23.5,64.0,0.0,0.0,0.0,0.0,0.0,0.0,0.00025,100,100,1.0,0,0,0,41,6.47362,100,100,0,15,72,0
mean-per-positive,gemma2:2b-instruct-q4_K_M,2.54,0.13043891304347827,estimable,finite,28.0,False,estimable,4000,0,0,0,31.497625,17.0,49.0,0.0,0.0,0.0,0.0,0.0,0.0,0.001,100,100,1.0,0,0,0,46,6.000190000000001,100,100,0,16,75,0
mean-per-positive,gemma2:2b-instruct-q8_0,2.445,0.18692065217391304,estimable,finite,43.0,False,estimable,4000,0,0,0,40.5675,21.0,59.0,0.0,0.0,0.0,0.0,0.0,0.0,0.0,100,100,1.0,0,0,0,46,8.59835,100,100,0,13,77,0
mean-per-positive,gemma3:1b,1.855,0.17734769230769232,estimable,finite,80.5,False,estimable,4000,0,0,18,80.96475,69.5,92.0,0.0,0.0,0.0,0.0,0.0,0.0,0.0,100,100,1.0,0,0,0,13,2.30552,100,100,0,0,36,18
mean-per-positive,gemma3:1b-it-q8_0,1.79,0.14941624999999997,estimable,finite,86.5,False,estimable,4000,0,0,0,86.05575,74.0,99.0,0.00025,0.0,0.0,0.0,0.0,0.0,0.0,100,100,1.0,0,0,0,16,2.3906599999999996,100,100,0,2,43,0
mean-per-positive,gemma3:1b-it-qat,1.99,0.08230480000000001,estimable,finite,71.0,False,estimable,4000,0,0,0,72.219625,56.0,88.0,0.18725,0.0,0.0,0.0,0.0,0.0,0.0,100,100,1.0,0,0,0,25,2.0576200000000004,100,100,0,5,49,0
mean-per-positive,gemma3:270m,1.28,0.263255,estimable,finite,122.5,False,estimable,4000,0,0,522,122.575,113.0,130.0,0.0,0.0,0.0,0.0,0.0,0.0,0.0,100,100,1.0,0,0,0,2,0.52651,100,100,0,0,9,522
mean-per-positive,gemma3:270m-it-qat,1.245,0.19308750000000002,estimable,finite,127.0,False,estimable,4000,0,0,522,125.2845,117.0,130.0,0.002,0.0,0.0,0.0,0.0,0.0,0.0,100,100,1.0,9,0,0,4,0.7723500000000001,100,100,0,0,18,522
mean-per-positive,gemma3:4b,2.94,0.10690483333333334,estimable,finite,9.0,False,estimable,4000,0,0,0,10.521625,6.0,18.5,0.00725,0.0,0.0,0.0,0.00375,1.0,0.5805,100,100,1.0,0,0,0,60,6.41429,100,100,0,29,90,0
mean-per-positive,gemma3:4b-it-q4_K_M,2.88,0.10534098360655739,estimable,finite,11.0,False,estimable,4000,0,0,0,13.37,8.0,22.5,0.00125,0.0,0.0,0.0,0.00025,0.0,0.24908333333333332,100,100,1.0,0,0,0,61,6.425800000000001,100,100,0,29,92,0
mean-per-positive,gemma3:4b-it-q8_0,2.78,0.15463374999999996,estimable,finite,18.0,False,estimable,4000,0,0,0,19.127375,9.0,45.0,0.0,0.0,0.0,0.0,0.0,0.0,0.08664583333333332,100,100,1.0,0,0,0,56,8.659489999999998,100,100,0,26,87,0
mean-per-positive,gemma3:4b-it-qat,2.715,0.15404779999999998,estimable,finite,21.0,False,estimable,4000,0,0,0,22.81875,10.0,49.0,0.0,0.0,0.0,0.0,0.0,0.0,0.0363125,100,100,1.0,0,0,0,50,7.702389999999999,100,100,0,20,79,0
mean-per-positive,gemma3n:e2b,2.835,0.10988169491525424,estimable,finite,14.0,False,estimable,4000,0,0,0,15.65475,7.0,34.0,0.0,0.0,0.0,0.0,0.00025,0.0,0.24010416666666665,100,100,1.0,0,0,0,59,6.48302,100,100,0,21,93,0
mean-per-positive,gemma4:e2b-it-qat,3.185,0.07007250000000001,estimable,finite,5.0,True,estimable,4000,0,0,0,5.407625,3.0,9.0,0.991,0.0,0.000625,1.0,0.6683750000000002,1.0,0.993875,100,100,1.0,0,0,0,72,5.0452200000000005,100,100,0,44,94,0
mean-per-positive,gemma:2b,1.775,0.37315769230769236,estimable,finite,88.5,False,estimable,4000,0,0,3,86.81775,67.98750000000001,105.0,0.0,0.0,0.0,0.0,0.0,0.0,0.0,100,100,1.0,2,0,0,13,4.851050000000001,100,100,0,0,38,3
mean-per-positive,gemma:2b-instruct-q4_K_M,1.83,0.26057705882352944,estimable,finite,85.0,False,estimable,4000,0,0,0,82.887125,62.0,101.0,0.0,0.0,0.0,0.0,0.0,0.0,0.0,100,100,1.0,1,0,0,17,4.429810000000001,100,100,0,1,44,0
mean-per-positive,gemma:2b-instruct-q8_0,1.79,0.35796588235294124,estimable,finite,86.5,False,estimable,4000,0,0,1,85.54525,66.48750000000001,102.0,0.0,0.0,0.0,0.0,0.0,0.0,0.0,100,100,1.0,0,0,0,17,6.085420000000001,100,100,0,0,41,1
mean-per-positive,granite3.1-dense:2b,2.46,0.1769514893617021,estimable,finite,40.0,False,estimable,4000,0,0,0,39.704,22.0,58.5,0.0,0.0,0.0,0.0,0.0,0.0,0.0,100,100,1.0,2,0,0,47,8.316719999999998,100,100,0,15,75,0
mean-per-positive,granite3.1-dense:2b-instruct-q8_0,2.59,0.237906875,estimable,finite,26.0,False,estimable,4000,0,0,0,27.85525,15.487500000000004,43.5,0.0,0.0,0.0,0.0,0.0,0.0,0.001625,100,100,1.0,0,0,0,48,11.41953,100,100,0,13,84,0
mean-per-positive,granite3.1-moe:3b,1.875,0.15911761904761906,estimable,finite,77.0,False,estimable,4000,0,0,0,79.948125,68.0,96.0,0.0,0.0,0.0,0.0,0.0,0.0,0.0,100,100,1.0,2,0,0,21,3.34147,100,100,0,4,49,0
mean-per-positive,granite3.2:2b,2.52,0.2433908,estimable,finite,31.0,False,estimable,4000,0,0,0,34.115375,18.0,53.5,0.0,0.0,0.0,0.0,0.0,0.0,0.0,100,100,1.0,11,0,0,50,12.16954,100,100,0,15,82,0
mean-per-positive,granite3.2:2b-instruct-q4_K_M,2.535,0.23955901960784312,estimable,finite,29.0,False,estimable,4000,0,0,0,32.45425,16.5,51.5,0.0,0.0,0.0,0.0,0.0,0.0,0.0,100,100,1.0,11,0,0,51,12.217509999999999,100,100,0,16,81,0
mean-per-positive,granite3.3:2b,2.475,0.17098355555555556,estimable,finite,37.0,False,estimable,4000,0,0,0,38.77475,23.0,57.5,0.0,0.0,0.0,0.0,0.0,0.0,0.0,100,100,1.0,0,0,0,45,7.69426,100,100,0,17,72,0
mean-per-positive,granite4.1:3b,2.98,0.11680937500000001,estimable,finite,8.0,False,estimable,4000,0,0,0,9.710875,5.0,18.0,0.083,0.0,0.0,0.0,0.07454166666666667,1.0,0.6486458333333333,100,100,1.0,0,0,0,64,7.4758000000000004,100,100,0,33,92,0
mean-per-positive,granite4:1b-h,2.235,0.09805379310344829,estimable,finite,61.0,False,estimable,4000,0,0,0,58.34825,36.0,72.0,0.0305,0.0,0.0,0.0,0.0,0.0,0.0,100,100,1.0,0,0,0,29,2.8435600000000005,100,100,0,4,60,0
mean-per-positive,granite4:350m,1.525,0.18472285714285713,estimable,finite,107.0,False,estimable,4000,0,0,10,104.12975,91.5,113.0,0.0005,0.0,0.0,0.0,0.0,0.0,0.0,100,100,1.0,0,0,0,7,1.2930599999999999,100,100,0,0,19,10
mean-per-positive,granite4:350m-bf16,1.51,0.25424199999999997,estimable,finite,108.0,False,estimable,4000,0,0,142,105.443125,94.5,113.5,0.0,0.0,0.0,0.0,0.0,0.0,0.0,100,100,1.0,0,0,0,5,1.27121,100,100,0,0,18,142
mean-per-positive,granite4:350m-h,1.59,0.08949,estimable,finite,100.0,False,estimable,4000,0,0,6,100.030875,86.0,113.5,0.14425,0.0,0.0,0.0,0.0,0.0,0.0,100,100,1.0,0,0,0,9,0.80541,100,100,0,0,22,6
mean-per-positive,granite4:micro,2.72,0.13541915254237288,estimable,finite,20.0,False,estimable,4000,0,0,0,20.423,12.0,31.0,0.0,0.0,0.0,0.0,0.0,0.0,0.007208333333333333,100,100,1.0,0,0,0,59,7.989730000000001,100,100,0,33,83,0
mean-per-positive,granite4:micro-h,3.015,0.09308614285714287,estimable,finite,7.0,False,estimable,4000,0,0,0,8.26675,5.0,14.0,0.1205,0.0,0.0,0.0,0.07416666666666667,1.0,0.8234166666666668,100,100,1.0,0,0,0,70,6.516030000000001,100,100,0,41,94,0
mean-per-positive,hf.co/LiquidAI/LFM2-1.2B-GGUF:Q4_K_M,1.86,0.12466466666666666,estimable,finite,78.5,False,estimable,4000,0,0,0,80.7865,70.0,93.51250000000005,0.0045,0.0,0.0,0.0,0.0,0.0,0.0,100,100,1.0,0,0,0,15,1.86997,100,100,0,1,35,0
mean-per-positive,hf.co/LiquidAI/LFM2-1.2B-GGUF:Q8_0,1.95,0.1608105263157895,estimable,finite,75.0,False,estimable,4000,0,0,0,74.753,66.5,86.0,0.00025,0.0,0.0,0.0,0.0,0.0,0.0,100,100,1.0,0,0,0,19,3.0554,100,100,0,5,45,0
mean-per-positive,hf.co/LiquidAI/LFM2-350M-GGUF:Q4_K_M,1.325,0.5638700000000001,estimable,finite,119.5,False,estimable,4000,0,0,478,118.9725,111.0,127.5,0.0,0.0,0.0,0.0,0.0,0.0,0.0,100,100,1.0,0,0,0,2,1.1277400000000002,100,100,0,0,8,478
mean-per-positive,hf.co/LiquidAI/LFM2-700M-GGUF:Q4_K_M,1.395,1.104775,estimable,finite,112.5,False,estimable,4000,0,0,482,113.151625,103.0,122.5,0.0,0.0,0.0,0.0,0.0,0.0,0.0,100,100,1.0,4,0,0,2,2.20955,100,100,0,0,7,482
mean-per-positive,hf.co/NousResearch/Hermes-3-Llama-3.2-3B-GGUF:Q4_K_M,2.11,0.2564973333333333,estimable,finite,66.5,False,estimable,4000,0,0,0,65.61425,52.0,74.5,0.0,0.0,0.0,0.0,0.0,0.0,0.0,100,100,1.0,0,0,0,30,7.69492,100,100,0,10,56,0
mean-per-positive,hf.co/NousResearch/Hermes-3-Llama-3.2-3B-GGUF:Q8_0,2.22,0.2754975,estimable,finite,62.5,False,estimable,4000,0,0,0,60.234625,47.0,70.0,0.0,0.0,0.0,0.0,0.0,0.0,0.0,100,100,1.0,0,0,0,36,9.917910000000001,100,100,0,7,62,0
mean-per-positive,hf.co/Qwen/Qwen2.5-1.5B-Instruct-GGUF:Q4_K_M,2.075,0.15371479999999998,estimable,finite,68.0,False,estimable,4000,0,0,0,67.2155,42.5,81.0,0.00025,0.0,0.0,0.0,0.0,0.0,0.0,100,100,1.0,1,0,0,25,3.8428699999999996,100,100,0,3,55,0
mean-per-positive,hf.co/Qwen/Qwen2.5-3B-Instruct-GGUF:Q4_K_M,2.65,0.17756722222222224,estimable,finite,24.0,False,estimable,4000,0,0,0,24.901125,15.5,40.512500000000045,0.0,0.0,0.0,0.0,0.0,0.0,0.00025,100,100,1.0,6,0,0,54,9.58863,100,100,0,27,79,0
mean-per-positive,hf.co/Qwen/Qwen3-4B-GGUF:Q4_K_M,2.875,0.4510608771929825,estimable,finite,12.0,False,estimable,4000,0,0,0,13.382,7.0,23.0,0.0,0.0,0.0,0.0,0.002625,0.0,0.32160416666666675,100,99,0.99,93,0,1,57,25.71047,93,100,0,28,88,0
mean-per-positive,hf.co/allenai/OLMo-2-0425-1B-Instruct-GGUF:Q4_K_M,1.695,0.6868077777777778,estimable,finite,92.0,False,estimable,4000,0,0,13,92.633125,84.0,102.0,0.0,0.0,0.0,0.0,0.0,0.0,0.0,100,100,1.0,10,0,0,9,6.1812700000000005,100,100,0,0,32,13
mean-per-positive,hf.co/bartowski/Llama-3.2-3B-Instruct-GGUF:IQ4_XS,2.385,0.15892682926829269,estimable,finite,49.5,False,estimable,4000,0,0,0,47.2675,32.5,60.012500000000045,0.0,0.0,0.0,0.0,0.0,0.0,0.0,100,100,1.0,0,0,0,41,6.516,100,100,0,13,66,0
mean-per-positive,hf.co/bartowski/Llama-3.2-3B-Instruct-GGUF:Q3_K_L,2.25,0.18914685714285714,estimable,finite,59.0,False,estimable,4000,0,0,0,58.356,46.5,68.0,0.0,0.0,0.0,0.0,0.0,0.0,0.0,100,100,1.0,0,0,0,35,6.62014,100,100,0,10,65,0
mean-per-positive,hf.co/bartowski/Llama-3.2-3B-Instruct-GGUF:Q5_K_M,2.52,0.1614889130434783,estimable,finite,31.0,False,estimable,4000,0,0,0,33.137875,22.0,45.0,0.0,0.0,0.0,0.0,0.0,0.0,0.0,100,100,1.0,0,0,0,46,7.428490000000001,100,100,0,16,73,0
mean-per-positive,hf.co/bartowski/Llama-3.2-3B-Instruct-GGUF:Q6_K,2.42,0.19337842105263156,estimable,finite,46.0,False,estimable,4000,0,0,0,44.108875,35.0,54.0,0.0,0.0,0.0,0.0,0.0,0.0,0.0,100,100,1.0,0,0,0,38,7.34838,100,100,0,15,62,0
mean-per-positive,hf.co/ggml-org/SmolLM3-3B-GGUF:Q4_K_M,2.245,0.2980972972972973,estimable,finite,60.0,False,estimable,4000,0,0,0,58.0145,41.0,68.0,0.0,0.0,0.0,0.0,0.0,0.0,0.0,100,95,0.95,7,5,0,37,11.0296,88,100,0,13,63,0
mean-per-positive,hf.co/ggml-org/SmolLM3-3B-GGUF:Q8_0,2.295,0.37376378378378383,estimable,finite,56.0,False,estimable,4000,0,0,0,54.328,36.0,67.0,0.0,0.0,0.0,0.0,0.0,0.0,0.0,100,97,0.97,2,3,0,37,13.829260000000001,91,100,0,12,59,0
mean-per-positive,hf.co/openbmb/MiniCPM3-4B-GGUF:Q4_K_M,2.315,0.20638184210526314,estimable,finite,55.0,False,estimable,4000,0,0,0,53.749625,38.0,65.0,0.0,0.0,0.0,0.0,0.0,0.0,0.0,100,99,0.99,0,0,1,38,7.84251,95,100,0,12,63,0
mean-per-positive,hf.co/tiiuae/Falcon-H1-0.5B-Instruct-GGUF:Q4_K_M,1.69,0.2638015384615385,estimable,finite,93.0,False,estimable,4000,0,0,0,93.085,79.5,107.0,0.0,0.0,0.0,0.0,0.0,0.0,0.0,100,100,1.0,15,0,0,13,3.4294200000000004,100,100,0,1,34,0
mean-per-positive,hf.co/tiiuae/Falcon-H1-1.5B-Deep-Instruct-GGUF:IQ4_XS,2.365,0.25701756097560974,estimable,finite,52.5,False,estimable,4000,0,0,0,48.6895,29.0,64.0,0.0,0.0,0.0,0.0,0.0,0.0,0.0,100,100,1.0,7,0,0,41,10.53772,100,100,0,13,69,0
mean-per-positive,hf.co/tiiuae/Falcon-H1-1.5B-Deep-Instruct-GGUF:Q4_K_M,2.39,0.22221023809523807,estimable,finite,48.0,False,estimable,4000,0,0,0,46.08975,25.0,62.0,0.0,0.0,0.0,0.0,0.0,0.0,0.00025,100,100,1.0,7,0,0,42,9.33283,100,100,0,13,71,0
mean-per-positive,hf.co/tiiuae/Falcon-H1-3B-Instruct-GGUF:Q4_K_M,2.915,0.19514093749999997,estimable,finite,10.0,False,estimable,4000,0,0,0,11.798625,6.0,21.0,0.0,0.0,0.0,0.0,0.009208333333333334,1.0,0.4505,100,100,1.0,1,0,0,64,12.489019999999998,100,100,0,30,92,0
mean-per-positive,hf.co/unsloth/Llama-3.2-1B-Instruct-GGUF:Q4_K_M,1.615,0.2574585714285714,estimable,finite,98.0,False,estimable,4000,0,0,45,98.47475,86.0,109.5,0.0,0.0,0.0,0.0,0.0,0.0,0.0,100,100,1.0,0,0,0,7,1.80221,100,100,0,0,24,45
mean-per-positive,hf.co/unsloth/Phi-4-mini-instruct-GGUF:Q4_K_M,2.49,0.22697608695652172,estimable,finite,35.0,False,estimable,4000,0,0,0,36.38925,20.0,54.0,0.0,0.0,0.0,0.0,0.0,0.0,0.0,100,100,1.0,3,0,0,46,10.4409,100,100,0,20,71,0
mean-per-positive,hf.co/unsloth/Qwen3-4B-GGUF:Q4_K_M,3.38,0.1296390277777778,estimable,finite,3.0,True,estimable,4000,0,0,0,2.984625,1.0,5.0,0.819,0.0,0.15820833333333334,1.0,0.9790833333333334,1.0,1.0,100,100,1.0,0,0,0,72,9.334010000000001,100,100,0,42,96,0
mean-per-positive,internlm2:1.8b,1.49,0.7723275000000001,estimable,finite,109.0,False,estimable,4000,0,0,58,107.331875,98.0,118.0,0.0,0.0,0.0,0.0,0.0,0.0,0.0,100,93,0.93,3,7,0,4,3.0893100000000002,85,100,0,0,11,58
mean-per-positive,llama3.2:1b,1.645,0.4484533333333333,estimable,finite,96.0,False,estimable,4000,0,0,12,95.420375,84.5,105.5,0.0,0.0,0.0,0.0,0.0,0.0,0.0,100,100,1.0,0,0,0,6,2.69072,100,100,0,0,14,12
mean-per-positive,llama3.2:1b-instruct-q4_K_M,1.53,0.2825599999999999,estimable,finite,106.0,False,estimable,4000,0,0,12,104.473125,95.0,114.0,0.0,0.0,0.0,0.0,0.0,0.0,0.0,100,100,1.0,1,0,0,8,2.2604799999999994,100,100,0,0,22,12
mean-per-positive,llama3.2:1b-instruct-q8_0,1.625,0.4407750000000001,estimable,finite,97.0,False,estimable,4000,0,0,12,97.543,87.0,108.0,0.0,0.0,0.0,0.0,0.0,0.0,0.0,100,100,1.0,0,0,0,6,2.6446500000000004,100,100,0,0,14,12
mean-per-positive,llama3.2:3b,2.515,0.11473893617021279,estimable,finite,33.0,False,estimable,4000,0,0,0,33.590875,19.487500000000004,50.0,0.0,0.0,0.0,0.0,0.0,0.0,0.0,100,100,1.0,0,0,0,47,5.392730000000001,100,100,0,18,78,0
mean-per-positive,llama3.2:3b-instruct-q4_K_M,2.435,0.13136146341463414,estimable,finite,44.0,False,estimable,4000,0,0,0,42.07825,27.0,57.0,0.0,0.0,0.0,0.0,0.0,0.0,0.0,100,100,1.0,0,0,0,41,5.38582,100,100,0,12,73,0
mean-per-positive,llama3.2:3b-instruct-q8_0,2.5,0.17477065217391302,estimable,finite,34.0,False,estimable,4000,0,0,0,35.813625,21.0,51.5,0.0,0.0,0.0,0.0,0.0,0.0,0.0,100,100,1.0,0,0,0,46,8.039449999999999,100,100,0,20,74,0
mean-per-positive,ministral-3:3b,2.81,0.1948276363636364,estimable,finite,16.0,False,estimable,4000,0,0,0,16.167875,9.0,25.0,0.0,0.0,0.0,0.0,0.0,0.0,0.0655625,100,100,1.0,1,0,0,55,10.715520000000001,100,100,0,26,82,0
mean-per-positive,nemotron-mini:4b,1.66,0.84868875,estimable,finite,95.0,False,estimable,4000,0,0,11,95.082,84.5,105.0,0.0,0.0,0.0,0.0,0.0,0.0,0.0,100,100,1.0,2,0,0,8,6.78951,100,100,0,0,20,11
mean-per-positive,nemotron-mini:4b-instruct-q4_K_M,1.665,0.6159381818181818,estimable,finite,94.0,False,estimable,4000,0,0,4,94.607375,82.0,106.5,0.0,0.0,0.0,0.0,0.0,0.0,0.0,100,100,1.0,2,0,0,11,6.775320000000001,100,100,0,0,28,4
mean-per-positive,nemotron-mini:4b-instruct-q8_0,1.745,0.6143955555555555,estimable,finite,90.0,False,estimable,4000,0,0,0,89.24225,80.98750000000001,99.0,0.0,0.0,0.0,0.0,0.0,0.0,0.0,100,99,0.99,3,1,0,18,11.059119999999998,93,100,0,4,36,0
mean-per-positive,opencoder:1.5b,1.535,1.0623200000000002,estimable,finite,105.0,False,estimable,4000,0,0,58,104.058125,90.48750000000001,117.0,0.0,0.0,0.0,0.0,0.0,0.0,0.0,100,100,1.0,2,0,0,7,7.436240000000001,100,100,0,0,23,58
mean-per-positive,phi3.5:3.8b,2.395,0.3822705128205128,estimable,finite,47.0,False,estimable,4000,0,0,0,46.40675,29.5,62.512500000000045,0.0,0.0,0.0,0.0,0.0,0.0,0.0,100,100,1.0,24,0,0,39,14.908549999999998,100,100,0,13,63,0
mean-per-positive,phi3.5:3.8b-mini-instruct-q8_0,2.565,0.46493319148936174,estimable,finite,27.0,False,estimable,4000,0,0,0,31.64875,20.0,50.0,0.0,0.0,0.0,0.0,0.0,0.0,0.0,100,87,0.87,7,0,13,47,21.851860000000002,64,100,0,18,80,0
mean-per-positive,phi3:3.8b,2.11,0.35386677419354845,estimable,finite,66.5,False,estimable,4000,0,0,0,67.060125,60.0,76.0,0.0,0.0,0.0,0.0,0.0,0.0,0.0,100,100,1.0,9,0,0,31,10.969870000000002,100,100,0,10,56,0
mean-per-positive,phi3:3.8b-mini-128k-instruct-q8_0,2.33,0.30800324999999995,estimable,finite,54.0,False,estimable,4000,0,0,0,51.927625,34.987500000000004,65.0,0.0,0.0,0.0,0.0,0.0,0.0,0.0,100,97,0.97,2,0,3,40,12.320129999999999,90,100,0,14,70,0
mean-per-positive,phi3:mini,2.18,0.34008875000000005,estimable,finite,64.0,False,estimable,4000,0,0,0,62.517625,54.0,70.5,0.0,0.0,0.0,0.0,0.0,0.0,0.0,100,100,1.0,9,0,0,32,10.882840000000002,100,100,0,8,56,0
mean-per-positive,phi3:mini-128k,2.16,0.32031882352941177,estimable,finite,65.0,False,estimable,4000,0,0,0,63.746875,55.0,71.0,0.0,0.0,0.0,0.0,0.0,0.0,0.0,100,100,1.0,9,0,0,34,10.89084,100,100,0,11,60,0
mean-per-positive,phi3:mini-4k,2.255,0.45229676470588237,estimable,finite,58.0,False,estimable,4000,0,0,0,57.618875,42.0,68.0,0.0,0.0,0.0,0.0,0.0,0.0,0.0,100,100,1.0,22,0,0,34,15.37809,100,100,0,7,65,0
mean-per-positive,phi4-mini,2.46,0.22813690476190476,estimable,finite,40.0,False,estimable,4000,0,0,0,39.62575,23.0,56.5,0.0,0.0,0.0,0.0,0.0,0.0,0.0,100,100,1.0,2,0,0,42,9.58175,100,100,0,14,72,0
mean-per-positive,phi4-mini-reasoning,2.46,0.6427504545454545,estimable,finite,40.0,False,estimable,4000,0,0,0,39.84675,19.0,63.0,0.0,0.0,0.0,0.0,0.0,0.0,0.0,100,97,0.97,92,0,3,44,28.28102,90,100,0,17,73,0
mean-per-positive,qwen2-math:1.5b,1.28,2.4846033333333333,estimable,finite,122.5,False,estimable,4000,0,0,522,122.687625,113.0,130.0,0.0,0.0,0.0,0.0,0.0,0.0,0.0,100,100,1.0,17,0,0,3,7.45381,100,100,0,0,13,522
mean-per-positive,qwen2.5-coder:0.5b,1.57,0.25064600000000004,estimable,finite,102.0,False,estimable,4000,0,0,5,101.2415,90.0,110.5,0.0,0.0,0.0,0.0,0.0,0.0,0.0,100,100,1.0,7,0,0,10,2.50646,100,100,0,0,29,5
mean-per-positive,qwen2.5-coder:1.5b,1.955,0.2020880769230769,estimable,finite,74.0,False,estimable,4000,0,0,0,74.62375,66.0,85.0,0.0,0.0,0.0,0.0,0.0,0.0,0.0,100,100,1.0,4,0,0,26,5.254289999999999,100,100,0,10,48,0
mean-per-positive,qwen2.5-coder:1.5b-instruct-q8_0,1.92,0.43701588235294114,estimable,finite,76.0,False,estimable,4000,0,0,0,76.33325,70.0,84.0,0.0,0.0,0.0,0.0,0.0,0.0,0.0,100,100,1.0,7,0,0,17,7.42927,100,100,0,3,35,0
mean-per-positive,qwen2.5-coder:3b,2.425,0.254454054054054,estimable,finite,45.0,False,estimable,4000,0,0,0,43.8365,26.5,62.0,0.0,0.0,0.0,0.0,0.0,0.0,0.0,100,100,1.0,4,0,0,37,9.4148,100,100,0,8,63,0
mean-per-positive,qwen2.5-coder:3b-instruct-q4_K_M,2.45,0.21129977272727274,estimable,finite,42.0,False,estimable,4000,0,0,0,41.241875,26.0,59.0,0.0,0.0,0.0,0.0,0.0,0.0,0.0,100,100,1.0,4,0,0,44,9.29719,100,100,0,14,69,0
mean-per-positive,qwen2.5-coder:3b-instruct-q8_0,2.66,0.32458937499999996,estimable,finite,23.0,False,estimable,4000,0,0,0,25.29425,15.5,44.5,0.0,0.0,0.0,0.0,0.0,0.0,0.000625,100,99,0.99,2,0,1,48,15.580289999999998,93,100,0,20,77,0
mean-per-positive,qwen2.5:0.5b,1.26,1.6231849999999999,estimable,finite,126.0,False,estimable,4000,0,0,454,124.355875,117.0,130.0,0.0,0.0,0.0,0.0,0.0,0.0,0.0,100,100,1.0,14,0,0,2,3.2463699999999998,100,100,0,0,9,454
mean-per-positive,qwen2.5:0.5b-instruct-q4_K_M,1.265,3.1978199999999997,estimable,finite,124.5,False,estimable,4000,0,0,1440,123.877875,117.0,129.0,0.0,0.0,0.0,0.0,0.0,0.0,0.0,100,100,1.0,14,0,0,1,3.1978199999999997,100,100,0,0,6,1440
mean-per-positive,qwen2.5:0.5b-instruct-q8_0,1.325,1.7152500000000002,estimable,finite,119.5,False,estimable,4000,0,0,512,118.682875,109.0,126.0,0.0,0.0,0.0,0.0,0.0,0.0,0.0,100,100,1.0,19,0,0,2,3.4305000000000003,100,100,0,0,8,512
mean-per-positive,qwen2.5:1.5b,1.845,0.28155157894736843,estimable,finite,83.0,False,estimable,4000,0,0,0,81.843875,73.0,90.5,0.0,0.0,0.0,0.0,0.0,0.0,0.0,100,100,1.0,5,0,0,19,5.34948,100,100,0,1,40,0
mean-per-positive,qwen2.5:1.5b-instruct-q4_K_M,1.855,0.2961927777777777,estimable,finite,80.5,False,estimable,4000,0,0,0,80.876625,71.5,90.0,0.0,0.0,0.0,0.0,0.0,0.0,0.0,100,100,1.0,5,0,0,18,5.331469999999999,100,100,0,1,35,0
mean-per-positive,qwen2.5:1.5b-instruct-q8_0,1.96,0.35351636363636363,estimable,finite,73.0,False,estimable,4000,0,0,0,73.91525,66.0,83.5,0.0,0.0,0.0,0.0,0.0,0.0,0.0,100,100,1.0,6,0,0,22,7.77736,100,100,0,6,42,0
mean-per-positive,qwen2.5:3b,2.485,0.252970465116279,estimable,finite,36.0,False,estimable,4000,0,0,0,37.58025,24.5,53.0,0.0,0.0,0.0,0.0,0.0,0.0,0.0,100,100,1.0,7,0,0,43,10.877729999999998,100,100,0,17,74,0
mean-per-positive,qwen2.5:3b-instruct-q4_K_M,2.52,0.22518085106382982,estimable,finite,31.0,False,estimable,4000,0,0,0,33.705625,20.5,50.0,0.0,0.0,0.0,0.0,0.0,0.0,0.0,100,100,1.0,7,0,0,47,10.5835,100,100,0,18,80,0
mean-per-positive,qwen2.5:3b-instruct-q8_0,2.67,0.3598397916666667,estimable,finite,22.0,False,estimable,4000,0,0,0,23.059375,15.0,35.5,0.0,0.0,0.0,0.0,0.0,0.0,0.0005,100,100,1.0,14,0,0,48,17.27231,100,100,0,21,80,0
mean-per-positive,qwen2:0.5b-instruct-q8_0,1.34,0.64247,estimable,finite,118.0,False,estimable,4000,0,0,1475,117.40525,109.0,125.01250000000005,0.0,0.0,0.0,0.0,0.0,0.0,0.0,100,100,1.0,2,0,0,3,1.92741,100,100,0,0,18,1475
mean-per-positive,qwen2:1.5b,1.595,0.33601125,estimable,finite,99.0,False,estimable,4000,0,0,16,99.320125,89.0,108.0,0.0,0.0,0.0,0.0,0.0,0.0,0.0,100,100,1.0,0,0,0,8,2.68809,100,100,0,0,28,16
mean-per-positive,qwen2:1.5b-instruct-q8_0,1.705,0.48916000000000015,estimable,finite,91.0,False,estimable,4000,0,0,0,91.805875,81.0,103.0,0.0,0.0,0.0,0.0,0.0,0.0,0.0,100,100,1.0,0,0,0,9,4.402440000000001,100,100,0,1,20,0
mean-per-positive,qwen3.5:2b,2.28,0.27823243243243245,estimable,finite,57.0,False,estimable,4000,0,0,0,55.384875,34.5,68.0,0.0,0.0,0.0,0.0,0.0,0.0,0.0,100,100,1.0,10,0,0,37,10.2946,100,100,0,14,66,0
mean-per-positive,qwen3:0.6b,1.775,0.11831846153846154,estimable,finite,88.5,False,estimable,4000,0,0,12,86.75375,75.98750000000001,98.0,0.01275,0.0,0.0,0.0,0.0,0.0,0.0,100,100,1.0,1,0,0,13,1.53814,100,100,0,0,36,12
mean-per-positive,qwen3:0.6b-fp16,1.86,0.16595705882352943,estimable,finite,78.5,False,estimable,4000,0,0,0,80.736375,69.0,95.0,0.0,0.0,0.0,0.0,0.0,0.0,0.0,100,100,1.0,1,0,0,17,2.82127,100,100,0,1,39,0
mean-per-positive,qwen3:0.6b-q8_0,2.01,0.10489944444444446,estimable,finite,69.0,False,estimable,4000,0,0,0,71.329375,61.0,84.0,0.02375,0.0,0.0,0.0,0.0,0.0,0.0,100,100,1.0,0,0,0,18,1.8881900000000003,100,100,0,1,42,0
mean-per-positive,qwen3:1.7b,2.63,0.07031249999999999,estimable,finite,25.0,False,estimable,4000,0,0,0,27.27275,11.0,55.0,0.50875,0.0,0.0,0.0,0.000125,0.0,0.021166666666666663,100,100,1.0,1,0,0,52,3.6562499999999996,100,100,0,23,82,0
mean-per-positive,qwen3:1.7b-fp16,2.82,0.13997482758620688,estimable,finite,15.0,False,estimable,4000,0,0,0,16.685375,6.0,41.5,0.00325,0.0,0.0,0.0,0.006375,0.0,0.20672916666666663,100,100,1.0,0,0,0,58,8.11854,100,100,0,24,89,0
mean-per-positive,qwen3:1.7b-q8_0,2.75,0.10075188679245281,estimable,finite,19.0,False,estimable,4000,0,0,0,20.954875,9.0,47.5,0.0075,0.0,0.0,0.0,0.0,0.0,0.053479166666666675,100,100,1.0,0,0,0,53,5.339849999999999,100,100,0,21,82,0
mean-per-positive,qwen3:4b,2.8,0.5141468,estimable,finite,17.0,False,estimable,4000,0,0,0,17.048,8.0,31.0,0.0,0.0,0.0,0.0,0.0,0.0,0.14687499999999998,100,100,1.0,100,0,0,50,25.707340000000002,100,100,0,22,80,0
mean-per-positive,qwen3:4b-instruct-2507-q4_K_M,3.36,0.14341802631578945,estimable,finite,4.0,False,estimable,4000,0,0,0,3.318375,2.0,5.0,0.4625,0.0,0.000875,1.0,0.98175,1.0,0.99975,100,100,1.0,1,0,0,76,10.899769999999998,100,100,0,45,98,0
mean-per-positive,qwen3:4b-instruct-2507-q8_0,3.59,0.19574036585365856,estimable,finite,1.0,True,estimable,4000,0,0,0,1.394875,1.0,3.5,0.76675,1.0,0.7694583333333334,1.0,0.99825,1.0,1.0,100,100,1.0,0,0,0,82,16.050710000000002,100,100,0,53,99,0
mean-per-positive,qwen3:4b-q8_0,3.4,0.17587772151898734,estimable,finite,2.0,True,estimable,4000,0,0,0,2.664875,1.0,4.0,0.293,0.0,0.06958333333333333,1.0,1.0,1.0,1.0,100,100,1.0,0,0,0,79,13.89434,100,100,0,48,98,0
mean-per-positive,qwen3:4b-thinking-2507-q4_K_M,2.865,0.48817999999999995,estimable,finite,13.0,False,estimable,4000,0,0,0,13.858625,6.0,25.5,0.0,0.0,0.0,0.0,0.0045,0.0,0.3206875,100,100,1.0,100,0,0,53,25.87354,100,100,0,26,76,0
mean-per-positive,qwen3:4b-thinking-2507-q8_0,3.035,0.5887169230769231,estimable,finite,6.0,False,estimable,4000,0,0,0,8.42625,3.0,17.5,0.00125,0.0,0.00125,0.0,0.19675,1.0,0.7432291666666666,100,99,0.99,99,0,1,65,38.266600000000004,93,100,0,33,93,0
mean-per-positive,sailor2:1b,1.22,5.649899999999999,estimable,finite,129.0,False,estimable,4000,0,0,1461,127.4155,121.5,131.0,0.0,0.0,0.0,0.0,0.0,0.0,0.0,100,99,0.99,7,0,1,1,5.649899999999999,94,100,0,0,5,1461
mean-per-positive,smallthinker:3b-preview-q4_K_M,2.47,0.38135458333333333,estimable,finite,38.0,False,estimable,4000,0,0,0,38.369625,18.5,58.0,0.0,0.0,0.0,0.0,0.0,0.0,0.000125,100,100,1.0,66,0,0,48,18.30502,100,100,0,17,78,0
mean-per-positive,smollm2:1.7b,1.835,0.3029676470588236,estimable,finite,84.0,False,estimable,4000,0,0,0,82.65675,73.0,92.0,0.0,0.0,0.0,0.0,0.0,0.0,0.0,100,100,1.0,3,0,0,17,5.150450000000001,100,100,0,3,34,0
mean-per-positive,smollm2:1.7b-instruct-q8_0,1.85,0.2885655555555555,estimable,finite,82.0,False,estimable,4000,0,0,0,81.222125,72.0,91.0,0.0,0.0,0.0,0.0,0.0,0.0,0.0,100,100,1.0,3,0,0,18,5.194179999999999,100,100,0,4,33,0
mean-per-positive,smollm2:135m,1.095,1.19867,estimable,finite,132.5,False,estimable,4000,0,0,1408,132.45275,130.0,135.0,0.0,0.0,0.0,0.0,0.0,0.0,0.0,100,100,1.0,5,0,0,1,1.19867,100,100,0,0,7,1408
mean-per-positive,smollm2:135m-instruct-q8_0,1.095,0.814,estimable,finite,132.5,False,estimable,4000,0,0,1475,132.6335,130.0,135.0,0.0,0.0,0.0,0.0,0.0,0.0,0.0,100,100,1.0,6,0,0,1,0.814,100,100,0,0,6,1475
mean-per-positive,smollm2:360m,1.345,0.2889783333333334,estimable,finite,117.0,False,estimable,4000,0,0,43,117.234,105.48750000000001,128.0,0.0,0.0,0.0,0.0,0.0,0.0,0.0,100,100,1.0,2,0,0,6,1.7338700000000002,100,100,0,0,19,43
mean-per-positive,smollm2:360m-instruct-q8_0,1.265,0.6161099999999999,estimable,finite,124.5,False,estimable,4000,0,0,1475,123.913875,115.0,129.5,0.0,0.0,0.0,0.0,0.0,0.0,0.0,100,100,1.0,6,0,0,2,1.2322199999999999,100,100,0,0,12,1475
mean-per-positive,smollm:1.7b,1.215,3.748055,estimable,finite,130.0,False,estimable,4000,0,0,1475,126.98125,118.0,132.0,0.0,0.0,0.0,0.0,0.0,0.0,0.0,100,100,1.0,25,0,0,2,7.49611,100,100,0,0,12,1475
mean-per-positive,smollm:360m,1.065,2.5851599999999997,estimable,finite,135.0,False,estimable,4000,0,0,1475,134.48125,130.5,137.0,0.0,0.0,0.0,0.0,0.0,0.0,0.0,100,100,1.0,30,0,0,1,2.5851599999999997,100,100,0,0,6,1475
mean-per-positive,stablelm2:1.6b,1.385,1.908193333333333,estimable,finite,114.0,False,estimable,4000,0,0,453,114.07725,108.0,120.5,0.0,0.0,0.0,0.0,0.0,0.0,0.0,100,100,1.0,4,0,0,3,5.724579999999999,100,100,0,0,12,453
mean-per-positive,stablelm2:1.6b-chat,1.38,1.9091233333333333,estimable,finite,115.0,False,estimable,4000,0,0,1475,114.581875,105.98750000000001,124.0,0.0,0.0,0.0,0.0,0.0,0.0,0.0,100,100,1.0,4,0,0,3,5.72737,100,100,0,0,18,1475
mean-per-positive,stablelm2:1.6b-zephyr,1.415,0.892042,estimable,finite,110.0,False,estimable,4000,0,0,151,112.135375,102.5,122.0,0.0,0.0,0.0,0.0,0.0,0.0,0.0,100,100,1.0,5,0,0,5,4.46021,100,100,0,0,19,151
mean-per-positive,starcoder2:3b,1.02,inf,estimable,unbounded-zero-success,137.0,False,estimable,4000,0,0,4000,136.676375,135.5,137.0,0.0,0.0,0.0,0.0,0.0,0.0,0.0,100,97,0.97,57,2,1,0,13.843060000000001,91,100,0,0,0,4000
mean-per-positive,starcoder2:3b-q6_K,1.105,9.075395,estimable,finite,131.0,False,estimable,4000,0,0,502,132.091875,128.0,135.5,0.0,0.0,0.0,0.0,0.0,0.0,0.0,100,98,0.98,59,2,0,2,18.15079,92,100,0,0,9,502
mean-per-positive,starcoder2:3b-q8_0,1.055,20.77656,estimable,finite,136.0,False,estimable,4000,0,0,1408,134.908875,132.0,137.0,0.0,0.0,0.0,0.0,0.0,0.0,0.0,100,96,0.96,51,2,2,1,20.77656,89,100,0,0,7,1408
mean-per-positive,tinyllama:1.1b,1.285,1.868845,estimable,finite,121.0,False,estimable,4000,0,0,501,122.2245,112.0,129.0,0.0,0.0,0.0,0.0,0.0,0.0,0.0,100,100,1.0,10,0,0,2,3.73769,100,100,0,0,9,501
mean-per-positive,tinyllama:1.1b-chat-v1-q8_0,1.41,0.8670857142857142,estimable,finite,111.0,False,estimable,4000,0,0,142,112.087375,97.5,123.0,0.0,0.0,0.0,0.0,0.0,0.0,0.0,100,100,1.0,14,0,0,7,6.069599999999999,100,100,0,0,27,142
mean-per-positive,yi-coder:1.5b,1.58,0.5903555555555555,estimable,finite,101.0,False,estimable,4000,0,0,1,100.468375,86.5,111.0,0.0,0.0,0.0,0.0,0.0,0.0,0.0,100,100,1.0,4,0,0,9,5.313199999999999,100,100,0,0,22,1
