draw,scenario_00,scenario_01,scenario_02,scenario_03,scenario_04,scenario_05,scenario_06,scenario_07,scenario_08,scenario_09,scenario_10,scenario_11,scenario_12,scenario_13,scenario_14,scenario_15,scenario_16,scenario_17,scenario_18,scenario_19
0,7,14,10,7,7,19,13,4,18,16,10,8,10,8,16,16,2,13,2,14
1,9,15,5,9,5,14,14,12,4,9,17,0,15,18,6,17,15,3,16,13
2,4,1,3,3,2,2,14,3,1,16,9,6,4,18,10,14,18,18,4,8
3,1,11,12,3,8,18,10,16,13,16,2,6,12,4,2,2,14,8,15,12
4,3,16,13,9,3,16,10,14,14,1,4,9,7,0,14,8,12,7,18,18
5,0,10,2,14,19,13,11,18,14,6,13,8,6,17,15,7,14,1,16,2
6,10,15,19,2,4,7,11,6,19,12,19,7,15,16,3,1,8,18,18,16
7,12,1,10,15,3,13,18,14,15,7,7,4,0,10,14,19,16,0,5,17
8,10,7,16,1,10,2,4,5,10,12,13,9,10,3,16,19,1,2,16,12
9,6,8,6,5,7,16,11,16,13,14,15,2,7,0,8,9,4,10,17,18
10,9,18,12,1,0,0,15,8,8,0,11,8,14,19,6,7,18,19,11,12
11,15,5,15,14,13,4,12,3,12,8,5,4,9,8,11,3,2,9,1,16
12,16,3,19,3,3,0,11,19,12,6,10,19,15,1,9,11,6,13,17,13
13,9,8,4,13,5,16,9,17,3,5,13,17,16,1,17,14,11,5,14,6
14,2,3,4,5,4,4,16,10,13,11,6,9,7,3,18,2,8,9,6,2
15,14,10,15,11,0,17,2,3,4,17,14,14,1,13,1,2,8,0,18,13
16,10,18,19,16,14,0,1,6,6,17,9,8,14,0,5,16,14,4,2,3
17,18,5,6,11,13,7,6,13,1,11,12,1,12,12,18,5,4,8,5,12
18,6,15,5,4,4,15,4,9,17,4,8,6,19,18,16,4,4,3,2,19
19,12,1,1,13,5,6,8,18,11,17,3,3,0,11,12,10,19,1,14,2
20,18,8,5,18,6,9,18,7,11,5,13,2,15,18,15,15,1,19,14,6
21,6,19,4,3,10,2,1,18,17,11,7,15,8,5,9,10,10,4,15,1
22,7,7,18,17,6,12,8,3,18,16,14,8,4,5,16,7,2,8,9,11
23,4,3,8,14,2,6,18,4,3,7,2,14,6,2,7,1,2,14,2,16
24,13,5,16,9,12,15,14,19,19,17,2,19,0,7,15,10,12,9,4,10
25,11,2,17,10,4,7,12,6,3,7,3,2,14,13,11,19,4,7,17,4
26,8,15,5,8,9,6,9,3,1,5,17,8,1,4,12,12,14,10,11,4
27,9,2,14,4,3,9,2,5,14,8,1,6,4,8,4,15,14,18,2,5
28,7,13,4,2,1,16,0,7,7,17,10,17,4,0,6,15,6,15,12,1
29,8,5,15,19,10,2,5,7,12,5,18,13,12,5,2,6,6,7,5,11
30,0,8,19,1,5,0,13,17,11,6,1,13,15,1,12,11,13,13,9,10
31,13,11,18,13,10,14,18,13,2,2,18,8,4,14,15,14,15,10,4,11
32,3,13,10,12,2,15,13,6,16,8,8,14,16,17,11,19,19,4,16,19
33,3,6,12,7,4,17,19,11,5,1,3,19,19,1,4,12,10,13,8,11
34,4,5,12,10,1,18,4,3,13,6,12,3,15,4,16,17,3,18,17,4
35,19,6,7,12,2,1,4,8,1,17,6,12,4,12,4,16,17,14,11,10
36,10,3,3,16,18,5,17,8,1,1,15,13,2,0,1,15,12,17,10,14
37,1,15,2,4,5,0,16,7,13,12,5,7,18,18,8,12,3,0,13,9
38,19,4,7,16,13,13,5,5,8,4,18,11,11,0,3,5,14,0,19,9
39,17,13,13,19,5,11,12,6,12,15,11,2,13,11,8,16,7,11,13,5
40,3,4,15,17,15,15,6,16,6,12,13,11,7,10,19,4,3,13,18,11
41,13,1,9,11,17,1,3,9,5,5,4,11,17,14,10,1,12,6,12,0
42,5,9,6,5,13,0,16,19,11,12,14,6,4,7,12,1,16,1,0,6
43,1,4,10,4,11,14,15,5,13,5,6,7,13,13,11,15,8,8,16,4
44,17,1,4,18,18,13,4,16,10,7,18,1,10,6,19,14,0,0,8,0
45,15,19,13,5,11,14,9,3,3,17,0,10,10,10,6,17,18,5,15,6
46,14,11,2,18,0,2,2,8,7,11,12,19,16,0,16,8,7,2,16,9
47,15,12,2,17,15,18,6,16,9,14,17,7,11,9,13,3,1,2,9,15
48,4,8,2,19,9,9,9,4,15,18,10,12,3,15,3,6,16,5,2,11
49,0,5,7,13,0,16,12,8,2,9,4,3,18,14,4,5,15,13,17,2
50,5,6,11,11,2,6,8,18,3,14,17,16,16,13,8,11,19,17,19,19
51,16,17,8,19,16,4,3,5,15,9,15,11,2,3,16,14,16,10,8,17
52,8,11,1,7,12,11,12,9,8,1,11,9,14,0,10,14,16,11,3,19
53,11,11,6,11,5,14,19,3,6,18,4,8,17,13,0,12,0,15,18,10
54,6,15,8,1,4,19,12,19,0,18,0,19,0,6,8,17,12,17,13,10
55,13,2,12,10,4,3,11,12,2,8,5,4,13,19,2,10,2,15,8,7
56,14,14,5,14,6,10,18,5,18,2,2,9,18,4,1,7,10,17,7,16
57,14,15,18,13,14,6,11,2,18,12,11,8,19,6,11,10,3,13,9,16
58,11,17,10,0,11,6,13,10,7,13,11,6,16,0,4,0,8,12,16,13
59,1,10,6,8,7,19,0,14,0,7,12,0,2,6,8,8,13,5,15,13
60,9,18,16,19,4,12,16,6,2,7,17,7,13,9,19,12,4,15,5,12
61,7,17,6,5,6,4,17,11,7,19,11,4,16,0,12,16,16,9,16,10
62,15,0,16,2,10,6,19,9,19,7,16,12,5,17,11,7,6,14,12,15
63,6,11,16,3,16,2,9,10,16,13,8,1,9,6,0,5,19,10,6,2
64,12,7,1,16,2,11,5,17,18,4,18,1,1,13,8,14,14,13,16,16
65,14,11,15,2,2,6,9,7,4,12,13,2,19,15,14,4,2,2,10,4
66,0,5,2,5,1,13,3,5,1,8,17,0,9,6,11,17,1,2,15,17
67,4,6,8,3,14,5,4,4,19,0,1,12,13,12,8,17,18,0,5,16
68,11,19,13,2,15,13,9,12,11,7,14,10,4,15,13,4,10,15,18,1
69,16,10,15,11,6,16,7,12,7,13,8,19,13,13,14,13,12,6,17,3
70,12,2,3,2,4,5,19,5,13,0,18,12,3,14,6,3,10,17,13,6
71,10,16,15,4,7,9,19,9,11,15,3,7,9,17,12,12,6,13,2,13
72,9,0,18,10,17,14,8,19,8,15,6,18,1,0,16,0,4,11,17,17
73,11,4,18,9,6,15,3,17,7,15,19,4,5,10,12,9,3,15,3,6
74,10,18,17,7,18,5,4,5,3,15,1,13,9,11,6,9,15,9,2,4
75,4,17,15,15,3,18,4,19,10,1,10,16,11,0,11,12,19,4,15,6
76,5,16,13,16,14,4,18,0,3,8,5,8,8,18,2,15,6,8,3,2
77,2,16,3,14,5,18,6,4,14,10,5,15,8,18,12,17,15,1,10,13
78,1,17,7,1,19,16,17,2,2,19,5,2,19,2,14,9,4,12,9,6
79,15,18,19,9,14,5,9,18,15,6,4,16,16,16,3,16,5,3,10,15
80,13,6,0,7,13,4,18,15,6,10,1,5,12,4,12,17,19,17,4,18
81,1,3,13,4,5,10,8,12,17,13,12,8,19,10,18,4,11,2,11,1
82,6,3,9,18,6,11,5,9,11,1,16,16,12,16,0,6,14,9,16,2
83,4,12,7,14,2,7,14,14,17,14,12,3,10,11,5,7,0,18,6,9
84,4,3,15,2,12,6,15,14,16,2,3,10,4,1,18,9,19,15,13,13
85,12,16,4,10,4,7,0,1,14,16,5,11,9,0,4,13,16,1,13,1
86,2,12,1,3,6,9,3,0,2,19,5,4,4,15,7,6,3,1,1,0
87,17,19,17,19,1,5,4,1,12,8,19,3,8,7,14,1,5,19,19,1
88,2,9,6,15,13,7,2,9,8,1,9,17,15,9,10,16,7,18,2,5
89,12,1,3,8,6,8,13,12,11,5,18,7,0,4,2,4,14,7,3,2
90,4,1,10,10,17,11,8,7,15,6,7,16,7,10,0,12,10,17,16,0
91,12,5,12,0,12,13,14,15,3,7,5,17,17,7,4,12,3,10,3,18
92,6,2,1,4,2,14,10,15,16,19,13,4,4,3,9,0,10,18,5,7
93,10,19,0,15,8,18,16,3,2,10,13,4,0,4,11,6,2,15,12,10
94,19,14,19,16,12,4,6,0,0,11,10,1,11,15,15,3,18,14,16,13
95,16,8,19,2,11,7,12,15,1,8,4,16,9,6,15,6,16,0,12,12
96,6,8,7,2,15,5,17,15,2,6,16,10,13,19,2,5,5,9,8,6
97,17,19,9,16,13,10,14,12,11,0,2,1,4,19,10,12,8,5,0,17
98,8,10,10,4,19,5,6,0,12,1,1,0,16,13,11,5,7,16,12,18
99,2,5,8,15,4,13,16,19,1,9,8,7,9,10,10,16,13,10,16,8
100,18,9,15,9,13,9,4,5,11,1,15,15,19,14,13,0,7,7,17,13
101,16,18,1,9,5,16,5,9,8,6,15,0,8,12,8,13,4,18,19,7
102,11,8,2,17,0,7,15,7,7,4,10,2,17,19,13,18,9,3,19,10
103,17,8,11,16,14,2,7,12,0,3,5,6,1,0,16,7,14,16,5,10
104,13,18,11,17,15,13,2,19,7,1,19,16,2,8,2,14,18,17,3,16
105,11,4,18,19,11,3,12,3,2,6,2,0,5,18,2,15,11,5,13,8
106,14,0,6,4,1,1,18,2,10,13,5,3,12,1,17,8,10,5,19,3
107,15,3,17,1,11,19,5,4,0,13,8,5,4,3,3,3,0,2,10,4
108,7,18,16,1,16,15,14,15,3,1,13,10,11,15,7,17,15,0,5,13
109,19,16,19,6,10,3,19,18,0,18,4,14,14,16,5,8,10,8,9,11
110,14,6,17,10,0,7,5,19,12,8,6,0,8,16,14,3,5,11,10,12
111,13,18,17,12,6,0,9,18,11,17,15,17,0,2,3,9,18,10,16,19
112,0,13,19,14,13,18,5,15,7,17,4,2,2,6,5,15,1,2,15,11
113,1,17,8,11,16,19,11,16,8,7,0,3,12,14,3,16,17,12,8,15
114,4,5,9,2,2,13,16,11,10,17,19,14,3,15,11,10,11,5,16,19
115,5,19,13,3,16,12,13,2,9,4,9,9,18,9,13,14,12,3,0,8
116,2,6,15,8,6,7,13,19,10,19,15,12,4,6,5,15,10,3,6,5
117,9,15,6,15,12,19,9,19,7,18,16,5,4,13,2,17,13,13,3,17
118,7,14,7,2,15,12,11,11,18,13,8,8,7,15,19,5,3,16,8,15
119,0,12,18,18,8,12,4,16,14,9,5,14,15,18,13,12,16,7,3,5
120,4,2,13,14,18,19,7,16,2,12,3,12,1,12,17,18,4,18,7,12
121,11,2,19,4,1,19,11,7,2,19,12,8,0,2,5,12,12,6,16,2
122,6,9,15,5,8,8,7,2,5,17,13,2,8,0,5,7,6,18,19,4
123,0,3,13,5,14,16,15,17,4,19,14,17,6,14,0,10,4,8,11,8
124,4,18,5,10,18,8,10,1,1,4,0,0,10,11,2,15,5,10,7,3
125,11,7,3,3,0,3,17,18,2,15,12,13,12,8,3,10,11,18,14,16
126,16,0,2,16,0,2,14,1,13,5,17,13,19,7,7,16,12,7,18,4
127,11,17,13,1,2,15,19,14,14,14,9,0,16,16,12,9,15,4,19,6
128,18,0,1,2,1,14,16,14,13,14,18,5,19,13,12,15,10,8,2,5
129,9,15,0,4,15,16,13,9,0,15,12,19,12,2,16,3,19,11,16,11
130,6,17,18,11,17,9,0,19,13,15,15,19,18,16,15,14,6,14,9,6
131,7,18,4,9,4,7,18,10,12,11,18,0,2,2,10,10,14,8,4,8
132,9,11,5,19,12,5,4,9,2,7,11,4,12,19,18,1,15,11,15,12
133,5,16,2,19,11,12,8,5,18,4,11,1,9,3,3,2,19,1,14,4
134,4,1,6,11,13,0,16,12,4,19,12,15,17,8,7,13,5,19,2,10
135,14,3,3,16,16,16,13,2,19,11,7,15,19,13,5,6,14,8,19,17
136,13,6,14,12,15,10,3,16,1,13,16,14,4,10,7,0,15,9,4,13
137,3,6,16,11,0,0,15,2,1,3,9,18,7,9,5,12,7,9,16,0
138,12,8,0,6,14,16,11,2,14,7,0,2,12,1,10,9,16,5,15,12
139,8,19,13,0,10,4,15,6,4,18,5,1,14,10,3,14,17,5,11,8
140,3,6,19,3,2,17,2,16,10,12,10,8,4,3,18,3,12,11,3,6
141,11,15,13,17,8,10,0,1,10,16,13,0,1,19,11,1,7,18,19,16
142,15,0,4,11,16,14,12,3,19,14,3,16,2,16,17,16,6,19,0,19
143,7,2,3,18,16,14,4,7,10,10,12,10,3,3,15,15,4,18,10,12
144,12,12,13,11,7,2,19,4,3,8,16,11,8,10,8,17,6,13,8,6
145,8,18,3,18,4,10,9,12,13,0,12,14,4,2,9,9,4,19,5,10
146,3,17,13,5,7,3,0,19,19,8,16,18,15,13,13,5,10,17,17,12
147,6,14,17,14,13,14,8,11,1,6,3,8,11,5,9,3,0,15,5,3
148,12,11,2,11,12,15,6,9,10,1,17,13,9,3,5,2,9,1,3,9
149,14,16,19,12,12,19,15,3,18,15,12,4,7,13,5,16,12,17,4,19
150,19,18,14,12,12,0,1,5,15,6,2,15,5,1,14,10,9,3,18,0
151,15,18,9,4,4,12,9,13,17,10,17,17,0,8,17,0,2,8,11,8
152,7,16,8,2,18,4,4,8,10,12,6,16,5,2,7,11,1,1,12,0
153,4,8,15,0,13,10,8,8,0,15,13,1,15,11,1,11,12,6,17,10
154,5,15,13,19,19,16,16,7,13,12,16,17,8,11,12,15,16,1,7,5
155,1,3,0,5,15,11,14,7,3,11,18,10,8,12,12,4,6,2,6,16
156,5,11,5,8,17,12,14,8,15,9,16,3,4,13,5,13,3,14,13,4
157,2,17,19,19,15,15,6,18,0,8,15,2,1,1,15,5,3,1,4,18
158,5,5,6,16,6,1,6,7,1,19,5,7,1,9,8,17,12,6,18,17
159,13,9,14,17,4,16,16,8,13,16,0,17,7,17,7,12,18,11,0,8
160,6,17,15,5,11,16,10,7,2,16,12,19,16,15,14,17,19,16,16,17
161,18,3,15,4,4,3,2,5,5,1,4,15,1,3,9,17,2,13,9,11
162,17,17,2,8,16,1,11,2,13,16,4,7,9,0,15,14,7,3,6,11
163,18,4,8,11,16,10,10,18,1,14,0,16,4,19,17,13,7,16,0,9
164,4,2,8,13,8,7,1,7,10,11,1,14,4,14,14,4,8,9,19,1
165,8,7,18,17,14,14,15,15,13,16,1,7,10,18,0,9,0,15,6,12
166,19,7,14,8,7,7,17,0,1,6,10,15,11,19,0,9,16,1,17,16
167,2,8,6,18,16,3,5,9,6,15,8,16,8,6,4,11,0,4,6,9
168,11,4,8,2,7,6,17,13,3,8,10,3,16,12,11,12,1,14,1,7
169,3,7,12,0,12,18,13,6,3,6,1,16,1,11,8,11,5,12,3,19
170,0,10,3,17,19,17,18,10,19,12,10,12,12,14,1,13,2,8,18,1
171,11,5,13,2,15,3,4,13,13,6,7,12,9,0,17,8,18,10,0,6
172,19,15,3,7,15,16,9,17,17,18,0,15,7,0,9,7,8,18,13,9
173,15,13,8,17,6,0,8,3,9,0,6,12,10,13,14,13,18,15,17,12
174,6,15,11,10,0,12,6,8,8,12,11,6,14,0,7,8,10,5,3,11
175,8,7,13,6,9,4,16,7,17,16,8,10,0,9,18,10,14,15,17,12
176,18,12,5,1,0,5,8,1,10,4,8,19,18,16,14,19,0,11,19,7
177,9,18,17,3,1,13,18,0,13,14,12,18,5,0,2,7,18,8,12,2
178,15,14,13,9,14,0,16,12,18,10,17,8,3,6,12,18,8,5,17,3
179,7,6,6,18,18,1,17,2,12,5,0,6,1,6,13,12,4,1,10,8
180,16,3,1,18,13,2,9,7,4,9,9,15,11,9,3,19,12,11,2,12
181,2,16,15,13,0,9,1,12,15,9,7,17,6,15,11,8,7,0,16,3
182,12,7,16,15,17,7,8,5,3,2,12,17,14,15,6,6,4,0,1,0
183,8,10,18,14,5,4,10,8,14,10,11,4,2,9,10,11,6,16,11,0
184,12,6,13,16,14,11,10,0,18,16,8,1,17,12,11,15,12,15,12,5
185,0,9,12,11,19,6,5,14,4,9,5,16,12,2,8,1,18,5,14,3
186,15,9,10,19,5,14,18,13,9,5,13,6,2,13,0,17,4,5,17,18
187,13,10,10,8,1,9,7,10,6,18,3,18,1,3,7,2,11,4,0,9
188,8,0,10,9,13,10,11,19,1,17,18,2,19,15,6,10,8,15,0,0
189,0,19,12,13,5,12,15,3,1,14,12,6,10,13,16,4,7,16,4,15
190,14,0,9,3,19,7,1,8,15,15,6,2,7,17,18,19,15,8,5,18
191,15,0,14,8,0,1,12,18,15,3,7,16,2,18,5,17,7,11,19,13
192,14,4,14,0,9,18,17,10,4,1,4,8,6,12,5,6,4,0,12,0
193,12,16,10,16,16,5,5,7,7,3,10,1,18,10,6,6,12,18,6,14
194,14,19,15,16,0,3,9,7,8,2,1,17,6,10,19,12,7,14,7,16
195,8,19,15,16,19,5,5,15,8,5,15,14,2,12,3,8,18,5,17,3
196,13,12,0,0,18,5,14,9,6,9,19,15,19,16,0,7,12,3,8,13
197,10,19,5,2,4,12,5,0,13,1,7,2,17,7,5,17,9,1,2,3
198,9,6,8,13,9,3,18,5,12,11,0,17,17,12,19,10,14,16,5,15
199,8,2,3,9,4,2,16,4,10,8,14,15,18,9,1,0,7,3,15,14
200,1,18,6,10,7,13,13,1,1,16,1,18,6,16,15,18,3,18,0,8
201,15,13,2,4,17,15,12,18,14,0,1,2,7,3,4,8,4,18,3,12
202,1,7,5,13,15,8,19,8,3,15,4,7,6,13,9,6,3,1,1,7
203,12,4,14,15,8,9,2,4,13,17,11,18,6,9,19,17,0,1,5,0
204,6,5,1,3,0,4,4,17,9,15,13,3,3,1,16,19,12,1,3,16
205,8,6,3,2,7,9,10,7,9,9,3,9,4,3,3,4,6,17,2,14
206,8,19,12,12,19,12,8,7,1,18,6,9,9,15,11,1,13,9,14,1
207,7,3,0,1,5,5,7,15,2,10,1,14,11,16,15,5,6,19,18,18
208,10,10,8,1,12,11,5,5,9,10,8,10,0,2,3,13,11,18,0,0
209,13,10,3,14,13,17,15,13,2,9,11,10,4,15,3,5,3,17,14,13
210,7,9,10,0,19,2,4,0,12,12,12,7,12,8,11,13,10,10,7,13
211,15,17,13,10,14,6,0,1,13,9,4,5,7,12,18,4,14,13,5,14
212,15,3,19,2,11,6,18,5,4,9,17,8,4,8,6,2,10,7,16,2
213,3,6,12,13,17,12,16,17,4,11,7,11,15,17,13,15,15,5,18,12
214,6,0,17,12,15,12,12,16,7,12,14,5,17,0,3,18,18,16,2,4
215,13,9,18,17,14,12,1,8,19,1,7,1,7,14,13,3,0,8,14,7
216,9,7,13,7,13,4,9,13,1,10,13,0,13,4,7,4,1,15,13,15
217,12,9,18,4,6,11,13,9,12,10,6,13,15,14,2,12,3,15,1,3
218,6,4,2,9,12,15,8,15,0,18,12,4,6,14,17,10,18,14,18,18
219,8,15,4,11,15,7,5,13,3,8,0,10,7,13,7,1,17,15,10,14
220,15,3,0,9,2,1,1,0,12,6,5,15,10,17,19,17,6,9,16,13
221,12,8,5,4,6,16,15,17,16,3,4,12,12,10,11,4,17,19,16,12
222,1,12,12,18,7,2,0,6,7,8,11,7,3,3,13,16,16,5,12,16
223,8,10,18,1,18,16,9,2,8,0,18,5,1,9,1,12,12,1,19,2
224,15,0,14,18,19,12,6,18,17,10,2,4,15,14,12,15,16,8,11,4
225,5,1,4,5,13,13,19,6,9,7,9,12,3,9,19,19,10,3,14,14
226,5,1,5,15,1,18,5,4,5,0,7,8,18,6,16,0,16,17,1,15
227,13,6,13,15,10,18,18,17,6,16,17,0,7,17,3,13,16,5,15,4
228,9,0,14,9,7,16,17,13,4,0,4,10,13,7,8,5,8,12,4,16
229,12,2,9,15,10,17,19,7,14,4,8,17,18,1,10,0,10,7,0,3
230,11,14,13,17,9,6,7,18,4,2,4,3,6,4,13,10,6,5,11,4
231,15,8,3,7,18,3,9,6,3,19,11,14,6,15,6,11,13,12,9,15
232,15,12,8,12,1,14,16,4,10,14,19,12,2,2,5,17,17,11,6,5
233,9,4,5,18,5,4,17,0,5,11,10,15,12,18,3,7,1,3,12,16
234,16,7,12,5,18,17,2,7,14,2,10,7,6,19,1,3,15,5,2,1
235,18,10,9,7,10,8,3,17,3,3,8,4,0,16,12,15,10,2,0,10
236,19,4,14,19,5,19,7,10,11,17,4,2,4,13,5,15,4,0,0,12
237,9,9,17,9,19,6,7,18,18,11,19,18,7,0,1,11,17,5,3,7
238,7,7,17,7,7,7,12,14,12,15,4,2,15,13,18,0,4,6,2,13
239,3,18,15,3,17,12,11,5,5,12,7,11,19,3,1,8,8,15,6,2
240,9,13,18,13,5,0,3,10,5,6,9,13,16,5,3,0,7,13,10,2
241,8,16,3,13,15,13,10,10,7,3,8,9,1,7,11,3,4,16,15,0
242,16,6,17,8,15,10,11,3,1,9,16,10,7,19,15,15,15,12,11,18
243,15,12,4,3,10,13,6,13,2,19,2,5,16,2,5,13,15,16,19,17
244,16,5,0,7,16,7,7,7,1,14,6,11,14,18,11,11,16,15,7,5
245,10,7,3,1,5,12,17,18,14,4,1,10,18,0,8,16,10,16,10,3
246,10,18,11,5,2,8,9,19,2,1,2,1,11,6,8,5,4,19,14,16
247,1,11,13,1,12,17,17,15,11,3,9,5,13,18,18,16,12,14,8,10
248,17,15,0,15,14,8,7,10,18,12,8,12,11,6,6,10,10,6,0,1
249,2,2,15,0,14,15,2,12,18,0,9,10,12,7,17,19,0,15,9,15
250,12,8,16,8,17,7,3,13,18,12,0,9,7,5,18,12,3,8,1,16
251,4,19,9,18,11,18,19,16,6,6,9,3,10,17,9,13,7,12,3,2
252,4,9,5,2,14,2,2,6,5,10,17,16,2,14,18,13,13,4,19,17
253,17,8,11,19,13,7,19,9,7,16,10,16,2,12,12,18,16,12,6,2
254,17,4,19,13,11,10,2,7,16,1,14,17,13,6,4,8,4,11,18,9
255,17,11,17,1,8,5,3,2,5,13,2,17,5,4,9,16,10,1,3,4
256,1,0,18,9,1,11,2,17,10,12,6,15,0,13,5,0,5,14,15,8
257,0,10,3,15,1,4,19,10,16,10,8,17,3,14,0,5,5,6,6,15
258,0,3,19,16,4,9,2,3,8,17,4,17,14,10,15,9,5,5,14,0
259,9,11,11,8,5,18,4,1,7,10,9,16,15,4,7,1,11,1,12,19
260,10,9,15,16,19,5,16,10,11,16,19,19,2,18,4,15,2,4,17,16
261,3,1,1,7,10,14,14,4,4,17,17,15,9,0,18,19,3,1,12,9
262,9,1,10,14,4,15,5,9,13,9,5,5,4,16,11,4,2,7,19,0
263,10,17,1,5,13,16,16,0,12,11,11,0,11,19,9,19,14,9,17,10
264,1,13,19,0,11,16,14,6,0,18,0,3,10,7,19,19,3,12,15,10
265,1,5,6,6,17,5,7,2,1,16,9,19,6,11,0,9,18,5,6,15
266,9,2,4,15,10,0,9,19,10,3,2,11,5,11,6,10,16,5,15,7
267,10,17,17,3,1,0,17,16,16,0,4,18,8,18,12,14,9,17,11,8
268,16,12,19,8,18,2,6,16,0,17,3,10,14,5,4,3,8,16,10,13
269,15,19,19,9,14,2,0,1,12,17,0,9,18,13,4,10,15,7,10,16
270,8,0,7,10,9,14,15,6,14,9,17,7,11,3,18,11,9,17,8,6
271,15,3,19,5,15,17,8,8,0,17,5,8,8,13,10,7,19,4,5,9
272,4,14,18,5,3,11,16,17,12,5,7,17,11,9,0,0,11,6,13,11
273,3,14,19,6,1,4,13,5,10,14,19,0,7,2,0,18,10,1,19,15
274,19,4,1,10,15,19,2,3,7,8,1,18,4,11,17,7,12,11,9,10
275,13,16,13,12,1,0,0,6,15,19,15,4,5,4,13,13,17,3,0,4
276,8,16,14,7,15,15,13,1,14,10,7,10,16,10,0,16,11,17,9,13
277,4,11,11,0,14,14,15,16,16,14,7,5,16,19,14,0,4,19,19,14
278,0,13,11,10,19,3,11,2,15,3,8,2,4,5,19,2,17,17,3,16
279,17,3,19,4,1,1,0,7,18,15,3,7,5,10,16,5,13,2,3,14
280,2,11,7,4,11,12,11,2,6,16,6,1,2,15,8,9,14,4,8,7
281,19,16,5,12,14,3,3,15,1,14,7,14,6,7,1,4,1,13,0,19
282,8,7,7,1,6,6,9,14,5,0,1,14,10,7,6,12,17,4,11,12
283,4,0,13,17,2,10,14,19,4,13,10,10,8,12,5,16,15,18,14,19
284,9,7,17,11,8,7,8,6,7,17,8,2,15,0,1,15,5,2,8,1
285,18,13,16,15,18,0,6,9,17,0,5,14,3,19,2,6,18,2,13,11
286,9,11,2,7,0,18,2,13,12,16,17,10,15,11,12,17,16,15,13,3
287,4,14,1,17,14,17,4,14,4,7,12,18,5,14,10,10,7,0,15,13
288,0,15,2,11,1,6,13,7,19,11,16,7,16,6,16,3,4,2,19,4
289,19,1,13,19,1,7,17,4,7,19,3,11,10,17,15,4,7,14,7,9
290,2,5,7,12,11,11,17,9,16,12,8,11,4,12,5,2,14,12,3,0
291,5,7,14,1,16,4,18,8,3,8,16,18,2,7,19,1,18,8,8,19
292,3,4,15,12,15,15,8,0,11,13,5,10,12,14,15,19,13,4,13,9
293,18,12,17,1,1,16,12,2,1,15,7,15,16,9,19,19,7,8,5,6
294,4,19,18,3,13,5,2,17,1,3,13,11,13,12,3,3,6,12,14,17
295,6,3,14,1,8,2,12,6,15,18,12,16,18,0,4,14,4,4,15,10
296,15,0,9,3,6,18,10,5,1,1,2,5,1,17,16,7,5,12,13,18
297,15,19,7,15,17,2,3,10,1,10,15,4,14,2,11,8,13,3,14,7
298,11,1,16,15,15,14,12,2,11,6,6,9,18,10,2,11,15,8,14,7
299,17,10,2,9,0,4,3,18,19,18,1,7,7,1,19,19,14,0,10,14
300,7,18,10,12,7,8,11,9,0,17,18,7,1,13,10,4,18,3,7,17
301,16,2,8,6,10,16,13,5,17,9,18,15,15,9,18,4,7,12,7,7
302,2,15,15,7,9,8,3,18,10,18,16,7,6,16,18,0,10,16,0,14
303,12,7,17,6,8,6,16,9,6,19,15,2,16,6,15,14,2,1,16,14
304,3,17,12,16,13,0,2,10,15,13,8,13,2,8,2,8,4,15,11,8
305,13,2,4,4,16,19,17,19,0,3,12,14,18,16,12,5,10,14,12,5
306,8,9,4,4,0,8,8,12,10,1,7,1,7,4,19,7,9,5,0,9
307,0,17,15,11,19,9,19,8,14,17,11,13,1,14,3,5,15,14,8,10
308,19,14,14,0,13,5,6,0,1,15,5,9,4,0,19,17,0,18,13,3
309,3,8,13,0,14,1,3,0,5,2,14,10,6,13,9,14,18,10,9,16
310,11,5,13,17,15,8,6,0,11,7,4,13,15,4,8,4,1,16,11,17
311,9,11,7,8,1,13,2,9,15,0,8,8,10,14,7,14,14,10,13,11
312,11,12,16,5,17,9,3,7,0,5,18,2,7,0,12,1,7,1,17,13
313,7,19,12,15,5,19,4,2,18,3,19,15,14,5,10,12,16,4,12,12
314,9,1,6,8,9,19,13,9,7,17,16,18,13,3,19,9,1,8,19,3
315,14,19,7,18,0,7,1,5,11,15,16,5,3,8,0,16,15,3,4,12
316,19,4,17,9,8,13,9,19,13,16,14,2,11,0,3,11,14,3,4,8
317,9,10,6,5,1,11,17,12,3,8,19,1,10,4,14,1,15,2,12,17
318,2,17,9,15,19,13,17,11,2,0,4,13,16,19,2,0,19,6,9,15
319,18,8,8,10,0,12,2,2,11,5,8,10,16,11,13,6,5,3,0,0
320,15,14,9,12,15,17,17,3,0,4,4,14,2,2,10,3,16,0,7,1
321,10,10,10,14,8,2,13,16,11,11,18,8,12,9,8,6,1,9,18,14
322,17,10,11,6,17,14,2,17,11,17,16,0,12,10,13,14,14,11,13,2
323,9,2,9,7,9,5,12,3,19,5,8,6,5,19,13,1,10,18,12,9
324,17,0,16,9,6,8,3,4,3,5,11,2,17,18,10,0,5,0,15,19
325,8,15,8,14,4,18,5,5,2,0,19,15,19,16,0,15,19,10,10,1
326,15,5,19,5,7,1,14,17,0,0,7,10,2,17,17,6,4,14,4,13
327,4,14,4,5,15,1,3,11,5,4,15,5,1,12,4,14,3,9,14,15
328,19,12,14,12,3,19,3,9,11,10,19,16,15,16,3,5,0,2,18,10
329,3,3,8,11,12,11,12,2,0,4,5,4,2,3,3,0,1,11,5,2
330,9,7,6,14,15,7,19,10,0,8,19,17,9,0,9,1,2,3,8,2
331,5,11,15,2,8,12,14,19,0,3,8,15,14,5,17,3,19,0,15,4
332,13,18,16,18,15,16,2,8,9,5,16,19,1,5,3,9,12,8,9,4
333,6,12,4,14,16,9,19,5,19,17,3,2,14,16,6,15,15,1,19,0
334,0,18,9,11,5,16,12,2,2,16,0,9,0,7,12,1,1,12,8,15
335,5,7,18,3,13,14,13,8,7,6,5,9,2,8,17,8,5,1,1,8
336,9,8,15,19,8,1,8,11,11,12,17,8,16,19,15,12,12,9,4,15
337,8,5,19,17,16,6,17,11,17,12,2,16,4,14,7,18,18,7,2,0
338,15,9,9,12,14,18,13,4,1,17,3,2,19,18,16,11,19,3,8,19
339,3,18,11,14,14,18,7,1,18,15,11,5,5,15,13,3,6,6,10,14
340,7,1,18,2,16,0,0,3,3,16,1,14,18,4,3,1,5,15,8,17
341,11,19,0,7,10,13,10,4,11,7,19,3,19,7,11,2,1,13,2,1
342,3,7,13,4,4,2,5,10,18,13,0,10,16,1,4,0,12,2,17,13
343,4,18,13,11,13,11,8,12,19,6,11,8,0,4,15,6,1,8,7,3
344,16,4,9,18,15,12,15,0,17,5,14,13,12,8,6,16,4,0,19,9
345,1,6,8,10,14,16,11,8,16,19,12,13,8,16,0,14,0,18,10,7
346,0,14,13,0,10,17,12,18,1,18,17,18,0,13,4,17,10,9,6,18
347,1,12,3,9,15,5,15,7,17,17,6,4,15,19,18,9,14,4,16,15
348,7,15,17,18,16,6,5,9,14,18,4,8,5,3,17,10,16,4,18,18
349,0,19,13,17,12,10,4,4,9,17,18,4,14,9,18,18,7,13,3,2
350,13,13,11,7,12,16,0,8,0,2,8,3,2,5,0,0,17,2,6,8
351,11,3,7,19,12,19,7,3,17,2,3,8,5,7,16,0,8,12,1,11
352,2,12,16,16,11,1,5,4,18,6,2,8,6,9,6,13,0,0,5,0
353,6,15,14,10,4,16,16,16,19,9,3,9,0,11,18,9,11,3,12,7
354,13,0,19,13,8,10,2,6,3,14,7,5,6,9,10,18,2,1,6,4
355,6,16,18,17,6,10,3,7,14,0,15,14,17,6,14,8,15,15,9,2
356,3,8,18,14,0,3,6,4,14,9,3,10,2,4,6,19,17,13,3,6
357,19,14,2,1,0,15,8,7,11,18,3,7,0,12,13,11,7,19,0,2
358,4,5,18,14,18,14,1,5,2,9,1,2,8,7,13,1,1,8,15,7
359,5,9,4,16,2,19,14,14,11,4,13,6,5,6,4,6,19,10,12,7
360,5,19,19,9,3,10,16,16,5,11,0,13,14,11,19,11,3,3,19,15
361,0,12,6,8,6,15,0,10,10,14,5,5,18,14,2,6,12,1,1,18
362,4,0,10,11,9,15,11,8,11,6,12,11,3,2,11,0,15,18,5,14
363,3,8,13,18,19,11,16,2,11,0,13,13,2,9,6,1,19,5,11,9
364,14,0,10,5,17,2,16,0,3,1,13,6,11,11,8,1,17,1,3,17
365,4,4,14,8,16,6,11,5,15,1,5,2,3,3,17,17,4,9,7,8
366,9,0,13,7,18,12,16,2,13,18,18,19,19,13,1,9,2,9,10,19
367,4,6,8,1,15,18,14,8,8,18,3,16,9,6,11,11,0,4,16,8
368,6,5,18,8,8,18,18,10,17,7,5,12,1,18,9,10,6,14,14,18
369,10,19,5,19,14,18,8,0,6,14,12,18,14,15,5,16,19,14,17,13
370,2,3,15,9,9,1,6,10,16,3,9,2,2,18,2,0,0,10,4,3
371,11,9,17,15,8,18,7,8,18,15,13,14,4,0,16,16,13,7,2,14
372,0,5,4,5,14,4,8,9,10,5,4,7,12,7,16,7,16,0,4,6
373,3,17,7,3,16,11,10,6,12,1,17,8,0,13,4,13,3,4,11,15
374,0,8,6,0,13,14,9,1,17,8,11,7,11,16,3,12,9,4,13,8
375,0,19,18,19,19,5,15,8,7,9,6,16,19,1,17,10,4,3,10,19
376,13,14,15,11,10,5,7,5,9,19,17,2,14,10,12,14,13,12,1,1
377,2,0,0,8,3,6,3,3,17,5,13,9,1,5,19,12,10,12,5,6
378,10,3,10,5,18,15,1,17,0,14,12,1,0,6,12,17,5,1,1,15
379,12,7,17,13,6,8,9,6,11,16,5,19,6,6,3,4,13,10,0,11
380,5,12,9,2,5,16,1,7,5,18,4,3,19,9,8,7,8,15,9,18
381,19,9,3,6,15,4,17,6,6,3,13,6,4,10,17,7,5,12,13,18
382,19,16,10,0,17,1,9,7,13,11,13,7,2,5,1,2,2,4,10,10
383,17,10,13,14,8,17,10,17,15,5,5,14,9,12,4,12,8,18,6,14
384,14,1,12,10,0,18,15,15,9,12,17,3,1,10,15,2,5,18,12,17
385,16,18,15,0,8,18,6,8,9,12,6,7,2,18,14,18,9,7,13,2
386,19,6,2,17,12,19,18,17,11,11,3,12,9,11,14,6,8,11,13,1
387,17,18,0,3,3,19,2,10,12,11,6,18,13,7,11,13,7,0,7,8
388,11,13,14,3,1,17,3,6,4,9,9,13,14,15,3,19,3,7,12,9
389,5,15,5,10,0,3,19,8,19,8,8,13,5,13,19,5,17,8,15,19
390,18,17,11,11,12,18,0,10,11,14,13,0,16,7,0,8,4,12,3,14
391,1,8,3,18,0,3,11,6,2,10,14,0,5,13,5,6,13,4,2,0
392,2,9,12,14,16,8,8,6,2,13,3,3,14,0,12,1,4,11,1,7
393,12,6,8,11,19,9,0,2,12,3,2,5,14,1,9,18,12,9,0,18
394,9,4,10,2,9,18,16,1,19,6,7,13,15,6,13,7,2,16,3,2
395,19,3,6,9,1,10,1,5,12,4,4,0,2,13,9,17,7,14,1,1
396,14,15,13,5,19,5,0,4,7,11,7,8,13,9,18,3,18,0,15,12
397,13,18,11,12,5,17,11,15,4,4,1,4,16,19,2,8,16,13,10,9
398,6,8,3,14,17,10,17,15,2,1,8,17,14,8,1,7,13,5,0,2
399,2,12,5,5,0,19,3,12,17,14,16,16,2,14,12,6,8,2,4,11
400,4,13,11,6,2,13,19,17,15,12,7,1,16,7,11,8,13,14,15,17
401,2,4,1,2,19,10,18,0,1,5,15,16,14,5,4,16,13,1,15,14
402,15,12,14,11,2,0,0,7,2,16,14,8,19,10,13,16,15,14,12,10
403,14,18,2,5,17,0,2,4,12,1,14,11,15,12,12,11,15,5,18,12
404,3,9,1,10,19,6,12,7,1,0,11,8,19,0,11,15,1,7,4,12
405,0,19,19,15,9,11,10,6,6,17,8,15,19,16,0,0,8,19,9,13
406,8,1,6,16,17,14,15,4,19,2,10,13,2,11,5,16,14,13,7,12
407,15,0,17,18,5,5,13,2,13,10,11,8,7,13,9,6,9,12,5,14
408,7,13,10,2,0,18,11,11,1,0,16,14,2,7,13,5,10,14,3,7
409,7,5,6,2,0,18,19,11,10,7,5,10,4,5,13,9,5,7,6,3
410,17,19,15,6,2,17,12,8,0,16,18,13,12,12,19,18,4,9,14,16
411,5,7,7,10,2,13,5,0,1,8,4,17,8,18,10,15,19,4,3,5
412,13,3,2,16,15,8,0,4,9,6,12,7,11,9,9,5,3,14,6,3
413,5,13,16,18,18,6,17,16,18,12,6,4,13,7,12,0,15,19,1,7
414,12,2,6,9,4,2,11,11,15,7,6,16,19,16,16,17,3,10,4,17
415,16,18,16,1,13,1,7,16,5,6,3,11,4,9,16,5,16,16,16,10
416,15,5,5,14,3,17,19,0,19,9,10,2,2,17,13,15,10,15,17,15
417,3,3,15,3,15,9,15,16,0,5,7,12,16,0,14,11,10,7,4,10
418,16,3,8,6,13,13,4,2,15,4,10,5,17,7,7,17,1,15,6,3
419,7,18,12,6,5,5,2,1,7,17,13,7,8,10,4,14,11,19,1,8
420,4,18,1,1,7,2,3,0,8,8,13,17,8,0,3,0,0,1,18,19
421,3,7,0,16,8,19,7,12,13,11,13,5,6,19,11,12,13,7,16,18
422,12,6,6,7,18,13,13,6,7,14,6,8,10,12,8,9,0,2,18,2
423,15,1,2,5,11,17,8,16,18,16,3,12,9,6,10,3,12,17,4,17
424,12,14,10,12,17,19,13,7,11,11,16,17,14,10,0,13,1,2,7,1
425,17,16,6,6,15,19,11,1,13,12,7,19,7,18,2,15,8,1,19,16
426,12,6,13,7,11,16,9,12,5,4,14,1,8,16,3,8,18,13,5,1
427,4,10,0,1,12,4,6,15,19,14,17,18,15,6,13,19,12,6,12,13
428,17,12,11,7,13,8,16,2,1,13,8,11,4,13,8,13,2,5,2,18
429,13,10,16,5,14,4,3,19,15,0,3,14,9,5,16,5,19,19,19,5
430,13,18,16,10,0,2,17,11,14,1,13,15,12,16,6,12,0,13,16,13
431,18,1,0,10,0,11,18,16,15,17,13,0,14,6,12,7,18,1,2,12
432,6,5,5,6,0,19,12,1,13,16,9,2,1,10,16,13,1,10,11,5
433,4,1,18,13,11,1,10,0,9,17,10,12,17,5,0,0,15,4,5,4
434,2,9,2,16,18,11,11,6,0,15,15,18,6,3,3,19,17,10,9,19
435,13,3,5,4,16,8,12,8,13,4,15,3,14,4,5,19,0,3,12,0
436,15,1,15,12,18,1,8,13,2,12,16,11,9,4,3,19,9,12,4,7
437,4,8,2,14,8,12,13,6,16,19,3,19,0,4,13,14,2,12,0,10
438,4,10,2,15,0,6,19,2,9,4,2,10,5,5,7,18,5,6,18,19
439,18,0,14,8,17,3,13,16,3,8,2,15,14,0,6,4,0,3,7,6
440,0,9,5,10,4,18,9,2,14,5,0,0,13,1,14,17,17,1,18,16
441,4,5,3,19,1,4,5,10,13,0,19,8,1,11,8,1,8,19,14,18
442,12,2,8,5,19,4,4,7,14,5,13,2,8,11,4,9,8,18,9,8
443,4,10,5,17,2,17,17,17,8,10,9,3,8,7,12,13,14,7,2,15
444,15,4,14,18,1,14,16,9,3,4,5,16,2,0,14,7,0,12,13,7
445,5,3,13,11,8,16,8,3,18,2,11,12,8,16,18,8,8,0,2,6
446,1,10,2,2,17,4,13,8,1,15,10,15,7,2,9,18,6,0,12,19
447,18,9,11,11,5,16,17,5,18,19,0,3,8,2,3,6,10,11,12,16
448,4,19,0,8,8,0,6,13,5,18,6,0,19,4,13,5,4,11,2,3
449,1,18,13,10,6,7,1,19,9,3,17,12,11,14,2,14,18,16,18,12
450,14,1,0,17,8,19,17,11,19,3,1,5,12,16,19,18,19,9,3,15
451,9,2,18,6,13,5,1,4,6,8,17,9,15,0,1,15,9,11,9,10
452,16,9,15,13,10,18,14,9,10,6,7,9,11,5,0,18,3,18,5,0
453,7,15,19,3,8,8,14,9,17,17,14,4,15,15,19,9,14,1,5,9
454,11,13,10,3,11,18,0,11,4,14,9,9,2,19,6,13,2,11,15,11
455,6,13,6,8,11,7,10,17,19,11,4,1,14,18,15,2,0,6,12,19
456,9,8,16,7,10,17,3,9,16,4,10,13,18,0,8,14,17,5,5,10
457,11,13,10,16,3,2,16,19,14,11,15,11,5,16,0,5,11,13,13,12
458,3,0,0,4,14,16,18,7,17,5,10,18,7,5,10,12,6,11,4,15
459,3,3,17,16,18,6,18,7,13,14,14,11,4,17,5,16,3,14,1,16
460,3,6,5,11,7,19,1,7,14,7,3,11,3,0,7,8,19,16,19,7
461,8,12,14,18,13,19,11,14,3,7,15,2,17,17,15,8,14,0,10,0
462,11,14,16,9,6,15,16,8,8,16,11,6,12,17,6,6,11,4,5,16
463,14,13,1,14,6,16,3,19,16,3,4,16,0,16,16,4,7,11,14,13
464,16,18,15,16,11,18,6,16,12,10,18,3,6,3,7,10,15,10,3,10
465,14,8,1,8,15,16,14,5,4,3,1,0,1,0,7,8,17,3,6,16
466,0,11,0,8,12,15,13,11,3,2,0,12,2,1,11,10,9,15,7,12
467,14,17,12,12,14,11,10,10,8,11,6,16,13,17,5,3,5,11,13,9
468,8,3,17,14,5,19,0,19,7,6,1,1,10,17,5,16,9,9,13,12
469,12,0,14,2,17,2,9,12,4,11,0,4,16,1,3,9,0,2,5,4
470,8,12,14,19,13,3,12,13,14,4,19,0,0,14,19,3,6,3,11,5
471,18,17,8,8,3,1,18,10,13,18,9,1,11,5,0,2,3,2,17,9
472,15,2,13,3,15,7,4,3,2,15,19,13,5,9,10,16,2,2,17,1
473,10,12,17,18,0,16,14,9,12,3,3,14,19,16,1,2,17,4,15,18
474,15,3,5,19,19,5,7,7,19,11,13,1,15,17,11,11,8,19,14,10
475,8,15,18,9,4,8,12,5,2,14,0,18,4,12,19,3,4,10,2,10
476,19,19,14,10,8,4,17,0,18,4,6,2,17,9,11,13,11,14,15,12
477,4,9,12,7,7,17,12,19,4,10,8,0,3,12,12,3,15,3,10,19
478,2,16,6,14,10,16,3,17,10,16,6,0,19,10,12,16,16,14,7,12
479,0,8,1,11,6,0,3,9,17,2,3,11,0,9,13,1,16,3,15,10
480,2,14,16,4,10,13,2,14,17,4,10,4,19,2,17,2,5,9,16,0
481,15,7,19,1,14,17,6,17,0,19,0,7,16,7,16,11,6,14,2,11
482,16,15,13,16,15,12,12,9,18,3,11,10,8,3,1,5,11,10,11,4
483,2,5,19,7,6,5,4,7,4,6,13,7,8,16,11,4,4,7,2,3
484,1,10,2,16,8,2,5,2,5,0,2,15,11,4,19,14,0,5,12,4
485,2,6,17,13,12,9,18,3,7,19,9,13,15,0,7,9,8,11,13,8
486,5,11,5,3,15,2,2,5,7,1,14,7,15,18,1,10,4,14,15,3
487,13,7,0,8,16,5,3,5,8,16,1,17,14,12,11,15,8,10,19,16
488,9,18,2,16,19,10,8,7,4,12,2,4,9,7,6,9,15,16,9,19
489,16,0,16,4,18,19,6,6,16,13,0,3,17,9,17,18,19,19,6,18
490,10,16,11,13,12,8,1,13,15,10,19,13,14,8,5,19,8,15,9,1
491,4,4,12,1,18,0,10,17,5,3,4,10,11,5,10,12,11,9,2,9
492,5,13,9,16,12,14,10,9,17,5,2,2,16,4,18,18,9,10,3,1
493,17,19,6,13,11,17,10,13,0,10,19,13,14,10,2,12,10,14,11,10
494,19,12,14,12,3,0,3,1,1,6,2,0,10,0,6,5,18,2,2,14
495,7,4,18,1,10,6,12,4,12,4,15,18,3,16,16,3,10,0,7,18
496,14,1,7,19,0,18,11,11,14,17,6,16,5,2,14,18,1,16,15,8
497,4,4,2,5,5,17,3,2,14,5,19,10,18,16,11,2,14,5,12,19
498,0,9,8,19,13,14,9,1,16,9,14,2,1,16,1,19,15,13,11,10
499,11,14,1,0,8,10,11,11,0,4,15,19,9,1,8,5,2,2,18,9
500,9,5,2,4,7,8,3,19,17,16,14,6,11,6,1,13,4,0,6,17
501,14,15,15,0,12,7,4,3,9,6,1,6,10,19,5,14,9,11,4,1
502,6,6,0,5,3,10,2,5,9,16,4,18,8,16,16,12,0,12,6,12
503,19,1,15,10,3,13,7,12,16,8,9,5,15,8,17,12,9,4,18,2
504,14,12,14,10,12,2,13,9,14,8,9,11,7,15,19,14,11,0,3,19
505,19,9,14,0,10,13,11,4,3,5,13,13,0,5,14,0,17,19,14,9
506,15,0,19,5,13,3,8,12,4,11,0,13,18,9,9,3,16,11,10,11
507,11,4,7,5,2,13,0,15,2,13,2,14,16,8,15,2,5,0,0,16
508,10,3,6,5,4,17,1,19,8,12,7,13,11,1,7,4,4,18,7,8
509,1,8,14,19,17,11,8,9,0,2,8,19,10,4,7,18,3,7,1,15
510,3,2,4,3,18,14,3,14,2,15,14,10,19,2,7,15,14,19,17,9
511,6,16,11,13,18,12,17,5,18,1,16,2,1,5,5,19,3,1,0,3
512,12,12,4,10,2,0,9,5,19,15,3,17,1,10,12,9,18,5,7,15
513,11,6,0,16,2,1,17,16,3,9,2,6,5,1,9,10,4,9,9,19
514,6,16,7,19,9,9,1,8,0,7,9,12,5,14,5,1,1,2,18,2
515,6,10,14,5,18,8,13,10,9,6,19,5,3,6,4,11,15,13,16,18
516,11,12,18,5,8,3,16,15,1,8,5,13,14,15,6,15,18,1,8,4
517,14,7,3,18,3,19,2,7,10,14,16,3,4,16,14,3,10,3,3,11
518,19,17,11,10,6,7,10,19,16,14,2,14,18,10,15,7,19,5,0,0
519,16,17,9,7,5,0,16,0,15,3,12,6,12,1,2,14,2,8,18,12
520,9,11,12,18,13,15,12,3,12,15,5,6,11,9,15,8,9,0,2,19
521,15,5,6,5,7,14,7,4,3,13,2,1,6,9,3,11,3,4,0,0
522,8,2,3,18,2,12,1,15,15,19,19,7,17,11,9,19,9,14,3,4
523,9,2,11,0,3,5,3,17,17,10,19,6,7,16,5,3,8,16,3,12
524,15,8,5,8,18,1,17,9,0,1,10,2,7,19,6,8,17,2,0,10
525,19,13,8,14,16,14,12,6,1,5,6,17,15,13,2,4,4,12,4,14
526,2,18,5,19,5,11,4,10,6,6,7,19,1,2,7,2,1,7,7,9
527,14,18,7,0,2,12,13,9,8,6,7,13,0,13,17,7,16,16,2,15
528,11,14,8,4,16,11,14,17,6,17,2,1,16,13,6,8,11,10,5,6
529,1,8,1,5,10,6,9,18,15,16,7,14,5,2,14,0,0,4,3,10
530,17,16,17,4,12,7,2,4,14,13,11,13,1,0,6,9,18,3,10,18
531,16,2,13,11,14,13,7,9,14,7,19,5,4,2,7,16,1,14,3,5
532,1,11,10,0,1,9,14,10,18,8,17,13,6,9,9,15,9,13,14,9
533,3,0,1,15,19,10,15,18,15,5,15,4,15,12,13,2,3,0,0,14
534,0,4,7,5,16,3,4,5,19,8,10,11,16,3,6,12,2,11,14,14
535,8,4,7,15,19,3,6,19,17,1,15,10,15,16,0,16,16,6,2,10
536,11,9,8,2,11,9,0,15,17,7,16,8,14,11,4,18,4,8,13,2
537,9,3,9,4,5,16,18,17,9,9,6,19,19,18,13,1,13,1,6,17
538,1,18,6,3,12,17,19,13,19,12,4,7,18,2,3,17,11,16,10,3
539,2,8,19,12,0,9,9,14,18,19,0,3,9,8,12,5,14,13,17,14
540,0,19,7,16,8,0,11,12,17,14,6,19,1,14,7,0,19,13,6,5
541,7,2,13,18,0,1,3,16,9,18,9,15,5,17,14,0,12,2,3,2
542,4,16,18,12,7,8,16,13,3,16,11,19,14,4,6,18,3,13,4,19
543,13,5,16,8,10,0,1,10,6,0,5,12,17,0,14,6,5,0,2,9
544,14,11,12,17,1,13,18,5,16,2,9,3,14,10,11,10,8,5,9,18
545,1,16,5,11,0,10,19,0,8,8,5,12,4,16,5,0,15,8,4,8
546,6,3,4,10,1,17,5,1,11,13,15,2,2,14,8,17,15,14,6,5
547,15,4,15,17,9,1,12,17,2,17,2,1,9,10,4,9,7,5,14,12
548,17,9,4,1,11,7,8,11,18,19,5,16,8,1,0,4,6,19,9,9
549,10,11,16,12,4,8,14,17,15,16,12,13,0,8,7,5,0,4,5,8
550,19,19,15,3,17,19,16,19,9,7,17,19,3,11,16,13,1,15,9,11
551,10,14,6,11,0,1,12,7,6,12,13,5,4,2,17,2,18,4,6,12
552,1,5,3,4,4,15,0,12,0,16,5,19,14,3,7,16,16,5,18,1
553,13,11,3,11,10,11,6,17,12,13,7,0,0,3,5,7,11,13,7,6
554,15,6,2,3,5,12,19,18,6,5,3,18,5,4,1,16,4,18,16,19
555,12,9,16,10,5,10,7,17,9,13,19,12,10,4,11,10,19,2,4,8
556,18,8,4,0,11,4,13,8,6,6,5,10,6,17,1,18,15,19,7,8
557,8,14,12,4,17,0,7,4,8,4,15,5,7,15,6,7,3,5,10,17
558,12,6,10,6,19,0,15,4,19,3,11,16,4,10,8,12,2,8,2,10
559,0,5,15,9,3,9,5,19,5,18,15,17,18,1,4,14,1,6,18,2
560,5,3,18,11,11,15,17,10,3,15,2,4,5,14,4,7,10,1,8,14
561,13,9,13,3,11,0,14,4,17,17,1,6,8,8,11,10,18,15,14,8
562,12,14,13,12,8,10,0,16,2,19,0,2,10,1,15,0,19,9,14,14
563,0,13,9,18,5,13,3,19,6,4,0,1,4,4,10,9,5,18,6,1
564,18,17,0,4,0,1,13,7,13,5,19,8,19,16,13,5,7,19,11,10
565,7,5,0,12,15,4,14,18,17,3,17,7,12,18,12,19,8,14,4,14
566,13,2,0,16,17,9,14,18,9,10,12,0,7,13,0,13,11,0,19,8
567,14,16,17,17,15,16,15,0,6,12,14,3,7,4,16,9,18,5,3,4
568,5,5,12,10,5,18,18,18,10,11,18,0,16,1,15,13,15,19,6,8
569,11,18,14,0,19,19,7,3,8,6,10,4,0,9,1,15,11,3,15,6
570,2,14,11,2,15,0,15,11,0,10,4,14,19,1,2,11,7,11,5,14
571,9,8,0,19,4,15,7,19,5,16,14,3,5,15,11,5,1,7,1,2
572,1,18,17,11,6,5,0,4,11,15,14,15,18,15,16,0,1,17,6,11
573,3,5,14,3,5,17,0,11,1,10,15,10,12,1,1,0,7,4,8,16
574,17,13,16,10,3,18,18,12,11,8,13,13,10,8,18,12,9,11,8,16
575,14,3,15,12,19,19,15,16,12,13,19,0,17,8,4,10,4,14,2,8
576,16,3,10,5,4,10,11,13,8,13,6,13,2,16,0,16,15,3,15,5
577,17,11,1,17,3,18,17,14,0,15,6,18,18,15,2,3,14,17,19,5
578,17,9,9,15,5,17,9,11,6,16,12,0,1,5,6,6,16,14,4,14
579,4,10,5,5,9,3,16,9,7,15,4,11,8,2,12,7,12,1,8,0
580,10,4,9,9,5,11,7,15,16,11,2,3,9,11,16,8,10,5,15,8
581,18,7,7,4,7,1,16,11,0,19,7,19,0,10,14,9,16,13,6,6
582,8,12,18,2,2,2,14,8,5,18,19,9,14,13,11,10,9,10,2,12
583,15,6,8,6,17,5,10,10,13,16,2,6,14,12,3,0,12,8,19,14
584,11,1,6,10,8,13,19,16,13,5,15,4,7,15,17,4,19,1,17,10
585,2,10,3,11,6,15,6,3,2,18,6,4,10,9,9,7,14,7,10,12
586,15,15,1,18,18,10,0,13,9,19,5,5,2,18,7,4,13,5,13,10
587,10,6,12,6,0,11,6,9,4,12,1,1,13,8,18,15,11,15,6,16
588,6,6,17,5,2,12,9,0,11,11,2,14,4,15,12,13,1,9,5,14
589,1,2,16,13,6,17,18,6,19,7,6,15,15,5,19,18,3,7,5,6
590,14,4,15,11,6,10,15,15,13,13,12,0,6,7,1,16,12,7,2,18
591,10,1,5,12,16,10,15,9,11,12,7,6,13,15,4,13,8,8,17,1
592,13,12,15,18,14,3,12,0,15,7,16,9,7,10,6,9,2,16,7,17
593,15,2,3,8,10,18,19,6,17,3,6,15,8,7,1,13,5,0,3,19
594,2,11,10,2,19,6,5,11,1,2,18,8,16,11,5,10,0,15,14,0
595,17,13,8,3,19,0,18,10,9,1,16,14,0,1,10,1,9,18,4,8
596,8,10,4,8,5,8,5,13,9,14,3,17,4,8,0,18,9,3,5,2
597,2,3,18,9,8,9,10,0,1,11,11,4,17,7,19,9,11,16,9,4
598,17,14,9,1,7,19,5,7,1,3,5,6,18,10,11,16,0,12,5,5
599,9,13,4,0,19,9,16,18,1,15,3,17,13,7,2,8,4,6,13,8
600,13,3,5,0,3,10,16,6,15,10,12,13,7,13,8,5,19,17,11,0
601,16,1,2,5,8,19,8,8,2,16,1,7,8,14,18,12,19,10,15,15
602,12,6,8,12,10,2,5,7,10,2,1,5,3,7,5,2,0,8,17,15
603,6,17,1,10,13,6,15,16,3,17,4,11,1,14,1,1,4,2,6,2
604,14,10,4,16,12,9,5,17,10,5,9,1,6,9,14,9,11,13,7,10
605,6,9,18,13,3,5,15,19,19,5,6,2,3,6,10,1,4,12,5,17
606,14,8,3,4,3,0,11,8,0,18,1,8,4,14,6,9,1,0,5,10
607,9,7,13,7,17,8,18,15,2,7,18,17,14,1,12,1,2,7,13,1
608,3,5,1,18,9,9,5,14,12,13,19,13,12,1,9,1,1,14,3,6
609,6,5,19,8,12,4,8,0,16,5,11,15,4,10,14,3,13,10,2,5
610,17,4,17,17,9,4,1,8,2,11,7,12,8,11,19,12,15,3,16,1
611,18,19,17,18,2,7,10,11,10,15,15,12,17,19,16,2,8,10,10,11
612,14,1,5,19,5,5,5,11,9,17,9,12,9,1,15,4,4,1,4,10
613,3,19,16,17,17,16,15,15,18,11,5,1,10,19,15,10,0,9,0,6
614,17,15,11,16,5,5,4,6,10,6,12,11,1,16,8,13,9,11,6,14
615,15,5,15,10,12,5,9,16,7,15,12,2,13,17,10,12,6,12,15,3
616,8,16,5,16,8,11,17,13,16,18,15,11,15,13,0,15,19,6,17,11
617,3,13,13,11,1,3,10,16,13,15,17,4,5,11,11,12,15,15,19,0
618,14,6,13,13,5,8,2,4,14,19,9,7,14,4,9,17,8,6,19,18
619,14,4,18,16,17,7,10,2,9,18,4,11,10,18,11,2,16,11,5,10
620,2,14,12,4,0,17,18,12,17,11,14,3,4,11,9,12,9,11,8,19
621,9,18,19,5,14,1,15,13,1,11,7,1,16,1,5,6,4,8,15,18
622,1,14,19,0,10,0,9,7,3,6,16,7,0,13,11,2,6,12,6,1
623,5,12,6,17,1,18,1,3,1,0,1,19,16,17,6,7,18,16,12,0
624,0,14,5,17,11,18,11,5,10,4,9,5,9,17,8,10,6,4,10,15
625,16,14,9,16,6,16,18,12,13,5,17,18,5,5,5,16,11,3,8,3
626,1,9,19,12,9,8,6,3,18,0,15,1,13,17,4,10,18,13,5,7
627,9,0,0,19,1,4,15,12,19,6,17,18,11,5,5,14,11,9,3,15
628,14,10,7,13,10,15,9,7,7,4,11,17,4,0,14,11,10,16,7,10
629,15,3,5,2,13,5,5,5,11,7,4,15,9,7,18,19,18,8,12,6
630,2,0,11,17,10,7,7,0,16,11,2,11,19,9,9,9,6,1,10,3
631,11,8,10,11,11,19,0,14,15,5,8,8,13,9,17,2,2,12,7,2
632,5,15,5,3,2,0,10,1,0,1,7,16,1,19,8,10,4,1,19,5
633,17,10,6,8,19,12,11,11,10,17,0,14,0,7,12,13,8,11,18,2
634,1,17,0,16,11,12,12,18,9,0,7,2,2,10,2,13,6,2,0,14
635,1,13,3,10,3,12,1,9,16,16,10,11,0,8,6,12,9,3,9,0
636,14,13,10,0,5,6,14,15,14,15,10,12,13,16,16,3,5,12,1,16
637,9,10,18,2,14,18,6,7,3,12,0,13,5,10,17,6,6,13,1,19
638,16,5,5,11,6,13,3,13,9,4,10,18,0,14,16,14,7,16,17,15
639,8,18,14,18,19,3,0,17,5,10,14,3,16,10,3,5,13,0,12,8
640,17,0,2,13,11,15,4,9,9,19,14,17,9,11,17,5,7,1,11,7
641,7,6,8,8,14,10,2,10,7,15,9,6,5,11,7,18,8,18,5,10
642,3,7,9,9,15,19,19,18,4,11,18,13,17,4,1,7,16,8,0,8
643,19,11,12,7,16,12,15,11,8,12,10,17,4,1,1,19,5,11,13,18
644,10,15,13,9,9,15,8,2,0,6,17,7,2,9,3,7,7,10,17,8
645,6,17,5,15,17,3,14,7,6,8,12,17,5,16,6,2,3,6,17,3
646,9,7,18,1,11,9,14,13,9,5,6,5,10,18,6,5,2,4,7,13
647,3,11,15,1,6,18,1,16,3,12,0,14,1,6,5,4,18,3,6,19
648,19,10,19,7,4,16,6,14,16,3,1,19,9,14,13,19,5,8,11,9
649,19,4,11,1,11,12,4,8,4,6,8,19,2,7,16,2,9,4,18,1
650,11,8,5,19,1,12,17,9,2,18,16,13,13,3,17,2,3,0,13,9
651,18,7,19,14,4,7,12,12,4,12,19,5,7,15,11,6,0,12,1,4
652,3,4,16,10,15,1,0,5,10,16,11,2,15,1,12,13,16,7,19,11
653,6,14,1,0,18,13,13,17,5,16,12,1,8,8,13,3,5,16,0,5
654,16,13,18,10,14,3,8,16,19,11,19,14,5,19,10,15,5,2,10,17
655,19,11,17,15,15,10,10,18,13,14,10,0,0,6,4,6,12,19,10,8
656,12,13,18,3,14,9,0,12,12,16,1,0,14,11,2,19,9,2,10,17
657,0,1,14,13,4,17,15,4,0,0,7,18,14,6,13,10,6,12,17,7
658,12,0,18,0,2,13,1,11,14,13,1,2,8,8,16,14,7,7,3,7
659,8,14,12,12,17,4,9,13,0,11,18,1,7,13,1,16,18,17,1,2
660,15,16,18,16,3,2,10,9,1,10,10,8,2,10,18,3,19,8,6,6
661,2,5,6,0,14,19,13,5,3,12,3,13,12,7,19,19,7,11,5,19
662,9,9,9,0,15,13,10,13,5,5,5,16,9,1,13,7,1,7,17,16
663,4,5,3,7,17,1,19,16,6,17,14,12,3,7,12,1,16,9,14,0
664,8,11,6,13,15,2,12,18,12,10,6,11,0,13,10,0,8,14,10,8
665,18,15,6,12,11,4,18,16,0,17,9,7,12,13,6,1,18,12,7,4
666,15,15,1,2,7,18,5,13,9,14,12,16,19,17,5,14,16,7,14,2
667,1,8,16,1,11,5,11,19,7,16,12,11,16,8,10,14,9,17,6,13
668,10,2,4,1,14,10,15,15,18,19,10,15,2,1,1,6,5,15,6,10
669,8,0,13,2,6,11,7,5,17,0,11,6,19,11,6,13,0,0,3,17
670,6,11,9,4,15,3,16,14,11,4,14,0,16,14,19,10,15,9,2,9
671,4,1,19,16,12,4,17,13,8,0,7,8,15,14,16,16,1,18,10,10
672,19,18,0,18,15,18,18,0,9,1,0,4,7,17,2,12,19,18,12,19
673,13,2,15,15,11,11,6,4,13,19,12,19,19,19,1,10,12,15,15,9
674,7,14,9,7,12,5,2,15,11,17,10,16,4,16,15,5,18,17,16,19
675,3,17,15,13,3,19,19,1,18,6,15,19,14,10,6,4,14,9,15,10
676,4,17,10,0,13,7,0,15,17,0,11,8,10,7,12,19,9,1,2,14
677,14,15,13,11,19,2,11,9,15,2,3,5,6,0,8,8,5,9,7,12
678,16,0,10,2,18,15,0,5,18,5,0,16,15,18,3,1,7,1,0,14
679,4,3,1,0,9,0,4,15,16,18,9,4,13,3,10,11,13,8,3,7
680,11,2,13,2,12,7,2,16,6,3,6,13,12,16,7,16,4,10,7,3
681,4,5,2,13,9,18,15,8,13,10,16,1,13,12,19,16,15,10,16,12
682,9,5,15,11,3,6,10,17,16,10,9,8,17,0,0,18,10,7,17,12
683,5,7,16,9,13,6,11,19,6,14,10,10,3,12,15,0,8,13,2,14
684,12,4,14,8,11,3,4,18,10,7,11,0,8,4,14,18,7,9,18,16
685,15,13,1,4,1,0,19,17,2,14,3,13,8,1,16,4,16,14,10,5
686,19,18,11,17,6,18,10,17,11,2,19,8,4,14,4,15,4,8,17,11
687,16,14,16,4,14,17,17,19,1,13,13,13,0,14,19,17,18,12,3,13
688,6,7,11,13,2,17,3,6,8,10,3,10,1,15,6,19,3,14,7,7
689,17,17,17,9,14,12,11,10,8,3,15,13,5,7,0,8,13,1,8,7
690,1,11,10,9,9,18,16,10,19,6,2,12,10,11,19,8,19,15,3,10
691,14,4,11,10,15,2,8,2,6,12,7,18,7,15,8,16,10,8,15,12
692,14,10,11,17,6,11,9,6,15,4,17,11,17,14,7,9,17,4,12,7
693,4,7,19,17,8,17,5,7,7,14,15,6,5,6,1,1,8,3,1,5
694,13,4,15,17,12,18,0,5,2,15,17,3,1,13,3,0,6,11,19,6
695,14,3,16,16,18,14,2,8,1,2,0,14,9,14,7,16,10,15,2,16
696,2,19,5,18,4,5,6,7,17,3,17,6,14,12,1,2,8,3,15,14
697,7,7,5,10,5,1,4,2,0,3,17,12,12,17,1,16,4,7,18,3
698,11,11,18,9,3,13,12,10,5,6,3,4,19,1,14,12,14,1,4,11
699,16,14,4,9,8,2,6,7,9,15,0,1,6,13,7,7,1,7,12,3
700,0,2,1,0,10,19,14,17,18,14,9,15,1,18,16,7,5,11,1,7
701,7,16,10,19,4,7,3,15,3,4,8,5,14,11,10,17,3,6,12,18
702,4,17,8,17,18,18,2,13,19,8,3,5,5,19,16,7,13,11,14,11
703,1,0,4,11,7,10,17,6,19,7,19,7,8,19,10,14,3,6,10,5
704,12,0,3,3,11,17,8,13,2,3,13,17,16,11,7,16,9,16,12,5
705,4,18,19,19,12,3,9,15,11,0,9,15,3,15,11,16,14,17,18,3
706,17,10,16,0,15,10,12,8,17,5,8,11,8,17,4,4,16,13,13,18
707,15,17,10,14,10,16,11,6,12,10,7,19,15,6,18,9,12,1,17,13
708,9,8,10,9,19,8,8,5,15,4,7,9,12,13,17,16,17,15,1,4
709,16,7,11,16,15,7,1,16,16,19,19,15,8,16,3,5,14,8,17,5
710,2,12,0,10,4,19,6,4,8,16,3,10,4,15,8,4,13,5,13,8
711,3,19,6,19,15,13,14,13,18,12,5,1,3,7,4,17,1,19,8,0
712,13,0,2,18,18,15,14,11,0,10,7,6,9,12,19,7,2,7,18,16
713,14,2,5,15,5,2,16,7,13,3,9,0,2,1,10,1,2,9,13,9
714,10,1,9,7,8,1,7,17,3,13,17,0,14,4,17,9,6,17,6,11
715,2,3,16,3,8,16,4,8,8,18,19,14,10,10,1,15,17,18,18,18
716,16,4,8,4,5,15,1,8,2,19,13,10,8,6,7,13,14,19,7,7
717,3,4,2,15,3,9,7,1,0,17,9,7,0,4,12,8,19,17,6,18
718,15,8,7,14,13,14,17,12,6,13,19,11,8,6,0,13,6,10,8,1
719,8,14,3,11,14,13,4,17,12,0,12,3,14,11,17,16,1,13,12,19
720,3,16,0,14,5,12,0,11,13,13,4,12,15,17,2,12,10,12,8,1
721,6,6,2,10,15,2,5,3,6,19,4,16,4,5,7,16,8,15,4,17
722,18,18,9,13,1,12,12,18,6,0,13,8,13,10,16,5,19,9,18,12
723,19,10,16,12,17,3,7,5,17,8,6,18,2,18,9,8,18,19,7,7
724,0,19,8,16,15,6,18,16,0,0,11,11,7,5,15,10,4,2,7,6
725,4,18,17,1,3,18,1,0,0,5,0,13,18,16,3,8,8,8,0,9
726,19,18,19,8,19,9,2,0,13,7,15,19,9,17,13,5,13,16,12,11
727,2,14,19,7,13,10,1,9,11,9,15,7,17,19,6,9,13,10,7,1
728,6,6,2,17,13,12,2,11,1,12,2,13,19,5,8,19,6,10,9,19
729,16,14,3,12,17,16,14,9,7,4,3,5,15,4,19,4,15,2,13,16
730,18,11,6,19,17,12,7,14,13,8,17,16,3,19,12,2,1,6,1,11
731,15,17,0,14,10,1,10,14,17,4,16,4,2,11,10,15,2,18,19,0
732,19,15,17,12,11,12,15,16,6,17,4,19,10,0,5,12,13,12,15,5
733,18,8,2,19,3,13,3,3,10,5,15,14,9,10,1,8,15,16,6,12
734,6,12,2,6,12,2,11,3,6,19,4,14,13,17,14,14,9,9,9,11
735,1,9,13,15,9,5,6,1,8,18,7,18,18,4,10,2,9,12,13,14
736,18,18,17,14,15,7,10,2,12,9,3,2,2,7,8,17,18,10,10,8
737,17,5,0,9,16,18,9,2,0,7,6,2,3,1,4,4,14,9,19,1
738,16,18,9,6,3,12,16,5,11,14,19,17,10,17,18,19,9,9,6,16
739,5,5,8,12,16,4,3,0,1,7,8,11,2,17,7,0,16,18,2,15
740,14,4,17,19,18,10,10,13,1,7,4,2,1,5,3,11,6,8,7,5
741,7,6,11,14,2,13,4,12,12,13,4,3,5,2,4,12,8,6,17,11
742,5,9,15,17,18,8,16,16,7,4,9,14,15,1,10,15,14,19,14,10
743,6,2,11,6,11,9,10,8,5,3,5,18,5,16,13,4,10,10,10,12
744,8,1,15,2,1,0,11,14,7,11,12,7,3,15,15,12,19,11,11,12
745,11,4,11,1,16,8,18,6,7,15,3,3,0,15,2,2,12,7,1,17
746,19,9,16,1,7,16,14,9,13,3,1,6,9,16,15,0,12,6,6,3
747,13,14,16,16,4,10,19,6,14,10,12,0,5,18,7,3,9,5,18,4
748,8,5,18,18,16,0,10,8,7,4,8,3,2,16,15,13,3,15,18,10
749,16,3,8,2,3,15,0,7,19,1,7,19,13,9,6,1,19,8,12,7
750,11,17,17,16,0,18,8,17,16,8,6,14,13,18,5,15,10,11,13,8
751,15,11,12,2,10,16,1,9,11,0,2,16,11,11,6,17,1,14,10,0
752,15,7,4,19,10,1,12,1,0,3,19,6,6,11,5,3,7,3,10,19
753,0,2,0,13,8,3,18,1,14,8,15,6,17,2,14,3,18,4,11,17
754,3,14,17,7,0,12,8,1,5,5,12,0,1,14,11,11,19,5,0,0
755,7,15,8,7,2,17,14,16,16,8,1,12,3,11,6,3,0,1,9,4
756,3,15,4,7,17,3,2,17,19,17,9,13,8,16,8,12,8,7,6,1
757,2,10,5,18,8,5,14,11,16,6,2,8,12,13,14,17,4,14,18,5
758,10,11,13,13,4,12,17,14,11,3,18,0,17,18,8,18,17,18,12,5
759,7,6,11,18,19,11,1,7,14,0,13,6,3,11,11,15,0,19,11,12
760,8,1,11,4,17,16,12,14,17,19,12,12,6,4,14,13,2,12,6,17
761,4,15,6,10,0,8,17,7,11,7,12,17,11,2,17,4,18,19,14,0
762,16,12,1,4,13,5,2,18,1,15,17,19,10,17,19,11,15,11,1,7
763,4,8,10,14,10,6,1,12,12,12,4,16,0,7,17,15,4,14,7,7
764,16,14,4,0,1,1,14,11,6,1,6,15,10,17,2,16,9,6,6,1
765,4,5,0,8,3,6,10,4,0,12,3,18,14,7,9,8,6,4,19,17
766,1,4,19,4,1,1,7,13,0,12,4,16,12,6,17,2,6,15,4,6
767,16,16,5,19,2,11,2,8,5,6,16,12,0,12,4,19,14,19,1,17
768,14,7,3,13,3,1,18,4,13,7,0,2,13,10,6,17,6,2,8,4
769,1,17,16,17,5,3,11,2,12,4,9,18,11,4,17,13,9,14,15,18
770,19,0,2,5,3,13,6,9,5,19,3,9,15,15,0,8,10,7,13,19
771,11,19,18,15,8,9,12,7,12,3,3,12,19,17,4,18,4,18,16,5
772,7,9,11,6,4,7,0,15,6,13,1,5,12,17,6,0,19,5,10,12
773,0,2,6,8,9,15,17,12,6,1,13,9,17,7,3,19,17,10,16,5
774,18,16,6,15,19,1,0,5,6,0,0,3,1,0,8,4,16,8,14,8
775,0,18,5,6,2,17,19,7,11,10,13,18,1,7,13,18,1,14,16,11
776,13,2,15,5,4,18,2,9,6,17,4,6,13,17,15,13,11,19,13,11
777,16,3,8,5,9,12,4,7,0,4,9,18,2,8,17,7,14,1,19,4
778,11,10,10,1,16,2,4,12,4,8,6,6,12,16,0,15,9,15,3,5
779,11,10,18,6,16,17,11,15,2,3,4,16,4,15,2,3,3,7,14,16
780,8,13,0,8,11,8,19,8,19,8,4,1,8,5,10,16,1,4,15,0
781,19,11,5,1,14,1,13,12,9,3,4,5,4,2,2,11,0,0,11,2
782,12,1,11,15,14,12,5,18,14,0,9,1,6,7,5,14,3,17,9,14
783,9,1,7,16,11,15,7,15,9,10,16,9,3,1,11,2,16,17,12,9
784,2,3,16,1,9,7,12,3,8,3,19,10,19,17,1,1,5,4,13,2
785,3,7,6,14,17,10,19,9,5,3,4,0,4,3,14,7,2,13,18,19
786,8,13,14,12,5,4,12,11,17,17,8,12,3,3,18,16,2,2,13,7
787,2,2,2,12,17,9,13,14,9,0,1,11,13,4,0,11,8,2,2,6
788,7,18,15,18,5,9,18,3,5,8,1,13,13,2,13,13,3,16,9,8
789,13,12,19,0,8,2,12,12,3,15,12,14,3,9,0,3,17,12,16,12
790,18,1,17,14,1,4,8,17,15,15,0,3,17,3,16,8,12,0,19,5
791,5,9,12,1,19,2,17,4,0,15,2,13,6,19,7,13,10,9,15,1
792,8,6,12,19,5,2,11,11,12,6,0,12,10,0,12,10,5,9,11,12
793,9,2,0,10,3,18,19,4,16,7,16,1,14,0,7,0,5,14,16,7
794,8,17,10,15,17,7,17,8,13,11,2,10,13,13,3,17,2,10,3,2
795,7,8,17,2,18,6,3,14,19,17,4,12,18,15,5,10,7,0,4,9
796,11,15,7,3,16,10,18,5,0,17,2,2,18,9,14,1,0,8,19,6
797,17,4,12,8,18,5,5,12,9,5,10,6,15,2,18,17,7,2,3,9
798,9,10,6,7,11,6,2,0,10,9,15,10,15,6,16,3,7,9,9,2
799,10,18,2,15,2,8,18,12,8,4,5,8,18,19,6,18,10,10,16,10
800,3,10,12,19,11,10,8,13,9,19,17,1,1,17,10,9,18,16,9,10
801,17,9,4,18,17,18,1,3,18,0,18,3,16,6,0,9,17,18,17,9
802,2,13,17,0,19,17,3,3,7,14,11,0,5,9,7,8,0,4,13,12
803,7,18,16,11,1,6,2,13,7,15,8,4,8,1,1,5,1,1,16,10
804,12,15,1,16,1,0,4,11,5,12,12,0,6,2,2,0,1,1,4,10
805,6,8,13,18,5,9,14,2,7,7,19,11,10,18,12,18,10,0,15,17
806,16,9,18,7,3,19,6,1,0,17,15,17,0,8,4,19,0,7,17,1
807,3,4,9,4,7,15,0,15,7,3,2,8,8,1,6,4,3,17,3,15
808,9,16,19,9,16,8,14,8,14,4,17,18,7,8,13,9,1,12,15,3
809,5,18,1,19,8,7,14,15,9,18,12,14,19,6,3,16,19,11,19,7
810,4,8,2,15,12,0,10,3,6,11,16,1,12,2,4,10,16,11,5,8
811,1,3,13,4,4,16,4,0,2,15,18,15,17,16,17,14,19,18,7,19
812,12,0,6,14,5,15,2,13,10,3,16,8,12,12,16,1,13,7,6,14
813,9,16,12,8,18,14,15,14,4,0,13,18,8,14,15,0,16,3,3,14
814,3,7,15,12,17,1,8,8,1,1,3,5,11,9,13,18,8,9,4,2
815,9,4,6,12,6,10,3,16,19,15,11,10,3,7,16,1,4,18,9,18
816,3,5,17,0,3,4,17,2,4,14,10,13,9,4,19,1,18,19,3,17
817,0,9,15,10,5,13,3,19,13,14,17,11,16,1,7,8,8,5,7,7
818,7,2,5,13,1,0,2,3,9,13,19,19,1,16,14,9,10,3,14,3
819,3,16,11,14,7,2,3,13,7,12,11,15,8,13,3,13,1,5,4,15
820,11,12,16,15,6,14,11,5,13,14,11,16,8,4,11,19,6,15,2,15
821,17,7,19,11,15,11,17,14,16,13,3,15,8,12,3,8,18,14,5,2
822,18,10,8,10,2,6,5,5,7,6,4,13,1,15,8,9,6,17,12,12
823,3,5,15,8,12,13,13,0,13,7,6,2,13,16,6,6,2,5,17,16
824,5,0,5,5,19,1,0,15,12,2,19,14,18,8,19,1,17,18,12,19
825,16,19,1,6,3,10,4,11,8,13,1,6,3,6,2,7,0,16,1,4
826,2,8,9,3,17,1,16,8,8,3,4,18,11,8,3,5,0,9,2,3
827,14,5,4,9,0,1,10,1,8,1,10,18,14,14,18,8,3,15,5,8
828,19,1,11,9,2,4,4,6,2,16,15,5,12,16,0,17,4,2,12,3
829,6,7,8,9,7,9,14,4,3,0,9,13,18,15,5,17,12,13,12,13
830,9,5,13,3,7,3,7,16,15,0,6,6,18,9,3,18,10,10,17,4
831,10,0,11,13,1,2,6,17,19,11,13,13,9,0,14,0,12,2,17,19
832,19,7,0,5,2,10,0,14,7,17,18,8,7,7,17,15,7,5,3,19
833,2,10,0,6,3,14,5,14,11,10,11,4,4,2,19,5,16,8,14,0
834,8,18,5,7,18,11,14,17,18,14,4,1,10,8,18,0,1,12,11,19
835,13,1,19,11,9,8,10,0,12,2,17,15,4,3,6,1,4,6,12,10
836,4,11,6,9,9,19,1,2,12,1,3,8,19,1,11,6,7,14,11,8
837,19,19,1,18,5,4,8,8,3,12,14,9,1,13,19,11,17,7,6,1
838,0,19,7,8,19,10,13,19,13,19,18,6,4,18,10,2,11,16,16,6
839,14,9,10,12,19,8,16,17,8,16,9,3,1,19,4,9,13,16,0,16
840,17,16,12,8,12,16,5,5,9,9,12,12,8,18,8,12,5,19,14,4
841,7,17,4,9,5,12,3,6,19,13,12,7,8,7,0,1,7,10,1,0
842,18,17,13,18,9,9,10,10,11,15,5,6,2,17,9,10,6,10,16,5
843,15,7,15,5,6,8,6,13,8,17,5,14,7,11,5,6,13,13,14,11
844,9,4,7,10,12,14,18,17,19,0,9,12,18,12,4,19,15,18,4,4
845,12,12,17,17,16,9,8,11,9,9,11,13,17,3,12,2,5,2,0,0
846,15,9,15,9,17,7,2,11,18,0,0,9,10,2,6,6,5,8,16,19
847,6,15,3,19,18,19,11,15,1,6,1,17,15,4,6,3,10,10,1,16
848,13,9,3,16,16,13,7,14,9,19,6,3,13,15,10,18,17,17,2,13
849,8,19,9,18,3,18,13,0,4,1,18,3,3,6,4,7,18,15,5,19
850,8,4,4,1,7,0,3,9,10,10,6,13,10,7,4,9,19,3,14,5
851,19,2,5,11,13,17,0,16,15,12,4,0,16,6,16,8,7,8,4,2
852,16,9,15,9,18,8,11,2,19,0,7,15,17,14,15,18,12,13,2,3
853,6,6,1,6,19,3,13,17,1,8,19,13,1,7,18,10,18,18,16,8
854,8,0,13,3,6,17,3,2,15,15,11,13,7,16,17,9,17,7,4,8
855,11,6,3,19,8,4,16,5,15,4,11,18,7,11,11,11,0,7,2,12
856,19,1,3,2,2,5,12,3,2,14,7,1,9,1,3,0,19,15,15,16
857,14,4,15,11,5,13,13,13,6,3,2,16,19,0,10,8,8,15,14,0
858,15,13,1,12,11,18,0,3,19,17,8,13,7,16,1,14,11,18,1,13
859,10,7,13,5,14,4,6,16,3,4,3,3,6,12,19,2,18,14,1,10
860,6,3,10,15,6,14,15,4,8,7,8,15,10,18,14,13,15,16,11,13
861,7,18,2,5,8,18,3,10,1,13,8,13,18,17,8,8,10,19,15,19
862,0,18,3,8,15,13,18,10,10,15,6,9,2,15,1,15,2,4,14,19
863,16,0,6,12,4,5,12,6,18,12,14,7,3,13,2,1,4,16,14,9
864,1,3,10,3,1,13,19,6,5,18,17,5,11,10,17,7,5,17,7,1
865,8,1,15,15,10,10,9,4,3,1,18,12,8,7,17,10,19,9,5,10
866,13,14,19,5,17,11,17,18,1,1,13,13,2,16,1,15,19,18,11,9
867,19,15,18,8,5,1,8,10,12,4,8,15,16,19,2,0,2,17,5,3
868,3,3,9,18,3,11,0,7,7,18,6,11,5,4,11,18,14,13,3,3
869,15,5,13,11,12,6,3,6,12,3,12,4,17,16,14,4,9,4,19,16
870,15,16,18,13,6,16,14,14,5,19,5,13,11,2,16,5,8,9,3,18
871,19,17,15,8,16,13,11,3,16,6,18,11,14,14,10,10,17,6,10,3
872,4,12,8,2,16,9,5,5,2,7,13,5,1,19,3,11,12,13,14,1
873,13,15,15,1,6,19,11,19,0,2,16,2,11,3,15,5,19,6,18,12
874,14,16,15,10,6,0,13,4,14,13,2,19,1,17,13,5,2,3,12,4
875,14,17,0,0,1,17,13,18,13,3,18,9,16,18,5,17,15,16,7,3
876,2,1,12,4,1,15,6,13,11,12,8,13,19,3,8,10,18,17,17,2
877,16,11,19,15,18,3,4,9,9,16,18,9,17,13,15,9,12,12,0,9
878,7,12,11,1,5,4,10,8,3,3,1,9,12,1,7,1,8,2,4,4
879,1,7,9,10,18,7,18,8,14,15,14,4,18,6,18,17,5,0,8,17
880,8,7,3,9,18,18,2,17,19,9,8,5,13,13,8,2,12,16,17,2
881,3,1,17,13,0,6,0,0,2,7,1,7,5,11,12,14,9,15,1,15
882,5,13,0,14,12,10,1,13,6,11,6,6,3,2,17,12,2,13,16,1
883,19,7,9,13,14,10,14,16,2,14,15,18,6,19,0,4,6,1,13,13
884,3,18,9,10,13,10,9,10,4,12,7,1,14,12,1,5,8,4,10,16
885,5,10,17,15,1,0,18,16,9,13,1,18,12,5,7,6,0,14,15,18
886,1,19,5,17,8,3,18,4,0,3,13,1,5,4,3,19,7,0,3,15
887,19,9,19,10,9,2,9,3,19,4,12,10,4,6,4,15,18,14,0,19
888,2,2,7,3,6,10,3,12,16,4,11,19,3,5,0,18,1,13,16,3
889,0,12,4,1,1,5,12,6,13,16,5,17,3,0,12,11,8,14,0,7
890,17,13,18,18,13,2,15,12,10,3,7,12,6,16,4,2,7,10,13,15
891,18,1,9,10,16,1,5,11,17,15,15,2,0,12,1,5,2,13,3,7
892,8,8,5,3,11,8,8,2,18,14,12,19,18,2,1,19,9,9,11,11
893,17,2,12,8,2,7,5,0,10,17,5,16,10,0,11,7,4,11,18,7
894,5,12,7,15,9,15,3,13,9,15,16,19,19,19,18,18,19,12,15,16
895,10,6,19,14,10,14,16,2,7,0,11,6,17,6,6,19,8,12,9,4
896,6,8,17,1,11,15,3,0,9,4,17,14,15,13,4,11,0,17,8,8
897,7,12,9,12,14,14,12,17,11,10,4,10,19,16,8,11,3,11,19,16
898,13,15,9,1,5,7,9,1,19,13,9,2,6,4,5,4,7,2,8,16
899,7,7,11,14,12,18,15,3,12,5,7,6,7,8,8,7,13,18,16,12
900,18,10,9,7,10,16,7,7,5,0,12,9,11,10,10,5,13,15,13,16
901,10,19,3,4,15,18,8,13,3,13,7,7,7,3,7,19,17,6,7,5
902,7,8,7,19,19,0,14,12,9,2,19,16,10,2,0,16,16,0,4,19
903,7,16,7,10,12,5,19,4,9,2,2,8,11,2,1,0,10,3,3,8
904,2,9,18,8,2,0,17,13,17,5,16,12,19,15,4,16,11,15,4,5
905,11,19,1,8,1,16,2,4,16,15,16,15,17,3,19,17,0,7,2,12
906,12,6,3,11,12,11,11,8,7,2,14,13,10,18,14,13,11,17,8,5
907,6,10,11,11,13,3,17,16,0,6,4,6,19,11,5,5,8,11,4,15
908,0,9,18,0,5,14,7,1,5,12,2,18,6,13,1,10,3,10,13,6
909,9,10,12,2,15,11,14,12,17,19,15,17,5,14,0,9,17,5,15,12
910,18,17,6,9,17,10,11,8,16,9,2,1,3,15,19,2,2,5,3,18
911,6,2,9,6,9,19,0,6,17,8,8,18,6,5,19,11,11,18,18,4
912,15,12,2,3,8,17,5,4,18,0,9,14,2,18,10,18,11,10,11,19
913,4,2,2,7,7,7,18,17,7,13,7,8,3,9,9,11,14,11,3,11
914,16,11,0,2,17,1,18,19,16,1,13,15,12,9,8,10,5,8,5,16
915,17,9,8,11,14,5,6,5,7,4,18,6,0,3,15,4,6,17,11,16
916,6,0,8,15,15,15,14,6,19,8,6,18,5,9,11,4,7,2,11,6
917,19,4,8,0,5,13,17,17,7,6,0,2,0,18,5,9,12,3,1,17
918,11,8,12,2,12,2,1,12,10,6,9,10,0,19,4,5,2,2,5,14
919,4,5,0,0,6,12,9,8,9,12,14,2,14,17,4,3,0,10,4,15
920,10,9,18,16,19,19,2,2,8,1,7,4,2,9,11,2,1,18,4,14
921,0,9,7,3,6,4,17,17,14,8,17,1,6,12,0,13,19,7,12,0
922,2,5,10,8,18,14,12,8,14,8,9,7,3,17,16,2,18,9,0,7
923,0,17,18,18,2,16,17,15,10,13,14,19,18,6,14,17,4,4,4,6
924,10,9,8,16,14,5,15,19,13,17,9,3,15,13,10,13,17,1,6,18
925,8,10,9,7,5,1,4,6,10,17,0,19,3,9,3,12,5,19,14,18
926,11,11,9,1,18,5,19,13,13,1,0,12,11,7,7,0,17,7,5,2
927,4,5,9,15,1,17,8,19,11,4,12,12,17,4,0,17,8,9,7,5
928,19,3,16,5,18,9,8,17,19,18,4,10,0,13,12,3,12,8,11,13
929,10,12,15,10,3,7,18,19,17,10,6,13,15,11,9,10,6,11,1,7
930,14,14,13,17,17,7,13,2,11,10,0,5,0,18,0,15,5,15,6,18
931,11,6,4,5,6,2,10,16,12,14,0,3,2,18,15,0,0,10,7,12
932,9,14,14,4,17,16,10,3,18,8,18,5,7,5,0,5,19,12,17,0
933,12,0,9,12,5,14,7,10,5,17,6,5,13,5,4,15,7,18,15,9
934,10,4,12,10,10,11,19,19,14,19,6,1,2,18,6,2,9,13,11,13
935,4,19,17,6,8,10,15,15,16,15,4,7,5,17,2,9,1,16,1,10
936,17,14,9,0,15,9,15,3,7,2,9,17,5,6,0,8,2,9,1,7
937,12,5,19,17,13,10,11,19,4,7,5,10,12,18,8,2,15,13,0,12
938,17,2,3,17,12,11,8,18,4,4,5,18,11,3,16,4,9,11,6,19
939,2,6,2,8,18,2,2,3,8,5,5,8,17,11,11,10,4,6,8,3
940,18,9,17,19,2,12,13,8,2,3,6,12,17,18,9,9,1,5,2,3
941,10,18,13,3,16,8,17,2,11,1,5,11,10,8,16,6,1,15,8,8
942,19,1,16,15,12,12,16,13,12,16,16,13,8,12,19,15,19,19,7,13
943,13,14,4,5,17,17,7,9,15,4,14,10,16,11,8,11,7,3,1,7
944,19,17,2,6,14,6,5,9,15,13,4,16,4,18,10,19,3,4,0,8
945,14,5,6,5,17,0,11,5,10,12,18,6,11,7,12,11,13,19,9,18
946,18,16,7,9,9,9,18,14,1,15,10,3,7,13,10,1,17,3,16,14
947,0,4,0,10,3,16,6,5,19,9,4,13,16,10,11,15,18,1,16,3
948,9,5,10,10,3,16,11,7,3,2,10,0,10,2,9,3,3,17,17,0
949,9,3,15,3,12,17,5,3,1,17,7,14,11,8,9,0,17,3,17,3
950,10,4,8,19,7,9,0,4,4,16,18,7,4,8,15,13,8,11,2,3
951,10,11,18,17,7,18,12,2,3,19,2,17,15,18,9,6,8,15,9,1
952,18,5,6,8,4,17,3,18,8,6,12,7,18,1,18,1,6,1,19,5
953,13,13,10,11,12,15,3,7,12,15,18,9,9,10,0,18,2,6,3,12
954,5,19,16,2,12,15,10,18,6,12,7,18,14,14,8,1,10,18,0,7
955,14,10,9,9,10,13,3,15,17,19,12,9,12,15,15,3,1,0,16,5
956,8,4,14,17,17,18,18,19,0,11,13,0,17,19,0,4,17,2,1,9
957,13,17,6,12,9,0,2,1,4,6,9,1,12,18,19,16,17,3,7,3
958,6,8,14,7,6,1,11,9,2,7,7,2,14,6,18,8,13,2,1,1
959,15,1,13,12,3,12,16,4,15,7,11,13,17,5,0,0,13,14,12,5
960,1,12,12,9,14,5,18,13,11,18,4,5,8,6,5,19,3,4,3,14
961,9,19,12,16,7,4,12,8,13,10,0,7,19,4,1,4,14,4,19,18
962,7,17,3,18,12,4,2,4,14,14,6,2,18,8,16,15,17,1,15,3
963,13,8,2,4,8,4,15,17,11,13,15,3,11,11,17,0,1,13,16,13
964,2,1,7,10,7,2,5,14,9,4,15,10,8,9,6,10,14,18,11,15
965,13,6,9,1,11,1,0,18,18,7,15,6,5,13,3,5,3,13,14,0
966,3,15,17,1,3,13,11,19,4,2,16,8,8,18,18,18,13,0,9,3
967,1,16,17,11,12,13,2,7,17,10,2,3,2,3,9,17,17,6,7,14
968,7,0,19,11,18,14,15,19,13,18,10,9,19,14,14,17,3,19,14,2
969,2,11,6,9,1,18,3,10,10,3,14,18,7,8,17,1,7,5,8,15
970,13,13,11,3,16,17,9,2,13,11,7,15,0,13,7,10,14,6,10,2
971,18,7,7,6,13,9,5,0,13,10,12,2,19,19,19,19,10,6,8,9
972,13,15,5,3,11,15,14,11,8,7,17,16,17,16,11,15,15,5,9,7
973,0,16,12,17,10,1,14,15,13,5,16,4,19,1,18,2,18,14,16,9
974,12,14,18,4,1,14,13,3,15,1,4,2,2,2,18,11,2,4,0,10
975,4,15,17,17,13,9,1,18,9,4,0,17,11,3,11,9,1,2,18,8
976,16,13,1,1,12,9,15,2,17,0,18,14,3,0,2,10,1,9,6,19
977,1,4,19,11,13,13,5,3,7,4,4,17,2,17,18,15,10,10,13,10
978,8,11,11,16,3,0,6,8,18,8,6,11,0,10,7,11,2,5,12,1
979,3,15,2,0,10,2,3,7,4,11,13,15,5,19,1,10,3,4,0,0
980,3,9,9,3,2,9,2,14,5,8,18,0,14,15,16,13,19,18,10,7
981,4,14,7,19,15,8,10,3,1,3,13,1,8,19,1,8,7,4,6,18
982,2,19,10,17,6,1,10,19,10,7,1,11,9,11,11,19,7,6,14,3
983,4,16,7,0,0,4,13,4,6,5,8,11,19,8,6,1,15,0,3,14
984,9,12,14,18,0,2,15,4,7,17,11,19,6,5,15,10,17,5,16,9
985,9,19,16,1,18,9,17,7,18,7,15,4,16,10,7,13,11,15,14,6
986,15,5,0,6,11,15,1,12,12,19,19,15,0,17,19,3,16,13,17,0
987,5,0,18,19,3,8,5,3,18,7,18,7,5,6,9,12,1,5,13,19
988,2,13,16,19,18,9,17,14,15,17,2,13,2,6,1,1,15,1,6,19
989,14,1,11,13,19,5,12,7,15,4,0,7,12,3,2,15,6,16,10,18
990,10,17,17,3,15,0,13,15,17,0,9,11,18,17,5,13,12,8,16,4
991,6,18,0,19,11,6,15,5,2,2,8,17,1,4,1,2,17,6,7,6
992,5,6,17,14,19,6,2,2,6,17,2,13,2,13,11,9,13,1,3,16
993,0,7,8,1,8,8,5,9,0,14,14,12,19,1,12,1,18,17,8,14
994,17,2,18,12,12,13,1,1,5,13,0,2,3,5,5,17,2,9,8,3
995,19,3,16,3,6,7,5,2,17,18,12,2,14,6,13,1,18,0,18,3
996,12,7,6,16,2,1,9,18,17,15,15,16,2,6,16,12,4,15,13,13
997,6,3,2,1,19,19,9,17,16,18,15,8,11,0,12,14,10,16,17,7
998,0,19,12,12,19,2,12,15,3,8,18,1,9,19,19,15,16,11,7,19
999,6,14,12,3,8,7,16,11,15,7,13,12,9,17,14,13,0,5,7,7
1000,19,5,12,13,9,17,11,4,1,16,14,14,19,2,17,13,14,12,9,12
1001,0,13,9,7,13,1,4,18,12,5,10,11,10,17,14,2,5,0,5,14
1002,14,18,19,2,14,16,5,0,17,12,11,0,18,1,7,13,12,19,16,16
1003,3,13,8,4,16,1,1,17,2,2,19,8,4,18,0,12,7,17,0,15
1004,1,14,1,18,4,3,9,8,0,18,13,7,6,13,19,8,8,18,3,4
1005,8,2,4,9,16,13,8,14,7,0,9,5,15,7,19,11,12,7,7,18
1006,13,4,4,10,14,11,4,11,19,15,6,5,6,10,14,9,7,5,6,19
1007,19,3,10,10,6,14,8,17,7,3,12,0,17,7,3,7,0,5,7,12
1008,13,1,5,8,2,16,11,11,9,19,2,7,12,9,3,12,18,3,16,17
1009,13,3,15,0,10,3,14,17,19,12,15,3,16,10,11,2,14,7,15,8
1010,7,2,9,1,19,12,14,12,9,10,18,4,6,2,3,8,13,15,6,5
1011,16,10,0,13,16,15,3,14,6,11,12,14,5,7,2,7,18,11,1,13
1012,12,3,7,19,9,19,17,15,15,18,12,7,6,15,10,14,12,16,2,10
1013,3,3,2,18,7,3,6,19,1,17,8,18,15,9,2,15,13,19,4,1
1014,12,10,3,7,13,15,14,1,7,8,15,2,9,5,0,10,8,4,3,14
1015,16,16,5,10,11,7,17,16,0,1,9,16,18,3,13,3,6,1,15,1
1016,0,11,16,10,8,17,8,15,0,13,11,4,15,0,5,0,8,7,10,0
1017,19,13,14,3,14,17,0,5,13,15,18,8,7,5,5,2,3,13,17,8
1018,12,19,4,8,13,2,3,11,13,17,0,7,1,1,16,4,17,12,3,2
1019,5,14,5,4,1,7,11,5,2,4,6,8,0,0,12,16,12,12,11,14
1020,1,5,13,2,5,0,17,6,12,14,15,18,15,12,10,12,12,19,11,7
1021,1,2,19,5,8,3,6,18,11,13,19,10,18,4,9,10,18,12,15,17
1022,12,7,4,0,0,11,19,5,12,8,15,10,15,14,17,8,18,9,11,9
1023,6,16,6,2,9,12,18,8,11,5,6,2,4,7,17,9,14,13,6,16
1024,9,11,1,16,4,18,18,6,3,1,1,16,6,1,14,13,13,4,3,3
1025,1,6,3,0,1,8,12,11,0,1,15,4,14,13,1,4,13,4,10,5
1026,12,1,18,7,18,2,17,0,6,4,0,7,17,4,9,5,14,8,10,10
1027,5,4,19,7,12,11,14,1,6,1,10,6,2,13,3,17,7,19,19,18
1028,13,8,5,7,3,10,8,9,0,10,7,8,12,5,7,6,9,6,4,1
1029,11,14,1,6,16,11,14,7,3,9,14,8,19,12,19,13,5,7,17,11
1030,2,14,6,8,13,11,14,13,13,2,19,1,10,15,13,11,5,13,11,0
1031,7,3,12,1,10,3,10,7,7,0,13,4,3,19,18,14,15,13,8,10
1032,8,2,9,10,7,9,0,6,14,8,4,17,19,10,7,1,3,6,13,1
1033,13,6,7,5,18,3,15,5,12,0,12,8,5,8,6,7,18,12,16,7
1034,15,11,15,10,2,4,18,3,2,14,9,1,5,6,4,11,0,18,3,7
1035,6,0,16,16,18,1,2,1,3,8,15,1,13,6,18,17,15,3,16,9
1036,16,6,7,7,19,11,12,4,19,7,15,14,9,18,0,9,0,3,16,15
1037,5,2,12,19,17,18,18,2,4,13,4,15,9,2,3,9,8,15,10,15
1038,1,1,11,19,12,12,12,15,10,9,2,1,6,7,18,15,18,2,14,7
1039,11,6,9,16,9,12,18,3,10,15,13,0,1,16,7,10,5,11,14,0
1040,8,5,1,7,7,9,0,5,16,7,9,14,1,6,14,2,14,6,3,7
1041,5,9,11,12,8,9,0,16,9,5,10,17,0,15,7,16,6,1,5,19
1042,17,17,5,2,6,19,12,11,2,10,4,3,13,8,13,9,1,19,17,6
1043,7,17,17,9,19,17,3,0,19,4,2,7,10,15,4,19,16,12,3,1
1044,5,18,12,11,8,0,6,13,15,0,4,2,18,18,3,0,11,1,12,17
1045,0,4,14,7,0,3,11,15,14,3,6,15,5,15,18,2,0,1,4,3
1046,16,15,11,1,3,12,2,17,0,7,1,3,7,1,8,1,19,9,12,13
1047,1,13,12,1,16,5,18,15,11,6,14,7,4,8,15,12,9,13,2,12
1048,10,17,15,9,2,12,3,13,13,3,4,18,18,2,12,8,11,13,8,0
1049,5,9,17,19,19,5,0,19,0,11,7,14,4,6,2,13,14,19,10,4
1050,0,16,18,2,4,11,6,12,2,14,8,3,12,11,13,7,18,12,8,18
1051,16,10,10,17,1,14,19,4,16,12,6,17,13,1,7,11,16,10,10,17
1052,2,12,9,15,13,13,6,0,7,19,0,7,14,2,6,13,4,19,4,8
1053,4,6,2,13,4,19,17,9,19,2,17,6,4,19,17,9,16,13,11,1
1054,17,14,18,8,4,0,2,15,7,15,5,19,13,0,6,6,12,0,13,6
1055,1,19,14,18,8,3,13,12,8,3,13,9,4,5,17,14,17,12,19,12
1056,1,3,14,5,0,5,14,18,0,7,16,14,3,18,8,11,3,13,13,10
1057,5,6,14,13,8,7,19,19,8,8,8,14,0,19,4,19,5,16,3,10
1058,3,19,5,7,15,14,17,13,16,12,16,18,13,10,16,16,11,3,19,0
1059,10,1,8,1,13,14,14,5,5,14,16,10,9,9,19,19,17,10,19,0
1060,15,3,17,7,2,4,13,7,16,7,12,10,6,9,13,5,17,4,7,15
1061,12,6,2,5,11,5,3,1,1,13,14,9,7,2,14,18,12,5,13,13
1062,12,18,15,12,7,2,18,14,16,13,3,5,17,4,3,8,2,7,6,12
1063,11,11,3,17,7,14,17,0,6,2,14,12,7,18,9,19,16,8,5,15
1064,9,18,19,17,0,18,9,11,17,14,15,5,4,7,5,4,9,2,10,15
1065,14,7,7,14,11,16,14,6,1,2,18,12,7,1,18,1,4,8,12,4
1066,16,7,1,16,5,16,19,9,12,6,13,16,16,6,17,13,16,7,12,4
1067,18,16,14,6,12,18,14,0,19,3,9,18,14,2,0,8,3,8,18,3
1068,16,6,13,6,0,0,1,19,13,11,7,7,8,7,6,17,7,2,11,13
1069,12,2,4,13,19,9,11,9,10,0,17,16,5,4,0,8,5,11,5,17
1070,15,5,15,17,12,0,7,5,2,8,4,5,3,13,11,6,10,19,14,6
1071,16,16,0,1,8,3,8,14,4,13,12,11,7,9,15,1,2,11,7,14
1072,12,9,3,17,4,17,1,14,15,0,16,10,7,2,18,9,9,11,19,7
1073,3,10,10,9,0,17,18,19,16,1,15,14,1,2,13,19,18,0,18,9
1074,15,7,11,1,1,8,18,0,16,3,17,17,19,9,14,1,11,5,17,13
1075,5,15,1,14,12,2,9,12,18,9,9,14,2,5,12,18,0,16,19,6
1076,14,15,12,16,0,9,8,1,10,1,0,4,13,16,6,18,2,19,17,11
1077,10,5,15,16,11,6,8,5,19,5,12,12,18,0,13,0,13,10,7,9
1078,14,10,15,14,17,7,17,9,0,2,6,3,0,4,12,9,12,16,12,4
1079,6,0,9,5,16,12,7,14,19,2,15,19,13,14,15,13,14,12,4,7
1080,17,10,7,9,1,16,6,7,18,16,4,10,10,11,4,5,5,2,14,10
1081,14,2,14,13,0,5,5,15,2,16,13,12,5,17,4,10,6,19,1,7
1082,18,14,18,12,0,14,17,6,0,18,13,19,5,15,18,13,1,1,10,7
1083,2,13,2,1,5,15,8,6,15,18,2,8,13,2,13,11,19,15,6,10
1084,4,17,11,18,7,5,0,19,14,3,4,6,18,3,10,6,11,4,1,4
1085,3,10,17,3,9,13,12,5,4,8,3,6,4,12,16,4,6,19,9,15
1086,5,16,5,12,16,14,13,7,18,11,18,7,2,10,15,16,4,16,16,15
1087,15,19,4,16,17,7,16,15,5,18,10,16,4,14,12,5,7,4,8,18
1088,0,7,10,2,0,6,16,13,0,8,0,0,0,10,11,7,19,13,6,15
1089,16,5,17,19,18,4,5,0,19,8,4,1,6,19,16,3,5,9,6,4
1090,17,2,16,4,7,3,7,8,19,4,2,16,18,0,12,17,17,6,0,4
1091,8,2,4,10,18,17,1,16,17,2,19,18,10,12,10,14,11,18,6,13
1092,4,7,4,4,5,0,11,18,2,2,16,9,16,16,8,18,6,17,1,3
1093,19,11,17,18,9,8,5,0,0,7,1,17,19,11,16,13,3,12,6,0
1094,3,18,5,8,13,18,9,10,0,12,7,14,2,19,10,18,8,5,0,14
1095,7,3,8,13,14,15,16,1,12,5,12,14,14,0,12,19,17,1,2,12
1096,10,11,0,1,3,8,1,2,4,16,0,13,3,17,16,17,7,8,5,11
1097,11,9,5,3,1,19,13,10,12,4,10,7,13,2,15,1,19,5,0,6
1098,14,17,3,18,5,19,11,2,8,19,19,8,14,16,1,18,2,7,5,3
1099,13,16,19,11,3,18,2,19,2,13,15,16,19,2,3,7,14,12,18,13
1100,6,1,2,9,9,8,4,17,5,17,11,0,8,19,19,16,16,19,0,1
1101,14,7,18,2,7,14,5,16,4,13,17,7,16,16,11,12,9,1,17,10
1102,9,18,10,2,13,10,7,18,1,7,4,17,18,3,10,9,13,11,7,16
1103,14,2,6,14,7,16,8,4,1,14,14,11,12,1,17,0,8,7,9,8
1104,3,19,7,0,6,17,12,14,16,17,19,2,8,13,15,18,18,14,2,8
1105,4,13,16,5,3,7,11,18,4,7,8,13,12,11,17,5,9,15,14,11
1106,19,1,3,9,4,14,6,1,9,5,8,5,6,9,8,11,1,6,19,7
1107,0,15,1,16,3,17,6,7,8,12,13,1,6,5,19,8,1,4,19,13
1108,9,3,5,19,1,7,16,11,10,3,11,13,10,15,14,7,14,7,18,10
1109,14,19,6,19,18,7,11,2,12,17,10,6,3,11,10,1,15,14,3,2
1110,3,3,6,15,13,10,4,17,9,14,19,13,1,18,3,19,9,2,14,8
1111,5,4,1,6,7,12,4,9,3,2,9,12,3,7,12,8,4,10,3,11
1112,5,12,12,7,7,2,15,4,13,5,8,8,0,17,12,3,18,7,5,6
1113,15,12,11,9,17,2,8,5,18,3,19,1,5,0,1,0,10,18,3,6
1114,4,5,5,3,10,2,2,3,9,16,1,4,12,11,19,14,7,17,6,11
1115,7,4,15,0,10,8,12,3,1,12,6,1,13,6,15,17,7,6,16,13
1116,6,16,15,10,6,2,6,19,3,5,16,1,8,18,6,0,3,6,17,5
1117,8,7,4,16,4,9,16,5,1,19,19,11,12,18,0,15,14,13,9,16
1118,10,8,14,11,7,0,7,10,13,6,1,4,11,13,4,16,9,3,11,7
1119,5,14,14,2,14,11,11,18,11,6,19,4,4,0,17,8,4,15,5,1
1120,0,13,6,6,11,18,9,3,3,6,7,14,3,13,14,0,17,15,5,5
1121,16,19,10,7,15,16,16,8,4,1,0,0,14,16,4,10,0,13,3,13
1122,2,11,6,13,8,2,11,17,16,0,2,14,7,5,8,7,13,1,11,10
1123,7,8,5,3,8,0,9,6,1,16,7,0,12,3,1,8,15,1,14,18
1124,7,6,8,9,10,5,16,19,14,1,10,10,13,7,3,17,0,18,5,1
1125,5,15,6,6,14,8,0,11,7,16,4,3,6,3,0,2,4,13,4,6
1126,10,4,13,1,11,8,3,7,5,11,3,1,17,6,17,17,3,11,7,3
1127,3,19,14,17,19,14,16,3,5,3,14,2,12,7,1,7,8,1,11,16
1128,13,2,16,7,7,10,12,0,2,16,0,8,6,5,13,14,16,14,10,8
1129,19,17,18,7,13,18,9,1,18,18,3,15,11,14,14,5,6,19,14,17
1130,9,6,7,8,15,1,3,10,19,15,8,19,8,15,8,3,10,6,16,15
1131,19,9,1,4,7,8,7,11,13,4,3,11,2,15,6,17,6,3,5,9
1132,13,18,11,0,17,13,5,1,1,7,10,17,5,19,18,10,16,9,2,7
1133,6,9,3,18,4,6,3,15,17,2,8,9,1,17,11,13,12,19,7,5
1134,18,16,15,7,16,9,15,5,0,14,11,19,4,16,15,11,14,14,18,12
1135,17,18,1,13,18,11,16,19,16,5,5,9,1,12,14,7,6,14,6,11
1136,3,5,13,19,2,14,8,3,14,1,17,6,8,19,4,2,3,19,19,4
1137,10,7,15,17,6,2,14,8,11,9,7,7,7,10,3,10,18,16,8,12
1138,14,10,19,13,3,5,0,13,3,14,7,3,19,7,16,6,14,5,10,2
1139,2,4,8,8,0,14,8,2,14,15,16,4,17,8,15,16,2,5,10,14
1140,5,3,11,17,8,11,7,19,11,0,2,18,7,2,11,8,7,7,3,3
1141,9,2,15,15,14,6,16,14,10,13,5,11,2,6,13,0,8,11,3,13
1142,17,15,5,11,8,0,8,18,3,0,12,8,19,10,2,19,15,13,3,6
1143,2,19,9,15,9,4,6,9,17,6,2,1,10,12,10,11,15,14,4,17
1144,12,3,17,8,12,6,5,0,14,18,6,17,9,1,16,11,14,18,4,7
1145,5,13,9,13,4,1,12,6,19,16,15,12,9,19,6,18,12,9,1,0
1146,12,19,3,15,3,7,16,13,7,8,19,4,2,9,8,17,7,15,0,10
1147,16,6,19,13,13,6,6,18,13,8,6,9,18,9,5,15,15,0,5,6
1148,19,0,3,10,7,13,3,0,11,14,3,5,8,2,4,12,16,3,9,7
1149,0,16,3,12,1,10,0,2,16,3,10,6,3,15,17,12,0,3,4,16
1150,9,15,5,16,9,7,3,6,0,3,0,17,10,19,11,7,16,19,2,9
1151,3,9,1,12,0,3,9,12,10,7,1,5,16,9,6,6,19,9,16,0
1152,12,13,18,6,7,7,14,11,14,0,0,18,3,6,12,5,4,15,10,5
1153,12,1,11,3,8,10,10,19,12,17,12,17,16,13,15,3,16,10,17,6
1154,8,4,17,0,3,7,4,4,15,0,1,6,7,8,18,17,3,2,15,15
1155,17,12,18,4,19,17,8,5,11,16,13,16,7,17,18,7,1,11,11,7
1156,7,12,3,14,3,7,14,19,1,17,6,7,6,2,8,16,14,19,5,2
1157,17,5,3,2,0,7,17,13,5,16,15,4,5,0,13,11,3,5,3,4
1158,14,8,5,5,13,5,4,2,6,13,16,14,13,8,0,15,16,17,2,2
1159,4,0,12,9,5,4,19,17,12,14,14,1,4,11,6,12,7,18,9,8
1160,15,16,10,11,14,17,15,6,1,15,9,4,1,3,4,9,7,2,6,3
1161,8,1,2,18,7,0,19,8,7,1,2,18,17,6,4,2,12,15,17,10
1162,11,8,1,4,19,17,2,9,1,15,16,18,3,12,16,7,18,2,6,7
1163,16,19,19,18,3,3,13,17,3,8,19,2,19,14,17,5,6,10,1,11
1164,18,7,16,19,15,8,0,16,7,16,1,1,7,9,15,6,5,6,4,4
1165,15,4,18,2,17,3,6,7,19,14,13,4,15,10,11,2,1,7,12,15
1166,1,18,6,9,13,18,0,9,10,0,7,16,18,19,7,7,0,16,12,18
1167,7,3,14,12,12,15,4,0,19,14,17,16,3,7,17,19,9,11,7,13
1168,7,15,6,15,1,18,2,18,3,0,8,6,10,0,3,1,16,12,18,8
1169,2,7,9,2,13,13,11,0,3,17,9,11,0,19,10,12,18,1,11,10
1170,19,3,6,18,0,15,10,12,10,15,8,2,12,18,14,4,10,17,3,14
1171,17,5,9,14,14,9,2,16,10,11,17,12,17,7,18,9,8,7,4,7
1172,12,19,4,0,5,19,8,2,14,4,10,6,16,9,10,0,0,16,19,16
1173,13,11,11,2,16,9,8,8,16,19,9,16,11,10,10,9,0,10,10,4
1174,4,13,8,9,5,11,8,14,2,8,1,4,11,1,11,4,5,2,17,3
1175,12,2,6,5,9,1,4,17,10,12,19,0,8,15,17,11,13,15,8,19
1176,18,0,4,0,19,1,12,2,6,4,9,13,14,7,12,9,8,9,11,9
1177,16,2,10,5,6,2,4,10,12,7,12,13,16,10,13,11,6,8,6,1
1178,15,5,15,4,10,5,8,2,2,17,3,7,7,13,14,17,7,1,12,7
1179,12,10,1,3,19,12,14,16,13,15,2,6,13,17,14,15,19,17,3,10
1180,3,2,6,13,17,10,7,13,16,5,6,8,0,18,7,19,1,16,3,8
1181,8,7,8,15,10,5,0,4,18,2,0,7,1,6,17,2,14,17,4,9
1182,9,16,5,7,12,16,0,13,6,15,3,16,15,6,2,9,15,6,14,9
1183,10,13,2,9,8,2,13,18,0,7,4,5,10,15,3,13,7,9,9,5
1184,17,14,1,0,5,18,1,4,5,1,18,18,12,19,14,2,7,17,7,6
1185,10,19,15,3,9,10,9,8,1,2,19,5,18,14,11,9,1,0,11,15
1186,1,12,3,16,5,18,8,15,12,0,4,0,2,12,10,16,7,11,10,15
1187,7,19,14,4,15,0,18,14,1,7,1,6,17,15,15,3,2,13,8,18
1188,11,16,3,18,4,15,2,9,18,5,5,12,17,8,1,1,3,15,5,16
1189,9,14,11,11,5,2,18,7,1,15,19,10,3,12,16,7,3,0,4,2
1190,9,19,10,14,17,8,10,8,6,7,1,6,16,2,3,10,10,13,19,10
1191,14,2,3,13,15,16,8,19,10,0,9,3,18,4,18,11,2,17,19,0
1192,10,15,17,9,4,1,18,17,7,11,14,12,11,16,10,18,11,3,7,17
1193,18,1,6,14,10,11,1,2,6,2,10,10,16,10,16,18,11,5,10,15
1194,9,6,3,9,2,10,2,13,9,8,15,6,1,0,15,16,17,8,10,14
1195,10,16,3,8,13,1,15,10,7,19,16,12,11,3,12,6,18,1,10,16
1196,7,3,12,16,16,7,15,10,19,3,9,18,19,12,10,6,5,2,17,18
1197,17,18,5,17,6,2,11,16,6,18,9,19,0,1,18,1,11,10,10,15
1198,10,6,18,8,14,4,17,14,8,4,15,4,13,13,5,0,19,5,14,9
1199,15,11,16,3,9,4,13,1,18,4,19,15,18,19,3,3,1,15,16,11
1200,3,4,13,6,0,19,14,0,11,17,14,15,19,8,11,14,7,5,6,15
1201,13,10,3,9,8,11,11,10,0,1,13,13,12,14,13,4,11,5,3,4
1202,2,12,0,17,0,4,7,19,17,19,18,0,10,19,10,15,6,9,0,5
1203,12,17,18,18,5,4,15,18,11,13,14,3,18,15,4,10,14,12,10,16
1204,5,1,0,10,9,8,2,2,14,13,9,18,15,5,2,7,9,15,4,1
1205,17,7,0,19,17,17,11,17,3,17,5,7,9,7,15,16,0,7,14,18
1206,2,10,18,19,7,5,9,0,12,12,13,18,11,4,5,10,4,19,5,16
1207,17,7,11,6,2,4,11,14,17,0,3,14,2,13,8,3,15,14,5,8
1208,12,5,12,17,12,17,19,7,0,14,5,6,1,7,11,2,12,7,2,5
1209,14,14,0,13,17,19,19,14,9,15,10,16,10,11,9,5,9,0,3,4
1210,8,5,10,14,10,3,8,5,8,13,11,3,17,5,4,19,0,19,10,8
1211,7,19,16,8,0,18,14,10,16,0,2,16,17,8,8,18,19,19,9,3
1212,12,1,9,17,2,14,9,9,17,3,1,2,1,12,5,2,10,0,14,17
1213,7,14,5,7,14,6,6,18,1,14,1,12,3,9,8,12,12,14,6,1
1214,10,7,1,8,13,7,3,6,4,12,11,11,5,1,8,3,4,11,9,18
1215,11,0,15,5,3,4,7,17,9,4,7,14,10,5,1,9,19,6,6,7
1216,10,3,16,16,12,5,2,15,17,9,0,1,2,12,18,5,12,15,0,1
1217,3,15,8,7,4,13,12,7,0,1,8,19,15,7,2,19,1,13,14,11
1218,9,8,15,1,8,15,11,15,2,10,12,9,17,1,8,2,13,2,11,3
1219,13,6,4,3,18,0,11,4,6,14,2,6,3,4,18,7,18,8,6,1
1220,17,10,19,8,17,10,2,15,16,4,5,9,4,2,13,7,17,19,9,4
1221,15,9,8,4,15,15,16,8,11,4,19,18,7,17,15,16,18,3,11,13
1222,16,6,12,4,12,1,9,7,2,13,6,13,9,5,14,10,11,19,6,0
1223,7,10,18,15,18,11,14,10,4,2,9,0,18,19,6,19,12,8,13,1
1224,11,3,19,11,4,0,5,2,5,2,12,8,19,6,11,6,12,14,11,11
1225,14,0,7,6,17,0,0,11,14,2,15,4,12,13,9,0,9,7,5,1
1226,12,7,11,11,8,9,7,9,13,19,3,2,15,16,17,10,12,1,3,5
1227,0,3,10,0,9,3,17,10,11,14,4,4,17,0,0,8,5,7,4,6
1228,18,9,6,11,13,14,13,0,14,16,3,0,16,2,13,0,13,11,2,16
1229,17,12,11,17,9,4,15,4,19,16,19,7,18,2,14,8,16,0,5,2
1230,12,7,15,1,16,19,2,5,9,4,14,19,11,6,10,4,17,7,7,2
1231,7,10,14,8,17,4,16,10,11,2,15,9,3,15,5,17,7,4,0,8
1232,14,1,0,11,2,0,13,18,10,3,9,7,9,14,0,12,15,0,7,6
1233,2,13,4,4,0,18,4,6,19,13,15,10,15,4,18,16,4,0,1,12
1234,11,15,3,0,4,13,15,14,11,16,5,15,13,1,11,17,12,12,18,0
1235,16,6,5,14,16,9,0,10,0,0,4,18,16,2,13,8,19,19,17,11
1236,10,1,4,12,8,0,19,12,6,10,19,11,6,7,9,6,3,16,1,16
1237,18,3,1,2,2,1,11,8,18,5,2,17,8,2,8,4,11,19,4,3
1238,17,9,14,6,1,9,19,15,11,10,14,3,12,2,0,0,3,8,12,5
1239,16,0,1,5,3,11,12,14,7,7,12,8,19,1,12,12,3,14,0,2
1240,14,8,12,16,2,13,16,4,15,15,6,8,11,9,3,12,4,7,18,14
1241,17,1,18,10,2,19,0,18,1,18,17,12,0,17,11,9,8,7,5,1
1242,3,12,7,14,18,15,4,13,8,6,16,2,1,18,9,19,10,13,10,16
1243,18,14,11,15,17,9,7,17,13,15,5,0,16,12,2,4,16,1,14,8
1244,16,0,0,10,18,2,8,2,8,4,17,7,18,3,10,1,11,1,10,18
1245,15,1,13,1,6,18,9,17,9,18,3,10,11,13,11,18,15,19,18,7
1246,16,14,16,19,5,13,4,12,8,10,17,2,11,9,14,12,11,18,1,6
1247,10,15,1,0,10,1,3,6,9,11,6,16,17,0,4,17,0,6,7,19
1248,4,0,1,0,1,13,1,17,4,4,16,6,1,18,3,14,5,9,9,13
1249,7,6,7,17,5,18,8,7,6,7,3,5,19,5,17,14,9,12,11,13
1250,3,3,3,13,3,5,1,1,7,15,9,0,9,18,7,13,11,5,15,8
1251,12,1,6,11,17,18,14,5,16,8,7,14,13,8,13,3,9,12,18,10
1252,13,14,14,19,17,0,12,6,4,3,6,0,16,6,19,15,8,6,9,9
1253,3,18,18,1,1,10,3,15,0,16,0,7,9,13,13,12,4,8,16,6
1254,10,10,5,13,17,6,18,8,11,17,9,12,5,6,3,7,0,8,9,3
1255,12,11,19,10,9,12,2,11,0,10,4,2,15,19,7,3,19,6,8,12
1256,17,17,16,14,11,9,13,16,10,15,6,15,2,0,2,19,5,1,5,4
1257,12,10,8,17,7,8,9,16,13,18,7,12,5,9,0,18,18,19,10,1
1258,9,6,18,3,6,15,16,18,16,14,19,11,6,3,6,1,15,16,7,10
1259,11,15,10,4,2,10,18,8,15,12,17,11,7,12,11,6,19,1,15,9
1260,12,10,12,15,10,17,14,13,17,8,10,16,12,14,6,4,3,17,0,18
1261,18,2,6,12,3,17,3,17,3,19,16,18,16,19,4,18,18,6,13,7
1262,0,3,13,13,6,19,2,19,15,9,17,14,2,15,5,15,11,3,2,8
1263,4,3,10,13,2,12,16,0,4,0,16,14,15,14,19,4,11,8,0,2
1264,5,14,8,11,18,19,12,0,3,16,0,8,14,13,19,18,12,19,8,13
1265,0,5,17,12,16,12,7,4,0,0,15,9,17,0,11,10,11,14,10,8
1266,8,4,4,16,19,14,2,6,4,7,14,17,9,17,18,17,15,9,1,16
1267,5,12,6,8,10,1,5,18,19,12,12,2,6,8,2,10,1,17,0,19
1268,0,7,14,0,10,10,12,15,7,4,1,6,2,6,11,10,16,0,12,12
1269,7,5,0,9,3,19,12,4,6,2,0,8,6,8,5,6,4,13,2,10
1270,2,3,15,2,19,19,18,16,1,4,14,18,7,12,4,9,12,0,10,4
1271,1,5,10,7,19,6,10,6,14,18,17,16,2,15,16,10,10,17,16,18
1272,10,5,1,6,9,1,6,9,12,16,10,17,4,4,3,3,10,14,11,17
1273,17,16,18,5,9,4,7,16,18,0,10,11,3,8,7,10,16,8,19,7
1274,16,9,7,7,12,14,4,18,0,13,3,0,7,10,17,1,14,1,7,5
1275,3,17,0,2,0,13,18,10,16,3,15,8,14,9,12,4,12,13,13,18
1276,5,4,17,2,3,17,5,12,18,0,0,15,2,0,10,10,8,9,13,11
1277,9,15,15,18,5,13,13,10,6,8,3,1,16,13,0,11,17,4,2,14
1278,13,4,1,0,2,13,14,15,2,13,19,9,6,19,16,14,14,6,18,16
1279,6,6,3,3,19,1,19,8,2,4,19,18,19,10,9,2,12,6,18,4
1280,5,6,16,2,0,4,8,8,7,6,12,17,19,7,4,4,1,5,19,6
1281,1,4,7,13,17,13,19,14,17,18,0,1,14,13,0,12,19,2,12,11
1282,2,11,14,0,2,8,13,11,4,10,6,16,14,5,17,9,0,4,7,5
1283,9,11,1,9,12,8,19,15,10,18,8,17,8,14,8,12,10,2,14,5
1284,3,8,8,2,11,0,10,13,8,11,17,7,5,12,13,10,5,13,9,6
1285,19,18,15,0,18,12,6,5,18,5,13,6,5,13,10,18,1,10,16,13
1286,7,8,15,15,7,16,3,2,9,13,4,9,11,1,3,0,3,5,19,14
1287,0,6,16,7,1,19,5,5,19,7,5,1,6,16,6,16,7,1,0,3
1288,17,16,4,6,6,5,15,10,2,3,1,1,5,0,7,16,19,12,16,1
1289,17,14,6,16,16,14,15,14,18,11,6,9,6,8,0,13,19,14,8,17
1290,13,11,12,0,11,3,16,9,4,14,7,6,19,12,3,6,8,19,1,0
1291,1,1,8,2,0,8,3,18,19,12,17,19,4,1,19,17,17,14,7,9
1292,17,8,2,7,14,17,18,3,16,7,13,8,11,8,16,4,0,0,0,4
1293,0,3,15,2,7,14,2,13,1,13,5,10,0,18,14,9,3,15,12,14
1294,13,5,17,1,3,16,15,12,5,9,4,11,9,18,13,17,4,6,8,11
1295,14,17,4,8,3,18,9,6,19,14,1,3,16,7,11,14,14,12,6,11
1296,4,5,10,1,15,5,3,3,6,17,3,12,15,1,1,18,6,0,4,9
1297,12,6,18,4,16,2,14,4,19,13,4,3,15,4,7,4,19,18,2,5
1298,13,9,9,0,12,18,5,3,7,14,7,17,14,17,10,14,3,0,3,18
1299,11,19,4,7,13,1,7,16,16,7,8,3,11,0,4,2,5,15,7,11
1300,4,17,18,5,1,1,9,8,1,17,11,17,5,10,16,13,9,9,8,10
1301,12,4,2,16,8,6,2,2,13,2,12,18,11,6,16,1,14,17,6,3
1302,17,7,3,3,16,4,2,8,19,5,7,17,9,17,4,15,4,14,19,12
1303,17,0,14,7,11,4,16,19,17,11,14,17,16,3,8,8,18,8,3,17
1304,15,15,2,5,2,14,19,3,0,17,7,10,5,15,3,17,8,15,19,16
1305,2,6,5,18,14,12,9,12,11,3,4,8,13,10,6,1,6,6,13,7
1306,5,6,9,10,8,19,5,12,13,10,0,6,13,5,8,9,1,10,14,0
1307,6,12,18,2,4,16,14,15,4,4,4,14,3,0,3,9,1,11,13,4
1308,11,8,15,10,17,17,10,1,9,14,19,18,14,6,14,2,4,3,2,12
1309,17,16,10,17,1,7,19,11,0,2,11,6,3,5,11,17,18,8,5,11
1310,6,8,19,4,1,14,15,4,15,9,14,10,11,11,10,2,7,3,17,5
1311,0,11,8,8,10,16,14,1,13,7,13,2,6,2,13,0,3,11,19,0
1312,18,13,14,17,9,5,10,6,7,18,17,12,12,13,0,1,10,6,8,2
1313,7,14,4,14,3,11,1,8,1,15,10,2,19,2,2,1,6,12,19,10
1314,12,17,13,14,0,15,15,18,3,7,5,17,6,1,8,7,9,6,8,15
1315,17,7,12,0,1,3,13,15,3,9,9,0,1,4,15,12,3,5,6,13
1316,7,15,0,2,6,9,6,12,19,16,12,10,18,6,1,10,9,9,2,17
1317,1,1,8,3,8,3,1,11,9,15,9,0,3,13,18,18,8,2,3,6
1318,4,9,0,3,17,11,9,7,8,1,10,9,9,10,17,6,15,6,5,12
1319,15,6,1,2,0,14,6,19,5,15,3,11,2,11,13,1,1,2,9,8
1320,17,13,1,3,9,7,2,3,2,9,0,7,18,3,10,6,15,9,19,1
1321,15,2,9,9,0,0,2,15,12,4,2,17,13,6,3,3,5,13,19,3
1322,16,4,9,9,16,13,1,9,7,19,17,13,8,4,15,13,9,4,4,0
1323,13,9,0,17,1,8,13,3,15,17,19,18,18,10,8,16,14,13,13,14
1324,15,1,19,2,4,5,18,15,3,19,5,0,5,4,18,8,0,0,13,13
1325,17,17,14,6,6,7,4,0,11,2,7,17,5,1,8,5,13,3,19,2
1326,4,0,4,15,5,15,10,10,19,5,15,8,2,14,13,5,19,2,5,3
1327,19,5,12,9,5,16,15,6,1,0,15,11,2,14,16,13,10,10,5,9
1328,15,6,9,0,1,19,19,8,0,9,17,17,3,7,16,4,0,15,19,9
1329,11,13,19,16,18,1,14,14,0,12,18,11,3,18,2,2,11,1,5,9
1330,12,4,0,15,18,6,12,10,2,8,16,7,16,17,11,17,13,16,6,10
1331,7,6,11,0,7,12,13,17,10,18,18,15,13,19,0,14,9,6,9,14
1332,8,2,6,7,10,10,0,13,1,17,5,15,9,12,11,8,16,3,4,11
1333,17,9,13,16,11,19,10,4,3,6,8,7,9,10,16,14,15,10,0,15
1334,15,17,8,14,7,12,8,14,16,16,15,1,15,12,16,17,4,17,7,3
1335,5,11,3,3,5,16,11,1,14,2,10,13,16,5,7,7,0,12,7,6
1336,6,7,11,13,2,13,10,3,15,16,1,0,13,11,16,7,8,8,14,8
1337,14,1,16,17,18,0,3,7,17,9,7,13,19,19,14,0,6,17,10,4
1338,12,19,12,1,10,0,3,16,0,17,2,19,13,7,8,9,13,18,4,6
1339,3,10,7,10,8,4,16,19,0,10,13,13,18,1,14,12,0,15,14,12
1340,2,2,2,5,4,9,2,6,8,12,0,18,3,9,19,2,10,16,5,8
1341,8,15,1,4,6,7,14,13,16,2,14,11,1,18,18,8,3,11,13,16
1342,17,13,12,11,3,0,11,12,12,1,17,1,18,6,19,4,18,1,8,9
1343,18,1,16,9,3,12,3,7,8,0,14,10,5,6,15,15,3,15,11,17
1344,17,11,1,9,10,6,4,17,17,5,9,2,13,16,10,10,9,16,4,1
1345,8,17,10,17,5,14,16,4,15,14,7,10,9,5,2,18,6,9,15,7
1346,10,10,3,14,10,1,11,7,6,14,14,4,7,12,9,15,12,9,2,9
1347,3,11,3,9,15,12,14,5,17,2,16,18,5,14,18,15,0,2,12,7
1348,18,6,0,8,2,19,12,14,17,4,18,9,0,18,18,15,11,13,13,0
1349,10,8,4,4,4,5,2,5,5,3,13,16,19,1,1,19,19,1,9,3
1350,17,15,14,3,4,0,8,16,5,8,19,15,14,10,8,10,15,19,19,4
1351,9,12,2,6,8,4,10,19,7,10,15,7,11,11,5,1,14,1,13,6
1352,8,7,16,0,1,19,2,12,7,4,3,9,18,18,8,6,12,3,3,0
1353,19,17,12,2,18,3,11,12,15,11,13,18,17,9,12,10,4,19,4,0
1354,17,1,11,13,1,6,10,7,18,14,1,9,6,11,3,14,1,0,19,15
1355,16,12,4,17,15,2,8,14,5,18,14,6,6,10,12,10,1,10,3,18
1356,18,5,11,8,3,18,7,0,18,9,7,9,15,7,13,2,7,13,8,10
1357,8,7,12,16,8,0,10,1,2,16,9,6,10,4,7,19,17,5,5,8
1358,3,2,10,14,8,12,8,13,8,16,3,17,10,11,4,2,4,1,4,3
1359,13,16,14,1,4,1,5,17,17,5,19,13,8,9,8,19,16,9,19,10
1360,3,10,13,6,19,7,17,3,15,9,16,18,7,3,3,8,13,16,15,13
1361,16,3,19,8,19,7,9,16,13,6,13,13,13,19,6,2,5,7,19,9
1362,8,2,8,14,17,10,0,1,9,18,2,11,18,4,13,1,11,10,0,11
1363,0,1,2,17,14,5,18,12,17,8,6,16,14,9,7,19,16,7,6,8
1364,3,19,1,19,3,8,6,16,10,8,12,15,10,8,13,0,2,16,8,4
1365,14,5,19,14,9,10,6,6,8,12,4,2,12,14,12,16,8,13,17,19
1366,0,4,17,14,1,5,15,1,5,13,1,8,12,19,7,16,8,13,1,1
1367,2,3,19,18,13,1,8,10,13,18,7,6,14,2,13,13,0,5,18,9
1368,5,10,11,3,14,19,18,13,2,9,4,6,7,19,5,13,7,10,4,18
1369,10,1,7,6,14,6,5,11,4,15,2,17,12,18,9,14,12,15,16,14
1370,12,14,9,0,4,7,8,5,9,19,11,15,14,17,13,4,3,19,11,0
1371,7,14,9,8,19,11,8,15,14,2,14,2,4,1,17,12,19,19,6,1
1372,0,12,16,5,8,16,3,2,0,4,19,17,4,0,2,2,7,15,6,11
1373,8,19,0,3,16,8,18,18,18,7,17,3,2,14,8,4,3,8,16,15
1374,0,0,11,0,11,15,7,9,10,4,18,12,12,18,13,5,16,19,1,4
1375,8,5,1,13,4,8,18,16,13,10,9,9,3,11,4,14,11,12,8,10
1376,14,1,14,3,9,15,3,4,8,19,5,10,0,7,14,13,0,14,4,13
1377,15,0,8,10,18,13,4,15,6,7,12,4,11,13,17,4,13,19,6,8
1378,13,11,4,4,5,5,12,3,3,13,7,1,8,9,14,13,9,7,4,16
1379,14,18,8,11,10,6,6,17,13,3,0,7,12,19,8,17,12,8,0,8
1380,14,16,14,15,4,2,13,1,2,16,6,14,14,16,8,8,5,16,10,10
1381,13,12,18,19,14,3,2,3,0,13,17,9,16,11,0,0,6,17,13,13
1382,18,18,1,17,12,16,12,16,0,17,19,5,5,8,13,8,18,1,17,12
1383,2,1,7,19,5,19,15,7,8,12,11,16,16,18,18,8,2,9,8,16
1384,13,11,7,17,5,12,16,2,18,13,7,7,14,14,8,6,10,5,17,17
1385,13,6,7,14,6,8,4,16,2,5,8,19,4,10,10,10,17,12,6,6
1386,19,4,9,8,14,13,0,2,13,5,4,11,3,8,12,13,2,6,11,6
1387,19,17,19,3,0,13,13,8,14,5,18,3,4,2,1,16,3,12,8,12
1388,1,9,10,17,5,19,18,17,1,0,4,1,15,0,18,6,4,0,3,9
1389,13,11,4,17,10,0,0,2,3,16,13,12,16,18,9,9,1,14,0,7
1390,8,19,15,19,1,16,8,13,0,18,8,2,0,2,9,12,11,11,6,8
1391,6,0,6,18,15,18,16,13,10,11,11,0,17,0,16,12,15,0,16,5
1392,17,4,4,9,12,10,10,3,8,18,5,17,9,4,11,5,6,0,0,8
1393,14,2,13,0,18,9,10,0,6,12,8,10,1,9,0,1,4,5,0,2
1394,10,3,18,16,18,13,8,3,15,10,6,10,7,9,8,17,15,11,19,18
1395,0,4,10,4,2,2,16,11,2,15,0,8,15,6,18,1,8,16,12,2
1396,17,11,17,8,8,6,16,3,19,0,2,1,8,15,15,12,0,9,7,11
1397,3,2,16,6,11,13,8,0,19,13,17,6,12,15,6,6,8,18,3,6
1398,14,9,5,19,3,8,9,12,8,9,0,16,15,14,8,15,10,17,14,19
1399,17,8,13,16,6,11,17,10,0,9,1,2,18,12,18,13,12,0,2,10
1400,0,19,3,15,17,8,2,6,8,11,12,13,0,4,16,5,10,12,12,16
1401,1,13,14,0,8,11,13,8,0,12,15,14,12,2,13,6,16,19,1,7
1402,3,5,15,4,16,2,5,2,6,7,0,14,6,11,18,0,14,18,4,19
1403,4,12,19,6,12,18,6,8,16,4,0,1,2,15,17,17,0,12,17,6
1404,18,15,4,7,4,0,17,12,11,5,9,19,5,9,17,12,0,2,10,9
1405,18,3,10,1,12,18,13,5,16,11,8,11,13,8,5,17,4,17,9,3
1406,19,2,13,6,7,12,1,19,4,0,13,17,13,4,10,0,6,11,11,12
1407,15,9,2,9,17,11,7,7,7,15,9,1,10,7,5,11,12,0,1,13
1408,13,13,15,0,2,17,19,12,7,6,0,4,4,14,13,9,11,19,15,2
1409,9,0,9,14,10,18,1,1,11,0,14,5,15,4,18,19,9,8,7,18
1410,7,17,19,2,14,5,2,14,1,12,15,13,19,14,9,14,13,2,18,2
1411,12,14,13,14,19,18,12,7,11,14,6,15,14,9,12,4,5,14,3,18
1412,12,19,10,10,19,7,19,5,11,14,14,7,16,17,15,5,10,14,5,14
1413,16,15,0,15,15,13,12,11,9,2,10,4,15,1,18,17,6,6,17,2
1414,4,14,12,15,18,15,5,2,12,2,9,13,7,14,17,9,6,14,10,17
1415,13,9,12,2,4,10,5,1,9,12,6,4,19,2,18,10,15,18,0,15
1416,0,14,19,13,12,2,4,7,14,18,19,19,14,2,1,18,4,7,5,7
1417,10,4,5,17,1,16,8,15,8,6,13,6,3,1,7,3,18,11,17,8
1418,10,2,13,17,3,17,6,4,3,10,2,6,5,7,19,8,13,16,16,18
1419,4,6,18,18,4,13,5,2,7,18,6,3,17,16,10,17,9,18,6,19
1420,13,1,9,15,14,19,1,12,7,7,17,10,14,19,10,19,5,2,8,19
1421,2,8,16,19,16,10,14,17,12,7,12,19,19,14,1,2,9,4,8,2
1422,19,15,5,1,4,9,19,3,18,2,5,3,4,15,7,9,12,10,2,10
1423,2,8,14,13,18,18,16,18,6,0,4,0,0,17,15,10,11,14,15,5
1424,3,15,15,5,3,1,14,0,9,7,4,11,9,16,13,5,4,6,0,10
1425,9,6,7,3,12,17,1,17,2,8,16,0,7,18,5,1,11,16,19,12
1426,18,13,9,6,8,10,3,16,8,14,16,13,16,13,9,10,15,12,7,6
1427,16,1,11,16,10,1,18,4,14,0,16,18,5,1,16,7,14,11,14,7
1428,3,4,7,13,10,0,6,12,5,11,0,7,1,1,12,3,17,16,5,6
1429,13,5,9,16,12,15,16,14,4,18,15,9,3,15,17,18,8,1,16,17
1430,10,19,10,18,18,7,5,14,10,14,15,11,14,4,8,2,2,4,14,0
1431,17,19,4,15,9,12,10,0,13,14,6,5,5,7,6,18,5,6,19,15
1432,8,10,10,8,8,17,0,16,11,8,6,16,16,1,6,6,6,2,5,14
1433,12,18,4,1,13,11,14,14,1,1,8,8,19,10,9,14,16,10,15,17
1434,1,16,14,10,0,4,1,8,0,2,13,4,6,10,5,18,4,5,16,13
1435,10,9,2,2,18,12,17,2,19,8,8,12,16,0,18,2,1,16,18,7
1436,19,9,2,7,4,4,3,10,11,3,18,1,16,5,0,10,17,8,10,9
1437,12,17,2,5,11,5,2,7,13,19,10,18,13,11,8,0,16,2,7,11
1438,4,1,7,14,1,5,0,12,6,8,15,13,8,1,9,0,11,3,8,16
1439,14,14,7,18,14,14,4,5,4,11,14,19,15,11,10,14,5,5,4,13
1440,9,6,12,6,10,4,17,0,0,10,9,8,19,15,19,11,19,0,6,12
1441,16,2,16,3,1,16,7,0,6,3,7,6,5,8,9,4,9,5,6,8
1442,7,9,3,8,11,5,11,9,18,12,5,15,19,18,12,16,15,13,6,4
1443,6,3,19,8,11,6,0,17,3,1,0,4,13,18,0,10,3,2,3,14
1444,7,16,7,4,2,16,9,2,9,10,6,2,16,10,8,8,16,4,10,11
1445,14,4,19,2,10,3,8,18,1,7,10,8,2,18,2,7,11,3,17,4
1446,5,12,8,6,17,10,5,15,12,2,5,12,8,4,13,10,2,0,7,3
1447,17,2,7,1,6,15,11,8,9,12,10,7,6,17,1,4,0,7,11,9
1448,0,14,16,13,1,13,16,0,3,15,1,8,12,12,6,19,6,16,9,1
1449,16,19,4,16,0,19,15,16,13,9,5,12,11,6,10,7,2,3,16,17
1450,9,15,3,14,6,8,16,15,9,13,15,14,13,17,5,0,13,2,12,17
1451,17,12,17,9,15,3,16,0,0,14,5,2,2,12,10,18,4,11,13,8
1452,13,7,3,8,10,4,14,12,7,18,10,1,19,15,14,9,7,10,19,0
1453,11,16,15,9,14,2,6,4,10,13,10,1,7,12,0,18,5,1,4,2
1454,13,0,4,3,5,10,16,2,13,1,4,15,0,5,18,1,7,16,0,9
1455,3,15,11,14,0,5,7,12,7,6,8,0,19,3,12,16,9,18,11,10
1456,13,19,1,6,0,19,16,13,2,4,6,1,12,17,9,13,16,0,5,12
1457,9,8,17,17,0,11,17,4,11,2,1,3,12,13,8,6,7,13,12,9
1458,1,3,15,0,3,16,18,5,12,2,18,1,16,0,4,0,1,7,0,12
1459,4,13,19,9,7,6,1,13,17,14,6,19,17,7,17,13,3,15,15,18
1460,3,5,3,14,7,19,3,1,14,9,1,5,15,7,15,3,14,8,12,8
1461,11,19,2,7,18,0,8,6,8,9,16,7,2,1,19,15,10,18,10,1
1462,18,10,19,5,8,5,12,16,12,7,6,10,19,3,5,0,10,1,10,19
1463,4,14,2,11,7,0,7,9,12,5,13,10,16,19,19,15,17,9,11,16
1464,8,6,16,13,14,15,0,12,11,3,10,1,5,15,12,2,15,1,14,15
1465,3,0,10,14,16,7,15,11,12,16,11,6,2,6,13,16,2,10,8,7
1466,12,14,0,18,3,11,14,7,5,9,9,15,4,1,10,7,15,7,9,3
1467,12,14,2,6,12,14,3,13,15,15,1,15,0,15,6,10,16,5,2,4
1468,6,13,8,0,5,0,15,1,17,1,15,11,8,7,5,2,9,5,12,18
1469,7,1,12,10,8,18,10,4,17,0,11,16,12,3,0,5,7,2,9,17
1470,7,15,19,16,9,1,15,19,18,14,3,4,15,6,10,13,18,1,2,1
1471,9,18,5,8,6,11,19,12,10,7,14,15,9,16,18,17,0,7,11,14
1472,17,13,7,17,14,16,17,10,9,17,19,1,8,14,0,8,1,10,5,8
1473,9,14,5,6,13,2,12,6,15,4,10,15,5,14,2,8,12,11,19,18
1474,4,6,0,2,3,18,15,11,6,19,9,19,15,18,14,2,9,8,17,2
1475,11,19,9,8,0,6,8,8,5,5,11,5,13,9,12,9,14,13,9,15
1476,15,15,15,5,19,17,19,11,17,10,7,14,1,7,13,10,1,10,18,8
1477,7,18,19,0,14,4,3,13,2,3,11,16,19,13,1,5,14,1,7,6
1478,14,11,5,13,7,11,12,0,0,1,0,13,19,4,7,7,5,3,18,7
1479,10,19,11,1,7,9,8,8,14,11,1,18,6,17,19,16,5,2,10,5
1480,6,17,4,2,18,12,1,10,2,8,4,9,9,18,2,12,16,3,11,2
1481,17,15,14,1,11,0,2,10,19,17,0,18,9,7,19,7,8,15,15,1
1482,10,3,15,0,13,1,9,17,4,17,7,1,19,2,7,12,8,10,0,8
1483,16,1,8,17,3,5,3,12,10,16,13,17,7,3,6,10,8,17,5,14
1484,7,4,3,11,6,14,10,13,19,7,4,9,10,7,13,10,17,9,19,17
1485,2,9,10,18,1,14,6,5,11,0,2,18,7,16,11,11,1,13,4,17
1486,5,7,3,0,4,10,17,9,16,11,4,12,1,13,8,19,15,10,9,0
1487,6,14,12,11,11,0,13,14,7,12,3,3,18,11,9,9,7,6,10,2
1488,1,10,8,19,5,17,6,6,8,14,5,17,8,18,14,14,5,16,5,5
1489,17,18,13,10,12,3,18,7,9,13,12,13,9,4,12,15,4,12,13,3
1490,6,14,11,1,1,8,11,11,15,13,1,2,1,4,18,13,9,11,19,9
1491,17,16,9,19,4,10,2,16,4,12,7,10,9,5,10,13,8,1,9,10
1492,1,10,18,10,5,3,9,2,6,7,13,5,3,7,14,7,7,15,11,13
1493,16,9,9,16,9,10,11,13,0,16,12,14,17,18,4,4,8,8,8,1
1494,17,10,13,4,6,7,11,19,1,18,9,17,6,12,6,19,9,4,4,2
1495,2,2,4,8,1,12,16,18,11,8,6,2,10,0,2,4,3,19,10,15
1496,16,19,18,14,11,1,13,10,18,16,9,17,2,5,6,17,10,17,3,10
1497,10,14,8,17,10,9,1,1,3,8,15,18,6,19,0,13,17,5,12,12
1498,10,19,12,11,13,3,18,14,17,17,8,9,5,5,15,19,7,17,11,11
1499,17,8,19,7,16,7,13,16,5,1,3,12,9,3,4,16,0,9,5,10
1500,15,10,9,7,6,7,2,8,0,15,5,17,15,12,17,16,15,7,0,0
1501,19,4,4,1,17,16,7,7,6,8,10,15,5,14,1,1,4,2,3,11
1502,17,1,18,4,18,4,17,5,12,2,12,14,15,16,5,18,16,7,5,13
1503,3,2,14,13,4,3,0,16,12,11,19,9,16,5,3,10,15,19,4,0
1504,16,19,8,2,6,3,14,11,16,3,19,2,4,4,17,11,13,4,7,0
1505,1,1,10,8,19,2,0,8,2,2,6,16,4,0,6,16,5,0,9,13
1506,2,17,14,7,2,18,7,19,1,13,18,17,18,7,14,12,17,19,15,0
1507,12,14,7,4,17,7,1,9,19,14,13,15,11,11,9,18,7,7,0,11
1508,4,11,2,15,15,12,7,5,8,10,3,3,18,6,0,18,10,5,14,15
1509,12,19,10,17,8,14,5,7,9,10,18,5,16,0,18,18,19,19,10,4
1510,3,15,15,2,2,4,4,19,13,6,11,6,15,13,16,19,18,12,3,13
1511,17,13,14,12,15,11,7,10,10,8,18,18,7,8,6,10,5,1,7,5
1512,6,3,4,10,1,11,17,4,5,2,18,9,2,13,6,0,6,5,19,4
1513,8,7,1,16,4,15,1,8,7,10,7,5,16,0,0,14,0,16,19,2
1514,15,17,4,13,15,9,6,17,3,19,12,17,3,16,13,9,15,4,19,9
1515,3,2,0,11,16,0,19,8,17,11,19,13,18,3,1,1,11,9,8,17
1516,10,7,14,7,3,11,11,16,13,8,17,0,6,2,18,15,5,4,7,4
1517,16,19,3,1,4,18,17,5,6,8,6,18,0,16,17,15,13,14,16,13
1518,9,1,14,3,15,18,9,1,9,13,9,19,11,9,0,5,12,3,4,17
1519,12,2,10,5,10,15,4,15,2,7,15,18,19,1,5,16,2,7,4,1
1520,16,7,7,5,17,16,12,10,17,19,9,7,19,6,0,11,13,4,12,4
1521,7,0,7,0,8,14,19,3,15,9,5,1,0,5,19,8,18,6,16,17
1522,11,7,8,3,14,19,7,13,12,12,16,6,11,0,6,12,16,6,1,2
1523,6,1,4,2,13,15,17,19,11,19,4,0,16,11,6,5,1,12,0,14
1524,11,8,2,13,9,1,10,15,16,11,5,9,7,10,3,1,3,3,18,8
1525,2,8,19,2,12,11,4,12,4,1,0,8,11,17,4,19,8,17,14,1
1526,3,15,2,12,10,10,17,13,19,3,15,2,4,15,4,16,7,4,9,0
1527,16,3,5,6,11,18,9,9,15,4,6,1,5,3,6,4,16,7,1,5
1528,3,14,7,19,0,6,8,5,7,3,10,12,13,13,3,18,2,11,4,14
1529,11,14,16,18,0,15,12,17,16,4,15,14,9,6,17,5,16,16,19,18
1530,10,3,4,1,18,8,11,11,14,18,2,13,9,10,14,1,16,17,8,13
1531,5,12,6,7,11,10,17,9,14,12,18,18,19,14,12,19,4,3,1,0
1532,2,14,19,12,9,1,9,11,10,19,17,3,19,1,0,16,9,8,17,2
1533,12,17,15,9,15,1,7,18,0,14,12,11,9,19,8,6,10,15,2,14
1534,12,18,8,8,11,2,5,5,15,19,12,14,16,3,2,12,4,2,12,7
1535,11,2,5,16,19,19,11,11,17,15,19,2,13,0,5,17,16,16,0,10
1536,1,17,16,10,17,2,0,12,12,6,4,15,8,8,8,0,10,18,12,16
1537,16,6,19,19,19,6,2,14,1,3,11,16,10,0,5,4,8,19,3,17
1538,5,17,19,12,14,1,9,3,8,10,2,7,0,6,0,13,6,12,7,3
1539,17,7,3,16,2,8,17,6,19,8,4,2,4,4,16,5,2,17,18,4
1540,0,9,16,9,13,17,12,11,18,19,12,12,14,4,15,17,16,3,3,10
1541,5,10,13,11,14,19,18,3,15,14,17,2,4,16,1,1,1,10,5,4
1542,13,5,1,18,19,2,18,2,3,16,13,7,0,3,3,1,0,7,9,16
1543,19,7,10,16,14,19,19,7,14,12,16,19,5,0,5,0,13,9,6,3
1544,13,7,15,9,6,5,1,0,17,14,5,13,8,18,0,1,15,5,8,3
1545,12,16,13,16,16,12,17,3,19,12,9,1,13,10,0,0,19,14,0,13
1546,0,5,10,11,16,19,16,5,17,7,15,15,10,12,13,3,6,4,10,0
1547,18,0,18,3,15,5,12,7,19,19,3,11,9,18,13,19,16,9,4,18
1548,18,7,14,5,2,2,0,14,8,19,19,13,6,6,5,14,6,18,1,6
1549,3,3,9,7,10,14,2,18,7,7,4,11,17,6,10,8,15,15,4,9
1550,8,2,16,3,16,12,10,7,2,12,15,3,12,1,7,5,6,14,4,8
1551,16,9,16,14,0,19,9,2,3,3,1,9,8,13,3,19,7,19,13,12
1552,10,4,14,3,19,0,15,1,6,4,2,8,8,3,15,16,11,15,1,17
1553,14,0,12,2,18,14,17,10,17,17,6,19,0,7,8,16,13,17,1,10
1554,0,17,2,0,13,10,14,4,14,4,19,13,11,0,14,11,13,19,13,7
1555,10,16,11,2,19,16,14,5,15,1,9,9,0,2,8,4,4,16,1,4
1556,16,7,7,10,0,0,7,4,6,13,10,14,4,19,15,15,17,15,2,19
1557,17,0,17,14,4,18,18,0,19,12,12,7,15,16,19,4,6,8,9,10
1558,7,11,19,4,6,14,10,4,5,16,15,6,14,5,3,8,9,2,19,2
1559,19,17,3,2,1,4,16,16,0,2,8,11,4,9,15,14,5,16,15,8
1560,3,15,13,2,3,8,7,13,8,8,14,12,13,0,19,7,18,14,19,4
1561,11,16,3,10,1,8,9,2,9,13,11,13,12,7,4,14,3,17,10,11
1562,11,14,5,9,17,15,10,13,18,5,11,2,7,15,8,15,7,10,19,5
1563,8,15,6,15,3,10,3,12,13,2,10,19,19,0,18,17,7,19,16,8
1564,11,7,8,8,17,7,8,7,10,16,5,2,0,0,11,5,2,4,14,14
1565,0,10,10,14,10,16,0,18,14,6,11,5,11,2,12,12,7,14,18,13
1566,19,17,11,3,4,9,14,1,0,18,11,12,0,2,1,17,7,9,18,10
1567,14,14,0,18,1,17,14,7,15,9,10,14,13,1,9,7,16,7,11,4
1568,1,6,13,15,16,10,17,2,5,6,0,3,9,12,11,8,19,4,15,13
1569,8,15,14,11,0,13,6,16,15,17,3,3,19,14,0,3,13,8,8,15
1570,11,17,16,12,15,19,13,1,0,6,14,14,18,8,5,16,9,11,2,4
1571,8,10,17,3,15,10,19,0,3,11,11,18,17,14,7,10,13,10,6,1
1572,3,16,10,16,14,16,4,18,13,11,8,2,19,9,9,14,7,4,1,8
1573,15,13,1,4,13,14,10,0,12,13,15,2,8,19,5,14,11,4,15,9
1574,14,14,8,7,6,8,6,3,16,4,1,19,8,19,13,13,0,9,7,11
1575,18,3,0,13,11,17,3,12,9,15,2,6,2,17,5,4,14,0,13,16
1576,8,2,14,5,0,0,18,17,18,5,13,9,7,14,6,14,8,6,13,8
1577,6,12,2,3,15,1,1,18,17,9,10,10,10,16,15,18,10,8,19,8
1578,6,13,2,19,2,15,2,15,0,17,9,15,4,17,15,11,4,18,4,7
1579,8,0,13,7,0,3,10,16,1,0,6,6,15,3,17,16,1,5,19,12
1580,17,0,5,19,6,13,11,7,9,9,4,2,8,9,14,8,12,6,11,9
1581,11,8,5,17,2,19,18,8,1,2,6,2,1,1,12,2,17,5,10,13
1582,6,10,14,0,14,0,17,8,6,18,18,5,19,9,6,17,16,15,15,6
1583,3,6,14,3,3,2,15,9,0,15,11,13,7,9,3,15,5,0,12,10
1584,16,13,18,13,1,10,5,0,17,13,6,0,9,17,10,10,10,5,3,5
1585,0,1,8,16,17,17,16,1,18,1,6,16,8,7,12,6,0,1,15,15
1586,7,5,19,11,2,9,16,12,15,3,6,0,6,8,5,5,13,4,8,19
1587,7,18,19,19,12,7,16,1,17,1,17,12,15,10,15,11,19,12,5,14
1588,13,18,9,0,18,13,7,3,19,1,8,12,1,7,18,7,4,15,12,13
1589,17,19,10,2,3,6,19,5,9,14,5,19,8,17,2,13,13,14,15,4
1590,8,7,15,7,0,10,3,15,16,9,9,1,12,6,1,19,12,1,8,17
1591,1,13,0,7,11,7,8,15,8,4,13,9,17,1,18,10,12,8,3,2
1592,7,7,2,13,6,5,14,6,2,19,14,13,19,11,6,10,11,16,0,14
1593,11,3,19,13,1,17,11,3,10,2,7,11,15,4,19,7,14,0,11,13
1594,2,9,13,1,14,11,5,10,8,17,13,12,11,6,12,5,3,3,15,8
1595,8,9,17,3,10,1,1,0,2,18,19,12,19,13,0,0,18,18,10,0
1596,10,0,10,3,12,2,10,14,14,17,14,3,17,18,4,19,16,15,10,6
1597,5,11,8,11,1,2,0,5,15,18,6,3,1,16,13,7,17,0,6,2
1598,18,16,18,14,19,12,19,1,5,7,0,10,13,4,17,5,14,18,19,1
1599,5,19,8,18,12,5,7,2,4,16,2,5,0,17,3,14,16,0,7,12
1600,6,19,6,10,12,7,18,15,13,7,7,7,1,14,15,6,11,7,14,15
1601,18,18,10,9,16,2,12,14,12,9,9,19,18,13,7,18,2,3,17,18
1602,7,17,8,7,1,4,0,7,19,0,8,8,11,0,10,14,6,17,5,1
1603,0,13,4,3,1,3,11,14,13,17,14,13,3,11,4,6,8,15,11,15
1604,3,16,19,1,7,19,10,15,4,13,8,0,16,3,15,16,5,14,3,3
1605,9,8,7,15,16,12,10,2,4,19,8,13,5,14,17,11,9,0,18,10
1606,15,18,17,8,14,13,10,8,13,5,2,3,1,2,18,18,12,8,16,17
1607,4,15,15,0,13,7,2,1,10,16,10,1,18,14,8,3,10,4,5,0
1608,11,8,7,0,13,10,16,11,9,19,17,3,5,1,13,13,6,3,16,16
1609,1,7,5,10,11,3,7,1,3,3,17,1,19,9,1,6,10,5,9,1
1610,6,18,1,14,3,2,4,19,3,18,12,18,10,18,13,6,5,1,2,11
1611,2,18,19,8,2,8,10,18,0,18,19,16,1,19,9,17,18,10,1,15
1612,3,17,3,17,19,1,10,12,5,3,13,11,17,17,19,19,7,10,12,2
1613,17,18,2,18,14,11,17,17,15,2,3,15,9,18,8,7,3,14,15,4
1614,0,10,18,17,6,16,3,11,4,17,19,17,2,0,17,3,0,10,13,5
1615,4,15,11,6,2,13,16,8,6,9,11,6,12,7,4,12,1,19,1,16
1616,14,0,9,10,6,1,11,4,4,16,7,16,12,8,5,3,14,5,1,7
1617,16,7,8,4,12,5,11,19,7,16,14,7,3,18,1,7,12,1,10,18
1618,16,1,6,11,12,7,13,10,9,19,5,1,2,15,16,6,7,13,16,7
1619,4,10,3,1,12,15,2,19,2,15,11,4,4,8,2,12,9,4,6,19
1620,3,6,9,5,14,17,10,6,16,3,16,19,0,15,11,3,4,18,12,1
1621,6,18,19,17,18,13,10,6,0,10,6,10,7,6,3,5,4,6,1,2
1622,19,19,3,14,18,4,5,1,0,15,16,10,11,4,12,2,6,2,13,6
1623,2,6,18,2,2,12,14,15,0,19,19,14,13,12,8,2,11,13,7,0
1624,10,15,11,19,1,3,7,13,0,19,18,15,7,12,8,12,9,17,16,8
1625,3,14,1,9,15,0,3,1,13,18,3,12,8,7,7,15,0,2,11,1
1626,3,7,6,16,7,1,17,7,11,4,5,3,4,13,4,5,11,0,4,16
1627,1,1,10,19,3,13,3,17,9,0,18,4,11,11,2,16,1,18,4,13
1628,8,12,13,19,11,15,1,7,11,15,7,15,19,10,17,9,18,18,13,15
1629,18,9,19,8,7,10,15,2,15,13,16,13,2,10,5,18,5,17,15,18
1630,5,5,13,0,8,10,0,18,17,15,9,2,5,12,5,13,11,11,7,15
1631,6,8,19,18,8,8,3,2,2,2,13,1,0,7,6,4,0,12,6,4
1632,1,9,12,19,9,10,9,4,9,0,15,17,14,18,17,2,17,5,19,18
1633,13,18,4,19,2,13,10,15,11,15,7,13,18,3,15,16,14,3,15,10
1634,3,8,0,13,6,4,0,13,2,19,19,1,14,1,16,0,5,19,5,8
1635,18,7,11,10,11,14,1,3,17,4,7,16,11,1,12,1,0,8,8,0
1636,8,4,19,7,17,7,9,12,18,17,4,3,14,18,2,16,17,3,9,2
1637,7,11,5,8,8,16,15,16,13,10,18,18,8,11,9,15,16,9,1,8
1638,13,12,7,13,3,9,7,14,6,14,14,6,16,19,8,13,17,16,16,7
1639,18,1,2,18,0,16,3,18,13,1,17,19,19,3,11,8,3,19,15,5
1640,5,0,11,13,5,18,3,0,6,10,13,17,19,7,14,6,12,15,17,0
1641,3,14,13,11,1,11,8,19,2,8,2,15,4,17,8,2,4,0,14,8
1642,17,9,15,14,19,19,8,5,5,15,7,1,12,0,7,14,11,4,16,13
1643,11,13,8,13,2,16,0,7,13,16,11,12,13,8,13,19,4,15,19,12
1644,18,9,13,3,6,9,12,19,7,7,3,2,4,12,18,15,17,4,11,7
1645,11,12,10,19,3,13,7,1,10,6,18,8,3,17,3,7,1,19,12,6
1646,19,15,11,5,14,5,1,18,13,2,14,14,2,1,13,19,19,14,5,12
1647,0,4,16,15,5,13,3,0,3,7,8,18,1,13,1,19,13,13,0,12
1648,10,10,17,3,0,7,6,3,2,7,8,0,0,19,1,1,19,8,7,11
1649,11,11,12,13,12,18,2,2,0,7,12,19,1,18,9,8,6,19,12,4
1650,18,12,9,17,13,13,19,6,10,2,15,11,3,2,6,18,19,14,13,19
1651,19,16,8,15,12,5,9,2,16,10,14,7,13,18,9,11,15,8,4,3
1652,15,0,13,5,14,4,11,10,19,19,7,8,11,7,17,3,0,15,8,10
1653,11,13,5,1,13,11,6,8,9,16,14,15,12,5,9,10,18,4,0,11
1654,14,13,10,0,6,19,14,6,14,10,14,8,7,12,2,10,5,17,17,5
1655,14,14,10,11,0,8,13,19,15,2,2,0,9,0,18,16,10,11,2,0
1656,18,10,11,6,5,4,5,12,6,2,0,0,17,6,3,5,0,0,10,10
1657,14,15,19,18,0,6,13,15,6,12,16,0,4,5,4,8,6,19,3,11
1658,16,3,6,13,19,18,17,18,7,15,9,11,3,3,2,17,0,18,10,1
1659,17,16,2,18,3,5,19,17,7,14,11,14,4,10,11,15,6,8,19,12
1660,7,16,1,14,6,8,14,0,16,5,14,2,15,9,3,12,5,9,8,11
1661,1,1,8,1,7,1,3,9,7,13,13,1,8,3,0,0,14,1,15,15
1662,3,12,4,19,2,10,8,13,0,13,11,18,13,16,17,9,9,0,15,14
1663,10,12,8,3,3,17,0,10,18,16,19,19,19,15,11,2,9,9,18,13
1664,18,8,9,11,19,16,17,18,8,12,19,11,1,5,19,17,2,5,17,6
1665,17,5,8,14,12,15,19,9,0,10,18,15,8,12,1,3,6,9,15,15
1666,11,13,17,3,8,14,10,10,5,2,3,0,5,9,12,0,2,8,2,1
1667,16,19,8,9,3,16,1,16,18,8,17,3,11,10,4,13,7,12,0,1
1668,13,16,19,8,17,4,7,4,14,16,4,9,3,19,13,11,1,8,19,10
1669,1,9,19,11,16,15,15,13,7,16,9,19,14,8,15,16,8,4,5,5
1670,8,18,10,5,14,16,19,2,17,0,12,19,14,16,10,17,18,4,12,13
1671,1,9,16,4,1,14,7,9,0,5,16,11,8,14,11,6,2,3,10,8
1672,10,12,1,9,2,2,16,19,0,18,15,2,18,12,2,10,3,5,9,8
1673,1,15,10,0,2,5,11,4,8,15,2,5,14,4,12,0,9,19,5,12
1674,5,18,13,10,11,6,3,9,12,7,3,15,2,5,9,19,6,10,7,9
1675,1,8,18,14,6,13,16,17,10,7,15,1,10,16,2,19,13,5,0,14
1676,17,0,0,11,16,5,4,14,12,3,6,16,18,8,6,15,4,11,8,9
1677,17,8,8,6,16,15,19,13,5,10,1,14,10,18,9,1,1,3,3,14
1678,17,12,19,7,1,8,10,13,19,7,2,16,11,4,1,17,0,1,0,3
1679,8,0,18,12,16,8,11,1,13,0,10,12,15,14,18,0,0,4,3,9
1680,15,12,5,11,5,15,8,16,19,13,2,3,10,10,11,4,5,12,15,16
1681,15,7,9,17,14,6,13,14,10,17,17,9,17,11,11,2,19,15,1,5
1682,18,7,17,14,15,1,10,0,3,11,15,15,12,18,1,14,18,17,17,10
1683,19,4,6,10,8,18,5,9,7,5,13,15,17,9,8,0,14,9,0,0
1684,19,16,6,2,18,1,13,6,8,13,15,17,10,2,7,10,9,16,2,8
1685,10,11,15,14,9,16,17,12,10,0,17,14,18,10,17,18,5,11,9,17
1686,8,16,8,19,10,3,14,18,3,15,11,9,19,17,8,19,0,11,3,4
1687,11,7,8,19,14,11,11,5,13,11,19,15,0,11,18,10,15,1,16,0
1688,18,2,8,0,18,6,4,19,5,14,2,6,1,6,2,12,4,1,4,8
1689,14,14,11,2,5,5,9,12,11,14,2,18,2,19,18,11,8,17,5,2
1690,5,18,3,4,3,3,14,15,10,7,18,16,18,19,15,7,13,6,12,9
1691,1,5,18,12,7,3,9,3,2,13,2,16,2,4,14,12,11,5,0,4
1692,2,2,0,10,9,13,15,11,19,14,4,3,9,12,10,1,8,9,16,12
1693,9,1,3,8,17,15,7,6,10,15,13,17,2,7,14,19,9,15,5,10
1694,1,14,16,11,7,6,4,10,18,14,3,15,16,0,4,2,8,18,16,1
1695,14,11,15,5,17,4,17,9,6,18,2,18,17,11,1,5,11,1,1,3
1696,13,17,2,10,11,13,8,11,17,12,2,12,6,14,14,11,1,1,14,16
1697,13,1,4,17,19,8,13,19,3,6,14,19,7,5,0,4,6,6,13,12
1698,11,8,2,5,14,9,5,8,15,1,12,18,0,5,13,0,8,1,2,2
1699,12,18,4,13,6,19,13,6,9,11,12,8,15,16,8,4,15,6,18,8
1700,4,16,15,1,1,16,7,1,5,2,15,14,19,14,12,14,14,12,12,6
1701,18,1,4,14,19,13,6,4,3,9,19,1,0,1,14,14,17,9,11,16
1702,17,17,4,17,7,3,11,12,11,1,6,5,12,14,6,1,5,0,10,0
1703,2,18,12,5,11,18,17,7,11,6,6,4,1,8,15,16,0,1,1,10
1704,18,14,10,4,18,3,7,7,14,9,12,2,15,15,16,1,9,16,13,16
1705,12,1,10,8,10,2,1,15,18,12,10,16,2,12,9,17,13,16,12,14
1706,18,19,15,10,0,14,14,1,6,7,4,17,17,12,18,8,5,9,6,14
1707,17,14,3,3,1,7,11,4,5,10,19,4,16,0,7,2,16,2,11,10
1708,5,3,15,8,10,6,8,3,18,8,10,1,18,12,7,14,14,10,9,13
1709,8,16,12,18,1,5,6,8,15,2,11,18,8,14,9,9,10,10,5,0
1710,4,10,13,18,17,8,19,18,14,4,13,10,0,1,6,16,18,11,6,18
1711,18,18,9,4,17,11,19,6,12,2,8,12,13,19,16,4,5,18,6,18
1712,2,8,1,11,3,15,11,13,8,4,3,16,19,16,13,6,8,12,10,11
1713,12,10,12,14,17,9,1,9,16,1,17,13,13,19,1,4,0,5,6,5
1714,2,10,18,10,17,13,16,11,2,7,2,2,10,15,1,0,1,5,1,10
1715,8,8,6,15,5,3,13,12,3,10,11,0,5,4,3,19,2,12,18,18
1716,3,11,4,17,12,13,11,15,17,1,13,3,16,5,18,14,0,12,9,19
1717,13,5,11,0,16,1,8,8,6,9,0,8,5,9,19,8,7,13,10,6
1718,1,17,1,15,11,14,1,18,8,12,9,2,19,0,16,19,16,5,0,5
1719,13,8,3,13,16,16,19,17,3,9,17,15,14,13,6,7,14,19,19,12
1720,6,18,0,2,2,15,19,2,2,12,8,2,6,2,17,6,0,6,15,6
1721,17,0,15,10,10,16,3,7,11,8,12,2,7,16,0,3,6,18,19,10
1722,9,3,1,1,5,15,0,0,17,8,12,0,16,6,0,12,4,8,14,17
1723,14,4,10,13,1,14,8,2,0,8,9,14,14,0,16,16,9,1,18,13
1724,6,12,17,3,2,2,16,3,19,0,16,11,13,0,9,19,2,0,7,10
1725,13,2,3,13,3,12,18,7,9,8,10,0,1,9,12,11,17,11,3,17
1726,17,2,13,14,8,9,9,1,10,9,12,13,16,7,4,5,17,17,14,11
1727,4,1,1,3,18,1,16,15,2,16,5,2,16,16,14,15,11,5,11,16
1728,19,17,19,18,16,4,0,10,19,12,7,5,13,1,18,10,14,1,6,8
1729,5,15,7,18,0,3,11,7,1,17,4,3,6,3,10,9,12,6,13,8
1730,6,17,12,17,18,15,6,18,6,10,8,12,7,18,14,19,0,9,3,1
1731,13,12,8,4,11,13,2,17,1,3,7,7,9,18,8,0,3,19,4,7
1732,18,3,13,5,3,9,0,5,12,3,9,19,11,3,7,2,15,3,15,4
1733,8,1,16,0,14,18,19,16,13,3,7,8,12,19,3,17,9,4,6,3
1734,1,3,10,8,9,10,8,8,7,11,13,19,3,13,8,16,17,1,3,11
1735,6,3,19,17,8,1,5,5,0,5,16,9,9,1,4,3,17,8,3,6
1736,10,2,5,13,7,19,2,5,7,6,9,8,8,1,11,11,1,9,14,4
1737,5,19,10,9,1,19,0,14,6,8,9,8,3,0,2,17,3,15,9,6
1738,11,4,13,7,8,8,16,8,2,10,16,19,10,14,18,10,12,7,0,14
1739,6,11,7,18,3,10,16,12,18,6,9,16,1,7,12,5,0,3,2,6
1740,9,1,15,15,12,13,17,13,3,17,2,13,17,5,14,3,2,7,8,18
1741,15,6,6,10,1,2,2,3,8,11,0,18,5,8,13,9,2,3,2,7
1742,4,4,4,5,9,3,13,8,11,7,19,0,17,1,19,14,2,10,14,2
1743,9,11,1,7,3,14,5,18,3,5,3,5,18,11,7,9,19,3,12,1
1744,13,9,9,16,2,11,11,7,19,1,0,5,4,8,19,14,16,19,13,5
1745,18,4,11,15,9,0,4,16,4,4,3,15,7,4,3,9,12,2,4,19
1746,7,6,15,18,4,11,13,0,12,16,17,1,19,0,15,0,19,7,2,18
1747,15,11,16,3,19,8,12,6,13,17,5,18,11,19,6,11,19,5,9,8
1748,19,9,1,1,6,4,16,9,1,9,4,16,11,11,7,11,6,3,5,5
1749,9,8,5,1,13,0,13,9,1,19,3,15,14,11,17,5,17,1,17,0
1750,14,16,16,6,18,14,13,11,5,4,11,2,12,0,6,12,16,3,9,2
1751,4,3,15,4,9,17,1,6,1,11,13,19,5,11,4,16,13,11,5,0
1752,17,3,10,0,10,4,15,9,13,18,7,8,1,6,12,1,4,17,16,14
1753,13,11,9,9,14,10,1,12,17,16,3,6,18,14,7,2,13,4,7,9
1754,10,5,18,13,6,16,17,13,18,12,13,9,12,14,11,19,18,16,4,2
1755,16,7,4,14,19,9,15,16,10,19,0,14,4,11,13,1,17,10,15,18
1756,9,12,18,9,17,10,17,5,17,12,13,17,2,11,14,17,4,7,11,15
1757,15,4,5,11,5,4,17,8,12,2,10,15,6,16,0,17,5,14,8,9
1758,11,10,2,7,16,17,5,11,9,16,5,12,16,2,6,3,14,2,13,13
1759,4,14,4,11,10,9,1,10,12,3,9,4,8,17,7,16,19,17,18,4
1760,9,4,12,17,0,2,3,1,19,3,1,4,11,11,5,12,16,9,4,8
1761,8,9,0,13,4,15,0,2,16,3,3,18,15,17,6,16,0,4,8,0
1762,5,16,4,10,10,14,16,14,7,19,4,4,0,0,7,5,8,3,2,1
1763,0,5,18,13,12,0,5,16,2,9,16,15,7,3,8,16,14,15,7,18
1764,3,0,11,14,7,9,13,9,15,19,7,11,1,2,10,4,7,8,6,13
1765,8,18,6,2,8,19,13,17,7,0,12,1,5,4,0,19,17,16,2,2
1766,8,8,18,5,10,11,15,3,0,9,1,3,7,10,3,5,13,4,5,3
1767,7,3,4,13,7,10,13,15,6,9,19,10,19,2,4,9,5,17,6,17
1768,12,13,18,11,15,9,19,6,14,3,16,11,2,9,7,5,12,4,10,12
1769,3,1,18,7,18,8,15,14,10,5,13,9,5,5,17,13,1,12,3,7
1770,13,4,7,15,3,19,7,16,8,8,5,6,3,12,17,4,9,2,0,19
1771,10,6,2,19,9,13,13,9,1,11,9,6,5,4,3,13,1,9,14,5
1772,1,3,19,1,14,17,3,13,8,0,7,4,18,9,5,7,0,3,2,4
1773,9,18,16,18,19,12,0,9,10,6,19,4,2,4,19,15,9,2,9,10
1774,13,8,2,9,16,8,3,19,6,17,19,6,15,19,12,6,15,14,15,11
1775,11,16,3,14,9,18,4,4,15,14,1,12,10,1,19,4,13,16,6,12
1776,18,7,3,2,11,0,8,3,12,14,17,7,10,5,5,7,3,13,5,9
1777,17,17,2,13,5,1,9,2,10,6,3,0,13,15,11,11,6,11,1,12
1778,2,15,19,2,9,1,6,4,3,12,13,1,18,13,13,15,8,5,9,10
1779,6,14,2,5,13,4,16,1,7,14,3,15,4,16,14,6,15,17,17,13
1780,18,6,16,3,19,3,1,18,3,1,16,3,17,16,4,3,5,17,8,15
1781,0,11,17,5,8,13,15,17,13,18,6,1,12,14,6,15,14,8,6,10
1782,10,1,17,3,13,18,11,3,0,0,16,13,0,13,0,13,13,17,0,15
1783,13,12,16,18,0,6,8,5,11,1,5,19,2,1,3,15,18,8,19,1
1784,3,0,8,6,11,2,14,0,13,16,0,18,2,7,19,15,6,3,1,11
1785,18,4,15,9,7,5,14,0,18,7,3,5,6,16,10,16,1,0,15,1
1786,17,17,11,5,14,19,16,7,6,6,12,8,10,18,5,0,9,17,19,17
1787,6,18,5,1,7,4,13,12,16,19,10,13,4,15,1,6,17,9,1,15
1788,12,7,8,0,13,5,12,7,13,18,2,7,6,7,15,7,11,11,18,3
1789,4,7,1,13,4,6,5,8,14,1,3,18,15,1,12,16,19,8,1,11
1790,5,0,17,17,17,17,15,8,6,12,3,4,19,16,9,16,15,16,18,19
1791,2,8,7,15,0,14,6,1,10,7,13,12,9,2,18,1,4,2,13,13
1792,12,8,4,2,16,14,3,13,18,18,1,6,8,3,11,10,8,6,10,15
1793,6,8,7,18,15,0,8,7,8,7,0,0,2,10,5,1,18,5,14,11
1794,12,7,12,1,10,18,16,8,14,12,6,12,3,10,9,14,18,0,18,4
1795,12,4,9,12,15,8,18,0,18,7,17,8,5,2,6,0,3,5,15,19
1796,7,19,15,2,8,15,19,12,6,15,1,9,11,0,0,16,11,15,15,12
1797,4,13,1,10,16,2,2,16,18,8,17,0,18,1,10,2,19,9,19,1
1798,8,17,15,14,8,10,4,1,11,10,2,2,2,14,2,9,0,13,12,3
1799,2,5,6,13,4,2,8,8,9,6,0,19,18,12,17,14,10,13,14,8
1800,15,18,18,15,13,6,19,1,19,15,4,13,0,16,4,0,11,17,6,17
1801,0,0,18,4,4,9,2,5,11,0,1,5,10,14,13,0,8,17,8,6
1802,5,8,1,8,19,2,11,1,9,3,2,9,15,4,16,16,18,4,9,2
1803,1,13,4,18,5,5,4,3,15,15,13,15,2,0,4,18,2,0,2,17
1804,5,16,1,6,3,16,9,10,5,5,2,15,3,8,13,6,12,8,4,11
1805,2,9,0,11,16,11,5,6,10,4,16,3,2,5,0,9,4,9,14,11
1806,17,6,14,8,7,15,10,5,3,0,0,0,19,13,9,17,3,12,0,12
1807,7,12,6,10,7,7,11,7,0,9,0,1,18,8,2,18,5,14,5,19
1808,15,15,16,14,8,5,4,0,1,1,19,4,0,11,15,18,9,12,8,9
1809,0,18,7,4,13,17,0,14,8,8,17,15,18,13,0,5,5,13,3,5
1810,4,6,0,13,0,19,11,19,11,11,1,9,0,10,15,5,6,1,9,13
1811,3,13,18,3,10,6,17,1,13,1,9,13,8,17,1,6,6,5,15,14
1812,10,18,10,9,5,0,3,5,13,18,11,7,16,11,17,12,12,5,1,5
1813,0,19,15,9,16,19,15,15,1,10,11,0,4,14,15,17,10,11,15,4
1814,5,15,6,18,1,9,18,2,3,6,12,18,8,2,19,11,1,17,5,14
1815,4,0,4,0,1,5,17,14,10,8,1,13,5,1,4,12,19,19,16,0
1816,11,14,14,3,15,18,2,15,8,12,18,17,2,17,16,17,7,3,18,2
1817,1,15,1,3,13,12,6,11,8,6,8,17,16,15,4,8,13,6,14,15
1818,9,0,17,12,14,8,10,5,19,0,2,6,19,17,6,18,9,12,7,5
1819,3,18,14,17,16,13,10,13,9,14,13,19,0,12,4,6,1,7,5,0
1820,4,13,6,5,16,12,3,12,6,14,2,5,7,6,8,4,18,15,15,14
1821,7,3,15,14,6,2,0,3,4,17,6,13,15,11,13,10,16,2,9,6
1822,7,11,1,19,10,1,11,12,12,2,2,14,19,9,14,12,18,4,13,7
1823,1,14,5,15,16,14,18,14,5,3,0,13,19,0,0,6,14,7,14,18
1824,9,9,8,15,2,18,18,17,19,16,13,3,7,9,9,13,19,18,13,7
1825,10,16,19,15,1,10,6,2,10,14,4,8,13,6,19,14,14,14,5,2
1826,10,11,6,16,11,19,3,7,7,4,18,16,2,15,8,7,11,2,0,13
1827,15,17,6,13,12,0,13,6,11,15,19,11,8,7,0,12,13,7,3,19
1828,3,4,5,7,16,11,3,6,14,9,11,6,7,0,0,18,12,15,15,5
1829,0,10,6,5,6,4,16,4,4,13,5,14,19,4,9,11,12,19,14,6
1830,3,18,8,12,2,17,2,10,2,0,0,15,18,2,9,18,5,2,11,9
1831,9,11,9,13,7,4,6,18,4,16,18,5,17,19,12,14,13,7,13,17
1832,3,9,16,1,4,12,8,8,0,12,7,15,12,17,0,15,13,19,10,13
1833,0,19,10,16,5,12,18,2,18,5,9,8,18,2,8,15,14,3,15,7
1834,3,4,6,6,9,19,10,1,12,12,13,15,6,9,6,18,4,19,17,19
1835,8,0,3,14,2,13,14,15,1,0,17,4,17,11,6,4,9,18,8,9
1836,1,4,10,16,14,16,4,12,14,4,2,19,9,1,1,2,7,8,17,7
1837,1,6,16,13,6,8,7,12,10,4,10,0,5,19,7,10,15,17,6,1
1838,6,10,15,1,0,7,10,13,1,6,8,12,16,10,9,10,7,1,5,1
1839,1,14,0,12,9,11,17,18,2,11,7,1,7,10,18,12,17,8,19,8
1840,15,0,3,1,4,11,2,5,16,17,18,13,11,18,10,7,18,10,3,0
1841,18,14,12,14,5,14,2,13,15,17,10,18,13,12,18,15,16,8,11,9
1842,4,9,14,6,3,14,17,14,8,15,2,8,14,18,14,17,1,2,5,6
1843,4,14,4,5,3,16,3,19,14,0,15,16,18,5,11,13,16,12,11,18
1844,3,4,7,1,14,5,2,1,12,16,18,0,13,4,9,18,10,10,18,15
1845,4,12,13,18,18,2,17,12,11,16,6,15,7,2,0,8,3,18,6,5
1846,7,13,11,12,10,8,12,8,13,18,13,11,13,10,7,12,5,6,6,19
1847,10,1,14,19,18,11,16,6,13,13,19,12,6,2,1,6,10,17,4,1
1848,4,16,6,10,5,15,17,4,19,0,5,6,13,9,17,12,3,18,7,10
1849,2,0,1,7,1,12,17,13,7,17,2,16,15,18,9,15,1,9,18,1
1850,0,13,0,13,2,15,12,7,2,5,11,19,7,4,1,5,6,3,19,8
1851,0,18,10,10,17,12,8,17,7,1,19,7,13,12,17,7,17,15,8,8
1852,15,19,18,11,4,13,15,19,16,6,18,7,11,1,3,0,1,11,2,7
1853,10,10,5,12,14,12,13,16,6,19,3,8,19,17,8,19,14,1,0,3
1854,16,0,9,17,0,13,6,8,12,19,16,15,15,10,17,7,10,3,12,13
1855,19,5,0,14,14,9,9,3,11,18,9,11,2,12,10,7,13,8,8,19
1856,14,6,4,16,12,7,18,19,16,13,1,9,16,6,8,13,19,6,13,1
1857,6,19,12,15,17,16,6,15,5,13,1,8,11,19,12,6,3,4,6,17
1858,17,14,9,7,3,10,16,2,7,15,7,19,0,4,2,14,18,3,5,9
1859,2,7,2,7,3,3,10,13,4,5,16,10,17,5,19,18,12,0,6,19
1860,7,9,11,3,18,18,7,9,11,10,11,12,17,7,7,8,10,7,2,19
1861,0,4,14,7,2,12,16,9,19,19,1,13,2,9,8,9,4,7,4,15
1862,1,7,15,11,19,0,14,1,16,2,9,6,16,4,12,14,16,1,6,19
1863,14,6,6,19,10,17,12,7,15,11,8,15,19,0,12,3,4,0,2,12
1864,5,19,6,15,4,5,13,3,5,13,13,10,4,18,7,18,0,3,9,11
1865,1,9,12,2,9,14,12,19,17,11,12,12,6,1,0,5,14,15,7,6
1866,12,4,2,7,19,12,1,12,2,18,11,12,7,14,15,15,4,2,19,8
1867,0,4,12,16,5,4,1,13,16,19,13,12,5,14,17,9,7,7,7,12
1868,6,11,13,2,0,9,9,18,19,12,3,2,2,18,6,6,19,9,6,16
1869,12,8,15,7,3,6,10,14,7,0,4,18,14,5,7,4,7,11,9,11
1870,0,11,17,0,12,8,2,8,13,1,0,13,14,4,14,10,1,3,4,11
1871,9,7,3,3,13,6,4,0,3,18,4,13,3,0,12,13,15,8,1,9
1872,19,19,14,19,8,6,0,2,15,2,4,6,2,2,16,18,12,16,1,19
1873,17,3,18,9,4,6,11,14,1,4,9,6,6,17,5,17,12,19,1,2
1874,7,5,0,14,2,11,3,16,16,16,5,16,16,12,6,11,1,13,10,11
1875,15,7,15,15,9,18,11,3,2,0,13,12,13,17,7,1,19,16,2,16
1876,4,3,14,16,15,16,2,9,3,16,0,15,10,6,17,1,2,17,8,16
1877,17,0,15,7,6,14,12,5,0,6,14,3,11,19,13,4,12,2,3,9
1878,4,18,0,14,5,11,5,13,12,4,19,9,8,12,19,5,1,12,0,18
1879,19,11,5,3,3,16,0,17,18,8,10,16,19,0,10,17,17,5,15,1
1880,17,19,17,13,15,4,4,7,17,5,18,17,14,15,7,16,8,8,14,2
1881,4,11,11,1,16,16,19,11,9,4,16,0,19,8,7,13,18,3,14,15
1882,18,10,18,15,3,12,13,12,11,16,17,19,8,19,13,19,8,12,0,19
1883,7,6,9,17,12,14,0,7,8,17,6,15,0,0,8,2,5,10,14,15
1884,16,16,12,2,14,19,11,15,17,13,3,12,19,18,15,5,7,9,9,10
1885,17,18,15,2,6,7,7,16,11,19,11,11,3,7,14,13,19,13,18,11
1886,7,7,7,18,0,7,18,11,7,14,0,8,3,17,10,1,4,8,5,1
1887,6,0,5,13,10,14,1,18,14,4,15,2,5,5,2,6,4,15,2,9
1888,3,13,6,13,2,19,5,0,17,9,7,8,2,7,18,7,17,0,5,16
1889,7,4,16,0,18,12,17,14,3,2,1,2,13,10,8,12,7,5,13,6
1890,18,13,11,1,4,17,6,3,8,16,4,15,12,19,5,7,17,19,14,16
1891,6,8,0,5,10,0,10,15,15,5,18,3,16,18,13,0,16,14,10,16
1892,10,14,6,14,11,16,13,18,2,16,5,1,4,6,16,4,12,18,8,3
1893,0,19,1,15,15,5,15,4,3,9,2,16,9,5,9,17,18,9,13,14
1894,14,3,12,13,8,4,9,12,2,19,11,5,9,19,3,17,3,13,16,14
1895,6,4,19,5,6,12,4,3,11,5,15,0,2,2,14,12,2,14,1,3
1896,1,15,7,0,0,5,10,10,10,8,4,3,6,12,5,11,1,18,0,0
1897,5,16,14,7,1,16,13,16,15,5,15,17,16,0,16,17,3,9,0,4
1898,15,2,17,9,18,4,1,7,3,18,8,15,11,2,12,4,9,19,18,6
1899,0,19,8,19,7,5,8,3,7,2,11,11,18,15,7,10,19,17,5,3
1900,17,15,15,8,5,15,14,4,3,10,16,16,17,0,5,15,0,10,18,5
1901,8,8,3,15,2,13,9,2,5,3,16,0,10,7,16,7,8,13,5,3
1902,11,5,14,1,18,3,14,2,3,14,9,13,18,19,19,2,0,5,1,12
1903,15,16,6,2,10,14,16,17,15,13,0,8,11,13,11,16,19,7,15,10
1904,9,4,1,10,7,12,2,17,11,2,1,7,13,18,3,2,10,6,11,15
1905,4,15,2,3,13,11,5,7,18,18,10,1,18,18,2,1,17,13,12,7
1906,13,0,2,12,19,2,12,10,16,8,3,9,15,3,6,3,7,1,19,9
1907,16,16,7,0,10,19,7,0,7,7,1,10,11,14,9,5,9,7,18,18
1908,6,7,15,11,2,2,18,3,8,13,1,1,14,5,0,6,19,17,7,3
1909,16,12,11,4,14,4,15,2,3,7,16,14,15,17,5,10,7,1,8,3
1910,0,0,0,1,8,18,8,2,13,0,12,19,3,0,16,8,19,4,10,5
1911,5,8,10,2,0,16,6,19,17,19,16,16,8,7,7,16,17,18,2,12
1912,5,4,17,8,18,9,8,4,15,19,11,3,10,1,18,8,10,4,1,12
1913,7,11,1,16,16,8,17,11,2,3,18,1,18,1,19,6,15,5,5,12
1914,19,18,12,0,1,5,13,2,4,19,16,13,16,7,10,14,10,13,14,0
1915,9,16,15,4,19,2,5,0,13,5,10,6,13,7,1,6,2,8,6,11
1916,0,1,19,5,0,16,18,6,6,11,6,8,14,15,15,17,5,18,17,17
1917,8,10,7,12,9,11,1,11,0,11,16,2,11,7,19,14,19,14,15,16
1918,10,3,10,18,1,10,2,9,15,9,13,6,8,8,13,10,12,15,10,1
1919,9,16,10,6,2,11,2,6,6,14,17,5,15,3,4,14,14,11,11,15
1920,6,14,8,4,0,18,5,6,17,19,8,11,13,14,15,11,7,11,4,17
1921,15,10,10,9,16,15,18,18,2,5,19,14,1,6,5,0,11,7,6,5
1922,19,7,6,17,2,19,9,12,1,6,8,1,16,14,7,17,1,19,10,14
1923,4,11,9,11,19,0,9,5,5,1,17,5,16,2,19,7,9,18,2,3
1924,11,18,5,10,14,10,4,4,13,3,12,9,1,9,8,1,14,4,13,16
1925,14,2,2,1,6,11,11,7,16,7,18,5,10,18,11,16,1,1,5,12
1926,5,14,15,14,2,1,18,5,3,16,8,8,7,4,8,6,0,18,19,16
1927,16,16,9,14,0,4,14,8,3,4,5,7,18,3,12,3,3,5,1,14
1928,12,5,14,15,3,16,18,1,7,2,8,19,6,18,2,15,16,7,14,10
1929,19,6,6,13,8,4,5,17,4,6,2,8,12,18,8,3,1,3,11,2
1930,18,14,6,18,3,5,2,5,18,14,7,6,5,15,4,15,13,14,3,13
1931,19,0,19,0,13,5,16,13,19,4,13,10,14,2,8,11,8,2,14,17
1932,18,5,15,4,16,15,18,10,6,6,11,11,4,12,4,5,7,11,3,19
1933,8,17,18,3,0,17,13,18,15,8,7,15,15,7,12,17,10,1,5,15
1934,17,13,18,10,4,4,19,9,19,18,15,4,10,10,14,14,4,2,18,4
1935,16,12,7,15,5,17,0,14,7,11,8,9,12,13,1,19,5,8,3,11
1936,15,15,10,4,11,10,6,2,18,1,0,3,10,17,2,13,14,15,0,14
1937,18,3,18,11,11,0,15,15,0,8,11,12,0,19,2,2,3,2,16,1
1938,4,10,17,3,3,1,6,2,11,18,12,14,14,19,14,13,9,12,2,1
1939,18,11,13,8,12,10,19,1,13,8,10,14,13,15,10,3,19,0,16,3
1940,10,2,17,4,0,1,13,5,14,5,8,18,3,6,15,10,10,5,1,18
1941,9,19,11,14,19,19,11,9,2,16,16,16,1,10,0,13,6,1,15,9
1942,2,15,1,0,14,18,16,5,17,19,18,19,14,7,1,14,7,3,16,17
1943,5,18,0,13,15,3,3,2,7,15,9,12,19,2,14,0,8,18,3,7
1944,17,14,8,10,15,12,13,18,6,7,8,2,9,19,17,19,6,4,6,16
1945,2,5,3,18,9,0,5,6,2,3,8,17,12,1,16,8,11,10,0,14
1946,13,11,6,15,5,9,16,18,3,0,18,12,8,19,9,6,2,4,4,2
1947,3,13,7,12,11,2,11,15,10,5,3,18,13,17,19,18,13,10,18,14
1948,1,7,2,15,13,18,15,11,3,17,15,17,6,3,8,5,5,6,17,17
1949,13,19,3,19,8,9,10,3,5,7,15,11,3,14,5,4,7,13,15,10
1950,1,3,1,1,18,7,19,5,8,16,13,19,2,4,13,14,12,8,1,11
1951,19,0,6,1,12,5,18,8,0,11,7,14,8,1,10,6,0,3,12,5
1952,4,9,18,14,0,17,19,6,8,11,18,7,3,0,15,13,4,19,12,0
1953,3,6,16,9,11,6,16,12,3,10,7,17,1,5,12,12,6,8,14,5
1954,1,1,7,8,14,5,1,6,7,11,7,4,9,16,18,7,10,2,17,1
1955,15,16,15,13,7,15,12,7,9,2,15,11,10,14,14,16,13,18,19,14
1956,14,1,1,14,0,1,11,2,2,5,17,12,13,4,14,1,0,10,14,2
1957,1,17,4,7,14,15,18,9,5,0,6,16,18,12,10,17,16,0,0,19
1958,13,8,17,16,7,3,16,2,1,16,7,0,10,15,0,2,16,9,6,15
1959,9,5,13,13,4,2,8,12,7,15,18,10,12,16,14,15,9,5,2,13
1960,11,0,3,7,14,2,1,6,17,5,2,0,10,0,12,17,8,4,1,10
1961,5,16,3,10,2,5,10,19,2,8,13,0,3,16,4,17,17,11,1,18
1962,10,8,13,18,16,17,5,2,15,3,15,2,3,2,11,4,14,16,6,10
1963,2,15,14,10,4,7,11,2,10,15,14,3,15,9,2,14,11,12,10,14
1964,6,4,1,15,1,19,3,5,0,17,16,2,4,11,8,9,14,18,9,12
1965,12,1,0,0,1,2,3,9,7,15,4,8,0,4,4,16,8,10,16,17
1966,8,6,13,0,4,10,18,7,18,11,12,8,16,8,8,3,10,8,3,11
1967,14,2,15,11,17,17,17,8,18,16,12,7,0,18,19,3,8,3,9,17
1968,6,12,19,7,5,6,13,16,10,10,7,1,9,19,19,8,2,7,8,19
1969,2,8,4,5,6,4,9,6,2,8,15,0,2,9,14,12,8,6,19,2
1970,17,11,3,16,8,10,4,4,10,4,4,7,16,17,19,5,5,0,16,18
1971,4,12,5,0,15,8,11,16,3,1,11,7,1,5,13,1,16,13,18,16
1972,8,1,5,11,11,12,12,5,10,14,13,3,16,2,1,0,12,10,17,3
1973,10,10,2,15,15,18,10,0,12,2,3,19,9,2,8,0,12,17,6,7
1974,14,13,8,6,4,11,13,12,16,17,5,11,18,12,1,13,16,17,10,2
1975,9,19,5,0,17,14,0,8,4,5,11,10,13,5,14,13,5,3,6,16
1976,12,8,18,1,2,9,16,3,17,5,18,9,5,6,14,19,6,1,3,11
1977,13,9,16,16,0,9,1,14,10,6,1,14,13,15,7,15,2,9,12,17
1978,17,14,16,4,3,13,16,15,16,4,15,10,17,3,18,17,3,16,9,17
1979,18,15,4,5,16,7,15,19,2,12,9,5,18,17,14,11,3,3,4,6
1980,7,0,4,5,16,19,8,12,18,2,4,9,11,9,1,7,4,0,14,3
1981,4,15,16,8,1,1,19,9,14,12,7,11,6,17,15,3,6,9,18,7
1982,3,17,16,18,3,17,1,12,1,5,1,16,9,16,14,11,13,16,6,8
1983,10,1,12,10,18,5,17,17,2,6,11,14,17,9,12,0,11,12,14,9
1984,1,19,13,9,4,2,8,14,11,1,2,8,5,15,0,19,2,3,7,6
1985,13,11,3,7,11,18,6,19,7,15,3,1,10,11,18,5,15,17,17,5
1986,15,15,4,13,12,16,9,18,17,19,8,10,5,14,18,17,3,14,6,3
1987,1,10,3,12,10,11,17,9,10,19,1,7,7,4,7,9,3,18,17,7
1988,19,6,15,9,8,16,14,8,4,17,2,11,12,10,3,12,16,16,5,17
1989,6,8,11,9,10,15,17,13,5,3,14,8,7,12,8,1,4,16,18,13
1990,10,8,8,6,18,16,19,5,11,9,6,2,11,13,3,3,1,9,8,16
1991,15,19,8,4,10,2,0,8,9,16,17,17,14,10,19,1,0,12,13,8
1992,4,12,2,12,18,4,19,15,3,10,0,1,1,4,3,13,14,11,6,18
1993,9,5,18,13,11,17,13,8,11,18,18,5,16,15,13,3,2,4,11,6
1994,7,1,3,4,8,13,12,18,4,11,7,1,18,6,11,0,4,3,12,4
1995,17,8,10,17,8,6,1,18,10,18,16,3,11,1,1,2,19,11,7,18
1996,19,3,7,1,16,18,17,16,4,1,1,19,6,16,7,16,18,9,14,16
1997,9,11,4,10,1,13,13,0,17,4,1,15,9,1,9,18,5,13,3,9
1998,2,14,18,15,1,17,3,7,2,16,9,16,17,6,9,11,9,9,4,15
1999,17,14,6,11,0,5,19,8,16,5,8,13,10,12,9,6,16,12,3,18
2000,7,6,5,8,2,18,1,4,7,0,14,6,4,2,4,8,9,16,18,5
2001,3,18,18,18,5,2,17,17,17,9,4,1,17,19,13,3,18,10,18,15
2002,15,8,15,5,4,8,14,9,11,8,18,6,8,15,12,4,3,9,4,11
2003,15,6,6,8,19,18,3,5,1,19,0,17,12,3,15,0,17,12,9,17
2004,13,12,18,4,16,0,5,9,1,9,11,6,14,2,0,0,18,8,8,1
2005,17,15,16,2,12,11,12,19,2,5,1,9,2,3,3,11,18,6,4,15
2006,16,5,8,0,9,7,5,11,8,19,18,13,10,17,16,7,11,5,16,2
2007,11,5,0,19,15,7,6,7,8,7,5,3,16,5,5,10,18,19,11,11
2008,0,6,12,0,6,2,9,16,15,3,6,2,16,1,18,4,3,17,3,8
2009,9,9,6,0,19,1,11,10,0,2,17,16,0,0,8,10,0,14,16,3
2010,10,4,13,7,11,12,5,17,1,17,13,12,14,9,14,9,11,9,18,9
2011,4,3,10,17,1,15,2,17,12,12,1,1,9,6,4,11,12,7,8,3
2012,18,4,16,11,15,7,18,2,7,8,13,18,16,7,17,17,15,14,2,19
2013,13,19,4,0,9,14,1,17,15,3,7,14,3,13,14,13,2,17,3,9
2014,19,19,2,7,7,19,11,6,6,10,5,3,1,6,10,0,17,1,12,17
2015,12,12,2,17,15,16,18,12,7,0,5,12,10,18,12,9,14,12,16,9
2016,5,12,2,8,8,0,0,5,7,19,17,4,15,9,17,9,19,6,14,13
2017,4,17,4,9,9,12,4,3,14,17,2,2,6,10,3,4,9,8,5,16
2018,16,0,6,19,4,1,2,11,12,19,15,7,17,1,9,2,7,2,14,11
2019,14,12,19,9,13,0,3,0,12,3,12,10,18,10,1,0,10,15,0,5
2020,13,10,8,11,11,4,2,10,13,10,3,11,14,12,10,7,12,14,19,8
2021,0,15,16,11,10,7,18,4,11,12,12,12,8,2,9,12,9,19,5,5
2022,8,15,15,8,1,1,8,12,16,12,5,17,8,9,16,0,3,6,4,1
2023,5,0,7,5,12,13,0,8,8,17,17,2,19,9,2,0,16,5,4,10
2024,7,0,9,6,10,16,15,10,0,7,5,10,5,2,11,13,18,12,18,13
2025,13,14,14,12,4,0,5,4,9,13,1,14,17,16,9,5,3,6,10,2
2026,10,6,2,13,3,5,14,13,5,14,8,12,13,14,10,14,12,5,17,4
2027,5,2,9,6,10,7,0,8,1,15,0,10,17,16,10,16,5,4,8,8
2028,15,3,8,6,6,7,2,11,11,9,3,10,9,12,0,8,6,10,2,9
2029,16,8,9,2,3,2,3,1,16,5,6,13,13,13,17,10,19,18,8,7
2030,12,17,2,8,1,12,19,7,3,17,19,1,4,1,12,3,19,19,11,17
2031,6,16,15,4,13,13,12,2,17,4,8,16,10,0,1,12,1,11,15,9
2032,13,4,8,4,4,10,6,5,17,3,14,0,17,6,14,3,18,17,10,7
2033,0,5,3,8,0,19,13,19,7,12,10,14,4,0,0,11,7,7,14,0
2034,17,4,11,6,19,10,11,12,12,17,17,1,7,2,10,18,1,10,3,16
2035,4,6,12,12,15,1,13,14,11,3,11,3,13,7,18,17,15,14,14,7
2036,3,15,15,16,17,7,1,0,18,0,14,3,5,6,15,8,14,17,15,7
2037,3,18,3,7,7,14,12,0,6,0,7,16,9,18,9,3,14,18,3,15
2038,1,16,14,2,13,19,13,2,11,5,13,1,0,18,13,6,18,1,11,6
2039,1,11,18,9,17,11,11,5,3,14,6,15,7,11,15,7,10,14,5,9
2040,3,7,7,0,10,7,2,7,6,8,1,0,9,0,1,12,9,15,0,16
2041,15,7,8,11,9,5,11,10,12,3,1,19,7,1,3,15,7,4,5,10
2042,1,14,2,3,0,1,13,6,5,16,11,1,14,9,16,3,4,18,2,13
2043,13,16,10,3,2,18,1,9,14,8,3,5,2,12,1,15,5,13,6,3
2044,12,13,13,10,13,3,9,3,16,9,2,18,12,16,3,13,12,9,7,13
2045,8,7,0,6,18,2,9,1,12,12,12,2,4,2,0,0,14,13,11,18
2046,16,7,6,7,4,0,10,8,5,17,14,12,1,17,6,9,4,12,19,6
2047,1,10,3,9,9,18,15,14,0,16,7,3,19,0,2,2,7,7,13,11
2048,12,14,18,1,6,4,13,16,8,10,17,3,13,18,18,15,13,16,19,9
2049,17,5,10,14,2,2,1,2,11,4,8,16,8,12,9,8,17,1,11,15
2050,9,18,12,2,9,5,9,3,6,18,15,14,19,18,11,16,14,17,7,0
2051,15,0,7,16,4,17,7,16,11,13,0,3,15,16,2,8,12,10,1,1
2052,9,12,10,14,15,0,17,12,17,5,14,18,3,14,18,0,6,16,2,9
2053,9,2,5,19,19,16,14,0,9,10,13,18,9,18,7,14,17,17,16,12
2054,13,13,13,7,18,18,12,17,8,11,11,17,10,17,11,10,4,19,8,16
2055,1,19,4,3,8,15,4,2,12,7,11,8,6,13,18,6,3,13,14,1
2056,10,10,12,1,8,18,8,16,5,1,1,6,16,19,8,12,0,3,12,18
2057,9,12,11,13,1,3,7,5,0,1,19,8,7,1,2,9,15,11,9,10
2058,8,12,1,2,12,9,7,8,7,12,17,10,5,4,11,18,6,4,19,12
2059,4,19,15,6,19,17,3,12,7,11,19,15,19,10,2,18,2,1,13,19
2060,3,19,9,4,10,1,1,6,11,8,17,1,12,16,17,2,17,17,8,5
2061,14,8,16,14,8,14,7,1,12,16,4,1,9,19,17,8,0,12,4,3
2062,13,13,7,7,15,3,0,18,13,11,0,16,9,19,10,9,13,5,19,16
2063,9,13,10,16,4,14,14,1,3,16,13,19,4,10,16,10,13,16,14,11
2064,5,19,7,8,15,3,4,4,9,11,13,1,6,12,10,18,16,11,15,10
2065,4,6,6,17,12,10,17,18,8,18,5,12,15,10,18,1,1,10,12,8
2066,1,15,2,6,15,4,9,11,16,11,18,15,4,12,14,6,9,12,8,17
2067,18,12,4,10,18,5,18,6,16,7,13,4,10,15,19,2,19,3,1,10
2068,13,16,11,6,0,1,0,13,15,8,16,15,5,12,18,8,3,14,17,3
2069,14,9,5,16,0,4,1,9,0,14,2,15,17,13,14,10,1,5,5,9
2070,1,9,19,18,16,5,13,8,0,16,15,2,4,4,5,4,4,0,18,16
2071,4,3,15,6,10,14,5,4,11,5,17,9,19,0,6,16,5,17,14,17
2072,4,3,9,7,16,13,14,19,15,3,14,15,17,15,2,7,9,13,18,19
2073,6,10,12,6,7,16,13,14,8,8,7,9,17,13,10,14,1,6,12,13
2074,16,5,3,14,13,10,16,10,8,1,19,4,15,13,0,3,15,9,17,16
2075,9,12,6,8,4,7,4,6,14,10,7,15,8,3,12,14,8,8,12,14
2076,14,0,5,8,18,11,0,12,15,2,3,6,7,6,3,7,9,14,19,16
2077,15,3,16,16,12,7,16,15,7,11,4,18,10,15,6,15,19,12,6,11
2078,3,4,0,12,18,4,14,17,5,4,5,1,16,4,17,2,12,3,4,0
2079,6,6,0,13,12,13,11,6,13,14,19,7,5,0,3,14,12,18,3,11
2080,4,2,17,18,15,9,0,15,15,16,2,6,0,0,8,17,18,12,14,11
2081,8,10,13,3,17,2,13,18,6,10,8,11,17,15,11,2,19,4,6,3
2082,6,15,12,13,16,4,18,14,8,19,10,2,4,4,18,4,9,6,14,6
2083,0,12,11,8,19,17,4,0,11,12,1,5,0,2,5,18,17,2,11,7
2084,2,9,0,12,0,7,0,16,15,7,18,12,5,4,13,19,11,1,16,19
2085,14,14,17,5,16,11,9,0,8,10,0,8,13,14,4,19,12,1,17,0
2086,11,13,16,4,12,3,12,17,7,11,13,17,16,7,16,5,0,6,4,6
2087,8,10,2,2,10,19,1,13,17,14,6,9,2,5,12,11,13,6,18,8
2088,19,15,8,0,2,14,0,11,0,1,19,18,9,4,11,13,2,16,14,17
2089,6,17,7,0,1,11,1,1,12,0,1,15,7,2,13,15,9,1,7,0
2090,5,1,19,15,1,8,14,8,19,15,14,0,11,0,12,0,6,6,13,9
2091,3,11,1,5,4,5,2,3,15,7,0,12,8,16,3,13,7,8,17,18
2092,1,15,19,16,12,3,9,3,5,1,1,17,4,19,18,15,1,18,16,19
2093,12,1,3,12,18,3,0,1,13,11,2,7,5,13,9,18,16,18,12,17
2094,14,6,17,5,7,7,9,0,15,8,0,17,4,2,11,12,17,17,12,19
2095,13,10,14,18,1,15,8,6,0,14,3,13,9,14,1,12,2,17,5,2
2096,8,5,14,17,6,5,9,2,2,0,1,16,18,9,16,1,10,2,9,10
2097,16,9,14,1,11,12,16,8,17,10,0,18,3,3,15,7,13,1,6,14
2098,7,17,3,19,2,1,12,7,3,6,12,1,7,9,0,5,7,5,16,4
2099,0,11,7,0,19,13,12,11,14,7,13,15,13,17,4,14,3,3,14,18
2100,8,16,9,1,12,8,7,17,7,1,14,2,6,9,17,18,11,11,7,19
2101,7,4,2,2,15,15,8,14,11,12,3,8,11,0,10,8,14,15,16,12
2102,7,19,4,3,0,18,19,0,10,19,1,7,9,12,13,14,15,2,17,10
2103,19,19,2,12,12,17,15,14,7,15,19,5,8,18,18,1,12,17,6,6
2104,8,8,2,7,16,15,3,19,5,19,10,14,19,7,19,18,17,0,16,7
2105,4,5,11,6,11,13,6,12,19,19,1,15,2,2,8,5,4,11,18,5
2106,11,7,17,11,12,5,14,8,0,8,18,13,3,11,13,10,2,7,11,0
2107,15,8,1,4,16,11,10,9,15,3,5,14,2,9,13,7,5,15,6,9
2108,14,16,16,16,19,12,8,8,18,6,6,2,14,2,15,17,18,19,9,6
2109,6,18,8,7,5,16,3,11,3,4,13,12,6,3,7,16,4,6,7,10
2110,3,15,11,11,9,18,14,18,15,15,14,14,12,13,15,3,13,11,18,11
2111,12,15,17,12,2,12,1,18,12,5,9,10,13,0,5,15,19,2,10,6
2112,18,4,6,13,1,4,14,6,6,3,17,13,1,2,19,17,14,10,3,16
2113,2,1,14,6,5,12,9,12,3,10,7,11,3,3,0,5,17,1,11,4
2114,15,0,19,11,13,18,0,16,15,16,10,0,5,6,12,3,18,19,5,14
2115,13,11,14,9,12,2,4,15,0,19,6,0,11,13,12,14,1,19,19,3
2116,3,3,0,2,8,0,0,0,15,5,6,5,13,15,2,7,15,5,5,17
2117,11,8,17,1,1,2,11,9,18,17,9,17,6,3,7,2,18,0,9,10
2118,3,3,17,4,9,7,12,8,8,8,17,8,19,19,15,8,2,16,2,8
2119,2,15,0,9,18,1,16,4,17,7,5,10,14,10,12,7,10,10,17,17
2120,12,3,1,5,9,5,19,16,8,3,11,1,8,9,4,10,4,9,12,1
2121,15,1,10,12,10,7,13,5,15,13,16,16,15,17,17,16,4,19,2,4
2122,12,18,10,3,17,18,14,13,1,4,13,18,10,0,6,11,15,9,2,15
2123,16,10,1,18,6,19,11,3,14,0,0,16,12,1,10,13,0,13,0,14
2124,0,2,4,0,3,17,6,8,13,13,16,7,7,3,6,8,15,7,19,2
2125,14,12,4,1,8,13,18,9,0,0,4,12,11,3,5,17,10,10,5,6
2126,16,4,8,11,15,1,4,12,4,10,19,5,12,11,16,17,7,15,11,11
2127,14,15,2,14,17,11,19,2,1,19,17,18,6,18,17,11,8,14,18,6
2128,8,9,19,12,3,4,11,9,1,2,8,6,5,6,1,14,5,7,3,17
2129,8,17,15,17,14,6,0,10,12,8,9,2,14,14,8,14,4,16,11,8
2130,17,9,17,17,0,14,17,14,13,13,17,7,8,17,17,2,18,13,13,16
2131,3,4,10,9,1,3,14,2,6,18,8,14,19,17,2,15,11,8,17,8
2132,18,5,5,16,7,9,10,16,8,1,9,19,11,15,11,11,10,5,1,10
2133,13,16,3,0,9,12,7,12,3,15,19,12,12,15,4,5,10,17,14,3
2134,18,18,19,7,17,2,3,7,19,6,5,3,6,17,5,14,18,13,0,2
2135,18,7,6,10,3,2,6,17,2,19,19,1,13,9,4,9,18,0,9,7
2136,12,1,0,11,12,4,8,7,10,8,1,14,7,6,9,11,11,3,2,15
2137,2,5,3,0,16,11,18,18,14,3,16,17,1,3,6,17,17,4,10,8
2138,15,18,0,0,14,11,5,2,19,13,1,15,7,2,11,16,18,9,5,1
2139,8,7,0,13,7,11,18,14,3,14,19,2,5,11,19,13,6,11,8,16
2140,14,11,11,17,18,3,1,14,9,15,7,2,15,3,19,14,11,9,3,2
2141,0,19,7,4,14,13,19,10,0,15,1,13,10,4,16,6,5,9,18,10
2142,17,15,3,0,10,12,1,6,9,1,4,16,2,15,8,7,16,1,8,15
2143,14,13,16,11,3,5,7,13,8,7,1,6,18,15,6,19,3,12,11,2
2144,11,7,0,6,6,0,16,3,1,0,7,12,10,18,8,15,6,13,13,10
2145,18,1,19,8,7,15,18,0,12,11,1,11,8,8,10,13,8,0,16,18
2146,6,19,2,3,17,12,0,9,6,3,14,14,17,14,1,16,9,15,18,17
2147,9,4,11,12,9,17,5,5,14,17,1,0,7,4,15,14,10,0,9,13
2148,5,19,7,1,3,9,1,14,5,16,16,19,11,13,8,6,3,12,3,16
2149,10,7,15,14,5,5,8,7,1,12,1,2,4,4,18,19,8,0,5,6
2150,3,4,4,2,6,3,4,19,11,4,0,9,18,8,0,2,2,1,17,18
2151,13,14,17,18,6,14,18,8,15,11,15,11,0,10,3,12,4,10,6,4
2152,11,15,10,18,12,15,7,15,3,12,0,6,11,16,6,18,11,10,0,1
2153,3,2,5,7,5,11,14,5,11,18,5,4,11,18,1,10,4,4,4,16
2154,18,6,4,9,1,14,12,7,6,7,16,17,4,3,2,14,15,5,16,19
2155,3,18,4,13,4,8,15,2,1,18,4,16,8,5,10,10,12,10,10,14
2156,8,13,15,5,13,12,12,3,11,7,15,8,19,13,17,1,6,2,3,3
2157,6,12,6,13,14,9,14,8,17,3,9,10,3,11,15,16,9,2,3,14
2158,12,6,14,3,17,1,14,19,19,2,3,18,17,9,1,18,14,19,6,11
2159,15,3,12,15,1,9,9,19,4,7,5,14,13,2,3,5,12,19,17,2
2160,8,10,9,14,5,5,8,10,18,18,14,19,10,12,11,9,3,14,0,13
2161,3,14,14,0,18,3,1,14,5,2,19,14,9,17,1,10,10,13,13,2
2162,12,18,7,17,16,19,13,0,15,10,9,6,6,14,10,10,1,7,19,13
2163,17,15,5,12,12,1,4,13,5,18,9,17,4,11,1,19,2,7,19,2
2164,5,16,8,14,19,10,0,11,2,7,9,2,11,5,2,14,10,19,1,7
2165,14,15,11,19,9,15,16,9,9,1,11,10,2,12,14,3,4,5,13,18
2166,19,2,5,2,11,14,8,4,3,5,5,1,6,0,16,1,5,6,1,9
2167,16,1,7,0,1,4,16,1,10,14,2,9,13,5,5,3,18,4,15,0
2168,2,12,12,16,17,6,15,6,18,8,0,18,12,5,1,17,8,17,3,8
2169,4,4,15,6,18,7,8,13,1,2,18,8,10,15,1,3,10,17,2,12
2170,14,4,19,9,18,18,4,7,5,11,11,10,10,0,2,3,19,18,4,16
2171,13,0,19,0,17,14,7,8,1,14,7,10,0,3,3,7,16,9,6,5
2172,13,4,19,0,8,0,5,3,6,5,16,1,4,18,9,19,13,2,10,2
2173,4,8,4,18,9,0,9,19,13,7,5,4,5,11,10,7,15,4,11,4
2174,11,10,5,8,14,14,9,14,19,12,0,9,11,14,14,18,3,0,17,11
2175,1,6,11,4,4,10,4,13,14,9,4,9,6,8,3,12,1,14,16,5
2176,6,15,12,5,11,13,13,15,4,9,15,19,16,18,10,17,11,5,7,0
2177,13,14,17,19,8,9,14,12,2,0,7,1,13,14,15,5,0,5,15,17
2178,12,15,6,8,5,9,0,2,15,15,0,12,11,11,19,17,10,14,11,5
2179,4,15,7,19,16,16,6,15,6,14,13,15,5,15,14,16,2,5,16,4
2180,2,1,19,12,12,4,9,18,16,9,10,18,15,10,3,17,16,12,18,1
2181,19,6,5,13,18,1,12,1,0,19,13,10,5,7,18,16,16,17,16,16
2182,8,6,1,7,11,16,0,13,10,7,6,16,4,6,0,5,5,16,15,15
2183,6,13,5,10,17,13,13,9,9,5,7,17,4,1,2,6,12,8,0,10
2184,7,8,5,14,5,8,0,19,12,11,14,5,12,8,3,10,16,9,2,17
2185,14,17,12,3,15,6,17,7,17,16,2,17,10,10,2,13,10,6,14,2
2186,1,0,18,7,4,19,0,1,8,2,17,16,8,0,7,14,10,10,0,14
2187,7,7,3,5,19,16,12,5,0,17,5,16,2,0,16,19,19,6,5,3
2188,5,15,2,2,15,11,6,1,17,9,3,13,4,0,11,5,5,14,19,18
2189,9,6,2,0,7,0,8,13,10,9,9,5,19,5,2,19,15,5,11,6
2190,0,8,17,15,15,8,3,9,12,3,13,4,17,5,7,19,18,19,8,6
2191,5,12,4,11,18,6,12,6,8,2,0,17,2,13,16,7,14,11,2,8
2192,19,3,12,16,0,10,1,9,7,16,13,8,9,4,10,7,19,9,1,16
2193,8,19,2,12,18,19,18,9,19,5,3,4,16,3,2,17,18,11,13,19
2194,4,15,16,16,11,18,9,2,13,18,15,11,4,1,6,4,4,19,18,0
2195,18,12,19,11,18,14,17,5,10,3,13,5,10,14,14,1,13,11,19,16
2196,16,9,2,6,4,11,7,15,13,15,7,7,10,2,2,1,6,13,16,4
2197,19,9,2,12,16,4,13,12,16,18,8,9,0,16,3,13,16,7,12,17
2198,0,11,18,1,6,11,16,5,5,10,1,8,2,2,2,9,13,10,3,13
2199,16,0,3,19,15,19,12,19,8,6,11,14,19,2,0,16,11,17,0,11
2200,16,8,10,8,17,17,11,8,3,1,8,13,18,1,9,17,19,8,15,13
2201,4,8,14,2,7,0,6,9,15,15,9,10,2,5,11,14,10,11,6,5
2202,18,3,6,7,14,14,7,14,10,11,10,9,6,13,7,17,16,17,0,18
2203,15,9,8,17,9,8,10,6,12,16,17,6,4,16,7,0,10,9,11,11
2204,3,10,3,1,8,17,9,19,11,11,14,16,13,17,9,3,19,1,0,0
2205,8,10,5,2,17,3,0,11,1,1,14,6,4,4,0,0,3,11,14,8
2206,10,14,11,8,8,11,13,9,12,17,17,15,2,13,5,1,17,2,11,11
2207,10,0,6,1,16,2,10,14,1,1,10,2,4,13,17,5,3,11,2,4
2208,0,8,9,5,17,14,5,15,10,3,0,7,15,3,14,10,14,12,2,6
2209,13,2,11,9,15,5,6,17,19,18,3,11,10,4,8,18,17,2,17,8
2210,17,0,3,18,4,8,9,3,11,0,13,5,5,1,7,8,7,3,8,8
2211,18,18,17,15,12,8,18,16,11,17,8,13,16,18,16,16,17,11,18,12
2212,15,11,8,15,11,5,4,11,6,13,9,12,7,16,5,5,6,15,6,4
2213,19,4,4,13,5,5,8,0,8,13,12,7,8,8,5,12,18,1,2,2
2214,6,5,7,0,1,10,11,0,12,19,5,3,2,4,6,10,13,12,7,2
2215,16,9,9,7,15,18,2,11,14,9,15,10,19,12,13,10,2,14,2,7
2216,10,3,8,18,8,3,4,0,16,4,8,13,6,5,0,6,18,7,9,0
2217,8,18,17,7,15,17,8,10,6,16,19,2,3,15,16,4,3,8,18,6
2218,17,7,5,3,16,19,12,17,13,7,12,18,3,15,7,13,18,19,3,15
2219,6,4,7,6,12,5,7,13,18,7,10,6,14,16,0,17,18,1,11,0
2220,19,8,14,4,12,12,4,16,18,12,4,12,12,5,15,14,12,1,3,13
2221,4,7,3,13,17,19,3,4,19,18,7,0,17,19,19,8,11,14,19,11
2222,0,2,5,11,15,4,12,9,4,19,12,7,5,3,12,6,13,7,16,9
2223,16,3,17,17,10,8,11,15,7,17,7,18,16,16,7,18,13,8,16,16
2224,3,13,15,4,1,16,4,15,9,6,12,14,13,7,2,15,15,10,19,15
2225,7,11,17,8,2,0,19,9,7,17,5,5,13,1,0,13,13,9,17,0
2226,2,3,12,10,12,14,18,1,11,3,11,11,6,13,17,19,7,4,1,3
2227,8,16,4,19,16,19,8,12,10,10,15,18,19,1,5,16,17,19,15,19
2228,13,1,1,13,8,16,3,14,15,9,0,19,14,7,18,8,9,18,15,15
2229,10,18,17,10,16,17,4,15,18,16,8,5,10,0,11,4,18,7,18,1
2230,11,16,7,14,19,1,18,12,15,16,17,17,10,4,11,2,12,14,14,11
2231,18,18,6,8,12,9,0,2,3,13,10,2,10,0,4,4,17,0,6,5
2232,4,1,12,17,14,17,17,6,18,10,16,3,19,3,9,14,6,13,1,11
2233,10,8,2,7,15,9,5,5,18,18,11,12,3,9,4,16,17,8,13,0
2234,4,2,11,11,8,5,1,14,9,18,15,12,13,18,4,14,17,3,2,12
2235,7,6,11,15,13,19,13,11,1,0,2,1,10,19,15,5,3,6,14,12
2236,6,7,17,12,3,19,19,1,12,5,18,6,15,15,0,16,6,3,4,14
2237,4,7,7,3,13,7,3,10,19,9,10,15,16,17,13,7,7,16,1,8
2238,19,6,3,8,12,18,12,9,3,1,4,17,9,13,4,4,15,4,17,14
2239,8,3,13,19,7,13,15,8,9,17,11,6,13,5,4,6,11,14,17,8
2240,11,17,18,3,3,6,18,15,10,11,12,15,3,5,17,1,16,4,7,18
2241,5,11,17,9,7,19,8,15,15,14,18,3,6,15,2,5,6,1,10,6
2242,8,15,10,8,16,18,1,12,9,12,16,3,5,13,14,17,13,4,7,8
2243,9,9,10,4,5,14,5,19,15,1,17,9,9,9,6,5,18,11,8,4
2244,11,15,10,2,9,15,4,15,19,13,19,1,12,2,7,0,9,19,8,19
2245,14,4,15,4,5,11,9,13,17,7,19,12,18,16,14,19,5,8,8,13
2246,9,13,6,8,11,6,17,1,13,11,12,17,2,3,10,10,15,15,11,18
2247,18,5,12,19,8,5,18,17,17,2,14,12,0,17,6,5,8,3,15,18
2248,10,10,16,7,11,10,16,7,1,13,4,3,7,12,3,0,1,3,4,10
2249,7,13,6,18,16,5,16,3,8,0,10,10,9,17,14,2,17,19,19,6
2250,18,1,8,7,16,18,0,7,16,18,0,18,15,6,16,1,3,17,14,19
2251,6,12,8,12,12,7,5,16,1,18,4,4,19,19,12,19,0,11,2,7
2252,0,13,10,15,15,12,9,1,4,12,4,9,3,3,6,2,2,16,11,9
2253,4,3,14,14,15,9,16,16,7,8,6,18,3,6,1,17,19,14,15,9
2254,2,0,2,6,11,0,1,9,13,16,11,6,4,12,0,16,13,13,18,3
2255,14,1,10,8,16,10,13,11,12,18,10,7,1,2,3,4,3,19,1,14
2256,3,14,1,4,8,2,16,15,0,10,15,9,12,5,13,6,7,3,5,17
2257,8,15,0,0,15,9,3,2,13,19,16,12,6,6,10,3,6,0,16,13
2258,10,5,11,11,2,9,13,17,3,14,8,19,0,0,11,17,16,12,8,10
2259,15,18,2,10,12,7,8,1,2,16,2,6,2,3,19,17,15,9,12,7
2260,12,12,19,8,9,15,9,0,6,10,8,16,14,15,19,9,13,16,3,8
2261,15,4,9,7,10,8,3,8,5,18,12,10,12,4,5,2,2,10,3,0
2262,19,19,1,1,10,14,9,0,9,15,19,3,19,17,9,6,9,1,9,2
2263,10,15,13,9,7,9,15,4,8,2,18,17,18,10,19,13,10,16,4,15
2264,5,10,11,9,11,12,16,14,15,17,11,13,5,12,16,2,0,9,5,16
2265,8,19,7,1,13,14,8,19,2,18,9,5,3,6,6,7,17,18,12,4
2266,4,14,3,18,3,0,1,9,8,1,1,18,6,14,14,13,1,1,7,0
2267,6,12,7,7,5,12,1,18,0,13,5,0,7,8,12,9,8,8,18,11
2268,8,7,15,16,2,5,2,2,9,12,2,12,16,8,4,9,5,15,6,15
2269,17,0,2,19,9,11,10,2,1,3,9,16,15,0,9,1,16,19,10,8
2270,13,2,1,16,14,14,0,7,14,9,9,19,7,3,7,19,18,0,16,13
2271,6,18,15,12,12,13,10,19,0,6,0,8,12,2,17,18,11,12,12,18
2272,14,9,16,15,14,7,7,19,18,2,17,18,5,9,18,12,2,3,0,19
2273,6,10,9,6,15,0,19,5,2,6,16,4,15,10,0,17,11,9,14,14
2274,2,1,18,12,6,9,11,11,7,18,18,6,15,13,8,0,6,5,5,14
2275,9,10,12,12,1,10,6,7,1,15,18,14,14,14,0,6,11,11,4,18
2276,2,19,13,18,2,12,8,1,4,8,5,2,10,18,15,5,11,0,14,9
2277,13,8,8,3,13,16,0,18,2,14,0,14,9,3,3,11,5,19,16,6
2278,1,10,17,5,7,19,1,1,9,7,15,10,18,4,6,4,9,3,7,7
2279,2,5,14,0,8,17,1,17,2,4,5,3,8,10,5,4,11,1,1,13
2280,5,10,4,15,18,15,0,10,6,0,2,19,19,14,2,0,8,8,19,8
2281,13,12,14,12,9,6,6,7,15,17,16,17,14,11,19,5,6,12,11,17
2282,11,17,7,16,10,4,17,14,14,16,10,18,8,5,12,16,16,19,13,13
2283,13,17,1,19,3,10,16,13,12,14,3,17,16,8,14,11,19,15,2,8
2284,2,9,17,14,19,18,1,18,6,1,14,8,14,2,1,16,11,8,4,4
2285,10,4,8,5,16,12,3,16,2,18,14,13,4,13,12,14,16,8,8,6
2286,6,15,17,18,8,13,13,12,7,8,8,12,12,6,1,4,3,15,13,13
2287,15,16,18,9,12,8,7,15,5,9,19,4,12,12,19,15,12,0,5,12
2288,5,0,17,8,7,11,0,17,16,6,0,6,14,12,14,8,0,5,10,1
2289,17,17,6,15,17,9,4,3,6,11,1,19,15,12,2,18,12,16,19,8
2290,3,0,14,5,5,10,14,7,3,11,2,5,6,4,0,6,6,3,19,19
2291,13,10,9,3,9,13,6,8,7,16,11,3,14,1,5,8,4,11,9,13
2292,19,18,13,0,11,18,13,6,12,18,18,8,10,3,12,14,6,1,3,3
2293,2,1,11,12,2,3,18,6,8,1,3,3,8,17,2,15,18,5,3,6
2294,2,0,16,11,9,1,5,12,12,9,3,6,2,10,11,18,16,15,4,7
2295,4,16,19,5,0,9,15,4,9,10,7,7,19,12,3,4,14,19,9,12
2296,17,6,17,18,1,16,9,4,18,19,0,10,15,11,16,10,8,9,3,1
2297,15,1,1,12,9,17,5,3,16,6,7,4,13,15,18,10,5,9,1,5
2298,10,19,12,14,14,10,10,7,2,17,12,5,19,19,0,15,14,16,13,0
2299,8,15,11,10,4,3,3,10,16,12,12,0,13,8,14,9,17,4,12,15
2300,0,7,1,11,11,17,6,8,14,18,12,17,16,1,4,19,18,7,16,0
2301,2,15,5,14,3,2,13,15,3,6,10,13,17,12,15,11,9,12,8,7
2302,6,16,1,4,15,13,8,19,13,2,5,3,4,11,6,15,8,2,18,15
2303,13,17,4,9,14,0,15,1,17,1,7,12,10,18,9,0,10,5,2,6
2304,15,19,15,12,18,18,12,4,16,18,3,12,8,1,15,11,11,7,12,9
2305,5,12,18,5,12,1,16,15,7,12,1,10,8,13,12,14,16,7,1,12
2306,19,14,15,17,19,11,6,19,18,12,5,12,12,15,0,16,7,6,4,13
2307,18,5,8,4,9,6,14,19,17,15,4,3,0,11,11,12,5,0,8,17
2308,16,4,19,10,6,5,16,7,14,3,0,0,1,8,10,9,19,12,15,0
2309,4,6,18,7,19,12,9,15,12,0,12,6,15,19,15,14,7,10,8,6
2310,7,3,3,3,7,12,8,0,10,14,17,8,9,6,13,18,9,9,19,2
2311,8,8,16,7,3,8,13,19,2,17,19,3,1,6,4,2,16,8,4,1
2312,13,9,19,18,16,17,4,0,0,3,9,15,10,1,12,2,0,3,17,8
2313,2,3,11,4,1,9,14,12,7,1,9,7,0,4,6,4,5,14,12,19
2314,4,18,3,9,13,4,10,14,1,18,1,13,14,1,2,2,10,0,18,15
2315,9,11,12,7,19,12,8,0,9,17,7,0,11,7,9,18,16,11,3,12
2316,16,6,12,3,1,11,7,6,12,4,2,4,5,6,7,15,0,0,5,15
2317,7,8,9,16,7,18,6,9,2,14,17,18,2,10,12,14,4,1,17,7
2318,14,16,17,19,12,8,12,12,5,11,13,19,0,10,19,18,14,14,5,19
2319,6,4,5,11,5,5,13,11,17,8,3,1,16,17,6,19,8,14,2,11
2320,9,18,10,14,0,19,7,6,15,0,10,7,10,14,8,3,12,7,19,11
2321,12,17,3,18,6,10,17,4,9,14,0,13,0,5,2,3,16,9,15,18
2322,8,8,14,19,12,3,11,15,2,16,6,17,4,9,17,0,6,13,2,8
2323,1,7,3,16,6,9,12,16,11,11,0,0,2,6,3,1,2,11,5,7
2324,14,1,12,15,16,14,6,11,8,15,0,2,1,13,13,14,10,9,5,11
2325,2,3,10,17,9,9,9,4,13,1,16,11,13,17,4,17,11,9,8,10
2326,14,4,14,14,7,9,7,19,9,0,19,16,5,19,8,16,4,11,6,13
2327,0,3,15,6,6,7,3,7,11,10,11,13,3,15,7,11,8,8,4,19
2328,17,18,3,8,1,7,8,2,1,13,11,3,19,3,15,9,19,13,9,13
2329,8,10,7,15,3,7,3,2,10,0,14,19,11,0,15,5,8,10,19,8
2330,10,18,13,16,2,2,13,14,8,0,1,2,5,7,19,15,0,16,17,11
2331,5,17,14,16,18,4,3,16,16,0,5,3,11,17,12,13,1,2,10,18
2332,4,12,12,13,9,17,4,13,0,16,9,9,0,3,1,11,12,12,17,6
2333,18,12,19,9,15,17,19,2,1,4,8,9,18,12,2,3,2,4,0,5
2334,14,4,5,10,18,16,10,12,14,14,18,2,1,5,18,4,12,11,12,19
2335,2,6,2,9,9,15,16,4,14,17,14,18,16,8,18,0,15,9,19,7
2336,8,4,12,13,10,3,4,8,3,13,10,6,2,19,2,9,10,16,0,8
2337,16,4,18,10,16,14,18,12,15,11,13,8,0,0,10,6,2,8,14,19
2338,9,1,14,7,10,2,4,16,12,4,6,10,19,18,3,3,7,9,9,8
2339,6,4,10,19,4,15,17,0,0,4,0,14,13,16,8,19,14,14,15,7
2340,15,2,5,5,8,1,16,18,19,14,1,10,15,10,1,15,0,11,0,6
2341,7,1,15,15,16,16,11,13,10,18,13,12,7,11,2,19,12,0,14,0
2342,0,6,14,11,3,18,1,5,15,14,11,19,1,7,1,14,10,7,19,12
2343,4,15,18,5,11,11,16,18,7,14,10,16,13,13,14,2,1,3,15,6
2344,0,19,4,2,19,15,9,19,1,0,8,5,1,2,1,12,1,5,9,19
2345,18,13,19,1,16,6,15,16,0,0,13,17,12,8,6,0,2,5,15,10
2346,14,13,11,5,16,6,5,8,3,8,0,15,10,14,5,8,17,7,14,8
2347,3,4,13,12,17,1,17,19,11,18,9,1,13,3,18,5,13,19,7,9
2348,12,18,14,14,17,3,14,7,13,2,14,10,9,1,2,2,13,6,11,12
2349,16,17,14,15,13,10,3,4,14,7,14,11,12,18,7,18,12,6,6,9
2350,3,11,5,5,17,7,2,9,17,17,13,1,19,15,11,2,7,17,18,9
2351,0,8,8,18,10,4,14,18,14,18,16,13,6,0,13,5,18,17,0,15
2352,9,7,10,5,3,0,17,6,1,8,5,5,6,3,10,2,17,4,5,7
2353,8,18,4,16,16,4,2,8,12,10,2,6,13,9,18,2,17,5,17,15
2354,12,0,19,8,6,6,19,5,7,17,1,17,10,16,6,9,13,7,5,18
2355,16,1,16,12,18,0,7,17,3,7,9,5,18,10,6,18,12,18,2,10
2356,3,3,13,3,5,9,18,12,9,14,5,0,2,18,1,4,1,13,13,15
2357,1,12,6,17,8,16,11,16,9,12,5,8,1,10,6,8,1,19,18,12
2358,0,3,15,9,2,15,7,16,11,12,5,15,16,12,12,19,3,12,12,16
2359,1,9,14,13,15,10,18,19,6,10,12,8,16,0,18,16,6,2,11,12
2360,0,3,1,18,5,16,4,2,3,9,4,6,14,11,19,8,0,15,16,7
2361,11,12,10,10,15,10,18,8,4,1,19,12,19,13,15,12,15,15,10,19
2362,11,9,5,6,4,7,14,1,8,5,15,14,17,3,9,18,14,5,10,12
2363,0,2,1,7,18,5,2,5,17,4,2,12,13,18,3,2,8,6,18,3
2364,15,12,0,7,0,1,12,4,3,0,7,9,8,19,3,6,15,11,9,18
2365,0,11,12,7,9,8,19,0,2,10,12,10,4,11,2,1,0,9,17,1
2366,13,6,17,2,10,17,12,17,14,2,3,4,5,6,13,11,3,3,0,6
2367,4,6,6,11,9,6,6,16,4,1,1,15,11,18,7,13,9,2,15,14
2368,15,0,9,1,3,6,5,11,9,11,6,19,17,14,13,10,4,7,19,11
2369,2,5,0,1,4,18,8,9,12,2,13,14,1,15,18,0,17,11,10,3
2370,10,3,1,9,12,8,14,6,18,5,17,15,3,15,17,3,14,15,12,13
2371,0,6,15,9,16,17,3,6,2,18,16,8,10,5,4,10,4,15,13,12
2372,10,16,16,16,17,13,16,0,6,6,0,9,1,13,11,8,17,16,1,9
2373,12,18,7,10,18,4,4,7,3,6,7,7,2,8,11,10,8,10,1,11
2374,14,0,14,7,0,12,2,17,11,6,15,1,4,8,6,7,15,4,19,18
2375,19,14,16,11,6,5,2,15,6,9,7,3,6,18,12,5,14,2,5,13
2376,15,8,15,6,18,0,11,17,11,0,11,19,4,14,18,15,2,12,6,11
2377,14,2,15,14,15,1,1,1,2,7,11,7,19,4,3,4,17,10,3,15
2378,8,5,12,4,16,14,14,2,19,2,11,6,1,19,17,7,3,19,16,9
2379,5,4,6,14,17,8,17,10,13,5,15,2,5,8,16,7,5,13,17,16
2380,8,3,3,7,7,4,6,19,3,1,18,15,18,19,0,2,17,11,16,6
2381,6,19,18,0,6,0,9,2,12,18,4,14,14,14,13,16,9,0,1,7
2382,2,13,12,15,11,9,16,5,8,8,14,12,3,5,11,6,11,7,8,8
2383,4,0,13,14,15,13,7,3,4,10,2,7,3,6,5,14,12,6,11,2
2384,0,3,10,1,4,9,16,16,8,17,5,5,15,0,4,13,6,17,10,17
2385,17,8,16,11,18,2,16,16,2,1,4,19,11,8,0,10,4,8,16,8
2386,9,12,6,3,15,4,10,12,12,3,6,10,1,2,9,5,9,19,11,15
2387,12,8,9,7,6,13,17,6,6,12,4,12,0,11,13,16,4,9,9,0
2388,10,14,12,5,0,5,14,1,19,12,5,18,4,14,19,15,16,15,8,13
2389,14,3,16,7,8,11,6,15,12,12,19,14,12,11,15,0,15,18,9,14
2390,15,10,0,6,16,10,0,3,7,9,9,9,15,5,1,11,7,7,15,1
2391,2,13,13,11,9,17,18,12,13,12,2,8,6,18,3,10,17,16,7,13
2392,17,15,18,0,3,10,9,0,13,19,14,3,11,19,14,18,15,2,15,15
2393,11,4,19,4,11,1,5,15,1,17,5,19,6,0,19,6,14,17,16,10
2394,5,14,10,19,19,8,0,6,6,2,1,9,7,6,13,19,3,1,4,0
2395,3,7,2,13,14,8,3,18,10,12,3,0,6,17,10,0,12,19,14,18
2396,10,18,2,1,18,4,17,10,18,10,4,2,16,16,4,3,12,18,10,15
2397,18,5,13,18,15,3,4,17,14,10,1,4,12,18,16,19,10,15,6,8
2398,2,9,17,4,4,2,11,8,7,1,8,1,11,4,15,4,13,18,1,15
2399,7,9,13,16,13,14,13,10,8,14,10,3,4,3,14,18,13,4,6,12
2400,1,12,18,19,12,17,2,15,16,5,1,14,9,8,12,2,12,11,10,16
2401,5,9,3,4,10,6,9,9,5,6,11,11,18,7,6,4,8,1,16,17
2402,14,11,19,17,11,0,7,15,16,4,1,11,18,15,11,19,5,13,15,16
2403,13,2,8,2,0,4,15,6,9,18,10,2,7,9,7,6,13,11,15,9
2404,1,19,4,15,6,0,15,13,11,12,18,2,11,6,4,10,5,15,12,4
2405,5,9,16,12,13,2,18,10,1,9,7,9,7,12,13,14,13,7,4,7
2406,8,11,15,3,17,16,17,14,6,7,6,16,9,3,9,10,15,6,6,18
2407,14,19,17,13,14,1,11,17,12,6,0,12,3,2,9,17,6,10,4,11
2408,19,14,5,11,0,1,8,9,5,17,7,11,14,9,8,11,15,18,14,6
2409,9,13,0,13,19,7,4,6,16,17,17,19,17,9,0,9,8,3,14,3
2410,2,8,0,8,11,8,18,10,10,14,1,12,9,17,2,8,7,8,6,10
2411,1,10,10,11,12,12,10,3,5,2,14,7,6,18,6,11,7,15,0,7
2412,7,10,10,11,1,12,2,10,15,8,11,13,8,6,1,18,14,7,14,6
2413,10,11,11,17,13,13,7,3,14,17,12,12,8,18,4,4,17,14,8,8
2414,14,18,0,9,5,6,7,19,10,3,3,11,11,6,12,5,9,10,7,8
2415,4,13,12,19,2,19,14,16,4,11,8,2,0,11,0,19,6,6,15,15
2416,12,8,18,14,3,0,6,18,9,18,15,9,5,6,7,13,1,18,5,10
2417,18,6,14,14,7,1,8,6,11,11,17,15,15,17,16,18,11,2,15,6
2418,1,11,5,0,0,0,5,17,12,9,2,6,6,19,15,1,0,10,6,3
2419,7,9,1,6,7,3,18,15,10,1,15,17,14,17,0,17,11,19,13,11
2420,14,13,8,19,5,12,7,1,0,4,14,12,3,17,17,13,15,14,13,0
2421,13,6,4,1,18,6,9,2,4,9,0,13,18,11,7,13,12,2,9,12
2422,15,18,0,19,5,19,1,17,6,11,2,19,0,19,15,9,19,1,16,4
2423,7,14,18,12,7,15,11,14,19,13,10,7,1,14,19,11,9,12,0,7
2424,7,3,12,3,8,11,9,8,18,0,15,8,13,12,11,12,11,17,6,5
2425,11,2,5,5,12,7,9,19,7,17,6,8,15,9,4,4,5,16,8,18
2426,6,17,10,16,1,5,17,14,3,14,13,9,9,4,16,2,0,3,1,11
2427,5,17,18,11,17,12,2,2,12,3,17,13,5,10,8,12,10,8,7,12
2428,11,9,10,1,8,19,16,15,1,1,18,12,19,8,13,7,2,14,0,0
2429,14,5,3,13,15,9,4,8,14,14,12,0,17,13,9,9,10,4,15,14
2430,5,14,14,0,2,13,8,14,6,7,5,0,14,17,2,13,10,6,9,9
2431,8,12,8,3,1,6,17,8,1,12,18,16,17,13,16,12,15,7,8,10
2432,15,5,10,16,10,9,8,14,18,14,11,17,2,18,19,2,19,13,15,3
2433,19,19,12,18,12,0,15,5,2,0,6,15,19,16,6,9,17,17,19,10
2434,3,4,18,2,4,1,9,3,15,2,7,15,12,11,12,6,5,15,9,11
2435,4,9,0,6,18,9,3,5,16,11,16,1,5,3,15,3,13,16,5,12
2436,13,14,10,19,13,18,12,8,6,8,8,16,14,10,15,2,11,14,3,6
2437,10,8,11,0,11,3,14,1,9,14,6,9,2,8,19,11,4,14,19,2
2438,19,10,6,19,7,14,15,17,3,10,16,1,13,13,2,12,4,7,13,19
2439,14,6,11,15,18,0,1,16,10,6,5,15,18,10,4,18,6,2,7,19
2440,11,13,14,12,6,17,18,10,4,15,4,16,15,12,3,15,18,4,0,15
2441,10,13,11,10,8,5,5,10,13,0,4,18,1,10,11,3,0,15,8,9
2442,6,8,11,11,14,19,5,15,8,11,13,17,14,13,10,3,2,13,19,19
2443,2,7,16,5,12,1,4,18,7,5,19,5,7,19,18,7,0,17,2,3
2444,15,3,10,1,16,8,4,4,0,14,7,2,5,11,16,17,5,13,0,14
2445,15,14,8,16,2,1,6,18,2,7,5,8,0,18,0,18,10,19,16,3
2446,0,7,17,6,16,0,13,16,4,19,7,12,12,0,9,4,7,2,8,10
2447,6,16,17,12,14,0,17,17,7,17,1,18,2,0,4,8,9,12,15,11
2448,17,7,14,8,2,9,8,12,18,2,10,17,6,12,13,7,1,4,4,17
2449,6,12,10,14,17,19,6,11,2,11,12,0,18,10,2,15,12,10,7,12
2450,16,12,10,4,1,14,12,8,9,11,15,8,16,12,2,1,4,4,3,7
2451,14,2,0,15,1,8,0,3,0,17,13,5,3,17,8,4,2,10,1,16
2452,0,14,1,0,9,3,18,8,18,2,14,2,13,6,14,6,8,19,7,9
2453,9,16,3,14,11,11,2,11,12,6,3,2,18,7,16,4,11,1,8,3
2454,10,12,6,8,5,19,14,12,13,11,15,10,13,4,17,13,17,12,8,14
2455,12,10,17,18,2,9,8,6,13,10,19,3,19,2,7,16,0,16,0,9
2456,19,6,17,17,17,17,7,19,11,7,14,8,0,0,14,19,13,10,6,9
2457,9,17,6,6,12,14,7,17,0,18,8,7,2,1,7,15,13,8,0,0
2458,1,15,10,0,0,9,10,12,11,4,5,0,19,10,14,4,9,0,5,17
2459,2,0,16,12,9,17,0,14,9,2,3,14,0,7,2,8,1,0,17,11
2460,1,8,1,8,8,13,1,15,8,4,11,0,19,17,10,2,2,8,7,8
2461,9,15,13,16,10,18,5,16,10,13,8,17,2,11,12,0,3,8,14,19
2462,8,17,1,7,16,17,19,19,2,12,17,9,2,2,14,17,4,10,12,5
2463,17,19,9,11,18,6,6,15,14,14,13,3,7,19,10,0,12,2,19,5
2464,4,16,7,8,12,13,2,16,15,3,1,2,15,10,1,12,14,5,13,15
2465,7,14,15,7,9,9,4,19,14,10,18,16,13,3,8,14,10,15,15,5
2466,14,14,9,8,15,9,10,4,5,11,6,7,4,16,6,11,8,18,19,12
2467,12,17,7,15,17,12,8,15,18,13,9,3,12,3,8,6,16,7,0,3
2468,13,18,3,16,5,0,6,17,3,19,10,16,4,11,11,3,19,5,10,0
2469,19,14,12,9,10,2,0,6,19,7,0,19,10,10,13,16,12,18,6,3
2470,16,16,6,15,1,0,0,8,5,12,6,7,13,14,3,13,17,11,0,17
2471,5,15,3,15,1,1,9,3,1,0,0,13,18,16,8,19,6,18,16,15
2472,6,19,17,16,5,3,10,18,4,0,10,18,15,11,7,7,13,5,9,15
2473,4,10,1,12,15,2,15,6,19,2,1,6,5,19,19,9,15,14,5,10
2474,19,11,15,11,14,1,12,8,1,3,4,19,14,16,16,6,9,16,5,1
2475,6,19,13,0,10,16,4,14,17,14,4,7,16,6,17,4,10,15,1,17
2476,12,8,9,10,17,6,19,11,19,3,11,4,12,11,6,7,5,1,3,19
2477,0,19,5,6,1,5,6,15,2,3,7,19,3,5,1,3,8,17,19,16
2478,15,1,9,16,14,5,4,7,1,15,19,13,11,14,14,14,15,1,17,0
2479,14,14,16,7,16,9,15,12,11,17,1,4,8,9,6,16,15,2,2,0
2480,4,12,1,4,14,4,10,1,16,4,6,17,5,4,7,8,2,5,6,7
2481,18,14,7,8,11,7,18,4,14,14,3,15,14,16,18,18,19,18,8,5
2482,11,12,10,14,8,6,7,14,18,6,5,1,7,10,14,5,1,18,19,18
2483,3,17,18,16,15,16,14,1,2,3,18,0,16,15,16,0,18,10,11,13
2484,18,11,17,18,18,13,10,17,5,5,8,10,0,19,11,6,6,17,15,12
2485,19,4,8,3,16,16,19,18,1,4,17,19,14,18,12,18,3,18,18,11
2486,15,10,5,5,17,10,7,9,2,13,4,16,3,8,0,13,15,13,14,18
2487,3,3,5,13,16,1,7,17,0,10,6,15,1,13,8,12,0,14,9,14
2488,1,9,9,15,11,19,3,4,2,9,6,15,12,0,8,17,10,15,19,8
2489,19,14,7,6,4,13,11,7,18,7,1,8,15,16,9,10,16,19,14,0
2490,0,13,14,1,9,10,3,1,10,15,10,15,0,5,8,12,8,1,8,7
2491,16,3,6,10,11,2,3,11,14,16,8,12,7,19,1,10,17,16,2,10
2492,17,18,15,18,15,16,11,2,4,4,17,18,19,5,15,16,19,3,19,11
2493,14,16,1,13,1,6,5,15,2,5,19,0,0,9,18,2,2,16,18,0
2494,19,3,2,18,1,16,0,4,13,3,7,8,12,12,18,14,9,12,5,14
2495,2,11,9,15,3,9,1,12,11,2,16,5,1,10,6,14,7,18,7,5
2496,18,12,11,6,4,15,19,19,19,1,10,12,18,6,13,10,1,18,19,5
2497,14,1,2,6,18,5,11,0,10,10,10,11,12,15,3,11,14,19,11,3
2498,3,10,10,10,4,5,18,17,9,18,19,13,18,0,6,11,18,16,10,18
2499,2,13,6,17,5,2,16,0,17,10,3,8,7,8,6,19,6,12,7,13
2500,1,15,3,2,18,12,13,14,4,2,18,0,3,12,19,7,12,11,7,9
2501,14,19,3,7,1,2,17,7,1,14,3,19,10,18,13,7,8,7,8,7
2502,4,12,17,6,14,18,14,2,11,2,16,2,15,10,9,13,18,6,3,14
2503,16,7,2,6,14,6,19,7,3,12,10,19,7,7,0,15,16,12,16,2
2504,5,8,18,19,14,12,12,19,1,10,4,10,16,19,5,5,5,7,17,4
2505,4,16,8,10,4,4,6,3,4,11,0,0,1,9,6,11,16,9,3,10
2506,19,18,10,7,12,15,18,2,15,9,7,19,2,16,8,9,3,17,14,4
2507,13,5,0,0,17,18,9,19,14,12,10,11,16,4,13,13,2,18,16,9
2508,2,5,10,14,19,18,9,16,18,15,0,3,16,10,17,2,14,4,4,8
2509,7,15,10,2,19,16,8,17,13,13,1,13,9,14,11,4,1,6,3,5
2510,9,9,6,16,4,5,9,13,5,0,13,10,12,19,15,4,14,18,7,5
2511,1,10,17,0,19,15,2,10,19,4,18,9,8,18,9,19,11,5,14,4
2512,17,14,15,9,13,10,10,10,2,13,10,4,14,13,2,3,1,10,2,1
2513,0,12,4,11,5,9,11,19,10,14,6,9,16,16,10,5,8,4,0,17
2514,3,17,17,16,16,3,19,17,6,7,18,3,14,7,15,14,16,10,16,17
2515,18,1,10,16,4,12,7,0,10,9,12,10,18,15,0,3,1,5,15,11
2516,7,8,12,0,9,13,0,17,14,17,14,8,19,19,1,15,6,18,7,17
2517,7,2,2,11,3,17,7,19,7,9,8,10,19,8,19,11,16,4,16,9
2518,18,0,10,10,4,7,19,10,18,13,18,11,10,6,12,2,9,18,11,8
2519,4,16,11,11,6,14,3,14,13,15,14,19,4,8,0,5,17,11,2,6
2520,6,7,3,8,0,7,11,1,3,14,9,7,11,12,7,3,1,2,13,12
2521,18,19,5,4,11,4,1,4,0,13,16,19,9,16,6,2,17,10,4,10
2522,10,17,12,7,11,0,0,15,19,16,10,4,0,17,19,8,4,7,6,8
2523,1,8,12,17,8,19,18,12,18,6,15,6,2,0,14,17,11,7,10,7
2524,8,1,10,9,6,8,4,7,2,5,9,9,17,16,5,12,13,8,1,14
2525,10,14,6,9,3,6,1,16,13,16,8,10,12,4,19,7,12,5,7,9
2526,12,9,1,2,18,1,14,13,3,14,18,5,1,12,18,19,12,8,1,9
2527,0,7,11,0,17,17,15,11,5,10,17,7,13,13,9,0,18,10,12,11
2528,7,13,3,19,2,9,5,10,12,17,17,3,7,11,4,4,6,9,9,12
2529,8,0,15,10,19,0,13,12,13,0,5,14,3,13,17,16,19,9,17,6
2530,18,9,8,11,2,18,3,16,16,6,2,3,7,13,9,0,17,12,1,9
2531,18,11,4,4,11,15,14,7,3,2,16,19,1,1,5,0,2,1,1,9
2532,13,12,7,9,12,16,16,0,19,17,6,2,6,0,15,18,8,3,2,13
2533,4,11,3,0,12,4,0,4,19,15,15,3,16,19,5,19,13,19,14,10
2534,17,6,4,7,16,3,8,1,14,11,15,17,13,12,3,6,14,8,10,16
2535,9,16,10,13,14,12,10,7,11,11,7,3,11,1,3,4,4,14,9,7
2536,4,19,15,4,16,17,3,2,14,12,0,18,13,4,1,8,11,1,9,9
2537,11,5,4,5,11,11,3,4,7,5,7,13,19,9,16,14,6,16,2,18
2538,0,7,13,18,1,11,1,5,4,1,0,12,6,14,16,5,2,12,16,7
2539,5,10,9,14,0,14,18,19,16,13,19,7,2,16,6,19,18,11,17,12
2540,15,2,19,10,6,2,19,12,7,4,17,9,14,14,18,0,0,17,0,11
2541,5,12,3,3,8,5,1,15,14,5,10,6,7,18,8,7,1,3,0,13
2542,12,5,19,16,0,16,13,1,7,14,8,5,14,12,19,14,0,12,10,17
2543,10,5,6,9,18,11,18,19,8,9,12,13,8,9,0,7,4,15,15,4
2544,3,19,9,0,9,13,6,14,10,13,17,12,0,18,19,8,1,18,14,19
2545,15,11,14,9,7,4,11,4,4,11,9,11,1,7,3,9,11,17,17,7
2546,5,15,6,12,7,12,5,2,19,15,18,19,1,9,11,18,0,13,15,10
2547,17,17,0,4,12,0,17,5,7,10,4,8,18,6,3,0,1,13,14,7
2548,18,1,15,1,14,4,15,4,11,8,0,18,1,8,9,8,11,3,6,8
2549,7,17,8,1,2,9,4,12,16,1,19,10,13,8,11,18,17,11,16,15
2550,15,16,6,3,4,10,19,17,13,9,2,17,11,10,6,12,13,11,9,0
2551,13,13,0,5,10,1,11,10,18,12,13,8,7,3,6,17,3,17,12,18
2552,11,2,17,6,17,14,11,16,0,19,7,15,19,4,11,16,0,12,10,9
2553,11,11,0,2,15,17,1,18,12,8,14,5,5,16,14,16,4,17,17,3
2554,8,3,2,9,18,14,6,6,7,2,9,7,10,12,14,11,3,13,14,8
2555,6,13,4,1,12,5,2,15,5,0,6,2,7,6,6,12,7,17,5,9
2556,3,14,16,1,3,12,4,11,10,18,16,9,8,0,2,0,0,4,10,7
2557,5,10,14,12,10,4,16,9,15,5,6,19,8,0,9,1,10,8,11,1
2558,14,17,16,0,6,12,3,2,15,11,3,19,5,2,16,14,9,19,0,2
2559,12,3,17,6,0,16,5,14,0,7,17,13,12,6,11,6,19,12,2,2
2560,18,5,1,4,13,6,7,6,0,19,11,17,11,18,9,10,0,12,5,19
2561,7,9,3,8,0,2,18,5,3,8,10,15,5,5,12,18,9,19,11,6
2562,6,1,15,4,7,17,14,19,12,8,18,10,10,17,4,12,5,5,8,14
2563,13,9,12,18,14,17,5,8,6,19,9,5,17,7,12,19,14,10,11,3
2564,16,9,16,3,7,13,13,6,15,15,5,5,0,12,6,17,7,11,13,16
2565,15,13,8,6,0,0,19,12,17,4,16,3,18,7,16,12,6,0,12,2
2566,17,7,10,8,0,17,9,8,17,2,0,4,7,19,12,18,17,4,18,10
2567,15,15,1,5,19,6,13,17,5,11,11,13,2,18,4,5,2,5,9,18
2568,7,11,12,14,16,6,19,8,0,19,15,17,6,3,3,16,15,1,14,4
2569,13,1,3,18,16,14,13,14,6,15,2,12,1,0,8,3,8,1,8,10
2570,2,11,1,15,1,11,4,5,9,5,13,7,3,7,0,15,13,0,16,15
2571,16,2,4,19,8,2,5,2,10,2,8,18,7,3,6,0,8,12,17,6
2572,1,5,3,1,9,8,7,6,6,7,9,3,9,13,5,9,11,19,3,13
2573,6,18,6,4,8,1,9,4,10,1,12,0,2,17,16,18,12,9,10,16
2574,9,6,0,17,12,5,4,11,19,18,16,18,14,5,12,19,17,14,6,5
2575,0,14,12,12,11,8,8,19,10,5,16,17,7,11,17,1,18,13,18,13
2576,14,18,14,2,3,2,10,4,12,16,12,15,15,2,6,5,13,5,8,16
2577,14,18,2,13,18,1,14,17,15,15,14,0,16,13,18,16,12,14,2,17
2578,3,17,11,6,1,0,6,1,9,8,5,2,0,0,2,18,3,19,18,1
2579,12,18,17,12,8,13,5,12,0,18,18,17,15,4,5,16,16,13,1,11
2580,13,1,16,12,6,8,4,10,8,4,6,17,7,14,18,7,6,4,19,1
2581,17,8,4,4,9,10,11,9,7,14,2,4,4,13,11,6,1,16,4,13
2582,12,10,14,17,1,2,17,18,4,14,14,9,1,3,10,2,7,6,8,4
2583,14,4,4,0,0,8,13,18,3,2,1,17,18,15,17,19,16,1,16,11
2584,11,7,5,9,3,15,0,19,5,1,17,11,19,3,6,19,10,5,3,11
2585,14,17,0,14,12,15,14,7,8,8,13,14,15,7,17,15,12,12,1,5
2586,14,12,11,15,7,5,15,3,1,12,9,19,3,14,11,14,10,13,12,11
2587,10,8,13,19,0,17,7,16,5,2,6,13,2,19,5,18,18,1,3,19
2588,7,8,15,18,18,13,1,5,16,7,5,2,3,11,5,8,12,9,11,10
2589,0,9,16,7,19,10,7,6,17,3,7,3,17,4,6,10,18,6,4,6
2590,6,9,0,18,12,6,7,7,6,2,5,10,9,1,17,18,3,1,6,15
2591,15,5,14,13,10,3,1,9,0,7,6,7,13,4,9,12,8,5,2,9
2592,6,14,5,18,6,13,13,1,7,4,17,11,15,11,14,2,10,5,19,12
2593,8,1,11,5,18,17,18,2,7,17,8,6,2,6,16,15,2,10,11,16
2594,19,19,18,1,2,16,6,8,4,12,15,18,0,13,2,14,0,8,17,6
2595,11,12,5,13,1,17,10,7,7,14,9,1,16,7,0,19,9,5,15,17
2596,7,7,11,7,3,13,1,14,4,18,16,7,9,0,13,2,12,7,7,7
2597,6,19,8,0,6,6,4,19,7,19,15,17,13,19,16,16,17,10,16,10
2598,4,16,11,3,19,19,4,8,14,14,19,15,3,7,12,17,19,16,7,10
2599,6,5,8,11,4,7,13,2,16,15,6,9,5,18,1,4,14,7,3,8
2600,12,3,1,19,4,3,16,19,8,12,10,3,0,15,12,1,10,10,14,15
2601,13,4,8,11,4,9,14,15,15,3,8,19,5,4,17,13,15,17,5,13
2602,11,8,15,11,0,7,19,13,0,2,17,5,6,2,13,4,3,18,4,7
2603,12,14,19,6,3,18,1,19,2,13,1,15,1,7,7,5,2,7,2,8
2604,3,5,7,19,0,13,9,2,0,1,19,18,10,18,17,4,19,13,3,3
2605,15,10,3,5,14,1,18,17,0,2,10,18,7,12,18,18,11,6,16,3
2606,1,11,2,9,13,13,19,13,0,3,7,16,16,10,3,13,9,10,2,18
2607,18,14,7,9,16,7,11,1,17,18,5,19,16,15,8,1,9,15,18,2
2608,10,13,5,13,19,17,18,15,3,16,16,15,9,6,3,3,5,1,3,4
2609,0,16,2,16,9,16,3,13,8,3,3,12,6,17,11,18,14,8,17,8
2610,3,14,0,11,5,14,6,19,14,8,19,8,16,17,5,4,14,1,0,18
2611,0,17,16,1,4,10,19,15,11,16,9,2,19,18,2,9,18,12,15,0
2612,5,13,9,7,6,18,19,14,6,16,19,19,16,19,12,9,5,15,1,17
2613,2,9,15,19,2,5,18,3,17,8,18,16,16,10,8,13,8,10,4,18
2614,15,3,17,15,15,5,13,8,0,9,10,19,4,4,5,15,0,17,8,8
2615,1,13,3,7,10,8,4,5,5,9,12,6,13,19,14,13,6,15,11,8
2616,0,10,13,7,18,9,1,0,12,19,16,17,7,17,11,6,8,4,18,8
2617,8,12,11,8,14,5,15,0,9,12,17,17,10,9,7,6,0,11,0,6
2618,2,8,12,4,19,4,10,0,18,17,11,5,19,9,11,19,16,3,15,6
2619,14,7,4,7,7,5,8,9,0,18,14,16,10,13,0,5,7,14,4,9
2620,3,13,1,18,8,12,19,17,12,16,5,2,19,17,10,4,0,0,18,9
2621,8,9,18,1,15,0,1,5,4,10,6,18,0,1,14,17,16,14,10,4
2622,2,4,9,7,15,14,14,16,16,6,2,19,6,3,1,19,10,7,1,7
2623,0,6,19,16,19,7,18,19,2,16,4,4,15,11,1,10,18,5,15,14
2624,2,0,9,14,6,11,14,5,4,6,17,11,2,8,6,7,5,0,6,17
2625,7,4,7,2,9,0,1,19,5,17,1,11,15,17,4,5,15,3,15,15
2626,19,11,3,9,17,7,17,8,5,13,15,15,3,16,8,4,15,10,10,5
2627,7,12,2,16,14,8,1,14,2,4,15,12,19,2,19,13,13,17,8,12
2628,11,2,1,2,18,4,7,1,10,13,0,2,2,1,15,5,7,16,10,17
2629,19,14,16,4,8,1,15,5,0,1,19,0,3,7,14,10,1,19,3,10
2630,16,13,18,9,15,7,8,15,10,10,15,13,19,15,12,12,17,6,18,14
2631,7,12,1,5,9,19,11,1,17,5,15,18,1,17,10,4,2,0,2,17
2632,13,19,4,10,14,6,4,16,1,3,0,16,14,3,2,12,8,17,0,4
2633,3,1,4,15,17,11,6,12,3,8,14,17,14,17,18,7,11,9,14,1
2634,19,9,15,3,2,17,1,17,2,6,5,18,5,11,9,3,17,14,8,0
2635,4,10,4,12,16,2,0,9,7,13,2,13,10,11,16,17,1,9,3,17
2636,13,6,11,14,17,16,15,19,5,0,6,15,6,19,5,4,9,10,2,9
2637,11,19,5,13,5,10,10,14,0,2,17,18,14,13,10,11,7,0,2,12
2638,8,0,14,7,7,8,12,6,15,10,8,13,17,4,18,1,19,15,13,0
2639,18,7,10,9,11,1,9,3,19,18,19,16,15,9,14,12,14,1,4,1
2640,1,7,12,11,7,12,12,6,4,8,17,1,1,18,11,4,0,5,15,9
2641,4,2,17,1,19,19,8,12,2,1,2,2,1,5,10,13,5,0,5,17
2642,16,7,0,11,1,10,11,7,7,13,16,16,1,2,19,14,12,2,5,8
2643,6,2,13,0,8,7,12,15,4,13,2,8,16,8,9,15,6,12,10,7
2644,18,12,14,5,16,15,7,4,13,18,8,18,19,3,17,16,7,12,18,8
2645,12,13,7,0,6,4,3,17,9,3,19,14,14,3,0,14,17,14,11,8
2646,17,18,6,15,15,7,2,16,13,7,11,5,5,0,0,0,13,12,18,3
2647,5,13,9,19,18,0,16,6,10,3,4,9,17,2,10,5,14,10,8,4
2648,12,13,8,0,15,1,10,9,13,14,11,0,0,18,5,18,13,11,4,10
2649,1,15,19,12,17,1,18,2,5,9,14,12,17,0,9,13,4,5,19,9
2650,10,2,10,10,16,3,1,14,10,2,7,1,4,2,3,5,6,13,6,8
2651,2,16,12,17,17,18,15,2,19,11,12,15,9,7,10,9,10,5,13,19
2652,15,7,11,18,3,16,13,17,15,5,0,12,18,18,1,19,8,16,10,17
2653,9,17,17,4,6,18,12,3,5,11,11,2,2,16,11,19,5,9,7,2
2654,3,19,1,15,14,13,2,1,15,13,2,4,15,17,1,13,15,17,14,13
2655,15,18,19,8,18,17,6,0,13,13,12,11,6,2,14,4,4,18,8,15
2656,10,17,1,19,13,2,17,18,17,17,0,5,12,3,11,4,9,11,3,10
2657,5,7,14,19,7,13,3,10,15,12,9,2,15,7,14,0,0,4,9,7
2658,11,13,0,1,10,9,17,9,9,12,6,0,4,16,15,15,19,7,3,18
2659,14,1,11,5,4,19,12,3,5,19,10,9,7,17,4,13,3,17,19,7
2660,1,1,1,8,0,1,17,12,11,10,16,14,18,19,14,10,1,4,1,10
2661,14,19,15,10,6,2,9,2,2,3,3,6,12,17,10,7,2,0,4,11
2662,14,8,16,15,10,9,15,14,0,17,4,5,6,8,10,10,13,3,2,0
2663,5,14,12,3,12,5,0,13,13,12,2,0,8,19,0,4,7,2,13,10
2664,7,0,8,6,12,13,1,4,1,9,15,8,11,11,0,0,14,16,1,15
2665,11,13,9,4,14,4,14,6,9,2,5,4,15,5,12,4,16,8,19,15
2666,11,5,11,15,4,17,14,14,2,13,10,19,19,19,11,19,12,19,15,15
2667,14,1,11,1,11,16,9,7,3,18,16,5,14,7,0,7,17,0,18,17
2668,3,4,5,18,10,7,11,10,14,18,11,2,8,4,0,2,13,5,3,16
2669,17,3,5,19,8,8,8,10,17,16,3,1,3,6,0,4,5,16,16,0
2670,14,8,3,17,16,12,11,9,1,3,10,18,3,17,6,18,2,11,13,2
2671,1,13,16,10,15,13,7,1,15,3,18,11,3,6,6,10,11,11,9,16
2672,5,7,13,8,8,14,11,10,6,6,12,16,18,6,10,1,18,9,13,0
2673,19,10,17,6,12,16,5,12,5,9,0,7,9,19,3,5,1,10,14,13
2674,8,0,4,3,17,2,13,2,13,13,6,10,5,1,15,14,8,2,2,2
2675,13,0,2,8,16,4,5,17,18,5,12,2,10,3,2,2,1,2,11,3
2676,8,14,5,10,19,18,11,0,5,16,6,6,19,16,4,7,5,19,3,16
2677,18,0,5,16,16,17,12,19,10,1,3,5,8,16,7,18,6,6,16,17
2678,19,18,1,3,0,12,5,17,13,14,13,6,17,16,6,5,1,17,9,0
2679,6,5,9,15,14,19,17,1,5,9,8,2,12,13,16,16,17,13,5,16
2680,5,11,6,7,4,3,9,17,3,18,4,8,4,18,9,11,15,6,2,10
2681,14,11,5,16,7,19,16,1,17,19,19,12,3,6,16,16,9,0,5,8
2682,11,3,1,1,6,3,10,6,8,3,12,0,4,15,4,10,0,1,15,6
2683,17,5,18,14,0,6,19,8,19,7,1,4,14,1,0,6,9,19,18,7
2684,19,0,16,12,14,18,17,19,19,8,9,0,13,17,15,18,2,19,10,16
2685,16,2,3,0,14,4,16,12,7,7,11,6,4,11,6,6,12,0,4,15
2686,5,14,13,3,4,10,12,12,18,1,15,16,14,7,19,13,7,12,4,13
2687,9,13,11,0,15,17,14,13,13,14,13,12,16,3,12,12,4,5,4,9
2688,8,13,17,19,15,15,4,6,1,15,6,4,0,6,4,3,13,7,10,14
2689,3,12,4,0,5,4,18,11,7,17,4,9,11,18,3,6,13,16,7,14
2690,18,16,10,18,11,17,19,10,11,18,9,18,15,10,18,3,5,10,16,14
2691,1,12,12,8,9,1,17,11,18,11,14,4,6,19,13,0,14,19,10,10
2692,6,2,6,16,7,0,1,1,1,12,7,1,4,1,1,14,19,17,12,18
2693,2,6,15,11,5,11,1,8,15,5,8,11,18,8,1,18,6,15,13,5
2694,12,18,2,14,14,8,6,11,1,14,3,16,10,12,3,10,1,18,0,3
2695,13,15,1,19,15,7,0,15,7,17,5,13,0,11,10,9,16,2,9,0
2696,9,16,3,18,6,16,3,4,16,12,13,7,0,1,14,3,15,16,14,14
2697,8,11,19,12,17,2,2,12,1,8,7,12,2,8,11,0,13,3,6,12
2698,6,9,12,10,8,2,14,17,13,6,12,3,1,1,3,17,16,14,13,3
2699,5,1,2,17,5,19,15,12,7,11,2,17,12,15,12,19,8,4,11,2
2700,16,1,18,19,17,16,5,5,11,11,5,14,16,0,13,4,1,8,13,1
2701,7,10,6,19,8,4,13,1,0,7,2,4,8,16,9,13,19,10,10,8
2702,11,1,8,8,18,0,3,10,12,7,3,0,17,16,15,6,8,1,16,6
2703,14,4,16,10,19,6,17,17,3,2,4,15,16,16,3,19,10,2,2,12
2704,2,5,14,17,8,2,11,10,8,17,6,6,0,17,15,18,10,13,9,18
2705,5,3,9,4,18,3,9,16,18,9,7,4,14,1,17,18,3,7,16,5
2706,2,9,18,8,3,18,9,14,11,6,14,19,14,4,2,17,19,13,4,14
2707,15,17,12,14,11,9,19,13,1,2,8,12,15,10,2,8,7,10,5,8
2708,13,17,6,12,14,4,3,17,18,5,7,14,12,14,7,7,2,8,12,0
2709,16,6,6,11,5,7,11,15,0,14,12,12,3,15,18,17,3,7,5,2
2710,5,0,9,0,3,9,12,14,17,6,17,4,12,19,5,0,3,5,8,10
2711,15,0,2,13,18,16,8,12,5,15,19,13,2,1,4,8,5,7,1,10
2712,8,13,11,11,18,1,13,17,7,6,2,1,15,3,10,6,13,16,2,9
2713,5,2,1,7,13,18,7,9,4,8,4,8,7,17,14,12,16,5,9,1
2714,1,9,15,14,13,1,10,15,10,3,5,5,4,15,15,10,4,15,1,16
2715,10,18,2,11,9,10,15,9,8,5,2,15,9,19,16,4,10,18,4,16
2716,11,18,14,1,19,8,16,13,17,4,11,19,2,17,1,7,14,15,8,2
2717,16,5,15,0,0,0,0,1,9,2,6,12,12,2,11,19,13,15,19,18
2718,13,8,7,18,16,7,12,7,4,6,5,6,19,17,10,5,8,5,9,18
2719,15,9,13,18,6,18,3,0,15,0,9,7,14,14,16,15,13,0,10,3
2720,12,6,9,18,18,15,12,18,8,15,0,7,18,6,8,4,12,2,11,1
2721,3,4,6,18,1,1,1,15,12,0,6,1,13,3,5,12,12,16,6,18
2722,0,15,18,6,1,3,12,4,10,11,7,1,2,19,12,9,15,8,8,13
2723,0,8,1,19,8,15,6,10,1,6,7,8,4,5,12,1,12,7,19,19
2724,19,8,17,19,16,12,14,13,15,14,8,2,12,8,3,4,17,11,2,13
2725,15,8,10,17,10,3,12,15,16,4,0,1,1,6,0,16,15,14,1,1
2726,0,17,9,10,18,18,5,14,12,3,17,6,13,11,5,1,14,10,0,0
2727,10,13,14,17,18,1,0,2,9,18,10,10,13,18,11,6,8,10,4,15
2728,17,8,10,15,16,11,18,8,17,16,18,4,14,0,2,13,8,2,15,11
2729,18,15,2,9,6,3,6,10,5,6,8,6,9,4,1,11,15,5,9,7
2730,11,5,14,8,13,4,17,17,9,18,5,18,7,16,5,17,13,13,4,9
2731,13,7,13,0,10,4,7,17,7,10,8,4,1,0,0,11,7,4,6,9
2732,11,14,8,16,19,12,17,12,8,8,15,11,16,18,15,1,10,14,19,0
2733,8,8,6,7,13,11,0,2,12,7,1,2,3,3,7,15,14,18,7,2
2734,13,18,10,9,5,6,4,3,8,4,17,12,5,7,0,1,7,14,1,6
2735,13,17,14,2,8,2,19,4,8,16,5,17,5,2,13,12,18,12,15,2
2736,12,0,18,8,2,6,6,11,16,10,0,3,10,9,2,18,13,5,14,9
2737,13,19,18,6,10,6,17,3,8,18,2,13,16,8,0,8,19,16,4,0
2738,13,6,16,7,9,10,8,19,13,8,6,14,12,8,7,4,4,1,11,8
2739,8,7,1,15,5,2,12,13,6,9,5,1,6,17,18,3,5,12,17,11
2740,18,1,4,16,4,14,0,4,17,18,9,5,0,12,5,3,1,1,6,5
2741,1,19,19,8,6,4,0,15,4,12,5,8,9,19,16,9,4,11,9,14
2742,15,19,18,1,15,10,14,14,11,2,3,2,12,8,8,10,1,10,3,5
2743,7,11,13,3,7,15,1,19,2,4,19,2,0,3,7,7,4,9,0,17
2744,0,0,4,18,1,2,15,11,2,16,6,10,18,0,11,2,12,16,8,6
2745,15,19,4,18,7,6,9,3,14,19,9,9,14,5,18,14,3,6,18,5
2746,4,2,0,11,10,13,9,12,18,1,6,14,11,2,11,10,15,8,18,14
2747,17,16,15,1,2,11,4,10,8,18,3,7,6,13,1,19,1,18,18,12
2748,5,3,5,0,5,16,3,11,19,10,6,10,15,4,15,15,16,8,1,9
2749,15,14,10,7,9,2,9,19,10,3,1,8,16,12,12,3,16,17,19,0
2750,19,7,3,9,14,12,11,1,9,16,8,15,2,12,0,2,15,7,18,14
2751,16,1,16,7,14,13,15,2,15,0,14,2,19,12,16,3,12,3,17,15
2752,0,12,14,17,13,4,13,5,19,7,6,10,9,0,13,5,15,13,15,3
2753,4,19,14,9,2,8,0,2,8,18,17,4,11,18,9,11,15,14,4,12
2754,9,12,17,17,8,7,14,17,9,6,5,8,7,5,11,2,7,19,19,18
2755,10,12,5,2,5,0,12,4,6,18,10,1,8,4,1,9,3,17,18,9
2756,10,17,5,5,0,18,6,3,0,19,8,5,12,15,17,10,0,7,13,4
2757,10,9,1,2,3,5,7,2,11,11,8,16,7,13,4,12,12,19,16,12
2758,2,10,3,9,9,15,15,0,0,13,9,10,9,11,5,16,1,3,15,3
2759,7,1,16,1,10,9,6,16,4,9,0,1,17,15,6,14,16,0,11,7
2760,13,2,6,17,7,15,5,13,2,11,16,2,17,13,10,10,18,10,13,15
2761,4,10,18,5,1,17,10,12,16,10,19,11,10,15,11,14,5,12,7,14
2762,5,17,8,6,9,14,2,11,3,15,15,6,19,3,11,18,9,15,12,13
2763,19,5,13,8,11,17,11,0,4,9,15,9,0,10,6,12,4,18,13,16
2764,2,11,11,19,13,8,17,15,11,8,6,11,2,0,4,19,7,5,8,3
2765,8,14,11,9,7,13,4,4,9,2,6,15,5,15,8,17,1,18,9,0
2766,9,13,8,7,10,13,8,16,9,3,18,0,14,12,11,18,9,14,8,6
2767,8,17,15,3,13,5,18,15,12,15,6,13,14,13,0,16,7,1,8,13
2768,0,18,9,18,16,12,2,19,19,8,3,11,7,9,10,15,1,3,2,18
2769,18,8,15,19,6,14,2,13,12,15,8,0,6,15,9,7,11,15,9,13
2770,11,2,18,9,19,2,19,18,5,7,19,11,12,7,11,6,9,14,12,8
2771,1,12,8,4,14,1,19,16,0,11,2,4,13,19,16,16,19,17,9,5
2772,3,6,9,12,6,4,3,18,18,0,10,18,4,2,19,10,1,7,2,9
2773,2,4,2,19,5,11,4,9,12,17,13,14,5,13,14,17,3,14,4,0
2774,15,6,13,17,15,5,12,10,15,12,12,17,12,4,0,1,8,10,16,1
2775,12,9,7,10,3,2,2,10,13,5,10,19,0,5,13,11,19,10,14,18
2776,5,4,7,11,16,16,13,17,13,19,2,6,4,12,0,14,13,2,18,17
2777,6,6,16,5,8,4,14,2,19,9,16,14,15,10,12,3,17,3,19,3
2778,8,18,13,1,10,1,12,9,16,4,4,8,11,15,16,17,15,17,15,19
2779,1,8,16,14,19,19,8,19,14,7,4,8,6,3,7,15,13,17,5,19
2780,3,13,18,8,18,15,7,7,0,14,3,16,16,8,13,15,16,6,2,2
2781,15,4,16,19,14,19,19,3,13,13,8,6,3,4,9,1,1,9,8,16
2782,10,7,5,19,2,3,16,15,11,2,16,17,11,19,5,15,14,9,19,7
2783,6,9,13,16,14,7,3,6,13,2,1,13,19,13,7,19,3,11,9,0
2784,11,14,15,1,17,4,13,17,11,7,10,7,9,0,14,17,18,3,15,15
2785,5,1,2,17,1,4,2,3,17,15,17,10,19,10,16,5,7,9,8,4
2786,3,13,5,16,18,11,11,0,11,0,11,6,14,15,5,12,17,15,9,13
2787,6,2,19,2,18,12,9,19,19,3,4,13,3,12,6,15,19,13,14,14
2788,15,16,0,1,7,18,1,9,8,19,15,9,12,6,19,9,0,19,6,11
2789,7,0,12,16,10,1,10,5,16,17,11,13,14,5,17,4,3,4,14,18
2790,2,19,5,9,17,5,0,10,6,2,15,11,8,6,16,9,18,7,7,15
2791,5,6,1,11,12,17,8,0,10,2,0,2,11,9,1,4,2,9,9,3
2792,2,0,6,19,3,14,7,10,4,5,17,8,13,17,19,4,9,5,16,0
2793,19,18,17,19,7,4,9,14,12,1,5,18,4,11,4,4,19,13,1,4
2794,0,4,12,9,17,13,3,16,8,3,3,10,4,12,16,15,2,18,10,8
2795,18,6,2,17,10,2,1,12,2,9,14,11,4,4,3,11,13,6,13,18
2796,7,18,3,4,12,19,13,19,12,5,10,10,2,0,7,16,10,17,4,13
2797,7,18,13,0,15,18,13,15,4,18,19,9,2,0,12,17,2,0,8,14
2798,10,9,5,15,2,17,10,11,0,7,4,12,9,2,4,7,0,12,13,9
2799,12,13,18,15,14,8,4,8,9,16,8,10,15,0,16,7,18,4,11,14
2800,0,1,8,2,14,19,14,1,15,8,3,12,14,16,12,10,5,18,13,16
2801,1,7,17,14,19,8,9,16,12,17,14,18,7,17,8,0,18,4,16,7
2802,6,4,11,3,9,5,15,7,12,11,10,15,2,18,0,0,13,11,17,1
2803,13,13,5,15,19,4,2,13,10,0,11,10,16,19,13,13,10,7,14,9
2804,3,4,4,15,11,19,19,19,4,14,5,16,17,10,4,13,8,5,2,10
2805,14,9,7,0,15,13,4,6,17,11,0,3,15,3,14,6,0,6,3,0
2806,13,16,10,15,0,2,9,0,19,10,12,17,0,17,2,13,12,9,19,16
2807,14,16,17,17,14,7,18,10,7,9,7,6,3,16,0,9,17,9,11,8
2808,11,10,3,8,3,10,18,3,1,19,8,4,19,0,18,10,4,16,10,4
2809,0,10,17,13,7,5,12,9,19,1,18,8,6,4,4,18,8,10,9,9
2810,18,18,1,17,7,8,4,14,1,8,13,2,10,11,13,9,8,4,5,3
2811,11,7,14,15,6,0,16,12,10,3,14,7,19,3,11,2,1,18,19,6
2812,19,13,4,17,6,8,11,9,8,13,18,18,8,17,1,2,1,3,7,19
2813,13,0,17,9,11,2,3,16,15,15,16,12,5,5,3,19,19,3,7,8
2814,6,16,5,0,1,0,18,9,15,11,9,7,9,8,9,2,14,15,4,11
2815,16,10,8,3,0,9,14,17,6,2,12,2,15,3,2,2,18,4,8,10
2816,0,14,15,1,11,12,9,17,18,3,9,17,7,5,8,0,7,9,19,7
2817,0,2,13,2,5,12,8,15,10,5,2,3,2,15,12,7,2,14,2,12
2818,18,4,16,13,14,1,6,10,1,11,11,6,15,10,9,18,17,18,12,8
2819,14,6,13,14,15,1,11,9,19,8,7,8,15,17,16,18,2,10,2,0
2820,8,2,19,19,15,15,12,8,11,11,15,16,14,4,14,15,3,13,3,15
2821,11,12,13,2,15,18,13,14,14,8,0,18,19,15,16,7,2,3,19,7
2822,12,15,2,1,4,15,6,0,15,16,13,10,6,2,17,13,6,8,13,16
2823,10,7,11,5,9,13,19,15,14,6,13,16,13,2,2,4,4,13,8,5
2824,8,12,11,3,1,17,18,10,14,7,11,14,3,11,13,8,11,7,3,17
2825,17,5,1,9,9,3,17,12,15,10,13,8,14,1,18,12,18,4,15,19
2826,18,0,16,12,0,10,14,1,16,14,5,4,3,13,17,3,4,15,15,8
2827,2,8,1,16,17,11,6,9,5,13,5,5,18,14,9,16,9,0,4,16
2828,7,18,4,3,18,17,9,12,5,2,10,8,7,10,8,16,18,5,4,5
2829,10,0,16,8,2,11,15,15,18,4,0,7,1,19,19,3,8,17,17,18
2830,19,9,4,15,8,9,14,6,3,15,18,14,15,1,6,8,12,6,17,19
2831,12,19,0,13,1,19,17,14,2,10,1,8,7,1,0,6,19,7,8,12
2832,6,15,8,12,2,1,16,2,0,5,0,15,0,10,5,17,18,11,1,3
2833,0,4,3,4,0,14,0,9,12,7,3,0,4,7,14,14,1,6,13,18
2834,11,17,1,17,13,12,7,5,10,16,0,15,0,3,6,5,0,11,16,14
2835,3,18,6,6,6,5,3,7,3,5,5,19,19,18,4,13,12,1,17,6
2836,1,15,11,13,8,4,10,9,6,14,4,17,2,10,19,1,17,11,16,3
2837,16,9,10,5,9,2,8,3,19,4,8,16,2,15,4,1,2,12,9,9
2838,17,8,9,13,18,7,16,14,9,3,4,1,5,3,1,7,13,3,19,18
2839,14,16,8,19,18,17,18,16,14,17,16,4,12,12,13,3,18,11,0,9
2840,17,19,3,4,5,11,10,0,14,13,4,14,2,5,19,10,12,8,16,5
2841,18,9,6,8,8,19,4,10,13,0,8,15,17,3,10,11,3,1,11,19
2842,12,15,11,11,4,7,17,19,0,7,9,0,11,13,1,14,15,18,2,4
2843,5,5,16,11,2,14,15,4,0,15,13,17,5,4,11,1,7,8,13,19
2844,8,2,13,9,5,14,17,0,6,2,12,6,3,14,0,8,12,12,11,15
2845,0,6,13,3,18,19,2,17,14,12,13,15,4,6,19,0,12,8,5,7
2846,12,15,17,1,6,0,0,10,5,17,7,12,16,17,9,6,3,12,6,10
2847,2,10,12,18,13,12,18,17,19,1,19,19,16,2,15,0,17,18,6,2
2848,17,1,12,8,11,4,7,10,16,7,15,11,4,18,11,11,1,18,1,17
2849,9,10,11,7,14,19,1,2,9,4,13,10,0,6,8,8,6,1,5,16
2850,7,15,17,6,2,7,15,19,7,6,8,7,0,7,1,3,4,14,14,14
2851,14,11,4,12,5,2,4,17,2,4,4,16,9,4,12,8,4,10,8,6
2852,8,12,17,9,5,11,17,18,17,16,15,5,5,9,2,0,16,3,12,7
2853,5,9,10,5,4,15,4,15,14,7,3,2,6,9,8,6,7,17,10,2
2854,19,1,10,7,1,6,16,6,11,6,17,14,17,0,13,2,14,10,5,2
2855,11,8,0,8,10,7,1,11,16,6,9,2,8,11,16,0,8,10,10,4
2856,18,6,3,7,19,7,18,11,17,4,19,17,5,11,6,7,3,0,10,15
2857,19,3,19,1,3,13,13,15,4,11,9,16,7,11,12,17,13,1,18,1
2858,4,17,14,10,18,9,6,1,6,0,14,8,18,10,0,4,4,12,6,13
2859,14,8,19,12,7,0,17,18,12,2,11,18,16,6,7,1,15,6,15,10
2860,10,12,15,12,2,6,3,18,17,19,18,1,14,4,2,19,12,18,13,7
2861,11,18,19,7,12,15,0,15,16,4,12,16,11,10,5,5,2,1,16,6
2862,3,0,14,19,4,16,13,4,11,15,11,10,12,3,10,12,11,16,8,15
2863,4,2,5,14,15,5,10,8,16,14,15,0,7,1,0,4,7,6,4,8
2864,10,16,19,4,12,15,17,4,14,6,12,9,2,15,19,12,8,11,8,6
2865,14,2,2,14,13,18,7,19,6,3,0,14,6,4,19,4,16,8,19,3
2866,9,5,16,1,18,6,6,19,16,18,5,10,19,19,11,11,13,13,3,18
2867,10,1,3,9,6,14,16,15,19,2,18,8,5,14,15,0,14,17,18,4
2868,6,7,13,6,8,15,15,11,15,12,10,17,6,9,8,17,11,1,8,3
2869,19,2,2,9,18,0,13,16,10,14,5,18,7,17,7,7,0,16,4,10
2870,15,13,2,6,1,3,1,18,13,14,17,6,4,14,0,11,1,15,17,17
2871,7,6,0,2,4,3,13,0,19,6,18,7,17,7,13,4,18,9,18,12
2872,15,19,9,10,10,8,2,6,3,10,19,16,15,5,16,13,12,3,8,9
2873,3,9,11,11,13,17,4,17,17,17,14,16,17,0,18,5,17,16,9,16
2874,1,9,19,15,7,18,15,12,6,7,4,12,2,15,15,7,14,17,15,0
2875,0,2,12,15,10,19,15,11,16,2,15,17,13,5,8,17,1,1,0,18
2876,12,9,9,6,19,0,11,1,18,9,17,3,1,11,1,1,1,17,18,1
2877,0,4,0,6,2,1,4,2,1,1,2,9,1,16,19,7,13,7,5,15
2878,7,19,13,8,11,15,6,11,2,7,5,14,5,14,11,17,12,1,17,0
2879,14,2,8,13,14,17,13,3,1,0,6,11,12,14,11,16,7,18,19,11
2880,5,11,9,13,10,12,15,18,8,4,13,11,10,19,1,6,13,5,0,7
2881,5,12,1,18,15,12,9,17,3,8,1,19,9,6,15,2,9,11,16,8
2882,3,16,4,9,16,5,19,19,17,18,17,6,1,9,2,11,5,7,19,3
2883,17,16,3,9,8,4,3,12,9,15,2,17,10,0,6,4,1,19,12,8
2884,9,3,12,9,15,0,10,11,3,13,3,3,5,3,18,5,0,1,12,13
2885,5,2,17,18,10,0,9,5,9,1,14,17,16,19,12,0,1,11,2,2
2886,3,4,19,18,17,4,4,18,19,13,14,18,18,9,12,16,17,6,9,9
2887,7,12,14,4,18,10,7,12,14,6,11,17,16,18,12,15,13,11,5,2
2888,3,16,8,19,2,2,8,0,9,19,7,1,3,9,14,11,0,14,7,2
2889,0,14,2,1,9,3,18,16,14,11,4,6,11,7,6,19,4,13,8,18
2890,17,19,17,11,2,13,16,5,19,12,9,2,13,2,4,9,11,12,14,16
2891,13,3,19,14,10,11,2,9,13,11,8,4,13,8,3,16,19,11,13,12
2892,11,14,13,3,7,8,7,12,18,7,13,7,0,7,0,14,17,1,15,7
2893,4,16,13,13,14,18,12,12,1,5,8,3,12,17,19,15,3,11,4,9
2894,14,9,8,14,1,2,13,18,6,17,16,14,8,18,2,18,3,16,2,15
2895,5,13,17,12,8,8,18,4,13,15,5,1,13,10,1,13,15,14,8,7
2896,0,13,11,16,12,10,14,5,1,4,13,17,0,13,11,7,5,15,12,4
2897,13,9,18,12,8,14,4,9,0,12,16,16,17,18,2,7,5,18,16,8
2898,10,8,10,5,16,4,18,1,4,0,9,2,19,13,11,9,14,7,6,5
2899,0,6,15,7,2,9,7,16,13,9,4,15,17,13,12,3,3,6,6,4
2900,15,18,1,4,19,16,17,5,2,12,13,11,3,17,3,7,8,2,2,1
2901,9,5,19,14,11,19,13,8,1,0,18,17,16,10,0,15,13,18,0,13
2902,18,12,8,16,7,6,7,0,11,9,7,2,5,13,5,14,18,9,1,7
2903,7,18,5,19,4,11,16,12,16,14,1,10,8,4,1,6,2,11,1,13
2904,15,0,4,16,9,0,17,0,9,16,16,19,9,4,5,16,0,9,6,14
2905,12,14,5,17,2,0,11,16,14,13,19,6,16,19,19,0,13,3,8,19
2906,4,6,18,17,7,16,18,4,9,9,6,16,9,7,14,3,2,8,19,3
2907,0,15,1,16,8,2,10,9,4,5,11,0,19,17,18,2,1,5,14,13
2908,11,9,0,0,14,18,17,16,3,15,0,13,11,19,14,8,12,1,15,16
2909,14,15,17,14,10,1,3,5,18,18,10,16,8,16,1,14,0,0,2,7
2910,2,10,6,4,14,11,8,19,11,12,13,0,11,12,9,10,5,16,14,17
2911,13,14,6,12,13,17,0,0,3,11,14,8,15,1,8,7,13,7,15,16
2912,11,12,10,13,7,15,14,9,8,4,12,13,10,1,5,0,12,1,15,14
2913,13,13,0,11,16,8,9,6,12,5,6,13,10,2,17,10,12,9,13,13
2914,0,6,3,9,11,9,5,16,16,18,16,19,17,12,2,2,8,1,16,0
2915,18,2,19,11,16,3,11,13,9,2,11,0,10,13,7,7,4,7,6,16
2916,17,14,9,0,18,0,10,15,17,6,18,12,7,13,8,10,7,14,0,16
2917,9,13,13,8,1,8,10,17,1,9,11,13,12,8,15,5,14,1,14,15
2918,13,6,11,11,17,6,4,16,0,2,3,13,8,12,6,12,11,18,12,16
2919,4,16,1,19,2,7,2,7,5,19,7,3,6,14,15,11,4,0,17,13
2920,11,19,11,2,16,15,5,16,4,3,5,11,7,11,9,4,15,9,19,11
2921,7,19,8,11,11,17,5,9,16,4,17,10,17,9,13,18,1,3,13,3
2922,15,1,8,13,19,4,7,19,19,19,7,12,2,11,11,10,9,4,14,1
2923,7,6,0,17,7,19,0,16,3,6,14,3,19,8,18,18,12,17,9,17
2924,0,10,17,2,18,19,1,18,11,6,9,4,17,13,11,9,6,18,4,17
2925,1,19,16,3,17,9,1,15,5,13,13,0,14,3,6,2,9,11,15,13
2926,13,6,16,17,7,8,8,13,0,18,3,8,4,1,12,8,10,18,3,12
2927,0,12,13,12,7,7,9,13,19,13,0,18,15,17,15,0,1,16,9,8
2928,2,4,14,3,13,13,8,2,13,8,13,10,13,4,10,3,8,18,10,10
2929,3,14,10,18,1,12,6,8,2,9,9,7,16,14,12,18,0,1,5,11
2930,17,19,0,17,1,17,11,11,7,0,6,0,4,17,1,2,19,0,11,5
2931,0,16,8,4,7,0,13,12,7,18,9,10,13,14,3,11,16,16,10,19
2932,19,19,9,15,1,10,5,19,6,9,18,15,15,8,8,18,9,3,19,1
2933,8,19,19,16,5,12,0,15,5,18,13,5,16,16,11,10,15,3,16,12
2934,0,5,8,17,16,13,3,16,10,11,19,11,4,3,7,19,9,3,19,11
2935,11,16,4,17,12,12,6,12,19,14,9,11,8,2,1,15,17,12,17,18
2936,13,1,7,8,9,16,3,4,3,1,14,2,3,13,2,13,11,9,7,18
2937,17,11,12,12,4,3,8,0,17,1,16,1,16,8,6,16,12,7,16,2
2938,0,0,6,13,14,18,13,2,1,0,3,14,9,7,2,3,8,8,13,6
2939,8,5,12,8,4,17,7,18,11,10,16,0,13,14,9,7,18,17,4,8
2940,15,12,13,8,7,7,13,11,9,9,5,15,7,2,4,17,8,13,2,15
2941,16,1,17,3,4,15,16,13,8,13,3,15,16,4,4,15,18,15,7,15
2942,5,0,3,16,9,4,16,5,13,5,15,3,11,0,10,15,17,10,2,4
2943,16,2,3,10,19,14,0,12,17,5,17,0,8,18,1,13,15,17,16,12
2944,13,3,5,11,6,6,11,19,7,5,13,10,11,2,9,3,11,10,17,19
2945,15,14,11,7,7,10,5,10,14,12,6,10,4,5,17,7,4,1,5,15
2946,7,0,11,0,7,10,17,18,5,11,16,18,4,19,16,16,6,2,15,8
2947,3,5,18,17,19,14,4,4,17,13,17,3,8,5,19,3,10,3,19,18
2948,6,19,7,3,4,10,18,4,10,2,0,10,3,2,15,1,19,1,19,15
2949,5,10,8,3,12,10,10,13,3,15,13,14,10,14,13,17,11,7,0,2
2950,9,2,15,10,12,19,0,2,5,4,18,17,10,4,7,7,2,9,1,17
2951,3,9,17,6,2,6,3,11,8,5,11,15,15,19,13,18,18,18,8,10
2952,6,2,2,14,18,15,15,4,4,11,19,16,0,6,1,4,1,16,13,10
2953,8,13,15,4,4,9,15,5,2,15,6,19,18,8,3,2,7,2,15,8
2954,16,5,8,16,16,3,11,15,17,15,17,1,8,5,3,6,3,0,10,16
2955,7,11,17,1,4,4,6,14,16,12,1,9,4,3,2,15,3,5,1,17
2956,0,1,3,2,2,2,8,9,8,2,1,0,4,0,19,4,8,14,11,12
2957,16,18,0,16,17,9,7,7,14,9,3,9,8,14,2,12,9,19,9,8
2958,13,6,2,10,16,6,4,14,18,12,7,3,3,6,2,18,6,6,6,6
2959,15,17,10,1,9,5,15,15,3,15,3,14,8,19,16,15,11,9,6,17
2960,17,13,3,0,17,11,4,14,8,7,15,10,9,2,3,9,3,12,11,3
2961,14,13,11,7,8,11,12,9,19,9,1,12,3,11,16,18,16,3,5,10
2962,8,14,2,10,3,9,15,10,3,9,0,14,6,8,16,5,19,8,9,11
2963,8,7,4,0,6,6,9,13,11,0,16,8,5,13,6,19,19,3,6,9
2964,5,1,0,6,6,10,11,3,6,16,12,8,19,2,0,10,13,10,10,2
2965,13,1,6,17,14,5,12,13,16,3,16,4,12,9,6,18,1,13,13,12
2966,7,5,10,15,18,19,17,11,5,8,9,13,2,19,16,4,9,6,4,6
2967,13,6,9,9,0,4,5,11,9,12,13,3,5,4,11,13,16,3,4,3
2968,13,11,7,14,11,6,10,6,10,9,17,4,0,11,13,0,18,17,6,5
2969,5,10,2,10,11,17,18,15,0,5,3,4,18,1,0,15,18,18,5,10
2970,2,4,0,19,19,15,19,18,10,8,6,16,8,15,5,0,19,4,2,8
2971,7,15,8,18,2,16,16,16,8,17,0,15,3,7,16,5,15,19,18,8
2972,15,0,19,9,1,1,13,19,16,7,8,7,9,5,18,0,16,15,16,17
2973,19,13,4,15,13,6,14,12,4,9,7,12,8,5,19,17,5,8,2,3
2974,18,17,12,10,5,5,6,9,6,18,10,9,12,16,7,6,5,2,3,0
2975,13,10,8,9,3,3,11,11,10,19,16,7,13,12,18,9,6,4,1,15
2976,11,15,4,10,9,15,18,12,0,0,13,18,14,3,4,18,9,0,3,5
2977,18,2,0,7,18,0,11,0,8,2,11,11,6,11,2,3,11,17,14,17
2978,1,12,12,19,0,0,10,16,15,6,16,13,8,12,4,9,17,16,16,14
2979,3,16,18,7,6,9,14,5,2,14,17,11,19,18,15,13,0,10,18,15
2980,16,19,5,2,0,16,5,13,2,1,15,16,10,10,0,11,5,0,5,14
2981,4,10,8,2,0,13,9,11,16,15,19,6,3,2,7,11,11,3,16,15
2982,0,1,11,10,5,17,14,11,12,2,16,0,17,10,13,3,13,6,17,10
2983,1,13,1,5,13,6,2,16,16,4,8,17,3,7,16,2,18,18,1,2
2984,3,2,17,5,3,4,17,13,18,5,15,9,15,4,6,18,13,4,3,4
2985,19,18,12,15,9,6,6,14,4,0,7,16,5,2,4,12,3,5,13,0
2986,6,10,1,4,4,5,18,10,14,13,2,9,15,1,18,10,9,6,2,2
2987,1,16,8,2,13,14,19,2,3,3,18,12,14,2,17,11,1,11,19,1
2988,3,13,8,14,13,2,4,5,18,17,17,10,6,7,5,12,17,17,14,8
2989,13,9,3,8,1,14,15,4,2,14,15,1,18,6,16,11,17,1,8,17
2990,5,0,3,3,9,2,18,13,16,19,11,7,14,15,1,17,4,3,16,5
2991,0,15,5,5,11,3,6,13,4,7,16,18,2,9,6,2,9,19,11,17
2992,15,17,1,19,19,2,16,13,10,9,16,9,3,10,16,6,10,18,5,6
2993,4,4,10,19,9,4,18,0,2,6,1,4,4,8,11,8,3,3,9,15
2994,19,0,14,9,13,12,4,12,16,19,11,11,3,12,13,3,14,0,14,4
2995,19,5,3,9,2,3,17,13,2,6,6,16,1,12,9,10,10,3,16,9
2996,17,6,9,8,14,17,15,14,15,16,1,10,1,15,19,4,7,2,16,5
2997,12,3,2,7,4,1,15,8,18,12,2,8,12,1,3,15,15,8,4,7
2998,19,4,19,8,19,1,14,0,9,2,18,2,17,2,15,0,14,11,4,9
2999,18,3,12,10,16,12,10,7,2,13,9,11,16,16,9,8,2,14,12,6
3000,14,7,0,13,9,1,16,19,16,15,8,19,0,1,10,12,19,16,16,6
3001,3,4,11,11,14,4,16,10,7,16,8,11,4,7,9,3,18,19,0,12
3002,12,15,14,8,10,11,8,18,5,6,5,19,1,8,19,16,7,0,15,17
3003,12,16,4,1,19,5,12,19,0,6,15,18,11,11,14,17,10,11,4,4
3004,13,3,2,8,4,11,8,8,9,15,3,4,3,6,2,9,3,19,19,0
3005,13,7,7,4,15,9,14,2,12,7,4,19,9,8,0,6,3,2,13,16
3006,1,3,18,2,14,15,16,8,2,19,6,10,16,14,17,16,1,14,6,11
3007,6,16,11,17,2,13,0,16,5,7,12,17,13,0,3,7,8,14,5,11
3008,7,3,8,17,6,11,15,14,8,10,17,6,9,4,0,2,2,0,7,18
3009,17,10,7,5,17,5,16,6,18,9,10,15,5,8,19,4,1,2,8,17
3010,4,9,2,0,12,14,9,0,17,11,10,19,8,4,14,6,17,11,14,18
3011,12,13,19,14,16,16,1,11,6,3,0,16,19,16,16,12,15,2,16,7
3012,4,0,6,13,14,13,16,0,17,1,10,0,13,2,14,11,18,19,14,4
3013,11,1,19,19,18,8,11,3,15,18,8,12,7,16,10,4,6,1,11,7
3014,13,6,6,15,11,7,10,1,17,4,9,9,6,3,16,16,5,9,1,6
3015,7,4,7,14,5,12,15,7,5,11,4,12,12,14,3,6,0,5,14,14
3016,19,3,17,1,11,10,17,13,5,18,13,1,8,15,12,7,0,6,6,9
3017,16,10,3,3,10,1,4,7,19,16,5,19,0,17,17,8,7,18,13,16
3018,15,4,4,0,15,19,13,2,10,1,9,12,13,10,5,14,10,15,4,9
3019,2,16,10,9,8,9,1,4,1,7,3,6,19,16,12,10,9,2,3,4
3020,10,12,18,5,7,10,16,17,11,7,12,19,2,5,3,0,11,4,19,9
3021,12,17,6,12,0,8,8,13,8,17,3,9,10,8,16,16,10,11,19,13
3022,7,9,0,19,17,10,5,13,13,0,14,8,9,16,14,11,19,4,19,11
3023,12,3,19,13,18,16,11,6,5,12,6,11,12,3,6,7,9,16,14,10
3024,9,1,2,11,10,3,12,10,3,19,1,9,11,2,4,6,1,18,4,13
3025,6,12,1,3,0,10,8,0,8,18,16,0,9,8,3,13,12,3,17,16
3026,14,3,0,6,0,1,1,7,15,15,10,6,16,0,2,14,3,8,14,9
3027,14,8,18,8,8,9,10,16,11,4,12,12,15,2,9,8,0,6,14,12
3028,4,2,16,11,5,3,16,12,0,13,11,15,9,2,13,11,12,11,16,3
3029,17,7,18,14,7,4,10,2,11,15,4,2,3,12,6,12,5,2,14,17
3030,1,9,18,11,19,16,7,12,4,3,2,2,11,11,16,12,14,12,1,15
3031,15,12,9,14,14,16,2,18,12,4,19,11,16,15,10,3,5,3,16,3
3032,0,6,1,11,13,11,13,12,9,17,12,11,10,15,2,19,13,2,15,15
3033,16,15,2,10,19,14,15,8,19,13,12,16,13,15,9,7,10,15,17,9
3034,2,12,15,5,0,9,13,2,12,9,16,9,10,9,13,9,5,11,1,19
3035,10,0,6,0,0,6,11,10,19,16,19,6,19,11,18,1,4,6,2,10
3036,17,8,3,19,14,15,4,17,14,10,11,16,8,16,13,11,10,0,11,9
3037,7,12,15,3,9,5,18,3,10,19,11,2,4,16,13,4,7,11,15,4
3038,12,1,14,11,12,9,18,5,18,9,8,8,10,7,0,5,17,17,13,4
3039,15,4,17,10,13,14,11,12,1,10,6,18,2,13,10,4,0,4,17,9
3040,1,11,0,5,14,10,3,17,3,2,19,2,12,7,0,5,9,11,1,0
3041,8,7,18,13,7,18,7,19,6,9,14,12,14,17,3,15,7,11,9,13
3042,4,18,0,14,10,14,2,5,15,13,12,7,10,6,13,4,10,17,5,3
3043,0,17,3,0,12,15,13,9,2,18,5,17,18,12,19,13,17,16,10,16
3044,16,12,10,6,3,0,18,12,16,11,1,15,9,17,16,19,11,9,13,6
3045,5,6,5,9,3,4,18,19,2,7,16,9,7,19,14,11,4,2,8,7
3046,6,3,15,13,18,15,12,15,4,9,16,9,9,1,6,0,3,10,17,3
3047,10,0,19,9,19,19,11,2,1,2,9,3,5,18,8,1,6,18,16,19
3048,2,9,0,18,3,17,3,6,11,7,1,1,12,16,0,13,1,4,8,3
3049,7,4,6,8,13,0,11,7,1,0,5,2,1,4,13,1,1,4,3,4
3050,11,4,10,10,12,8,8,5,18,7,10,2,11,10,17,2,2,2,1,11
3051,17,2,19,2,2,17,15,10,14,2,7,7,13,14,16,16,15,2,19,8
3052,2,16,8,3,5,1,2,1,19,5,6,2,4,9,4,9,14,1,8,1
3053,9,13,16,11,15,18,7,17,16,3,15,6,11,16,16,4,7,13,6,17
3054,18,1,19,0,19,18,16,14,0,9,16,5,15,0,6,6,7,12,6,6
3055,12,13,10,3,0,8,4,11,11,18,9,17,1,6,11,2,2,13,6,16
3056,1,12,0,0,8,13,6,3,5,10,7,3,7,15,17,5,12,19,1,9
3057,7,0,8,12,7,16,2,14,0,10,6,1,12,18,8,17,2,2,6,3
3058,3,11,3,0,3,14,18,9,18,6,12,9,11,7,3,13,11,3,9,12
3059,3,4,14,6,18,12,19,8,8,0,19,18,3,18,13,19,5,17,2,0
3060,5,17,2,9,15,13,9,3,7,6,6,2,14,10,12,8,17,7,9,19
3061,12,10,15,13,0,18,10,1,9,6,9,14,3,18,19,3,10,4,11,17
3062,9,7,8,16,17,9,6,19,8,9,12,12,18,9,10,17,2,17,10,7
3063,7,19,8,14,8,14,18,11,5,12,16,19,6,12,7,7,3,6,10,9
3064,17,4,18,17,7,13,19,9,13,15,6,6,2,2,7,3,17,7,7,3
3065,8,15,16,16,12,3,7,4,18,5,16,17,14,2,9,9,19,17,6,13
3066,11,16,17,3,4,13,15,18,10,17,15,10,9,19,16,4,7,17,6,4
3067,11,18,4,14,9,10,16,2,0,14,9,11,8,11,13,11,13,15,18,17
3068,1,4,18,3,3,15,14,14,17,5,16,2,16,2,6,16,17,4,15,14
3069,13,1,15,8,9,19,10,12,13,5,2,0,18,10,0,4,16,15,13,7
3070,1,10,0,16,2,3,10,19,16,1,18,10,1,19,14,17,5,3,14,18
3071,1,13,4,9,10,4,4,6,10,7,0,16,9,11,7,5,1,18,9,18
3072,14,8,17,11,7,8,6,6,15,10,1,18,8,13,14,7,5,1,19,18
3073,6,8,14,17,12,19,11,12,18,5,11,6,16,16,19,12,18,2,12,10
3074,2,2,14,4,8,14,4,10,2,18,7,18,0,10,3,6,4,11,9,14
3075,17,7,11,5,12,12,6,16,7,6,4,12,19,12,3,1,16,8,9,15
3076,5,3,17,3,18,16,15,0,8,14,7,7,19,4,8,7,18,18,3,8
3077,7,4,16,16,10,3,13,16,8,2,9,19,15,17,13,1,10,9,9,6
3078,11,13,19,8,14,16,3,0,7,13,3,7,2,2,10,2,5,9,0,16
3079,9,19,6,1,5,6,1,10,17,5,0,5,13,9,9,6,5,14,9,7
3080,11,17,18,9,19,9,8,7,18,8,9,12,12,17,17,8,19,12,3,9
3081,6,16,15,13,0,2,18,12,4,16,16,1,17,13,4,17,2,11,9,13
3082,19,7,7,4,14,17,16,16,17,16,11,18,2,14,9,9,0,0,13,7
3083,10,14,0,8,19,14,18,15,18,3,0,13,18,2,17,16,9,14,12,10
3084,2,10,3,8,10,14,0,3,5,9,0,8,16,4,2,16,0,0,8,9
3085,7,2,14,8,12,13,17,7,9,18,3,17,17,8,19,0,12,1,3,15
3086,3,8,0,8,16,8,15,14,9,9,19,4,5,6,15,17,2,13,19,9
3087,14,19,2,18,14,12,16,1,17,2,15,5,0,3,7,9,10,14,3,8
3088,10,9,18,4,0,11,7,13,4,0,9,12,8,12,3,10,4,12,7,19
3089,16,13,0,9,5,13,11,18,16,15,1,12,10,15,12,4,2,9,0,19
3090,17,8,0,17,15,4,1,9,13,12,19,16,6,6,14,15,1,5,12,7
3091,2,5,4,7,18,0,2,11,14,16,3,3,16,15,2,6,12,15,6,14
3092,14,9,5,13,0,18,5,10,5,6,17,7,9,2,16,2,10,8,6,13
3093,12,13,13,10,12,0,9,19,2,6,7,9,4,3,11,5,15,19,2,1
3094,19,9,5,5,9,1,9,12,12,0,2,15,4,12,3,18,5,12,17,0
3095,5,15,10,0,1,11,16,1,19,4,0,3,19,6,14,2,10,1,10,9
3096,10,14,5,17,10,0,8,14,3,3,0,0,0,12,19,10,13,8,1,16
3097,0,14,9,3,10,13,5,9,15,13,1,18,4,7,2,12,16,19,19,18
3098,14,1,8,13,15,11,9,8,9,6,14,18,7,19,3,10,4,11,3,9
3099,2,9,13,3,12,17,15,1,13,9,2,9,16,0,7,5,0,3,16,10
3100,9,15,9,7,4,18,2,0,8,9,8,17,11,16,5,12,11,0,14,12
3101,17,10,13,16,19,3,3,13,6,7,10,12,3,7,14,4,16,7,14,11
3102,8,18,7,16,8,19,12,18,18,9,13,18,16,4,16,5,9,16,11,0
3103,14,17,15,17,8,1,13,2,9,13,4,5,17,5,5,11,11,2,7,1
3104,14,9,16,10,1,11,15,6,15,4,2,11,2,6,15,9,8,2,11,14
3105,11,19,14,0,14,7,12,9,4,9,4,18,6,12,11,5,3,8,4,14
3106,16,4,3,10,17,19,13,2,14,12,11,3,12,17,14,7,19,15,11,18
3107,17,10,7,18,15,13,4,6,16,13,15,7,15,12,1,2,1,6,7,16
3108,1,8,15,0,15,17,0,14,18,19,6,14,3,10,6,1,5,1,12,0
3109,12,5,19,10,3,18,11,12,18,1,3,19,15,13,11,18,10,6,7,6
3110,5,0,3,8,6,15,14,11,9,6,7,5,11,11,14,16,3,15,19,5
3111,15,17,12,6,19,1,1,16,4,14,0,12,19,0,6,6,15,11,17,0
3112,16,15,7,17,8,12,8,3,12,2,6,14,0,5,17,19,8,5,10,16
3113,7,6,10,9,2,2,2,9,10,4,8,8,9,8,16,17,14,11,10,9
3114,4,14,19,3,12,8,6,17,13,4,13,7,14,11,12,13,17,12,15,7
3115,1,3,9,8,13,18,1,18,10,3,3,18,15,10,12,16,6,16,12,6
3116,8,3,10,11,16,16,7,9,13,17,10,2,5,12,12,14,12,8,8,14
3117,3,0,10,7,2,7,17,18,15,13,14,4,10,11,3,4,10,3,9,4
3118,1,3,8,4,2,0,19,7,16,9,14,11,18,2,7,8,1,16,9,19
3119,14,12,2,15,3,10,4,2,7,13,1,17,15,2,18,6,14,6,7,1
3120,2,2,10,7,19,8,6,8,13,15,10,8,10,18,9,10,6,11,11,16
3121,15,17,10,8,4,7,11,6,8,3,6,18,17,0,12,12,4,2,4,5
3122,5,1,4,17,9,13,9,15,8,19,10,15,10,11,1,17,13,9,0,11
3123,4,18,3,1,9,5,11,0,14,16,15,7,0,10,6,18,10,4,2,6
3124,8,2,16,10,0,7,7,1,6,5,9,11,3,3,15,13,6,18,12,14
3125,2,8,1,2,3,9,3,3,2,18,19,15,19,2,11,14,8,6,12,14
3126,0,2,19,13,19,9,16,2,12,17,11,17,1,10,8,9,17,10,15,2
3127,17,7,3,10,0,6,19,7,6,14,9,14,9,2,15,19,19,6,11,5
3128,14,16,9,15,10,9,5,19,15,19,14,7,9,15,17,9,12,4,18,6
3129,10,9,11,19,16,3,19,1,2,6,8,8,2,7,11,16,5,9,15,10
3130,12,2,15,10,6,6,0,14,10,13,12,1,18,10,17,17,11,0,5,3
3131,6,5,14,1,15,2,15,18,10,13,7,11,5,19,5,14,19,13,2,14
3132,5,8,1,9,17,9,6,8,7,11,0,1,19,11,17,3,9,13,4,0
3133,7,9,18,9,19,1,9,2,17,16,0,10,11,8,0,12,1,6,7,13
3134,5,18,18,13,6,1,4,14,8,17,10,13,3,13,10,1,2,7,8,3
3135,9,6,9,17,14,9,8,10,13,2,16,17,5,8,12,19,7,12,5,3
3136,14,16,7,7,1,13,19,9,10,12,6,18,10,19,11,9,17,18,18,7
3137,16,19,14,19,12,12,13,2,9,6,10,10,5,6,10,4,2,2,5,15
3138,7,19,3,18,14,18,0,14,13,10,18,1,15,7,10,1,6,18,13,11
3139,2,5,15,17,14,12,2,1,9,17,12,2,14,2,11,4,19,6,14,7
3140,8,16,1,0,16,5,1,8,4,10,18,1,11,7,9,16,18,7,10,5
3141,15,9,2,10,16,8,10,4,18,10,3,16,11,3,3,8,9,9,8,3
3142,14,11,16,2,16,0,5,6,15,3,6,16,6,13,6,11,13,3,10,17
3143,13,4,5,2,16,1,6,17,15,4,14,11,15,9,10,0,2,5,1,17
3144,12,6,5,16,11,1,4,12,15,4,10,17,4,4,12,17,10,5,16,8
3145,9,12,0,17,11,18,15,14,6,0,19,14,13,5,11,6,13,4,6,14
3146,17,8,9,7,11,8,14,5,5,5,13,19,15,6,5,10,2,2,19,5
3147,12,0,17,3,19,13,11,0,8,13,4,6,10,19,10,13,15,16,10,6
3148,9,16,17,11,4,3,5,9,6,10,17,1,18,11,8,8,7,4,1,2
3149,10,10,4,12,3,6,1,1,8,19,5,18,7,2,13,9,16,10,17,7
3150,9,9,3,0,9,1,8,7,12,2,7,0,2,0,7,16,12,15,16,9
3151,1,16,17,9,19,19,3,11,15,4,2,18,10,19,9,9,18,17,18,4
3152,7,13,13,3,2,18,2,0,6,19,17,14,5,17,7,1,12,8,0,2
3153,0,13,10,8,8,2,17,15,14,14,9,2,18,19,8,14,19,1,7,2
3154,12,12,6,12,11,8,10,8,10,16,0,16,11,12,2,11,2,18,4,7
3155,11,17,17,1,11,0,4,12,15,1,5,5,1,16,1,3,10,14,1,4
3156,4,8,1,10,9,13,18,11,1,7,18,16,18,14,11,10,9,12,2,3
3157,18,11,19,18,16,19,7,14,18,10,6,16,1,6,16,19,3,19,10,1
3158,8,1,14,10,14,13,4,4,3,17,12,12,6,14,18,1,3,12,3,7
3159,13,0,6,17,14,1,15,10,13,2,16,17,13,17,4,8,18,7,19,18
3160,10,12,18,18,4,14,11,9,4,10,10,17,4,6,14,3,11,16,15,9
3161,8,11,7,6,2,17,8,2,10,10,8,1,5,2,14,4,17,15,13,6
3162,0,14,7,8,19,4,2,19,9,5,18,15,10,0,5,0,17,16,15,9
3163,5,18,16,13,3,3,4,7,0,2,7,12,4,2,9,15,7,19,0,15
3164,8,18,8,7,19,1,15,1,10,13,8,12,8,9,17,10,2,12,13,2
3165,0,4,5,19,16,3,2,0,6,7,2,12,2,6,10,11,13,12,7,13
3166,18,18,2,7,7,4,6,10,11,18,0,2,15,18,2,0,5,1,12,11
3167,12,4,17,8,11,15,0,4,6,7,15,8,15,19,14,16,18,10,15,11
3168,15,16,17,14,6,12,8,11,13,1,10,16,12,9,2,6,1,9,11,11
3169,11,7,10,12,15,18,15,18,19,16,8,8,19,15,7,12,14,6,5,18
3170,16,6,6,12,5,6,0,8,11,5,10,15,5,2,6,15,11,1,18,16
3171,5,2,5,4,13,14,3,0,5,16,19,0,13,7,4,18,17,12,7,4
3172,1,1,2,9,2,14,17,18,18,15,0,6,4,19,1,8,11,4,8,10
3173,10,16,6,1,3,10,12,11,1,12,5,9,14,16,3,8,17,15,5,3
3174,14,17,17,19,11,14,0,19,13,4,17,9,0,2,11,2,9,11,14,5
3175,17,10,13,6,8,4,6,14,12,4,0,0,10,13,10,17,14,13,6,15
3176,16,7,3,1,15,2,9,4,12,6,3,15,3,19,9,19,5,8,1,8
3177,12,1,16,12,14,17,2,13,9,19,7,8,0,7,10,11,13,16,15,13
3178,17,16,8,16,18,8,1,18,10,3,4,4,15,13,6,9,15,3,8,10
3179,19,10,11,2,3,5,2,10,7,8,7,4,13,15,11,5,18,16,5,7
3180,13,18,11,14,19,19,16,14,5,19,19,14,8,0,11,12,17,17,13,18
3181,14,4,7,6,0,19,17,0,5,11,13,18,7,11,17,14,18,15,15,5
3182,19,3,5,6,15,2,9,12,2,19,17,10,3,18,12,0,17,12,7,8
3183,7,7,16,10,11,9,13,2,4,3,13,8,10,9,19,3,5,10,7,8
3184,3,4,14,7,18,4,6,17,1,10,6,7,0,10,9,2,11,6,9,15
3185,16,4,2,14,13,12,5,2,9,19,16,0,9,19,15,2,16,7,14,9
3186,4,5,16,3,14,13,19,3,16,1,18,6,15,19,9,12,3,4,1,6
3187,9,2,11,15,19,16,13,1,19,5,5,7,4,17,5,10,2,2,17,14
3188,13,3,1,10,9,18,8,18,4,7,15,18,12,11,2,2,15,4,18,8
3189,18,5,17,1,18,8,10,10,14,11,12,14,9,18,9,8,14,4,11,5
3190,15,12,2,1,7,9,18,19,9,15,10,18,18,17,11,16,15,17,8,5
3191,11,2,8,19,11,9,18,18,10,3,1,4,17,3,0,3,5,2,14,17
3192,19,8,13,17,0,10,14,4,11,10,3,12,3,15,5,15,5,10,0,9
3193,3,1,19,6,17,13,12,13,10,13,12,5,6,12,13,17,12,17,1,19
3194,10,11,4,12,14,14,7,3,2,1,1,19,7,13,1,7,0,6,6,15
3195,9,12,16,16,9,4,15,12,8,4,9,4,17,5,1,5,5,5,3,2
3196,6,7,5,3,1,14,6,2,15,4,8,18,6,11,6,8,12,7,16,14
3197,15,1,12,0,16,2,9,3,2,5,18,13,18,12,4,10,12,0,6,0
3198,2,14,17,5,4,9,16,13,4,4,6,4,4,2,15,15,12,12,5,2
3199,7,4,17,0,6,11,0,6,3,11,12,12,12,18,10,12,11,11,2,14
3200,14,19,17,10,14,6,15,1,15,10,18,10,15,11,16,11,1,14,3,17
3201,9,15,9,10,14,3,12,3,9,10,14,18,0,2,18,3,0,4,19,7
3202,0,14,16,14,8,18,7,0,12,17,10,2,19,16,6,5,16,3,0,2
3203,7,13,3,13,3,19,14,17,3,10,3,13,17,14,1,10,10,5,8,3
3204,4,1,18,12,13,12,12,19,1,4,3,6,8,8,6,6,18,10,18,6
3205,16,9,3,17,4,1,10,2,0,15,17,13,4,0,16,10,13,11,15,7
3206,17,9,3,14,4,0,18,3,11,3,6,15,9,15,17,17,1,17,16,18
3207,17,12,13,0,17,13,13,13,4,1,15,15,6,9,0,16,5,3,17,14
3208,15,0,16,13,14,16,14,3,18,13,9,10,8,9,17,2,19,18,2,18
3209,6,2,13,17,16,19,3,2,8,3,14,9,9,15,3,8,10,4,17,19
3210,18,11,2,16,13,13,5,11,9,10,17,2,2,2,9,17,17,4,11,8
3211,1,8,6,3,12,4,16,15,1,2,15,18,0,14,15,6,19,4,4,0
3212,1,9,19,11,12,12,13,15,8,17,17,1,18,2,18,0,7,11,3,2
3213,11,16,3,13,11,8,2,8,14,3,16,2,5,16,12,6,16,12,6,7
3214,14,11,15,4,17,2,12,2,3,8,18,1,2,8,18,7,19,10,0,8
3215,5,4,19,17,0,4,2,8,4,1,14,15,6,9,8,19,12,17,14,10
3216,4,16,5,3,18,18,18,8,7,11,8,1,10,17,17,7,10,4,19,8
3217,13,14,5,4,18,10,15,9,13,13,14,14,19,10,17,3,2,11,18,5
3218,8,19,9,3,5,2,19,4,17,12,16,2,19,16,2,6,17,13,3,19
3219,14,16,14,12,6,1,12,0,16,14,6,10,2,15,14,12,4,16,4,7
3220,5,8,18,7,17,4,5,6,19,14,14,10,14,17,17,4,7,4,5,11
3221,13,9,16,3,16,4,3,14,16,12,8,12,8,14,7,13,2,10,6,16
3222,12,18,2,6,1,14,1,6,11,18,13,16,12,4,7,19,6,15,7,9
3223,3,11,5,16,10,8,3,13,10,14,15,7,1,5,13,16,10,19,4,17
3224,5,3,9,6,8,17,13,7,7,18,9,3,13,5,17,3,6,10,8,6
3225,15,11,7,4,4,12,6,9,0,10,10,13,7,13,19,12,3,10,15,16
3226,6,11,10,14,12,9,9,13,5,5,0,1,13,1,8,8,18,17,16,1
3227,11,7,9,10,17,1,8,0,0,11,17,13,6,12,16,6,2,7,1,14
3228,19,5,2,5,19,4,13,13,3,5,17,19,2,11,17,15,11,15,15,0
3229,17,19,6,12,7,15,1,15,15,7,3,8,14,9,7,16,12,12,4,4
3230,5,8,0,5,11,18,8,12,18,3,14,14,15,10,7,4,8,10,0,6
3231,18,12,3,13,0,17,1,0,13,19,4,2,14,5,7,6,8,4,0,12
3232,3,10,6,13,19,6,8,4,19,18,2,18,12,4,6,1,4,13,11,3
3233,17,8,10,3,15,13,1,19,2,0,0,1,16,17,4,0,16,16,6,15
3234,16,17,8,1,12,18,9,12,18,8,19,3,19,5,2,8,17,16,8,12
3235,14,16,12,1,19,14,17,2,14,6,16,13,4,10,10,12,19,16,15,4
3236,15,3,19,1,17,14,10,15,18,12,12,7,16,8,13,0,8,18,9,16
3237,3,16,14,16,3,5,17,12,3,12,6,5,13,15,4,1,10,19,10,10
3238,16,16,11,0,2,6,7,17,4,8,2,13,10,13,4,17,11,17,6,4
3239,15,11,15,11,8,14,3,18,3,2,16,4,5,8,1,18,18,8,12,18
3240,0,2,19,19,1,11,5,10,1,8,15,3,2,3,9,13,17,9,9,9
3241,0,3,17,9,18,16,4,0,10,16,3,5,16,17,7,2,19,11,19,18
3242,8,17,11,18,5,18,15,1,3,14,14,18,2,2,4,1,4,5,0,5
3243,12,9,6,4,5,3,1,13,2,2,17,5,11,13,12,6,9,11,16,2
3244,14,13,4,6,15,8,13,4,9,6,8,17,10,8,19,11,14,5,9,12
3245,12,0,11,4,0,16,8,14,9,16,4,14,3,18,5,12,10,7,2,8
3246,9,14,18,3,1,18,9,9,5,3,4,1,15,7,1,10,0,0,7,10
3247,0,5,6,6,13,7,14,17,12,10,0,15,5,1,17,15,0,14,18,4
3248,8,10,15,6,1,18,10,19,9,19,2,16,5,17,9,16,8,7,0,17
3249,11,12,0,0,17,16,1,1,1,18,5,12,0,17,15,16,11,9,9,1
3250,19,16,10,8,8,6,3,6,10,0,11,8,13,2,17,4,1,12,19,14
3251,12,5,11,7,2,7,6,6,7,8,3,5,1,1,3,19,7,2,7,6
3252,5,6,15,15,9,9,7,18,17,9,2,1,7,16,16,4,13,11,2,3
3253,5,17,10,15,19,4,12,0,12,15,2,2,15,8,5,13,15,15,10,0
3254,2,18,6,7,12,3,11,19,9,10,9,7,0,3,16,16,7,15,6,11
3255,0,12,8,15,12,14,5,8,0,12,12,2,0,19,16,1,4,12,9,14
3256,16,1,13,14,2,19,19,0,18,7,16,2,14,3,6,9,17,13,10,8
3257,14,18,7,14,15,4,4,6,1,6,7,5,19,16,2,8,3,0,6,9
3258,3,1,2,2,19,12,0,6,0,0,0,9,11,17,2,1,13,13,14,15
3259,12,0,4,15,15,1,4,8,1,13,15,3,4,6,11,6,13,13,1,5
3260,6,1,0,3,8,15,3,15,5,19,8,19,14,15,17,0,3,15,6,13
3261,7,15,6,0,8,15,7,6,19,8,3,6,14,17,18,5,0,10,19,15
3262,2,16,18,3,6,2,18,6,17,6,10,17,7,3,9,0,10,11,9,1
3263,7,0,19,8,19,6,0,5,10,4,15,6,9,5,15,5,3,1,0,1
3264,15,13,3,15,5,17,8,0,7,14,3,18,19,17,19,12,7,8,11,10
3265,6,17,17,5,3,14,8,16,11,8,19,12,16,19,12,5,5,8,6,11
3266,13,2,17,17,19,12,11,9,7,12,13,10,3,17,5,17,1,17,12,0
3267,0,12,12,6,5,5,18,3,14,12,8,15,5,1,14,19,2,18,5,9
3268,7,8,9,10,11,18,10,19,17,3,4,2,17,14,14,17,11,3,4,5
3269,1,19,19,7,8,9,5,6,8,17,18,11,17,4,2,2,18,18,10,11
3270,13,14,8,1,16,14,3,19,13,10,15,3,0,8,5,4,11,16,18,18
3271,12,5,19,5,7,10,1,13,11,3,17,2,12,16,16,10,3,16,19,15
3272,8,18,3,12,2,4,9,10,6,3,14,6,13,14,17,18,8,15,6,3
3273,4,14,16,13,4,15,4,16,17,14,12,6,11,9,16,1,19,7,5,16
3274,11,10,13,12,2,16,13,3,5,18,18,15,16,12,16,8,3,0,19,11
3275,6,11,9,17,14,15,6,16,10,1,11,17,8,2,4,5,7,7,5,4
3276,15,9,10,1,7,15,10,2,1,10,19,16,13,10,3,12,3,16,14,7
3277,3,5,14,17,14,8,12,9,14,8,0,15,18,17,14,1,0,13,1,19
3278,13,16,2,1,18,3,19,4,17,12,8,11,9,3,18,5,1,19,3,14
3279,17,15,9,17,0,13,14,13,13,5,8,9,1,2,17,17,12,5,16,5
3280,0,8,18,17,12,5,16,16,19,15,15,18,6,15,0,1,5,10,8,13
3281,14,0,4,18,19,17,18,19,13,6,6,4,4,11,13,19,5,6,13,15
3282,10,13,11,7,13,0,5,15,11,16,12,1,10,14,16,14,11,15,2,19
3283,16,11,17,17,7,14,8,14,1,1,8,17,7,4,6,0,15,4,8,11
3284,7,14,4,2,14,12,13,10,6,3,18,15,16,8,1,15,6,8,11,15
3285,2,2,12,2,17,7,3,1,10,11,3,15,3,5,5,6,11,17,16,5
3286,7,5,17,16,18,18,14,7,5,7,6,16,19,13,0,1,6,0,17,10
3287,9,8,15,18,5,6,1,3,6,0,10,7,15,16,0,0,8,2,1,12
3288,5,18,8,3,17,12,10,7,16,13,15,0,18,4,13,16,15,2,11,11
3289,17,1,12,2,11,0,8,17,14,1,16,19,0,17,18,7,0,4,15,13
3290,17,12,16,8,7,17,3,4,2,6,9,6,4,18,12,17,15,2,12,17
3291,12,10,19,19,19,15,1,18,5,3,13,17,2,17,18,16,13,15,10,1
3292,8,16,7,14,11,19,6,15,12,12,1,0,13,3,12,17,4,11,8,6
3293,2,9,9,5,19,12,8,3,16,7,14,1,19,18,18,13,15,19,13,15
3294,16,18,15,5,1,8,5,18,14,18,9,1,18,15,15,12,9,17,2,12
3295,9,14,5,0,9,11,3,7,0,14,11,3,12,2,15,0,3,19,1,19
3296,16,3,0,15,16,4,3,3,19,17,6,19,9,7,17,10,7,10,16,5
3297,8,19,1,18,5,9,15,18,9,2,19,18,5,5,2,18,6,3,16,10
3298,0,7,4,8,16,16,19,14,17,2,1,2,1,13,18,4,0,9,6,4
3299,3,14,8,11,13,10,2,13,10,2,13,8,13,16,2,2,1,3,13,2
3300,5,2,7,17,0,5,1,10,10,15,1,17,11,3,18,2,2,7,17,11
3301,12,4,9,8,0,17,11,0,9,17,5,16,10,6,11,2,3,11,12,14
3302,15,11,6,0,8,13,1,4,15,11,11,17,5,6,19,12,7,15,6,3
3303,13,0,16,7,6,11,18,1,2,12,8,9,13,2,15,9,13,4,11,7
3304,19,16,18,14,9,10,18,9,6,5,18,11,8,14,12,2,19,7,0,3
3305,15,18,5,10,16,1,17,1,10,2,4,12,7,9,6,17,16,18,11,19
3306,17,0,10,15,16,13,17,17,14,0,2,1,12,17,15,12,9,6,13,15
3307,17,2,16,8,0,4,2,11,15,9,1,1,3,8,12,3,13,12,13,4
3308,9,8,9,17,8,7,11,5,9,7,2,10,11,1,8,6,15,4,18,4
3309,1,3,17,18,12,18,17,17,4,8,4,13,19,8,6,10,12,0,11,19
3310,15,7,9,13,14,0,10,13,15,11,13,14,3,17,16,13,8,7,4,19
3311,17,10,17,8,11,2,0,2,11,2,4,6,8,15,9,3,12,19,0,2
3312,12,17,4,4,12,17,5,19,2,11,8,10,3,14,9,17,7,9,13,3
3313,5,17,8,17,12,3,8,15,18,2,8,11,11,13,18,3,1,17,2,17
3314,16,19,18,5,5,1,5,11,8,2,14,7,10,6,9,2,15,10,6,4
3315,4,18,18,13,12,10,0,12,16,12,6,11,5,3,2,18,8,6,2,12
3316,2,15,18,15,18,11,3,5,10,3,10,17,7,4,3,16,17,0,1,17
3317,2,17,0,9,17,0,4,13,19,6,2,7,8,7,19,9,5,19,1,17
3318,13,1,16,16,10,13,3,15,16,5,6,15,0,10,15,0,6,4,5,18
3319,19,6,9,11,4,14,14,2,3,6,16,10,16,8,5,18,7,2,4,2
3320,1,1,1,17,17,5,11,6,18,16,8,5,18,18,5,11,12,13,13,10
3321,9,14,7,16,14,7,12,1,8,18,8,10,14,1,5,11,6,19,12,2
3322,11,3,6,1,16,17,6,7,11,3,3,10,11,9,12,1,6,10,2,3
3323,13,19,1,18,2,16,12,17,0,15,4,18,14,19,3,12,9,7,11,10
3324,0,2,2,16,11,18,14,0,3,4,16,13,7,12,5,17,12,5,19,10
3325,14,12,3,10,13,1,2,13,14,19,7,0,11,17,1,7,14,1,10,12
3326,5,15,3,10,19,2,7,15,2,3,6,19,7,10,14,16,10,14,8,5
3327,8,16,16,3,14,13,15,13,6,11,18,0,13,2,19,12,16,17,4,3
3328,8,1,2,14,0,0,0,17,4,14,15,10,10,1,8,15,19,1,16,3
3329,18,8,7,18,0,16,11,6,9,14,12,10,12,0,10,10,1,19,14,2
3330,14,19,6,4,14,4,9,15,14,2,4,2,2,10,19,6,5,13,18,9
3331,3,9,14,7,4,6,0,10,16,9,8,0,1,17,3,17,9,9,0,18
3332,12,15,5,18,8,19,3,6,1,15,16,17,13,17,6,0,13,15,14,2
3333,15,2,0,2,1,10,16,18,4,18,7,12,1,1,3,8,11,11,8,13
3334,14,6,10,9,13,13,2,8,10,18,0,2,15,19,14,4,18,10,8,4
3335,14,16,12,3,9,3,2,10,15,14,11,16,1,10,8,12,1,17,1,8
3336,7,10,0,16,19,19,0,6,1,11,14,1,3,16,19,10,14,1,5,3
3337,12,0,18,17,10,17,11,7,14,17,1,14,16,11,14,8,19,16,8,14
3338,18,8,9,19,1,18,11,3,0,11,0,7,11,8,5,9,2,2,19,12
3339,7,19,6,14,3,12,13,6,11,18,7,4,2,9,10,12,6,0,14,2
3340,1,0,7,4,17,1,15,4,9,18,14,3,5,9,15,17,15,14,2,19
3341,17,16,7,8,13,19,3,17,17,4,4,11,8,16,18,4,18,9,19,13
3342,5,17,13,11,7,1,16,2,10,3,19,16,0,15,12,14,1,8,8,7
3343,14,4,9,0,4,13,16,16,4,0,7,19,2,14,17,1,5,2,7,2
3344,11,17,8,2,7,11,6,13,12,8,10,17,2,16,17,10,18,8,6,9
3345,0,14,6,18,9,17,6,4,3,2,3,17,6,15,1,14,0,17,17,5
3346,13,19,3,18,11,17,7,15,2,16,11,3,6,12,10,9,10,10,2,14
3347,11,10,14,12,12,19,2,19,12,9,4,11,16,10,10,7,0,13,14,4
3348,13,5,9,9,6,6,1,10,17,1,17,19,2,0,14,17,6,5,3,14
3349,10,15,10,7,7,3,5,19,12,14,8,11,19,8,11,1,4,10,14,12
3350,11,1,19,1,12,5,18,19,13,17,13,3,7,14,12,10,17,4,11,13
3351,8,10,3,2,16,6,11,11,16,17,10,18,2,10,17,7,17,12,18,18
3352,10,17,12,19,10,6,5,11,9,0,7,6,15,11,14,4,7,1,9,3
3353,6,4,6,18,5,6,13,7,13,0,18,1,2,14,11,2,18,13,9,1
3354,9,11,6,4,15,18,15,7,17,14,8,11,11,13,4,0,4,19,5,17
3355,18,4,12,12,12,16,15,12,19,19,9,14,9,10,5,8,13,9,10,5
3356,14,19,8,19,14,16,14,0,16,16,13,10,4,3,11,4,16,15,3,16
3357,8,7,9,5,4,14,2,15,1,8,17,4,0,6,4,11,4,7,3,10
3358,13,13,5,14,1,5,6,9,15,16,10,14,18,12,15,2,2,7,4,12
3359,17,17,4,4,10,6,12,6,6,3,18,13,10,16,1,1,13,10,14,4
3360,16,2,3,11,5,6,4,8,18,5,2,8,17,0,11,5,15,19,8,6
3361,9,2,4,15,17,15,8,18,10,15,13,12,4,17,18,12,10,4,10,7
3362,13,15,1,12,0,11,7,18,5,10,18,11,1,4,10,7,17,5,0,9
3363,19,14,3,4,2,10,0,6,1,15,17,10,17,12,9,2,12,14,16,0
3364,0,17,8,8,12,14,9,13,5,6,8,14,16,5,1,1,13,14,8,12
3365,11,19,12,19,19,12,16,7,3,18,14,10,13,1,3,7,1,13,5,4
3366,12,19,13,18,11,15,12,14,13,5,13,12,11,14,17,18,14,12,18,10
3367,2,9,1,16,5,14,6,17,16,13,0,7,1,9,16,11,13,7,5,7
3368,15,18,12,19,7,18,10,8,7,18,3,12,4,9,9,9,9,5,17,13
3369,3,19,10,12,4,0,13,7,3,4,10,17,6,14,18,19,13,17,3,3
3370,7,4,18,11,18,1,11,16,7,9,19,10,7,4,18,6,17,5,2,12
3371,10,8,5,11,13,2,14,17,12,8,7,5,9,4,11,8,7,8,0,18
3372,11,18,5,10,10,0,1,3,17,19,13,9,8,9,18,5,0,10,18,7
3373,10,18,0,15,17,2,10,14,12,17,7,3,15,18,12,13,19,6,4,5
3374,1,19,10,14,14,16,8,8,6,1,0,5,3,15,1,10,3,16,11,7
3375,16,5,18,3,10,11,13,13,5,1,8,18,3,18,6,8,2,17,8,13
3376,7,14,10,18,2,15,12,13,6,15,13,8,9,15,17,13,4,16,10,4
3377,4,17,4,11,4,12,15,3,10,0,8,4,0,12,10,12,8,14,2,18
3378,8,6,1,4,1,14,12,17,0,15,14,12,15,5,7,14,2,3,14,7
3379,8,10,14,13,1,12,9,0,5,2,0,6,18,17,6,8,13,0,1,13
3380,10,14,17,19,4,15,2,6,9,10,9,19,6,19,3,6,2,6,7,9
3381,18,12,14,12,3,0,13,0,11,16,16,0,7,16,15,7,7,17,7,1
3382,16,18,11,1,15,14,9,15,15,2,2,18,3,2,13,1,1,10,12,8
3383,16,17,18,17,1,6,9,1,0,9,3,13,4,5,19,17,5,1,12,5
3384,11,14,15,11,11,10,13,11,13,9,5,2,12,12,18,15,18,1,7,15
3385,18,4,12,8,4,13,7,8,0,19,9,17,17,11,10,6,15,16,18,9
3386,8,12,15,14,13,16,4,4,7,10,11,2,15,2,0,4,2,15,1,4
3387,9,0,11,3,19,13,7,18,12,17,1,16,1,5,12,4,0,0,19,11
3388,15,15,6,7,3,16,19,7,4,8,15,2,4,13,19,8,10,11,15,6
3389,2,13,0,10,14,0,13,16,12,13,4,5,6,9,7,6,14,3,8,17
3390,5,15,19,14,11,18,18,2,4,18,3,18,9,6,5,8,18,1,7,3
3391,6,16,1,1,12,7,0,18,8,3,19,1,18,16,19,0,8,10,11,11
3392,17,2,3,17,6,7,3,7,4,17,1,9,4,18,18,6,8,10,14,6
3393,5,16,12,16,5,3,7,10,0,1,16,10,11,8,6,19,2,7,19,10
3394,4,19,0,18,18,15,7,10,11,7,15,17,2,18,13,13,4,18,3,10
3395,9,12,5,17,18,18,0,3,7,15,4,0,6,2,4,10,19,14,5,10
3396,12,18,5,16,3,5,18,13,2,13,19,15,10,5,7,5,6,6,1,17
3397,18,19,13,16,2,1,7,5,15,10,15,12,7,8,5,5,7,4,4,10
3398,12,7,17,16,7,4,16,18,6,12,18,4,7,12,11,0,4,0,15,1
3399,12,4,13,10,5,0,6,16,0,12,4,13,15,11,11,7,0,3,13,6
3400,4,1,18,13,15,13,1,2,6,11,9,4,8,2,15,7,4,19,19,12
3401,5,15,4,17,18,2,19,10,17,10,1,6,13,15,17,3,14,15,3,18
3402,7,10,3,9,11,15,10,12,11,5,15,3,19,7,5,0,13,2,0,12
3403,10,5,9,2,5,7,15,10,14,8,1,17,17,18,0,19,5,16,16,5
3404,3,2,19,1,13,18,19,6,6,10,14,7,10,16,13,14,6,9,6,4
3405,15,6,7,15,0,8,14,8,3,16,13,10,8,2,3,18,4,14,3,9
3406,6,15,2,1,3,12,13,11,4,17,7,6,4,8,7,17,18,13,18,9
3407,13,8,0,15,18,19,18,15,11,11,12,18,7,9,3,13,2,7,19,4
3408,2,12,4,16,14,16,10,3,6,17,17,17,1,0,4,0,7,11,14,3
3409,17,10,13,12,4,19,9,0,6,15,9,8,8,4,12,9,8,16,19,1
3410,12,10,9,0,4,1,8,2,18,11,12,9,12,11,15,8,5,1,10,8
3411,7,12,17,12,1,0,10,17,17,6,0,9,13,7,9,5,11,13,16,0
3412,3,19,12,4,6,18,18,5,8,2,6,0,8,18,13,16,14,17,1,4
3413,5,5,4,15,13,2,6,3,3,10,14,14,9,9,6,13,10,0,7,7
3414,6,1,5,3,7,1,9,19,1,16,1,4,14,18,9,3,1,4,0,14
3415,3,6,1,4,16,3,18,7,8,12,12,9,8,5,15,17,6,0,3,8
3416,19,7,0,18,18,8,1,16,19,12,16,0,2,8,12,3,1,13,16,5
3417,16,2,0,5,16,18,14,12,1,16,15,11,14,11,0,2,7,16,0,0
3418,2,3,4,6,11,17,19,8,11,2,16,14,6,0,15,17,4,17,7,10
3419,13,3,15,18,0,6,9,17,1,16,4,8,2,10,7,6,17,1,3,15
3420,17,14,3,4,7,5,0,17,12,19,1,6,4,9,16,4,6,13,11,15
3421,5,2,9,9,3,7,0,1,8,10,4,18,1,9,1,3,12,8,19,1
3422,9,10,5,18,8,13,19,10,7,6,14,7,15,5,19,11,16,11,4,1
3423,11,4,18,12,9,8,0,14,5,12,11,2,14,3,1,10,16,4,14,6
3424,13,2,0,10,14,6,9,2,1,13,4,9,3,7,15,15,12,4,8,6
3425,7,14,3,0,2,4,18,9,7,3,18,14,15,14,10,9,14,18,5,7
3426,3,16,2,2,6,7,11,0,14,4,10,19,2,1,5,8,6,5,2,13
3427,19,19,3,16,14,5,1,4,7,12,18,14,12,2,5,5,16,19,0,4
3428,1,11,11,11,16,9,0,7,19,5,11,13,9,18,15,1,15,2,19,15
3429,5,0,18,1,16,17,9,9,19,8,10,6,17,19,0,12,3,3,11,3
3430,19,2,5,2,7,12,10,8,14,6,12,16,7,15,9,16,1,11,7,14
3431,7,4,6,14,14,9,13,12,5,1,11,18,19,19,14,13,1,19,9,11
3432,13,8,3,14,6,16,6,10,5,2,5,3,2,11,8,11,14,9,15,7
3433,19,5,1,5,7,19,10,11,0,10,3,15,2,3,13,19,11,18,12,16
3434,2,12,5,8,5,2,10,6,0,11,12,11,5,18,13,8,0,5,18,7
3435,8,13,12,9,19,8,11,13,19,14,11,14,1,2,14,8,3,10,7,15
3436,6,1,18,10,4,16,12,9,4,12,7,13,6,5,10,7,11,19,14,4
3437,7,3,3,19,0,9,5,13,17,1,1,9,8,7,0,1,12,3,6,9
3438,14,3,16,16,10,7,1,11,1,6,2,5,16,8,6,14,19,16,15,17
3439,7,8,4,0,12,10,0,5,14,17,13,6,3,14,10,1,10,6,3,8
3440,11,17,7,18,7,2,12,6,2,12,14,19,12,18,7,16,1,5,2,3
3441,13,14,4,0,9,6,18,10,19,9,1,14,7,13,9,6,11,11,10,16
3442,4,6,10,1,2,1,5,9,13,15,11,1,6,8,0,10,3,11,12,9
3443,18,6,1,8,6,19,9,0,16,7,2,5,13,4,4,7,16,2,7,16
3444,17,13,12,18,2,8,11,19,16,10,18,13,11,3,19,11,14,3,19,19
3445,16,4,9,16,2,14,14,0,4,5,18,4,4,9,15,10,17,4,17,11
3446,15,11,1,18,11,8,2,6,12,18,1,17,1,3,9,18,6,19,11,1
3447,6,2,17,0,1,6,6,6,13,9,8,3,19,16,12,15,3,19,11,0
3448,2,14,2,3,9,3,17,1,12,4,8,15,6,16,19,6,19,16,15,14
3449,3,10,1,16,18,5,4,5,17,5,19,6,9,4,1,17,7,1,7,11
3450,16,17,0,17,13,11,14,12,2,8,14,14,10,15,4,11,18,15,13,6
3451,19,19,0,10,15,7,17,14,15,5,0,14,11,16,4,11,9,6,10,19
3452,18,7,3,8,4,15,3,8,9,13,18,3,13,3,5,5,6,7,4,7
3453,16,12,11,11,19,17,3,1,7,1,18,17,15,18,3,14,18,10,4,13
3454,11,19,17,10,1,17,2,18,1,17,9,5,6,19,17,16,10,3,8,9
3455,12,3,9,0,11,0,12,17,3,7,10,4,5,6,3,7,9,0,12,6
3456,13,4,10,17,10,19,18,3,5,14,7,1,7,4,3,2,16,18,1,8
3457,5,15,16,18,13,8,9,3,2,17,3,17,6,6,9,10,4,19,6,13
3458,10,15,12,3,0,13,16,8,3,8,17,15,10,3,12,13,19,3,12,11
3459,6,13,14,3,1,3,1,13,9,7,8,8,15,6,8,9,4,14,13,14
3460,14,18,12,19,7,19,9,4,18,2,8,14,0,19,8,7,7,11,19,14
3461,0,6,0,19,17,12,2,1,9,1,13,0,19,17,19,1,9,4,14,13
3462,7,10,13,4,9,1,5,0,12,0,17,9,17,18,9,10,3,13,17,9
3463,3,14,3,2,10,8,3,5,8,10,8,18,3,12,14,15,11,12,3,10
3464,5,12,15,2,10,9,13,11,1,15,15,16,10,14,16,5,4,8,7,15
3465,2,8,3,10,16,7,2,19,14,9,4,14,4,10,18,8,3,15,19,17
3466,7,7,7,13,10,10,13,16,13,15,1,7,9,13,14,5,4,19,11,13
3467,18,14,9,3,15,14,4,3,9,6,12,15,9,8,7,16,5,17,17,2
3468,8,5,12,9,3,2,16,15,6,18,2,0,17,1,0,11,3,17,19,5
3469,6,6,8,3,10,15,17,8,16,19,8,8,15,9,0,2,5,14,4,8
3470,2,13,16,7,17,8,13,2,0,15,9,11,4,16,13,7,4,5,8,4
3471,6,7,11,8,2,14,5,8,17,5,15,10,19,16,0,4,9,19,5,2
3472,19,8,3,9,18,2,14,12,11,10,16,4,13,17,10,11,12,15,16,2
3473,16,14,17,11,10,14,5,19,11,11,18,4,8,14,9,8,4,13,17,16
3474,5,18,18,6,5,14,16,4,5,15,7,8,7,4,6,9,3,14,18,17
3475,9,16,9,2,4,7,0,4,11,8,3,17,18,16,6,8,11,13,8,10
3476,15,15,0,3,17,3,15,12,4,4,6,16,7,8,11,0,18,8,14,11
3477,3,1,15,6,10,12,7,4,10,6,18,10,11,13,1,6,15,3,18,13
3478,7,3,0,19,16,5,0,4,1,13,16,14,0,14,11,1,14,1,2,2
3479,19,0,2,19,13,2,17,13,9,13,4,18,18,6,16,15,15,1,12,11
3480,1,1,18,3,3,10,8,0,1,2,9,14,14,19,16,13,4,10,15,10
3481,2,1,14,2,6,17,17,3,12,13,7,18,2,12,18,10,19,9,8,17
3482,1,6,6,1,7,4,16,12,15,7,19,14,0,14,15,3,11,16,19,3
3483,0,3,19,19,17,10,19,18,3,19,18,0,11,16,10,3,2,18,2,16
3484,19,14,5,16,4,6,2,4,12,6,9,2,4,13,5,15,18,2,19,3
3485,19,11,0,4,15,1,19,3,1,6,4,19,8,2,13,5,0,7,17,2
3486,8,10,15,8,19,9,13,19,11,14,3,11,2,13,10,19,17,18,12,0
3487,16,16,5,12,7,0,16,0,11,6,7,10,14,19,12,19,2,2,3,15
3488,11,10,11,16,12,18,1,0,18,5,14,5,8,9,7,11,2,18,15,0
3489,7,16,16,11,6,13,3,8,1,19,2,16,11,12,18,3,5,7,17,19
3490,6,13,5,4,5,18,12,5,11,13,2,8,5,7,5,11,18,0,11,13
3491,14,14,0,12,7,7,13,12,8,6,8,18,6,6,8,12,7,15,6,17
3492,11,11,5,10,4,17,0,19,8,17,3,4,13,1,12,17,2,10,0,0
3493,10,12,15,6,14,7,18,0,5,18,1,19,1,5,19,14,18,2,18,10
3494,9,5,12,6,7,8,1,17,12,10,0,17,8,8,15,17,19,7,8,2
3495,1,0,8,1,12,15,9,17,18,11,5,14,11,15,17,9,5,4,6,2
3496,0,9,6,15,5,2,1,5,18,6,8,6,8,1,15,10,11,19,2,8
3497,0,18,0,7,3,0,13,13,16,2,16,18,11,0,16,10,14,0,17,10
3498,2,7,13,4,16,7,6,13,9,19,7,7,16,10,3,19,19,19,7,5
3499,10,15,6,9,14,6,5,4,4,18,2,19,17,0,13,5,16,19,19,4
3500,17,0,8,7,5,19,18,15,14,2,19,1,11,13,12,2,18,9,16,3
3501,3,2,14,18,12,9,2,10,11,12,1,4,19,1,3,18,4,6,19,4
3502,8,14,11,3,5,19,18,11,2,2,13,14,17,2,12,6,15,8,3,1
3503,6,18,12,3,2,6,19,13,9,13,7,7,3,2,13,15,15,0,9,6
3504,0,13,18,1,1,19,19,7,8,18,10,4,9,17,0,17,8,5,2,10
3505,15,19,17,5,14,8,9,16,11,9,1,19,12,16,9,6,5,18,11,17
3506,0,1,0,5,7,12,1,12,5,16,16,12,6,6,0,10,11,15,13,10
3507,9,9,2,7,6,19,18,15,15,7,5,10,5,11,19,1,5,14,2,5
3508,18,7,1,11,14,5,2,4,8,9,9,3,2,5,7,4,1,15,2,10
3509,5,7,2,19,3,17,16,15,5,13,5,16,18,15,5,10,10,3,0,8
3510,14,15,0,19,9,2,5,15,11,19,3,8,8,9,17,5,7,6,15,17
3511,16,10,10,17,5,16,8,2,0,8,1,8,3,5,14,18,14,2,16,14
3512,1,8,18,7,6,17,14,2,15,11,7,13,14,13,15,9,16,1,19,4
3513,7,9,3,3,5,16,15,0,15,8,16,12,10,12,9,2,8,16,4,19
3514,13,2,7,9,10,11,14,1,5,14,19,14,16,3,13,7,4,17,4,5
3515,1,4,2,17,16,18,14,0,0,14,15,18,4,6,13,10,11,2,10,1
3516,1,16,14,19,0,6,4,12,15,4,19,16,5,19,15,2,5,0,3,11
3517,4,8,14,18,6,14,16,8,8,0,12,7,5,19,17,12,16,8,12,15
3518,4,9,15,6,10,5,12,0,14,1,16,1,14,14,12,11,1,10,6,5
3519,7,0,9,4,1,12,10,4,16,0,7,9,10,7,5,12,3,3,0,16
3520,5,12,17,6,16,11,15,13,6,3,6,18,4,14,8,19,10,19,6,10
3521,11,1,1,14,19,8,11,19,5,8,4,0,5,7,17,1,12,13,8,17
3522,2,6,0,6,11,15,3,18,9,11,17,10,18,3,12,0,5,6,8,19
3523,7,15,4,13,14,6,8,19,18,13,1,5,10,5,8,2,9,7,10,11
3524,7,6,15,11,2,16,15,9,9,0,1,0,13,14,9,11,17,15,12,2
3525,16,13,9,9,16,3,5,14,3,5,14,18,3,18,4,12,12,9,18,10
3526,2,12,8,14,11,7,18,15,14,2,15,3,3,15,1,17,13,7,17,8
3527,4,6,2,16,10,9,11,7,13,18,3,9,13,1,3,18,3,3,5,13
3528,7,9,19,13,14,15,6,19,17,6,2,14,1,3,3,7,10,18,7,7
3529,11,1,0,5,7,13,14,3,10,8,10,4,12,16,1,6,17,7,7,18
3530,9,15,8,5,16,10,10,3,13,0,7,12,9,8,10,18,10,6,16,0
3531,13,8,9,12,17,16,15,17,13,17,2,17,4,1,19,9,17,8,4,4
3532,0,8,19,3,18,1,9,17,5,16,2,10,4,10,0,16,13,11,19,12
3533,8,19,11,18,5,19,17,5,9,12,5,12,19,15,19,12,4,4,2,0
3534,17,13,2,11,17,17,14,17,8,17,15,15,6,12,16,19,17,1,15,4
3535,16,19,1,8,13,19,15,1,15,9,9,11,6,5,7,9,12,16,6,10
3536,18,11,7,17,8,5,1,5,12,11,10,14,3,15,10,3,19,11,2,4
3537,15,15,18,16,0,16,5,6,5,9,4,18,5,2,10,2,12,13,11,7
3538,7,1,4,7,7,13,0,6,7,19,9,11,12,16,16,10,4,19,2,2
3539,6,1,13,1,12,4,7,4,7,7,19,9,13,4,6,16,3,3,16,5
3540,2,5,2,9,2,14,10,1,17,12,6,11,14,12,19,1,1,2,12,14
3541,14,4,12,7,18,13,2,18,17,3,5,19,15,11,16,17,6,12,6,11
3542,19,10,10,8,6,4,9,13,17,3,14,4,8,10,11,6,4,12,14,0
3543,15,7,16,15,2,18,7,19,1,13,9,10,7,3,7,19,8,14,12,1
3544,2,8,9,9,4,18,10,1,11,14,12,2,4,19,5,15,17,7,18,10
3545,12,12,6,10,8,14,4,1,19,2,8,12,16,0,12,12,19,3,9,19
3546,13,17,1,12,17,14,19,14,9,17,3,7,15,1,0,18,14,15,1,5
3547,14,5,1,14,1,2,14,10,19,2,12,14,18,9,12,17,16,19,13,18
3548,6,15,3,10,11,0,12,16,17,15,1,4,13,3,2,19,18,4,1,0
3549,10,0,19,15,10,14,17,13,18,9,6,2,16,0,6,18,5,15,16,16
3550,8,19,0,0,17,9,15,2,15,8,0,12,4,12,6,19,9,1,8,5
3551,0,6,3,4,4,19,1,19,12,19,8,4,9,12,14,15,5,15,10,1
3552,5,17,18,9,6,0,3,7,0,8,12,17,5,12,1,17,0,13,2,9
3553,12,6,10,9,19,11,3,4,8,1,11,14,14,19,12,12,0,8,8,7
3554,6,11,5,14,8,3,6,13,10,4,12,19,4,15,11,2,2,6,8,16
3555,5,6,18,1,7,16,3,15,15,6,12,8,15,5,9,8,16,5,4,11
3556,18,5,18,10,11,14,1,0,0,3,7,6,0,9,17,18,14,3,18,14
3557,5,4,4,5,16,8,13,14,7,9,0,4,7,13,2,18,19,16,18,6
3558,15,13,7,2,10,11,12,4,3,15,3,6,18,7,15,7,14,0,1,4
3559,5,7,12,3,10,5,16,15,9,15,5,14,4,13,12,18,11,10,3,11
3560,1,19,3,18,9,18,3,1,18,0,14,12,0,6,14,10,0,19,17,8
3561,5,1,4,8,13,5,18,3,15,15,11,5,9,12,11,5,11,2,8,19
3562,17,3,15,0,15,3,18,8,3,11,9,3,1,19,3,3,16,1,14,3
3563,2,0,17,10,18,13,8,12,13,13,0,15,2,7,8,1,3,4,7,14
3564,19,10,5,3,3,15,9,18,19,17,10,17,16,15,2,19,14,2,1,14
3565,4,10,14,12,4,16,17,4,12,3,17,7,11,18,7,3,3,9,4,11
3566,0,19,15,14,9,18,1,0,2,5,8,13,14,6,6,18,8,14,12,2
3567,9,2,19,0,2,7,8,16,10,2,6,2,13,15,19,13,2,14,5,12
3568,19,12,14,3,18,0,8,6,4,17,10,8,12,1,12,0,17,11,10,2
3569,12,11,5,3,10,3,2,12,9,19,11,19,17,13,7,10,1,5,16,5
3570,1,9,4,9,13,14,17,13,19,15,7,16,12,10,17,4,14,16,18,19
3571,11,12,2,8,6,7,0,6,14,6,15,16,4,1,6,0,15,15,2,12
3572,18,2,8,2,19,18,2,9,6,14,7,5,2,8,7,0,14,8,16,10
3573,6,4,10,7,0,5,10,17,9,7,7,3,0,18,0,8,14,14,16,9
3574,13,12,6,5,19,4,6,17,3,10,6,6,4,6,0,12,6,14,4,13
3575,17,19,10,2,0,8,3,12,4,8,9,9,9,8,8,10,8,0,19,2
3576,3,1,10,6,10,1,16,2,8,8,6,12,1,2,0,1,8,10,0,9
3577,12,3,9,13,7,2,10,4,12,8,5,11,17,7,1,18,4,17,14,1
3578,11,2,9,2,12,0,8,19,5,5,12,2,3,7,8,1,3,5,17,5
3579,19,17,6,14,11,14,9,2,9,5,9,17,14,15,9,6,16,12,10,13
3580,14,1,11,18,14,12,18,17,3,16,12,15,1,13,0,15,9,5,5,1
3581,10,14,15,14,14,9,10,14,4,4,2,9,4,6,18,19,7,9,14,17
3582,12,9,7,3,1,18,9,16,11,11,11,15,9,17,12,17,18,12,5,8
3583,0,1,15,7,14,16,18,6,1,10,19,4,11,9,13,14,16,10,11,17
3584,11,2,16,16,4,13,10,4,13,7,15,15,13,4,15,14,10,9,2,2
3585,19,16,17,2,2,10,6,1,11,9,18,7,13,13,3,19,15,18,8,8
3586,14,2,19,0,14,18,17,9,7,16,11,11,0,17,8,16,19,1,12,0
3587,11,15,6,18,1,0,5,11,13,16,10,14,2,6,17,15,2,4,3,5
3588,19,6,17,4,11,11,5,17,7,7,14,14,7,6,0,8,12,13,14,12
3589,13,11,6,12,18,2,1,17,19,14,8,14,15,4,16,4,19,16,0,17
3590,15,7,17,10,10,2,9,12,6,8,17,14,1,4,9,9,12,5,14,4
3591,1,18,16,5,17,15,3,7,4,16,19,5,18,17,5,2,16,9,17,13
3592,1,18,3,16,15,16,8,5,8,17,6,9,8,1,3,11,18,11,7,7
3593,10,4,6,7,4,10,6,1,0,13,0,6,5,5,18,13,13,9,6,19
3594,2,9,11,4,4,17,4,9,17,17,10,1,6,12,15,11,19,12,16,15
3595,5,2,18,0,9,17,10,13,15,19,15,17,11,0,1,1,19,9,5,9
3596,11,7,14,5,12,5,15,10,15,2,18,1,10,17,19,17,17,15,0,4
3597,0,11,19,17,17,1,4,14,11,2,14,15,3,2,16,0,3,1,14,19
3598,17,13,14,4,0,5,17,4,2,5,9,15,16,6,7,5,5,11,8,14
3599,16,3,4,2,12,3,15,19,7,4,3,12,8,18,3,19,19,15,18,0
3600,14,4,15,0,6,10,7,17,17,13,12,11,7,7,12,5,17,1,12,14
3601,10,5,19,14,15,16,4,10,2,3,16,8,19,2,8,17,16,11,6,8
3602,7,3,1,10,9,18,14,0,18,3,16,8,0,12,1,16,15,2,8,11
3603,13,13,8,18,18,0,5,1,7,17,9,9,7,2,12,2,4,13,9,9
3604,3,19,0,12,0,3,9,5,9,6,15,18,8,16,18,19,2,19,14,4
3605,19,16,16,17,16,12,18,7,0,12,4,14,0,7,19,5,0,0,5,10
3606,18,6,18,18,11,13,5,14,18,3,10,17,0,4,11,17,13,7,15,15
3607,4,13,19,16,9,7,16,3,17,12,18,3,15,14,14,18,2,12,9,18
3608,3,12,4,3,9,7,11,7,12,11,3,9,9,19,2,3,19,3,4,12
3609,17,0,15,3,7,17,18,4,10,4,1,4,15,11,7,3,8,9,17,2
3610,4,11,15,0,10,1,0,4,14,19,11,11,19,10,12,3,15,0,13,0
3611,8,16,3,5,7,0,15,6,7,0,8,8,12,5,17,11,6,17,18,13
3612,19,11,0,2,6,8,11,9,13,2,16,13,1,17,5,8,3,0,2,19
3613,19,10,15,10,13,8,18,0,14,5,7,18,3,9,0,2,14,11,6,10
3614,4,3,9,1,14,0,15,10,17,11,9,8,5,6,3,13,14,15,0,8
3615,6,5,16,8,13,10,12,17,19,16,7,13,11,19,5,13,15,10,7,1
3616,15,9,15,9,9,18,7,2,16,0,11,15,9,3,19,15,5,18,3,4
3617,14,15,9,6,9,1,11,3,6,12,12,11,6,19,7,14,0,15,4,2
3618,14,7,6,11,9,5,5,14,0,6,14,13,17,0,7,0,8,10,8,3
3619,1,14,13,3,4,17,14,12,13,1,18,19,11,5,9,13,8,1,19,11
3620,0,10,12,3,6,5,9,7,12,5,6,9,15,8,2,5,18,6,3,6
3621,17,18,5,6,18,17,10,4,19,10,8,1,6,7,6,0,0,16,15,17
3622,15,14,4,1,2,10,12,18,14,17,14,15,11,6,6,19,6,16,13,10
3623,0,16,9,14,13,13,17,6,12,4,1,19,13,5,5,19,5,5,4,2
3624,11,15,19,13,14,19,3,15,13,6,14,1,13,0,3,15,1,1,10,11
3625,13,14,14,1,8,10,18,1,8,16,13,5,18,6,10,18,5,17,16,14
3626,18,13,0,4,7,13,11,17,6,18,5,11,2,4,8,13,4,11,10,12
3627,1,9,1,18,10,15,10,16,11,6,3,7,16,8,9,13,8,18,14,13
3628,9,4,9,19,3,6,14,7,18,12,5,7,5,0,6,1,10,0,2,13
3629,13,9,0,6,6,1,2,8,12,10,7,16,19,8,10,2,15,0,7,8
3630,1,11,3,10,10,16,5,1,6,1,3,8,15,1,7,19,14,13,17,0
3631,14,15,4,5,16,10,2,9,19,9,4,1,9,12,2,11,15,4,0,11
3632,5,11,17,18,12,6,2,3,14,5,11,13,18,2,12,0,9,6,5,6
3633,1,0,7,14,11,17,19,14,1,5,17,19,8,14,15,19,10,13,7,3
3634,10,15,9,7,11,1,5,7,3,0,4,8,9,16,7,15,19,10,18,3
3635,7,17,7,7,15,1,6,13,3,18,10,0,13,10,3,10,7,4,6,6
3636,18,14,15,3,1,8,14,5,3,6,10,1,5,16,10,14,8,18,6,15
3637,13,16,11,13,19,4,2,10,6,5,12,6,14,4,5,0,6,17,10,14
3638,0,6,9,7,8,10,1,11,5,7,5,5,10,0,4,0,6,19,16,5
3639,13,4,16,14,6,15,7,16,15,6,11,9,2,3,14,1,11,13,5,16
3640,8,10,0,5,14,15,9,10,4,14,9,16,11,10,18,1,2,12,1,10
3641,7,17,3,1,0,9,3,14,3,19,13,17,5,9,14,9,16,14,7,7
3642,3,8,12,7,10,2,17,3,8,5,1,12,1,7,11,4,10,18,0,4
3643,9,6,15,19,10,15,4,11,2,5,16,11,18,4,7,4,11,0,7,17
3644,19,17,4,3,11,11,6,16,3,10,11,16,1,13,8,16,16,10,11,15
3645,10,16,17,19,2,1,3,8,11,5,18,7,8,13,10,1,10,13,7,17
3646,17,6,17,11,0,18,11,7,13,5,4,13,15,19,5,1,1,6,8,13
3647,5,1,10,15,0,6,4,18,3,0,9,11,13,4,10,4,10,0,13,4
3648,10,7,14,2,6,4,1,5,6,4,7,7,12,7,19,18,10,12,3,19
3649,13,16,16,8,5,13,13,17,5,14,10,2,2,8,4,9,13,16,17,5
3650,2,11,8,14,14,18,3,1,14,4,13,9,18,8,15,12,18,10,17,2
3651,5,3,2,12,1,12,9,4,5,15,15,8,10,9,8,19,2,3,17,2
3652,7,14,6,4,15,12,7,16,9,1,8,19,13,17,8,2,4,9,17,16
3653,4,9,17,19,14,17,11,3,4,11,19,8,17,10,19,17,0,19,15,4
3654,11,9,11,3,15,4,7,10,12,18,9,8,12,8,6,17,9,1,4,16
3655,15,8,13,6,16,1,11,13,13,15,12,7,15,16,3,19,10,14,4,2
3656,12,1,5,8,7,12,9,17,7,2,11,1,5,3,12,16,13,18,3,16
3657,10,19,14,3,6,11,13,11,14,7,18,18,15,19,10,2,12,18,16,10
3658,3,4,1,1,17,15,16,13,12,11,10,6,12,19,9,13,14,7,0,18
3659,18,16,10,10,7,7,18,4,9,8,18,3,14,7,0,10,2,14,17,19
3660,7,17,3,1,17,13,12,14,0,14,6,10,0,1,17,18,19,0,4,6
3661,6,8,1,8,14,15,18,8,18,12,7,12,16,17,15,4,9,2,17,1
3662,9,14,17,3,4,10,8,10,16,17,14,14,10,13,17,15,5,11,8,10
3663,16,15,12,16,12,12,7,2,6,6,6,7,19,11,17,1,4,1,9,4
3664,15,0,19,16,14,2,15,16,16,1,16,2,6,17,19,16,11,3,16,5
3665,16,6,14,5,12,0,6,4,8,1,6,9,13,17,10,2,15,6,3,15
3666,3,4,0,10,14,13,18,18,10,17,18,9,12,8,12,3,5,13,17,10
3667,10,15,15,14,7,17,6,15,5,14,18,7,0,19,8,12,11,10,4,16
3668,15,13,11,0,8,3,16,12,18,6,4,9,6,6,3,19,16,6,6,12
3669,4,13,11,8,1,1,19,11,8,14,4,1,13,10,13,2,19,1,0,13
3670,18,16,6,11,14,0,6,3,19,2,10,1,12,3,7,18,0,15,14,2
3671,11,4,3,10,5,13,7,3,0,14,12,4,2,8,10,2,3,8,14,5
3672,10,12,13,2,6,11,18,14,10,7,2,12,9,5,8,6,11,10,8,17
3673,5,17,6,7,16,11,15,14,18,17,10,9,3,18,7,13,13,6,1,7
3674,10,18,13,5,8,13,0,19,3,15,2,13,13,5,9,3,3,7,13,16
3675,4,4,14,5,5,14,4,8,4,3,8,7,5,6,6,12,17,10,12,18
3676,3,5,2,17,18,1,15,17,7,15,5,13,17,4,2,2,15,17,2,16
3677,2,5,10,10,7,8,18,11,9,12,19,0,2,17,18,7,4,1,6,5
3678,10,6,4,17,18,10,1,11,9,5,17,12,11,18,4,3,1,1,8,13
3679,16,4,4,14,10,2,18,14,1,11,9,14,10,18,13,2,10,7,11,14
3680,1,0,4,1,17,10,4,5,8,3,4,13,14,19,5,1,11,3,8,19
3681,9,17,18,11,12,2,15,11,8,17,11,11,15,4,9,16,2,4,8,14
3682,15,3,15,9,11,1,17,12,0,11,17,5,14,1,8,7,0,7,2,18
3683,5,5,15,12,9,3,12,17,12,17,12,14,1,4,10,3,17,7,18,12
3684,5,9,9,1,13,4,0,18,2,11,14,16,18,6,18,18,3,2,18,7
3685,0,3,18,14,16,5,11,0,8,4,8,19,3,17,16,2,13,10,1,12
3686,19,0,9,12,1,13,9,1,12,11,13,6,6,4,4,2,4,15,8,13
3687,15,16,2,19,19,13,10,16,13,0,0,15,11,19,13,16,18,17,0,18
3688,9,11,7,17,15,14,4,16,13,6,6,18,3,1,5,7,10,17,11,13
3689,3,11,8,8,14,18,3,15,13,19,12,5,18,5,12,14,0,2,4,3
3690,3,19,13,11,15,3,11,8,10,7,11,11,4,18,1,19,11,17,14,3
3691,1,11,12,16,18,19,4,4,18,13,16,2,7,4,13,10,6,16,3,9
3692,10,5,6,10,3,8,1,16,7,6,3,2,2,9,12,8,11,18,5,14
3693,13,18,1,0,14,19,10,12,17,7,19,2,14,10,12,0,18,13,8,14
3694,13,10,13,17,1,17,4,5,13,6,15,4,0,1,8,17,9,13,3,14
3695,17,1,9,19,5,15,8,9,13,5,15,11,18,10,1,15,2,6,8,16
3696,15,18,13,19,5,1,6,10,4,19,7,10,0,6,5,9,9,7,7,13
3697,9,13,6,6,14,5,11,0,2,2,8,2,13,18,14,13,9,0,7,1
3698,6,4,18,0,8,13,15,16,12,19,1,17,9,0,19,16,2,2,4,14
3699,9,6,6,0,3,9,7,9,18,7,12,10,17,13,16,12,0,19,6,0
3700,4,15,0,13,16,15,1,19,10,17,6,6,16,11,7,1,8,6,5,15
3701,9,1,0,16,19,13,8,18,15,6,1,15,13,17,8,5,3,12,3,4
3702,11,19,9,8,2,14,6,2,14,16,19,0,9,3,18,5,14,18,5,16
3703,12,2,0,8,8,1,16,14,4,12,10,1,16,19,17,1,17,5,7,19
3704,19,14,16,10,7,2,17,7,2,4,0,10,19,18,16,2,11,4,11,6
3705,7,0,12,15,8,6,4,4,14,14,9,10,17,15,17,12,15,0,9,15
3706,14,8,3,12,5,6,14,11,4,15,14,10,17,9,6,7,11,3,5,5
3707,4,2,0,10,8,16,19,7,4,8,8,12,15,1,2,6,2,8,0,6
3708,5,2,9,12,15,12,12,0,3,19,5,0,11,7,13,5,12,8,2,13
3709,8,1,9,3,7,2,13,12,9,17,7,14,1,5,17,11,7,10,3,15
3710,4,3,18,8,13,0,19,12,1,11,2,16,17,15,17,17,0,11,9,16
3711,16,19,13,14,6,4,5,11,15,13,13,5,12,11,15,16,14,6,11,3
3712,19,6,4,17,11,2,14,15,11,6,9,5,0,5,9,18,15,18,6,10
3713,8,18,3,19,19,4,13,1,0,10,1,15,7,14,14,9,1,16,7,19
3714,7,9,19,6,19,10,6,7,15,4,4,12,7,6,9,2,7,9,12,5
3715,12,2,8,16,13,12,7,4,0,9,16,15,14,12,10,18,3,0,7,6
3716,0,16,12,10,7,2,6,13,12,11,10,9,1,19,14,10,11,12,0,10
3717,14,9,14,5,11,0,13,4,10,11,11,2,6,15,12,13,13,8,15,18
3718,4,2,11,10,17,19,13,12,5,19,8,10,16,9,8,6,6,12,5,14
3719,15,3,15,18,1,7,4,6,2,13,18,19,19,5,4,6,16,6,19,13
3720,11,3,11,17,0,7,14,19,14,1,1,8,8,19,3,14,9,14,19,13
3721,16,2,6,13,14,15,2,13,17,6,13,4,17,9,8,1,7,19,15,6
3722,15,8,16,13,2,15,2,1,8,0,6,11,17,17,3,10,2,9,4,15
3723,14,10,18,17,15,13,11,9,19,9,19,13,4,17,3,17,13,9,5,16
3724,10,7,17,3,9,14,13,6,7,7,7,14,12,19,4,8,8,2,10,12
3725,15,12,12,3,16,15,14,8,17,7,19,13,15,18,7,18,11,8,19,14
3726,8,5,8,8,10,16,5,4,15,17,5,0,13,2,17,4,17,13,0,19
3727,2,12,5,9,12,12,15,9,17,19,6,12,2,15,14,10,15,13,16,5
3728,1,10,16,8,2,8,2,11,1,1,4,9,11,17,9,0,14,7,17,4
3729,15,19,2,18,13,13,11,3,13,13,12,15,2,11,18,15,13,18,10,4
3730,19,16,0,19,4,7,18,13,10,10,17,19,5,9,9,19,18,6,14,8
3731,15,0,3,10,13,15,11,12,5,19,6,6,8,2,18,9,8,15,3,0
3732,12,18,8,1,1,2,12,13,14,5,19,19,5,17,1,17,19,2,6,18
3733,7,11,8,19,18,15,18,14,17,13,18,10,14,5,7,4,13,11,5,17
3734,19,9,11,1,7,5,6,10,8,2,16,19,11,11,5,15,15,17,9,2
3735,15,3,16,5,15,2,2,0,12,19,13,7,19,5,11,10,3,15,4,8
3736,5,17,18,7,5,9,1,3,6,7,13,9,0,3,0,1,11,6,9,3
3737,0,13,0,13,15,6,11,3,2,0,17,18,2,15,4,0,4,10,18,4
3738,5,15,19,3,12,3,6,18,4,9,12,7,8,8,12,12,13,18,7,19
3739,3,16,4,5,13,8,3,15,19,10,3,9,12,1,4,12,3,8,7,12
3740,13,18,5,19,16,14,11,1,3,1,8,2,13,4,3,15,13,11,8,16
3741,16,14,10,7,4,19,13,15,6,17,5,1,3,2,13,2,0,3,18,8
3742,15,11,6,17,12,6,3,16,14,8,6,1,13,16,10,15,15,7,11,6
3743,6,5,15,4,7,19,13,5,2,0,7,18,16,0,10,19,4,12,19,2
3744,8,15,12,8,14,0,15,3,11,15,0,15,1,5,14,3,16,3,14,15
3745,3,4,1,15,17,5,15,1,0,4,6,7,3,2,10,3,2,9,6,3
3746,12,6,8,0,15,12,15,2,16,1,9,9,6,9,15,7,1,15,6,14
3747,19,15,12,13,15,19,11,14,17,17,0,15,3,14,13,1,6,17,16,0
3748,16,3,13,12,12,11,13,15,14,12,16,8,5,7,16,16,6,9,16,0
3749,6,14,8,9,6,6,6,4,11,2,5,5,12,1,6,13,4,18,11,0
3750,2,12,3,6,13,17,19,2,6,1,0,19,16,9,7,5,19,10,4,11
3751,14,16,12,7,13,13,15,7,13,10,10,0,19,6,8,8,11,17,19,8
3752,5,12,2,16,15,5,18,10,0,19,3,19,3,1,13,11,18,8,19,18
3753,6,0,15,17,15,1,19,3,16,11,6,4,18,10,2,5,6,17,12,13
3754,0,8,1,5,4,18,3,4,13,1,3,5,19,17,14,17,13,13,14,18
3755,19,11,4,12,19,14,4,2,3,2,9,18,8,17,1,18,0,2,10,1
3756,11,8,7,18,8,17,1,17,16,17,17,18,3,16,15,17,11,5,17,15
3757,4,8,15,3,7,7,15,3,17,13,14,14,17,8,4,8,10,8,15,3
3758,16,4,3,17,17,0,7,10,14,11,18,0,8,4,19,4,12,0,12,1
3759,9,8,5,5,18,14,7,5,4,2,12,7,15,5,6,19,14,6,15,18
3760,12,17,13,15,19,1,18,19,2,7,2,9,6,10,14,15,9,8,18,12
3761,7,0,9,10,1,4,19,15,1,1,4,1,17,12,14,16,14,2,18,2
3762,0,13,13,0,6,1,18,13,16,14,5,4,3,18,2,19,13,14,15,15
3763,13,14,15,14,7,8,1,18,3,11,5,5,9,9,2,7,7,11,5,13
3764,4,12,15,15,8,0,0,8,0,0,19,17,18,8,19,8,17,5,5,17
3765,5,19,12,19,10,5,5,5,11,15,14,19,15,12,3,1,9,19,1,18
3766,5,13,9,6,4,7,17,8,8,0,9,10,15,5,8,18,3,11,10,2
3767,4,15,1,14,0,12,10,8,6,9,9,15,19,16,5,5,18,16,14,4
3768,10,1,9,18,12,9,14,1,8,13,10,7,9,17,6,11,8,1,1,2
3769,12,9,15,11,19,2,14,7,13,10,13,13,13,9,3,1,3,4,4,3
3770,5,18,16,7,17,11,6,13,5,5,14,13,19,9,15,0,2,7,0,3
3771,0,19,17,8,13,1,8,1,14,9,14,17,18,16,12,18,9,17,6,10
3772,17,17,3,19,6,5,13,10,18,0,3,15,5,11,8,8,17,3,18,5
3773,6,14,4,5,4,14,19,13,7,12,11,10,10,3,13,13,0,11,14,12
3774,0,18,18,13,13,10,3,12,13,4,13,12,4,9,15,5,15,2,16,5
3775,12,9,18,12,6,5,6,2,13,15,6,14,8,14,18,16,17,3,8,5
3776,14,0,18,6,15,9,17,0,11,6,18,15,9,15,16,8,10,14,8,12
3777,1,7,19,16,2,1,9,7,15,1,17,9,16,10,0,7,6,13,8,10
3778,10,12,14,0,18,17,6,15,9,13,5,15,9,10,14,1,0,6,6,18
3779,14,12,18,17,0,6,10,6,17,2,10,17,15,7,3,6,5,3,0,2
3780,2,9,17,17,1,7,4,0,7,3,1,2,9,7,10,13,10,1,5,0
3781,1,2,11,0,13,15,11,10,6,12,8,5,1,4,8,17,2,1,15,9
3782,9,6,8,17,13,0,16,14,5,16,2,8,4,4,16,14,0,2,11,14
3783,16,1,1,0,18,4,1,2,11,16,9,9,3,12,8,14,4,15,6,10
3784,5,5,16,8,11,9,18,14,7,9,11,4,10,2,16,15,15,5,12,6
3785,2,0,15,2,5,6,14,11,7,3,11,15,18,13,2,4,12,1,13,17
3786,0,6,13,16,9,3,9,7,3,19,12,16,1,18,19,0,4,2,18,13
3787,3,16,17,17,10,8,2,10,17,1,16,3,15,13,16,17,4,8,19,14
3788,0,0,11,9,16,18,6,15,18,14,7,18,19,15,15,4,4,3,6,14
3789,12,15,8,0,16,14,17,5,0,16,17,0,7,15,6,10,0,9,7,10
3790,0,16,9,1,2,14,2,19,5,4,10,9,8,12,6,12,1,10,17,4
3791,19,7,17,13,8,6,12,9,18,18,1,9,4,17,13,11,9,19,10,14
3792,9,3,6,13,15,18,14,0,0,19,6,0,12,6,16,18,0,4,9,5
3793,14,7,18,2,5,10,0,3,10,5,13,17,15,3,18,15,12,10,3,12
3794,2,16,16,0,5,4,2,9,6,8,15,18,3,12,4,7,10,18,12,12
3795,5,0,5,11,6,14,8,7,0,2,9,1,7,17,6,2,5,18,11,11
3796,18,1,1,0,17,1,17,2,12,16,18,18,1,4,17,14,1,2,1,0
3797,19,10,7,1,8,12,0,6,11,6,1,4,19,13,19,5,3,12,11,15
3798,4,3,16,7,14,17,13,4,3,16,10,17,17,18,1,2,16,4,12,19
3799,4,13,1,9,15,7,4,1,18,3,17,9,17,10,13,12,18,18,3,9
3800,16,2,14,12,2,0,9,5,16,10,15,3,0,19,4,14,2,4,2,4
3801,8,12,15,3,17,15,5,1,17,0,8,13,2,10,15,19,9,16,5,15
3802,19,5,4,12,14,16,5,4,5,11,8,18,10,12,19,13,16,6,2,10
3803,4,4,18,4,9,6,8,2,2,14,2,3,7,8,0,3,19,12,5,10
3804,14,4,7,12,14,3,17,6,1,4,13,19,9,9,4,14,17,13,1,6
3805,9,0,15,7,2,10,18,4,16,18,3,18,3,2,16,2,12,2,13,8
3806,5,18,7,8,2,16,13,18,19,10,14,19,2,0,5,4,4,18,3,8
3807,13,18,18,1,16,10,0,3,2,19,18,1,13,12,13,0,3,16,3,8
3808,19,15,14,15,1,4,5,4,1,2,9,3,13,0,17,4,0,2,8,5
3809,12,3,14,16,12,13,4,12,17,0,13,5,16,11,10,17,13,11,14,5
3810,15,6,16,1,5,1,13,2,9,10,5,8,18,4,1,12,5,17,9,2
3811,16,16,14,17,4,2,10,11,19,2,13,9,5,17,17,13,4,18,3,17
3812,14,8,7,16,4,14,4,16,18,0,2,16,6,10,7,1,18,9,11,11
3813,4,15,13,3,15,5,0,15,12,2,2,9,3,19,14,7,8,10,17,14
3814,13,14,15,17,5,11,17,8,18,2,15,10,19,8,4,12,12,6,18,7
3815,15,14,0,1,13,9,0,1,17,0,16,11,13,17,11,11,16,18,1,17
3816,5,8,10,15,11,15,6,5,12,18,12,17,5,11,6,17,8,0,0,2
3817,5,0,9,16,6,18,16,3,18,17,10,19,3,1,19,17,4,11,16,14
3818,15,8,0,3,14,10,13,2,17,15,0,17,8,16,19,17,5,17,4,2
3819,7,18,14,16,18,13,16,8,2,12,6,12,18,4,7,16,1,2,7,12
3820,13,2,9,6,6,14,11,8,14,15,2,7,7,3,16,18,14,18,10,3
3821,3,15,5,7,10,19,7,13,18,9,11,19,2,12,6,0,1,6,0,1
3822,4,0,18,10,17,12,1,13,7,17,3,1,2,19,14,10,6,0,0,0
3823,0,9,5,9,17,0,7,14,2,16,8,10,8,16,10,18,11,6,10,12
3824,12,6,3,16,0,16,0,0,19,3,16,11,18,10,1,12,8,16,5,19
3825,3,11,8,2,6,18,15,2,0,8,3,8,18,15,7,2,3,1,2,4
3826,9,2,5,14,5,2,8,7,15,8,17,15,19,6,14,19,15,17,0,0
3827,17,8,17,6,16,8,18,8,2,18,13,7,0,0,15,2,4,15,8,3
3828,0,11,16,10,15,5,6,0,13,7,12,5,10,19,13,3,17,8,15,4
3829,13,18,11,8,4,9,3,6,2,4,5,9,4,2,12,19,6,9,11,11
3830,15,2,3,8,9,3,17,8,19,17,6,17,3,17,18,17,1,18,16,12
3831,13,2,7,3,18,11,16,19,5,8,10,18,11,9,11,3,16,5,6,7
3832,4,14,8,9,6,9,10,11,11,10,3,1,0,11,19,17,0,14,19,5
3833,18,17,3,10,5,0,13,17,18,10,17,6,12,5,12,9,15,19,10,2
3834,1,11,4,5,10,8,15,6,13,6,10,4,8,3,0,7,9,7,16,1
3835,13,17,13,10,16,0,10,10,16,10,14,13,1,4,18,18,15,15,13,15
3836,0,14,9,5,9,1,3,1,2,17,2,17,9,2,19,0,15,13,1,11
3837,9,11,13,13,8,8,19,18,18,4,17,15,16,12,4,16,12,11,18,18
3838,1,9,2,11,3,19,4,16,12,17,9,12,19,4,14,8,5,16,19,16
3839,2,9,1,7,8,15,9,2,6,18,9,7,5,0,2,6,6,3,1,9
3840,7,13,12,8,18,2,15,15,10,5,11,12,0,5,16,6,7,14,14,19
3841,0,10,17,18,6,6,1,4,15,2,15,10,7,7,4,4,5,6,16,3
3842,7,7,15,2,1,11,3,14,10,4,4,10,14,5,11,1,2,7,9,1
3843,11,16,2,17,7,13,6,16,14,6,17,14,12,7,6,7,12,18,2,2
3844,8,12,0,19,16,10,7,1,17,19,14,15,6,18,10,15,12,9,7,15
3845,8,0,0,10,14,16,3,13,1,19,1,0,0,17,5,7,10,17,3,13
3846,16,11,13,5,5,11,16,4,18,3,0,14,10,11,11,9,15,11,15,14
3847,13,16,1,18,7,17,13,18,3,3,19,13,3,7,4,15,17,13,17,19
3848,12,3,11,11,2,0,13,11,17,11,14,9,14,1,3,1,19,14,2,8
3849,2,16,5,14,0,13,4,18,3,16,19,14,13,19,3,14,12,16,5,16
3850,13,13,18,16,6,8,16,16,15,12,0,19,7,8,8,9,9,1,3,0
3851,5,12,16,2,3,1,0,9,14,3,10,15,3,13,13,2,14,4,13,4
3852,16,12,5,14,3,15,5,11,3,4,10,1,11,13,11,10,12,7,6,11
3853,10,1,7,18,12,12,12,10,14,13,8,18,16,0,8,7,11,15,13,6
3854,5,19,11,9,19,0,10,2,17,4,10,12,2,14,14,11,19,6,17,16
3855,0,1,4,18,3,19,5,5,0,8,11,9,3,13,7,12,0,11,7,18
3856,13,15,8,13,7,3,6,17,3,4,0,7,12,5,0,2,9,6,18,1
3857,4,13,1,19,19,11,7,1,2,3,13,0,7,4,3,16,13,13,6,8
3858,0,12,1,1,14,9,8,1,9,18,6,11,5,9,3,12,2,19,7,13
3859,8,17,4,0,14,1,8,3,8,2,4,15,6,4,1,16,0,11,9,0
3860,6,12,5,12,6,5,6,1,15,1,2,19,7,16,11,1,11,3,8,2
3861,4,18,17,12,6,15,3,1,19,14,0,2,10,12,17,4,0,18,5,1
3862,2,12,15,11,5,11,8,17,15,17,7,11,9,12,18,2,11,16,12,6
3863,2,1,11,0,12,13,15,10,14,17,1,1,17,0,16,15,19,1,5,12
3864,14,0,16,1,10,18,10,16,7,8,13,8,10,18,2,10,18,1,0,0
3865,9,7,8,4,4,10,9,10,18,8,10,17,1,18,15,13,10,0,18,5
3866,0,18,6,2,17,6,19,3,8,10,16,12,17,17,10,19,0,18,10,19
3867,9,2,17,15,6,13,10,14,0,7,0,14,19,4,7,14,2,16,14,13
3868,16,17,1,1,6,5,9,2,1,3,5,16,7,19,8,0,17,15,7,2
3869,9,11,17,13,12,6,9,13,18,10,12,3,19,0,19,7,2,18,4,2
3870,10,17,7,14,14,17,0,3,7,9,16,19,1,16,11,5,13,4,0,4
3871,5,10,3,18,10,12,1,3,17,14,5,9,2,12,13,6,0,7,10,0
3872,17,12,4,16,4,14,15,0,7,11,10,11,17,6,10,12,1,19,0,17
3873,17,8,13,7,17,16,1,9,15,16,6,2,11,2,6,3,8,18,8,4
3874,8,11,15,14,7,19,14,18,17,2,15,11,17,6,15,3,7,18,12,18
3875,10,16,13,8,7,6,3,4,15,14,6,9,11,8,6,1,8,16,14,2
3876,8,7,19,16,3,11,10,6,4,11,12,13,2,13,8,11,1,17,12,5
3877,18,18,12,18,11,9,6,9,19,19,0,15,5,15,17,17,12,3,3,0
3878,11,11,0,14,13,15,5,14,11,7,4,0,11,7,18,13,14,8,3,19
3879,8,4,4,11,18,15,16,17,3,2,10,9,18,0,10,16,15,9,7,15
3880,8,14,15,11,14,5,10,3,9,4,18,8,2,6,15,13,8,13,10,12
3881,2,15,4,6,11,4,14,17,13,4,3,8,5,4,17,13,15,0,2,0
3882,10,4,8,17,0,16,12,18,13,18,16,6,8,17,15,18,0,2,0,19
3883,3,11,14,16,11,16,18,10,10,2,1,17,1,3,2,5,14,5,3,9
3884,15,15,2,10,7,19,4,14,7,14,13,12,12,13,1,19,9,17,9,16
3885,8,17,16,16,17,15,10,12,5,14,16,15,15,15,2,8,8,13,0,0
3886,3,11,15,1,14,10,3,1,11,16,16,3,14,1,6,6,9,11,16,8
3887,14,9,6,11,15,16,2,13,9,8,16,15,0,9,4,17,16,17,17,2
3888,8,9,0,0,19,0,14,1,0,13,13,15,6,18,18,6,5,13,9,6
3889,7,16,5,2,4,12,15,15,18,4,2,13,6,19,8,19,12,6,9,7
3890,2,3,1,2,18,15,8,19,7,4,0,3,6,8,5,2,8,9,11,17
3891,12,6,7,9,6,16,11,3,19,7,10,18,1,8,8,5,8,13,0,5
3892,5,15,0,10,8,5,9,16,2,14,13,2,15,11,13,12,9,7,15,10
3893,5,2,5,2,14,17,4,16,15,4,11,12,4,2,10,12,9,7,16,2
3894,0,6,13,19,3,11,2,14,16,12,19,14,3,9,16,16,10,0,5,16
3895,5,14,0,14,4,9,11,17,17,16,10,3,9,18,15,18,8,5,0,2
3896,3,7,1,16,2,4,17,5,17,13,0,9,9,18,8,18,9,15,10,4
3897,3,4,13,7,14,12,4,15,17,2,1,0,17,19,7,4,18,18,17,4
3898,18,11,11,3,16,8,5,4,10,18,18,4,7,18,2,4,2,4,9,17
3899,11,1,4,12,3,8,5,13,18,13,15,14,18,14,11,18,17,7,4,17
3900,3,5,13,8,14,3,4,18,10,16,13,0,16,7,0,4,1,16,9,17
3901,4,14,6,3,5,10,14,3,5,2,17,11,1,19,19,0,15,10,11,15
3902,11,3,12,16,7,3,19,6,14,2,8,18,19,4,14,4,9,5,13,17
3903,9,12,8,5,12,11,4,9,0,11,17,15,7,14,9,7,7,14,0,16
3904,19,19,11,1,2,7,1,3,9,17,12,17,10,17,3,13,11,10,13,17
3905,8,6,19,16,1,13,4,2,17,14,6,4,5,14,11,9,2,19,5,2
3906,10,1,18,11,16,8,16,11,17,0,17,16,7,8,13,1,10,9,17,18
3907,7,11,8,10,17,19,17,7,16,14,3,1,10,7,2,15,5,15,9,15
3908,9,15,8,14,16,17,18,15,12,7,4,10,3,6,2,9,10,15,2,9
3909,16,3,5,13,15,10,5,13,0,3,10,5,10,7,14,0,18,7,8,4
3910,14,8,13,9,4,6,10,16,5,13,14,8,1,0,5,13,6,14,17,18
3911,2,6,18,17,3,8,12,0,9,15,0,0,10,17,6,12,15,3,11,3
3912,7,18,0,17,11,17,2,0,16,0,16,19,5,16,5,2,1,10,13,8
3913,18,6,6,1,13,16,10,7,6,19,8,1,18,7,1,5,19,19,1,19
3914,0,0,15,7,15,3,11,5,11,5,4,9,2,19,0,6,4,12,13,14
3915,4,10,14,13,7,1,7,2,18,3,10,10,6,0,11,3,6,8,12,13
3916,4,12,19,11,13,2,17,6,13,10,12,19,16,5,11,3,2,11,9,12
3917,7,3,3,19,15,14,5,6,2,7,4,7,12,13,7,14,0,16,3,1
3918,2,9,5,12,1,8,8,19,13,3,4,2,12,13,11,2,5,3,5,15
3919,15,14,17,0,7,14,16,18,7,10,18,4,9,6,18,6,1,14,12,10
3920,8,8,3,17,17,5,16,1,7,18,3,13,3,16,0,3,3,3,4,19
3921,15,11,8,10,16,1,9,9,12,5,15,13,6,1,10,1,4,9,9,9
3922,17,3,5,6,17,16,12,18,9,0,19,10,13,3,5,3,2,13,19,5
3923,1,15,8,15,14,18,0,6,7,8,16,5,2,18,17,2,7,14,7,8
3924,16,7,4,4,4,13,5,14,5,3,18,3,2,0,1,5,11,0,16,19
3925,3,3,4,11,2,11,17,4,9,8,16,18,18,3,7,10,3,17,8,5
3926,16,8,0,17,1,7,2,15,2,0,1,0,16,13,15,6,9,12,10,7
3927,15,0,10,6,3,9,19,18,19,2,3,12,17,6,0,6,3,3,16,14
3928,14,16,4,3,8,9,6,14,10,17,15,1,19,5,15,8,13,14,6,8
3929,3,10,4,7,1,17,2,9,8,14,8,9,10,9,15,6,10,18,11,19
3930,9,15,14,11,10,16,18,1,13,9,3,15,11,18,16,15,17,2,6,3
3931,7,5,4,2,11,9,7,14,7,1,6,18,5,15,6,14,18,19,3,16
3932,0,18,16,5,11,1,14,0,17,2,14,0,8,14,6,13,4,13,1,12
3933,9,2,5,16,13,0,15,3,14,8,13,0,2,14,5,3,13,14,18,18
3934,10,5,12,4,14,8,9,18,9,10,8,13,13,8,16,19,16,5,16,19
3935,16,18,4,8,15,19,17,2,7,13,13,5,1,16,12,6,18,10,8,5
3936,8,13,14,19,16,7,11,18,14,13,6,19,11,18,9,4,16,17,16,3
3937,14,12,8,0,15,9,13,9,13,19,19,9,16,10,9,0,17,1,1,10
3938,5,6,9,5,2,15,10,18,7,11,2,14,6,10,17,18,4,19,5,14
3939,11,19,12,16,13,6,14,7,7,15,16,0,19,9,12,13,17,2,13,7
3940,5,16,19,0,9,12,7,14,6,13,11,16,18,16,1,0,13,7,15,12
3941,12,17,16,17,2,4,0,16,1,4,10,6,4,13,0,14,1,4,0,11
3942,9,12,8,0,13,10,7,17,18,18,0,7,2,4,18,15,19,18,6,4
3943,10,8,19,15,7,7,1,4,0,7,6,10,1,11,0,5,11,11,5,10
3944,0,11,4,0,11,9,19,8,4,19,7,17,6,17,17,15,16,10,4,5
3945,17,5,0,15,9,7,1,8,14,19,3,3,5,6,5,11,2,7,13,16
3946,8,11,1,4,4,1,5,7,9,6,7,10,13,5,6,11,2,11,3,7
3947,6,14,3,7,0,15,0,12,6,4,11,14,1,4,13,9,15,3,12,6
3948,13,14,16,2,18,14,2,2,5,17,16,19,7,14,13,15,7,0,5,0
3949,3,18,3,0,0,0,17,13,1,18,4,1,15,8,18,0,14,7,0,10
3950,0,3,19,19,7,10,16,4,17,14,16,17,10,1,10,14,8,15,14,2
3951,11,8,18,7,5,13,7,16,15,19,4,1,0,13,19,18,16,8,19,14
3952,11,7,8,3,0,13,12,4,13,15,10,1,5,8,3,12,11,7,0,2
3953,15,11,18,7,4,8,18,14,10,3,15,6,3,18,8,5,3,7,9,17
3954,19,6,16,10,3,13,8,12,4,14,14,17,5,15,18,5,2,6,12,13
3955,15,13,18,5,5,17,18,10,6,17,17,5,8,16,8,18,13,13,13,17
3956,4,5,5,13,4,7,3,16,15,14,3,15,19,3,17,13,16,2,13,6
3957,6,14,10,14,5,11,0,1,8,15,19,9,18,10,11,8,1,0,3,0
3958,14,5,16,18,11,7,8,3,12,5,18,10,16,3,11,6,12,2,3,2
3959,18,1,16,7,6,8,13,6,1,16,2,13,7,6,16,6,7,12,10,1
3960,3,17,6,1,3,2,13,19,14,7,11,12,4,13,0,17,0,19,2,8
3961,8,13,18,6,0,3,11,17,18,16,16,7,1,7,9,14,16,9,3,5
3962,16,18,1,5,19,11,17,3,18,13,0,11,16,2,6,4,11,0,13,18
3963,15,11,11,4,5,16,3,3,8,8,2,4,18,2,14,16,0,11,14,2
3964,1,3,2,7,18,17,7,11,2,13,15,6,1,14,8,7,13,15,17,16
3965,5,17,4,16,12,16,10,19,9,4,17,10,15,15,16,18,12,4,19,19
3966,0,8,7,17,12,8,0,19,9,15,7,18,12,11,1,18,17,3,5,15
3967,2,15,17,1,12,16,19,12,19,15,11,4,3,18,12,16,5,8,8,11
3968,4,14,8,19,14,15,18,5,2,13,2,11,13,1,0,4,11,12,9,13
3969,12,5,0,11,3,1,4,11,18,5,19,11,7,14,1,7,7,1,10,18
3970,7,13,7,8,6,15,11,7,15,6,5,2,9,1,19,14,12,17,2,7
3971,12,1,6,18,14,17,5,11,7,15,15,10,15,11,10,10,0,18,12,15
3972,6,10,14,8,2,1,13,1,11,12,19,2,15,12,10,5,15,6,5,12
3973,5,10,0,5,5,6,16,8,8,11,11,6,0,1,18,10,0,19,15,19
3974,8,10,14,13,3,12,14,3,6,0,14,13,2,9,11,9,19,4,9,12
3975,8,12,15,1,12,13,4,11,3,18,12,18,19,8,2,12,8,8,1,1
3976,6,4,11,6,16,0,10,5,15,6,9,4,5,3,19,8,19,8,15,1
3977,16,18,11,12,7,19,10,19,13,17,18,1,0,14,5,11,2,0,9,6
3978,5,13,0,9,19,13,19,7,3,5,19,9,5,12,3,9,7,0,16,10
3979,10,15,9,10,6,3,5,17,19,8,3,12,14,14,2,7,14,14,18,19
3980,4,12,8,8,3,14,5,0,17,18,14,9,0,18,17,4,14,12,17,15
3981,6,19,1,2,15,1,12,16,13,0,9,6,2,12,16,18,17,6,4,14
3982,4,4,9,6,18,10,10,13,14,0,2,17,4,14,7,1,13,19,11,17
3983,14,8,8,18,3,18,16,14,10,17,5,12,18,3,11,17,18,1,18,5
3984,1,2,4,17,13,2,15,6,10,8,10,14,13,13,6,11,12,14,18,7
3985,10,2,10,2,5,3,6,11,10,4,2,2,9,14,5,17,4,13,17,1
3986,5,14,12,13,15,0,13,10,17,2,2,17,13,7,12,17,16,13,7,4
3987,0,6,19,6,14,19,18,16,12,6,12,19,3,4,5,13,16,15,11,15
3988,4,4,19,11,3,6,18,16,10,5,13,16,15,11,11,2,17,16,16,7
3989,7,4,16,0,17,10,9,16,9,10,19,2,14,1,9,4,13,5,12,0
3990,9,7,16,15,19,19,14,9,9,13,9,5,8,8,3,17,14,2,16,9
3991,13,1,8,2,2,10,1,17,17,15,13,11,5,13,1,1,19,12,6,14
3992,3,13,9,14,18,2,11,0,5,1,7,12,5,11,15,8,0,9,16,7
3993,15,13,8,6,5,9,18,18,3,0,7,4,14,16,4,18,0,12,2,6
3994,17,6,15,2,13,7,14,16,7,2,5,19,6,3,8,10,18,19,12,8
3995,11,10,14,1,6,7,6,9,12,1,11,2,19,11,17,19,14,13,12,19
3996,7,1,5,9,2,16,1,17,1,18,0,5,9,4,13,16,18,17,18,3
3997,2,9,3,3,0,13,19,17,14,11,14,14,18,4,1,16,10,1,16,5
3998,2,15,18,8,10,8,13,18,13,5,16,8,0,8,11,15,17,2,6,16
3999,14,4,17,12,12,18,3,15,16,4,2,9,6,9,16,0,6,19,4,8
